:100000000C9496340C94C7340C94C7340C94C734B5
:100010000C94C7340C94C7340C94C7340C94C73474
:100020000C94C7340C94C7340C94C7340C94C73464
:100030000C94B8570C94C7340C9448E70C9492E491
:100040000C94C7340C942EED0C94C7340C94C73424
:100050000C94C7340C94C7340C94C7340C9465507A
:100060000C94C7340C9446420C94C7340C94C73497
:100070000C94C7340C9478600C94C7340C94C73437
:100080000C9496E90C94C7340C94C7340C94C73480
:100090000C9402420C94C7340C94C7340C94C734AB
:1000A0000C94C7340C94C7340C9411E20C94C734EC
:1000B0000C94C7340C94F3E10C94C7340C94C734FB
:1000C0000C94C7340C94C7340C94C7340C94B3E12B
:1000D0000C94C7340C94C7340C94C7340C94C734B4
:1000E0000C94C734084AD73B3BCE016E84BCBFFD9D
:1000F000C12F3D6C74319ABD56833DDA3D00C77FF8
:1001000011BED9E4BB4C3E916BAAAABE0000008090
:100110003F05A84CCDB2D44EB93836A9020C50B91F
:10012000918688083CA6AAAA2ABE000000803F0744
:10013000634236B79BD8A71A39685618AEBAAB5582
:100140008C1D3CB7CC5763BD6DEDFD753EF6177247
:1001500031BF000000803F08000000BE9224491219
:100160003EABAAAA2ABECDCCCC4C3E00000080BE3D
:10017000ABAAAAAA3E00000000BF000000803F001A
:1001800000000000084178D3BB4387D1133D190E0E
:100190003CC3BD4282AD2B3E68EC8276BED98FE176
:1001A000A93E4C80EFFFBE01C4FF7F3F000000006E
:1001B00000000C94F1D50C9427950C941A930C9490
:1001C000DFD50C94139A0C94579C0C940B930C94BD
:1001D000C6AE0C94F4D50C94FFA80C94DCD50C940A
:1001E00011A90C943BD50C9404D60C94E8D50C942E
:1001F000CBAE0C94E7DE0C94189A0C943AAF0C94A6
:1002000057A90C94C1A30C9484500C94DF9A0C94BD
:10021000ABD50C94469E0C94B4BF0C940C990C94E2
:10022000B8A90C94F9500C9408B60C94E2D50D942E
:1002300093790C94649A0C94A6B50C947ED50C9486
:100240004CA90C9432A00C9415D30D94BD730C944E
:100250000BB60D94AF790C940E9A0C94C6C20C9404
:1002600003A30C94B6D90C949E500C9436950C9420
:100270002A930C94BCC50C94DCC20C94BEAE0C94B6
:1002800034C30C94AED50C944E930C9403DA0C94B6
:100290002E930C94AFB50C9426E40C9460A80D94A6
:1002A0004D790C94E9AE0C9458AF0C9481960C9453
:1002B000E69A0C94B7500C9444AF0C94D6980C94D6
:1002C0006BA90C946AD40C946BC40C9401A60C9486
:1002D000309A0C948BC50C94B2C50C941D9A0C9456
:1002E00098AB0C94E3AC0C9465960C9419D30C94D5
:1002F00068E40C940DAF0D94C4790C940CD60C9456
:10030000CF940C94DFAE0C94E0940C9480B20C94D7
:1003100045930C941CD60C94C1950C94909C0C9411
:1003200016D00C9423B60C9434D60C94E3E30C94BE
:10033000A9500C9486AB0D9485170C94169D0C94C3
:1003400048D50C9405930C9400C60C94C1BD0C9434
:100350000BA90C9459C50C9427C50C94ABD20C94E2
:10036000A3C50C943CD60C9459B40D94D8400C946D
:100370009F950C94D5AE0D943E730C941AB60C94C4
:100380007DAB0C9414D60C94EED50C9497960C94EB
:10039000BFD10C9412A80C94DAC50C943C930C9425
:1003A00059E40C942CD60C94A79F0C9444D60C942E
:1003B0004EAF0C9447530C94ABB30C9403AF0C9416
:1003C00026AF0C944E500C9430AF0C94EBD50C949B
:1003D00082B90D94AE0F0C9416D50C948FAB0C947F
:1003E000F9AE0C94D0E30C94EBD90C941FB20C949E
:1003F00091A80C94D6500C9417930D94BF790C943B
:1004000024930C944D950D947C110C949E960C9411
:10041000D4950C9438A20C9479A70C942B9F0C942F
:10042000BA960C9442950C9454D20C9452D10C94DC
:1004300011B60C94FFA90C9495AC0C94279A0C94CB
:10044000C3D10C940CA70C94A79E0C9408A80C94F0
:1004500028D90C94EE9E0C9457930C94FED40D94D2
:100460007E130C94CD500C941BBA0C9461950D9492
:10047000B6730C944A930C9446BA0C9417AF0C9430
:10048000EC9A0D9457730C94C1B50C9451C50C940F
:1004900047C50C9468B90C940F930C9440A90C9424
:1004A000A5D90C9432930C9494B90C9413930C9496
:1004B0006B950C94F1AE0C943DA80C9440930D9464
:1004C000B2790D94B9730C9405A90C94F0C50C94F1
:1004D00045D50C9457950C942EA90C94229A0C9403
:1004E00081E40C9456A20C94FFB50C940B510C941F
:1004F00052930C94B8C50C94AA950C9473D30C9495
:10050000BDA90C949D990C9462A40C948B950C94A9
:100510008E9F0C94D5940C94259F0C94B3420C940C
:100520000EB60C944CD60C94E0950C94D19A0C9485
:10053000779E0D94B6790C9468A90C94BA980C9493
:1005400038930C94E4940C941CD00D9499730C94EF
:10055000FCD50C9495950C9475950C94E5D50C945C
:10056000F1950C942C9A0C9420930C9424D60C9412
:10057000D89A0C9446930C942C520C943ED50C941F
:10058000A8D50C9481950C94CA9A0C941B950C9444
:1005900066A90C942C980C94099A0C94BCA36E61D7
:1005A0006E00696E660000407A10F35A00A0724E29
:1005B00018090010A5D4E80000E87648170000E408
:1005C0000B54020000CA9A3B000000E1F505000050
:1005D00080969800000040420F000000A0860100B5
:1005E0000000102700000000E80300000000640085
:1005F000000000000A0000000000010000000000F0
:100600002C76D888DC674F0823DFC1DFAE59E1B113
:10061000B796E5E3E453C63AE651997696E8E6C222
:100620008426EB898C9B62ED407C6FFCEFBC9C9F29
:1006300040F2BAA56FA5F490055A2AF75C936B6C4B
:10064000F9676DC11BFCE0E40D47FEF520E6B5003F
:10065000D0ED902E0300943577050080841E0800AD
:1006600000204E0A000000C80C333333330F986E5D
:1006700012831141EF8D2114893BE65516CFFEE61A
:10068000DB18D1844B381BF77C1D901DA4BBE424E0
:10069000203284725E228100C9F124ECA1E53D275D
:1006A0002200656E717565696E67202200446F6E69
:1006B00065207072696E74696E672066696C65008A
:1006C0004E6F204C696E65204E756D6265722077A5
:1006D00069746820636865636B73756D2C204C6169
:1006E0007374204C696E653A20004E6F2043686534
:1006F000636B73756D2077697468206C696E652013
:100700006E756D6265722C204C617374204C696E3D
:10071000653A2000636865636B73756D206D69735E
:100720006D617463682C204C617374204C696E6534
:100730003A20004C696E65204E756D6265722069C5
:1007400073206E6F74204C617374204C696E652049
:100750004E756D6265722B312C204C617374204C88
:10076000696E653A2000257520627974657320777B
:1007700072697474656E20746F2025532061742033
:1007800061646472657373203078253038780A00AC
:10079000442564202D20526561642F577269746569
:1007A0002025530A0020436F756E7420583A2000AC
:1007B00045303A25642052504D2050524E313A2552
:1007C000642052504D204530403A25752050524EFD
:1007D00031403A25750A00526573656E64002553F1
:1007E0003A20256C640A25530A002F2F616374692F
:1007F0006F6E3A6E6F74696669636174696F6E20BB
:1008000025530A0046696C616D656E742072756EC1
:100810006F75742064657465637465642100646930
:100820007361626C656400656E61626C656400454D
:100830004550524F4D005352414D00442D31202D13
:1008400020456E646C657373206C6F6F700A004195
:1008500063746976652045787472756465723A20B0
:100860003000496E76616C696420657874727564D5
:100870006572004D3232302053256400534420709D
:1008800072696E74696E67206279746520002575DF
:1008900000556E6B6E6F776E20636F6D6D616E6469
:1008A0003A2022004D32303020496E76616C696406
:1008B00020657874727564657220007A5F6D617866
:1008C0003A20007A5F6D696E3A2000795F6D696E3B
:1008D0003A2000545249474745524544006F7065DD
:1008E0006E00785F6D696E3A20005265706F7274A9
:1008F000696E6720656E6473746F702073746174C1
:100900007573004D3131322063616C6C65642E204B
:10091000456D657267656E63792053746F702E0044
:100920002F2F616374696F6E3A75766C6F5F7265B5
:10093000636F766572795F72656164790025533AF9
:10094000256C7520636D0A25533A256C75206D69F9
:100950006E0A0053494C454E54004E4F524D414C87
:10096000002553204D4F44453A2050657263656E13
:100970007420646F6E653A20256868643B2070724D
:10098000696E742074696D652072656D61696E6948
:100990006E6720696E206D696E733A2025643B2076
:1009A0004368616E676520696E206D696E733A20D9
:1009B00025640A005072696E7465725374617465BF
:1009C0003A2025640A00456E642066696C65206CD7
:1009D00069737400426567696E2066696C65206C96
:1009E00069737400556E6B6E6F776E20256320639C
:1009F0006F64653A2025730A000A50494E4441202D
:100A000074656D70657261747572653A20252E315A
:100A100066205A20736869667420286D6D293A2013
:100A2000252E3366000A537465703A2025642F36EC
:100A30000A000A537465703A2025642F3620287303
:100A40006B6970706564290A50494E444120746591
:100A50006D70657261747572653A202564205A2044
:100A6000736869667420286D6D293A300A000A5A45
:100A700045524F3A20252E33660A00737461727412
:100A80002074656D70657261747572653A20252EEB
:100A900031660A0025642020252E32660025532069
:100AA000583A20252E356620593A20252E356620C5
:100AB0005A3A20252E35660A00536C6565702E2E35
:100AC0002E0045303A25642052504D0A50524E3087
:100AD0003A25642052504D0A000020455350002012
:100AE0004E535000204F464600204F4E0050563087
:100AF0003100205B4D505D2000256920686F7572C4
:100B000073202569206D696E7574657300525820D5
:100B100074696D656F7574004D333130004D31313E
:100B200032004D3131300046756C6C2052582042F5
:100B300075666665720053657474696E67732053D9
:100B4000746F7265640053746F72656420736574AA
:100B500074696E6773207265747269657665640086
:100B600048617264636F6465642044656661756C96
:100B7000742053657474696E6773204C6F6164658B
:100B80006400563200000000C8420000C842000065
:100B9000C8430000054300004843000048430000EC
:100BA00040410000F042E8030000E8030000C800F4
:100BB00000008813000000409C4400409C4400005A
:100BC000000000000000204E000000002041000056
:100BD0002041CDCCCC3E0000904000000000000041
:100BE000000000000000CDCCCC3E3D0A8141FF0852
:100BF000433EB099AB438F42FC42E65A343F4C62CD
:100C0000B0450000000000404000003442000000F9
:100C1000000000000000000041000000E03F000074
:100C20002C4300002C43000040410000F042C00370
:100C30000000C0030000C80000008813000010106E
:100C4000101000409C440000803F0000003F191439
:100C500000000020307800203078006572726F72DA
:100C60003A2000443233202D20656D657267656E31
:100C700063792073657269616C2064756D700043DF
:100C80007573746F6D004E796C6F6E5041005361D7
:100C900074696E20200054657874757200536D6F0E
:100CA0006F746800312E3000312E3500554E4B4E9A
:100CB0004F574E004C413130433A204C696E6561CC
:100CC0007220416476616E6365206D6F64653A20C1
:100CD000004C413130433A2041646A757374656455
:100CE00020452D4A65726B3A20003E0FA8AF0048A0
:100CF0000069960000DF6025555887680427F2E0F8
:100D0000005E3403CC1960F33C0EF88F00DB080260
:100D10009492003E1C079A8700E524008528527EA5
:100D200006001BE4007E781270787061F812788FEC
:100D30008841784270787061782570787061F850D9
:100D4000788F88D1F02527078761F025278F884184
:100D50002C0D27AA50D1BC0707871161BE788F8858
:100D60001141785270787061F852788F8841201262
:100D700078887063205278887063485278888743F7
:100D8000031117997064181278F870654412F8F816
:100D9000F045184278F87065182578F87065185293
:100DA00078F87065185078F870650C078F872365A0
:100DB000A20F8F8F114500120622706900120722C0
:100DC00027490025062270690025072227490012BD
:100DD0000622276C026236A2706C40456C44704C4F
:100DE00003622222706C43888888F04C7812BC8899
:100DF000806E7852BC88806E38127888706F781256
:100E00007888874F38427888706F38257888706F77
:100E10003A0079AC786F3D079AAC786F7850788853
:100E200087EF39497888706F0852BC888072985271
:100E3000F88F985220127870F073481278638753B5
:100E400020527870F0734852786387531007870FE9
:100E5000247312786387245360699A988BE2230481
:100E6000E4443074104E444324747C1288896075C5
:100E70003C5088887055782528896075794908899B
:100E800060753C12887070790C1288522259441295
:100E9000F124F07A4452F124F07A8C52F0368F5AD1
:100EA0004420F124F07A00401454CDCCCC3D0AD734
:100EB000233C17B7D13877CC2B329595E6241FB158
:100EC0004F0A000020410000C84200401C4620BCE0
:100ED000BE4CCA1B0E5AAEC59D744E414E494E467D
:100EE00000007A430000524300005243000000001B
:100EF000000080C09A99193E00000000000080C0E8
:100F00009A99193E20503A002042403A0020403A37
:100F100000202F002054303A00202F0020423A00B9
:100F2000202F00543A002553457863657373697622
:100F30006520626564206C6576656C696E67206308
:100F40006F7272656374696F6E3A202569206D69EE
:100F500063726F6E730A00536F6D652070726F62FB
:100F60006C656D20656E636F756E74657265642C5B
:100F7000205A2D6C6576656C696E6720656E666FAC
:100F800072636564202E2E2E004D657368206265A5
:100F900064206C6576656C696E67206661696C6556
:100FA000642E205072696E742063616E63656C6597
:100FB000642E0048656174696E67206469736162BC
:100FC0006C65642062792073616665747920746948
:100FD0006D65722E00472D636F646520736C6963C5
:100FE000656420666F72206120646966666572655B
:100FF0006E74206C6576656C2E20506C656173652F
:101000002072652D736C69636520746865206D6F4F
:1010100064656C20616761696E2E00472D636F64A3
:101020006520736C6963656420666F72206120645B
:101030006966666572656E74206C6576656C2E00F7
:10104000472D636F646520736C6963656420666F08
:10105000722061206E65776572206669726D7761B6
:1010600072652E20506C65617365207570646174C3
:101070006520746865206669726D776172652E00FF
:10108000472D636F646520736C6963656420666FC8
:10109000722061206E65776572206669726D776176
:1010A00072652E00472D636F646520736C696365FC
:1010B0006420666F72206120646966666572656E81
:1010C00074207072696E74657220747970652E2058
:1010D000506C656173652072652D736C6963652062
:1010E000746865206D6F64656C20616761696E2E40
:1010F00000472D636F646520736C696365642066C7
:101100006F72206120646966666572656E74207016
:1011100072696E74657220747970652E0050726504
:10112000737320746865206B6E6F6220746F20701B
:10113000726568656174206E6F7A7A6C6520616E85
:101140006420636F6E74696E75652E00506C656106
:10115000736520707265737320746865206B6E6FA1
:101160006220746F20756E6C6F61642066696C61BB
:101170006D656E7400616E642070726573732074A7
:101180006865206B6E6F6200496E736572742066CD
:10119000696C616D656E7400436F6C6F72206E6F69
:1011A0007420636F72726563740046696C616D656B
:1011B0006E74206E6F74206C6F61646564004368A8
:1011C000616E67656420636F72726563746C790029
:1011D0004C6F6164696E6720636F6C6F7200436867
:1011E000616E676520737563636573732100506C6E
:1011F00065617365206F70656E2069646C6572202F
:10120000616E642072656D6F76652066696C616DD4
:10121000656E74206D616E75616C6C792E0057611E
:10122000732066696C616D656E7420756E6C6F619C
:1012300064207375636365737366756C3F00506CEF
:101240006561736520757067726164652E004E6517
:1012500077206669726D7761726520766572736951
:101260006F6E20617661696C61626C653A005761EE
:101270006974696E6720666F722050494E44412040
:1012800070726F626520636F6F6C696E6700506C7F
:10129000656173652077616974004E6F206D6F76AC
:1012A000652E005761697420666F722075736572D0
:1012B0002E2E2E00537461626C6520616D6269652B
:1012C0006E742074656D706572617475726520321C
:1012D000312D323643206973206E65656465642064
:1012E00061207269676964207374616E6420697338
:1012F0002072657175697265642E00506C6561734A
:10130000652072756E2058595A2063616C6962724B
:101310006174696F6E2066697273742E0042656431
:10132000206C6576656C696E67206661696C6564C2
:101330002E20546F6F206D7563682076617269612D
:1013400074696F6E2066726F6D20656570726F6D67
:10135000206D65736800426564206C6576656C6914
:101360006E67206661696C65642E2053656E736FCD
:10137000722074726967676572656420746F6F208C
:10138000736F6F6E002020004D6561737572656428
:1013900020706F696E74733A005A207365617263CE
:1013A00068206865696768743A20352E3066004E9B
:1013B000756D20582C593A20372C37004D657368CD
:1013C00020626564206C6576656C696E67206E6F5F
:1013D00074206163746976652E0020453A00205AB6
:1013E0003A0020593A0020453A00205A3A00205944
:1013F0003A00583A00202D3E200053706F6F6C4A1F
:101400006F696E3A20002C2000496E616374697622
:101410006974792053687574646F776E004B494C1A
:101420004C45442E005072696E7465722068616C80
:101430007465642E206B696C6C28292063616C6C68
:10144000656421005A206C6976652061646A757351
:1014500074206F7574206F662072616E67652E2030
:1014600053657474696E6720746F20302E20436C4E
:1014700069636B20746F20636F6E74696E75652E7F
:10148000005A206C6976652061646A757374206FF8
:101490007574206F662072616E67652E20536574C7
:1014A00074696E6720746F20300020453A30204206
:1014B0003A00543A00627573793A20706175736529
:1014C0006420666F7220696E70757400627573793E
:1014D0003A2070617573656420666F72207573655C
:1014E0007200627573793A2070726F636573736905
:1014F0006E670073657269616C2064756D702000A1
:10150000496E76616C6964205420636F64652E00B7
:101510004475706C696361746520542D636F6465F4
:101520002069676E6F7265642E00416476616E6338
:1015300065204B3D004B206F7574206F6620616CF9
:101540006C6F7765642072616E676521004D4B3268
:101550002E35004D4B322E354D4D5532001A4FFA77
:10156000002533642F2533640025336400200A20CE
:101570000A200A20002553537461746973746963E7
:10158000733A0A255320204D37382053256C752097
:1015900054256C750A002553417263205365747499
:1015A000696E67733A20503A4D6178206C656E67BA
:1015B0007468286D6D2920533A4D696E206C656EF4
:1015C00067746820286D6D29204E3A436F727265EA
:1015D0006374696F6E7320523A4D696E207365674C
:1015E0006D656E747320463A5365676D656E7473EE
:1015F0002F7365632E0A255320204D32313420503D
:10160000252E32662053252E3266204E2564205228
:101610002564204625640A00255346696C616D6582
:101620006E742073657474696E67733A20446973CD
:1016300061626C65640A00255346696C616D656E74
:10164000742073657474696E67733A0A2553202099
:10165000204D3230302044252E32660A0025535268
:101660006574726163743A20533D4C656E677468AB
:1016700020286D6D2920463A537065656420286DD9
:101680006D2F6D29205A3A205A4C69667420286DB6
:101690006D290A25532020204D3230372053252E26
:1016A00032662046252E3266205A252E32660A25BD
:1016B000535265636F7665723A20533D4578747274
:1016C00061206C656E67746820286D6D2920463A2C
:1016D000537065656420286D6D2F6D290A25532090
:1016E00020204D3230382053252E32662046252EBC
:1016F00032660A25534175746F2D526574726163A9
:10170000743A20533D3020746F2064697361626CB9
:10171000652C203120746F20696E7465727072655B
:101720007420657874727564652D6F6E6C79206DA8
:101730006F76657320617320726574726163747370
:10174000206F72207265636F7665726965730A2512
:10175000532020204D323039205325640A00255370
:1017600050494420686561746265642073657474CF
:10177000696E67733A0A25532020204D3330342098
:1017800050252E32662049252E32662044252E32E1
:10179000660A0025535049442073657474696E6766
:1017A000733A0A25532020204D3330312050252E06
:1017B00032662049252E32662044252E32660A00E4
:1017C000255353746570732070657220756E69744B
:1017D0003A0A255320204D39322058252E326620D2
:1017E00059252E3266205A252E32662045252E3266
:1017F000660A25534D6178696D756D20666565646F
:10180000726174657320286D6D2F73293A0A255310
:1018100020204D3230332058252E32662059252E77
:101820003266205A252E32662045252E32660A253C
:10183000534D6178696D756D20616363656C657288
:101840006174696F6E20286D6D2F7332293A0A25F5
:101850005320204D3230312058256C752059256C8D
:1018600075205A256C752045256C750A25534163F2
:1018700063656C65726174696F6E3A20503D707279
:10188000696E742C20523D726574726163742C20F1
:10189000543D74726176656C0A255320204D3230B8
:1018A000342050252E32662052252E3266205425B3
:1018B0002E32660A2553416476616E636564207634
:1018C00061726961626C65733A20533D4D696E20A7
:1018D000666565647261746520286D6D2F73292CAF
:1018E00020543D4D696E2074726176656C2066658A
:1018F00065647261746520286D6D2F73292C2042F8
:101900003D6D696E696D756D207365676D656E748B
:101910002074696D6520287573292C20583D6D61F0
:1019200078696D756D205859206A65726B20286D35
:101930006D2F73292C20205A3D6D6178696D756D6E
:10194000205A206A65726B20286D6D2F73292C2018
:1019500020453D6D6178696D756D2045206A657221
:101960006B20286D6D2F73290A255320204D3230AE
:10197000352053252E32662054252E3266204225EE
:101980006C752058252E32662059252E3266205A35
:10199000252E32662045252E32660A2553486F6D66
:1019A00065206F666673657420286D6D293A0A2577
:1019B0005320204D3230362058252E3266205925AE
:1019C0002E3266205A252E32660A004361703A256F
:1019D000533A25630A0050525553415F4D4D5532DD
:1019E00000455854454E4445445F4D323000415502
:1019F000544F5245504F52545F504F534954494FE2
:101A00004E004155544F5245504F52545F46414E3F
:101A100053004155544F5245504F52545F54454D19
:101A200050000044656C6574696F6E206661696C76
:101A300065642C2046696C653A200046696C652017
:101A400064656C657465643A004E6F74205344207D
:101A50007072696E74696E67005072696E7420737B
:101A600061766564005344207072696E7420706101
:101A700075736564002533642F2533640066760032
:101A80007468780050524E0022283229006E6F2070
:101A900076616C696420636F6D6D616E64007A6558
:101AA000726F72697A656400666163746F7279201F
:101AB000726573746F72656400696E6465782C205A
:101AC00074656D702C2075737465702C20756D00B5
:101AD00050494E44412063616C2073746174757386
:101AE0003A2000503A005761697420666F722050A6
:101AF000494E4441207461726765742074656D704D
:101B0000657261747572653A0020410020500020B2
:101B10004200204C00205200205A00204E4F5420FA
:101B2000494E495449414C495A45440053686565FA
:101B3000742000205A2056414C5545204F555420C2
:101B40004F462052414E474500496E76616C6964AC
:101B50002073686565742049442E20416C6C6F7752
:101B600065643A20302E2E004155544F004C414EB2
:101B7000472053454C20464F524345440020643A89
:101B80000020693A0020703A0020643A0020693A47
:101B90000020703A00256925250A00256925250AB7
:101BA0000022283129002F2F00002045585452557B
:101BB0004445525F434F554E543A3100204D414306
:101BC00048494E455F545950453A00312E30002067
:101BD0006261736564206F6E204D61726C696E2066
:101BE0004649524D574152455F55524C3A687474BC
:101BF00070733A2F2F6769746875622E636F6D2F4B
:101C0000707275736133642F50727573612D4669FC
:101C1000726D776172652050524F544F434F4C5F45
:101C200056455253494F4E3A0066336530646664F8
:101C30003438005F0038323834002B004649524DAA
:101C4000574152455F4E414D453A50727573612D73
:101C50004669726D7761726520004D3131332053D2
:101C6000006F6B20006E2F61003F546F73686962D4
:101C70006120466C61736841697220476574495000
:101C8000206661696C65640A00000125301D0CFF47
:101C900024311C0BFF232F1B0A17FF0406222B1ACB
:101CA00003363535382569206D696E2C202569206D
:101CB00073656300496E76616C6964204D20636FC3
:101CC00064653A2025730A0050494E4441207072E1
:101CD0006F62652063616C6962726174696F6E2006
:101CE0007374617274004E6F2050494E44412074E9
:101CF0006865726D6973746F7200736574006E6FDE
:101D00007A7A6C65004D424C004652004C7A004C89
:101D1000616E6700315F37356D6D5F4D4B32352D2C
:101D200052414D426F3133612D45334476366675ED
:101D30006C6C0052657600332E31342E312D3832E2
:101D400038340046697200534E20696E76616C69C2
:101D50006400534E005245534554004D4D55524575
:101D6000530075766C6F0046414E0046414E504917
:101D70004E545354005052555341004D313034535A
:101D800030004731583130593138304634303030F6
:101D90000047315A31304631333030004D31343024
:101DA0005330004731452D302E30373546323130F3
:101DB00030004D32303453313030300047315A35F5
:101DC0004637323030004731452D312E35463231DD
:101DD000303000473930004D313037002F2F6163EC
:101DE00074696F6E3A706175736564002F2F61635B
:101DF00074696F6E3A70617573650044756D70201B
:101E0000746F2073657269616C0068656C702E7008
:101E10007275736133642E636F6D00666F72756DDA
:101E20002E707275736133642E636F6D00707275FE
:101E3000736133642E636F6D004D3730310025536D
:101E40003A0A2531382E32666D200A25533A0A2582
:101E500031306C646820253032646D202530326466
:101E6000730025533A0A2531382E32666D200A2533
:101E7000533A0A2531306C6464202530326468207E
:101E8000253032646D0025362E32666D6D00255387
:101E90000A25530A25533A0A25533A0025332E3290
:101EA000668100252D31342E3134533A0A25530AE8
:101EB000252D31342E3134533A25332E3266810AA2
:101EC000252D31342E3134533A25332E326681009C
:101ED0002020300020203100423A20253364202089
:101EE00020202058643A2536640A533A202533646A
:101EF000202020202059643A2536640046494E446B
:101F0000410050494E44410057697A61726420652E
:101F10006E642073746174653A2025640A005370FE
:101F20006F6F6C4A6F696E004669726D776172659A
:101F300000537570657250494E44410048426564D3
:101F4000206F6E206C6F616400466C61736841693C
:101F500072004572723A484F54454E442046414EF5
:101F6000204552524F52002F2F616374696F6E3AB1
:101F7000726573756D6564002F2F616374696F6E90
:101F80003A726573756D65002F2F616374696F6EAA
:101F90003A7265616479002F2F616374696F6E3ADC
:101FA0006E6F745F7265616479002F2F616374696D
:101FB0006F6E3A63616E63656C004D3834004F4B51
:101FC000004C434420737461747573206368616EC0
:101FD00067656400534420636172642072656C65B8
:101FE00061736564002F2F616374696F6E3A737457
:101FF00061727400473931004D3730320047323852
:102000002057004D3530300042616420696E7465A0
:102010007272757074005761746368646F672074BE
:10202000696D656F757400537461746963206D65C3
:102030006D6F7279206861730A6265656E206F76D4
:1020400065727772697474656E004649524D5741E6
:102050005245204352415348210A4372617368201C
:10206000726561736F6E3A0A002020506C616E6E6B
:10207000657242756666657242797465733A2000CE
:102080002046726565204D656D6F72793A2000209B
:102090007C20417574686F723A2000204C61737423
:1020A00020557064617465643A200020536F667433
:1020B000776172652052657365740020576174639F
:1020C00068646F67205265736574002042726F7791
:1020D0006E206F75742052657365740020457874A6
:1020E00065726E616C20526573657400506F776520
:1020F000725570006572726F722077726974696EC2
:102100006720746F2066696C6500446F6E6520738C
:102110006176696E672066696C652E006F6B00469C
:10212000696C616D656E740047315A302E3200471C
:1021300031583230322E3545384631343030004750
:1021400031592D3246313030300047315832343039
:1021500045323546323230300047315A302E334620
:10216000313030300047315835354538463230301F
:102170003000473158354532394631383030004724
:1021800031583535453239463130373300473932E9
:10219000453000473238004D313039004D3139304B
:1021A00000252D31352E313553252D35640A252D49
:1021B00031352E313553252D35640A00546F746145
:1021C0006C004C617374207072696E74004D4D55D3
:1021D00020706F776572206661696C73004D4D5594
:1021E000206C6F6164206661696C73004D4D5520F1
:1021F0006661696C73004D6174657269616C20631E
:1022000068616E67657300546F74616C2066616904
:102210006C757265730046696C2E2072756E6F75F1
:102220007473004C617374207072696E74206661FF
:10223000696C757265730054656D70657261747553
:102240007265730053656E736F7220696E666F00FE
:10225000457874727564657220696E666F005859AE
:102260005A2063616C2E2064657461696C73005040
:1022700072696E74657220495020416464723A003C
:10228000756E6B6E6F776E004D4D5520636F6E6E81
:10229000656374656400446174653A00746F207509
:1022A0006E6C6F61642066696C616D656E7400743C
:1022B0006F206C6F61642066696C616D656E74007F
:1022C000507265737320746865206B6E6F62005086
:1022D000726568656174696E6720746F20637574D8
:1022E0000050726568656174696E6720746F20655F
:1022F0006A6563740050726568656174696E672011
:10230000746F20756E6C6F616400507265686561F2
:1023100074696E6720746F206C6F616400436F6F27
:102320006C646F776E00456A6563740046696C6122
:102330006D656E7420657874727564696E672026A9
:10234000207769746820636F727265637420636FAD
:102350006C6F723F004175746F6C6F6164696E677A
:102360002066696C616D656E7420697320616374A9
:102370006976652C206A757374207072657373209A
:10238000746865206B6E6F6220616E6420696E7385
:102390006572742066696C616D656E742E2E2E00F8
:1023A0005072696E742074696D650046696C616D68
:1023B000656E74207573656400546F74616C207071
:1023C00072696E742074696D6500546F74616C205D
:1023D00066696C616D656E740050726568656174E4
:1023E00020746865206E6F7A7A6C652100455252C0
:1023F0004F523A005269676874004C656674005920
:102400002064697374616E63652066726F6D206D00
:10241000696E0053657665726520736B657700534E
:102420006C6967687420736B6577004D65617375BF
:1024300072656420736B6577005B303B305D2070A4
:102440006F696E74206F66667365740041646A75A7
:102450007374696E67205A005265617220736964F3
:1024600065205BE46D5D0046726F6E742073696475
:10247000655BE46D5D00526967687420736964652B
:102480005BE46D5D004C6566742073696465205B78
:10249000E46D5D005365742074656D7065726174E0
:1024A0007572653A00417265206C65667420616ED4
:1024B00064207269676874205A2D63617272696161
:1024C00067657320616C6C2075703F0043616C69B7
:1024D00062726174696E672058595A2E20526F7467
:1024E00061746520746865206B6E6F6220746F2064
:1024F0006D6F766520746865205A20636172726919
:1025000061676520757020746F2074686520656E42
:10251000642073746F70706572732E20436C6963EE
:102520006B207768656E20646F6E652E0043616C6A
:102530006962726174696E67205A2E20526F7461ED
:10254000746520746865206B6E6F6220746F206DF7
:102550006F766520746865205A20636172726961C4
:10256000676520757020746F2074686520656E64DF
:102570002073746F70706572732E20436C69636B87
:10258000207768656E20646F6E652E0050494E445A
:10259000412063616C6962726174696F6E2066616B
:1025A000696C65640050494E44412063616C696206
:1025B000726174696F6E2069732066696E697368F1
:1025C000656420616E64206163746976652E2049BC
:1025D000742063616E2062652064697361626C655A
:1025E0006420696E206D656E752053657474696E24
:1025F00067732D3E50494E44412063616C2E004567
:1026000078747275646572004D6F7665205A004D5E
:102610006F76652059004D6F7665205800536865C8
:10262000657420252E37730A5A206F6666736574A9
:102630003A20252B312E33666D6D0A2563436F6E6C
:1026400074696E75650A2563526573657400506C14
:1026500065617365206C6F61642066696C616D658E
:102660006E742066697273742E0052756E6E696E98
:10267000672057697A6172642077696C6C206465A1
:102680006C6574652063757272656E742063616C2D
:102690006962726174696F6E20726573756C7473B0
:1026A00020616E642073746172742066726F6D2095
:1026B00074686520626567696E6E696E672E00508A
:1026C000726568656174696E67206E6F7A7A6C6591
:1026D0002E20506C6561736520776169742E0050FF
:1026E0006C6561736520696E736572742066696CD0
:1026F000616D656E7420696E746F20746865206505
:10270000787472756465722C207468656E207072BE
:1027100065737320746865206B6E6F6220746F2020
:102720006C6F61642069742E00506C656173652064
:10273000696E736572742066696C616D656E742074
:10274000696E746F20746865206669727374207492
:10275000756265206F6620746865204D4D552C208C
:102760007468656E20707265737320746865206B81
:102770006E6F6220746F206C6F61642069742E002C
:102780005A2063616C6962726174696F6E20726550
:10279000636F6D6D656E6465642E2052756E206981
:1027A00074206E6F773F00546865207072696E7494
:1027B00065722077696C6C2073746172742070721A
:1027C000696E74696E672061207A69672D7A616726
:1027D000206C696E652E20526F7461746520746878
:1027E00065206B6E6F6220756E74696C20796F75F1
:1027F00020726561636820746865206F7074696D0C
:10280000616C206865696768742E20436865636B36
:102810002074686520706963747572657320696ED1
:10282000207468652068616E64626F6F6B20284356
:10283000616C6962726174696F6E20636861707443
:102840006572292E0053656C6563742074656D7024
:1028500065726174757265207768696368206D615F
:10286000746368657320796F7572206D6174657229
:1028700069616C2E0053656C656374206120666924
:102880006C616D656E7420666F7220746865204699
:1028900069727374204C617965722043616C69625E
:1028A000726174696F6E20616E642073656C65631C
:1028B0007420697420696E20746865206F6E2D73B2
:1028C000637265656E206D656E752E004E6F7720A4
:1028D000492077696C6C2063616C69627261746510
:1028E0002064697374616E636520626574776565E1
:1028F0006E20746970206F6620746865206E6F7A30
:102900007A6C6520616E642068656174626564201C
:10291000737572666163652E00506C656173652026
:10292000636865636B206F75722068616E64626FA7
:102930006F6B20616E642066697820746865207012
:10294000726F626C656D2E205468656E20726573BF
:10295000756D65207468652057697A6172642062BC
:1029600079207265626F6F74696E67207468652084
:102970007072696E7465722E00416C6C20697320F0
:10298000646F6E652E204861707079207072696E78
:1029900074696E672100596F752063616E20616CE8
:1029A0007761797320726573756D65207468652031
:1029B00057697A6172642066726F6D2043616C6939
:1029C00062726174696F6E202D3E2057697A617260
:1029D000642E00496620796F7520686176652061F4
:1029E00064646974696F6E616C20737465656C20D2
:1029F0007368656574732C2063616C6962726174BD
:102A000065207468656972207072657365747320DF
:102A1000696E2053657474696E6773202D20485762
:102A2000205365747570202D20537465656C207378
:102A300068656574732E00506C6561736520636C06
:102A400065616E206865617462656420616E6420F2
:102A50007468656E20707265737320746865206B8E
:102A60006E6F622E00446F20796F752077616E74EF
:102A700020746F20726570656174206C61737420BE
:102A80007374657020746F20726561646A75737405
:102A90002064697374616E6365206265747765652F
:102AA0006E206E6F7A7A6C6520616E642068656155
:102AB000746265643F0053656C656374206E6F7A61
:102AC0007A6C6520707265686561742074656D70DC
:102AD00065726174757265207768696368206D61DD
:102AE000746368657320796F7572206D61746572A7
:102AF00069616C2E0049732066696C616D656E7446
:102B0000206C6F616465643F004E6F7720492077C9
:102B1000696C6C2070726568656174206E6F7A7A7A
:102B20006C6520666F7220504C412E0049207769F9
:102B30006C6C2072756E207A2063616C69627261C0
:102B400074696F6E206E6F772E004E6F77207265FE
:102B50006D6F76652074686520746573742070727B
:102B6000696E742066726F6D20737465656C207376
:102B7000686565742E00506C656173652072656DC3
:102B80006F7665207368697070696E672068656C20
:102B9000706572732066697273742E0049207769BC
:102BA0006C6C2072756E2078797A2063616C696232
:102BB000726174696F6E206E6F772E204974207772
:102BC000696C6C2074616B6520757020746F2032A5
:102BD00034206D696E732E0046697273742C20491F
:102BE0002077696C6C2072756E207468652073653F
:102BF0006C667465737420746F20636865636B2002
:102C00006D6F737420636F6D6D6F6E20617373658C
:102C10006D626C792070726F626C656D732E004806
:102C2000692C204920616D20796F7572204F72697F
:102C300067696E616C205072757361206933207012
:102C400072696E7465722E20576F756C6420796F8F
:102C500075206C696B65206D6520746F20677569E0
:102C6000646520796F75207468726F756768207469
:102C700068652073657475702070726F6365737317
:102C80003F0048692C204920616D20796F757220C2
:102C90004F726967696E616C20507275736120694B
:102CA00033207072696E7465722E20492077696CCA
:102CB0006C20677569646520796F75207468726F20
:102CC00075676820612073686F727420736574750E
:102CD000702070726F636573732C20696E20776843
:102CE00069636820746865205A2D6178697320775C
:102CF000696C6C2062652063616C696272617465E5
:102D0000642E205468656E2C20796F752077696C6D
:102D10006C20626520726561647920746F20707226
:102D2000696E742E005061757365004653204163CF
:102D300074696F6E00462E206A616D20646574654B
:102D4000637400462E206175746F6C6F6164004679
:102D50002E2072756E6F7574004375747465720001
:102D60004175746F20706F776572004869676820DD
:102D7000706F776572004D6F64650046616E2073F9
:102D800070656564004265640046616E7320636827
:102D900065636B004D6F64656C004E6F7A7A6C658D
:102DA00000506C6561736520756E6C6F6164207492
:102DB00068652066696C616D656E74206669727302
:102DC000742C207468656E2072657065617420745F
:102DD00068697320616374696F6E2E004368656370
:102DE0006B73004E6F7A7A6C6520642E00416C70B4
:102DF00068616265740054696D6500536F72740098
:102E00004E6F726D616C0053442063617264004EBA
:102E10006F7A7A6C65206368616E67650048572039
:102E20005365747570004C6F6164696E67205465FA
:102E300073740044697361626C65207374657070AB
:102E4000657273004D6F7665206178697300546513
:102E50006D70657261747572650050494E44412011
:102E600063616C2E0052657365742058595A206353
:102E7000616C6962722E0053686F7720656E642002
:102E800073746F7073005049442063616C6962729F
:102E90006174696F6E00426564206C6576656C20B4
:102EA000636F7272656374004D6573682042656478
:102EB000204C6576656C696E670043616C6962726F
:102EC000617465205A0043616C69627261746520A7
:102ED00058595A0053656C66746573740057697A63
:102EE000617264004C6F616420416C6C00506C65D1
:102EF0006173652070756C6C206F75742066696CE9
:102F0000616D656E7420696D6D6564696174656C71
:102F1000790052657365740052656E616D65004697
:102F200069727374206C617965722063616C2E0024
:102F300053656C65637400537465656C20736865D4
:102F400065747300537570706F7274004661696CBC
:102F5000207374617473204D4D55004661696C2077
:102F60007374617473005374617469737469637307
:102F70000043616C6962726174696F6E00417574BF
:102F80006F4C6F61642066696C616D656E74004C96
:102F90006F61642066696C616D656E7400556E6C5E
:102FA0006F61642066696C616D656E74004C6F6161
:102FB0006420746F206E6F7A7A6C65005072656C55
:102FC0006F616420746F204D4D55004E6F20534447
:102FD0002063617264005072696E742066726F6D56
:102FE00020534400526573756D65207072696E746C
:102FF000005061757365207072696E74005365745A
:1030000020526561647900536574206E6F7420529C
:103010006561647900507265686561740054756E0D
:1030200065004C6976652061646A757374205A0086
:1030300052657072696E7400496E666F20736372B8
:1030400065656E004173736973740053696C656ED6
:1030500074004F6E6365004C6F756400536F756E3E
:10306000640046696C2E2073656E736F720043684E
:10307000616E67652066696C616D656E7400466C93
:103080006F77005370656564004E2F41004D616796
:103090006E65747320636F6D702E005A2D70726FA1
:1030A0006265206E722E004D6573680053657474FE
:1030B000696E677300596573004E6F0053746F70CB
:1030C000207072696E7400436865636B696E672077
:1030D00066696C650046696C6520696E636F6D702A
:1030E0006C6574652E008452656672657368004D68
:1030F00061696E0057616974696E6720666F72203E
:103100006E6F7A7A6C6520616E64206265642063FC
:103110006F6F6C696E670053656C667465737420BD
:103120004F4B0053656C66746573742073746172E1
:103130007400537761707065640046726F6E742F0F
:103140006C6566742066616E730041786973004136
:10315000786973206C656E677468004C6F6F736577
:103160002070756C6C657900456E6473746F7020A7
:103170006E6F742068697400456E6473746F7000BC
:103180004D6F746F7200456E6473746F7073005787
:103190006972696E67206572726F72004265642F92
:1031A000486561746572004E6F7420636F6E6E6562
:1031B00063746564004865617465722F5468657254
:1031C0006D6973746F7200506C656173652063681C
:1031D00065636B3A0053656C667465737420657241
:1031E000726F72210046696C616D656E7420736543
:1031F0006E736F72005072696E742066616E3A0071
:10320000486F74656E642066616E3A0043616C6954
:1032100062726174696E6720686F6D650053656CDA
:103220006674657374206661696C656400416C6CDA
:1032300020636F727265637400436865636B696EC7
:10324000672073656E736F727300436865636B69A3
:103250006E6720686F74656E6400436865636B69B0
:103260006E672062656400436865636B696E672002
:103270005A206178697300436865636B696E6720E3
:1032800059206178697300436865636B696E6720D4
:1032900058206178697300436865636B696E6720C5
:1032A000656E6473746F707300436172642072653D
:1032B0006D6F766564004261636B0053747269637D
:1032C00074005761726E004E6F6E6500486F7465D2
:1032D0006E64206174203238304321204E6F7A7A38
:1032E0006C65206368616E67656420616E6420743C
:1032F00069676874656E656420746F2073706563B8
:10330000733F00466F722061204E6F7A7A6C6520A1
:103310006368616E676520706C65617365207265B6
:1033200061640A70727573612E696F2F6E6F7A7A9D
:103330006C652D6D6B3373005049442063616C2EB6
:103340002066696E69736865640050494420636152
:103350006C2E005072696E74207061757365640024
:103360005072696E742061626F72746564004361AB
:103370006E63656C00436F6E742E004E6F7A7A6CCC
:1033800065206469616D657465722064696666654F
:1033900072732066726F6D2074686520472D636FAD
:1033A00064652E20506C6561736520636865636B8E
:1033B000207468652076616C756520696E20736580
:1033C0007474696E67732E004E6F7A7A6C65206430
:1033D00069616D65746572206469666665727320E3
:1033E00066726F6D2074686520472D636F64652E6B
:1033F000005468657265206973206E6F2066696C81
:10340000616D656E74206C6F616465642E00546834
:10341000657265206973207374696C6C2061206E1D
:1034200065656420746F206D616B65205A2063614F
:103430006C6962726174696F6E2E20506C65617385
:103440006520666F6C6C6F7720746865206D616EA7
:1034500075616C2C206368617074657220466972B6
:1034600073742073746570732C2073656374696F53
:103470006E2043616C6962726174696F6E20666C64
:103480006F772E005072696E7465722068617320C8
:103490006E6F74206265656E2063616C6962726133
:1034A000746564207965742E20506C6561736520A5
:1034B000666F6C6C6F7720746865206D616E7561E6
:1034C0006C2C206368617074657220466972737435
:1034D0002073746570732C2073656374696F6E203C
:1034E00043616C6962726174696F6E20666C6F779C
:1034F0002E0053656C66746573742077696C6C205C
:1035000062652072756E20746F2063616C696272EF
:103510006174652061636375726174652073656EA3
:10352000736F726C657373207265686F6D696E6717
:103530002E004F6C642073657474696E6773206627
:103540006F756E642E2044656661756C74205049F9
:10355000442C20457374657073206574632E207746
:10356000696C6C206265207365742E005761726E01
:10357000696E673A20626F7468207072696E746554
:1035800072207479706520616E64206D6F74686557
:1035900072626F6172642074797065206368616E15
:1035A0006765642E005761726E696E673A207072AB
:1035B000696E7465722074797065206368616E67E6
:1035C00065642E005761726E696E673A206D6F7484
:1035D000686572626F6172642074797065206368D7
:1035E000616E6765642E0054657374696E6720664A
:1035F000696C616D656E7400536865657400536530
:103600006C6563742066696C616D656E743A002543
:10361000530A20252D31362E313653252D33640A99
:1036200020252D31362E313653252D336400255378
:103630000A20252D31362E313653252D33640A20AC
:10364000252D31362E313653252D33640A20252D74
:1036500031362E313653252D33640025530A20256B
:103660002D31362E313653252D33640A25530A2049
:10367000252D31362E313653252D33640A00202571
:103680007325336481200A0025752E25752E257536
:103690002E25750020002000466C61736841697218
:1036A00020495020416464723A004D4D552020203D
:1036B00020202020204E2F410025642E25642E2519
:1036C00064002046573A00323032352D30382D31E3
:1036D0003900453344763666756C6C0052414D4274
:1036E0006F31336100315F37356D6D5F4D4B323572
:1036F0000020486173683A66336530646664343824
:1037000000205265706F3A73686976616D6D656807
:1037100074613232300020332E31342E312D383264
:103720003834004669726D776172653A003E004632
:103730004C4558202D20203234302F353000464C57
:103740004558202D20203234300050502020202D8C
:1037500020203235342F3130300050502020202DA1
:1037600020203235340048495053202D2020323259
:10377000302F3130300048495053202D2020323234
:10378000300041425320202D20203235352F31305A
:10379000300041425320202D202032353500504149
:1037A0002020202D20203237352F39300050412065
:1037B00020202D20203237350050564220202D2049
:1037C000203231352F37350050564220202D202011
:1037D0003231350050432020202D20203237352F24
:1037E0003130350050432020202D20203237350045
:1037F00041534120202D20203236302F31303500EA
:1038000041534120202D2020323630005045542095
:10381000202D20203233302F3835005045542020C1
:103820002D202032333000504C4120202D202032DA
:1038300031352F363000504C4120202D20203231A0
:1038400035006E6F7A7A6C65202D20203235302F4E
:1038500030006661726D2020202D20203235302FFF
:10386000383000252D31322E313253252B382E3170
:10387000660045787472756465723A002563253177
:10388000372E32666D6D00583A00593A005A3A00A8
:103890002563252D31332E313353252B352E3366B9
:1038A000002533750050494E44412063616C6962C4
:1038B000726174696F6E206661696C65642E204365
:1038C0006F6E74696E7565207769746820707265B3
:1038D0007373696E6720746865206B6E6F622E006B
:1038E00050494E44412063616C6962726174696F32
:1038F0006E20646F6E652E20436F6E74696E756501
:103900002077697468207072657373696E672074BC
:103910006865206B6E6F622E005A30005A31005974
:103920003000593100583000583100456E64207322
:10393000746F7073206469616700473830004D34DC
:1039400035004D3435205A00473736004D37303179
:103950002050300057697A61726420737461746515
:103960003A2025640A004578706572696D656E7449
:10397000616C00302E383000302E363000302E345E
:103980003000302E32350044697361626C65206608
:1039900061726D206D6F6465005265736574204DB2
:1039A0004D55004D4D55004D3434004739390044D4
:1039B000697361626C65206661726D206D6F64650C
:1039C0003F00473238205859004D20383400852EAA
:1039D0002E002533642F30002533642F30006C63B4
:1039E000645F73656C66636865636B5F6178697358
:1039F0002025642C2025640A00486F74656E6400DD
:103A0000426564005A00590058002D2D2D2D2D2D92
:103A10002D2D2D2D2D2D2D2D2D2D2D2D2D2D0053DD
:103A20007570657250494E44413A00D31DD71DA3AD
:103A30001D9C1D911D821DF81F7B1DBA1F4731590A
:103A4000252E346645252E34660047315A252E3200
:103A50006600473158353059313535008D21D31D39
:103A6000B461C61DBC1DB21D473158252E346645B4
:103A7000252E34660047314631303830007F2172C0
:103A800021652159218D214A213F212F21282154AF
:103A900025640047315A302E34004731592D3346C2
:103AA0003130303000D71D9C21972193218D214D3D
:103AB0003834205859004D313039205332383000D5
:103AC00047312058313235205A323030204631309B
:103AD000303000496E76616C69642050494420633F
:103AE000616C2E20726573756C74732E204E6F742A
:103AF0002073746F72656420746F20454550524F77
:103B00004D2E004D3330312050252E326620492570
:103B10002E32662044252E3266004D333033204548
:103B2000302053253375005243004445560042452A
:103B3000544100414C50484100000021002400271E
:103B4000002A002D003000330001010000040107AD
:103B5000010A0100002200250028002B002E003160
:103B600000340002010000050108010B01000020E3
:103B7000002300260029002C002F00320000010045
:103B800000030106010901050505050705080808E8
:103B900008020202020A0A080804040404010101DE
:103BA00001010101010303030303030303040707E6
:103BB000070C0C0C0C0C0C0C0C0202020206060684
:103BC00006060606060B0B0B0B0B0B0B0B07070A67
:103BD0000A0A0A0A0A050505040404080801021075
:103BE0002020080810204010204080020102010817
:103BF00004020101020408102040808040201008C7
:103C0000040201800402018040201008040201081F
:103C1000040201010204081020408001020408107F
:103C200020408010080408801020400440801020AC
:103C300040048000000A0B02090C0D0E0807030463
:103C40000100000000000000000000000000000073
:103C50000000000000000000000000000000001252
:103C60001110000000000000000000000000000033
:103C70000000000000000000000000000000000044
:103C8000000000000000000000332E31342E31000F
:103C90000A204F726967696E616C2050727573619A
:103CA0002069330A20202050727573612052657399
:103CB00065617263680A2532302E323053005370CA
:103CC0006F6F6C4A6F696E20697320006164635F77
:103CD000696E697400200A200A200A2000416C6C79
:103CE0002044617461005365727669636520707267
:103CF0006570005368697070696E672070726570D6
:103D00000053746174697374696373004C616E6706
:103D1000756167650045524153494E4720616C6C9F
:103D2000206461746100466163746F72792052454A
:103D300053455400505255534133444657000300F5
:103D40000E00010040000300020000000400736840
:103D50006976616D6D65687461323230003230327F
:103D6000352D30382D31392030323A35323A35312F
:103D70000020332E31342E312D383238345F663303
:103D800065306466643438007374617274004D3257
:103D90003900252D392E39535B00200A200A2000D6
:103DA00000004842000058419A998D4133335340F6
:103DB0004D4D55323A00556E657870656374656493
:103DC000206572726F72206F636375727265642E04
:103DD000004D3630302046696C616D656E7420434D
:103DE00068616E67652E204C6F61642061206E658E
:103DF000772066696C616D656E74206F7220656AEC
:103E000065637420746865206F6C64206F6E652E26
:103E10000052656D6F76652074686520656A65631C
:103E20007465642066696C616D656E742066726F7E
:103E30006D207468652066726F6E74206F662074E2
:103E40006865204D4D552E0046696C616D656E7438
:103E500020646574656374656420756E657870654B
:103E6000637465646C792E20456E73757265206E7F
:103E70006F2066696C616D656E74206973206C6F6C
:103E8000616465642E20436865636B2074686520F7
:103E900073656E736F727320616E642077697269E7
:103EA0006E672E00496E7465726E616C2072756E5D
:103EB00074696D65206572726F722E20547279205C
:103EC000726573657474696E6720746865204D4D02
:103ED00055206F72207570646174696E6720746814
:103EE00065206669726D776172652E004D4D5520B3
:103EF00046572076657273696F6E20697320696E0C
:103F0000636F6D70617469626C6520776974682095
:103F10007072696E7465722046572E5570646174B4
:103F20006520746F2076657273696F6E20332E3052
:103F30002E332E004D4D55204669726D77617265A6
:103F400020696E7465726E616C206572726F722C7E
:103F500020706C6561736520726573657420746888
:103F600065204D4D552E00526571756573746564FD
:103F70002066696C616D656E7420746F6F6C20696A
:103F800073206E6F7420617661696C61626C65206C
:103F90006F6E2074686973206861726477617265FE
:103FA0002E20436865636B2074686520472D636F1E
:103FB000646520666F7220746F6F6C20696E646533
:103FC00078206F7574206F662072616E6765202897
:103FD00054302D5434292E0043616E6E6F7420705E
:103FE0006572666F726D2074686520616374696FB5
:103FF0006E2C2066696C616D656E7420697320613A
:104000006C7265616479206C6F616465642E205503
:104010006E6C6F61642069742066697273742E001F
:104020004D4D55206E6F7420726573706F6E6469AC
:104030006E6720636F72726563746C792E204368BB
:1040400065636B2074686520776972696E672061AB
:104050006E6420636F6E6E6563746F72732E004DB5
:104060004D55206E6F7420726573706F6E64696E4B
:10407000672E20436865636B2074686520776972DA
:10408000696E6720616E6420636F6E6E6563746F26
:1040900072732E004D6F72652064657461696C7374
:1040A000206F6E6C696E652E005468652049646CE3
:1040B00065722063616E6E6F7420686F6D6520702D
:1040C000726F7065726C792E20436865636B206631
:1040D0006F7220616E797468696E6720626C6F63BD
:1040E0006B696E6720697473206D6F76656D656EA0
:1040F000742E0043616E2774206D6F7665205365C2
:104100006C6563746F72206F722049646C65722EE7
:10411000005468652053656C6563746F7220636139
:104120006E6E6F7420686F6D652070726F7065724F
:104130006C792E20436865636B20666F7220616E18
:10414000797468696E6720626C6F636B696E672053
:10415000697473206D6F76656D656E742E004C6F9B
:104160006164696E6720746F206578747275646528
:1041700072206661696C65642E20496E7370656398
:1041800074207468652066696C616D656E74207456
:1041900069702073686170652E20526566696E656E
:1041A000207468652073656E736F722063616C693B
:1041B00062726174696F6E2C206966206E65656439
:1041C00065642E0053656C6563746F722063616E65
:1041D0002774206D6F76652064756520746F2046A6
:1041E000494E444120646574656374696E6720615B
:1041F0002066696C616D656E742E204D616B652063
:1042000073757265206E6F2066696C616D656E7482
:1042100020697320696E2053656C6563746F72202A
:10422000616E642046494E444120776F726B732063
:1042300070726F7065726C792E0046696C616D6585
:104240006E742073656E736F722074726967676530
:1042500072656420746F6F206561726C7920776875
:10426000696C65206C6F6164696E6720746F20658E
:10427000787472756465722E20436865636B207470
:10428000686572652069736E277420616E79746841
:10429000696E6720737475636B20696E2050544695
:1042A0004520747562652E20436865636B207468D1
:1042B00061742073656E736F722072656164732020
:1042C00070726F7065726C792E0050756C6C6579C8
:1042D000206D6F746F72207374616C6C65642E2036
:1042E000456E73757265207468652070756C6C65B9
:1042F000792063616E206D6F766520616E64206346
:104300006865636B2074686520776972696E672ED3
:104310000046696C616D656E742073656E736F72B3
:10432000206469646E277420737769746368206FF2
:104330006666207768696C6520756E6C6F6164696C
:104340006E672066696C616D656E742E20456E73B4
:104350007572652066696C616D656E742063616E4F
:10436000206D6F766520616E6420746865207365CA
:104370006E736F7220776F726B732E0046696C617B
:104380006D656E742073656E736F72206469646E00
:1043900027742074726967676572207768696C6535
:1043A000206C6F6164696E67207468652066696C53
:1043B000616D656E742E20456E737572652074682C
:1043C000652073656E736F722069732063616C6919
:1043D00062726174656420616E6420746865206631
:1043E000696C616D656E74207265616368656420D7
:1043F00069742E0046494E4441206469646E2774F6
:1044000020737769746368206F6666207768696CCB
:104410006520756E6C6F6164696E672066696C619A
:104420006D656E742E2054727920756E6C6F6164A8
:10443000696E67206D616E75616C6C792E20456EBA
:10444000737572652066696C616D656E7420636159
:104450006E206D6F766520616E642046494E444142
:1044600020776F726B732E0046494E444120646979
:10447000646E277420747269676765722077686953
:104480006C65206C6F6164696E6720746865206676
:10449000696C616D656E742E20456E737572652052
:1044A0007468652066696C616D656E742063616E09
:1044B000206D6F766520616E642046494E44412030
:1044C000776F726B732E0044697361626C65005381
:1044D000746F70004C6F616400556E6C6F616400A6
:1044E00052657365744D4D55005265747279004282
:1044F0006564206C6576656C696E67206661696CC1
:1045000065642E2053656E736F72206469646E2734
:104510007420747269676765722E204465627269DF
:1045200073206F6E206E6F7A7A6C653F20576169D9
:1045300074696E6720666F722072657365742E00F1
:1045400053656E736974697669747900446F6E653A
:1045500000526573756D696E67207072696E7400C4
:1045600050494E44412048656174696E670043615B
:104570006C6962726174696F6E20646F6E6500436E
:10458000616C6962726174696E67205A0042656489
:1045900020646F6E65004265642048656174696ED1
:1045A000670048656174696E6720646F6E652E00F0
:1045B00048656174696E67004D494E54454D502001
:1045C000424544206669786564004D494E54454D26
:1045D0005020484F54454E44206669786564002554
:1045E0002E313053200025346400457872656D65A6
:1045F000207370616E206F6620746865205A207683
:10460000616C756573210025642F3900312F3900E5
:10461000880020746F6F206C6F6E672065787472ED
:104620007573696F6E2070726576656E746564006F
:1046300020636F6C6420657874727573696F6E2087
:1046400070726576656E746564004D6F7665206185
:10465000626F72746564004572723A5052494E54EA
:104660002046414E204552524F5200256325336467
:104670002F256481005A25362E32662563005A2084
:1046800020202D2D2D2000862533642525002D2D5D
:104690002D252500253364252500205344002020A6
:1046A000200020484F002046524D2000872D2D3AF3
:1046B0002D2D202000872533756820256325630074
:1046C00087253032753A2530327525632563004DD4
:1046D0004D55323A002533640018010419020A6866
:1046E00044F4437C431143CA423A42C4415E4111FF
:1046F00041F340A940F34094409440944094409446
:104700004094409440944094409440944094409409
:1047100040944094409440944094409440944094F9
:104720004094405F402040D83F673F343FEC3EA478
:104730003E483E113ED13DB63D010101010101015E
:1047400002710171013232320303030303030303D5
:1047500003030303030303030303039393243803B3
:104760009303010256036500660067006800690054
:104770006A006B006C00730074007D007E00C9004D
:10478000D300DD00CA00D400DE002D013701410155
:104790002E01380142012F013901430130013A0154
:1047A000440131013B014501320191019201F501C2
:1047B000F601F701F801F901FA01FB01FC0184039C
:1047C000E9444C45E044D944D44426231D30CF4429
:1047D000C744252E3230530A70727573612E696F8B
:1047E0002F3034256875007B5B4552523A00332EDA
:1047F00031342E31005D5B4657523A005D5B5449BF
:104800004D3A005D5B464E4D3A005D5B46454D3A84
:10481000005D5B5043443A005B5446553A005B50A0
:10482000524E3A005B50464E3A305D005B4449417F
:104830003A005D5B4154423A005D5B4154303A00BE
:104840005D5B5354423A005B5354303A007B5B50FB
:10485000524E3A355D007B5B50524E3A305D007BE4
:104860005B50524E3A395D007B5B50524E3A385D98
:10487000007B5B5245533A305D5B46494C3A007BC6
:104880005B5245533A315D5B46494C3A000000218A
:1048900010422063308440A550C660E7700881292B
:1048A000914AA16BB18CC1ADD1CEE1EFF1311210C3
:1048B0000273325222B5529442F772D6623993187B
:1048C000837BB35AA3BDD39CC3FFF3DEE3622443CF
:1048D0003420040114E664C774A44485546AA54BCB
:1048E000B528850995EEE5CFF5ACC58DD553367263
:1048F0002611163006D776F6669556B4465BB77A1B
:10490000A719973887DFF7FEE79DD7BCC7C448E5EE
:10491000588668A7784008611802282338CCC9ED6A
:10492000D98EE9AFF9488969990AA92BB9F55AD402
:104930004AB77A966A711A500A333A122AFDDBDCBA
:10494000CBBFFB9EEB799B588B3BBB1AABA66C870E
:104950007CE44CC55C222C033C600C411CAEED8F0A
:10496000FDECCDCDDD2AAD0BBD688D499D977EB6A2
:104970006ED55EF44E133E322E511E700E9FFFBE5A
:10498000EFDDDFFCCF1BBF3AAF599F788F8891A92D
:1049900081CAB1EBA10CD12DC14EF16FE18010A104
:1049A00000C230E3200450254046706760B9839808
:1049B00093FBA3DAB33DC31CD37FE35EF3B1029054
:1049C00012F322D2323542145277625672EAB5CBD4
:1049D000A5A89589856EF54FE52CD50DC5E234C3A4
:1049E00024A01481046674476424540544DBA7FAA8
:1049F000B79987B8975FE77EF71DC73CD7D326F2F4
:104A0000369106B01657667676154634564CD96DF3
:104A1000C90EF92FE9C899E9898AB9ABA944586543
:104A20004806782768C018E1088238A3287DCB5C47
:104A3000DB3FEB1EFBF98BD89BBBAB9ABB754A5493
:104A40005A376A167AF10AD01AB32A923A2EFD0F13
:104A5000ED6CDD4DCDAABD8BADE89DC98D267C07E3
:104A60006C645C454CA23C832CE01CC10C1FEF3EE7
:104A7000FF5DCF7CDF9BAFBABFD98FF89F176E3633
:104A80007E554E745E932EB23ED10EF01E7C3C3E9F
:104A90003F2F2A225C0024F4D43050C38E20C2A2BF
:104AA0004017828B7011127A910D816CD90AA8611E
:104AB000E108C7586607615143061E4B5D05C145B5
:104AC000A7041A411104093D980371393103403696
:104AD000DB0265339102D4305402802E1D02632C18
:104AE000EE01752AC501B028A001102781018F258C
:104AF00064012B244B01E0223401AC211F018D20E5
:104B00000D01801FFC00841EED00971DDF00B81C06
:104B1000D200E61BC600201BBC00641AB200B2190A
:104B2000A8000A19A0006A189900D117910040172F
:104B30008B00B516840031167E00B31579003A1546
:104B40007300C7146F0058146A00EE1366008813D0
:104B5000630025135E00C7125B006C12570015122C
:104B60005400C111510070114F0021114B00D6109B
:104B700049008D1047004610440002104200C00F4B
:104B80004000800F3E00420F3C00060F3B00CB0E62
:104B90003800930E37005C0E3500270E3400F30DFD
:104BA0003200C10D3100900D3000600D2E00320D2D
:104BB0002D00050D2C00D90C2B00AE0C2900850C06
:104BC00029005C0C2700350C27000E0C2600E80B92
:104BD0002400C40B2400A00B23007D0B23005A0BE0
:104BE0002100390B2100180B2000F80A1F00D90AF8
:104BF0001E00BB0A1E009D0A1D00800A1D00630ADC
:104C00001C00470A1B002C0A1B00110A1A00F70996
:104C10001A00DD091900C4091900AB09190092092D
:104C200017007B091800630917004C0916003609A4
:104C30001600200916000A091500F5081500E008FD
:104C40001400CC081400B8081400A408140090083C
:104C500013007D0812006B08130058081200460864
:104C60001200340811002308110012081100010875
:104C70001100F0071000E0071000D0071000C00777
:104C80001000B0070F00A107100091070E00830766
:104C90000F0074070F0065070E0057070E00490745
:104CA0000E003B070D002E070E0020070D00130716
:104CB0000D0006070D00F9060C00ED060D00E006DC
:104CC0000C00D4060C00C8060C00BC060C00B00694
:104CD0000C00A4060B0099060C008D060B00820642
:104CE0000B0077060B006C060B0061060A005706E6
:104CF0000B004C060A0042060A0038060A002E067F
:104D00000A0024060A001A060A001006090007060F
:104D10000A00FD050900F4050900EB050900E2059C
:104D20000900D9050900D0050900C7050900BE051D
:104D30000900B5050800AD050800A50509009C059A
:104D40000800940508008C050800840508007C050F
:104D50000800740508006C050700650508005D057E
:104D60000700560508004E050700470507004005E7
:104D7000080038050700310507002A05070023054C
:104D800007001C050600160507000F0507000805AB
:104D9000060002050700FB040600F5040700EE0408
:104DA0000600E8040600E2040700DB040600D50460
:104DB0000600CF040600C9040600C3040600BD04B3
:104DC0000600B7040600B1040500AC040600A60402
:104DD0000600A00405009B0406009504050090044D
:104DE00006008A04050085040500800406007A0494
:104DF000050075040500700405006B0405006604D9
:104E00000500610405005C04050057040500520418
:104E100005004D04050048040500430405003E0458
:104E200004003A04050035040500300404002C0495
:104E3000050027040400230405001E0404001A04CE
:104E4000040016040500110404000D040400090404
:104E500005000404040000040400FC030400F8033B
:104E60000400F4030400F0030400EC030400E8036E
:104E70000400E4030400E0030400DC030400D8039E
:104E80000400D4030400D0030400CC030400C803CE
:104E90000300C503030024F404D9201BC40C5C0EDA
:104EA0009804C4095F0265077101F405F900FB0469
:104EB000B30048048700C103690058035500030389
:104EC0004500BE023A008402310053022A00290242
:104ED000250004022000E4011C00C8011900AF01F4
:104EE0001700980114008401130071011000610182
:104EF000100051010E0043010D0036010B002B0183
:104F00000B0020010B00150109000C010900030131
:104F10000800FB000800F3000800EB000700E400B5
:104F20000600DE000600D8000600D2000600CC0015
:104F30000500C7000500C2000500BD000400B9005F
:104F40000400B5000400B1000400AD000400A90095
:104F50000400A5000300A20003009F0004009B00C2
:104F600003009800030095000200930003009000E6
:104F700003008D0002008B00030088000200860001
:104F8000020084000300810002007F0002007D0017
:104F900002007B0002007900020077000100760029
:104FA00002007400020072000100710002006F0034
:104FB00002006D0001006C0002006A00010069003F
:104FC0000200670001006600010065000100640046
:104FD00002006200010061000100600001005F004A
:104FE00002005D0001005C0001005B0001005A004E
:104FF000010059000100580001005700010056004F
:10500000010055000100540001005300000053004E
:1050100001005200010051000100500001004F004A
:1050200001004E0000004E0001004D0001004C0048
:1050300001004B0000004B0001004A000100490044
:105040000100480000004800010047000100460040
:10505000000046000100450000004500010044003A
:105060000100430000004300010042000000420034
:1050700001004100000041000100400001003F002C
:1050800000003F0001003E0000003E0001003D0026
:1050900000003D0001003C0000003C0000003C001E
:1050A00001003B0000003B0001003A0000003A0014
:1050B000010039000000390001003800000038000C
:1050C0000000380001003700000037000100360002
:1050D00000003600000036000100350000003500F9
:1050E00000003500010034000000340000003400EE
:1050F00001003300000033000000330001003200E3
:1051000000003200000032000100310000003100D8
:1051100000003100010030000000300000003000CD
:1051200001002F0000002F0000002F0000002F00C2
:1051300001002E0000002E0000002E0001002D00B6
:1051400000002D0000002D0000002D0001002C00AB
:1051500000002C0000002C0000002C0001002B009F
:1051600000002B0000002B0000002B0001002A0093
:1051700000002A0000002A0000002A000100290087
:10518000000029000000290000002900000029007B
:10519000010028000000280000002800000028006E
:1051A0000000280001002700000027000000270061
:1051B0000000270000002700010026000000260054
:1051C0000000260000002600000026000100250047
:1051D000000025000000250000002500000025003B
:1051E000000025000100240000002400000024002D
:1051F0000000240000002400010023000000230020
:105200000000230000002300000023000000230012
:105210000000230001002200000022000000220004
:1052200000002200000022000000220001002100F6
:1052300000002100000021000000210000002100EA
:1052400000002100000021000100200000002000DB
:1052500000002000000020000000200000002000CE
:10526000000020000000200001001F0000001F00BF
:1052700000001F0000001F0000001F0000001F00B2
:1052800000001F0001001E0000001E0000001E00A4
:1052900000001E00000045303A20005A3A20005914
:1052A0003A2000583A20004D53312C4D53322050B3
:1052B000696E7300504944204175746F74756E6552
:1052C0002066696E69736865642120507574207466
:1052D0006865206C617374204B702C204B692061D1
:1052E0006E64204B6420636F6E7374616E74732000
:1052F00066726F6D2061626F766520696E746F20D3
:10530000436F6E66696775726174696F6E2E6800AF
:10531000504944204175746F74756E6520666169EB
:105320006C6564212074696D656F75740020403A66
:1053300000543A00423A00504944204175746F7459
:10534000756E65206661696C6564212054656D70B9
:105350006572617475726520746F6F206869676823
:1053600000204B643A2000204B693A2000204B700B
:105370003A200020436C61737369632050494420D4
:10538000002054753A2000204B753A2000206D61B2
:10539000783A2000206D696E3A200020643A20009F
:1053A00020626961733A2000504944204175746F4E
:1053B00074756E65207374617274005049442041A5
:1053C00075746F74756E65206661696C65642E20F6
:1053D000426164206578747275646572206E756DC3
:1053E0006265722E00486F74656E642066616E207F
:1053F0007370656564206973206C6F7765722074C3
:1054000068616E20657870656374656400507269C8
:105410006E742066616E2073706565642069732008
:105420006C6F776572207468616E20657870656353
:10543000746564004D494E54454D5020424544002A
:105440004D494E54454D50004D415854454D500026
:105450004D415854454D50204245440070012C01A7
:1054600090012701B0012201C0011D01F0011801C6
:105470001002130130020E016002090190020401C2
:10548000C002FF000003FA004003F5008003F000B3
:10549000D003EB002004E6007004E100E004DC002F
:1054A0004005D700C005D2004006CD00D006C80098
:1054B0008007C3003008BE00F008B900C009B4007E
:1054C000B00AAF00B00BAA00D00CA500000EA000DF
:1054D000500F9B00C01096005012910000148C00D9
:1054E000C0158700B0178200B0197D00D01B78006E
:1054F000001E730040206E0090226900F0246400BA
:1055000040275F0090295A00E02B5500102E5000D4
:1055100020304B0010324600E033410090353C0013
:105520001037370070383200A0392D00B03A28000B
:10553000A03B2300603C1E00103D1900903D14006C
:10554000103E0F00703E0A00C03E0500003F000004
:1055500020484F54454E4420544845524D414C201C
:1055600052554E4157415900204845415442454407
:1055700020544845524D414C2052554E41574159B7
:1055800000544845524D414C2052554E41574159C7
:105590000042454420544845524D414C2052554EFE
:1055A000415741590020544845524D414C205255D5
:1055B0004E415741592028505245484541542048B2
:1055C0004F54454E44290020544845524D414C20EB
:1055D00052554E4157415920285052454845415453
:1055E00020484541544245442900505245484541D0
:1055F00054204552524F5200424544205052454893
:10560000454154204552524F5200207472696767D9
:1056100065726564210048656174657273207377F3
:10562000697463686564206F66662E20003A200006
:105630004572723A200000FF0102010002FFFFFEE6
:105640000001FE01FF00506C656173652072657397
:10565000746172740055534152543220727820465E
:10566000756C6C212121003A2000252D31322E311C
:105670003253252D642F36002533642F252D3364B6
:1056800000203A200025335300252D3773001000E9
:10569000C90210012C014001220170011801B00162
:1056A0000E01F00104015002FA00B002F0003003D4
:1056B000E600D003DC009004D2007005C800A0060C
:1056C000BE000008B400B009AA00D00BA000600E14
:1056D000960060118C000015820020197800C01D12
:1056E0006E00A0226400B0275A00902C50000031B8
:1056F0004600E0343C0010383200903A2800603C0C
:105700001E00A03D1400803E0A00203F00005859B2
:105710005A2063616C6962726174696F6E20616C9A
:105720006C2072696768742E20536B6577207769E7
:105730006C6C20626520636F7272656374656420AF
:105740006175746F6D61746963616C6C792E00585A
:10575000595A2063616C6962726174696F6E20616D
:105760006C6C2072696768742E20582F59206178FC
:1057700065732061726520736C696768746C792049
:10578000736B657765642E20476F6F64206A6F6264
:10579000210058595A2063616C6962726174696FA3
:1057A0006E206F6B2E20582F592061786573206111
:1057B00072652070657270656E646963756C617284
:1057C0002E20436F6E67726174756C6174696F6EC1
:1057D00073210046656564696E6720746F204653C7
:1057E000656E736F72004D6F76696E672073656CBE
:1057F0006563746F7200486F6D696E6700526574FF
:10580000726163742066726F6D2046494E44410098
:10581000456A656374696E672066696C616D656E63
:1058200074005061726B696E672073656C65637498
:105830006F720052657475726E696E672073656C65
:105840006563746F7200506572666F726D696E6722
:10585000206375740050757368696E672066696CA3
:10586000616D656E7400507265706172696E67205B
:10587000626C6164650053656C656374696E672072
:1058800066696C2E20736C6F7400556E6C6F61646A
:10589000696E672066696C616D656E740045525271
:1058A00020544D43206661696C6564004552522066
:1058B00048656C702066696C616D656E7400455258
:1058C0005220496E7465726E616C004552522057C9
:1058D00061697420666F7220557365720046696E47
:1058E000697368696E67206D6F76656D656E747338
:1058F0000041766F6964696E67206772696E640043
:1059000046656564696E6720746F206E6F7A7A6C85
:10591000650046656564696E6720746F20657874FC
:1059200072756465720046656564696E6720746FA0
:105930002046494E444100556E6C6F6164696E6744
:1059400020746F2070756C6C657900556E6C6F619A
:1059500064696E6720746F2046494E444100446973
:1059600073656E676167696E672069646C65720054
:10597000456E676167696E672069646C6572004F88
:105980004B00554E4B4E4F574E204552524F5200F2
:1059900046494C414D454E54204348414E474500F1
:1059A00046494C414D454E5420454A454354454493
:1059B00000554E4C4F4144204D414E55414C4C59A1
:1059C0000046572052554E54494D45204552524F9E
:1059D00052004D4D552046572055504441544520C6
:1059E0004E45454445440051554555452046554C86
:1059F0004C00494E56414C494420544F4F4C0046B0
:105A0000494C2E20414C5245414459204C4F414471
:105A1000454400434F4D4D554E49434154494F4E27
:105A2000204552524F52004D4D55204E4F5420525A
:105A30004553504F4E44494E47004D4D55204D4320
:105A400055204552524F52004D4D552053454C461E
:105A500054455354204641494C454400544D43203D
:105A60004452495645522053484F525445440054DD
:105A70004D4320554E444552564F4C5441474520C6
:105A800045525200544D43204452495645522052EB
:105A90004553455400544D432044524956455220E5
:105AA0004552524F5200544D43204F56455248459F
:105AB0004154204552524F52005741524E494E4791
:105AC00020544D4320544F4F20484F540049444CDC
:105AD00045522043414E4E4F54204D4F56450049AC
:105AE000444C45522043414E4E4F5420484F4D4563
:105AF0000053454C4543544F522043414E4E4F5462
:105B0000204D4F56450053454C4543544F5220437A
:105B1000414E4E4F5420484F4D45004C4F4144207C
:105B2000544F20455854522E204641494C4544007C
:105B3000494E53504543542046494E444100465334
:105B4000454E534F5220544F4F204541524C59001F
:105B500050554C4C45592043414E4E4F54204D4FCB
:105B60005645004653454E534F522046494C2E2031
:105B7000535455434B004653454E534F52204449CE
:105B8000444E542054524947472E0046494E444102
:105B90002046494C414D2E20535455434B00464915
:105BA0004E4441204449444E5420545249474745AD
:105BB00052004E6F74207370696E6E696E67005389
:105BC00070696E6E696E67004C65667420686F74EC
:105BD000656E642066616E3F0046726F6E74207061
:105BE00072696E742066616E3F0046616E20746556
:105BF00073740058595A2063616C696272617469E8
:105C00006F6E206661696C65642E205269676874E6
:105C10002066726F6E742063616C69627261746970
:105C20006F6E20706F696E74206E6F742072656184
:105C3000636861626C652E0058595A2063616C6913
:105C400062726174696F6E206661696C65642E2092
:105C500046726F6E742063616C6962726174696F01
:105C60006E20706F696E7473206E6F742072656140
:105C7000636861626C652E0058595A2063616C69D3
:105C800062726174696F6E206661696C65642E2052
:105C9000506C6561736520636F6E73756C742074EE
:105CA0006865206D616E75616C2E0058595A2063CD
:105CB000616C6962726174696F6E20636F6D70727E
:105CC0006F6D697365642E2052696768742066720F
:105CD0006F6E742063616C6962726174696F6E20AB
:105CE000706F696E74206E6F742072656163686195
:105CF000626C652E0058595A2063616C696272614A
:105D000074696F6E20636F6D70726F6D6973656417
:105D10002E2046726F6E742063616C6962726174CA
:105D2000696F6E20706F696E7473206E6F7420726D
:105D30006561636861626C652E0058595A20636121
:105D40006C6962726174696F6E206661696C65640A
:105D50002E204265642063616C6962726174696FB0
:105D60006E20706F696E7420776173206E6F74207F
:105D7000666F756E642E00506C6561736520726588
:105D80006D6F766520737465656C207368656574E6
:105D90002066726F6D20686561746265642E0050C4
:105DA0006C6561736520706C6163652073746565F3
:105DB0006C207368656574206F6E2068656174621D
:105DC00065642E00497320737465656C2073686583
:105DD0006574206F6E20686561746265643F00447D
:105DE000697374616E6365206265747765656E20A2
:105DF000746970206F6620746865206E6F7A7A6CA3
:105E00006520616E64207468652062656420737526
:105E1000726661636520686173206E6F74206265CD
:105E2000656E20736574207965742E20506C6561F1
:105E3000736520666F6C6C6F7720746865206D6188
:105E40006E75616C2C2063686170746572204669A0
:105E50007273742073746570732C20736563746936
:105E60006F6E204669727374206C6179657220636D
:105E7000616C6962726174696F6E2E00506C61634F
:105E8000652061207368656574206F66207061709D
:105E9000657220756E64657220746865206E6F7A15
:105EA0007A6C6520647572696E672074686520631A
:105EB000616C6962726174696F6E206F66206669D9
:105EC000727374203420706F696E74732E2049666B
:105ED00020746865206E6F7A7A6C652063617463E4
:105EE000686573207468652070617065722C20701D
:105EF0006F776572206F66662074686520707269BE
:105F00006E74657220696D6D6564696174656C7924
:105F10002E00536561726368696E67206265642054
:105F200063616C6962726174696F6E20706F696E13
:105F300074004D6561737572696E67207265666580
:105F400072656E636520686569676874206F662096
:105F500063616C6962726174696F6E20706F696EE3
:105F60007400506C6561736520636C65616E2074AC
:105F70006865206E6F7A7A6C6520666F7220636147
:105F80006C6962726174696F6E2E20436C69636B19
:105F9000207768656E20646F6E652E004175746FA2
:105FA00020686F6D65004375742066696C616D656E
:105FB0006E7400456A6563742066726F6D204D4D86
:105FC00055004C6F6164696E672066696C616D6530
:105FD0006E74004D4D552052657472793A205265A9
:105FE00073746F72696E672074656D706572617429
:105FF0007572652E2E2E00536F7274696E6720665F
:10600000696C657300536F6D652066696C657320FC
:1060100077696C6C206E6F7420626520736F727488
:1060200065642E204D61782E204E6F2E206F6620E5
:1060300066696C657320696E203120666F6C6465DB
:106040007220666F7220736F7274696E6720697355
:10605000203130302E0053544F505045442E004FC5
:106060006666004F6E004D656173757265642073DE
:106070006B6577733A2025662025660A00466974A9
:1060800074696E67206661696C6564203D3E2063BB
:10609000616C6962726174696F6E206661696C65BA
:1060A000642E0A0043616C6962726174696F6E20CC
:1060B000737563636573732E0A00416C6C20342022
:1060C00063616C6962726174696F6E20706F696E72
:1060D000747320666F756E642E0A00312F340031A0
:1060E0002F3400312F3900507275736120693320CD
:1060F0004D4B322E35204F4B2E005344206361729E
:1061000064206F6B006F70656E526F6F74206661F4
:10611000696C656400766F6C756D652E696E697467
:10612000206661696C656400534420696E6974205F
:106130006661696C006F70656E206661696C65648C
:106140002C2046696C653A200043616E6E6F7420A6
:10615000656E746572207375626469723A20004DD1
:10616000363030004D3234004D323320257300502C
:1061700072696E7465722073746F707065642064E8
:10618000756520746F206572726F72732E2053755F
:10619000706572766973696F6E2072657175697268
:1061A00065642E0047312045252D2E33662046326A
:1061B000373030004D3833004D656173757265209E
:1061C00063656E74657220200078797A63616C5F14
:1061D0006D6561737572655F656E7465720A0078CE
:1061E000797A63616C5F73706972616C382063786F
:1061F0003D25642063793D2564207A303D25642067
:10620000647A3D2564207261646975733D2564205C
:1062100061643D25640A0078797A63616C5F736517
:10622000617263685A206E6F207369676E616C0AD1
:1062300020783D256C6420793D256C64207A3D25CD
:106240006C640A00204F4E2D5349474E414C20614B
:106250007420783D256420793D2564207A3D2564AD
:106260002061643D25640A0078797A63616C5F730C
:1062700065617263685A20783D256C6420793D25FC
:106280006C64207A3D256C640A0025303278002049
:106290005B25662025665D206D6D207061747465D8
:1062A000726E2063656E7465720A00205B2566203D
:1062B00025665D5B25665D206D6D2064697665727F
:1062C00067656E63650A000000F000F801FC03FEDC
:1062D00007FE07FE07FE07FC03F801F000000000C0
:1062E000000000F000F801FC03FC03FC03FC03F8D1
:1062F00001F0000000000078797A63616C5F6D65E1
:1063000061737572655F6C656176650A00203C207B
:10631000005741524E494E473A2046726F6E7420E4
:10632000706F696E74206E6F74207265616368614E
:10633000626C652E205920636F6F7264696E6174A0
:10634000653A0000000040410000804000005C43CE
:106350000000804000005C430000444300004041D6
:106360000000444325642F340049746572617469E8
:106370006F6E3A200043616C6962726174696F6E7E
:10638000206661696C65642120436865636B2074D5
:106390006865206178657320616E642072756E2077
:1063A000616761696E2E0078797A63616C5F7370E2
:1063B0006972616C322063783D25642063793D25E4
:1063C00064207A303D256420647A3D256420726122
:1063D000646975733D25642061643D25640A000A83
:1063E00000436F756E74646F776E3A2025642000E9
:1063F00025640A005363616E20636F756E74646F69
:10640000776E3A20005061747465726E2063656E19
:10641000746572205B25662025665D2C206D617495
:10642000636820256625250A00205B25662C20252B
:10643000665D5B25665D2066696E616C20636972CE
:10644000636C650A000000A0400000A0400000004E
:106450004000007A43000056439AD95143FFFFFFA2
:10646000E02D903E8988B24111369C3E7777C1413C
:1064700029CBB03EEFEEDA41BA49CC3EEFEEFC411B
:1064800061C3F33EEFEE16429CA2133FCDCC3642E1
:106490008AB0113FABAA56428863DD3DABAA564293
:1064A000B8AF433F555572421826533F33B382422B
:1064B000302A593FEF6E8642000070C10000C8428A
:1064C0000000C4C10000A0410000E0C00000204165
:1064D000000060C00000C0400000A0412222F24045
:1064E0000000A0C19A99A14000000CC25555054278
:1064F000436F6F6C696E672074696D657220737489
:106500006F707065640048656174657220636F6FB9
:106510006C646F776E00436F6F6C696E67205469AF
:106520006D656F7574207374617274656400536176
:1065300076696E6720616E64207061726B696E6748
:106540000048656174657220636F6F6C646F776E6D
:106550002070656E64696E6700526573756D696E53
:10656000672058595A0057726974696E6720746FB2
:106570002066696C653A200046696C6520616C7222
:1065800065616479206F70656E6564007F5970592C
:106590005E594B593759265912590059F158DD584F
:1065A0005E597059CB58BE58AC589D588A58C25F36
:1065B0007658665855584658335822581058FD5743
:1065C000F657E657D3574D363030204155544F00DB
:1065D00046494E44412066696C616D656E74207257
:1065E000756E6F75742100436F6D6D756E696361B3
:1065F00074696F6E2074696D656F75740050726F89
:10660000746F636F6C204572726F720003000356E3
:10661000657273696F6E206D69736D617463680074
:10662000436F6D6D616E64204572726F7200436FCF
:106630006D6D616E642072656A6563746564004D9A
:106640004D5520427574746F6E2070757368656463
:10665000005265747279427574746F6E507265730E
:10666000736564009E5B8B5B765B635B505B3E5B3C
:10667000305B1B5B065BF15ADF5ACD5AB95AB95AE7
:10668000B95AA65AA65AA65A955A955A955A845A4C
:10669000845A845A6F5A6F5A6F5A5C5A5C5A5C5AC1
:1066A000485A485A485A3A5A275A135AFF59F259DF
:1066B000E759D259C159B159A059905982594275D7
:1066C00074746F6E00436865636B55736572496ED1
:1066D0007075742D62746E4C4D5220005265736556
:1066E000745265747279417474656D707473004688
:1066F000493A202046533A202020203E2020822064
:1067000020208100486F74656E642074656D70652B
:1067100072617475726520726561636865640052A8
:106720006573756D696E672054656D7000436F6F9A
:106730006C646F776E20666C616720636C65617254
:1067400065640020573A0020453A00543A004E6FE5
:10675000203078464620726563656976656400532B
:10676000656E64696E6720307846460046696C65E0
:106770002073656C6563746564002053697A653ABB
:10678000200046696C65206F70656E65643A200074
:106790004E6F772066726573682066696C653A2073
:1067A000004E6F7720646F696E672066696C653A8A
:1067B00020002220706F73002220706172656E7459
:1067C0003A2200535542524F5554494E45204341B9
:1067D0004C4C207461726765743A22007472796956
:1067E0006E6720746F2063616C6C207375622D6717
:1067F000636F64652066696C6573207769746820CF
:10680000746F6F206D616E79206C6576656C732E88
:1068100000062833D036C23E013F154132423B4389
:10682000F2443B45F24622473B48F2493B4AF05886
:1068300098590C5A085B0C5C086110679B6E2271BA
:10684000077208FF095A0D000EF019145E08206443
:106850002B6D322FFF2022257322002025236C78F8
:10686000004449525F45584954004449525F454EDF
:106870005445523A20257320222573220A0061755F
:10688000746F25692E6700041A44656372656D652F
:106890006E745265747279417474656D70747300AE
:1068A000081B1C0B14525354436F6D6D54696D6576
:1068B0006F7574002C206C61737420627974657339
:1068C0003A200022206661696C65643A2042756650
:1068D0006665722066756C6C21002200456E7175CC
:1068E00065696E6720746F207468652066726F6ECC
:1068F000743A2022004572726F723A004D4D553243
:10690000746F6F6C3D004D4D55323A004D4D553210
:106910003A006563686F3A003E53302A63362E00B2
:106920004D4D552069732000B501B34211241FBE9F
:10693000CFEFD1E2DEBFCDBF00E00CBF13E0A0E09F
:10694000B2E0E8E6FEE003E00BBF02C007900D9264
:10695000A830B107D9F727E1A8E0B3E001C01D9244
:10696000AA31B207E1F714E3C5E9D4E300E006C0B9
:1069700021970109802FFE010F947881C439D10736
:1069800080E00807A9F70E9416C60D9422870C9490
:10699000B0572F923F924F925F926F927F928F9259
:1069A0009F92AF92BF92CF92DF92EF92FF920F939E
:1069B0001F93CF93DF93CDB7DEB72F970FB6F89421
:1069C000DEBF0FBECDBF6C011B015A01FC01178257
:1069D000168283819E012F5F3F4F490181FDD2C006
:1069E0008FEF9FEFEEC2F12C512C00E0003238F413
:1069F0008B3209F190F48032F9F0833209F107FD0E
:106A000034C020ED280F2A3020F506FF1BC0FAE025
:106A1000FF9E200D1124F22E05C08D3279F08033B7
:106A200071F70160F10193FD859193FF81911F0141
:106A30008111DCCF1AC002600460F4CF0860F2CF8D
:106A40000061F0CF3AE0539E200D1124522E0062D7
:106A5000E9CF8E3221F406FDB1C20064E3CF8C365B
:106A600011F40068DFCF8836E9F29BEB980F933082
:106A700008F05FC00061805E06FD02C046E0F42EB3
:106A8000102F1F73853609F05BC0106417FF61C0BB
:106A90008F2D9BE39F1508F48BE344244394480E09
:106AA00027E03501F4E06F0E711CF5016081718102
:106AB00082819381042DA4010F94217D5C01F981D1
:106AC000FC87F0FF03C00DE2F3FF07C00BE211FDEE
:106AD00004C0012F047012FD00E22C852C70E22E00
:106AE00009F46BC00111D8C2F3E0E12CF515A0F454
:106AF00083E0E52CE81A13FD08C0B60180E290E0BF
:106B00000F94D07EEA94E110F8CF002329F0B6016B
:106B1000802F90E00F94D07E3C852EE9A22E25E0B8
:106B2000B22E33FD04C092EAA92E95E0B92E107161
:106B300022C09BE9980F933008F047C10F7E9CCF8D
:106B4000863611F41068A2CFFF2009F49FCFFA9483
:106B50009DCFE7E02F2DEF1518F427E037E0F32E57
:106B6000412C9FCF11118052B60190E00F94D07E3E
:106B70008FEFA81AB80AF50184918111F3CFE110C3
:106B800084C25301F6019381F10193FD859193FF36
:106B900081911F01882309F411C2853241F493FDCC
:106BA000859193FF81911F01853209F01CCFB601B9
:106BB00090E00F94D07E3501E4CF17FF6FC04A0CF0
:106BC000FC85F4FF04C08A81813309F44A941414CB
:106BD0000CF086C028E0241510F488E0482E85E0EB
:106BE00090E017FF06C0C501B7FE02C090E080E04C
:106BF000019601110196FF2031F02F2D30E02F5F1B
:106C00003F4F820F931F5816190619F014F0E52C08
:106C1000E81A812F897011F4E11067C0002329F070
:106C2000B601802F90E00F94D07E13FD02C0E110DA
:106C300063C017FF7CC08501B7FE02C010E000E012
:106C4000C501841991092C016F2D70E0EE27FF27F3
:106C5000E61BF70BFF87EE870F3F100729F4B601FD
:106C60008EE290E00F94D07EA016B1060CF44BC0DB
:106C7000401651060CF047C0F501E01BF10BE80D82
:106C8000F91D8181015011092E853F8502171307D7
:106C9000E4F1B60190E00F94D07EDECF16FD9FCFD9
:106CA000EF2DF0E0EA15FB0534F03CEFA3163FEFC3
:106CB000B3060CF010683296E80DF91D01C0FA9485
:106CC000FF2019F082918033D1F317FF88CF44243D
:106CD00043944F0CFA141B0431F02CF0FA187FCFB8
:106CE000442443947CCFF12C7ACFB60180E290E02B
:106CF0000F94D07EEA9490CFB60180E390E00F9499
:106D0000D07EEA9494CF80E3BDCFA016B10641F4C3
:106D10009A81963350F4953319F43C8534FF05C0BD
:106D2000B60190E00F94D07E2ACF81E3F9CF8A811B
:106D3000813319F09C859F7E9C87B60190E00F946B
:106D4000D07EFF20A9F0B6018EE290E00F94D07EB5
:106D5000F394F394E2E001E00E0FE80DF92DF11D3C
:106D60008081B60190E00F94D07EE02F0F11F3CF19
:106D700085E690E014FF02C085E490E0B6010F9430
:106D8000D07EB7FC06C0A114B104C1F4EC85E4FFC9
:106D900015C0B194A194B1088DE2B60190E00F94B2
:106DA000D07E80E32AE0A216B10454F4B60190E04C
:106DB0000F94D07EB601C501C096B4CF8BE2EDCF63
:106DC0008F5FFAE0AF1AB108EDCF8336C9F0833791
:106DD00071F1833509F05BC03501F2E06F0E711C73
:106DE000F501A080B1806F2D70E006FD02C06FEF4D
:106DF0007FEFC5010F94647E9D878C8700680DC06E
:106E0000350132E0630E711CF5018081898321E038
:106E100030E03D872C8754010F7703FD06C02C8599
:106E20003D855216130609F0A8F4E52C2BC0350158
:106E300032E0630E711CF501A080B1806F2D70E00F
:106E400006FD02C06FEF7FEFC5010F94897E9D871D
:106E50008C87E2CFB60180E290E00F94D07E5A9406
:106E6000DECFF50107FD859107FF81915F01B60136
:106E700090E00F94D07EE110EA948C859D85019777
:106E80009D878C87EC85FD85EF2B59F778CE84366E
:106E900019F0893609F074C0350107FF66C0F4E0C7
:106EA0006F0E711CF5016081718182819381102FB9
:106EB0001F7697FF08C090958095709561957F4FDC
:106EC0008F4F9F4F10682AE030E0A4010F94F77FA6
:106ED000A82EA818BA2C012F16FF0AC00E7FAF14D7
:106EE00038F414FF04C012FD02C0012F0E7EBF2C27
:106EF00004FFA3C0FE01EA0DF11D8081803309F07B
:106F000095C0097EF02FF870EF2E03FDA5C000FF9D
:106F10009FC0FA2CB51410F4F50CFB1804FFA2C0A6
:106F2000B60180E390E00F94D07E02FF09C088E7AD
:106F300090E001FF02C088E590E0B6010F94D07E9A
:106F4000AF1408F49BC0AA940A2D10E00F5F1F4FE6
:106F5000080D191DF80182918F01B60190E00F9480
:106F6000D07E80169106B1F70ACEF2E06F0E711C4A
:106F7000F50160817181072E000C880B990B97CF6A
:106F8000102F8537A9F41F7E2AE030E0350117FF66
:106F900044C0F4E06F0E711CF50160817181828143
:106FA0009381A4010F94F77FA82EA8181F7792CF82
:106FB000197F8F3679F1F0F4883539F1F601868141
:106FC00097812F960FB6F894DEBF0FBECDBFDF912D
:106FD000CF911F910F91FF90EF90DF90CF90BF90D6
:106FE000AF909F908F907F906F905F904F903F9069
:106FF0002F900895803739F0883701F714FD146019
:1070000020E130E0C3CF1061F9CF04FD166020E12C
:1070100032E0BCCF28E030E0B9CFF2E06F0E711C57
:10702000F5016081718190E080E0BBCF02FD02C07C
:10703000B39468CFB394B39465CF802F867809F466
:1070400061CFF6CFB60180E290E00F94D07EB3948A
:10705000B514C0F3E12C62CFE52CEB18B51408F49D
:107060005DCFF8CF802F867809F46ACF8BE201FFDD
:1070700080E207FD8DE2B60190E060CFB60180E3CB
:1070800090E00F94D07EFA945BCFB60180E290E05E
:107090000F94D07EEA9473CD24E0E12C251508F0FE
:1070A00036CD84E026CD20E030E040E85FEB609113
:1070B0007E0270917F0280918002909181020F94F4
:1070C0008582882321F1E0913B12F0913C12E25B32
:1070D000FF4E80818B7F8230D1F480E1EEE7F2E0D9
:1070E000A4E6B2E101900D928A95E1F780E090E08C
:1070F000A0E8BFEB80937E0290937F02A093800272
:10710000B09381028091501290915112089581E0C4
:1071100090E0089580E1ECE2F6E0A4E6B2E10190AF
:107120000D928A95E1F70895E9EAFEE0833021F0B7
:10713000E82FF0E0EA55F14F8491089580915505CC
:10714000909156052091570530915805821B930B5D
:107150008F7799270895982F9F7083FF0DC0809196
:107160007B00886080937B0080917C00887F977093
:10717000892B80937C00089580917B00877FF2CFDC
:107180008091570590915805909356058093550529
:107190008CE191E29F938F938091411290914212E2
:1071A000A0914312B09144120196A11DB11DBF934D
:1071B000AF939F938F9387ED97E09F938F938EED7F
:1071C00097E09F938F930F942A7F8DB79EB70A966F
:1071D0000FB6F8949EBF0FBE8DBF08950F931F93F7
:1071E000CF93DF93EC01C60FD71F8C179D0779F063
:1071F0008C010F5F1F4F0F9468808F3F31F081E04B
:10720000DF91CF911F910F910895C801EECF80E0DB
:10721000F7CF682F880F770B80913B1290913C122B
:107220008F5A9F4E0F94BF869C019093CF048093FA
:10723000CE0481E0232B09F480E008958091CE04F0
:107240009091CF044AE050E070E060E001960F9426
:10725000F37B862F08958091CE049091CF044AE06D
:1072600050E070E060E001960F94F37BCB0108954D
:107270000F931F93CF93DF938C01862FEA010E9417
:107280000939882319F10E942B399C0197FF03C00B
:10729000319521953109253631059CF09F938F93C7
:1072A00085EF98E69F938F9386E29FE09F938F935D
:1072B0000F942A7F0F900F900F900F900F900F90C8
:1072C00080E0DF91CF911F910F910895F8018081A7
:1072D0008823B1F3CE01DF91CF911F910F910D94CF
:1072E00068808091CE049091CF044AE050E070E035
:1072F00060E001960D94F37B60E086E69FE00F94DA
:107300008C8060E088E69FE00F948C8060E085E6EA
:107310009FE00F948C8060E084E69FE00F948C8067
:1073200060E082ED9EE00F948C8060E08FEC9EE048
:107330000D948C8080369105F8F440913B12509169
:107340003C1220914C1030914D104217530739F4E4
:1073500060913F1270914012161617066CF0B90139
:10736000680F791FFB01E359FF4F2417350730F4ED
:1073700081E04E175F0708F480E00895EE3EF1408B
:10738000F8F06C5F7F4F6E3E714018F4493651053E
:10739000B8F483599F4F4817590770F34DEE51E0E9
:1073A000421B530B70E060E0C901825B9F4E0F945B
:1073B0009A868FB7F89410924D1010924C108FBF90
:1073C00081E008952F923F924F925F926F927F9249
:1073D0008F929F92AF92BF92CF92DF92EF92FF92E5
:1073E0000F931F93CF93DF93CDB7DEB7CC58D24026
:1073F0000FB6F894DEBF0FBECDBFCB58DD4F68830C
:1074000079838A839B83C557D240FE01E754FE4FA0
:1074100088E2DF011D928A95E9F7E85BF1401F01E0
:1074200080E991E0DF01FC011D923197E9F7C75A2D
:10743000DD4F19821882C955D2409E012F513E4F0F
:10744000C159DD4F39832883CF56D2408E01075A68
:107450001D4FCE018F5C9D4FC359DD4F99838883AB
:10746000CD56D2403C01490140EBA42E4FE0B42E52
:1074700053E2C52ED12CF12CE12CB6010D2C000CC1
:10748000880B990B0F94F67AD4016D937D938D93AD
:107490009D934D01F801619171918F01072E000CB0
:1074A000880B990B0F94F67AD3016D937D938D938E
:1074B0009D933D01BFEFEB1AFB0AE6E0EE16F104E7
:1074C00009F038C3CB58DD4F288139814A815B816F
:1074D000C557D240C159DD4FA881B981CF56D2409E
:1074E0006D917D918D919C910F941984412C512C1B
:1074F000320118160CF402C3C359DD4F08811981FB
:10750000CD56D2400C5E1F4FC159DD4FE880F98047
:10751000CF56D240B4E1EB0EF11C6E01EFEDCE1A66
:10752000EDEFDE0A9E012B553E4FCF58DD4F3983DC
:107530002883C157D240D8014D905D906D907C90CA
:10754000F7016081718182819381D7015E914E91B3
:107550003E912E917D010F948F814B015C01F801CA
:1075600052914291329122918F01C301B2010F9445
:107570008F81A50194010F948F82D6019E938E93E3
:107580007E936E936D01CF58DD4FE881F981C1572D
:10759000D240B292A29292928292CF58DD4FF9835A
:1075A000E883C157D240C359DD4F28813981CD5678
:1075B000D2400217130709F0BECF4E013FE6831AEF
:1075C0003EEF930A5E0183EFA81A8DEFB80A6101BE
:1075D0008101EE24E394F12CD4014D905D906D90E7
:1075E0007D904D012D913D914D915C91C301B20172
:1075F0000F9490819B01AC010F949081F80164A7D6
:1076000075A786A797A7F1E0EF16F10461F0D801FE
:1076100098964D925D926D927C929B97F801448270
:10762000558266827782FFEFEF1AFF0AF50120810B
:1076300031814281538184E0A80EB11C648175813F
:10764000868197810F948F8120E030E040EC50E4F8
:107650000F94357BD601DC966D937D938D939C932F
:10766000DF97045D1F4FB8E2CB0ED11CE5E0EE16AC
:10767000F10409F0B1CF7E01FDE2EF0EF11C28E22A
:10768000A22EB12C00EB1FEF24E0220E311CD701FB
:107690002D913D914D915C91139798966D917D91AF
:1076A0008D919C919B970F948F822B013C016101DE
:1076B000C01AD10A88248394912CF601E00FF11F9F
:1076C000EA0DFB1D2081318142815381C301B2014A
:1076D0000F94357B9B01AC01F60160817181828141
:1076E00093810F948F81D6016D937D938D939D939C
:1076F0006D01BFEF8B1A9B0AE6E08E169104E9F646
:107700003CE2E30EF11C0852110988E2A80EB11CFC
:1077100008339FEF190709F0BACF1E01F5EB2F0EC2
:10772000311C6E0121EBC20ED11C7E0137E3E31A3E
:107730003EEFF30A04E010E04801B12CA12C412CEB
:10774000512C3201F601EA0DFB1DD701AA0DBB1D1C
:107750002D913D914D915C916081718182819381E8
:107760000F94357B9B01AC01C301B2010F94908152
:107770002B013C018FEF881A980A94E0A90EB11CE6
:10778000A5E08A169104F1F6A3019201F10160814E
:107790007181828193810F948F81D6012D913D91CA
:1077A0004D915C910F948F82F70160837183828386
:1077B000938301501109F8E22F1A31082CE2C21A02
:1077C000D10834E0E31AF1080115110509F0B4CF2E
:1077D000CB50DE4F88819981AA81BB81C55FD140A2
:1077E000CF57DD4F88839983AA83BB83C158D2408A
:1077F0001E0197E4291A9EEF390A10E000E0C159F2
:10780000DD4FA881B981CF56D240CD90DD90ED906B
:10781000FD90C159DD4FB983A883CF56D240CB58D4
:10782000DD4F288139814A815B81C557D240C7012C
:10783000B6010F9485821816B4F0CB58DD4F28811D
:1078400039814A815B81C557D240C159DD4FE881FA
:10785000F981CF56D24060817181828193810F94EA
:10786000198487FF18C00430110509F030C1CB58C6
:10787000DD4F288139814A815B81C557D240CF577E
:10788000DD4F688179818A819B81C158D2400F94F4
:10789000858287FF1CC1D10114968D909D90AD907B
:1078A000BC9017978D919D910D90BC91A02DCF58B4
:1078B000DD4F88839983AA83BB83C157D240F801E7
:1078C000EE0FFF1FEE0FFF1F21E931E02C0F3D1FD0
:1078D000E20FF31F4080518062807380C359DD4FF7
:1078E000A881B981CD56D2408D919D910D90BC91CA
:1078F000A02DC358DD4F88839983AA83BB83CD57BE
:10790000D240A7019601CB58DD4F688179818A81E9
:107910009B81C557D2400F948F816B017C0120E081
:1079200030E040E450E40F940085CB57DD4F68838E
:1079300079838A839B83C558D240C358DD4F288101
:1079400039814A815B81CD57D240C359DD4FE881EF
:10795000F981CD56D24064817581868197810F94DB
:107960008F81A30192010F948F82C758DD4F6883E6
:1079700079838A839B83C957D240A3019201C301B3
:10798000B2010F949081CF58DD4F288139814A810F
:107990005B81C157D2400F94357BC757DD4F688359
:1079A00079838A839B83C958D240A3019201C50180
:1079B000B4010F94357B9B01AC01C757DD4F688143
:1079C00079818A819B81C958D2400F94908120E0AF
:1079D00030E040EC50E40F948F829B01AC01C7581B
:1079E000DD4F688179818A819B81C957D2400F948C
:1079F0008F81A70196010F94357BC758DD4F6883AF
:107A000079838A839B83C957D240CF58DD4F288121
:107A100039814A815B81C157D240C501B4010F94BD
:107A20008F814B015C0120E030E040EC50E4C30169
:107A3000B2010F94357B9B01AC01C501B4010F94D9
:107A40008F82CB57DD4F288139814A815B81C558B0
:107A5000D2400F94357B4B015C0120E030E040E0E8
:107A60005FE3CF58DD4F688179818A819B81C1575F
:107A7000D2400F94357B2B013C01A7019601C70131
:107A8000B6010F94357B9B01AC01C301B2010F9489
:107A9000357B9B01AC01C501B4010F9490819B0122
:107AA000AC01C758DD4F688179818A819B81C957B4
:107AB000D2400F949081C358DD4F288139814A818B
:107AC0005B81CD57D2400F9490812B013C010F5F19
:107AD0001F4FF4E02F0E311CC359DD4F288139812F
:107AE000CD56D2402C5F3F4FC359DD4F3983288399
:107AF000CD56D2400530110509F081CEC301B20147
:107B0000C457DD4F0FB6F894DEBF0FBECDBFDF9177
:107B1000CF911F910F91FF90EF90DF90CF90BF908A
:107B2000AF909F908F907F906F905F904F903F901D
:107B30002F900895C5010F947680D8018D939C9362
:107B4000B5E0CB0ED11CE2E0AE0EB11C96CC0F938B
:107B50001F93CF9320910413213079F58C0180E598
:107B60000E940939882349F10E941E39C82F8530A7
:107B700020F5013C82E0180749F0023C124069F010
:107B80008C2FCF911F910F910D94177A60E08C2F5D
:107B9000CF911F910F910D94587A8EEC9EE00F9427
:107BA0006880882351F00F944A56882331F08C2F37
:107BB000CF911F910F910D94D37ACF911F910F9177
:107BC00008958F929F92AF92BF92CF92DF92EF92E1
:107BD000FF920F931F93CF93DF930091CE041091E8
:107BE000CF040F5F1F4F68018FEFC81AD80AD80162
:107BF000DC918D2F90E00F94F97D7C01892B01F5AC
:107C0000DD3201F56801B2E0CB0ED11CF801D18163
:107C1000C1E086010150110943E050E06DED7EE0C6
:107C2000C8010F942F7E892BC1F460E070E080E8DA
:107C30009FEFC111DBC060E070E080E89FE7D6C035
:107C40008601D1CFDB3239F46801F2E0CF0ED11CCE
:107C5000D8011196DC91C0E0DCCF43E050E06AED42
:107C60007EE0C8010F942F7E892B09F4CCC0F60169
:107C700010E000E020E030E0A9016F01D053DA30DD
:107C800060F5BC2E6894B1F88C2F8870C2FF09C0D3
:107C9000811102C00F5F1F4F3196D601DC91CB2DB1
:107CA000ECCF882311F001501109A5E0B0E00F944A
:107CB000FD809B01AC01220F331F441F551F2D0F68
:107CC000311D411D511D2839B9E93B074B07B9E169
:107CD0005B0710F3C660BC2EDFCFDE3F31F4C3FD7F
:107CE00033C0BC2E6894B3F8D7CFD53369F5808103
:107CF0008D3231F4C061BF016E5F7F4F818105C05D
:107D0000BF018B32C9F36F5F7F4F80538A30E0F43D
:107D1000FB01B0E8EB16BCE0FB065CF4B701660FB4
:107D2000771F660F771FE60EF71EEE0CFF1CE80E9E
:107D3000F11C819180538A3060F3C4FF03C0F19439
:107D4000E194F1080E0D1F1DCA01B9010F94F47AD8
:107D5000C370C33009F490584B015C0120E030E05F
:107D6000A9010F948582882309F43EC0C6EDDEE0A8
:107D700017FF05C0119501951109CEEBDEE06E01EC
:107D8000E8E1CE1AD10880E2E82EF12C0DC0FE0108
:107D900025913591459154910E191F09C501B401E2
:107DA0000F94357B4B015C01D501C4010E151F05F5
:107DB00074F72497F594E794CC16DD06A9F78A2F7B
:107DC000880F8B2F881F8F3F49F020E030E0A901FA
:107DD000C501B4010F948582811106C082E290E052
:107DE00090930F1780930E17C501B401DF91CF91C7
:107DF0001F910F91FF90EF90DF90CF90BF90AF90C9
:107E00009F908F90089560E070E080EC9FE7EECF48
:107E10002F923F924F925F926F927F928F929F929A
:107E2000AF92BF92CF92DF92EF92FF920F931F9388
:107E3000CF93DF93CDB7DEB7A1970FB6F894DEBF2F
:107E40000FBECDBF84EC92E09D8F8C8F84E6282EF0
:107E500082E1382E0CE216E091E09A8F198EEC8DBB
:107E6000FD8D8191FD8FEC8F0E940939E82E8823CA
:107E700009F454C1F0905A12FA8DFF220E94E13D9C
:107E80002B013C01F8014082518262827382F98D9C
:107E9000F33009F045C0DD24D394F11001C0D12C9A
:107EA0008090100290901102A0901202B0901302E4
:107EB00020E030E040E85FE3C501B4010F94858223
:107EC000882359F1F11015C0209170123091711270
:107ED0004091721250917312C301B2010F948F81BD
:107EE000609338067093390680933A0690933B0668
:107EF000DE2CA501940160913806709139068091BD
:107F00003A0690913B060F94357B60933806709348
:107F1000390680933A0690933B06D11003C05FC0A8
:107F2000FF2089F0F1012081318142815381F801E4
:107F300060817181828193810F949081F8016083C7
:107F4000718382839383F98DF230D9F58091A603F2
:107F5000823009F0EEC08CE0E0EAF2E0DE011D962E
:107F600001900D928A95E1F78CE0ECEAF2E0DE01F7
:107F7000119601900D928A95E1F7C0903406D09049
:107F80003506E0903606F090370620E030E0A90193
:107F9000C701B6010F94858287FF52C0CE010196BA
:107FA0007C01D12CF70161917191819191917F01B7
:107FB0000F9401838D2D0E9469ECD394F3E0DF12BE
:107FC000F1CFF98DFF5FF98F8A8D880F8A8F94E04A
:107FD000290E311C0C5F1F4FF43009F040CF86E4AE
:107FE0000E940939882399F00E94E13D6B017C01D0
:107FF00020E030E0A9010F941984181644F4C092CF
:108000007A02D0927B02E0927C02F0927D02A196ED
:108010000FB6F894DEBF0FBECDBFDF91CF911F9199
:108020000F91FF90EF90DF90CF90BF90AF909F9017
:108030008F907F906F905F904F903F902F9008951A
:1080400020E030E048E453E4C701B6010F941984FE
:108050001816A4F4CE010D967C01D12CF701619184
:108060007191819191917F010F9401838D2D0E94D7
:1080700069ECD394F3E0DF12F1CFA3CFCE010196E8
:1080800099A388A3FE013D96FF8FEE8F1B8EE8A17A
:10809000F9A1C190D190E190F190F9A3E8A3EE8D00
:1080A000FF8D6191719181919191FF8FEE8FA70169
:1080B00096010F948F8120E030E048E453E40F9460
:1080C0008F824B015C01209134063091350640913E
:1080D0003606509137060F94357B2B013C0120E08A
:1080E00030E0A901C501B4010F94357B9B01AC01BF
:1080F000C701B6010F948F819B01AC01C301B2018E
:108100000F9490810F9401838B8D0E9469ECFB8DFD
:10811000FF5FFB8FF33009F0BACF53CFF1018081BD
:108120009181A281B381F80180839183A283B3837B
:1081300048CFEA8DEE0FEA8FF4E02F0E311C0C5F72
:108140001F4F83E0898F8BCE6091161770911717A0
:1081500090E08A3020F0895A9F4F0D94D07EC096CF
:10816000FCCF84FF18C05A9A85FF17C0A49A2FB776
:1081700086FF15C0F89490910201906890930201D7
:108180002FBF87FF11C0A39A5B9A85E08A95F1F70C
:1081900000005B9808955A98E7CFA498E8CFF89428
:1081A000909102019F77EACFA398EECF0F931F9390
:1081B000CF93DF93C82FD62F8A0160FF15C05D9A39
:1081C0008AE18A95F1F700C08C2F0E94B140D1FD61
:1081D00004C08C2F82950E94B140C801DF91CF91DD
:1081E0001F910F910C94F3AD5D98EACFCF92DF927F
:1081F000EF92FF92CF93DF93EC016A017B010F9422
:1082000070806F3F7F4F8F4F9F4F59F4B701A6018A
:10821000CE01DF91CF91FF90EF90DF90CF900D9442
:10822000BE80DF91CF91FF90EF90DF90CF900895C7
:108230007F928F929F92AF92BF92CF92DF92EF92F6
:10824000FF920F931F93CF93DF93CDB7DEB7609765
:108250000FB6F894DEBF0FBECDBF5C016B01742E6C
:1082600081E0809378021F930F931F922F9380E9F0
:1082700097E09F938F930F942A7F81E40E9409399E
:108280000F900F900F900F900F900F90882389F010
:108290008091CE049091CF04FC012181283709F010
:1082A00056C040E150E070E060E002960F94F37B2E
:1082B0005B0183E40E940939882309F44DC00E94C0
:1082C00071394B017501CA14DB0408F47601C4014D
:1082D0008E0D9F1DC816D90618F08E159F0518F42F
:1082E00046018E189F0888E50E940939882309F401
:1082F00071C02091CE043091CF042F5F3F4FCE014B
:1083000001965C01DC01D12CC12CF90180812F5F29
:108310003F4F8823B9F190E1C916D10499F1803219
:10832000A1F38A3079F190ED980F9A30C8F48295D4
:10833000807F9F012E5F3F4F918140ED490F4A3072
:10834000B8F4842B8D93EFEFCE1ADE0ADECF0E94B5
:10835000E13D0F940183ACCF88248A94982CB2CF4E
:108360009FE9980F963058F48295807F8057E1CF2F
:108370004FE9490F463018F49755892BE3CFD19434
:10838000C194D108912C812CC814D90491F0F50125
:1083900061915F01C4018E0D9F1DF1E07F1631F0E8
:1083A000FC016083FFEF8F1A9F0AEECF0F94B0801D
:1083B000F9CFFF92EF921F930F939F928F9286E6D1
:1083C00097E09F938F930F942A7F0FB6F894DEBFA8
:1083D0000FBECDBF472DB401C70160960FB6F8940C
:1083E000DEBF0FBECDBFDF91CF911F910F91FF90E8
:1083F000EF90DF90CF90BF90AF909F908F907F9045
:108400000D9478551F920F920FB60F9211240BB650
:108410000F922F933F934F936F937F938F939F93DD
:10842000EF93FF938091C80084FF12C08091CE002B
:10843000FF91EF919F918F917F916F914F913F911C
:108440002F910F900BBE0F900FBE0F901F9018959D
:108450004091CE0080911F06813051F72091550543
:1084600030915605C90101968F779927609157057C
:108470007091580586179707D9F22B523B4FF90197
:1084800040839093560580935505D2CF1F920F924B
:108490000FB60F9211240BB60F922F933F934F9369
:1084A0006F937F938F939F93EF93FF938091C0007F
:1084B00084FF12C08091C600FF91EF919F918F9130
:1084C0007F916F914F913F912F910F900BBE0F9025
:1084D0000FBE0F901F9018954091C60080911F0607
:1084E0008111EACF2091550530915605C9010196B9
:1084F0008F779927609157057091580586179707D0
:10850000D9F22B523B4FF90140839093560580934B
:108510005505D2CF80E1E4E6F2E1A0E9B2E00190B6
:108520000D928A95E1F780918E0290918F0290933F
:108530006312809362128091601290916112909305
:108540005F1280935E1280915C1280935B12809127
:108550005A1283FB882780F9809359128091581210
:10856000809357120895CF93DF938AE696E10E9495
:108570002D5388EA94E1892B51F0CAE7D5E1A397FE
:10858000CE010E942D5384E1C83AD807C1F785E88F
:1085900094E10E942D5380E694E1DF91CF910C94F9
:1085A0002D53CF93DF93C4E6D2E120E030E048ECD6
:1085B00051E46C857D858E859F850F9490816C87B5
:1085C0007D878E879F8763E373E383E590E4DF9184
:1085D000CF910D94B12E60E085EA9FE00F948C80DE
:1085E00060E08FE79CE00F948C8080E090E0A0E852
:1085F000BFEB80937E0290937F02A0938002B093A2
:10860000810282E08093790210927612089580911F
:108610005E1290915F1220916012309161122817C2
:10862000390771F0909361128093601281E080931A
:10863000BB030E9462E20F942C5182E08093BB0343
:10864000089580917612882341F080918E02909156
:108650008F0290936312809362120895CF92DF92FB
:10866000EF92FF92C090020ED090030EE090040EA5
:10867000F090050E8091010E882309F44EC020E091
:1086800030E0A901C701B6010F94198418160CF047
:1086900044C02BED3FE049E450E4C701B6010F941C
:1086A000357BA70196010F94357B20E030E040E850
:1086B0005EE30F94357B9B01AC0160E070E080E8E5
:1086C0009FE30F948F826B017C0160917502709122
:1086D000760264367105A1F0072E000C880B990B09
:1086E0000F94F67A2AE037ED43E25CE30F94357B92
:1086F0009B01AC01C701B6010F94357B6B017C0176
:10870000C0921002D0921102E0921202F092130273
:10871000FF90EF90DF90CF900895C12CD12C80E88E
:10872000E82E8FE3F82ED1CF8F929F92AF92BF9217
:10873000CF92DF92EF92FF9281EF9FE00F948549F5
:108740006B017C018DEE9FE00F9485494B015C012C
:108750000E943EEB2CE330E040E050E00F94DB80E1
:10876000BA01A901480D591D6A1D7B1D8DEE9FE0C0
:108770000F949E80609166037091670380916803F7
:108780009091690328EE33E040E050E00F94DB80E5
:10879000BA01A9014C0D5D1D6E1D7F1D81EF9FE08B
:1087A0000F949E800E9470EB1092660310926703F4
:1087B000109268031092690380910413813081F450
:1087C000609108137091091390E080E00F946D4957
:1087D000109209131092081310920B1310920A139F
:1087E000FF90EF90DF90CF90BF90AF909F908F90D1
:1087F0000895809158121F928F93809141031F9288
:108800008F93E2EAF3E0428153812CE3249FC0017D
:10881000259F900D11249F938F9340815181249F18
:10882000C001259F900D11249F938F9380EB97E0BB
:108830009F938F930F942A7F8DB79EB70A960FB69A
:10884000F8949EBF0FBE8DBF08958BE493E00C9407
:1088500084E420E030E040E752E40F948F820895F2
:108860001092770240913C0350913D0360913E038A
:1088700070913F0340937A0250937B0260937C0295
:1088800070937D0290938F0280938E028BE493E02D
:108890000C9484E41F93CF93DF93182F80917A0276
:1088A00090917B02A0917C02B0917D0280933C0369
:1088B00090933D03A0933E03B0933F03C0918E027B
:1088C000D0918F0284E690E090938F0280938E0285
:1088D0008BE493E00E9484E410937702CE01DF9151
:1088E000CF911F910895CF92DF92EF92FF920F9355
:1088F0001F93CF93DF9390E0EC01CC0FDD1FCC0FE3
:10890000DD1FFE01E850F14F2591359145915491BD
:10891000FE01EE53F24FC080D180E280F3808E01E1
:108920000C591D4EC701B6010F949081F801608368
:10893000718382839383FE01E451F14F2591359138
:10894000459154918E010C5D1D4FC701B6010F94E6
:108950009081F8016083718382839383FE01E052EA
:10896000F14F2591359145915491C85EDD4FC70176
:10897000B6010F949081688379838A839B83DF910A
:10898000CF911F910F91FF90EF90DF90CF900895BE
:1089900040E050E0BA018DEE9FE00F949E8040E0F1
:1089A00050E0BA0181EF9FE00F949E800E947C39D5
:1089B00070E060E085E09FE00F94AA8070E060E0E6
:1089C00083E09FE00F94AA8070E060E081E09FE088
:1089D0000F94AA8070E060E08FEF9EE00F94AA8071
:1089E00070E060E083ED9EE00F94AA8070E060E0AC
:1089F00080ED9EE00F94AA8040E050E0BA0188EA42
:108A00009CE00D949E80F89488E19FE00FB6F89466
:108A1000A895809360000FBE90936000FFCF85EA19
:108A20009FE00F94688091E0811101C090E0892F50
:108A300008958091BD03811106C081E09091760375
:108A4000923009F080E008958091DA1381110AC014
:108A500080914512811106C081E09091760391309A
:108A600009F080E00895CF93DF93C0917412C11193
:108A70001FC08091751281111CC00E94194581117F
:108A800018C0D091610DD43061F480916012909142
:108A90006112892B91F480915C1290915D12892B67
:108AA00061F40E942445C82F811103C0C1E0D11197
:108AB000C0E08C2FDF91CF910895C1E0FACF0E94E2
:108AC0003345882389F020E030E040E050E46091B5
:108AD0006C1270916D1280916E1290916F120F94C2
:108AE0008582881F8827881F08950E942445811148
:108AF00018C00E941945811114C08091761281110D
:108B000010C08091610D81110BC0809105138111FE
:108B100007C080917412811104C08091751208956C
:108B200081E0089580E1E4E6F2E1ACE2B6E0019094
:108B30000D928A95E1F708954F925F926F927F921E
:108B40008F929F92AF92BF92CF92DF92EF92FF925D
:108B50000F931F93CF93DF9300D000D01F921F92EB
:108B6000CDB7DEB720917612222309F473C120918C
:108B7000BE03223009F46EC12091BE03213011F4EE
:108B80001092BE032B013C011092581210915B12FF
:108B90006091A7037091A8038091A9039091AA0303
:108BA0000F940883611731F0812F90E090935D124C
:108BB00080935C120E940743809157128093581251
:108BC00090915A128091591281958927887089272E
:108BD00080935A12A301920160919C0270919D02B0
:108BE00080919E0290919F020F948F816D837E836E
:108BF0008F839887CE0105960F9408031092400248
:108C000020E030E040E85FEB6091900270919102CB
:108C100080919202909193020F948582811120C0DD
:108C20008091641290916512A0916612B0916712C2
:108C30008093900290939102A0939202B09393023A
:108C40008091681290916912A0916A12B0916B1292
:108C50008093940290939502A0939602B09397020A
:108C6000A301920160919C0270919D0280919E02ED
:108C700090919F020F948F8169837A838B839C8369
:108C8000E0906C12F0906D1200916E1210916F12C4
:108C90002091940230919502409196025091970252
:108CA0006091900270919102809192029091930252
:108CB0001F921F921F921F92E2E68E2EE7E29E2ED7
:108CC000E6E7AE2EE2E4BE2EFE0131966F010F9470
:108CD0007020A301920160919C0270919D0280918D
:108CE0009E0290919F020F948F8169837A838B8378
:108CF0009C83E0909802F090990200919A02109162
:108D00009B022091940230919502409196025091DD
:108D100097026091900270919102809192029091DD
:108D200093021F921F921F921F920F947020E09047
:108D30009802F090990200919A0210919B02209162
:108D40009402309195024091960250919702609161
:108D500090027091910280919202909193021F92E1
:108D60001F921F921F92812C912CF8EEAF2EF2E4ED
:108D7000BF2EACE9CA2EA2E0DA2E0F9470200E941A
:108D800006ED11E01093400260915212709153125F
:108D900090E080E00F94F47A60937A0270937B0203
:108DA00080937C0290937D02809162129091631275
:108DB00090938F0280938E0280E1E0E9F2E0A4E6D6
:108DC000B2E101900D928A95E1F70E94924580915F
:108DD00079020FB6F894DEBF0FBECDBF811151C02E
:108DE000609148127091491280914A1290914B12F1
:108DF0006093EE167093EF168093F0169093F11631
:108E00000F94C4448091481290914912A0914A1243
:108E1000B0914B1280934C1290934D12A0934E122E
:108E2000B0934F121093DA1360E085EA9FE00F943D
:108E30008C8060E08FE79CE00F948C8087EE90E65A
:108E40000E9471B982E0809379021092761281E0DB
:108E50008093450D28960FB6F894DEBF0FBECDBFA8
:108E6000DF91CF911F910F91FF90EF90DF90CF9006
:108E7000BF90AF909F908F907F906F905F904F903A
:108E80000895813089F68091481290914912A091FD
:108E90004A12B0914B128093411290934212A093C8
:108EA0004312B093441210924B1010924A100E9439
:108EB000C038BACF3F924F925F926F927F928F925B
:108EC0009F92AF92BF92CF92DF92EF92FF920F9359
:108ED0001F93CF93DF933090B504332009F480C003
:108EE0008B01EC0131FE54C088809980AA80BB8040
:108EF000FB01C080D180E280F38020918A04309110
:108F00008B0440918C0450918D04C501B4010F94E1
:108F1000357B2B013C0120918E0430918F044091D0
:108F2000900450919104C701B6010F94357B9B01C9
:108F3000AC01C301B2010F9490812B013C0120913F
:108F40008204309183044091840450918504C501CA
:108F5000B4010F94357B4B015C0120918604309164
:108F600087044091880450918904C701B6010F9489
:108F7000357B9B01AC01C501B4010F9490816883DE
:108F800079838A839B83F801408251826282738253
:108F900030FE26C02091AD043091AE044091AF0464
:108FA0005091B004688179818A819B810F9490816E
:108FB000688379838A839B832091B1043091B204C2
:108FC0004091B3045091B404F801608171818281B1
:108FD00093810F949081F8016083718382839383DE
:108FE000DF91CF911F910F91FF90EF90DF90CF9085
:108FF000BF90AF909F908F907F906F905F904F90B9
:109000003F9008952F923F924F925F926F927F927E
:109010008F929F92AF92BF92CF92DF92EF92FF9288
:109020000F931F93CF93DF9300D000D01F921F9216
:10903000CDB7DEB78C011B01FC0180819181A2813B
:10904000B38189839A83AB83BC83FB018081918147
:10905000A281B3818D839E83AF83B887BE016B5F8E
:109060007F4FCE0101960E945A47C980DA80EB807B
:10907000FC8020E030E0A901C701B6010F94858291
:1090800087FF35C019821A821B821C82FF24F39449
:109090008D809E80AF80B88420E030E040E850ECC6
:1090A000C501B4010F94858287FF35C080E090E050
:1090B000A0E8B0EC8D839E83AF83B887CD80DE803F
:1090C000EF80F88489809A80AB80BC807090B50472
:1090D00071104CC0F80180829182A282B382F101AA
:1090E000C082D182E282F382FF24F39425C020E083
:1090F00030E04AE753E4C701B6010F941984F12C1C
:10910000181634F680E090E0AAE7B3E489839A83E6
:10911000AB83BC83BBCF20E030E042E553E4C50124
:10912000B4010F94198418162CF480E090E0A2E5A5
:10913000B3E4C0CFF110C2CF8F2D28960FB6F894AC
:10914000DEBF0FBECDBFDF91CF911F910F91FF907A
:10915000EF90DF90CF90BF90AF909F908F907F90D7
:109160006F905F904F903F902F90089570FE1CC0BD
:109170002091AD043091AE044091AF045091B00401
:10918000C501B4010F948F814B015C012091B104A2
:109190003091B2044091B3045091B404C701B601B8
:1091A0000F948F816B017C0171FE9ECF20919D04F5
:1091B00030919E0440919F045091A004C501B401D8
:1091C0000F94357B2B013C012091A1043091A20426
:1091D0004091A3045091A404C701B6010F94357BBC
:1091E0009B01AC01C301B2010F949081F80160832F
:1091F0007183828393832091A5043091A6044091CA
:10920000A7045091A804C501B4010F94357B4B010C
:109210005C012091A9043091AA044091AB045091C3
:10922000AC04C701B6010F94357B9B01AC01C501AD
:10923000B4010F949081F1016083718382839383E1
:1092400053CFCF92DF92EF92FF92CF93DF93EC0157
:10925000BC016C5F7F4F0E940248C0902C02D090EE
:109260002D02E0902E02F0902F02A7019601688552
:1092700079858A859B850F94858287FF04C0C8867F
:10928000D986EA86FB86C0902002D0902102E09029
:109290002202F0902302A7019601688579858A85CC
:1092A0009B850F941984181624F4C886D986EA86FB
:1092B000FB86DF91CF91FF90EF90DF90CF900895E4
:1092C0002F923F924F925F926F927F928F929F92D6
:1092D000AF92BF92CF92DF92EF92FF920F931F93C4
:1092E000CF93DF93CDB7DEB7A2970FB6F894DEBF6A
:1092F0000FBECDBF1C018CE296E00E9421498BE499
:1093000093E00E9484E44090641250906512609053
:10931000661270906712C0902C06D0902D06E090D7
:109320002E06F0902F06A7019601C301B2010F94FB
:10933000858281113FC020913006309131064091E5
:1093400032065091330660916812709169128091D3
:109350006A1290916B120F94858281112BC020E0CC
:1093600030E040E752E460917A0270917B02809194
:109370007C0290917D020F948F820F947E2E0E942A
:109380008A38A2960FB6F894DEBF0FBECDBFDF912C
:10939000CF911F910F91FF90EF90DF90CF90BF90F2
:1093A000AF909F908F907F906F905F904F903F9085
:1093B0002F90089560918E0270918F02072E000CFD
:1093C000880B990B0F94F67A20917A0230917B02E8
:1093D00040917C0250917D020F94357B2EE333EC5B
:1093E0004EE259E30F94357B6F83788789879A879C
:1093F00080910C13882309F40FC1A3019201C701C6
:10940000B6010F948F812B013C012091681230919D
:10941000691240916A1250916B12609130067091FE
:10942000310680913206909133060F948F816B87BD
:109430007C878D879E87C301B2019F772B853C85F2
:109440004D855E855F770F9490816B017C0120E0F4
:1094500030E0A9010F94198418160CF0DDC020E04B
:1094600030E040EF51E4C701B6010F948F820F94B2
:109470006E820F9408837E836D836230710508F4D9
:10948000CBC02114310409F4C7C020916C12309173
:109490006D1240916E1250916F126091340670916E
:1094A000350680913606909137060F948F816F872D
:1094B000788B898B9A8B2091701230917112409128
:1094C0007212509173126091380670913906809132
:1094D0003A0690913B060F948F816B8B7C8B8D8B22
:1094E0009E8BAD81BE81CD01B0E0A0E08F8F98A3AF
:1094F000A9A3BAA32D813E812216330608F08CC0A1
:10950000B10190E080E00F94F47A6B017C016F8DE3
:1095100078A189A19AA10F94F47A9B01AC01C701AB
:10952000B6010F948F826B017C01AC019B016B89AA
:109530007C898D899E890F94357B9B01AC0160915C
:1095400070127091711280917212909173120F9437
:10955000908169837A838B839C83A70196016F85B1
:10956000788989899A890F94357B20916C12309182
:109570006D1240916E1250916F120F9490816F8B0B
:10958000788F898F9A8FA70196016B857C858D8551
:109590009E850F94357B209168123091691240911D
:1095A0006A1250916B120F9490816B8F7C8F8D8F0C
:1095B0009E8FA7019601C301B2010F94357B2091C4
:1095C00064123091651240916612509167120F94A7
:1095D00090813F922F92A4E6B2E1BF93AF938F8028
:1095E0009884A984BA84DE0111966D01EF88F88C05
:1095F000098D1A8D2B8D3C8D4D8D5E8D0F947020B5
:109600000F900F900F900F908091450D8111B7CE64
:10961000BFEF2B1A3B0A6ECFE0903406F090350670
:1096200000913606109137062091300630913106B0
:10963000409132065091330660912C0670912D06B0
:1096400080912E0690912F061F921F92E4E6F2E180
:10965000FF93EF938F809884A984BA84E8E3CE2E99
:10966000E6E0DE2E0F9470200F900F900F900F9079
:1096700086CECF92DF92EF92FF92CF93C0906C1282
:10968000D0906D12E0906E12F0906F12A7019601CB
:109690000F94908160936C1270936D1280936E1290
:1096A00090936F1283B190913E06911102C084FF96
:1096B00026C084E692E10E9421496091860D709156
:1096C000870D8091880D9091890D0F94B12E0E9485
:1096D00006EDA701960160916C1270916D12809158
:1096E0006E1290916F120F948F816B017C01C701F4
:1096F000B601CF91FF90EF90DF90CF90089515982D
:109700000E9406ED81E00E944EF7C82F65E575E5E1
:1097100085E591E40F94B12E0E9406ED82E00E944F
:10972000F2ECA70196010F948F816B017C018C2FC5
:109730000E944EF7DCCF8F929F92AF92BF92CF9252
:10974000DF92EF92FF924B015C01C0906C12D090BF
:109750006D12E0906E12F0906F12AC019B01C70188
:10976000B6010F94198487FF11C0A5019401C701A8
:10977000B6010F948F819F77FF90EF90DF90CF908D
:10978000BF90AF909F908F900C94394BFF90EF90CB
:10979000DF90CF90BF90AF909F908F9008952F92C1
:1097A0003F924F925F926F927F928F929F92AF9271
:1097B000BF92CF92DF92EF92FF920F931F93CF93BE
:1097C000DF9300D01F921F92CDB7DEB7D82E2A01AB
:1097D0003B01322EE982FA820B831C830E9406ED44
:1097E00081E080937412FC2CE32CD31010C0ED2C7C
:1097F000DC100DC060E070E080EA90E40E949B4BBA
:10980000FF24F394EE24E3942224239401C02D2C0E
:109810000F94260C80910C138D8310920C1382E010
:109820000E94F2EC60936C1270936D1280936E1232
:1098300090936F12F1100F94553181E00E944A44C9
:109840008C010E94924510927A0210927B02109233
:109850007C0210927D02222019F080E00F94525673
:10986000EE2019F081E00F945256DD20E9F041140A
:10987000510461047104C1F0C301B2010F94F67A7E
:109880009B01AC016091C20D7091C30D8091C40D1C
:109890009091C50D0F94908160936412709365123E
:1098A0008093661290936712332001F189819A8127
:1098B000AB81BC810097A105B105C1F0BC01CD0110
:1098C0000F94F67A9B01AC016091C60D7091C70DA3
:1098D0008091C80D9091C90D0F949081609368128A
:1098E0007093691280936A1290936B12FF2009F4AF
:1098F00099C060E070E080EA90E40E949B4B809108
:109900003C06811102C00F94525680913D06811190
:1099100003C081E00F9452560F948B0CE8E4F3E6F9
:1099200085919591A591B491E4E4F3E64591559123
:109930006591749140932C0650932D0660932E06EA
:1099400070932F068093300690933106A0933206D1
:10995000B093330660E376E08CE296E00E945A47CB
:109960000F94ED0B20E030E040E850EC60913006C1
:109970007091310680913206909133060F94858262
:1099800087FF0CC080E090E0A0E8B0EC8093300648
:1099900090933106A0933206B093330680E090E0B6
:1099A000A6E1B3E480937A0290937B02A0937C02B9
:1099B000B0937D02109277020F94620360917A0255
:1099C00070917B0280917C0290917D020F947E2E9B
:1099D0000E9406ED80912C0690912D06A0912E06F6
:1099E000B0912F068093641290936512A093661233
:1099F000B09367128091300690913106A0913206A3
:109A0000B09133068093681290936912A0936A1202
:109A1000B0936B1281E0809377020E946AF782E034
:109A20000F945256CC20E9F081149104A104B104A2
:109A3000C1F0C501B4010F94F67A9B01AC016091AD
:109A4000CA0D7091CB0D8091CC0D9091CD0D0F94DE
:109A5000908160936C1270936D1280936E1290934C
:109A60006F120F946203C8010E9430440E946AF78B
:109A70000F948B0C0F94290AD11007C0311005C028
:109A80008B8D811102C0CC2039F1F11025C09D8150
:109A9000992311F181E080930C130E94F2EC6B0189
:109AA0007C0180E00E94F2ECA70196010F940B6EFE
:109AB0009B01AC0160916C1270916D1280916E12DD
:109AC00090916F120F948F8160936C1270936D124E
:109AD00080936E1290936F1284E10F9487160E9408
:109AE00006ED109274120F900F900F900F900F9040
:109AF000DF91CF911F910F91FF90EF90DF90CF906A
:109B0000BF90AF909F908F907F906F905F904F909D
:109B10003F902F900895E4E3F3E09FE780818F3733
:109B200021F087FF08C08F778083319683E0EC3384
:109B3000F807A1F708959083F8CF909159029817EC
:109B400010F48093590280915A02882339F0E091F1
:109B5000EF03F091F003309709F019940895CF9333
:109B6000DF93CDB7DEB7AE014A5F5F4FFA01619177
:109B70007191AF018DED93E00F94AF7FDF91CF91A5
:109B800008956DED73E00D94007F6DED73E0082E88
:109B9000000C990B0D94D07ECF93C82FC15020F0AC
:109BA00080E20E94C54DFACFCF910895CF93C82F80
:109BB000862F643008F083E0809333030E9494384A
:109BC0008C0F8093320344E650E060E08068CF91D0
:109BD0000C94D640CF93DF93EA010E94D64D6DEDF1
:109BE00073E0CE01DF91CF910D94007FCF93C42F0E
:109BF0000E94D64D6DED73E08C2FCC0F990BCF9159
:109C00000D94D07E60E080E00E94D64D1092320329
:109C1000089540E456E060E081E00E94D640109252
:109C200033031092320348E050E06FE770E084E3C2
:109C300093E00D949A8690915A02981709F18093B7
:109C40005A028823E9F010922206109221061092FF
:109C5000B70584EB93E00E9484E40E9462E26150C5
:109C60007109810991096093B0037093B1038093E6
:109C7000B2039093B3030E94094E82E00C949D4D71
:109C80000895CF93C82F109233031092320348E007
:109C900050E06FE770E084E393E00F949A8644E924
:109CA00051E162E080E30E94D64046E950E062E084
:109CB00080E30E94D64046E950E062E080E30E94E3
:109CC000D64046E950E062E080E20E94D6408091B2
:109CD000EB0344E650E060E080620E94D64084E0FE
:109CE0008093310344E650E060E08CE00E94D6406F
:109CF000C1110E94094E44E650E060E086E0CF9139
:109D00000C94D64081E00C94414ECF92DF92FF92AA
:109D10000F931F93CF93DF9300D000D01F921F9219
:109D2000CDB7DEB78A30D9F480913303843018F090
:109D30008FEF80933303609133036F5F80E00E9465
:109D4000D64D28960FB6F894DEBF0FBECDBFDF917B
:109D5000CF911F910F91FF90DF90CF90089590E8E1
:109D6000980F44E650E061E09A3408F5482F4058D7
:109D7000550B9A0196E0929FA001939F500D1124DC
:109D8000FA01E151F34FF490E4E3F3E030E020E036
:109D90009FEF6191782F76277F7789F4F901EC5C4A
:109DA000FC4F8083F22E44E650E061E08F2D0E944C
:109DB000D640809132038F5F80933203C2CF6F37DA
:109DC00009F03CC0F901EC5CFC4F8083922FF92E26
:109DD000FA01E651F34F8E010F5F1F4FD8019591A5
:109DE00088E0182E10FE05900294802D9795881F0C
:109DF0008D931A94B9F7BF2DE8E0BE02C00111247B
:109E000044E650E060E080640E94D6406E01F9E0D4
:109E1000CF0ED11C44E650E061E0D8018D918D0158
:109E20000E94D640C016D106A9F78091320344E6BD
:109E300050E060E080680E94D640B5CF67FF922F67
:109E40002F5F3F4F2830310509F0A3CF9F3F09F026
:109E5000BECFA9CF8F929F92AF92BF92EF92FF9207
:109E60000F931F93CF93DF93CDB7DEB7A0970FB6B5
:109E7000F894DEBF0FBECDBF611571058105910558
:109E800099F480E3A0960FB6F894DEBF0FBECDBF65
:109E9000DF91CF911F910F91FF90EF90BF90AF9006
:109EA0009F908F900C94854E00E0842E912CB12CC5
:109EB000A12C9E012F5F3F4F7901A50194010F94C2
:109EC000DB80F701E00FF11D6083B901CA010F5F6C
:109ED000611571058105910581F70E0D1F2D111D6D
:109EE000E016F10659F0F80182918F018A3020F4D2
:109EF000805D0E94854EF4CF895CFBCFA0960FB6A3
:109F0000F894DEBF0FBECDBFDF91CF911F910F91AF
:109F1000FF90EF90BF90AF909F908F900895CF9259
:109F2000DF92EF92FF926B017C01F7FE0BC08DE296
:109F30000E94854EF094E094D094C094C11CD11C32
:109F4000E11CF11C4AE0C701B601FF90EF90DF90E1
:109F5000CF900C942A4F0F9456428F3FF9F080E037
:109F60000E941B4E0E94094E4AE858E561E080E0DD
:109F70000E94EA4D80E20E94854E0F945642682F5F
:109F800070E06F5F7F4F072E000C880B990B0E94CB
:109F90008F4F0F94FF7981E00C941B4E08950F931F
:109FA0001F93CF938C01C62FCC2359F0F801249135
:109FB000222339F00F5F1F4F84910E94854EC150BC
:109FC000F3CF8C2F0E94CC4D8C2FCF911F910F91EE
:109FD00008950F931F93CF938C01C62FCC2349F084
:109FE000F80181918F01882321F00E94854EC15094
:109FF000F5CF8C2F0E94CC4D8C2FCF911F910F91BC
:10A000000895CF93DF93EC018991882319F00E9482
:10A01000854EFACFDF91CF910895CF93DF93EC0176
:10A0200020E030E04CE852E46091701270917112BF
:10A0300080917212909173120F94908160937012BC
:10A0400070937112809372129093731260E070E0BB
:10A0500080EA91E40F94B12E0E94D1420E94094EF1
:10A0600042EC5FE560E080E00E94EA4D8881882351
:10A0700039F061E080E00E94D64DCE010E9401508F
:10A080004EE852E162E080E00E94EA4D83E49BE208
:10A090000E9479D7DF91CF910C9406ED0E94854EF6
:10A0A00090E080E00895109280031092BA05089520
:10A0B000CF9380918003C1E0811104C0C0E08C2F58
:10A0C000CF9108950E945350FACF1F920F920FB66E
:10A0D0000F9211240BB60F922F938F939F93EF93B0
:10A0E000FF93E0912C03E830E8F4F0E08827E4588F
:10A0F000FF4A8F4F0D94788184509E50A950B750DD
:10A10000CD50D650F9500B5180912B0681110AC0C9
:10A1100080910106880F80932B03882319F081E03A
:10A1200080932C03FF91EF919F918F912F910F902E
:10A130000BBE0F900FBE0F901F90189580912A03B1
:10A140008F5F80932A0390912B03981758F382E036
:10A15000E7CF83E080932C038FE0809329038FEF78
:10A1600086BD81E085BD84B58F7E84BDDBCF8091C7
:10A1700029038295807F819588BD8091290388235A
:10A1800021F0815080932903CDCF84E080932C036C
:10A190008FEF88BD8EEF86BDC5CF85E080932C0301
:10A1A0008FEF88BD86BD82E085BDBCCF2FEF28BD77
:10A1B00080912B068111B6CF80912A038F5F809307
:10A1C0002A0390912B03891708F4ACCF80910106E4
:10A1D00090E08F3791050CF0A5CF86E080932C039B
:10A1E0008FE08093290326BD81E085BD84B5806121
:10A1F000BCCF809129038295807F819588BD809115
:10A2000029038111BECF87E080932C0380E886BDAF
:10A210008FEF88BD87CF10922C0380E886BD8FEF2B
:10A2200088BDC1CFCF93C82F682F87E69FE00F94DA
:10A230008C80CC2319F0CF910D94894A1092F4169A
:10A2400010920017CF9108951092A1030E9462E22C
:10A2500060930A1770930B1780930C1790930D1748
:10A2600008958093280380FD1CC010924103209123
:10A2700041038FEF820F8E3FE8F08091A000877F2F
:10A280008093A0001092AD001092AC009FB72223E3
:10A2900061F0F894809102018062809302019FBF77
:10A2A00008958FEF80934103E2CFF89480910201EB
:10A2B0008F7DF3CFEFB7F8948091A00088608093F2
:10A2C000A00030E0809172004FEF50E081FF04C0A9
:10A2D0004091A8005091A900249FC001259F900D96
:10A2E000349F900D11246FEF70E00F9431817093C3
:10A2F000AD006093AC00EFBF08951F93CF93DF9341
:10A30000D0912803D1FD1DC01091BC03C1E020E015
:10A3100030E048E452E460915D0D70915E0D8091F3
:10A320005F0D9091600D0F94198418160CF0C0E029
:10A33000DE7FCD2B81E0111101C080E0C82BC093DE
:10A34000280380912803DF91CF911F910C94315104
:10A35000EF92FF920F931F93CF93DF93EC018B014A
:10A360007A010E94EE3881110BC0A801BE01C7011D
:10A37000DF91CF911F910F91FF90EF900D947C8012
:10A38000DF91CF911F910F91FF90EF9008950F9360
:10A390001F93CF93DF938C01D62FC72F0F94768016
:10A3A0008F3F980739F46D2F7C2FC8010F94C6801A
:10A3B0008D2F9C2FDF91CF911F910F9108950F93B7
:10A3C0001F93CF938C01C62F0F9468808F3F29F481
:10A3D0006C2FC8010F94B0808C2FCF911F910F91DB
:10A3E0000895CF93DF93EC010F947680BC016F5FEB
:10A3F0007F4FCE01DF91CF910D94C680CF93DF9335
:10A40000EC010F94688061E0680FCE01DF91CF917D
:10A410000D94B0802BE0829FC0011124805B924F8D
:10A420000F94768021E0019609F420E0822F0895B0
:10A43000CF93DF93C82FD8E0CF5FC8300CF0C0E0D7
:10A440008C2F0E940A52811103C0D150A9F7CFEF7F
:10A450008C2FDF91CF91089581EA9DE00F94688061
:10A460000E94185287FD05C0682F81EA9DE00D9477
:10A470008C8008950F931F93CF93C82F8B016DE9A4
:10A480007CE0823070F066E97CE0843050F06EE869
:10A490007CE0843031F066E87CE0853011F06FE7D5
:10A4A0007CE0C8010F941F7E8CEF8C0F823028F067
:10A4B000C170CF5CF801C6831782CF911F910F91B5
:10A4C000089561E080EC9FE00F948C8060E08FEB5A
:10A4D0009FE00F948C8060E08EEB9FE00F948C8067
:10A4E00060E08DEB9FE00F948C8060E08CEB9FE050
:10A4F0000D948C80CF93C82F82958F700E94A440BA
:10A500008C2F8F70CF910C94A44040913F125091AA
:10A51000401290E080E041155105B1F120913B12CD
:10A5200030913C1290E080E0F901E25BFF4EA081A7
:10A53000A23021F461817281860F971F4150510929
:10A5400019F1F901EF5AFF4EA1919F012E543041AC
:10A55000A111FACFF901E25BFF4E2D3EA1E03A07CF
:10A5600030F4A191A111E0CF2F5F3F4FF6CF2D3EE8
:10A57000E1E03E07C9F6EEE4F0E19F012E543041E0
:10A58000A191AA23D1F3D0CF089580913F12909149
:10A590004012181619060CF043C001979093401210
:10A5A00080933F12892BA1F480914A1090914B1017
:10A5B000892B21F410924D1010924C1080914C1068
:10A5C00090914D1090933C1280933B1281E008953E
:10A5D00080913B1290913C120396FC01E25BFF4E8E
:10A5E000208101962111F9CFFC01E25BFF4E8D3EE7
:10A5F00021E0920740F441919C012F5F3F4F4111B0
:10A60000E1CFC901F4CFEEE4F0E18D3E21E0920705
:10A61000C9F6CF018E54904121912223D1F3D2CF9C
:10A6200080E00895FC0120E03EE2DB014D91BD0198
:10A63000403249F0283011F430833196DB01119714
:10A640004C91408331962F5F2B3079F7108208951B
:10A6500040E050E0BA010C9423FDFC01238121115C
:10A660000C9401FF089590911F06911107C09091DD
:10A67000C00095FFFCCF8093C6000895913031F45F
:10A680009091C80095FFFCCF8093CE0008950E9462
:10A69000335390E080E00895CF93DF93EC01FE0107
:10A6A0008491882321F00E9433532196F8CFDF91C3
:10A6B000CF910895CF92DF92EF92FF92C0905D0DFF
:10A6C000D0905E0DE0905F0DF090600D82EB94E114
:10A6D0000E944C5342E0C701B6010F94D1158AEA9B
:10A6E00094E10E944C536091A7037091A80380915C
:10A6F000A9039091AA0341E00F94D115FF90EF9028
:10A70000DF90CF900D9484164F925F926F927F925C
:10A710008F929F92AF92BF92CF92DF92EF92FF9271
:10A720000F931F93CF93DF93CC24CA94DC2C760134
:10A730000EEA1FE093E2892E912CA12CB12C412C22
:10A74000512C3201D0E0C0E08FEFC81609F45DC093
:10A75000C8010F947680EC01BC01990F880B990B0E
:10A760000F94F67A2091760D3091770D4091780D07
:10A770005091790D0F948F822B013C01C701B601D6
:10A780000F94691486E094E10E944C53C501B40112
:10A790000F94691486E094E10E944C53BE010D2E83
:10A7A000000C880B990B0F94691486E094E10E94C9
:10A7B0004C5320E030E04AE754E4C301B2010F9467
:10A7C000357B0F94514285E0880E911CA11CB11C71
:10A7D0000E5F1F4F8FEFC81AD80AE80AF80A0A3B23
:10A7E0008FE0180709F0B0CFDF91CF911F910F9143
:10A7F000FF90EF90DF90CF90BF90AF909F908F90A1
:10A800007F906F905F904F90089589E890E30E9449
:10A810004C53B8CF882371F18AEF93E10E944C53D7
:10A820006091931270E090E080E00F946914809141
:10A8300093128430D8F01092931285EF93E10E9426
:10A840004C538091931290E00F946E42809193123A
:10A8500020915E1230915F1230936112209360124A
:10A860000E94F5D80E94D1420C9406ED8F5F809330
:10A870009312E3CF90E080E00E94E6ACE9CFCF9363
:10A88000DF9382EF93E10E944C53C4E6D2E16881EA
:10A8900079818A819B8142E00F94D1158EEE93E1FC
:10A8A0000E944C536C817D818E819F8142E00F9488
:10A8B000D1158AEE93E10E944C53688579858A858B
:10A8C0009B8542E00F94D11586EE93E10E944C5394
:10A8D0006C857D858E859F8542E00F94D11585EA34
:10A8E00097E00E944C5380E00E94E4EC0F94F67ACB
:10A8F000CAE6DDE02C813D814E815F810F948F821D
:10A9000042E00F94D11582EE93E10E944C5381E016
:10A910000E94E4EC0F94F67A288539854A855B8598
:10A920000F948F8242E00F94D1158EED93E10E9437
:10A930004C5382E00E94E4EC0F94F67A2C853D851E
:10A940004E855F850F948F8242E00F94D1158AED7A
:10A9500093E10E944C5383E00E94E4EC0F94F67A5A
:10A96000288939894A895B890F948F82DF91CF9139
:10A970000D94514283E29FE00E944C5360915D0D23
:10A9800070915E0D80915F0D9091600D41E00F948C
:10A99000D11580E29FE00E944C536091601270914B
:10A9A0006112072E000C880B990B0F94F67A41E088
:10A9B0000F94D1158CE19FE00E944C536091A70346
:10A9C0007091A8038091A9039091AA0341E00F948C
:10A9D000D11589E19FE00E944C5360915C12709107
:10A9E0005D12072E000C880B990B0F94F67A41E04C
:10A9F0000F94D11584E19FE00E944C5360915D0D4E
:10AA000070915E0D80915F0D9091600D41E00F940B
:10AA1000D11581E19FE00E944C53609160127091CA
:10AA20006112072E000C880B990B0F94F67A41E007
:10AA30000F94D1158DE09FE00E944C536091080661
:10AA400070E090E080E00F94691488E09FE00E943D
:10AA50004C536091010670E090E080E00F9469141F
:10AA600084E09FE00E944C536091700370917103E9
:10AA7000809172039091730341E00F94D1150D946E
:10AA800084160E944C530D9484168F929F92AF921D
:10AA9000BF92CF92DF92EF92FF920E9462E26B012F
:10AAA0007C0120913202222309F140917802413049
:10AAB000E9F08091140290911502A0911602B091D4
:10AAC000170246015701881A990AAA0ABB0A30E000
:10AAD000A8EEB3E00F94088186169706A806B9067B
:10AAE0006CF0443031F19CF44230D4F4C092140242
:10AAF000D0921502E0921602F0921702FF90EF90AA
:10AB0000DF90CF90BF90AF909F908F900895453089
:10AB100069F782E199E60E944C5385EB94E106C007
:10AB200082E199E60E944C5382EE94E10E944155E5
:10AB3000DDCF82E199E60E944C538CEC94E1F6CF94
:10AB4000CF9381EA9DE00F946880CBE08C9FC00199
:10AB50001124805B924F0F9476808156904F803AFB
:10AB60009F40C8F081E894E10E94415581EA9DE050
:10AB70000F9468808C9FC001112470E060E0805BBE
:10AB8000924F0F94C68084E494E10E94B0C381E0A8
:10AB9000CF910C941B4ECF910895EC01F8940E9434
:10ABA000DCE4179A10923C06169A10923D06149A0D
:10ABB00085EF98E60E944C5385E294E10E9441554E
:10ABC000209779F0CE010E944155BE0185E99CE0B5
:10ABD0000F94C68062E484E99CE00F94B0800E94E8
:10ABE0000345CDE1D4E1F1CF8BE493E00E9484E40E
:10ABF00080913F1290914012892B79F0E0913B12A5
:10AC0000F0913C12E25BFF4E8081813011F0863082
:10AC100021F48CE191E20C944155089580913F120A
:10AC200090914012892B29F00E94F4550E94C55240
:10AC3000F5CF10923C1210923B1210924D101092D0
:10AC40004C1081E0809356120895EF92FF920F937B
:10AC50001F93CF93DF9380910C13882389F18FEAA0
:10AC600093E10E94415589E993E10E94415588E8AA
:10AC700093E10E944155C7E0DCE1C15058F1CD9FFE
:10AC80007001112401E010E085E893E10E944C532B
:10AC9000F801EE0FFF1FEE0FFF1FEE0DFF1DE75F28
:10ACA000FC4E608171818281938145E00F94D115C2
:10ACB0000F5F1F4F0830110539F70F948416DDCF51
:10ACC0008CEB93E1DF91CF911F910F91FF90EF906B
:10ACD0000C944155DF91CF911F910F91FF90EF9010
:10ACE0000895CF92DF92EF92FF926B017C01C092A8
:10ACF0002D03D0922E03E0922F03F0923003809127
:10AD000046038230B1F420E030E040E950E4C7016E
:10AD10000F94858287FF14C080919A0D90919B0DAE
:10AD2000A0919C0DB0919D0D803D9740A105B1056E
:10AD300020F5C701B601FF90EF90DF90CF90089506
:10AD40002AE939E949E95EE3C701B6010F94858232
:10AD500087FF0AC020E030E048E351E4C701B601B4
:10AD60000F94357B6B017C0181ED9CE00E944C537C
:10AD7000C701B6010F945142DCCF2AE939E949E90C
:10AD80005EE3C701B6010F94858287FDE3CF20E023
:10AD900030E040E85EE3C701B6010F94357B20E068
:10ADA00030E048E550E40F949081DCCFCF92DF9201
:10ADB000EF92FF92CF93909146039817B9F1C82F65
:10ADC000C0902D03D0902E03E0902F03F09030031D
:10ADD00020E030E0A901C701B6010F9485828823E5
:10ADE00041F0C092BE0DD092BF0DE092C00DF09226
:10ADF000C10D84EB9CE00E944C53C13011F1E0F096
:10AE0000C23011F1C09346036091BE0D7091BF0D29
:10AE10008091C00D9091C10D0E9471566093BE0D3E
:10AE20007093BF0D8093C00D9093C10DCF91FF9093
:10AE3000EF90DF90CF9008958CEA9CE00E944155FE
:10AE4000E1CF88EA9CE0FACF84EA9CE0F7CF0E9449
:10AE500006ED179AECE3F6E01082169A1182149A26
:10AE600080E00E94D6568FEF9FEF909373028093FD
:10AE700072022FEF20936F0290933E0280933D0267
:10AE800020933F02909371028093700290933C0252
:10AE900080933B020895182FF894CDB7DEB700D009
:10AEA000CF90DF90EF9088E199E20FB6F894A895E3
:10AEB000809360000FBE909360009FB7F894E2E02B
:10AEC000F1E08081886080839FBF0E94DCE483E69C
:10AED0009CE00E9441558BE59CE00E944C53612F01
:10AEE00070E090E080E04AE00F94F31387E59CE087
:10AEF0000E944C538E2DB60190E040E10F94F31365
:10AF000083E59CE00E944C53BE0190E080E040E16C
:10AF10000F94F3130F94841640E060E072E290E027
:10AF200080E00F9478558CE191E20E9441550E9497
:10AF30000345C82F9FB7F8948091020184608093E5
:10AF400002019FBF6C2F83E09DE00F948C80809165
:10AF50005E03882319F08C2F0E944B570E940345F3
:10AF60001F920F920FB60F92112483E00E949957FF
:10AF70001F920F920FB60F92112482E00E949957F0
:10AF800041ED50E062E87BE08AE69DE00F94027EAE
:10AF90000F94D5020E9411EB0E942E4382E199E6A4
:10AFA0000E944C5380E69BE00C94415544E050E0F5
:10AFB00064E170E08AE69DE00F94588043E050E041
:10AFC00062E87BE08AE69DE00F94477E892B09F0DA
:10AFD0005DC0E6E4FCE0459155916591749188ED82
:10AFE00090E00E94F640EAE4FCE0459155916591BD
:10AFF00074918CED90E00E94F640EEE4FCE06491E8
:10B0000080EE90E00E94DF51EFE4FCE065917491E6
:10B0100081EE90E00E94C751E1E5FCE065917491FA
:10B0200083EE90E00E94C751E2E4FCE04591559127
:10B030006591749184ED90E00E94F6404EE15CE0F1
:10B0400060E170E080EB90E00E94A8514EE25CE08D
:10B0500060E170E080EC90E00E94A85141ED50E08A
:10B0600064E170E08AE69DE00F9458800E942E43D0
:10B070000F94D5020E9411EB82E199E60E944C5395
:10B0800086E49BE00E94415581E008950E94C057EC
:10B0900064E070E084E190E00E94EE3891E089275E
:10B0A000089562E87BE08AE69DE00F941F7E41ED03
:10B0B00050E064E170E08AE69DE00F947C8082E1DC
:10B0C00099E60E944C5386E39BE00C9441552F92E5
:10B0D0003F924F925F926F927F928F929F92AF9228
:10B0E000BF92CF92DF92EF92FF920F931F93CF9375
:10B0F000DF93CDB7DEB7A0970FB6F894DEBF0FBED3
:10B10000CDBF8FE590E00E949A39882309F4A1C051
:10B110000E949E388F37910561F480915705909178
:10B120005805909356058093550587E29BE00E9451
:10B1300041556E014FE1C40ED11C992493940E9495
:10B140009E38181619060CF078C080917612882364
:10B1500029F00E941945882309F46FC080917E036D
:10B1600081116BC02091570530915805809155058C
:10B17000909156058217930711F3F901EB52FB4F9B
:10B1800080812F5F3F4F2F773327309358052093CF
:10B1900057058F3F09F079C080911F03882309F478
:10B1A00071C090921E0310921F031F8E18A28090F0
:10B1B0002203882021F2809120038F8FF1E0F8157F
:10B1C00018F48091210388A3109222031601822D86
:10B1D0008C19881508F0B3CFF10111911F0185E298
:10B1E00093E00E949DE217FDF2CF80914A1090916A
:10B1F0004B101A3009F44BC11D3009F448C18F358A
:10B2000091050CF049C11B3311F490922403209155
:10B2100024032111DCCF9C012F5F3F4F30934B1053
:10B2200020934A1020914C1030914D10225B3F4EDC
:10B23000820F931FFC011383CACF80914A10909113
:10B240004B10181619060CF451C28091DA138111B3
:10B2500067C2A0960FB6F894DEBF0FBECDBFDF91D8
:10B26000CF911F910F91FF90EF90DF90CF90BF9003
:10B27000AF909F908F907F906F905F904F903F9096
:10B280002F90089590921F0390CF90911E039923C1
:10B2900009F458C0893FE9F170F5863F09F44AC0C6
:10B2A000873F09F443C082EF9AE00E944C538DEE31
:10B2B0009AE00E944C5310911D0389EE9AE010FD14
:10B2C00002C084EE9AE00E944C53012F02708FED71
:10B2D0009AE011FD02C08AED9AE00E944C5389ED7C
:10B2E0009AE00E944155002349F185E480930B02C6
:10B2F00010921E035ACF8A3F41F08B3FA1F68091F6
:10B300001D03816080931D03CECF80911D038E7F2E
:10B31000F9CF1092220310921E0310921D03109277
:10B320001C0310921F0310921B03BDCF80911D03BD
:10B330008260E8CF80911D038D7FE4CF90E29093EF
:10B340000B02D6CF90911F0330911D03992331F149
:10B35000E091220330FF49C020911B03222309F40E
:10B3600040C091E09E0F90932203AE2FB0E0A05E0C
:10B37000BC4FFFEFFC9340911C03442351F0EE5F60
:10B38000E0932203E92FF0E0E05EFC4F408310924F
:10B390001C03215020931B0310921F03E0912203F2
:10B3A00030FF6CC090911B03992349F121E02E0FCF
:10B3B00020932203AE2FB0E0A05EBC4F8C9380910F
:10B3C0001C03882351F0EE5FE0932203E22FF0E0AC
:10B3D000E05EFC4F808310921C03915090931B03FE
:10B3E000E4CE42E040931B03D7CF91E09E0F9093B1
:10B3F0002203F0E0E05EFC4F9FEF9083CDCFA82FBB
:10B40000AF7030E021E0AF3029F0B0E0A050BE4F87
:10B410003C9120E0482F407F403F59F4226020FFBC
:10B4200013C090921B0321FF0CC0E2E0E0931B03CA
:10B43000BCCE82958F70A82FB0E0A050BE4F9C91DB
:10B44000EECF90931C03B1CE81E08E0F8093220348
:10B45000AE2FB0E0A05EBC4F3C933A3009F4A5CECD
:10B4600021FF03C090921B03A0CEEE5FE093220366
:10B47000E82FF0E0E05EFC4F908397CE91E09E0FC6
:10B4800090932203F0E0E05EFC4F80838ECE009725
:10B4900019F410922403DDCE00914C1010914D1040
:10B4A0000F5A1F4E800F911FFC0110821A830983CF
:10B4B000809124038111FDC0F80180818E3409F050
:10B4C00084C04AE050E0BE016F5F7F4FC801019623
:10B4D0000F94F37B2B013C01E980FA80F701808116
:10B4E000803231F4FFEFEF1AFF0AFA82E982F4CFDB
:10B4F0008091411290914212A0914312B091441256
:10B500000196A11DB11D84159505A605B70549F045
:10B5100044E050E062E27BE0C7010F94477E892B54
:10B52000A1F46AE270E0C7010F94BF869093CF0444
:10B530008093CE04009709F441C0F801F12C8E17D6
:10B540009F07F1F02191F226FACF85EF98E60E944D
:10B550004C5383E397E00E944C53609141127091E9
:10B56000421280914312909144120F9469140F94E7
:10B5700084160E94C03810924B1010924A1069CE67
:10B580000E942B39F816190639F085EF98E60E94CB
:10B590004C5384E197E0DFCFE091CE04F091CF04EB
:10B5A0001082E980FA806DE17BE0C7010F94167E7E
:10B5B000892B39F583E099E00E94CD5585EF98E617
:10B5C0000E944C538AEE96E0C6CF89819A81FC0195
:10B5D0002081203221F401969A838983F6CF6AE292
:10B5E00070E00F94BF86892B39F085EF98E60E94B2
:10B5F0004C5380EC96E0AFCF44244A94542C320153
:10B60000D0CF44E050E068E17BE0C7010F94477E73
:10B610005C01F7018081873481F48091640D85306D
:10B6200061F085E492E10E949DE2F6E0F093640D02
:10B6300060E085EA9FE00F948C80AB2821F0809138
:10B640003E12811198CF26E077FC21E080914C10CA
:10B6500090914D10FC01E25BFF4E208349815A819D
:10B66000F801DA0140175107A1F501900020E9F730
:10B670009F01201B310B0396280F391F2D3EF1E04F
:10B680003F0779F130934D1020934C1080913F1279
:10B690009091401201969093401280933F1277FC54
:10B6A00008C040924112509242126092431270922E
:10B6B000441210924B1010924A100E949E38892B0F
:10B6C00009F4C7CD8FE590E00E949A3981117FCDB2
:10B6D000C0CD6D9161939D01241B350B6111F9CF94
:10B6E000CACF10924D1010924C10D0CF8091630DA4
:10B6F00060E273E0811102C060ED77E085E293E0E3
:10B700000E946EE2882309F4A0CD109224031092C7
:10B710004B1010924A108DE09BE00E94415599CD4C
:10B7200080916D16882309F494CD80914A109091F0
:10B730004B10892B09F08DCD80913F1290914012D2
:10B74000892B11F41092230312E001E04091EE16D0
:10B750005091EF166091F0167091F1168091E716F6
:10B760009091E816A091E916B091EA16481759078A
:10B770006A077B0708F0C1C0809123038111BDC017
:10B780000F949C49409172165091731660917416F3
:10B79000709175164093EE165093EF166093F01665
:10B7A0007093F11620914A1030914B108A3061F05D
:10B7B0008D3051F0833209F487C02F35310524F4E0
:10B7C0008F3F980709F087C02115310509F441CD55
:10B7D00080916D16811103C040E050E0BA01809164
:10B7E0004C1290914D12481B590BA0914C10B091E6
:10B7F0004D10FD01E25BFF4E10834183528313968F
:10B80000225B3F4EF901EA0FFB1F1082A25BBF4E85
:10B81000FD0101900020E9F73197EA1BFB0BF8943A
:10B8200080913F1290914012019690934012809324
:10B830003F12EC5F80914C1090914D10E80FF92F62
:10B84000F11DF0934D10E0934C1080916D168823FC
:10B8500009F43DC08091EE169091EF16A091F0167C
:10B86000B091F11680934C1290934D12A0934E120A
:10B87000B0934F12ED3EF14021F410924D10109212
:10B880004C1078941092240310924B1010924A108E
:10B890004091EE165091EF166091F0167091F116EE
:10B8A0008091E7169091E816A091E916B091EA16FA
:10B8B000481759076A077B0700F58FE590E00E945B
:10B8C0009A39811143CFC5CC009323037DCF80E00B
:10B8D00090E0DC01C7CFA9014F5F5F4F50934B1041
:10B8E00040934A1040914C1050914D10425B5F4E76
:10B8F000240F351FF901838329CF4091EE16509113
:10B90000EF166091F0167091F1168091E716909104
:10B91000E816A091E916B091EA16481759076A0788
:10B920007B0708F496CC0E948552892B09F091CCB4
:10B930000F94A8428DEA96E00E9441550E943EEB8A
:10B940006B017C010E9494438CE3882E912CA12CE6
:10B95000B12CC701B601A50194010F94DB80CA0187
:10B96000B901A50194010F94DB807F936F93C70108
:10B97000B60120E13EE040E050E00F94DB803F93D1
:10B980002F9389EF9AE09F938F938E010F5F1F4F44
:10B990001F930F930F947F7F82E199E60E944C538F
:10B9A000C8010F947031C8010E94C1B90F94D24FE1
:10B9B000109256020FB6F894DEBF0FBECDBF809135
:10B9C000DB13882359F00F94DF448091630D8823A3
:10B9D00009F43FCC86E00F9487163BCC81E00F94AE
:10B9E00011508091DB138111EECFEFCF0F931F9396
:10B9F000CF93DF93C82F8091F416813009F447C0AC
:10BA0000823009F45DC00E9475458111FDC08091AE
:10BA1000601290916112009739F420915C1230917C
:10BA20005D12232B09F4F0C040913302509134028F
:10BA3000609135027091360241155105610571051D
:10BA400009F4E2C0892B31F480915C1290915D126F
:10BA5000892B29F08091C005882309F43DC180918C
:10BA6000630D882321F040EE52E369E270E080EC40
:10BA700095E00E94D7E2882309F4C8C00E94DCE464
:10BA800083EB9FE00E94B0C30F94AE0FBFC00F9432
:10BA9000374B882309F4B7CF81E0909101179111BA
:10BAA00001C080E08093F71680913B0E90913C0E90
:10BAB000909304178093031782E08093F416A3CF2A
:10BAC0000F94374B1092F8168091F416823009F0DB
:10BAD0009ACF8091F916811140C0D091011781E071
:10BAE000D11101C080E09091F716891709F48BCF2E
:10BAF0008093F71689EF96E10E949DE2DD23B1F174
:10BB00008091F516882311F180917F0381111EC069
:10BB1000809104138130D1F08091410D9091420DBC
:10BB2000891B8F7099F40E94244581110FC0809168
:10BB3000610D843059F08FE59FE00F94688081118A
:10BB400005C061E081EF95ED0F94001281E08093D4
:10BB5000F81681E08093590256CF64E670E089EFD1
:10BB600096E10E946EE28111B8CF4DCF8091F6161A
:10BB7000882379F380917F038111EBCF8091410D70
:10BB80009091420D891B8F7021F40E9424458823D7
:10BB900001F3809176128111DCCF80910413813002
:10BBA000C1F28091610D8430A1F28FE59FE00F9486
:10BBB00068808111CECF84E098E09F938F938AEEC6
:10BBC00097E09F938F930F942A7F1092F61610920E
:10BBD000F51660E070E0CB010F94B54260E070E0D4
:10BBE000CB010E949C4585E69FE00E94FE5181E0CA
:10BBF0009FE00E94F1518FE591E60F9425440F904C
:10BC00000F900F900F90A5CF1092C00580913F121A
:10BC100090914012039714F40E9467589091410D3F
:10BC20008091420D981781F08091640D863061F407
:10BC300068E873E185E492E10E946EE2882321F0D6
:10BC400085E492E10E949DE24091470350914803B0
:10BC50006091490370914A034115510561057105D1
:10BC600009F03FC04091370250913802609139028B
:10BC700070913A024115510561057105A9F08BE4F7
:10BC800093E00E94D7E2882379F09091410D809152
:10BC9000420D981309C0C11107C0179A10923C06B3
:10BCA000169A10923D06149AC09158129091420D26
:10BCB0008091410D981701F18091420D9EE6899F78
:10BCC000F0011124E955F94FC0819091410D981769
:10BCD00099F08F5F8F70F9CF80EC95E00E9484E43B
:10BCE00095CF8BE493E00E94D7E2882309F4BACF82
:10BCF00089E094E10E94CD55CC2309F4BEC0809127
:10BD0000420390914303A0914403B0914503892BD2
:10BD10008A2B8B2B81F40E9462E2605E7C4F8F4FF6
:10BD20009F4F609342037093430380934403909327
:10BD30004503CFEF0FC00E9462E2009142031091D1
:10BD40004303209144033091450360177107820734
:10BD5000930778F38091A103882309F497C0C093D7
:10BD6000650280914A04811107C081E080934A04F2
:10BD70000F94CB7310924A048091B9058823C9F1BE
:10BD80001092B9054FB7F8948091B705282F082E67
:10BD9000000C330B37FF03C0319521953109243056
:10BDA00031050CF476C0982F87FF02C093E0980FFE
:10BDB000959595952091210630912206290F311DE8
:10BDC00097FD3A953093220620932106837887FFCA
:10BDD00003C081508C6F8F5F8093B7054FBF86E0A3
:10BDE0000E9473F780915902811103C081E0809312
:10BDF00059028091BA05882361F00E945350E09166
:10BE0000F103F091F203309721F080915A028111F1
:10BE100019952091D21330E0A8EEB3E00F94088179
:10BE2000AB01BC0183ED93E10E94D7E2882399F036
:10BE30008091D11380FD0E94BA548091D11382FD6C
:10BE40000E943F548091D11381FD0E94F94383EDFC
:10BE500093E10E9484E48091630D811102C00E94ED
:10BE6000455540E355E760E070E087E793E0DF91F8
:10BE7000CF911F910F910C94D7E210924203109230
:10BE80004303109244031092450364CFC0932006ED
:10BE900068CF1092B7054FBF80E0A2CFCF93DF935A
:10BEA000EC010F942A1E81E00E94F65C80E00E9463
:10BEB0009D4D209799F0C233D10540F062E370E0C8
:10BEC00080E090E00E942FE2E297EBCFBE0190E08D
:10BED00080E00E942FE2D0E0C0E0E3CFDF91CF917D
:10BEE0000895CF93DF93C82FDFEF0F942A1E81E0D0
:10BEF0000E94F65C809102138F3FD9F480919712D3
:10BF0000843021F480919A128111EFCF8091D51263
:10BF10009091D612019749F78091FC129091FD12F1
:10BF20008932904811F360E089E290E80F943E5224
:10BF3000DCCFD0930213853039F4CF3FF9F261E0C2
:10BF40008C2F0F94587AD1CF8430C1F6DF91CF91E6
:10BF50000895CF93DF93EC018991882319F00E9413
:10BF60003353FACFDF91CF910895FF920F931F9330
:10BF7000CF93DF93EC01F62E662309F44BC00F94A8
:10BF8000267E8C01C8010E949A39882309F453C087
:10BF900080914C1090914D10FC01E25BFF4E23E02C
:10BFA00020838F5A9F4EBE01FF20E9F10F941F7E20
:10BFB00082E199E60E944C5382EA96E00E944C533B
:10BFC00080914C1090914D108F5A9F4E0E94A95F06
:10BFD00080EA96E00E94415580914C1090914D105E
:10BFE0000496080F191F0D3E81E01807F9F0109311
:10BFF0004D1000934C1080913F1290914012019689
:10C000009093401280933F12DF91CF911F910F9137
:10C01000FF900895FC0101900020E9F731978F010E
:10C02000081B190BAFCF0F94D386C2CF10924D10BF
:10C0300010924C10E0CF85EF98E60E944C5382EAB4
:10C0400096E00E944C53CE01FF2059F00E944C53C1
:10C0500083EC98E6DF91CF911F910F91FF900C94A4
:10C0600041550E94A95FF4CF0F931F93CF93DF93A5
:10C07000D62F8C01C0E0F801859194912FE1883F83
:10C08000920721F420910413213019F461E00E94F9
:10C09000B55FCF5F0E5F1F4FDC13EDCFDF91CF9108
:10C0A0001F910F910895CF93DF93CDB7DEB76E97B1
:10C0B0000FB6F894DEBF0FBECDBF9E012C5D3F4F83
:10C0C000F901419151919F016EE170E0CE0101961D
:10C0D0000F94BE7F60E0CE0101960E94B55F6E9620
:10C0E0000FB6F894DEBF0FBECDBFDF91CF9108959C
:10C0F0001F920F920FB60F9211240BB60F922F932F
:10C100003F934F935F936F937F938F939F93AF93DF
:10C11000BF93EF93FF932091780030917900E091E5
:10C120001A03F0E0EE0FFF1FE65FFC4F8081918164
:10C13000820F931F91838083809109038F5F809387
:10C1400009038031E9F580911A038F5F80931A0308
:10C15000883071F580910A0390910B039093F0055C
:10C160008093EF0580910E0390910F039093F20559
:10C170008093F10580910C0390910D039093EE054F
:10C180008093ED0581E080930906FF91EF91BF91C7
:10C19000AF919F918F917F916F915F914F913F915F
:10C1A0002F910F900BBE0F900FBE0F901F90189500
:10C1B000809108034FE553E08F5F41F4109208032C
:10C1C00080917A00806480937A00DFCF9A01082EF4
:10C1D00002C0359527950A94E2F720FFEDCF8093B2
:10C1E00008030E94AB3810920903EACFCF93DF9384
:10C1F000CAE7D0E088818F7B888310920903109270
:10C200001A031092080380E00E94AB38EAE0F3E0E2
:10C2100080E1DF011D928A95E9F788818064888337
:10C22000DF91CF9108952F923F924F925F926F923C
:10C230007F928F929F92AF92BF92CF92DF92EF92B6
:10C24000FF920F931F93CF93DF93CDB7DEB7A497E1
:10C250000FB6F894DEBF0FBECDBF0E9406ED8091F1
:10C26000450D811117C081E08093751280913C06C5
:10C27000882349F080913D06882329F020913E06CD
:10C280002F83211120C081E0809356128DEF9FE112
:10C290000F942544A4960FB6F894DEBF0FBECDBF11
:10C2A000DF91CF911F910F91FF90EF90DF90CF9092
:10C2B000BF90AF909F908F907F906F905F904F90C6
:10C2C0003F902F9008958BEA9DE00F946880182F7F
:10C2D0008EE40E940939082F0E941E398E830023A4
:10C2E00029F0873009F4C9C0833029F0133009F0F0
:10C2F000C3C063E06E8380E090E0A0E8BFE38A8380
:10C300009B83AC83BD838AEA9DE00F946880888F0D
:10C3100083E40E940939182F0E941E39112329F045
:10C32000882319F08B3008F4888F88E50E9409393A
:10C33000882309F4ABC00E94E13D20E030E048E0F2
:10C3400052E40F948F8120E030E048EB51E40F94E9
:10C350008F816A877B878C879D8789E50E94093951
:10C36000882309F49CC00E94E13D20E030E048E0D1
:10C3700052E40F948F8120E030E040EA50E40F94C3
:10C380008F816C8B7D8B8E8B9F8B87E50E9409390B
:10C39000882309F489C00E94E13D2A853B854C85AC
:10C3A0005D850F94908120E030E048E852E40F94DE
:10C3B0009081698F7A8F8B8F9C8F88E40E940939D6
:10C3C000882309F47AC00E94E13D2C893D894E8979
:10C3D0005F890F94908120E030E048E852E40F94A8
:10C3E00090816D8F7E8F8F8F98A30F948758809147
:10C3F0002C0290912D02A0912E02B0912F028093D9
:10C400000D1390930E13A0930F13B09310130F946A
:10C41000553105EC1FE0C8010F947680019609F0B4
:10C4200051C00E5F1F4F053D8FE01807A1F7212C6B
:10C43000ACE0B3E1BAA3A9A3B987A887512C412CDA
:10C44000312C042D842D63E00F941781988B688420
:10C45000798410E0F889F11137C0812F63E00F94DF
:10C460001781911131C021103DC17E81733009F4D3
:10C4700070C08F818E8737C01E836AE979E989E1B0
:10C480009FE36A837B838C839D833DCF80E090E034
:10C49000A0E8BFEF8A879B87AC87BD875ECF60E04F
:10C4A00070E080E89FEF6DCF80E090E0A0E8BFE70C
:10C4B000898F9A8FAB8FBC8F80CF60E070E080E86F
:10C4C0009FE78FCF2F80B4CF60E070E080EC9FE7D4
:10C4D000D30111966D937D938D939C931497BE8198
:10C4E000B330C1F11E86812F0F94070A4B015C0106
:10C4F000802F0F94070A6B017C01A50194016A85C6
:10C500007B858C859D850F94198418160CF41AC1AF
:10C51000298D3A8D4B8D5C8DC501B4010F94198422
:10C5200018160CF40FC1A70196016C897D898E89BC
:10C530009F890F94198418160CF404C12D8D3E8D1B
:10C540004F8D58A1C701B6010F94198418160CF429
:10C55000F9C033941F5F24E0620E711C173009F09C
:10C5600079CF6FEF461A560A888599854C96998738
:10C57000888797E04916510409F063CF0F94506FF4
:10C58000A0916006AF83B091CE03B88781E080931D
:10C5900060068AE0830D8093CE0381E00E949D4D6A
:10C5A00080E090E0A0EAB0E480936C1290936D126A
:10C5B000A0936E12B0936F1265E575E585E591E481
:10C5C0000F94B12E80E00E944A449CA38BA3312C8F
:10C5D000832D67E00F941781F82E092F682F70E0E4
:10C5E0007F876E8780FF03C076E0791B072F802F3F
:10C5F00063E00F941781911105C08F2D0F9417815F
:10C6000011E0911110E0802F0F94070A688B798B4D
:10C610008A8B9B8B8F2D0F94070A4B015C018E81B7
:10C62000833009F097C01111C6C027E0AE85BF85E1
:10C630002A9FF0012B9FF00D1124E00FF11DEE0F4A
:10C64000FF1FEE0FFF1FE45FFC4E60E070E080EC28
:10C650009FE761837283838394833394E1E33E1283
:10C66000B7CF80E090E0A0EAB0E480936C129093A2
:10C670006D12A0936E12B0936F1265E575E585E5B6
:10C6800091E40F94B12E0E9406EDB1E33B1609F43C
:10C6900036C28091400391E0980F90934003882325
:10C6A00009F4CFC160E080E00E94D2B989E89FE040
:10C6B0000E94B0C380E00E9429C381E08093780289
:10C6C00087EE90E60E9471B92F81209360066885FD
:10C6D0006093CE0382E00E949D4D0E9406ED109271
:10C6E0007512D8CD011103C0112309F4BECE812FDC
:10C6F00063E00F942381840D952D911D880F991F60
:10C700008D53904F0F947680BC01990F880B990B35
:10C710000F94F67A2AE037ED43E25CE30F94357B21
:10C720009B01AC0160910D1370910E1380910F135A
:10C73000909110130F949081F3016183728383832E
:10C74000948393CEFE85FF2309F404CF222009F4BD
:10C7500000CF00CF288939894A895B896A857B8522
:10C760008C859D850F941984181604F128893989C0
:10C770004A895B89698D7A8D8B8D9C8D0F9485821A
:10C7800087FD14C0A50194016C897D898E899F89DC
:10C790000F941984181654F0A50194016D8D7E8DA7
:10C7A0008F8D98A10F94858287FF05C0112309F40E
:10C7B00054CF211052CF10E0A7E08E859F85A89F0F
:10C7C000F001A99FF00D1124E00FF11FEE0FFF1FE4
:10C7D000EE0FFF1FE45FFC4E418052806380748047
:10C7E000C12CD12CE0EAEE2EE0E4FE2E222051F006
:10C7F00023E333E343EB5EE3C301B2010F94908183
:10C800006B017C01A701960160916C1270916D1211
:10C8100080916E1290916F120F94858287FF10C0E5
:10C82000C0926C12D0926D12E0926E12F0926F1262
:10C8300065E575E585E591E40F94B12E0E9406ED5E
:10C84000688979898A899B896093641270936512DB
:10C850008093661290936712809268129092691288
:10C86000A0926A12B0926B1268E672E184E692E1DD
:10C870000E94024860E070E086E193E40F94B12EDC
:10C880000E9406ED8091450D882339F07F817093D9
:10C89000600688858093CE03FDCC812C912C70E2BC
:10C8A000A72E71ECB72E222051F02A813B814C81BA
:10C8B0005D81C301B2010F948F814B015C01488DF2
:10C8C000C501B4010F949158811109C08FEE94E411
:10C8D0009F938F930F942A7F0F900F90C2CE209139
:10C8E0006C1230916D1240916E1250916F12C7010F
:10C8F000B6010F948F8120E030E0A9010F9485826A
:10C9000087FF36C060E070E080EA90E460936C12CC
:10C9100070936D1280936E1290936F1265E575E5BA
:10C9200085E591E40F94B12E0E9406ED488DC50176
:10C93000B4010F949158882349F220916C123091E0
:10C940006D1240916E1250916F1260E070E080EABB
:10C9500090E40F948F812DEC3CEC4CEC5DE30F9454
:10C96000858287FF05C086E593E10F94517F79CEDC
:10C97000C0906C12D0906D12E0906E12F0906F1219
:10C980002220A1F0A7019601C301B2010F948F816B
:10C990009B01AC015F776A817B818C819D810F94C3
:10C9A000858287FF03C08DE193E1DFCF8FEA9FE0AF
:10C9B0000F946880882309F440C086EA9FE00F94B2
:10C9C00068808823D1F16091700370917103809128
:10C9D0007203909173030E94E2392091760D309199
:10C9E000770D4091780D5091790D0F948F829B01B6
:10C9F000AC01E7E0AE85BF85EA9FC001EB9F900DDB
:10CA00001124080F191F000F111F000F111F045FC1
:10CA10001C4EC701B6010F948F81D80111966D93FA
:10CA20007D938D939C9314978091CE038150809336
:10CA3000CE0381E00E949D4D10CE20E030E0A901A0
:10CA4000D8CF85E00E9473F7C12CD12C90EAE92E53
:10CA500090E4F92E87E59FE00E94F7BA90E080E02D
:10CA60000E949BBA81E00E9485D680E00E944EF72A
:10CA7000182F60E070E080E89FEB0E94394B81E066
:10CA80000E944EF7C0926C12D0926D12E0926E121C
:10CA9000F0926F1265E575E585E591E40F94B12E8E
:10CAA0000E9406ED812F0E944EF782E00E94F2EC78
:10CAB00020E030E040EA50E40F941984181654F254
:10CAC000EF81E0936006F885F093CE0381E00E9449
:10CAD0001B4EDD24D394DF92812C912C5401CC2465
:10CAE000C394E12CF12C870121E040E050E0BA0131
:10CAF00081E00E94CF4BD09256120F90CBCB109278
:10CB000040038BA19CA10E94304410922A061092EF
:10CB1000290680E10E9473B2882391F00E94A055FB
:10CB200081EA9DE00F9468802BE0829FC001112470
:10CB3000805B924F0F94768090932A06809329060B
:10CB40006091290670912A06072E000C880B990B1C
:10CB50000F94F67A90582091760D3091770D409190
:10CB6000780D5091790D0F948F820F941B3180ECCA
:10CB70009FE00F94688091E0813009F090E0998304
:10CB80004FEB5FE06CE4CE0101960E943839F82E3D
:10CB90004EEB5FE062E5CE0101960E943839082F26
:10CBA0004DEB5FE066E4CE0101960E943839182F04
:10CBB0004CEB5FE062E4CE0101960E943839212FF0
:10CBC000110F330B082E000C990B5C01A21AB30A4B
:10CBD0008F2DFF0C990B280F391F46E0429F6001F3
:10CBE000439FD00C1124F12CE12C002E000C110BD2
:10CBF000081B190BB701635F7C4E3B01460177E0D0
:10CC00007A83D3012D903D904D905D903D01FD01C3
:10CC10003497FB87EA87B401092C000C880B990B29
:10CC20000F94F67A2FE333EC4EE259E30F94357B01
:10CC3000A20191010F949081AA85BB856D937D938C
:10CC40008D939C931397BA81B150BA83800E911E35
:10CC5000B111D7CFCA0CDB1CECE1EE0EF11CF4ECE9
:10CC6000EF16F10439F60F94506F8DE40E940939E4
:10CC7000882309F484C00E941E392E81273009F0D0
:10CC800094C0882309F491C0BB24B394AA24AA9425
:10CC9000AB0C09A11AA1612C8EEF882E8B0C6A2D8A
:10CCA000862D0F94D20999249394960C81116EC00D
:10CCB0006B2D862D0F94D209C12CD12C7601712CAD
:10CCC000882381F020E030E0A901D8015D966D91C4
:10CCD0007D918D919C9190970F9490816B017C0137
:10CCE00077247394682D862D0F94D209882369F0D8
:10CCF000F8017B972081318142815381C701B601C0
:10CD00000F9490816B017C0173946A2D892D0F948F
:10CD1000D209882361F0F801258136814781508549
:10CD2000C701B6010F9490816B017C0173946A2D49
:10CD30008FEF860D0F94D209882331F1F8013397D4
:10CD40002081318142815381C701B6010F949081C6
:10CD50006B017C017394672D70E090E080E00F948C
:10CD6000F67A9B01AC01C701B6010F948F82D801FE
:10CD700011966D937D938D939C93149707C08CEAC5
:10CD80009DE00F94688079CF7110E5CF692C0C5F1E
:10CD90001F4FB7E09B1283CFB394E9A1FAA17C9611
:10CDA000FAA3E9A3F8E0BF1271CF81E080930C13DE
:10CDB0008FE40E940939811103C00F94082F7DCCA4
:10CDC0000E941E398111F9CF0E94254476CC2F9202
:10CDD0003F924F925F926F927F928F929F92AF920B
:10CDE000BF92CF92DF92EF92FF920F931F93CF9358
:10CDF000DF93CDB7DEB7C356D1090FB6F894DEBFC7
:10CE00000FBECDBF82E08093780200913B1210915B
:10CE10003C120F5A1F4E45E050E065E77DE1C80126
:10CE20000F94477E892B09F098C18091630D882368
:10CE300009F44DC084E89AE10F949102882379F0B7
:10CE40008091D0041F928F938EE898E09F938F93E8
:10CE50000F942A7F0F900F900F900F9008C080E8DA
:10CE60009AE10F949102882341F01092F30381E03C
:10CE7000809378020E94F45537C28DE79AE10F94AF
:10CE80009102882321F18091CE049091CF0461E03A
:10CE900003960F949A4E0F949C498C0180917216C0
:10CEA00090917316A0917416B09175168093EE163A
:10CEB0009093EF16A093F016B093F116802F0E9476
:10CEC00033530A30110539F70F94A842D0CF8BE6BF
:10CED0009DE10F9491028111CACF87E69DE10F94E5
:10CEE0009102882321F14091A4035091A5032CE3E2
:10CEF000249FC001259F900D11249F938F934091F3
:10CF0000A2035091A303249FC001259F900D1124DB
:10CF10009F938F9382EC9AE09F938F930F942A7F35
:10CF20000F900F900F900F900F900F90A0CF82E670
:10CF30009DE10F949102882311F18CE89FE00F94FA
:10CF40006880811110C061E084E691E60E94B55FBF
:10CF500060E085EA9FE00F948C8060E08FE79CE0C2
:10CF60000F948C8084CF813009F081CF0E948BEBAD
:10CF700085E492E10E949DE20E943DA878CF8BE576
:10CF80009DE10F949102882321F080E00F94D671E7
:10CF90006ECF85E59DE10F94910281110E940345BA
:10CFA00082E59DE10F9491028823A9F044E150E0CD
:10CFB00065E17DE0CE0101960F9458808C8988232D
:10CFC00029F087E49DE10F94517F51CFCE01019666
:10CFD0000F94F7864CCF83E49DE10F949102882350
:10CFE00029F087E39DE10E94415541CF83E39DE114
:10CFF0000F949102882319F084E19DE1F4CF8FE032
:10D000009DE10F949102811132CF8CE09DE10F944C
:10D010009102882379F081EA9DE00F9468802BE0EB
:10D02000829FC001112470E060E0805B924F0F94FA
:10D03000AA801DCF89E09DE10F949102882351F0D1
:10D040000E94094E40E070E060E084E690E00E94BB
:10D05000D6F70DCF85E09DE10F9491028823E1F092
:10D0600086E50E940939882309F401CF0E942B39F3
:10D0700011E0892B09F410E00E9406ED80910C1359
:10D0800090E01817190609F4F2CE10930C138CE6F1
:10D0900092E10F943B03EBCE8EEF9CE10F94910253
:10D0A000882309F4E4CE84E40E9409398823A1F09E
:10D0B0000E94E13D20E030E04AE754E40F94357BE4
:10D0C00020E030E040E05FE30F9490810F9408830C
:10D0D000CB010E9443C4CBCE8AEF9CE10F94910216
:10D0E000882349F18091630D882329F18091CE0432
:10D0F0009091CF0402969093CF048093CE040E9427
:10D10000E13D6B017C016FEF87EA9DE00F948C801D
:10D1100020E030E04AE754E4C701B6010F94357BC4
:10D1200020E030E040E05FE30F9490810F940883AB
:10D1300085EA9DE07CCF85EA9DE00F947680BC0176
:10D1400090E080E00F94F47A20E030E04AE754E485
:10D150000F948F820F9451428ACED8018C918734DC
:10D1600011F00C94CA731093CF040093CE040E9464
:10D170002B3990935903809358038B34910509F40C
:10D1800043C60CF049C18430910509F4A8C50CF0E0
:10D19000C5C097FDCFC002970CF0A0C10E945338C4
:10D1A0008C010E94083F6091660370916703809133
:10D1B0006803909169030F94F47A6B017C014090AD
:10D1C0007012509071126090721270907312809071
:10D1D000380690903906A0903A06B0903B06A5011B
:10D1E0009401C301B2010F948F8120E030E048EC3C
:10D1F00052E40F94357B9B01AC01C701B6010F943B
:10D2000019841816D4F4A3019201C501B4010F9436
:10D210008F8120E030E048EC52E40F94357BA70189
:10D2200096010F9490810F94088360936603709326
:10D23000670380936803909369038091EC0D8823C2
:10D2400009F444C188E50E94093981113FC189E58B
:10D250000E94093981113AC18AE50E940939811178
:10D2600035C185E40E940939882309F42FC1209132
:10D27000701230917112409172125091731260913C
:10D2800038067091390680913A0690913B060F94CA
:10D290008F816B017C012DEC3CEC4CEC5DEB0F9431
:10D2A000858287FF05C180911E0681110C94A5928D
:10D2B0000E9406ED8091380690913906A0913A06B9
:10D2C000B0913B068093701290937112A0937212EA
:10D2D000B093731280E792E10F94080390911E06B9
:10D2E00081E089270F94BF6CCD59DF4F0FB6F894BA
:10D2F000DEBF0FBECDBFDF91CF911F910F91FF9089
:10D30000EF90DF90CF90BF90AF909F908F907F90E5
:10D310006F905F904F903F902F90089585319105C9
:10D3200009F4D7C0FCF48A30910509F421C50B97A4
:10D3300009F422C580913B1290913C128F5A9F4E66
:10D340009F938F931F9287E48F9384EE99E09F932E
:10D350008F930F942A7F0F900F900F900F900F9044
:10D360000F90B7C08C31910509F408C54E9711F79D
:10D370000E9406ED81E0809374120E944A448C0161
:10D3800080E090E0A8E4B4E480937A0290937B027A
:10D39000A0937C02B0937D0243E060E070E080E205
:10D3A00091EC0F94915880916F128F9380916E122F
:10D3B0008F9380916D128F9380916C128F938091D7
:10D3C0006B128F9380916A128F93809169128F9361
:10D3D000809168128F93809167128F93809166126B
:10D3E0008F93809165128F93809164128F9385E85B
:10D3F0009DE29F938F938DE99AE09F938F930F9473
:10D400002A7FC8010E943044109274120FB6F8941B
:10D41000DEBF0FBECDBF5DC08835910509F459C090
:10D42000F4F48135910511F40C9410735CF48C3490
:10D43000910509F40CC58035910509F07BCF0E9458
:10D44000136147C08635910511F40C941473873528
:10D45000910509F06FCF80E10E9466B23AC08C3529
:10D46000910511F40C94207374F48A35910511F42C
:10D470000C9419738B35910509F05CCF80915A1289
:10D4800087600C941C738236910511F40C94B77369
:10D490008336910509F04ECF1092630D60E084EC65
:10D4A0009FE00F948C8082E00E949D4D0C94C67387
:10D4B0002DEC3CEC4CEC5DE3C701B6010F941984F4
:10D4C000181624F480911E068111F2CEC8010E9424
:10D4D00060491092590310925803C9CC0E945338E6
:10D4E0002E969FAF8EAF2E970E94083F89E40E9430
:10D4F0000939882309F4A0C30E94E13D60935003D9
:10D500007093510380935203909353038AE40E94D3
:10D510000939C12CD12C7601882321F00E94E13DEC
:10D520006B017C01C0925403D0925503E0925603E4
:10D53000F0925703E0915803F0915903A496FFAF7E
:10D54000EEAFA4978090500390905103A0905203A7
:10D55000B0905303A7019601C501B4010F942C8428
:10D5600024966CAF7DAF8EAF9FAF249760918E02F3
:10D5700070918F02072E000C880B990B0F94F67A8E
:10D5800020917A0230917B0240917C0250917D0281
:10D590000F94357B2EE333EC4EE259E30F94357B49
:10D5A00068AF79AF8AAF9BAF80E1E4E6F2E1DE01DC
:10D5B000119601900D928A95E1F7A50194015058BA
:10D5C00028A739A74AA75BA7D701C601B0588CA7DF
:10D5D0009DA7AEA7BFA729813A814B815C81289680
:10D5E0002CAF3DAF4EAF5FAF2897C501B4010F948C
:10D5F000908162966CAF7DAF8EAF9FAF62978D8149
:10D600009E81AF81B8852C968CAF9DAFAEAFBFAF7A
:10D610002C979C01AD01C701B6010F9490816696CD
:10D620006CAF7DAF8EAF9FAF669729853A854B85EE
:10D630005C85609134067091350680913606909134
:10D6400037060F948F816A966CAF7DAF8EAF9FAF18
:10D650006A9720912C0630912D0640912E0650910C
:10D660002F066E962CAF3DAF4EAF5FAF6E976296B2
:10D670002CAD3DAD4EAD5FAD62976E966CAD7DADA0
:10D680008EAD9FAD6E970F948F816B017C01809161
:10D69000300690913106A0913206B0913306A296E1
:10D6A0008CAF9DAFAEAFBFAFA29766962CAD3DAD30
:10D6B0004EAD5FAD6697BC01CD010F948F814B01DC
:10D6C0005C0130902E0E20902F0E9091300E9CAB6E
:10D6D000A091310EACAFB091360EB8ABA701960158
:10D6E00068A579A58AA59BA50F94357B2B013C01E4
:10D6F000A50194016CA57DA58EA59FA50F94357BF2
:10D700009B01AC01C301B2010F9490812B013C013C
:10D71000A501940168A579A58AA59BA50F94357BE1
:10D720004B015C01A70196016CA57DA58EA59FA567
:10D730000F94357B9B01AC01C501B4010F948F811F
:10D74000A30192010F940F826B017C0120E030E075
:10D75000A9010F94858287FF0AC02BED3FE049ECB9
:10D7600050E4C701B6010F9490816B017C01609178
:10D77000370E7091380E6115710509F461C290E0A1
:10D7800080E00F94F47A9B01AC016BED7FE089ECB3
:10D7900090E40F948F8224962CAD3DAD4EAD5FADDD
:10D7A00024970F94357B5B018C016091390E709149
:10D7B0003A0E61157105E1F090E080E00F94F47A83
:10D7C00020E030E040E752E40F94357B9B01AC0150
:10D7D00068AD79AD8AAD9BAD0F948F823B014C0152
:10D7E0009501A8010F94858287FF02C0530184012F
:10D7F0004090320E5090330E6090340E7090350E83
:10D800009501A801B201C3010F941984181684F080
:10D810009501A801632D722D8CA99CAD0F94858272
:10D820002501380187FF04C0432C522C6CA87CAC26
:10D83000A496EEADFFADA497329751F42BED3FE0E7
:10D8400049EC50E4C701B6010F948F816B017C0154
:10D850006E962CAD3DAD4EAD5FAD6E9728966CAD1E
:10D860007DAD8EAD9FAD28970F948582811123C029
:10D87000A2962CAD3DAD4EAD5FADA2972C966CAD92
:10D880007DAD8EAD9FAD2C970F948582811113C015
:10D8900020E030E0A901C701B6010F948582811113
:10D8A0000AC02BED3FE049EC50E4C701B6010F94EC
:10D8B00090816B017C01A701960124966CAD7DAD32
:10D8C0008EAD9FAD24970F94357B6A962CAD3DAD00
:10D8D0004EAD5FAD6A970F942C844B015C012FE62F
:10D8E00032E143E85AE30F94858287FD9EC192019D
:10D8F000A301C501B4010F948F820F946E820F941F
:10D9000008837DAB6CAB6230710508F45EC12E9666
:10D910004EAD5FAD2E97452B09F457C190E080E0E6
:10D920000F94F47A4B015C01AC019B01C701B60175
:10D930000F948F822B013C01A50194016A966CAD76
:10D940007DAD8EAD9FAD6A970F948F8228966CAF98
:10D950007DAF8EAF9FAF28972D853E854F85588927
:10D96000609138067091390680913A0690913B0695
:10D970000F948F81A50194010F948F822C966CAF28
:10D980007DAF8EAF9FAF2C97A3019201C301B2016F
:10D990000F94357B6B017C01AC019B01C301B2018B
:10D9A0000F94357B20E030E040EC50E40F948F8200
:10D9B0009B01AC01C301B2010F948F816CAF7DAFAD
:10D9C0008EAF9FAF20E030E040E05FE3C701B601DB
:10D9D0000F94357B9B01AC0160E070E080E89FE331
:10D9E0000F948F8124966CAF7DAF8EAF9FAF24973D
:10D9F00022242394312CD8A8DA9458A9511125C196
:10DA0000B10190E080E00F94F47AA30192010F94A9
:10DA1000357B6B017C010F948A826CA77DA78EA752
:10DA20009FA7C701B6010F9450854B015C01C090C0
:10DA30005003D0905103E0905203F0905303F7FA53
:10DA4000F094F7F8F0948091540390915503A091CD
:10DA50005603B091570388AB99ABAAABBBABA701F8
:10DA600096016CA57DA58EA59FA50F94357B68A713
:10DA700079A78AA79BA728A939A94AA95BA9C501A3
:10DA8000B4010F94357B9B01AC0168A579A58AA5EB
:10DA90009BA50F94908168A779A78AA79BA7A70148
:10DAA0009601C501B4010F94357B6B017C0128A957
:10DAB00039A94AA95BA96CA57DA58EA59FA50F9440
:10DAC000357B9B01AC01C701B6010F948F816CA718
:10DAD0007DA78EA79FA79091360E98AB28A539A554
:10DAE0004AA55BA562966CAD7DAD8EAD9FAD62978C
:10DAF0000F94908169837A838B839C832CA53DA5A9
:10DB00004EA55FA566966CAD7DAD8EAD9FAD66975B
:10DB10000F9490816D837E838F83988728962CAD98
:10DB20003DAD4EAD5FAD289769857A858B859C8527
:10DB30000F94908169877A878B879C872C962CAD70
:10DB40003DAD4EAD5FAD2C976D857E858F859889F7
:10DB50000F9490816D877E878F87988BCE01019679
:10DB60000E9421492E96AEADBFAD2E972A163B06D8
:10DB7000F8F0E984FA840B851C852D813E814F8164
:10DB8000588569817A818B819C813F922F92E4E64E
:10DB9000F2E1FF93EF9388AC99ACAAACBBACFE0169
:10DBA0003D966F010F9470200F900F900F900F9083
:10DBB0008091450D811139C0FFEF2F1A3F0A2CA922
:10DBC0003DA92215330509F016CF8CE296E00E949C
:10DBD0002149E0903406F090350600913606109108
:10DBE000370620913006309131064091320650912F
:10DBF000330660912C0670912D0680912E0690912F
:10DC00002F061F921F92E4E6F2E1FF93EF9388AC98
:10DC100099ACAAACBBACA8E3CA2EA6E0DA2E0F944E
:10DC200070200F900F900F900F900E948A388BE415
:10DC300093E00E9484E44DCC60E070E0CB015ECCC8
:10DC4000A32CB22C0CA91CADB0CD28A539A54AA592
:10DC50005BA56CAD7DAD8EAD9FAD0F94357B4B015B
:10DC60005C012CA53DA54EA55FA524966CAD7DADB0
:10DC70008EAD9FAD24970F94357B9B01AC01C50100
:10DC8000B4010F9490817B018C0128A539A54AA588
:10DC90005BA524966CAD7DAD8EAD9FAD24970F94A2
:10DCA000357B4B015C012CA53DA54EA55FA56CAD58
:10DCB0007DAD8EAD9FAD0F94357B9B01AC01C50151
:10DCC000B4010F948F8168A779A78AA79BA7D8AAC8
:10DCD000C701D8018CA79DA7AEA7BFA7FFCE80E53F
:10DCE0000E940939C12CD12C7601882331F00E9481
:10DCF000E13D0F9408836B017C0183E50E940939A3
:10DD0000882361F00E94E13D20E030E04AE754E4DE
:10DD10000F94357B0F9408836B017C01C114D104EF
:10DD2000E104F10441F080916006873021F089EB35
:10DD30009AE00E9471B90E9406ED0E9462E2C60E4E
:10DD4000D71EE81EF91E8BE493E00E9484E40E9433
:10DD500062E26C157D058E059F0508F0BACB0F9425
:10DD60002A1E80E00E94F65C80E00E949D4DEFCF6D
:10DD700081E00F94BF6CADCB80E0FBCF88E50E94C3
:10DD80000939382E412C512C3201882321F00E9470
:10DD900071392B013C0189E50E940939282E88231D
:10DDA00071F10E9471396CA77DA78EA79FA78AE5A4
:10DDB0000E940939D82E812C912C5401882321F0FE
:10DDC0000E9471394B015C0187E50E94093988A7DF
:10DDD0008F93CD2CECA4FDA40EA51FA5222DB3017D
:10DDE000A201832D0E94CF4B0F90311072CB2110D6
:10DDF00070CB38A531116DCBD1106BCB20CB1CA6CD
:10DE00001DA61EA61FA6D3CF08E210E0F4E9EF2E50
:10DE1000FAE0FF2E602F70E090E080E00F94F47A3B
:10DE20000E94E2399F938F937F936F931F930F9379
:10DE3000FF92EF920F942A7F0F5F1F4F0FB6F89457
:10DE4000DEBF0FBECDBF0F36110521F742CB0E94BA
:10DE500029E7811105C086EE9CE10E94415539CB2E
:10DE600082E00E9473B2811105C08BEF92E10E94A3
:10DE7000B0C32FCB80913C06882341F080913D06B2
:10DE8000882321F0D0903E06D11008C081E0809315
:10DE900056128DEF9FE10F9425441BCB84EB92E14A
:10DEA0000E94B0C341E060E084EC9DE50E94B1C2F5
:10DEB00081116CC080E090E0A0EAB0E480936C1225
:10DEC00090936D12A0936E12B0936F1260E070E0A9
:10DED00088E492E40F94B12E80E090E0A8E4B2E4EC
:10DEE00080936C1290936D12A0936E12B0936F1288
:10DEF00080E090E0A4E3B3E4809368129093691209
:10DF0000A0936A12B0936B1260E070E088E492E430
:10DF10000F94B12E0E9406ED87E79DE50E94B0C3E5
:10DF2000E8E4F3E685919591A591B4918093681208
:10DF300090936912A0936A12B0936B12E4E4F3E633
:10DF400085919591A591B4918093641290936512F7
:10DF5000A0936612B093671260E070E088E492E4E8
:10DF60000F94B12E0E9406ED81E08F93812C912CAD
:10DF70005401CC24C394E12CF12C870120E040E033
:10DF800050E0BA0180E00E94CF4B0F9020E030E0DB
:10DF90004CE052E4609170037091710380917203C0
:10DFA000909173030F94198418160CF074C080912B
:10DFB000630D811170C080E090E0A8ECB2E4809322
:10DFC0006C1290936D12A0936E12B0936F1260E07A
:10DFD00070E088E492E40F94B12E0E94DCE4198290
:10DFE0001A821B821C821D82CE0101960E9484E44B
:10DFF000E3E2FE2E05E71AE120E030E04CE052E4D7
:10E00000609170037091710380917203909173031A
:10E010000F9419841816B4F58EE692E10E94F7BAAF
:10E0200042E864E080E00E94F64D1F92FF9260910A
:10E0300070037091710380917203909173030F9438
:10E0400001837F936F931F930F930E94AF4D81E8DD
:10E050000E94C54D88EE93E00E944E5F0E945A5385
:10E0600040E053E567E070E0CE0101960E94D7E200
:10E070000F900F900F900F900F900F90882309F43E
:10E08000BBCFD12C81E00E941B4ED11004C080E098
:10E090000E9454D61ECA0E9406ED81E0809374123D
:10E0A0000E941B4E88EC9CE10E94415580907003B9
:10E0B00090907103A0907203B090730320E030E061
:10E0C00040EA50E4C501B4010F948F820F9401839C
:10E0D00025E0269FA001279F500D1124BA01550F5E
:10E0E000880B990B0F94F67A1B017C0120E030E03D
:10E0F0004CE052E40F94858287FF06C0212C312C1E
:10E100006CE0E62E72E4F72E222D332D4E2D5F2D7E
:10E11000C501B4010F941984181664F420E030E0AE
:10E1200040EA50E4622D732D8E2D9F2D0F94908127
:10E130001B017C01FF92EF923F922F928BE79AE0B6
:10E140009F938F930F942A7F20E030E040EF51E4BB
:10E15000622D732D8E2D9F2D0F948F8120E030E046
:10E160004CE852E40F9490810F94018370935D12F8
:10E1700060935C1284E08093600681E08093CE031C
:10E180008AE59EE20E9471B980E090E0A0EAB0E4E6
:10E1900080936C1290936D12A0936E12B0936F12D5
:10E1A00060E070E088E492E40F94B12E80E090E0AB
:10E1B000A0EAB1E48093641290936512A093661272
:10E1C000B093671280E090E0A0E7B2E48093681219
:10E1D00090936912A0936A12B0936B1260E070E0A2
:10E1E00088E492E40F94B12E8AE999E9A9E1BEE3AB
:10E1F00080936C1290936D12A0936E12B0936F1275
:10E2000060E070E088E492E40F94B12E0E9406ED85
:10E210000F900F900F900F900F900F902091700320
:10E22000309171034091720350917303622D732DED
:10E230008E2D9F2D0F94198418163CF488EE93E0D0
:10E240000E944E5F0E945A53E9CF60E086EA9FE049
:10E250000F948C8080E090E0A0EAB0E480936C1290
:10E2600090936D12A0936E12B0936F1260E070E005
:10E2700088E492E40F94B12EE4E4F3E6859195915D
:10E28000A591B4918093641290936512A093661245
:10E29000B0936712E8E4F3E685919591A591B49166
:10E2A0008093681290936912A0936A12B0936B12D4
:10E2B00060E070E088E492E40F94B12E0E9406EDD5
:10E2C00043E060E070E080E89FEB0F94915881118B
:10E2D00005C00E9454D610927412FBC890916C1223
:10E2E00098A7A0916D12ACA7B0916E12B8ABE09157
:10E2F0006F12E8AFEF93BF93AF939F938EE69AE0D0
:10E300009F938F930F942A7F0F900F900F900F90F1
:10E310000F900F904EEA842E4FE0942E53E2C52EBC
:10E32000D12C0FEF1FEFB6010D2C000C880B990BB1
:10E330000F94F67A2B013C01DF92CF92C80102962E
:10E340009F938F9322E33AE03F932F930F942A7F7A
:10E3500058015FEFA51AB50A0F900F900F900F901C
:10E360000F900F9011F40C94B39270E060E0C40130
:10E370000F94AA80A3019201622D732D8E2D9F2DE3
:10E380000F948582181644F485E0A816B10411F0A4
:10E390000C94BF9205E010E0580197E2A91A98EF9B
:10E3A000B90AAA0CBB1C85E0809F1001819F300C2C
:10E3B00011240D5F1F4F2AE9422E29E9522E29E12F
:10E3C000622E2EE3722E39EF832E39E0932EC80190
:10E3D000029705970CF0D4C0B101635D7F4F072E03
:10E3E000000C880B990B0F94F67A6B017C011F933C
:10E3F0000F93A5E2BAE0BF93AF930F942A7F0093E7
:10E40000CE0320E030E040EF51E4C701B6010F94A5
:10E410008F8120E030E040E251E40F94357B20E032
:10E4200030E040EA50E40F948F8220E030E048E48E
:10E4300052E40F9490810F94018370935D12609366
:10E440005C1280E090E0A0EAB0E480936C129093BC
:10E450006D12A0936E12B0936F1260E070E088E4CA
:10E4600092E40F94B12E20E030E040EA51E4209392
:10E47000641230936512409366125093671280E0E5
:10E4800090E0A0E7B2E48093681290936912A093A1
:10E490006A12B0936B1260E070E088E492E40F942B
:10E4A000B12E40926C1250926D1260926E12709268
:10E4B0006F1260E070E088E492E40F94B12E0E9445
:10E4C00006ED0F900F900F900F90209170033091F8
:10E4D00071034091720350917303C701B6010F9409
:10E4E000198418163CF488EE93E00E944E5F0E9457
:10E4F0005A53EBCF80E090E0A0EAB0E480936C1236
:10E5000090936D12A0936E12B0936F1260E070E062
:10E5100088E492E40F94B12EE4E4F3E685919591BA
:10E52000A591B4918093641290936512A0936612A2
:10E53000B0936712E8E4F3E685919591A591B491C3
:10E540008093681290936912A0936A12B0936B1231
:10E5500060E070E088E492E40F94B12E0E9406ED32
:10E5600043E060E070E080E89FEB0F94915895E005
:10E57000290E311C0F5F1F4F811104C00E9454D619
:10E5800081E0A7CE78A56CA598A988AD272F362F56
:10E59000492F582F60916C1270916D1280916E12FC
:10E5A00090916F120F948F81F62EE72ED82EC92EE0
:10E5B0002091760D3091770D4091780D5091790D25
:10E5C000D701F6016B2F7A2F8F2F9E2F0F94357B5B
:10E5D0000F9401836CAB7DAB8EAB9FABCF92DF9280
:10E5E000EF92FF92809173038F93809172038F93C8
:10E5F000809171038F93809170038F939F928F927C
:10E600000F942A7F6CA97DA9C5010F94AA80A2E06E
:10E61000AA0EB11C0FB6F894DEBF0FBECDBFD7CE89
:10E620000E9425560C94696A80E10E9411B20C94F4
:10E63000696A80915A12887F80935A120C94696A91
:10E64000B4ECCB2EB2E0DB2E8E010C5D1F4F5801D7
:10E65000EE24E394F12CD6018D916D010E940939CD
:10E66000F50181935F01882391F00E94E13DF7015C
:10E67000EE0FFF1FEE0FFF1F349721E030E02C0F4D
:10E680003D1FE20FF31F60837183828393833FEF0B
:10E69000E31AF30A45E0E416F104E9F69FA0FCA0B2
:10E6A000992001F120E030E0A9016D857E858F85FC
:10E6B00098890F948582811115C0F11013C08DA126
:10E6C000811110C08EA181110DC010927012109294
:10E6D0007112109272121092731281E080930C04E6
:10E6E0000C94696A0E9406EDCE0101965C0152EC21
:10E6F000C52E5DE0D52E64E6E62E62E1F62E3801E9
:10E7000093E0690E711CD8018D918D01882389F0E9
:10E71000F6012081318142815381D5016D917D9136
:10E720008D919C910F949081F70160837183828316
:10E730009383F4E0AF0EB11C24E0C20ED11C34E090
:10E74000E30EF11C60167106F1F6992061F08D85DB
:10E750009E85AF85B8898093701290937112A093B3
:10E760007212B09373120F9462030C94696A81E081
:10E770008093630D61E084EC9FE00F948C80109295
:10E78000A60360E08FEF9FE00F948C800E9461B43D
:10E790000C94696A8D3411F00C94B9911093CF04E4
:10E7A0000093CE04F801319681918032E9F38930EB
:10E7B000D9F380538A3030F01F930F9384EB9CE1A0
:10E7C0000C9426670E942B399093440D8093430D3F
:10E7D0008E3B910511F40C94F77E0CF031C38C3410
:10E7E000910511F40C94E47D0CF0DFC18C3191059E
:10E7F00011F40C941B7C0CF0F4C08531910509F4E4
:10E8000033C70CF05AC08131910509F424C7DCF4F8
:10E81000029708F48AC680913B1290913C128F5A5D
:10E820009F4E9F938F931F928DE48F9384EE99E078
:10E830009F938F930F942A7F0F900F900F900F90BC
:10E840000F900F90D5C68231910511F40C949E7FE4
:10E85000449709F781E08093780284ED99E00E9463
:10E86000415584E50E940939182F8CE40E9409392A
:10E8700000E080FB00F910FB01F980E694E10E94C2
:10E88000285383E2E0E6F4E1DE01119601900D9257
:10E890008A95E1F720E050E040E0BE016F5F7F4FD6
:10E8A0008FED92E00F943746CE0101960E942D53D2
:10E8B00086EC99E00E9441559BC68831910509F488
:10E8C000E4C684F48631910509F4D2C6479709F06D
:10E8D000A2CF8091CE049091CF0461E004960F9472
:10E8E0009A4E86C68A31910509F415C70CF035C7D2
:10E8F00004EC12E0F2E4AF2EF2E0BF2EA4E2CA2E46
:10E90000A2E0DA2EB8E1EB2EB2E0FB2E87EC882EE7
:10E9100082E0982EF80181918F010E9409398823A5
:10E9200021F10E94E13DD6014D905D906D907C906B
:10E93000A30192010F94858287FD11C00E94E13DE1
:10E94000F7014080518062807380A30192010F948F
:10E950001984181624F00E94E13D2B013C01D501D9
:10E960004D925D926D927C921397B4E0AB0EB11C08
:10E97000E4E0CE0ED11CF4E0EF0EF11C80169106FF
:10E9800049F683E50E940939882311F40C94AD8B74
:10E990000E941E3981112CC680E090E0A8E4B2E408
:10E9A0008093420290934302A0934402B0934502A5
:10E9B00080E090E0AEE3B3E4809346029093470298
:10E9C000A0934802B093490280E090E0A0EAB1E44D
:10E9D00080934A0290934B02A0934C02B0934D0255
:10E9E00007C68C32910511F40C94EC7C0CF08FC0AE
:10E9F0008F31910509F4C6C70CF052C08D319105D5
:10EA000009F4F6C54E9709F006CF8091DB138823F1
:10EA100009F4EEC50F94A8420091CE041091CF04E2
:10EA20000C5F1F4F8091DB13882309F4E1C58AE650
:10EA300096E10E9401FF1092DA131DA30CA3CE01F0
:10EA400084960F94154E882309F4D2C54CA15DA17C
:10EA5000609183147091841419821C8222E0CE018B
:10EA600001960F9474318111EEC610E0CE0101962B
:10EA70000E942D53112309F4FDC68BE39AE10E94F5
:10EA80004C538CA19DA10F9470311092EE161092F0
:10EA9000EF161092F0161092F1160F94DF4BA8C5E6
:10EAA0008032910509F4F4C68A9709F0B4CE83E563
:10EAB0000E940939882309F49BC50E941E39082F3A
:10EAC00080E50E9409391DE0882319F00E941E3953
:10EAD000182FE9E8FCE18491811709F489C5319682
:10EAE0003CE1E53AF307B9F7163009F072C7009335
:10EAF000581261E0812F0E9455AE602F812F0E9435
:10EB000027AE602F70E0812F0E9486AE71C58F32D4
:10EB1000910509F48AC75CF58D32910509F475C732
:10EB20008E9709F078CE80914B16882309F478C728
:10EB3000CE0101960F941D55882309F46CC7898175
:10EB40000E9433538EE20E9433538A810E943353D2
:10EB50008EE20E9433538B810E9433538EE20E94D7
:10EB600033538C810E9433530F94841641C58934EA
:10EB7000910509F483C78B34910511F40C94DE7D63
:10EB80008834910509F047CE83E50E94093988232E
:10EB900009F465C70E941E39882309F45DC78130D6
:10EBA00009F026C58093640D23C58B36910511F4B9
:10EBB0000C94957F0CF0ABC08435910511F40C9446
:10EBC0009E7F0CF05DC08F34910511F40C942C7E67
:10EBD0000CF047C08D34910511F40C94F77D8E3400
:10EBE000910509F018CE0E942445882311F40C9455
:10EBF000FC7D60916603709167038091680390913A
:10EC0000690328EE33E040E050E00F94DB80122FE0
:10EC1000032FF42EE52E0E943EEB2CE330E040E083
:10EC200050E00F94DB80B901CA0140EA53E22BEABD
:10EC300033E29F938F937F936F935F934F93EF9202
:10EC4000FF920F931F933F932F938DE399E09F9330
:10EC50008F930F942A7F0FB6F894DEBF0FBECDBFFF
:10EC6000C7C48235910511F40C94987F83359105C2
:10EC700009F0D1CD80915A12886080935A12B8C49D
:10EC80008C35910511F40C94078034F58535910588
:10EC900011F40C94EE7F8635910509F0BCCD83E527
:10ECA0000E940939882309F4A3C40E94E13D20E0B1
:10ECB00030E04AE754E40F94357B0F940883609367
:10ECC000330270933402809335029093360280ECC5
:10ECD00095E00E9484E48CC48936910511F40C946B
:10ECE0007F7E14F00C94877F8836910509F093CDD0
:10ECF00083E50E940939882309F47AC40E94E13D22
:10ED00000F940183709361126093601271C4853710
:10ED1000910511F40C948481BCF58037910509F4B8
:10ED2000DBC7D4F48D36910511F40C94AB7E8E368E
:10ED3000910509F070CD8EE40E940939882309F409
:10ED400057C40E94713960934112709342128093AC
:10ED50004312909344124CC48237910511F40C94E1
:10ED6000818114F40C9491808337910509F053CD7F
:10ED700086E50E940939882311F40C94B0808EEE48
:10ED800097E40E94415534C48B37910511F40C94DB
:10ED9000DC810CF048C08637910511F40C94948105
:10EDA0008737910509F037CD8AEE98E00E944C53E1
:10EDB0000F94841682EE98E00E944C531E9B02C072
:10EDC0000C94CC818DED98E00E944C530F948416E6
:10EDD0008BEC98E00E944C531D9B02C00C94D08198
:10EDE0008DED98E00E944C530F94841683EC98E0CC
:10EDF0000E944C531C9B02C00C94D4818DED98E072
:10EE00000E944C530F9484168BEB98E00E944C5355
:10EE1000019902C00C94D8818DED98E00E944C536A
:10EE20000F948416E5C38C38910509F459C78B39C2
:10EE3000910509F470C78D37910509F0ECCC58CDD8
:10EE4000843A41E0940711F40C94FE840CF044C21F
:10EE5000823E910511F40C9488830CF06BC18E3CBA
:10EE6000910511F40C9498820CF0B1C08B3C910583
:10EE700011F40C9422825CF5883C910511F40C94F9
:10EE8000DF81893C910509F0C6CC04EC12E0BAE6BA
:10EE9000EB2EBDE0FB2E88ECC82E82E0D82ED801E8
:10EEA0008D918D010E940939882349F00E94E13D2E
:10EEB0000F940883F70164A375A386A397A3F4E0D6
:10EEC000EF0EF11CC016D10651F70C9486808C3CD5
:10EED000910511F40C9441828D3C910509F09BCC75
:10EEE00083E50E940939882351F00E94E13D609337
:10EEF000A60D7093A70D8093A80D9093A90D84E59E
:10EF00000E940939882351F00E94E13D6093AA0DC7
:10EF10007093AB0D8093AC0D9093AD0D82E40E9485
:10EF20000939882361F00E94E13D0F9408836093C2
:10EF3000AE0D7093AF0D8093B00D9093B10D88E539
:10EF40000E940939882391F00E94E13D6093B60D3B
:10EF50007093B70D8093B80D9093B90D6093B20D77
:10EF60007093B30D8093B40D9093B50D89E50E9415
:10EF70000939882351F00E94E13D6093B60D7093EA
:10EF8000B70D8093B80D9093B90D8AE50E940939A9
:10EF9000882351F00E94E13D6093BA0D7093BB0D40
:10EFA0008093BC0D9093BD0D85E40E9409398823A0
:10EFB00009F41EC30E94E13D0E9471566093BE0D8C
:10EFC0007093BF0D8093C00D9093C10D11C3813D0F
:10EFD000910511F40C94E5825CF58F3C910511F4D8
:10EFE0000C94B482803D910509F015CC83E50E9414
:10EFF0000939882351F00E94E13D6093F90D709327
:10F00000FA0D8093FB0D9093FC0D86E40E94093964
:10F01000882309F4EDC20E94E13D0E9429446093D7
:10F02000FD0D7093FE0D8093FF0D9093000EE0C2D6
:10F030008C3D910511F40C9428838D3D910511F4BC
:10F040000C946783863D910509F0E5CB80E50E942D
:10F050000939882311F40C9414830E94E13D2B019B
:10F060003C0183E50E940939882311F40C941E8326
:10F070000E94E13D4B015C018EE40E940939D09071
:10F08000360E882329F00E94E13D0F940883D62E86
:10F0900082E50E940939E090370EF090380E8823FF
:10F0A00029F00E94E13D0F9408837B0186E40E94D1
:10F0B00009390091390E10913A0E882329F00E94E7
:10F0C000E13D0F9408838B0120E030E0A901C301EA
:10F0D000B2010F94858218160CF08AC220E030E04D
:10F0E000A901C501B4010F94858287FD81C2A501E4
:10F0F0009401C301B2010F94858287FD79C24092C9
:10F100002E0E50922F0E6092300E7092310E809221
:10F11000320E9092330EA092340EB092350ED092F1
:10F12000360EF092380EE092370E10933A0E00939E
:10F13000390E5EC28033A1E09A0711F40C94638407
:10F140000CF078C08D32E1E09E0711F40C94EA8354
:10F15000B4F5803F910509F44BC28C32914009F01F
:10F160005ACB80E50E94093908EE13E0882389F024
:10F170000E94E13D20E030EC4AE555E40F948582A1
:10F180000CEA1DE087FF05C00E94E13D0F94088353
:10F190008B0183E50E940939882311F40C94E283E2
:10F1A0000E94E13D0F9408836115710511F00C94E4
:10F1B000E483B80190E080E00E942FE219C28E3211
:10F1C00031E0930711F40C94DC848F32914009F004
:10F1D00022CB85E40E94093910E000E0882359F031
:10F1E0000E942B398C01C12CD12C6CE8E62E62E4F4
:10F1F000F62E97FD06C0C12CD12C76E1E72E73E4E4
:10F20000F72E83E50E940939882321F00E94E13D11
:10F210006B017C0183E40E940939882311F40C946A
:10F22000EC840E942B399C01A801C701B6010F9400
:10F23000871ADEC1803951E0950711F40C94F084EF
:10F2400004F58E35B1E09B0711F40C94EC8F8F35EB
:10F25000914009F0E0CA83E50E940939882371F0E2
:10F260000E94E13D0F9401836130710511F40C940B
:10F2700022906230710511F40C9444900F94EB14B9
:10F28000B7C18539F1E09F0711F40C94F4848639F5
:10F2900021E0920711F40C94F9848339914009F02C
:10F2A000BACA80910413813009F0A2C185E40E949A
:10F2B000093981110E941E3986E40E9409398111A1
:10F2C0000E941E390F944A56882309F491C160E0C8
:10F2D00080E00F9438798CC1803C42E0940711F4AF
:10F2E0000C942C910CF055C08832A2E09A0711F4CE
:10F2F0000C94BD873CF5863FE1E09E0711F40C9429
:10F3000006856CF4843F21E0920711F40C94028589
:10F31000853F914009F07FCA0E94D65769C1873F57
:10F3200041E0940711F40C940A858D3F914009F057
:10F3300072CA82E199E60E944C538DE69BE10E94DD
:10F340004C5356C18A35A2E09A0711F40C94BC8B39
:10F350005CF48835E2E09E0711F40C94F28789355D
:10F36000924009F4C5CA57CA8D3B22E0920711F4B6
:10F370000C945D908E3B32E0930711F40C94F8905E
:10F380008B35924009F047CA60E080E00E94D2B914
:10F390002FC18C3553E0950711F40C94DE8C0CF0E2
:10F3A00042C0833CB2E09B0711F40C9438917CF48A
:10F3B000813CF2E09F0711F40C943291823C924020
:10F3C00009F029CA82EC92E00E94A73D11C1853C58
:10F3D00032E0930711F40C94819114F40C9455913C
:10F3E0008235934009F017CA188683E50E940939CF
:10F3F000882311F40C94C48B0E941E39182F883076
:10F4000010F40C94C98B89E49BE10E944C534AE0B0
:10F4100067E070E080E090E00F94F3138FED92E0EE
:10F420000F947031E5C08438A3E09A0711F40C946E
:10F430003D8F0CF046C08D35E3E09E0711F40C942F
:10F44000668D8E35934009F0E6C90E94E13D20E0CB
:10F4500030E040E251E40F94357B0F9408836C5AFE
:10F46000633011F40C94658E10F00C94FE8D6130B5
:10F4700011F40C94208E623009F0BAC0809104130C
:10F48000EDE5F5E1813011F0EFE5F5E1059114913D
:10F4900080E50E940939882311F40C94548E0E944F
:10F4A00071394091D503442309F4A2C06017710754
:10F4B00009F49EC064EA70E181EF90E10E94FBC311
:10F4C00097C08C3823E0920709F492C0803A33E069
:10F4D000930709F44CC28B38934009F09CC988E526
:10F4E0000E940939882339F00E94E13D0F9401837D
:10F4F00080E00E9469EC8AE50E940939882339F08E
:10F500000E94E13D0F94018381E00E9469EC85E453
:10F510000E940939882309F46BC00E94E13D0F94D1
:10F520000183CB010E94C4EB63C00091CE04109113
:10F53000CF040E5F1F4F80E50E940939C12CD12CEA
:10F540007601882321F00E9471396B017C0183E5EB
:10F550000E940939882351F00E9471399B01AC0146
:10F56000A8EEB3E00F94FD806B017C01C8010F5F32
:10F570001F4FDC014C914032C9F326E02093600616
:10F58000C114D104E104F104C9F52C912223B1F195
:10F590000E94C1B90E9406ED80913D128460809363
:10F5A0003D128BE493E00E9484E4C114D104E10491
:10F5B000F104C9F10E9462E2C60ED71EE81EF91ED0
:10F5C00084E0809378020E9462E26C157D058E05CE
:10F5D0009F0500F182E08093780280913D128B7F3D
:10F5E00080933D128091DA13882381F11092600696
:10F5F0001092440D1092430D0C9437678091630D67
:10F60000811105C083EA92E10E9471B9C3CF1092C3
:10F610006006C0CF0E9458508111DCCF90E080E09E
:10F620000E944E5FD0CF1091780284E080937802E0
:10F630000E9453500E945850811105C090E080E014
:10F640000E944E5FF7CF10937802C7CF87EE90E607
:10F650000E9471B9CDCF8AE992E10E9471B91798E1
:10F66000169815981498C4CF81E00F941150C0CF0C
:10F670001092DA131092DB1382E199E60E944C5348
:10F6800084ED9FE10E944155B3CF0E941945882324
:10F6900019F00E9494B9ACCF0E9423C4882309F4C6
:10F6A000A7CF80916D16882361F08091EE1690911E
:10F6B000EF16A091F016B091F116892B8A2B8B2BA7
:10F6C00069F40E947C3910924C1210924D121092E3
:10F6D0004E1210924F1280E00E94D6568091DB139A
:10F6E000882331F081E08093DA1385E08093640D04
:10F6F0000E948BEB80910413813009F079CF8091C7
:10F70000DA12882309F474CF80910117811170CF28
:10F710000F94FF796DCF8091DB13882309F468CFB4
:10F7200083E50E940939882309F462CF0E94713968
:10F730006B017C01C092EE16D092EF16E092F016AB
:10F74000F092F1160F94C444C0924C12D0924D1214
:10F75000E0924E12F0924F124BCF80E50E94093991
:10F76000182F0E941945882391F0809176128823E2
:10F7700049F080917902811105C085E69AE10E94E5
:10F78000415536CF89E59AE10E94415531CF8091AC
:10F79000DA13882309F44AC01123E1F10F9449498F
:10F7A0000F9484168CE798E00E944C536091EE16FB
:10F7B0007091EF168091F0169091F1164AE00F9437
:10F7C000F3138FE20E9433536091E7167091E816AD
:10F7D0008091E9169091EA164AE00F94F3130F9482
:10F7E00084160E943EEB2CE330E040E050E00F94A2
:10F7F000DB80C9016CE370E00F9431818C0190E0F3
:10F8000080E00F9469148AE30E943353C8010F9477
:10F810006E42EECE8091F113882329F081EF93E1BF
:10F820000F947031BFCF8CED93E1FACF89E49AE168
:10F830000E944155DDCE8091CE049091CF04049674
:10F840000F94B554D5CECE0101960F94A5458823CB
:10F8500009F40BC961E0CE0101960E94B2FE009747
:10F8600009F403C925EEFC0120831C820E94A6F93D
:10F87000182FFCC883E29AE10E944C538CA19DA1F1
:10F880000E94A95F8EE20E9433530F948416B0CE7B
:10F890008091DA1381110E9406ED0091CE0410913F
:10F8A000CF040C5F1F4F61E270E0C8010F94BF8668
:10F8B000009719F08C010F5F1F4F80E50E940939F6
:10F8C000F82E8091CE049091CF040817190708F400
:10F8D000F12C8091DB13882309F48ACE61E06F2537
:10F8E000C8010F949A4E83E50E940939882399F044
:10F8F0008091CE049091CF048017910760F40E940C
:10F9000071396093EE167093EF168093F016909312
:10F91000F1160F94C4448091DB13882331F081E009
:10F920008093DA1385E08093640DF11061CE8091AD
:10F930006D16882361F08091EE169091EF16A091DC
:10F94000F016B091F116892B8A2B8B2B69F40E944B
:10F950007C3910924C1210924D1210924E1210924D
:10F960004F1280E00E94D6560E948BEB41CE8091D0
:10F97000CE049091CF0421E02093D91305960F94E3
:10F98000B55436CE0E943EEB2CE330E040E050E030
:10F990000F94DB807F936F933F932F9385EA9CE1D5
:10F9A0009F938F938E010F5F1F4F1F930F930F94A1
:10F9B0007F7F82E199E60E944C53C8010F94703119
:10F9C000C8010E94C1B90FB6F894DEBF0FBECDBF0B
:10F9D0000FCE17FD0DCE8DC880E10E9411B281EAD5
:10F9E0009DE00F9468804BE0849FC001112470E07B
:10F9F00060E0805B924F0F94AA8082E00E9411B277
:10FA00000F94450C0F94260CF3CD8AE50E9409391A
:10FA10000F94C259EDCD89E69CE10E944C53E8CD8C
:10FA200085E69CE10E944155E3CD84E08093780215
:10FA30000E94094E0E9453500F942A1E81E00E949A
:10FA4000F65C0E941FBA0E9458508823A9F30E94B6
:10FA5000094E0F94AE0FCCCD1092640DC9CD80919C
:10FA6000640D1F928F9384EB99E09F938F930F9473
:10FA70002A7F0F900F900F900F90BACD80E50E94D3
:10FA80000939882321F00E941E3980936F0282E594
:10FA90000E940939882341F00E94E13D0F940883B8
:10FAA000709373026093720281E50E940939882382
:10FAB00021F00E941E3980933F0283E50E9409399C
:10FAC000882341F00E94E13D0F94088370933E0229
:10FAD00060933D0283E40E9409398823A9F00E94C3
:10FAE000E13D6B017C0120E030E0A9010F948582AB
:10FAF0006FEF7FEF181624F4C701B6010F94088347
:10FB0000709371026093700284E40E940939882323
:10FB1000A9F00E94E13D6B017C0120E030E0A901E9
:10FB20000F9485826FEF7FEF181624F4C701B6019A
:10FB30000F94088370933C0260933B0280917102A2
:10FB40008F93809170028F93809173028F93809135
:10FB500072028F9380916F02282F082E000C330BB6
:10FB60003F938F938AE599E09F938F9301E619E085
:10FB70001F930F930F942A7F80913C028F93809163
:10FB80003B028F9380913E028F9380913D028F9331
:10FB900080913F02282F082E000C330B3F938F9348
:10FBA00083E599E09F938F931F930F930F942A7F80
:10FBB0000FB6F894DEBF0FBECDBF1ACD0E9423C48E
:10FBC000882309F415CDD0CE80917603813009F0D9
:10FBD0000FCD82E0809376030E9462E260935A0325
:10FBE00070935B0380935C0390935D0301CD0E944F
:10FBF000AFEB0E949443FCCC83E50E940939882333
:10FC000051F00E94E13D0F940883AB01BC0181EFEC
:10FC10009FE00F949E8084E50E940939882351F06B
:10FC20000E94E13D0F940883AB01BC018DEE9FE083
:10FC30000F949E8081EF9FE00F947080162F072F06
:10FC4000F82EE92E8DEE9FE00F94708049EB53E281
:10FC50002AEC33E20C94197687E793E00E9484E45F
:10FC600083E50E940939882309F162E270E08091FE
:10FC7000CE049091CF040F94BF868C01892BB1F0F4
:10FC80000F5F1F4F62E270E0C8010F94BF86892B9F
:10FC900069F0E8E1F6E083E0DF011D928A95E9F77B
:10FCA00042E050E0B801CF010F94E8868CE89FE075
:10FCB0000F946880813009F09BCC0E940F45882307
:10FCC00009F496CC0E941945882309F491CC80E26E
:10FCD00099E00E9441558CCC83E099E00E94CD557B
:10FCE00083E50E940939882309F482CC0E94E13D12
:10FCF0000F94018370935D1260935C1279CC81E65E
:10FD00009CE10E944C530E94BA540E94C55281E06B
:10FD1000809356126DCC83E50E940939882351F0F7
:10FD20000E941E398093D213882371F083ED93E1F2
:10FD30000E9484E483E40E940939882341F00E94F0
:10FD40001E398093D11354CC1092D313F3CF81E09A
:10FD50008093D1134DCC80EB95E40E9471B981E082
:10FD60008093BB030F94871683E50E94093988238B
:10FD700049F00E94E13D0F940183709361126093FA
:10FD8000601205C082E50E9409398111F2CF0E94FC
:10FD900062E26B017C016091601270916112072E2A
:10FDA000000C880B990B0F94F67A11E020915D0DF1
:10FDB00030915E0D40915F0D5091600D0F9419844C
:10FDC00018160CF010E010935C0DC701B6010F94EB
:10FDD0002C5182EA95E40E9471B982E08093BB03C2
:10FDE0000F9487168BE493E00E9484E401CC86E9AB
:10FDF00095E40E9471B983E08093BB0381E00F9486
:10FE0000871683E50E940939182F882349F00E943C
:10FE1000E13D0F94018370935D1260935C1205C005
:10FE200082E50E9409398111F2CF0E9462E26B01E2
:10FE30007C011092620D60915C1270915D12072E30
:10FE4000000C880B990B0F94F67A01E02091A70320
:10FE50003091A8034091A9035091AA030F941984EB
:10FE600018160CF000E000935C0D8091620D81117A
:10FE70001AC060915C1270915D12072E000C880B05
:10FE8000990B0F94F67A2091A7033091A803409123
:10FE9000A9035091AA03E0915C0DEE2381F00F9429
:10FEA0001984181694F08DE895E40E9471B984E0E5
:10FEB0008093BB038BE493E00E9484E499CB0F947E
:10FEC000858287FFF0CF1111EECF8091610D8230D6
:10FED00051F30E9462E26C197D098E099F09693E07
:10FEE00073408105910550F08091630D811102C02E
:10FEF0000E945A530E9462E26B017C010F942A1EF9
:10FF000080E00E94F65C80E00E949D4DAECF83E5CC
:10FF10000E940939882329F00E941E3980935812C3
:10FF200067CB8FEF8093581263CB1092581260CB3F
:10FF300080915A12877F80935A125ACB83E50E9490
:10FF40000939882399F00E94E13D20E030E04AE73A
:10FF500054E40F94357B0F940883609337027093B9
:10FF600038028093390290933A0242CB88E50E948E
:10FF700009398823D1F00E9406ED88E50E940939ED
:10FF8000811128C089E50E940939882319F0169A41
:10FF900010923D068AE50E94093985E40E940939DC
:10FFA000882309F425CB149A23CB89E50E940939CB
:10FFB0008111E1CF8AE50E9409398111DCCF85E406
:10FFC0000E9409398111D7CF0E9406ED149A0E9430
:10FFD00027570ECB179A10923C06D4CF83E50E9488
:10FFE0000939882309F404CB0E94E13D20E030E088
:10FFF0004AE754E40F94357B0F94088360934703DA
:020000021000EC
:10000000709348038093490390934A03F1CA34ECF8
:10001000832E32E0932E4AE6A42E4DE0B42E10E05B
:10002000F40181914F010E940939882309F467C0C6
:100030000E94E13D6B017C01133009F06AC020E0B1
:1000400030E040EA51E40F94858287FF4EC0A7015B
:10005000960160917A0D70917B0D80917C0D90914D
:100060007D0D0F948F822B013C01AC019B016091AF
:10007000BE0D7091BF0D8091C00D9091C10D0F9478
:10008000357B6093BE0D7093BF0D8093C00D909330
:10009000C10DA301920160918A0D70918B0D809129
:1000A0008C0D90918D0D0F94357B60938A0D70931C
:1000B0008B0D80938C0D90938D0D6091CA0470917F
:1000C000CB048091CC049091CD040F94F47AA301D9
:1000D00092010F94357B0F9408836093CA04709348
:1000E000CB048093CC049093CD04C0927A0DD0922F
:1000F0007B0DE0927C0DF0927D0D0F94894AB4E067
:10010000AB0EB11C1F5F143009F08ACF0F94D502DB
:100110006FCAD5011496CD92DD92ED92FC9217979D
:10012000EECF83E50E940939882329F00E941E3909
:10013000809332025DCA82E199E60E944C53C090DE
:100140003202D12CF12CE12C8AE59CE10E944C5327
:100150004AE0C701B6010F94F3130F94841648CAFE
:1001600085E50E940939882309F457C00091CE041F
:100170001091CF040F5F1F4F1093CF040093CE0454
:100180008091D403882309F433CABE016F5F7F4F87
:10019000C8010E949EB4882309F42ACA8EE39DE315
:1001A000DE011196BE01675F7F4FFC0145915491BE
:1001B0002D913D914217530710F40C94C8922417C7
:1001C000350708F415CA0296A617B70771F710CAC3
:1001D0004EE352E163E080E00E94EA4D40E068EEC9
:1001E00073E082E390E00E94D6F784EF91E00E94F2
:1001F0004E5F40E068EE73E082E390E00E94D6F745
:100200008EE190E00E949BBA81E00E941B4E0E940A
:10021000094E80E00E949D4DEBC941E150E060E84D
:100220007CE0CE0101960F9458808CE39CE10E9403
:100230004C538EEE97E40E944C538AE39CE10E945B
:100240004C5385E39CE10E944C5383E39CE10E9464
:100250004C5389E29CE10E944C538FEC9BE10E943D
:100260004C538BEC9BE10E944C538CEB9BE10E9426
:100270004C53CE0101960E94A95F8AEA9BE10E943D
:100280004C5389EA9BE10E9441551F9221E3F22ED3
:10029000FF9282E19AE19F938F930BEC19E11F93F8
:1002A0000F930F942A7F1F92FF9282E09AE19F930F
:1002B0008F931F930F930F942A7F1F92FF928EEEBE
:1002C00099E19F938F931F930F930F942A7F1F920F
:1002D000FF9281EE99E19F938F931F930F930F9459
:1002E0002A7F1F92FF9286ED99E19F938F931F9330
:1002F0000F930F942A7F0FB6F894DEBF0FBECDBFC9
:1003000077C90E943F5474C9E091CE04F091CF04A4
:10031000CF0104962481203209F401960E94C1B9CC
:1003200087E08093600664C90091CE041091CF04E9
:100330000B5F1F4F83E0F12C40E08150E9F0D801C2
:100340009C91292F2B7F2134B9F411962C912133C4
:1003500099F4913471F0953409F441E098012E5FDD
:100360003F4F89012F5F3F4FF80190819032C9F3D1
:10037000E4CFFF24F394F2CF442321F082E199E605
:100380000E944C53FF2021F086EA9BE10E944C53CF
:10039000C8010F9470312CC983ED98E00C94E47679
:1003A00083ED98E00C94F27683ED98E00C9400775E
:1003B00083ED98E00C940E770E94F94319C984E507
:1003C0000E940939882369F00E941E39882349F068
:1003D00082E199E60E944C5384EA98E00E94A95F6A
:1003E00007C984E40E940939882309F401C90E94DD
:1003F000E13D20E030E0A9010F948582811105C024
:100400001092010E0E942E43F3C80E94E13D6B0141
:100410007C0120E030E0A9010F948582811106C0A3
:10042000C12CD12C90EEE92E9FE3F92EC092020E42
:10043000D092030EE092040EF092050E81E08093BC
:10044000010EE0CF04EC12E0FAE6EF2EFDE0FF2E05
:10045000A8ECCA2EA2E0DA2ED8018D918D010E945F
:100460000939882339F00E94E13DF701648B758BCF
:10047000868B978BF4E0EF0EF11CC016D10661F766
:10048000B7C883E50E940939882319F10E94E13D2C
:1004900060932A0E70932B0E80932C0E90932D0E4A
:1004A00060939E0D70939F0D8093A00D9093A10D6E
:1004B00084E50E940939882309F49AC80E94E13D25
:1004C0006093A20D7093A30D8093A40D9093A50D3E
:1004D0008FC880E50E940939882351F00E94E13DD0
:1004E00060939E0D70939F0D8093A00D9093A10D2E
:1004F00082E50E940939882351F00E94E13D609312
:10050000A20D7093A30D8093A40D9093A50D84E587
:100510000E940939882309F46BC80E94E13D609369
:100520002A0E70932B0E80932C0E90932D0E60C884
:1005300004EC12E0E2ECEE2EEDE0FE2ED8018D91FF
:100540008D010E940939882339F00E94E13DF701AD
:100550006083718382839383F4E0EF0EF11C22E0C9
:10056000073C120759F744C883E50E9409398823DC
:1005700051F00E94E13D6093ED0D7093EE0D80937C
:10058000EF0D9093F00D86E40E940939882361F005
:100590000E94E13D0E9429446093F10D7093F20D99
:1005A0008093F30D9093F40D8AE50E940939882316
:1005B00009F41EC80E94E13D6093F50D7093F60D9D
:1005C0008093F70D9093F80D13C883E50E940939C5
:1005D000882311F40C94F87A0E941E398823C1F004
:1005E0008130E1F082E199E60E944C5381E998E084
:1005F0000E944C5380913B1290913C128F5A9F4E17
:100600000E94A95F81EA9BE10E9441550C94F87A0F
:100610001092EC0D10921E060C94F87A8093EC0D5B
:1006200010921E060C94F87A40902E0E50902F0EC9
:100630006090300E7090310E0C9431788090320EB4
:100640009090330EA090340EB090350E0C943C7800
:1006500082E40E940939182F882341F080918E028C
:1006600090918F02909331028093300283E50E9433
:100670000939082F882339F00E942B3990938F0273
:1006800080938E02102F82E50E940939882351F051
:10069000809130029091310290938F0280938E026C
:1006A0000C94F87A11110C94F87A80918F028F9340
:1006B00080918E028F938BE99BE19F938F930F9490
:1006C0002A7F0F900F900F900F900C94F87A83E58B
:1006D0000E940939882351F00E942B3990937602A9
:1006E000809375020E942E430C94F87A80917602D2
:1006F0008F93809175028F9385E99BE19F938F93F0
:100700000F942A7F0F900F900F900F900C94F87A0F
:1007100080E50E940939882311F40C94F87A0E942C
:100720002B397C0183E50E9409390FEF1FEF8823E5
:1007300019F00E942B398C01C8010196039710F023
:100740000C94F87AE9E8FCE125EA3CE18491082E72
:10075000000C990BE816F90611F40C94F87A31960E
:100760002E173F0799F7F7FE02C00C94F87A0E9403
:1007700006EDDE2C60E08E2D0E9455AE0F3F100777
:10078000B1F00130110511F010E000E08D2D0E9454
:10079000FEAD8017910711F40C94F87A0F942A1E7D
:1007A00080E00E94F65C80E00E949D4DEFCF8E2D90
:1007B0000E94FEAD31E020E0892B09F030E0032FEC
:1007C000122FE4CF70E060E040E0C8010E94D6F74D
:1007D0000C94F87A80E50E940939882351F00E9430
:1007E000E13D6093D20D7093D30D8093D40D90931F
:1007F000D50D89E40E940939882381F00E94E13DEA
:100800002CEA35EC47E25EE30F94357B6093D60D1E
:100810007093D70D8093D80D9093D90D84E40E94E6
:100820000939882381F00E94E13D2CEA35EC47E24A
:100830005EE30F948F826093DA0D7093DB0D8093EB
:10084000DC0D9093DD0D0E9411EB8CE191E20E9492
:100850004C5381E99BE10E944C536091D20D709101
:10086000D30D8091D40D9091D50D42E00F94D11508
:100870008DE89BE10E944C532CEA35EC47E25EE3A5
:100880006091D60D7091D70D8091D80D9091D90DB2
:100890000F948F8242E00F94D11589E89BE10E946A
:1008A0004C532CEA35EC47E25EE36091DA0D70912F
:1008B000DB0D8091DC0D9091DD0D0F94357B0F9455
:1008C00051420C94F87A80E50E940939882351F04E
:1008D0000E94E13D6093DE0D7093DF0D8093E00D8B
:1008E0009093E10D89E40E940939882381F00E94E8
:1008F000E13D2CEA35EC47E25EE30F94357B6093F3
:10090000E20D7093E30D8093E40D9093E50D84E484
:100910000E940939882381F00E94E13D2CEA35ECE0
:1009200047E25EE30F948F826093E60D7093E70DCC
:100930008093E80D9093E90D0E9411EB8CE191E218
:100940000E944C5385E89BE10E944C536091DE0D60
:100950007091DF0D8091E00D9091E10D42E00F94D8
:10096000D11581E89BE10E944C532CEA35EC47E21B
:100970005EE36091E20D7091E30D8091E40D909142
:10098000E50D0F948F8242E00F94D1158DE79BE126
:100990000E944C532CEA35EC47E25EE36091E60D91
:1009A0007091E70D8091E80D9091E90D0F94357BE2
:1009B0000F9451420C94F87A83E50E9409398823F8
:1009C00041F00E942B3990935802809357020C9467
:1009D000F87A90E080E0F7CF85E090E00C9413790E
:1009E0000E9406ED0C94F87A81E00E9412510C945A
:1009F000F87A80E00E9412510C94F87A0E942556F1
:100A00000C94F87A0E9451580C94F87A0E94C057BE
:100A10000C94F87A8091CD0D8F938091CC0D8F93AB
:100A20008091CB0D8F938091CA0D8F938091C90DCA
:100A30008F938091C80D8F938091C70D8F93809174
:100A4000C60D8F938091C50D8F938091C40D8F93A8
:100A50008091C30D8F938091C20D8F9302E119E6AF
:100A60001F930F931F930F938091C10D8F938091CC
:100A7000C00D8F938091BF0D8F938091BE0D8F938A
:100A80008091BD0D8F938091BC0D8F938091BB0D94
:100A90008F938091BA0D8F938091B90D8F93809130
:100AA000B80D8F938091B70D8F938091B60D8F9372
:100AB0008091B50D8F938091B40D8F938091B30D7C
:100AC0008F938091B20D8F938091B10D8F93809110
:100AD000B00D8F938091AF0D8F938091AE0D8F935A
:100AE0008091AD0D8F938091AC0D8F938091AB0D64
:100AF0008F938091AA0D8F938091A90D8F938091F0
:100B0000A80D8F938091A70D8F938091A60D8F9341
:100B10001F930F931F930F9380912D0E8F938091AE
:100B20002C0E8F9380912B0E8F9380912A0E8F9392
:100B30008091A50D8F938091A40D8F938091A30D2B
:100B40008F938091A20D8F938091A10D8F938091AF
:100B5000A00D8F9380919F0D8F9380919E0D8F9309
:100B60001F930F931F930F9380919D0D8F938091EF
:100B70009C0D8F9380919B0D8F9380919A0D8F93F5
:100B80008091990D8F938091980D8F938091970DFF
:100B90008F938091960D8F938091950D8F93809177
:100BA000940D8F938091930D8F938091920D8F93DD
:100BB0008091910D8F938091900D8F9380918F0DE7
:100BC0008F9380918E0D8F931F930F931F930F938D
:100BD00080918D0D8F9380918C0D8F9380918B0DD3
:100BE0008F9380918A0D8F938091890D8F9380913F
:100BF000880D8F938091870D8F938091860D8F93B1
:100C00008091850D8F938091840D8F938091830DBA
:100C10008F938091820D8F938091810D8F9380911E
:100C2000800D8F9380917F0D8F9380917E0D8F9398
:100C30001F930F931F930F9380917D0D8F9380913E
:100C40007C0D8F9380917B0D8F9380917A0D8F9384
:100C50008091790D8F938091780D8F938091770D8E
:100C60008F938091760D8F938091750D8F938091E6
:100C7000740D8F938091730D8F938091720D8F936C
:100C80008091710D8F938091700D8F9380916F0D76
:100C90008F9380916E0D8F931F930F931F930F93DC
:100CA00080EC97E19F938F930F942A7F0FB6F8946F
:100CB000DEBF0FBECDBF2CEA35EC47E25EE36091AC
:100CC000DA0D7091DB0D8091DC0D9091DD0D0F94AC
:100CD000357B9F938F937F936F932CEA35EC47E29C
:100CE0005EE36091D60D7091D70D8091D80D9091F3
:100CF000D90D0F948F829F938F937F936F938091E1
:100D0000D50D8F938091D40D8F938091D30D8F93B8
:100D10008091D20D8F931F930F931F930F9383E9AD
:100D200097E19F938F930F942A7F2CEA35EC47E24B
:100D30005EE36091E60D7091E70D8091E80D909172
:100D4000E90D0F94357B9F938F937F936F932CEADC
:100D500035EC47E25EE36091E20D7091E30D809126
:100D6000E40D9091E50D0F948F829F938F937F9365
:100D70006F938091E10D8F938091E00D8F9380911F
:100D8000DF0D8F938091DE0D8F931F930F931F9331
:100D90000F938EE597E19F938F930F942A7F0FB661
:100DA000F894DEBF0FBECDBF8091EC0D1F928F93E4
:100DB0001F930F931F930F9320E030E040E752E41E
:100DC0006091FD0D7091FE0D8091FF0D9091000ED0
:100DD0000F94357B9F938F937F936F938091FC0D3E
:100DE0008F938091FB0D8F938091FA0D8F9380915B
:100DF000F90D8F931F930F931F930F938091F80D0D
:100E00008F938091F70D8F938091F60D8F93809142
:100E1000F50D8F9320E030E040E752E46091F10D52
:100E20007091F20D8091F30D9091F40D0F94357B3C
:100E30009F938F937F936F938091F00D8F93809109
:100E4000EF0D8F938091EE0D8F938091ED0D8F9329
:100E50001F930F931F930F938DE596E19F938F93AD
:100E60000F942A7F0FB6F894DEBF0FBECDBF8091DE
:100E7000010E882309F474C08091050E8F93809130
:100E8000040E8F938091030E8F938091020E8F93A7
:100E90001F930F931F930F9387E396E19F938F9375
:100EA0000F942A7F0FB6F894DEBF0FBECDBF80919E
:100EB0003A0E8F938091390E8F938091380E8F93D5
:100EC0008091370E8F938091360E1F928F93809171
:100ED000350E8F938091340E8F938091330E8F93C4
:100EE0008091320E8F938091310E8F938091300ECE
:100EF0008F9380912F0E8F9380912E0E8F9302E10E
:100F000019E61F930F931F930F9386E995E19F9323
:100F10008F930F942A7F8DEE9FE00F947080F62EB2
:100F2000E72ED82EC92E81EF9FE00F947080CF92CC
:100F3000DF92EF92FF929F938F937F936F931F9314
:100F40000F931F930F9385E795E19F938F930F94D2
:100F50002A7F0FB6F894DEBF0FBECDBF0C94F87A8F
:100F60001F930F9388E196E19F938F930F942A7FAD
:100F70000F900F900F900F909ACF80E50E94093943
:100F8000882311F40C94F87A10925F031092600396
:100F900010926103109262030FE513E043E6E42E22
:100FA00043E0F42E5AE2D52EE091CE04F091CF0426
:100FB000D0820E942B39D8018D938D01EA16FB0651
:100FC00011F40C94F87A8EE20E9409398111ECCF69
:100FD00010925F03109260031092610310926203FB
:100FE0000C94F87A0E9406ED80917612811102C06D
:100FF0000E948A4285E40E940939812C912CA12CFF
:1010000030ECB32E882321F00E94E13D4B015C01BE
:101010008CE40E940939C12CD12C7601882321F05F
:101020000E94E13D6B017C018AE50E940939412C57
:10103000512C28ED622E21E4722E882331F00E947B
:10104000E13D2B013C01E89477F888E50E940939DD
:10105000882309F434C10E94E13D68A779A78AA7D3
:101060009BA789E50E940939882309F431C10E94B0
:10107000E13D6CA77DA78EA79FA71A821982FE016A
:10108000339683E1DF011D928A95E9F783E40E949C
:1010900009398823F9F062E270E08091CE049091E2
:1010A000CF040F94BF868C01892BA1F00F5F1F4FD7
:1010B00062E270E0C8010F94BF86009759F0801B70
:1010C000843108F084E1482F50E0B801CE01019648
:1010D0000F9491868091041310E0813029F488E602
:1010E0009BE10F949102182F0E9406ED86E10F9468
:1010F0008716109258120E9419458111EEC0A50161
:10110000940160917012709171128091721290919D
:1011100073120F9490816093701270937112809388
:1011200072129093731260E070E088EE92E40F9474
:10113000B12E0E9406ED8CED9DE10E944155C30148
:10114000B2010E94394B28A539A54AA55BA5209379
:1011500064123093651240936612509367128CA507
:101160009DA5AEA5BFA58093681290936912A09328
:101170006A12B0936B1260E070E088E492E40F941E
:10118000B12E0E9406ED18A6B12C01E6202E05E135
:10119000302E82E0A82E99E6892E95E1992E809135
:1011A0000413813009F09CC00F945642B82E0E945F
:1011B000AB4F0E9406ED0F94D155809104138130FE
:1011C00009F450C184E08093780240E060E08EE151
:1011D00092E10E94B1C2082F80E00E941B4E0130B4
:1011E00001F50E94094E4EE852E162E080E00E9463
:1011F000EA4D80E090E0A8ECB2E480936412909312
:101200006512A0936612B093671260E070E088E404
:1012100092E40F94B12E0E9406ED8EEE91E10E94B1
:10122000B0C30E94094E48E851E160E080E00E94AE
:10123000EA4D61E080E00E94D64D8981882341F02B
:10124000CE0101960E94015062E080E00E94D64DDE
:101250008091F516811104C085E791E10E94C14D8E
:1012600084E0809378020E945850811110C00F943E
:101270002A1E81E00E94F65C8091F816882399F37B
:1012800040E068EE73E082E390E00E94D6F7A0921F
:101290007802CE0101960E940D5040E068EE73E0A6
:1012A00082E390E00E94D6F7B4E07B2E112309F48C
:1012B000EEC00F94424A48A5411171CF7BC120E096
:1012C00030E043E553E428A739A74AA75BA7C9CE76
:1012D0001CA61DA61EA61FA6D0CE0E9407432FCF78
:1012E00084E0809378020E9462E22B013C018CE44E
:1012F00091E10E94F7BA0E945850082F811132C024
:10130000A30192012054384D464F5F4F2CA73DA7B3
:101310004EA75FA70F942A1E81E00E94F65C023060
:1013200009F461C00E947AF884E090E0013019F17C
:101330000E944E5F0E9462E22CA53DA54EA55FA5CE
:101340002617370748075907B0F68DE191E10E944B
:10135000F7BA10926112109260120E9406ED149A70
:1013600001E0D8CF1092D1041092D404C701B60185
:101370000E94C3BD1ECF0E944E5F0E94585088231A
:1013800049F280915E1290915F1290936112809366
:1013900060128FEB96E20E94F7BA42E864E080E0C8
:1013A0000E94F64D809161128F93809160128F930D
:1013B00060915D0D70915E0D80915F0D9091600D5B
:1013C0000F9401837F936F933F922F920E94AF4DB2
:1013D00081E80E94C54D0F900F900F900F900F90D5
:1013E0000F9002E097CF6091601270916112072E0A
:1013F000000C880B990B0F94F67A20915D0D3091BB
:101400005E0D40915F0D5091600D0F948F819F771D
:1014100020E030E040EA50E40F94858287FF09C065
:101420008CE491E10E94F7BA0E9462E22B013C0138
:1014300062CF64E081E00E94D64D60915D0D7091B5
:101440005E0D80915F0D9091600D0F9401837F93ED
:101450006F939F928F920E94AF4D0F900F900F90BD
:101460000F9058CF111103C08B2D0E94715F812FF7
:101470000E940A5419CF033010F40F5F3CC087E07C
:101480000E9473F738C0CE0101960E940D507092F1
:1014900078020E94094E4EEB51E160E081E00E942B
:1014A000EA4D4AEA51E161E081E00E94EA4D48E9F3
:1014B00051E162E081E00E94EA4D4DE95FE263E0C4
:1014C00081E00E94EA4D4EE360E080E00E94F64D2C
:1014D0000E94535000E00F942A1E81E00E94F65CA7
:1014E00080912106909122060097D1F097FFC3CFFB
:1014F000002329F201504DE655E160E080E00E94B2
:10150000EA4D4EE3602F80E00E94F64D10922206D5
:101510001092210664E670E080E090E00E942FE2E5
:101520000E9458508823B9F20E94094E0F94AE0FC2
:10153000A09278020230B1F0033009F4EBC0013020
:1015400051F580910413813009F09DCF0F945642DC
:10155000082F0E94AB4F802F0E94715F80E00E9495
:101560000A5495CF0E9406ED0E94D1420E94094E76
:1015700040ED51E160E080E00E94EA4D4EE852E12A
:1015800062E080E00E94EA4D87E99DE10E9479D700
:101590000E9406ED7CCF0E94094E4EED51E162E0C3
:1015A00080E00E94EA4D002319F0033009F06FCF6C
:1015B0000F94424A81E00E941B4E80915712809303
:1015C0005812111127C00E941945C0907012D09076
:1015D0007112E0907212F0907312882309F49DC08A
:1015E00020E030E040E85FE3C701B6010F948F814F
:1015F00060937012709371128093721290937312B1
:1016000060E070E088EE92E40F94B12E10926112C7
:1016100010926012E0906C12F0906D1200916E12B8
:1016200010916F1220919402309195024091960290
:101630005091970260919002709191028091920274
:10164000909193021F921F921F921F92812C912CB6
:10165000E8E4AE2EE2E4BE2EF0E7CF2EF2E1DF2E7C
:101660000F9470200E9406EDE0909802F09099028D
:1016700000919A0210919B02209194023091950260
:101680004091960250919702609190027091910260
:1016900080919202909193021F921F921F921F922B
:1016A000812C912CA0E7AA2EA1E4BA2E0F947020D1
:1016B0000E9406ED8CE992E00F94080380E1E0E9D6
:1016C000F2E0A4E6B2E101900D928A95E1F70E9462
:1016D0009245809162129091631280938E02909352
:1016E0008F029F938F9383E798E09F938F930E943D
:1016F00053600E9419450FB6F894DEBF0FBECDBFF0
:10170000882311F183E593E30E9471B9109260067A
:101710000C94F87A31E038A7CCCD20E030E040EAF4
:1017200050E4C701B6010F949081609370127093DA
:101730007112809372129093731260E070E080E0F7
:1017400090E40F94B12E66CF87EE90E60E9471B9B7
:1017500087E69FE10E944155D9CF0E94194581112A
:101760000C94F87A0E9406ED0E94F4550E94C5522E
:101770000E943DA80C94F87A0E941945882311F420
:101780000C94F87A0C94497B81EA9DE00F94688070
:10179000182F8AE50E940939882309F4D7C00E94CE
:1017A000E13D2B013C012091760D3091770D409168
:1017B000780D5091790D0F94357B0F9401836B0157
:1017C0009B012156304F203A3F4030F083E39BE1AC
:1017D0000E9441550C94F87A5BE0159F900111240A
:1017E000C901805B924F0F94AA808CE40E94093952
:1017F000BBE01B9F700111245701E7EBAE1AE2EF2B
:10180000BE0A882309F4BEC0E091CE04F091CF0453
:101810003196BF0181918032E1F3882331F047E0B6
:1018200050E0CE0101960F94E88647E050E0B50104
:10183000CE0101960F947C8082E40E940939570101
:10184000FEEAAF1AF2EFBF0A882309F4A3C00E9490
:101850001E39982E682FC5010F948C8080E50E9458
:1018600009392DEAE21A22EFF20A882309F497C017
:101870000E941E39B82E682FC7010F948C8081E416
:101880000E940939882309F48FC00E941E398111F2
:1018900006C081EA9DE00F94688018138DC0812FE7
:1018A0000E940A52082F882329F0612F81EA9DE0C7
:1018B0000F948C808CE29BE10E944C53612F70E06E
:1018C00090E080E00F946914812F0E940A528111E8
:1018D00004C08BE19BE10E94415588E19BE10E949D
:1018E0004C5344E0C301B2010F94D11585E19BE153
:1018F0000E944C53B601DD0C880B990B0F946914B0
:1019000082E19BE10E944C53CE0101960E94A95FA7
:101910008FE09BE10E944C53692D70E090E080E0E5
:101920000F9469148CE09BE10E944C536B2D70E086
:1019300090E080E00F94691489E09BE10E944C5391
:10194000802F90E00F946E420C94F87AABE01A9FCF
:10195000C0011124805B924F0F9476806C01BC0112
:10196000990F880B990B0F94F67A2091760D309190
:10197000770D4091780D5091790D0F948F822B0146
:101980003C0133CF47E050E0B501CE0101960F9402
:10199000588052CFC5010F946880982E5FCFC70141
:1019A0000F946880B82E6BCF81EA9DE00F94688019
:1019B00001E0181709F47ECF00E07CCF83E50E9498
:1019C0000939882311F40C94F87A0E942B398C0180
:1019D0008EE892E10E9471B986EE9AE10E944C5322
:1019E000C8010F946E420E9462E24B015C011092AA
:1019F000620D8091601290916112892B41F4FF2455
:101A0000F39480915C1290915D12892B09F0F12C76
:101A10002801012E000C66087708F1101AC0809189
:101A2000620D811110C0C301B2010F94F67A2091AA
:101A300070033091710340917203509173030F94BE
:101A400019841816B4F08CE191E20E9471B90C94DB
:101A5000F87AC301B2010F94F67A209170033091A5
:101A6000710340917203509173030F94858287FF35
:101A7000EACF0E9462E2681979098A099B09693EE6
:101A8000734081059105C8F083EE9AE10E944C53A2
:101A90006091700370917103809172039091730350
:101AA00041E00F94D1158FE20E943353C8010F9487
:101AB0006E420E9462E24B015C010F942A1E80E09C
:101AC0000E94F65C80E00E949D4DA7CF8FE30E94AC
:101AD00009398823C9F080ED9AE10E944C5386EAC7
:101AE0009FE00F94688021E030E0811102C030E077
:101AF00020E0C9010F946E4289EB9AE10E944155A2
:101B00000E9484530C94F87A81E20E940939882358
:101B100049F161E086EA9FE00F948C8068E070E014
:101B200080EB9FE00F94AA8068E170E082EB9FE079
:101B30000F94AA8060E370E084EB9FE00F94AA808A
:101B400060E570E086EB9FE00F94AA8068E770E0A4
:101B500088EB9FE00F94AA8088EA9AE10E944155A1
:101B60000C94F87A8AE50E9409398823C1F061E073
:101B700086EA9FE00F948C8000EB1FE070E060E04D
:101B8000C8010F94AA800E5F1F4F0A3B4FE0140755
:101B9000A9F78EE99AE10E9441550C94F87A83E501
:101BA0000E940939882321F10E942B398C0189E494
:101BB0000E940939882311F40C94F87A0E941E3986
:101BC000853010F00C94F87A90E08852984FB80164
:101BD000880F991F0F94AA808CE191E20E944155D1
:101BE00089EB9AE10E9441550E9484530C94F87A43
:101BF0008DE89AE10E9441550C94F87A643009F41A
:101C0000B0C0653011F00C94F87A80E50E94093973
:101C1000882309F425C10E9471394091D3034423DC
:101C200011F40C94F87A6230710510F40C94F87A7F
:101C300065ED7FE08BE190E10E94FBC30C94F87AA4
:101C400080E50E9409398823A9F00E94E13D20E047
:101C500030E04AE754E40F94357B20E030E040E088
:101C60005FE30F9490810F940883CB010E9443C4DB
:101C70000C94F87A81E50E940939882311F40C94B8
:101C8000F87A85EA9DE00F947680BC0190E080E0D0
:101C90000F94F47A20E030E04AE754E40F948F8206
:101CA0000F9451420C94F87A81E50E9409398823F7
:101CB00011F40C94F87AB80190E080E04AE00F94B7
:101CC000F3130F9484160C94F87A8091041373E53F
:101CD000E72E75E1F72E813021F06DE4E62E65E107
:101CE000F62E80E50E940939882379F162E270E0DE
:101CF0008091CE049091CF040F94BF868C01892BE4
:101D0000D1F00F5F1F4F62E270E0C8010F94BF86F1
:101D1000009789F0D82ED01AC7010F94267ED812CA
:101D20000AC0AC015527B701C8010F94477E892B23
:101D300011F40C94F87A4091D50364EA70E181EFD4
:101D400090E10E94FBC30C94F87A81E50E94093966
:101D5000882311F40C94F87AC7010E9441550C9421
:101D6000F87A80E50E940939882309F470C08091CF
:101D7000CE049091CF0401969093CF048093CE042B
:101D80002091D403222311F40C94F87ABE016F5FE2
:101D90007F4F0E949EB48AE090E00F947680298164
:101DA0003A8112E08217930728F011E028173907CB
:101DB00008F410E01295110F110F107C8CE090E0E8
:101DC0000F947680AC012B813C8182E0421753074F
:101DD00028F081E02417350708F480E050E1859F62
:101DE000C0011124180F8EE090E00F947680AC01B2
:101DF0002D813E8182E04217530728F081E02417AD
:101E0000350708F480E0A4E08A9FC0011124180F70
:101E100080E190E00F947680AC012F81388592E0CC
:101E20004217530728F091E02417350708F490E093
:101E3000190F163510F40C94F87A4091D40360E42D
:101E400070E180E890E10E94FBC30C94F87A81E590
:101E50000E940939882311F40C94F87A0C94BF7607
:101E600081E50E940939882311F40C94F87A81E005
:101E700090E00F946E420C94F87A8BE40E9409393A
:101E8000C12CD12CE12C50ECF52E882349F10E9475
:101E9000E13D6B017C0120E030E0A9010F948582D7
:101EA00081111EC01092BA041092BB041092BC049F
:101EB0001092BD040E94D65682E199E60E944C53CE
:101EC0008AE295E10E944C536091BA047091BB0480
:101ED0008091BC049091BD040F9451420C94F87A07
:101EE0008091460381111BC020E030E0A901C701A9
:101EF000B6010F94858287FF05C085E395E10E94B6
:101F00004155DACF20E030E040E251E4C701B601AC
:101F10000F94858287FF2CC081E00E94D656809165
:101F2000460320E030E0A901813021F5C701B60168
:101F30000F94198487FDE1CF20E030E040E251E4C6
:101F4000C701B6010F94858287FFD7CF20E030E02C
:101F5000A901C701B6010F94858287FDCECFC0923B
:101F6000BA04D092BB04E092BC04F092BD04A4CFAA
:101F700082E0D3CFC701B6010F94198487FDBDCF8E
:101F80002FE632E143E05BE3C701B6010F94357BF6
:101F90002AE037ED43E25CE30F948F816B017C0113
:101FA00020E030E0A9010F94858287FD11C020E078
:101FB00030E040E251E4C701B6010F9419841816CD
:101FC0002CF6C12CD12C40E2E42E41E4F42EC7CFF4
:101FD000C12CD12C7601C3CF83E50E940939882317
:101FE00059F010E00E94E13D0F940883812F0E9478
:101FF00052EC1F5F1530B1F734ECE32E32E0F32ED4
:1020000010E0F70181917F010E940939882339F09E
:102010000E94E13D0F940883812F0E9452EC1F5FC4
:10202000143079F782E40E940939882339F00E943C
:10203000E13D0F94088384E00E9452EC0F94EB146E
:102040000C94F87A24ECE22E22E0F22E10E0D70174
:102050008D917D010E940939882341F00E94E13D64
:102060000F9401834FEF812F0E94D3EB1F5F143039
:1020700071F782E40E940939882311F40C943E79A7
:102080000E94E13D0C943E7994ECE92E92E0F92E09
:1020900010E0F70181917F010E940939882349F0FE
:1020A0000E94E13D0F940183462F6FEF812F0E9424
:1020B000D3EB1F5F143069F7DCCF809104138130BC
:1020C00099F11FEF8CE40E9409398823E1F10E9405
:1020D000E13D6B017C018AE50E9409398823D1F139
:1020E0000E94E13D9F770E94394B4B015C018AE5DC
:1020F0000E940939082F0F94D15586E10F94871655
:1021000080910413813051F5153018F4812F0E940D
:10211000F5D810927F030F94424AC501B40190583C
:102120000E94394B0C94F87A80E50E940939882383
:1021300021F00E941E39182FC5CF84E50E9409396D
:102140008111F7CFBECFC12CD12C8CE8E82E82E4D0
:10215000F82EC1CF60E070E0CB01C5CF82E0809364
:10216000600682EC9FE50E9471B9A701960160911B
:1021700070127091711280917212909173120F947B
:102180009081609370127093711280937212909389
:10219000731260E070E080EA91E40F94B12E0111B7
:1021A00006C060E070E08CE092E40E949B4B0E94CD
:1021B000D1420E9406ED40E064EF71E082E390E0DE
:1021C0000E94D6F78091630D811105C080917F0335
:1021D00081110E944BD781E00E941B4E82E00E9439
:1021E0009D4D87EE90E60E9471B91092600691CFE6
:1021F00085E50E940939C12CD12C7601882321F074
:102200000E94E13D6B017C018AE50E940939882327
:10221000A1F00E94E13D9F770E94394B4B015C0188
:1022200080910413813099F40F94FF79C501B401B2
:1022300090580E94394B0C94F87A60E070E08CE082
:1022400092E40E949B4B60E070E0CB01E5CFC701B8
:10225000B6010E94C3BDEACF80EC92E00E94A73D88
:102260000C94F87A81EC92E00E94A73D0C94F87AE5
:1022700080910413813011F00C94F87A81E40E946B
:102280000939882311F40C94F87A8091CE04909146
:10229000CF0440E150E070E060E001960F94F37BE2
:1022A000862F0E94BAD90C94F87A80910413813059
:1022B00011F00C94F87A81E40E94093910E0882327
:1022C00061F08091CE049091CF0440E150E070E045
:1022D00060E001960F94F37B162F88E50E94093980
:1022E000882361F00E942B39112311F40C94F87AA1
:1022F000BC01812F0E94B4AD0C94F87A90E080E08C
:10230000F3CF83E50E940939882331F00E941E39FA
:102310008823A9F08130F9F080910413813059F4B9
:1023200088E50E940939882331F00E941E398230E5
:10233000D0F08A32E1F00F945C420C94F87A60E0BD
:102340008CEA9CE00F948C80109204131092B212CD
:1023500010929712E1CF61E08CEA9CE00F948C80A0
:102360000F941372D9CF80E00F94D671E4CF8AE234
:10237000FBCF843509F075C01093CF040093CE04D1
:1023800081E080937C030E941E39182F2091CE0497
:102390003091CF0491E07901E90EF11CD7018C91C5
:1023A000803211F0893011F49F5FF5CF082E000CB8
:1023B000990B0F947C86F701808390ED980F9530F0
:1023C00058F08F3369F0883759F08336E1F080E0B8
:1023D00095E10E94415511C0909104138F3389F407
:1023E00080910413813049F490E080E00E94E6ACD3
:1023F000682FD7018C910E945DD910927C030C94B8
:102400003767833649F4809104138130B1F70F9414
:102410005642682F83E6EFCF913069F40F9456420D
:10242000181305C080E195E10F94517FE6CF812F0D
:102430000E943AD9E2CF82E199E60E944C531123DF
:1024400059F084E50E943353812F90E0C0960F9499
:102450006E4282E698E0BDCF8FE498E00E944C5334
:10246000CCCF843409F05DC01093CF040093CE0428
:102470000E942B398230910541F18CF40196E1F0F4
:1024800080913B1290913C128F5A9F4E9F938F9355
:102490001F9284E48F9384EE99E00C948C678330D0
:1024A0009105F9F0479761F785E40E94093988237F
:1024B00009F180E00E944B578BE398E09F938F9344
:1024C0000F942A7F0F900F90FFCF06E318E022E0D1
:1024D00040E060E072E280E092E00E9418410C94DB
:1024E00037670FE218E023E041E060E070E190E040
:1024F00080E0F3CF82E50E94093991E0892780933B
:102500005E0383EF94E10E944C5380915E03882325
:1025100021F087E298E00C94F3678EE198E00C9448
:10252000F36782E199E60E944C5381E998E00E94AA
:102530004C5380913B1290913C128F5A9F4E0E94B7
:10254000A95F88E89AE10C94F3672DEC3CEC4CEC25
:102550005DE3C701B6010F941984181614F40C94A6
:1025600058690C94666AA3019201622D732D8E2D19
:102570009F2D0F948582181614F00C94CC71E5E011
:10258000CE0ED11CF2E08F0E911C85010C9493713C
:102590008EE492E10E94F7BA42E25AE162E080E002
:1025A0000E94EA4DF80181918F01982F9F7D11F4CF
:1025B0000C94E88097EF980F923010F40C94E88018
:1025C0008D3011F40C94E8800E94C54DEBCF815002
:1025D000823108F05AC0E82FF0E08827ED50FD4620
:1025E0008F4F0D9478811393179305930B930F934B
:1025F00045931A93209324932A932E9332933893DE
:102600003C934593409346934A93809180008F7703
:10261000809380000895809180008F7DF9CF809114
:102620008000877FF5CF84B58F7784BD089584B50A
:102630008F7DFBCF8091B0008F778093B00008959D
:102640008091B0008F7DF9CF809190008F7780933B
:1026500090000895809190008F7DF9CF8091900037
:10266000877FF5CF8091A0008F778093A000089599
:102670008091A0008F7DF9CF8091A000877FF5CF5A
:10268000809120018F77809320010895809120010F
:102690008F7DF9CF80912001877FF5CF83B182951F
:1026A000817008958091DA039091DB030895CF92B1
:1026B000DF92EF92FF922091DC03B0E0A0E0C090A7
:1026C0004F06D0905006E0905106F090520620FF41
:1026D00042C0C81AD90AEA0AFB0AC0924F06D09231
:1026E0005006E0925106F0925206CB01B0E0A0E015
:1026F000C0905306D0905406E0905506F0905606D0
:1027000021FF36C0C81AD90AEA0AFB0AC09253064A
:10271000D0925406E0925506F092560670E060E0C2
:102720008091570690915806A0915906B0915A068B
:1027300022FF2BC0841B950BA60BB70B809357066B
:1027400090935806A0935906B0935A06FF90EF90C5
:10275000DF90CF9008958C0D9D1DAE1DBF1D809301
:102760004F0690935006A0935106B0935206BDCFEA
:102770008C0D9D1DAE1DBF1D809353069093540676
:10278000A0935506B0935606C9CF840F951FA61F78
:10279000B71FD4CFFB01118210826AE0DC012C91BB
:1027A00020532A30A0F440815181649F9001659F9D
:1027B000300D1124318320834D91CD0120533109F7
:1027C000240F311D47FD3A9531832083E7CF0895CB
:1027D000FC018081882321F0813029F482E001C04E
:1027E00081E08083089510820895FC0194919032D5
:1027F00049F087EF890F823028F081E09D3019F091
:1028000080E0089581E0089510927F030895883E46
:1028100023E0920710F087EE93E0089587EA9CE0AA
:102820000F946880811105C080917F0381508830AA
:1028300010F080E0089581E00895CF93DF930E9427
:1028400006EDC4E6D2E16091E11270E090E080E034
:102850000F94F67A20E030E040E851E40F948F8145
:102860009B01AC016C857D858E859F850F948F8142
:102870006C877D878E879F8762E080EA9DE3DF918A
:10288000CF910D942156DF92EF92FF920F931F93F9
:10289000CF93DF93CDB7DEB763970FB6F894DEBF63
:1028A0000FBECDBF30914E0420914D04321371C044
:1028B0007C0180915902882309F443C088EF95E395
:1028C0009F938F9382E99DE39F938F938E010F5F78
:1028D0001F4F1F930F930F947F7FD82E47E050E038
:1028E000B701800F912F911D0F9458800F900F907A
:1028F0000F900F900F900F9020E0822F8D0D90E0A1
:10290000273039F02F5FF801E80FF91F30813111BE
:10291000F4CFF801E80FF91F2DE520838C0F9D1FE0
:10292000FC0112820F94460E482F60914B0480E008
:102930000E94F64D62E1C8010E94E94F80E20E94C8
:10294000C54D80914C04882321F120914E04809143
:1029500021069091220628171906D9F410925A02DE
:102960008CE292E5892B11F00E942C5281E0809339
:102970005A020F946A0E63960FB6F894DEBF0FBE2C
:10298000CDBFDF91CF911F910F91FF90EF90DF901E
:10299000089580914E048F5F80934E04ECCF85EEB6
:1029A0009FE10E9441550D94AE0F8091640D8130DE
:1029B00021F487E99FE10C94415588E89FE1FBCF22
:1029C0008CEE9DE10C9441550D94894A0F931F9311
:1029D000CF93DF93982F862F142FE901692F0E9440
:1029E000D64D113021F0123079F0CE0115C0CE0154
:1029F0000E94C14D8AE30E94C54D802FDF91CF9187
:102A00001F910F910C94C54DCE010E94C14D8AE3D8
:102A10000E94C54D8EEB9FE1DF91CF911F910F91E9
:102A20000C94C14D813021F484ED9EE10C94C14D94
:102A300080ED9EE1FBCF87EA9CE00F94688061E027
:102A4000823008F4682787EA9CE00D948C808AEA3B
:102A50009DE00F94688065E0833021F061E085306F
:102A600009F063E08AEA9DE00D948C808BEA9DE09A
:102A70000F94688063E0833009F467E08BEA9DE09F
:102A80000D948C808CEA9DE00F94688061E0811148
:102A900060E08CEA9DE00D948C8089ED93E00E94CB
:102AA000E8936091D90380E29CE00D948C8084EDE2
:102AB00093E00E94E8936091D40383EA9DE00D9433
:102AC0008C8085ED93E00E94E8936091D50384EAC1
:102AD0009DE00D948C8088ED93E00E94E8936091D6
:102AE000D80388EA9DE00D948C808091FC1660E00C
:102AF000811101C061E06093FC1687E49DE00D94B4
:102B00008C80E4EFF6E1618181E06827618387E0F2
:102B10009FE00D948C80E4EFF6E1628181E068270C
:102B2000628385ED9EE00D948C80EBE4F6E160819C
:102B300081E0682760838BEB9FE00D948C808FEAA7
:102B40009FE00F94688061E0811160E08FEA9FE070
:102B50000D948C8080913204813071F020F08230AD
:102B600069F483E001C081E0809332046091320413
:102B700087ED9EE00D948C8082E0F6CF10923204B7
:102B8000F5CF89E09FE00F94688061E0882321F011
:102B900062E0813009F060E089E09FE00F948C8072
:102BA00081E08093291408958EEC9EE00F94688054
:102BB00060E0813009F061E08EEC9EE00D948C8045
:102BC0006091400281E068276093400287E89FE0BF
:102BD0000F948C8080914002811102C01092BE033C
:102BE0000895CF93DF938091D6038C33E1F0803545
:102BF00001F1883291F088E28093D603C0E9D1E0F8
:102C00006091D60387EA9DE00F948C80BE0185EA2F
:102C10009DE0DF91CF910D94AA808CE38093D60341
:102C2000C8E5D2E0EDCF80E58093D603C0E2D3E0E3
:102C3000E7CF89E18093D603CAEFD0E0E1CF0F93CD
:102C40001F93CF93DF9300D000D01F921F92CDB778
:102C5000DEB78C018AE090E00F9476809A838983B6
:102C60008CE090E00F9476809C838B838EE090E0E4
:102C70000F9476809E838D8380E190E00F94768020
:102C800098878F83C801DE011196BE01675F7F4F71
:102C9000FC01259134914D915D914217530748F005
:102CA0002417350720F00296A617B70789F780E0AA
:102CB00001C081E028960FB6F894DEBF0FBECDBFED
:102CC000DF91CF911F910F9108958CEA9CE00F94B2
:102CD0006880882399F0109204131092B212109217
:102CE00097128CEA9CE00F94688061E0811160E0AB
:102CF0008CEA9CE00F94B0800D945C420F941372A8
:102D0000F0CF8091A603882321F0813069F482E01E
:102D100001C081E08093A6036091A6038FEF9FE03E
:102D20000F948C800C948FEC1092A603F5CF81E069
:102D30009091F416911180E00C9412510F931F930F
:102D4000CF9304EF16E1F801C68581E0C827C68756
:102D500080913B0E90913C0E908B87870F943A4A5E
:102D6000F801158A6C2F8DEA9CE0CF911F910F918D
:102D70000D948C800E94094E44E954E260E080E0AA
:102D80000E94EA4D80914E0290914F0220912106BF
:102D900030912206820F931F823321E0920750F177
:102DA00081E391E090934F0280934E0210922206AD
:102DB0001092210662E081E00E94D64D80914F0280
:102DC0008F9380914E028F9381EA98E39F938F9324
:102DD0000E94AF4D0E9458500F900F900F900F908F
:102DE000882371F083E08093610D0F94AE0F82E031
:102DF0000C949D4D8E319105A8F68EE190E0D2CFD6
:102E00000895CF93DF93CDB7DEB72F970FB6F89421
:102E1000DEBF0FBECDBFFC01DE01119690E09D012B
:102E2000849141E0490F882329F08D933196942FA6
:102E30004D30B1F7F901E90FF11D8AE380839F5FFF
:102E4000F901E90FF11D80E29E3019F081939F5F37
:102E5000FBCF1F867F936F933F932F938EE796E36D
:102E60009F938F930E94AF4D0F900F900F900F90F4
:102E70000F900F902F960FB6F894DEBF0FBECDBF08
:102E8000DF91CF910895AF92BF92CF92DF92EF92F0
:102E9000FF920F931F93CF93DF936C010E948B4D92
:102EA000E601F12CE12C6F2D80E00E94D64DC60189
:102EB0000E94F593882329F08FEFC81AD80A09F4E5
:102EC00049C0C6010F94267E8431910510F084E13B
:102ED00090E0E601C80FD91FE3E0FE120AC084317A
:102EE00041F4FE018491E12C882319F02297EE240D
:102EF000E394FE018491882309F440C0CE010E942E
:102F0000F59381113BC0FE01849192ED980F9230B0
:102F1000A8F18C3299F196EC980F923078F18F33BA
:102F200069F1813259F18E01C016D10658F4580169
:102F3000F1E0AF1AB108C5010E94F59381111DC0DF
:102F40008501F2CFC016D106C9F0E801F39484E000
:102F5000F812A9CFEE20F9F048E863E083E10E947F
:102F6000F64DCE01DF91CF911F910F91FF90EF9021
:102F7000DF90CF90BF90AF900895E801CC16DD06AA
:102F800028F7F60184918A3009F30E94854EFFEFFD
:102F9000CF1ADF0AF3CFD0E0C0E0E3CF282FCB0178
:102FA000213039F0223049F022E067EC72E30D94D1
:102FB000221222E062EC72E3FACF22E06BEB72E3C2
:102FC000F6CF809140026FE570E6882311F063E64A
:102FD00070E622E040EE55E989E89DE20D94221268
:102FE0008091630D811115C08FEF9FE00F94688071
:102FF00022E041E856E96BE470E3813031F06BE6A2
:103000007DE2823011F460E67DE286E79DE20D9478
:103010002212089586ED9EE00F9468806FE570E6B9
:10302000813011F463E670E622E047EE5EED8EE15A
:103030009FE10F9422128EEC9EE00F94688022E0B4
:1030400044ED55E963E670E6813011F06FE570E616
:1030500089E59DE20D94221280918103882321F05D
:1030600080915902882351F081E08093810360E0D0
:103070008AE29DE00E94DF51809382030F945E0FED
:1030800010924B0480914B04843008F072C010926F
:103090004E048091D703811149C086EB92E30F94CF
:1030A00059136BE679EA87E39FE20F940C13809142
:1030B000D6038C3309F451C0E0F5893109F443C0DB
:1030C0008832D9F16BE674EC8FE09EE20F94010F29
:1030D00064E67AE98CED9DE20F940C1380918203F3
:1030E000882331F06AEB78E986E699E30F940C13B4
:1030F00089E29DE00F94688069EB70E3882311F00A
:1031000065EB70E322E04EE85FE981E39FE10F9415
:1031100022120F94320F80914B048F5F80934B04E7
:1031200080914D048F5F80934D04ACCF8CEA90E387
:10313000B6CF8035C1F08F3F29F622E041EF55E947
:103140006DE779E305C022E041EF55E962E879E3F4
:1031500083EE9DE20F942212B5CF22E041EF55E9B4
:1031600068E779E3F5CF22E041EF55E963E779E3DA
:10317000EFCF08950F945E0F10924B0480914B0493
:10318000843098F410924E0486EB92E30F94591316
:103190000F94320F80914B048F5F80934B0480918A
:1031A0004D048F5F80934D04E9CF0895CF934CEB8E
:1031B00050E360E080E00E94EA4D4AE061E080E098
:1031C0000E94F64D0F945E0F10924B04C2E0809166
:1031D0004B048430F8F410924E04811102C0C09365
:1031E0004B0469EE71E089EB90E30F94010F6BE102
:1031F0007AEB85EB90E30F94010F0F94320F8091DF
:103200004B048F5F80934B0480914D048F5F8093BC
:103210004D04DDCFCF9108950F945E0F10924B04B3
:1032200080914B04843008F087C010924E0486EBE6
:1032300092E30F9459138091F4166FE570E688239A
:1032400011F063E670E622E047E956E982E690E392
:103250000F9422128091F416882309F45AC0833007
:1032600029F522E044EE54E969E870E38FE49DE239
:103270000F94221222E044EE54E969E870E383E4FB
:103280009DE20F94221222E044EE54E969E870E3D3
:1032900085E39DE20F9422128091FC16882381F130
:1032A000813009F443C00E94759533C08091F616B1
:1032B0006FE570E6882311F063E670E622E04BE8E4
:1032C00055E98FE49DE20F9422128091F5166FE587
:1032D00070E6882311F063E670E622E041E855E9E4
:1032E00083E49DE20F942212809102176FE570E64D
:1032F000882311F063E670E622E04EE956E9C8CF74
:1033000022E045E755E965E773E38BE29DE20F9420
:1033100022120F94320F80914B048F5F80934B04E5
:1033200080914D048F5F80934D047ACF22E045E772
:1033300055E965E27DE2E9CF08950F945E0F1092A2
:103340004B0480914B04843028F510924E048FEE8C
:1033500090E30F9459136EEE7EE982EC91E20F94A4
:103360000C1367EA7EE98CEB91E20F940C1361E198
:1033700079EA86EF91E20F940C130F94320F80914B
:103380004B048F5F80934B0480914D048F5F80933B
:103390004D04D7CF08950F945E0F10924B04809187
:1033A0004B048430A8F510924E0487E39FE20F94FB
:1033B00059138091BA030E940A52882331F06EE2B9
:1033C00079EA80E39FE20F940C138091610D8111E3
:1033D00006C069E574EB8FE19FE20F940C1360E97E
:1033E0007CE988E19FE20F940C136FE172EB82E1BC
:1033F0009FE20F94010F0F94320F80914B048F5F67
:1034000080934B0480914D048F5F80934D04C7CF10
:10341000089587E08093BA030C94CB9986E080935B
:10342000BA030C94CB9985E08093BA030C94CB99A2
:1034300084E08093BA030C94CB9983E08093BA0321
:103440000C94CB9982E08093BA030C94CB9981E0E1
:103450008093BA030C94CB991092BA030C94CB9935
:103460000F945E0F10924B0480914B04843058F5FA
:1034700010924E048CEA90E30F94591366E87BEAAD
:1034800086E196E20F940C136FE87BEA8FE096E2F8
:103490000F940C136DE77BEA88E096E20F940C130F
:1034A00069E777EA8FEF95E20F940C130F94320FD0
:1034B00080914B048F5F80934B0480914D048F5F0C
:1034C00080934D04D1CF08950F945E0F10924B045A
:1034D00080914B04843098F510924E048DE19EE269
:1034E0000F9459134BE655E96AE97DE28091D803C0
:1034F0000E94CE9741E655E964E97DE28091D503CB
:103500000E94CE9747E555E968E27FE18091D403B8
:103510000E94CE974DE455E96FE171E28091D903A5
:103520000E94CE970F94320F80914B048F5F80934F
:103530004B0480914D048F5F80934D04C9CF089553
:10354000CF92DF92EF92FF920F931F93CF93DF936F
:103550006C017901C42FD0E0AE010F94477E892B16
:10356000B9F4B801C6018C0F9D1F0E94CA93F801DF
:10357000208131812E293F293183208381E0DF9111
:10358000CF911F910F91FF90EF90DF90CF90089512
:1035900080E0F5CF61E08EE399E30E94B55F0D9482
:1035A000AE0F61E082E499E30E94B55F0D94AE0F27
:1035B00061E08AE399E30E94B55F0D94AE0F61E08C
:1035C00088E499E30E94B55F0D94AE0F85E593E220
:1035D0000E9443970D94ED13CF931092B403C3B19F
:1035E00042E05FE160E080E00E94EA4D60E086E05A
:1035F0000E94D64DC4FB882780F90E9412958091C5
:103600000413813099F4C1E08091DA12811101C074
:10361000C0E04CEF5EE160E08AE00E94EA4D60E0CD
:1036200081E10E94D64D8C2F0E941295C1E08091BD
:103630000117811101C0C0E042E650E361E080E083
:103640000E94EA4D61E081E10E94D64D8C2F0E94DC
:10365000129562E080E00E94D64D80913C0E8F93DF
:1036600080913B0E8F938091670D1F928F93809175
:1036700075038F93809174038F938091660D1F92D1
:103680008F9388ED9EE19F938F930E94AF4D8DB7EE
:103690009EB70A960FB6F8949EBF0FBE8DBFCF910E
:1036A0000D94ED13BF92CF92DF92EF92FF920F93A2
:1036B0001F93CF93DF93C82FF62EE42EB22E68010E
:1036C00080E00E941B4EDCE7FE1408F0DDE2BB2028
:1036D000E9F00E94094EC1111CC08AEE9BE50E94D0
:1036E000C14D88EF8C0F823068F58AE492E30E9426
:1036F000C14D8DE292E3CC3049F18DE192E3CD30C2
:1037000029F1CE3029F58CE092E320C00E94024ED0
:10371000E2CFC13011F3C23001F387E992E3C33045
:10372000F1F287E892E3C430D1F287E792E3C53043
:10373000B1F287E692E3C63091F2C73091F68AE59E
:1037400092E3CDCFCA3059F589E392E30E94C14D8F
:103750004AE05AE361E080E00E94EA4DC33040F560
:1037600040E052E362E080E00E94EA4D62E082E1E4
:103770000E94D64DC11117C08D2F0E94C54D45EF37
:1037800051E363E080E00E94EA4D63E082E10E9441
:10379000D64DC23001F18D2F0E94C54D20C0CB30D7
:1037A00009F0A7CFD1CF8EEB9FE10E94C14DE7CFAB
:1037B00086EF8C0F823090F545EE51E362E080E0B9
:1037C0000E94EA4D8AE30E94C54D62E082E10E94B8
:1037D000D64DCA3001F38EEB9FE10E94C14DC1145A
:1037E000D10419F0C6010E944E5F81E08F0D482F71
:1037F00050E092E024E030E0E91611F026E030E0FD
:10380000421753070CF080E0DF91CF911F910F9189
:10381000FF90EF90DF90CF90BF900895CA30F8F6F8
:1038200041E0C43021F042E0C33009F440E00D2F04
:1038300028E03AE362E082E00E94E69441E0C5308D
:1038400021F042E0C53008F440E00D2F26E03AE3D5
:1038500068E082E00E94E69441E0C63021F042E058
:10386000C63008F440E00D2F24E03AE36EE082E039
:103870000E94E69441E0C73021F042E0C73008F4EE
:1038800040E00D2F20E03AE360E083E00E94E69400
:1038900041E0C83021F042E0C83008F440E00D2F8C
:1038A00029EF39E369E083E00E94E69498CF1F9303
:1038B000CF93DF931092B40385E69FE00F94688066
:1038C000C82F81E09FE00F9476800E940794D82F44
:1038D000192F0E94024E1F93DF9386E192E29F937D
:1038E0008F9327E032E23F932F931F92CF939F93C2
:1038F0008F9383E292E29F938F938BE596E39F935E
:103900008F930E94AF4D8DB79EB70E960FB6F89469
:103910009EBF0FBE8DBFDF91CF911F910D94ED1310
:10392000CF93DF9380918103811118C06091BA0316
:103930008BE0689FB0011124675B724F47E050E055
:1039400083E893E00F9458808091830390E09093F4
:1039500022068093210681E08093810380912106D5
:1039600090912206809734F480E290E090932206B2
:103970008093210680912106909122068F3F910528
:1039800039F034F08FEF90E0909322068093210677
:10399000E0918203F0E0EF57FC4F80912106828393
:1039A0000E94024EC3E8D3E089910E94C54D83E096
:1039B000CA38D807C9F74EE561E0809182030E94BA
:1039C000F64D80918203882329F040E261E0815026
:1039D0000E94F64D0E945850882399F0E09182038E
:1039E0008E2F90E00196079778F4EF5FE0938203C3
:1039F000F0E0EF57FC4F828190E090932206809395
:103A00002106DF91CF9108956091BA038BE0689F02
:103A1000B0011124675B724F47E050E083E893E008
:103A20000F947C80DF91CF910D9456132F923F928B
:103A30004F925F926F927F928F929F92AF92BF92BE
:103A4000CF92DF92EF92FF920F931F93CF93DF936A
:103A5000CDB7DEB7A0970FB6F894DEBF0FBECDBFCF
:103A600048E050E065EE7FE0CE0141960F9458802B
:103A700048E050E06DED7FE0CE0109960F9458804C
:103A800048E050E065ED7FE0CE0101960F9458804C
:103A90008D849E84AF84B888E4E4F3E62591359163
:103AA00045915491CD80DE80EF80F884E8E4F3E620
:103AB00085919591A591B4918D8F9E8FAF8FB8A36D
:103AC0008D899E89AF89B88D898F9A8FAB8FBC8F76
:103AD000C501B4010F94357B2B013C012D8D3E8D2A
:103AE0004F8D58A1C701B6010F94357B9B01AC01E6
:103AF000C301B2010F949081298D3A8D4B8D5C8D5D
:103B00000F94908120E030E040E950E40F949081E0
:103B10001B018C01ECE4F3E625913591459154911C
:103B2000E0E5F3E64590559065907490C501B401C9
:103B30000F94357B4B015C01A3019201C701B601D3
:103B40000F94357B9B01AC01C501B4010F949081AA
:103B5000298D3A8D4B8D5C8D0F94908120E030E063
:103B600040E950E40F949081F62EE72ED82EC92E0E
:103B70000E94024E84EF93E29F938F938AEF93E229
:103B80009F938F938AE09AE39F938F938FEF93E2B3
:103B90009F938F938EE89EE19F938F930E94AF4DEA
:103BA00062E08BE00E94D64D0FB6F894DEBF0FBEE8
:103BB000CDBF20E030E048E453E4622D732D802F28
:103BC000912F0F94198487FF57C01F930F933F9233
:103BD0002F9286E89EE19F938F930E94AF4D0F90A6
:103BE0000F900F900F900F900F9063E08BE00E946A
:103BF000D64D20E030E048E453E4D701F6016B2FC6
:103C00007E2D8F2F9C2D0F94198487FF3AC0CF9261
:103C1000DF92EF92FF9286E89EE19F938F930E943E
:103C2000AF4D0F900F900F900F900F900F900E943C
:103C30005850882341F020E041E070E060E08FEFD1
:103C400099EA0F94880FA0960FB6F894DEBF0FBEC6
:103C5000CDBFDF91CF911F910F91FF90EF90DF903B
:103C6000CF90BF90AF909F908F907F906F905F901C
:103C70004F903F902F90089589E890E30E94C14DA6
:103C8000B4CF89E890E30E94C14DD1CF1092B40324
:103C90000E94024EE2EAF3E0428153812CE3249F2A
:103CA000C001259F900D11249F938F9385EF91E381
:103CB0009F938F9340815181249FC001259F900D38
:103CC00011249F938F9380E092E39F938F9381EAD7
:103CD00091E29F938F930E94AF4D8DB79EB70A9646
:103CE0000FB6F8949EBF0FBE8DBF0D94ED131092CA
:103CF000B4030E94024E60915D0D70915E0D809143
:103D00005F0D9091600D0F9401838AE99DE20E94FE
:103D100001976091A7037091A8038091A9039091E6
:103D2000AA030F94018385E89DE20E9401976091A8
:103D300070037091710380917203909173030F94DB
:103D4000018382E09FE10E9401970D94ED130F9390
:103D50001F93CF93DF931092B4030E94024E809181
:103D60000A1390910B130E940794182F092F80EDCE
:103D70009EE00F9476800E940794EC0183ED9EE014
:103D80000F9476800E9407940F931F932DEC31E2DD
:103D90003F932F93DF93CF932DED31E23F932F93FA
:103DA0009F938F938CEE91E29F938F9387E092E2A3
:103DB0009F938F938EE296E39F938F930E94AF4DD4
:103DC0008DB79EB740960FB6F8949EBF0FBE8DBFBD
:103DD000DF91CF911F910F910D94ED13CF93DF934E
:103DE0001092B4030E94024E8FEC9EE00F94688004
:103DF00090E00E940794EC0182ED9EE00F946880B1
:103E000090E00E940794DF93CF932DED31E23F9332
:103E10002F939F938F938CEE91E29F938F9383E2E6
:103E200092E29F938F938FE096E39F938F930E94EC
:103E3000AF4D8DB79EB70C960FB6F8949EBF0FBED0
:103E40008DBFDF91CF910D94ED130E94DCE41092B1
:103E500058120D94AE0FEF92FF920F931F93CF93D2
:103E6000DF93CDB7DEB76B970FB6F894DEBF0FBE0A
:103E7000CDBF8AE59FE00F946880E82E0AE01FE03E
:103E8000F12C48E050E0EF1479F0B801CE010E9625
:103E90000F9458801E8A60E0CE010E960F94634DF9
:103EA000F394085F1F4FEDCF65E97FE08E010F5F50
:103EB0001F4FC8010F94588019868EE28F8B43E004
:103EC00050E061E97CE0CE0148960F9458801B8E4B
:103ED000BE01695E7F4FC8010F94B4861F930F9394
:103EE00088E691E69F938F930E94536061E084E699
:103EF00091E60E94B55F0F94AE0F0F900F900F9058
:103F00000F906B960FB6F894DEBF0FBECDBFDF915A
:103F1000CF911F910F91FF90EF900895CF9389E279
:103F20009DE00F9468808150C1E08E3F08F4C0E0AE
:103F30006C2F89E29DE00F948C808FE19AE30E94C0
:103F400041558C2F0E943353CF910D948416CF93FB
:103F5000DF9384EB93E00E9484E4809174128111DA
:103F600018C080917512811114C0C091ED03D091D9
:103F7000EE0382EBC038D80761F08BEACD37D80763
:103F800041F080913D12811104C080913E1288233E
:103F900031F082E080935902DF91CF91089588E952
:103FA000CC32D80781F482E0809359028AE29DE006
:103FB0000F94688061E0811160E08AE29DE0DF910A
:103FC000CF910D94B0809091410D8091420D981346
:103FD00004C00E942445882361F00E945F4581113E
:103FE00010C082E08093590280E0DF91CF910C9461
:103FF00073F781E0CB39D807E1F460E08DE79BEA05
:1040000014C081E0CB39D80759F080EAC233D80711
:1040100039F083EAC13CD80719F0C256D44A09F7EF
:104020000E94094E60E080E892EBDF91CF910D9401
:10403000001280EAC233D80701F383EACC3BD807E9
:10404000E1F28FEBC43BD807C1F286EAC130D80752
:10405000A1F282EAC833D80781F2C256D44A09F0E5
:10406000C0CFCBCF1F93CF93DF930F945E0F1092EF
:104070004B041BE0D1E080914B04843008F0C1C1B7
:1040800010924E0488E390E30F9459130E947545F3
:10409000811117C00E940F45811113C08091BB038D
:1040A00081110FC08091640D833009F053C080915D
:1040B000DB13882331F06BE27FE980E390E30F9418
:1040C000010F0E945F45882371F00E9424458111F1
:1040D00004C08091610D843031F460E872EB82E2BB
:1040E00090E30F940C138091630D882331F062E804
:1040F00079EB8EE690E30F94010F0E940F4581113A
:104100005AC08091410D9091420D891B8F7069F5C5
:104110000E947545811129C08091BE03823029F12A
:1041200080913E12811127C06CEB73EA85E190E328
:104130000F940C13809177038823E9F08091640D2C
:1041400065ED74E9813009F02AC187E090E30F94AE
:10415000010F11C0843009F0B4CF80917703882318
:1041600009F4AFCF6FEC74E9A8CF61EC73EA8DE18D
:1041700090E30F940C13C09175120E941945C11160
:104180001AC090917412911116C0811118C08091BB
:104190007C03811110C08091451260EE74E9811199
:1041A00006C08091DA13882331F06DE378EA81EF5D
:1041B0009FE20F94010F0E941945882321F18091FD
:1041C000BC03811120C08091BE038230E1F0809158
:1041D0007902823021F4909176129923A1F0909186
:1041E0006006983081F064E979EB882341F08130F2
:1041F00051F480917703882331F068E679EB84EEFF
:104200009FE20F940C130E942445811108C00E9464
:104210001945811104C00E940F45882371F08091D7
:104220006006813051F080917C03811106C066EDFB
:1042300078E98CEB90E30F940C130E940F458111E9
:1042400085C00E947545811181C08091BC03811198
:104250007DC08091BE03823009F478C08091DB1369
:10426000811105C08091610D882309F49BC0809164
:104270006D16811110C08091451281110CC0809182
:10428000610D811108C0D093B90364EB7FEB86ED1B
:104290009FE20F940C138091630D811112C081EA8B
:1042A0009DE00F946880C82F0E94185287FD09C0B6
:1042B000C81739F0C102C0011124875B924F0E94D8
:1042C000439480917F03811141C080913E128111FE
:1042D0003DC080910413813009F06BC08091DA12E7
:1042E00081110AC080910117811106C060E678EA49
:1042F0008CEB9FE20F940C136CED75ED8DEA9FE251
:104300000F940C136FED75ED8DE99FE20F940C1374
:1043100062EE75ED83EB9FE50F940C138EEC9EE03F
:104320000F946880882331F065EE75ED86EA9FE58D
:104330000F940C1361E076EA8CEA90E30F940C136F
:104340006CE077EA81E79FE20F940C1368E97BEA5F
:1043500086E69FE20F940C1367E57CE98BE59FE20C
:104360000F940C1380910413813031F46DE979E9D5
:104370008CE49FE20F940C1362E674EA84E49FE2FB
:104380000F940C130F94320F80914B048F5F809326
:104390004B0480914D048F5F80934D046CCE8DEF64
:1043A0009FE2D5CED093B9038BEC9FE20F945913C3
:1043B00072CF8091F4168823E9F08091F51681116F
:1043C00006C068EE75ED8FE89FE20F940C138091A4
:1043D0000117882329F06BEE75ED8DE99FE2A8CFD8
:1043E0008091F516882309F4A5CF66EE7AE98DE76A
:1043F0009FE29ECF68EE75ED8FE89FE20F940C135D
:10440000EACFDF91CF911F910895EF92FF920F9322
:104410001F9388ECE82EF12C07E211E030E020E059
:1044200040E160E672E18AE99DE20F94E31092E3D5
:10443000E92EF12C08E710E030E020E040E16CE5E7
:1044400072E185E89DE20F94E3102FE7E22EF12C54
:104450000FEF10E030E020E048E068E572E18BE724
:104460009DE20F94E3101F910F91FF90EF9008953C
:104470000F945E0F10924B0480914B048430A8F48B
:1044800010924E048CEA90E30F9459130E9405A2F7
:104490000F94320F80914B048F5F80934B04809177
:1044A0004D048F5F80934D04E7CF0895EF92FF9204
:1044B0000F931F9380918E03811135C080EC9FE094
:1044C0000F946880813061F58FEB9FE00F946880D6
:1044D000082E000C990B9093900380938F038EEB22
:1044E0009FE00F946880082E000C990B9093920324
:1044F000809391038DEB9FE00F946880082E000C51
:10450000990B90939403809393038CEB9FE00F940B
:104510006880082E000C990B909396038093950366
:1045200081E080938E030F945E0F10924B04809174
:104530004B04843008F062C010924E040F94060EB3
:104540008823E9F060918F038FEB9FE00F948C80BC
:10455000609193038DEB9FE00F948C8060919503A5
:104560008CEB9FE00F948C80609191038EEB9FE029
:104570000F948C8061E080EC9FE00F948C8086EB40
:1045800092E30F945913F12CE12C04E610E02CE98E
:104590003FEF40E16FE873E085E894E20F94E310A9
:1045A0002CE93FEF40E161E973E086E794E20F9484
:1045B000E3102CE93FEF40E163E973E087E694E222
:1045C0000F94E3102CE93FEF40E165E973E088E5E3
:1045D00094E20F94E31068EB79EA82E19FE20F9492
:1045E000010F0F94320F80914B048F5F80934B0427
:1045F00080914D048F5F80934D0499CF1F910F914F
:10460000FF90EF900895CF930F945E0F10924B049C
:1046100080914B04843008F0ADC010924E048FE5B9
:104620009FE00F94688081110DC00F94060E8111D8
:104630000E94049480917F038A3089F18FEE90E389
:104640000F9459138091630D882361F164EF75ED28
:1046500082E598E30F94010F6CEF75ED82E498E327
:104660000F94010F8FE59FE00F94688081110AC0BD
:1046700080917F03893031F465E27FE98DE193E237
:104680000F94010F0F94320F80914B048F5F809332
:104690004B0480914D048F5F80934D04B9CF86EB1E
:1046A00092E3CECF0E940E94C82F87E298E3CC23EA
:1046B00011F086E398E364E076ED0F940C138CE040
:1046C00098E3CC2311F08BE198E36CE076ED0F9446
:1046D0000C1380EF97E3CC2311F080E098E364E1C2
:1046E00076ED0F940C1384ED97E3CC2311F084EE58
:1046F00097E36CE176ED0F940C1389EB97E3CC23F1
:1047000011F088EC97E364E276ED0F940C138EE9D8
:1047100097E3CC2311F08DEA97E36CE276ED0F94EA
:104720000C1382E897E3CC2311F082E997E364E36A
:1047300076ED0F940C1386E697E3CC2311F086E711
:1047400097E36CE376ED0F940C138AE497E3CC23A4
:1047500011F08AE597E364E476ED0F940C138FE291
:1047600097E3CC2311F08EE397E36CE476ED0F949E
:104770000C1378CFCF91089589E080937F030C9438
:1047800003A3EF92FF920F931F9380917502909174
:10479000760220918E03211181C021E020938E03A7
:1047A0009093900380938F038FEF9FE00F94688026
:1047B0008093A6030F945E0F10924B0480914B04DC
:1047C000843008F07AC010924E040F94060E8111C6
:1047D0000E9421438FEE90E30F945913F12CE12CAA
:1047E00007EE13E02AE030E040E16EE872E083E893
:1047F00090E30F94E3100E9405A22AE030E040E12C
:1048000065E772E08EE790E30F94E3108091630D0B
:10481000811106C062E879EB8EE690E30F94010FF8
:104820000E941945882331F062EC79E38CE99FE519
:104830000F947A0E6CE079E982E690E30F940C1302
:1048400080910413813011F40E940A980E94E1972C
:104850000E94F0978091320422E04AEA55E96BE425
:1048600070E3823051F064E470E3833031F067E547
:1048700070E3813011F462E570E38CE590E30F940E
:1048800022120F94320F80914B048F5F80934B0460
:1048900080914D048F5F80934D0490CF20918F03C2
:1048A000309190032817390709F47ECF9093900335
:1048B00080938F030E942E4377CF1F910F91FF901B
:1048C000EF900895EF92FF920F931F93CF93DF9392
:1048D00080918103882329F090915902923009F048
:1048E00064C181E08093810380914B1680938203A1
:1048F000882321F083E893E00F941D550F945E0FF9
:1049000010924B0489EBE82E86E3F82EC8E8D6E334
:1049100007E813E080914B04843008F06BC11092DB
:104920004E048FEE90E30F94591383E297E30F94B4
:10493000591386E197E30F94591381E097E30F949D
:10494000591381EF96E30F9459138DE29EE10F9472
:1049500059138BE19EE10F9459138AE09EE10F9465
:1049600059138AE09AE30F94591385EE96E30F9456
:1049700059138CED96E30F94591382ED96E30F943F
:1049800059138AE09AE30F94591386E992E20F943F
:10499000591387EC96E30F9459138AE09AE30F9426
:1049A000591380910413813009F01FC188E892E205
:1049B0000F94591382EC96E30F94591380914E048F
:1049C0008150990B20914D042817190649F58091C3
:1049D0005902882329F160914B0486E00E94D64D4C
:1049E00080910413813009F0FBC08091E412909112
:1049F000E5122091E612882309F4F2C01F922F934A
:104A00001F929F931F928F93FF92EF920E94AF4D40
:104A10008DB79EB708960FB6F8949EBF0FBE8DBF98
:104A200080918203882309F440C08AE09AE30F94BE
:104A3000591388E996E30F94591386E996E30F9486
:104A4000591380914E048150990B20914D042817E1
:104A5000190659F580915902882339F160914B0468
:104A600082E00E94D64D809186031F928F938091A1
:104A700085031F928F93809184031F928F9380915F
:104A800083031F928F93DF93CF931F930F930F9402
:104A90007F7F87E893E00E9401508DB79EB70C9608
:104AA0000FB6F8949EBF0FBE8DBF80915F039091AB
:104AB0006003A0916103B0916203892B8A2B8B2B39
:104AC00009F440C08AE09AE30F9459138FE692E20A
:104AD0000F94591384E996E30F94591380914E046F
:104AE0008150990B20914D042817190659F5809192
:104AF0005902882339F160914B0482E00E94D64D1F
:104B0000809162031F928F93809161031F928F9314
:104B1000809160031F928F9380915F031F928F9308
:104B2000DF93CF931F930F930F947F7F87E893E0DA
:104B30000E9401508DB79EB70C960FB6F8949EBF99
:104B40000FBE8DBF8AE09AE30F94591366E17DE9A9
:104B50008EE592E20F940C1366E47EE980E592E222
:104B60000F940C136CEE7AE984E492E20F940C1328
:104B700067E77EE987E392E20F940C1380915E036E
:104B8000882331F063EE7CEA8BEF9DE10F94010FF7
:104B90000F94320F80914B048F5F80934B04809170
:104BA0004D048F5F80934D04B5CE9091820399237D
:104BB00009F4A4CE4091830350918403609185034E
:104BC00070918603452B462B472B09F097CE8F5FBC
:104BD000803119F08093810391CE109281038ECEA3
:104BE00080E892E20E94C14D1BCF8AEA96E30F94BF
:104BF000591316CFDF91CF911F910F91FF90EF9036
:104C00000895CF938FEF9FE00F9468808093A60361
:104C10000F945E0F10924B04C1E080914B048430DE
:104C200008F0F8C010924E048FEE90E30F945913E1
:104C300068E372EA8EE49EE20F940C130E947545BD
:104C4000882321F00E941945882361F060E37AE906
:104C500084E49EE20F940C136AEB7FE183E39EE20F
:104C60000F947A0E6CE079E982E690E30F940C13CE
:104C70008CEA9CE00F9468806FE570E6882311F061
:104C800063E670E622E045E656E983EA99E30F948D
:104C900022128CEA9CE00F946880882331F068E649
:104CA00079EA89E999E30F94010F80910413813027
:104CB00041F40E940A986EEE75ED86E29EE20F9432
:104CC0000C130E94E1970E94F0978091630D81116F
:104CD0009AC0C093D7036CE278E98DE19EE20F940D
:104CE0000C1364E373EC88EA9EE20F940C130E94A9
:104CF00029E7882389F08FEA9FE00F9468806FE5A9
:104D000070E6882311F063E670E622E04FE955E98A
:104D10008AE59EE20F9422120E941945811106C075
:104D200060E872EB82E290E30F940C138091630DC4
:104D300081112AC080914B1622E045E955E969E4CA
:104D40007FE1811102C060E07EE287E09EE20F9485
:104D5000221289E09FE00F94688022E041EC55E93F
:104D600066EF7DE2882361F022E041EC55E96DEECB
:104D70007DE2813029F022E041EC55E967EC72E3F5
:104D80008BEF9DE20F9422128091320422E04AEAD6
:104D900055E96BE470E3823051F064E470E38330F2
:104DA00031F067E570E3813011F462E570E38CE582
:104DB00090E30F94221287EA9CE00F94688069EBDD
:104DC00070E3882311F065EB70E322E04BE155E9D5
:104DD0008CE39FE10F9422128091630D882331F0C0
:104DE00066EC72EC87E899E30F94010F0F94320F91
:104DF00080914B048F5F80934B0480914D048F5FB3
:104E000080934D040ACF6BE674EC8FE09EE20F9422
:104E1000010F67CFCF9108950F945E0F10924B044E
:104E200080914B04843008F063C010924E048FEEE2
:104E300090E30F9459136AE674ED8DED9EE20F94A2
:104E4000010F8091610D811106C06BEA73EB8FE158
:104E50009FE20F940C136DEF7FE18CE99FE50F94B7
:104E60007A0E61EC7DEB84ED9EE20F94010F6AEC0B
:104E70007AE986EC9EE20F94010F61ED7AE98AEB04
:104E80009EE20F94010F68ED7AE988EA9EE20F94A2
:104E90000C1366E572EA86E99EE20F940C136AEB46
:104EA00076E986E89EE20F940C1366E47AEB87E7D6
:104EB0009EE20F940C1367EA79E385E69EE20F9475
:104EC0007A0E0E9429E7882331F06FED7AE98AE5AE
:104ED0009EE20F94010F0F94320F80914B048F5F6D
:104EE00080934B0480914D048F5F80934D0498CF45
:104EF000089560915D0D70915E0D80915F0D9091B0
:104F0000600D0F94018320915702309158022617AB
:104F100037070CF065C08091210690912206892BFD
:104F2000B9F10E9425448091410D8F5F803109F4D1
:104F300080E09091420D981759F16091210670918F
:104F40002206072E000C880B990B0F94F67A9B0112
:104F5000AC016091701270917112809172129091F7
:104F600073120F94908160937012709371128093FA
:104F7000721290937312109222061092210665E528
:104F800075E585ED9FE30F94B12E81E08093590282
:104F900080915902882311F161E080E00E94D64D92
:104FA000809173128F93809172128F9380917112FE
:104FB0008F93809170128F9382E798E39F938F93E2
:104FC00083E698E39F938F930E94AF4D8DB79EB772
:104FD00008960FB6F8949EBF0FBE8DBF0D94ED13CB
:104FE0000E94094E4DEE53E260E080E00E94EA4DDF
:104FF00049ED53E262E080E00E94EA4D60ED77E027
:1050000080E090E00E942FE20E94094E0D94AE0FC6
:105010000F94DF4B10927D0310922206109221060E
:105020000D94800F80917A158823F9F08150809338
:105030007A1593E2E8EAF4E1A5E8B4E101900D9273
:105040009A95E1F728EA34E190E0981760F443E29A
:10505000F901B396D90101900D924A95E1F79F5F4E
:105060002D5D3F4FF2CF0F94DF4B10927D031092D6
:105070002206109221060D94800F60E070E080E817
:105080009FEB0F94B5428CED9DE10E94415581E06C
:105090008093BD0380917603813069F482E0809330
:1050A00076030E9462E260935A0370935B038093DD
:1050B0005C0390935D0382E08093610D0D94AE0FCD
:1050C000CF930F945E0F10924B0480914B04843069
:1050D00030F510924E048FEE90E30F94591367E56C
:1050E00079EA84EE9EE20F94010FC0E061E36C0F59
:1050F0002C2F46E659EA8FE89FE20F94AA0ECF5F65
:10510000C530A1F70F94320F80914B048F5F8093CD
:105110004B0480914D048F5F80934D04D6CFCF9187
:105120000895CF930F945E0F10924B0480914B041F
:10513000843058F510924E040F94060E81110E948F
:1051400004948FEE90E30F94591365EA79ED84EEA1
:105150009EE20F94010FC0E061E36C0F2C2F46EB31
:1051600059ED8FE89FE20F94AA0ECF5FC530A1F7EB
:105170000F94320F80914B048F5F80934B0480918A
:105180004D048F5F80934D04D1CFCF910895EF925E
:10519000FF920F931F93CF938C017B010F945E0FAF
:1051A00010924B0480914B04843018F510924E04F9
:1051B0000F94060E81110E9404948FEE90E30F94D9
:1051C0005913C0E061E36C0F2C2FA701C8010F94A5
:1051D000AA0ECF5FC530B1F70F94320F80914B0408
:1051E0008F5F80934B0480914D048F5F80934D04BB
:1051F000D9CFCF911F910F91FF90EF90089560E468
:1052000079EA86EA9FE50C94C7A86CE479EA83EB17
:105210009FE50C94C7A868E279ED8FE89FE20C94B3
:10522000C7A880918103811117C00E94094E86EFA3
:1052300091E20E94C14D8AE30E94C54D61E08AE07F
:105240000E94D64D88EA9CE00F9470804AE00E944C
:105250002A4F81E0809381030D94ED136091BA038E
:1052600081EA9DE00F948C8083E00D943A13809145
:105270006403811103C082E00D943A1381E0FCCFF6
:10528000CF93C82F0F944A56882321F08C2FCF91AB
:105290000D94D37ACF910895CF93C82F0F945613BE
:1052A00061E08C2F0F94587ACF910C94049480E095
:1052B0000F94177A81E00F94177A82E00F94177A8F
:1052C00083E00F94177A84E00D94177A0D94177A7F
:1052D00080E00D94D6710F945E0F10924B04809174
:1052E0004B04843008F043C010924E048DE19EE2DE
:1052F0000F9459136CE27AE989E49DE00F94BC1293
:1053000067E27AE984E59DE00F94BC1262E27AE9F3
:105310008FE59DE00F94BC126DE17AE98AE69DE08D
:105320000F94BC1268E17AE985E79DE00F94BC1206
:1053300063E17AE980E89DE00F94BC126EE07AE9BF
:105340008BE89DE00F94BC1269E07AE986E99DE064
:105350000F94BC120F94320F80914B048F5F809397
:105360004B0480914D048F5F80934D04B8CF089516
:105370000E94615210928E030895CF93DF9349E308
:1053800054E260E080E00E94EA4D4AE05AE361E0C6
:1053900080E00E94EA4D62E080E00E94D64D85EEFA
:1053A0009FE00F9470809F938F937F936F931F92D2
:1053B00088E58F93CCE7D8E3DF93CF930E94AF4D7E
:1053C00063E080E00E94D64D89EE9FE00F947080EC
:1053D0009F938F937F936F931F9289E58F93DF93B2
:1053E000CF930E94AF4D8DB79EB740960FB6F894FD
:1053F0009EBF0FBE8DBFDF91CF910D94ED13CF9265
:10540000DF92EF92FF9280E69FE00F9470806B0135
:105410007C010E94024E8EE38F9380E88F931F924F
:105420001F9283E194E29F938F938DE38F9385EF97
:105430008F9382EC8F9380E98F938FE194E29F9317
:105440008F938AE09AE39F938F938BE294E29F93EA
:105450008F9383EA9EE19F938F930E94AF4D60E00C
:105460008FE00E94D64D8DB79EB742960FB6F89446
:105470009EBF0FBE8DBF20E030E048EC52E4C70174
:10548000B6010F94858287FF2EC020E030E044E310
:1054900053E4C701B6010F94357B2BED3FE049E49F
:1054A00050E40F948F829F938F937F936F938CE937
:1054B0009EE19F938F930E94AF4D0F900F900F909E
:1054C0000F900F900F900E945850882389F020E091
:1054D00041E070E060E08DEB99EAFF90EF90DF90A3
:1054E000CF900D94880F89E890E30E94C14DEBCFD7
:1054F000FF90EF90DF90CF9008952F923F924F92C0
:105500005F926F927F929F92AF92BF92CF92DF9203
:10551000EF92FF920F931F93CF93DF9370917412CA
:10552000711104C070917512772399F0DF91CF91BA
:105530001F910F91FF90EF90DF90CF90BF90AF90B1
:105540009F907F906F905F904F903F902F900D9421
:10555000561370918103711109C0709177021092F6
:1055600077027093820371E07093810319016A01DD
:10557000C62FD92F982E8091210690912206892B33
:1055800009F471C00E9425448091410D8F5F8031E4
:1055900009F480E09091420D981709F464C084E00A
:1055A000C89F80011124F801EC59FD4E5F01609104
:1055B000210670912206072E000C880B990B0F9480
:1055C000F67AF50120813181428153810F949081D7
:1055D0002B013C01B601DD0C880B990B0F94F67A78
:1055E0006B017C01AC019B01C301B2010F94858268
:1055F000F50187FD7DC04082518262827382B101D4
:10560000330C880B990B0F94F67A2B013C01C801DF
:105610008C599D4E7C01A3019201FC016081718136
:10562000828193810F94198418162CF4F70140821B
:10563000518262827382109222061092210668E6DD
:1056400072E184E692E10E940248F801E052FD4FC7
:1056500060817181828193810E9429440F94B12ECF
:1056600081E08093590280915902882311F161E011
:1056700080E00E94D64D84E0C89FF0011124EC59CF
:10568000FD4E83818F9382818F9381818F9380815F
:105690008F93DF939F9283E698E39F938F930E946B
:1056A000AF4DEDB7FEB738960FB6F894FEBF0FBEFC
:1056B000EDBF8091AF03811104C0809180038823E6
:1056C00021F08091820380937702DF91CF911F9127
:1056D0000F91FF90EF90DF90CF90BF90AF909F9091
:1056E0007F906F905F904F903F902F900D94ED13AF
:1056F000C082D182E282F38282CF22ED30E050E09C
:1057000040E062E08DE898E30C947DAA2AEF30E057
:1057100050E040E060E087E898E30C947DAA22ED39
:1057200030E04CEF5FEF61E08AE898E30C947DAAEB
:105730008F929F92AF92BF92CF92DF92EF92FF92A1
:105740000F931F93CF93DF931092B4030E942445CD
:10575000882309F462C060916603709167038091A9
:105760006803909169030F94F47A20E030E543ECEC
:1057700057E40F948F82EB01182F092F0E943EEB04
:105780006B017C010E94024E8CE3882E912CA12C8F
:10579000B12CC701B601A50194010F94DB807F9362
:1057A0006F93CA01B901A50194010F94DB807F9327
:1057B0006F93C701B60120E13EE040E050E00F9456
:1057C000DB805F934F933F932F9380EA93E29F9305
:1057D0008F930F931F93DF93CF938BEA93E29F9363
:1057E0008F938EE39EE19F938F930E94AF4D8DB771
:1057F0009EB742960FB6F8949EBF0FBE8DBFDF9145
:10580000CF911F910F91FF90EF90DF90CF90BF90BD
:10581000AF909F908F900D94ED1381EF9FE00F94C8
:1058200070804B015C018DEE9FE00F9470806B01E6
:105830007C010E94024EC701B6012CE330E040E03B
:1058400050E00F94DB807F936F93CA01B90128E188
:1058500030E040E050E00F94DB807F936F93C7010E
:10586000B60120EA35E040E050E00F94DB805F9322
:105870004F933F932F9389EB93E29F938F93C501AF
:10588000B4010F94F47A20E030E048EC52E40F9435
:105890008F829F938F937F936F938AEC93E29F9372
:1058A0008F9382E69EE19F938F930E94AF4D8DB7B9
:1058B0009EB742960FB6F8949EBF0FBE8DBF9FCF86
:1058C000CF93DF930E94024EC0916012D09161127B
:1058D00060915D0D70915E0D80915F0D9091600DF6
:1058E0000F940183AE0182E80E9495E160E08AE0B6
:1058F0000E94D64DC0915C12D0915D12209781F02C
:105900006091A7037091A8038091A9039091AA03C5
:105910000F940183AE0180E8DF91CF910C9495E163
:105920008AE0DF91CF910C94CC4D1092B4030E9489
:1059300060AC40EC52E261E080E00E94EA4D62E03F
:1059400080E00E94D64D80917F03833071F138F45E
:10595000813050F08FEA92E20E94C14D05C085303F
:1059600021F1C0F38830B1F30E945850811109C071
:1059700080917F038150823028F58091F81688232A
:1059800009F180916403811113C083E00F943A13ED
:1059900080917F03823071F0833081F0813091F407
:1059A00061E089E39EE10C94B55F8CE992E2D4CF8B
:1059B00082E0ECCF81E080937F03F2CF61E088EF5B
:1059C0009FE1F1CF089580E00C944B574F925F9286
:1059D0006F927F92AF92BF92CF92DF92EF92FF923F
:1059E0000F931F93CF93DF936C0180910413C11425
:1059F000D10429F0D6E0813029F0D5E003C0D4E00D
:105A00008130D9F30E94094E84E080937802C1E08E
:105A100000E08D2F8350990B7C010F942A1E81E0AA
:105A20000E94F65C8091210690912206009709F46D
:105A300097C097FF82C0C150109222061092210693
:105A4000C4300CF480C0802F002E000C990B8E15F2
:105A50009F050CF074C00F5F0E94094EC3E04EEF2B
:105A600055E360E080E00E94EA4DA02E002E000C7D
:105A7000BB08C114D10421F012E0AE14BF0409F038
:105A800013E0D0E0DF5F4FE151E26D2F81E00E9433
:105A9000EA4D1D13F7CF402E002E000C5508660866
:105AA00077089FEF491A590A690A790A10E01F5FBF
:105AB000612F8AE00E94D64DC301B2010E948F4F30
:105AC0008FEF481A580A680A780AD113F0CFC11428
:105AD000D10441F0AE14BF0429F4A60163E081E0D3
:105AE0000E94EA4D4AE95DE361E080E00E94EA4DF0
:105AF0004EE36C2F80E00E94F64D64E670E080E09B
:105B000090E00E942FE20E945850882309F485CF2C
:105B100082E0809378028FEF8C0F800FDF91CF911E
:105B20001F910F91FF90EF90DF90CF90BF90AF90BB
:105B30007F906F905F904F900895CF5F7DCF87E00B
:105B40000E9473F78BCFC1118ACF10162CF401502D
:105B50000E94094EC1E083CF87E00E9473F7FACF1D
:105B6000C4300CF070CF7BCFEF92FF920F931F9356
:105B7000CF93DF9300D01F921F92CDB7DEB7082FCF
:105B8000162FF72E0F944A568823D9F00B3029F19F
:105B9000043131F187E5E82EE9820A831B83FC8218
:105BA000CE0101960F945E078D8347E5502F612F3C
:105BB0007F2D0F94AC7160E080E00F9438798823DA
:105BC00059F30F900F900F900F900F90DF91CF919E
:105BD0001F910F91FF90EF9008951093E112DACF8B
:105BE0001093E212D7CF8230910538F0880F991FB9
:105BF000880F991F05970197F1F70895CF93DF93C9
:105C0000282F30E0F901ED5CF34C8491F901E35267
:105C1000F44CD491F901E957F44CC491CC23A1F090
:105C200081110E94E792EC2FF0E0EE0FFF1FE35985
:105C3000F44CA591B491EC91ED2381E090E009F44E
:105C400080E0DF91CF91089580E090E0FACF1F933C
:105C5000CF93DF93282F30E0F901ED5CF34C849172
:105C6000F901E352F44CD491F901E957F44CC49191
:105C7000CC23A9F0162F81110E94E792EC2FF0E0BF
:105C8000EE0FFF1FED5AF44CA591B4918FB7F89425
:105C9000EC91111108C0D095DE23DC938FBFDF910A
:105CA000CF911F910895DE2BF8CFCF93DF9390E033
:105CB000FC01E352F44C24918957944CFC018491EB
:105CC0008823D1F090E0880F991FFC01E75CF44C29
:105CD000A591B491FC01ED5AF44CC591D491611198
:105CE0000EC09FB7F8948C91E22FE0958E238C9391
:105CF0002881E223E8839FBFDF91CF9108958FB77A
:105D0000F894EC91E22BEC938FBFF6CF1F93CF93D7
:105D1000DF93182FEB0161E00E9455AE209739F414
:105D200060E0812FDF91CF911F910C9427AECF3F80
:105D3000D10511F461E0F5CFE12FF0E0ED5CF34C1B
:105D4000E491E150E23108F0B3C0F0E08827E45577
:105D5000F1458F4F0D947881BEAEC6AECBAED5AEB9
:105D6000DFAE58AFE9AEF1AEF9AE03AF0DAF17AF8E
:105D700026AF30AF58AF3AAF44AF4EAF84B580686E
:105D800084BDC7BDDF91CF911F91089584B5806216
:105D900084BDC8BDF7CF809180008068809380006B
:105DA000D0938900C0938800EDCF809180008062FD
:105DB00080938000D0938B00C0938A00E3CF8091C2
:105DC0008000886080938000D0938D00C0938C0009
:105DD000D9CF8091B00080688093B000C093B300A9
:105DE000D1CF8091B00080628093B000C093B400A6
:105DF000C9CF80919000806880939000D0939900E3
:105E0000C0939800BFCF80919000806280939000F3
:105E1000D0939B00C0939A00B5CF8091900088608A
:105E200080939000D0939D00C0939C00ABCF809155
:105E3000A00080688093A0008091A0008F7B809359
:105E4000A000D093A900C093A8009CCF8091A0008F
:105E500080628093A000D093AB00C093AA0092CF41
:105E60008091A00088608093A000D093AD00C09383
:105E7000AC0088CF80912001806880932001D0936E
:105E80002901C09328017ECF8091200180628093F8
:105E90002001D0932B01C0932A0174CF809120015F
:105EA000886080932001D0932D01C0932C016ACF8C
:105EB000C038D1050CF03ECF33CF4F925F926F9236
:105EC0007F928F929F92AF92BF92CF92DF92EF928A
:105ED000FF920F931F93CF93DF93EB016A01790138
:105EE0000E94ACF8F601008111811C161D06B4F465
:105EF0000E151F0599F4C801DF91CF911F910F91E5
:105F0000FF90EF90DF90CF90BF90AF909F908F90D9
:105F10007F906F905F904F900C94F3ADB80190E03C
:105F200080E00F94F47A2DEB37E346E855E30F94C5
:105F3000357B4B015C01BE010D2E000C880B990BCB
:105F40000F94F67AA50194010F94357B2B013C0147
:105F5000A50194016AE077ED83E29CE30F948F82C0
:105F60009B01AC01C301B2010F9490814B015C0114
:105F70002AE037ED43E25EE30F9485821816DCF5E4
:105F8000A50194016AE077ED83E29CE30F948F8290
:105F900020E034E244E759E40F94357B20E030E020
:105FA00040E05FE30F9490810F9408835B016E15CE
:105FB0007F0508F457010A151B0531F4209721F0DD
:105FC000FCF0F1E0AF1AB108C5010E94F3ADF60193
:105FD000B182A082DF91CF911F910F91FF90EF903E
:105FE000DF90CF90BF90AF909F908F907F906F90F9
:105FF0005F904F90089580E1A82E87E2B82EDBCF06
:106000008FEFA81AB80AE0CF2F923F924F925F927B
:106010006F927F928F929F92AF92BF92CF92DF92B8
:10602000EF92FF920F931F93CF93DF9300D0CDB7E2
:10603000DEB7F901E080F180E114F10409F46CC0ED
:10604000161617060CF068C019015B834A836B01B2
:106050008983FA0100811181B80190E080E00F94FA
:10606000F47A4B015C01B6010D2C000C880B990BE6
:106070000F94F67A2B013C01A5019401C501B401EE
:106080000F94357B9B01AC01C301B2010F94357BAA
:106090009B01AC016AE077ED83EA9BE30F948F826A
:1060A00020E030E040E05FE30F9490810F9408839C
:1060B0006E157F0530F589810E94ACF8EA81FB817D
:1060C000808191810E94F3ADF101808191810197DE
:1060D0009183808381E00F900F900F90DF91CF919B
:1060E0001F910F91FF90EF90DF90CF90BF90AF90F6
:1060F0009F908F907F906F905F904F903F902F90E8
:106100000895662777276C197D0998014A815B817C
:1061100089810E945DAFD8CF80E0DDCF0F931F93C0
:10612000CF93DF93182F062FD1E0C0E0812F8D236E
:1061300029F0602F6D238C2F0E94B4F8CF5FDD0F04
:10614000C330A1F7DF91CF911F910F9108958F92E6
:106150009F92AF92BF92CF92DF92EF92FF9230E088
:1061600020E091E0482F492319F1A901440F551F60
:10617000440F551FFA01E15BF94FC080D180E280E6
:10618000F380762F7923812C912C540183947723EB
:1061900021F088248A94982C5401C80CD91CEA1C3C
:1061A000FB1C415B594FFA01C082D182E282F3822B
:1061B000990F2F5F3F4F23303105A1F6FF90EF90ED
:1061C000DF90CF90BF90AF909F908F9008952F92C7
:1061D0003F924F925F926F927F928F929F92AF9277
:1061E000BF92CF92DF92EF92FF920F931F93CF93C4
:1061F000DF9300D000D0CDB7DEB7C0904F06D0906F
:106200005006E0905106F09052067C01EC18FD0813
:106210008091530690915406A0915506B091560670
:10622000681B790B8091570690915806A0915906EA
:10623000B0915A06FA01E81BF90BFA83E983FB01D6
:10624000FF0FEE0BFF0FFE2FEE1FE27089819A8188
:1062500088E09802812D990B11248470E82B8F2DF2
:10626000881F8827881FE82BE093DC0390910B019F
:10627000987B87E0E827E0FD9260E1FD9160E470A3
:1062800009F0946090930B0100008EE493E90111F2
:1062900002C090E080E09093280680932706309318
:1062A000DB032093DA0329813A813E832D8337FF74
:1062B00005C03195219531093E832D838B0177FFF0
:1062C00003C0119501951109F7FE03C0F194E19403
:1062D000F1089801D8010F9480814B015C012D8158
:1062E0003E81D9010F948081860E971EA81EB91E8B
:1062F0009701D7010F948081680D791D8A1D9B1D20
:106300000F94F47A0F945E8520E030E040E05FE384
:106310000F9490810F9408832B014B015B016B015B
:106320003B011C821B82312C212C1A8219826114A0
:10633000710409F448C0E0912706F09128063097CF
:10634000F1F580E0EC14FD0440F0C40CD51C89810B
:106350009A8101969A83898381E00A151B0530F0A2
:106360008260A40CB51C9FEF291A390AED81FE81C9
:10637000E815F90548F08460840C951C2B813C815C
:106380002F5F3F4F3C832B83CE18DF08A01AB10A42
:10639000ED81FE818E1A9F0A0E94ACF8E0912306DF
:1063A000F09124063097D1F1B201C30119950097FD
:1063B00011F00E94F3ADF1E06F1A7108B8CF199592
:1063C000882309F4BECFE0912506F0912606309788
:1063D00041F030E020E04B815C81B10189819A81FC
:1063E000199581E0672809F480E026960FB6F894A5
:1063F000DEBF0FBECDBFDF91CF911F910F91FF90F8
:10640000EF90DF90CF90BF90AF909F908F907F9054
:106410006F905F904F903F902F90089584EF91E0A0
:10642000C8CFCF93C82F86EA9CE00F946880C095B0
:106430006C2F682386EA9CE0CF910D948C801F938B
:10644000CF93DF9300D000D01F921F92CDB7DEB75D
:10645000BE016F5F7F4F8091BA030E943A528091D4
:10646000BA031BE0819FC00111246FEF7FEF805BB7
:10647000924F0F94AA806091BA03619FB0011124DA
:10648000675B724F47E050E0CE0101960F947C802D
:1064900081EA9DE00F9468809091BA0389130AC045
:1064A0000E942C5280E00E9418528F3F19F480E124
:1064B0000E9411B20F94561328960FB6F894DEBFBF
:1064C0000FBECDBFDF91CF911F910895CF93C82FFD
:1064D00086EA9CE00F946880682F6C2B86EA9CE02B
:1064E000CF910D948C80CF93C82F86EA9CE00F94B7
:1064F0006880982F9C2381E09C1380E0CF910895C1
:106500000F931F93CF93DF93CDB7DEB763970FB68B
:10651000F894DEBF0FBECDBF8091810381113AC0D8
:1065200081E0809381030E94A05581EA9DE00F9451
:106530006880182F0E940A528111EAC010928303CA
:106540001092820380E10E9473B2811104C0109204
:106550008303109282036091820370918303072E5C
:10656000000C880B990B0F94F67A2091760D3091E0
:10657000770D4091780D5091790D0F948F82609333
:10658000840370938503809386039093870381E04F
:106590008093590280912106909122060097F1F193
:1065A0002091820330918303280F391F3093830396
:1065B00020938203213640EF34070CF0B6C081E609
:1065C00090EF909383038093820360918203709194
:1065D0008303072E000C880B990B0F94F67A2091F9
:1065E000760D3091770D4091780D5091790D0F9483
:1065F0008F826093840370938503809386039093C6
:10660000870362E370E080E090E00E942FE2109246
:1066100022061092210681E080935902809159024E
:106620008823B9F181EA9DE00F9468802BE0829F76
:10663000C0011124BE016F5F7F4F875B924F0F94A3
:10664000200E0E94024ECE0101960E94015061E090
:1066500080E00E94D64D809187038F9380918603BE
:106660008F93809185038F93809184038F938CE423
:1066700094E29F938F931F9280E28F9380E998E337
:106680009F938F930E94AF4D0FB6F894DEBF0FBE5D
:10669000CDBF80918003811104C08091AF03882316
:1066A00051F181EA9DE00F9468809BE0899F800111
:1066B00011246091820370918303C801805B924F23
:1066C0000F94AA8060915C12C8018E5A924F0F9469
:1066D0008C8060917003709171038091720390912E
:1066E00073030F940883C8018D5A924F0F948C80C6
:1066F00080E10E9466B20F94ED1363960FB6F89492
:10670000DEBF0FBECDBFDF91CF911F910F910895D6
:106710002BE0129FC0011124805B924F0F94768072
:1067200090938303809382030DCF121613062CF4EB
:10673000109283031092820348CF2FB7F8944091B0
:106740006E0350916F03840F951F90936F03809396
:106750006E032FBF3ACFEF92FF921F93CF93DF9339
:1067600000D000D01F92CDB7DEB780918003811199
:1067700018C081EA9DE00F946880182F0E940A5289
:10678000882379F080E10E9473B2882351F02BE0D6
:10679000129FC0011124805B924F0F947680892B49
:1067A000F1F480918103882371F081EA9DE00F94D8
:1067B00068802BE0829FC00111246FEF7FEF805B28
:1067C000924F0F94AA800E94585021E0811120E03E
:1067D00041E070E060E08CED92EC0F94880F209126
:1067E0002106309122062115310559F081E012165B
:1067F00013060CF080E08093810310922206109221
:10680000210681EA9DE00F9468801BE0819FB00122
:106810001124675B724F47E050E0CE0101967C0186
:106820000F9458800E94024E81EA9DE00F94688088
:10683000819FC0011124805B924F0F947680BC0130
:10684000990F880B990B0F94F67A2091760D309161
:10685000770D4091780D5091790D0F948F82209192
:106860008103222319F13EE320E21F923F931F92FE
:106870002F939F938F937F936F93FF92EF928DE16E
:1068800096E29F938F930E94AF4D0FB6F894DEBFB0
:106890000FBECDBF27960FB6F894DEBF0FBECDBF9B
:1068A000DF91CF911F91FF90EF90089530E22EE39A
:1068B000DCCF6091BA0381EA9DE00F948C800C9448
:1068C000ABB361E088EA9DE00E94DF518093D8037A
:1068D0008091630D882341F082E08093D80362E0C9
:1068E00088EA9DE00F948C8068E287EA9DE00E9430
:1068F000DF518093D60360E971E085EA9DE00E9454
:10690000C75161E084EA9DE00E94DF518093D50386
:1069100061E083EA9DE00E94DF518093D40361E04F
:1069200082EA9DE00E94DF518093D30361E080E220
:106930009CE00E94DF518093D90308950F931F9329
:106940008B010E94CA93FC0120812E3211F080E05D
:1069500034C0B8016E5F7F4F01960E94CA93FC015C
:1069600020812E32A1F7B8016C5F7F4F01960E9403
:10697000CA9320E430E0F80137832683FC01DF016D
:106980009191892F8F7DC1F187EF890F8230A0F11E
:106990009D3091F19D3299F711969C919234E1F0DE
:1069A0007CF49134A1F60A5F1F4F28E030E045E007
:1069B00063E37BE3CF010E94A09A1F910F9108959A
:1069C000943491F0923519F60A5F1F4F20E230E0BF
:1069D00042E067E27BE3EECF0A5F1F4F20E130E049
:1069E00044E06EE27BE3E6CF0A5F1F4F30E020E039
:1069F00043E06AE27BE3DECF81E0DFCF44E150E0B9
:106A0000662389F0BC0180E594E00F94557E1092D6
:106A1000640410924F0481EC9FE10E94415581E093
:106A2000809359020895BC0180E594E00F94E886B4
:106A3000EECF9091AB03891780F4913061F480918F
:106A40006504882351F040E25EE460E070E085E692
:106A500094E00C94D7E280E0089581E00895EF92ED
:106A6000FF921F93CF93DF93EC01162F862F0E9486
:106A700019B58823E9F0BE0180E594E00F94167EF5
:106A80007C0185E694E00E9484E41093AB031092AD
:106A900060061092CE03EF2859F061E0CE010E940B
:106AA000FEB4DF91CF911F91FF90EF900D94AE0F48
:106AB000DF91CF911F91FF90EF900895EF92FF9299
:106AC0001F93CF93DF93182FEB017A0180E00E9490
:106AD00073F7109261121092601210925D12109270
:106AE0005C120F942A1E80E00E94F65C0E94094E00
:106AF00045ED51E360E080E00E94EA4D47EC51E350
:106B000061E080E00E94EA4D11501A3090F4E12FCC
:106B1000F0E08827E157FA448F4F0D947881A6B5AD
:106B2000AFB5C1B5FFB508B60BB60EB611B61AB6FD
:106B300023B645EB51E362E080E00E94EA4D47EA6C
:106B400051E363E080E00E94EA4D35C04CE951E337
:106B500062E080E00E94EA4D4FE851E3F2CF46E860
:106B600051E362E080E00E94EA4D4FE851E363E0C8
:106B700080E00E94EA4D63E082E10E94D64DCE01A2
:106B800018C040E851E362E080E00E94EA4D62E014
:106B900082E10E94D64DCE010E94015048E751E3A8
:106BA00063E080E00E94EA4D63E082E10E94D64DFE
:106BB000C7010E94015068EE73E080E090E00E94FF
:106BC0002FE280E00E9473F764E670E080E090E0DE
:106BD0000E942FE20F942A1E80E00E94F65C0E9421
:106BE0005850882389F362E08DE192E30E942FB52B
:106BF000DF91CF911F91FF90EF900D94AE0F48E67B
:106C000051E362E080E00E94EA4D40E851E3AFCFFB
:106C100049ED5BE5A6CF48EC5BE5A3CF4BE551E33F
:106C2000F0CF4FE451E362E080E00E94EA4D4AE495
:106C300051E39DCF4AE351E362E080E00E94EA4DD8
:106C400042E351E394CF45EE51E382CF8F929F927E
:106C5000AF92BF92CF92DF92EF92FF920F931F936A
:106C6000CF93DF93F82E60915D0D70915E0D809152
:106C70005F0D9091600D0F9401834B016B0160914A
:106C8000A7037091A8038091A9039091AA030F9480
:106C90000183EB019CE3A92E88EC90E0FF2031F00A
:106CA0006B01E40124EBA22E90E080E0909361124E
:106CB0008093601284E690E0F11002C090E080E0E2
:106CC00090935D1280935C120F942A1E81E00E94C3
:106CD000F65CE12CB12C85E0982E80913E1281115A
:106CE0001CC00F942A1E81E00E94F65C00E911E0AE
:106CF00020E042E06B2D87E0F11001C088E00E94A7
:106D0000529BB82E8E2D692D0F941781911102C0C0
:106D10000E945A53E394EA10E0CF1092611210924D
:106D2000601210925D1210925C120F942A1EB6012E
:106D3000DD0C880B990B4E01DD0FAA08BB08FF2064
:106D400009F44DC00F94F67A9B01AC016091A70342
:106D50007091A8038091A9039091AA030F948F8149
:106D60000F940183EB01C501B4010F94F67A9B01E6
:106D7000AC0160915D0D70915E0D80915F0D909101
:106D8000600D0F948F810F94018310913E121111A9
:106D90000CC0F11044C0693071050CF046C08EE1A2
:106DA00090E011E0C817D9073CF44FED52E0BA016A
:106DB00080E00E945EB510E00F942A1E81E00E94E0
:106DC000F65C812FDF91CF911F910F91FF90EF9093
:106DD000DF90CF90BF90AF909F908F9008950F94C9
:106DE000F67A9B01AC0160915D0D70915E0D809112
:106DF0005F0D9091600D0F948F810F940183EB01D3
:106E0000C501B4010F94F67A9B01AC016091A70310
:106E10007091A8038091A9039091AA03B2CF89E051
:106E200090E06E3171050CF4BCCF4FED52E0BA0129
:106E300081E00E945EB5C0CF2F923F924F925F9249
:106E40006F927F928F929F92AF92BF92CF92DF927A
:106E5000EF92FF920F931F93CF93DF938C010E94C9
:106E6000254481E00E94F65C1801220C331C220CA0
:106E7000331CE101CC59DD4E88809980AA80BB800B
:106E800020E030E040E050E4C501B4010F9490816F
:106E9000688379838A839B8360E070E084E392E473
:106EA0000F94B12E95E0E92EF12C0E94254420E0AC
:106EB00030E048E452E4688179818A819B810F94B3
:106EC0009081688379838A839B836CE670E08EE28D
:106ED0000E9486AE60E070E088E493E40F94B12EE7
:106EE0000E9406ED8091A60362E270E0811102C06B
:106EF00064E470E08EE20E9486AE20E030E048E478
:106F000052E4688179818A819B810F948F816883A3
:106F100079838A839B8360E070E088E492E40F9435
:106F2000B12E0E9406ED1E993AC01D9938C021E08D
:106F3000E21AF10809F0B9CF0E9462E22B013C018C
:106F400024EC420E29E0521E611C711C81E00E945B
:106F5000F65CE101CC59DD4EC880D980EA80FB8027
:106F600020E030E040E85FE31E9926C01D9924C070
:106F7000C701B6010F948F81688379838A839B83CD
:106F800060E070E084E392E40F94B12E0E9406ED7D
:106F90000E9462E24616570668067906E8F668EC33
:106FA00072E0012B11F06AEC72E04FED52E087E0E5
:106FB0000E945EB580E030C0C501B4010F948F819E
:106FC000A70196010F94858218164CF320E030E05B
:106FD00040E85FE3C501B4010F949081A7019601D9
:106FE0000F94198487FDDBCFE101CC59DD4E20E001
:106FF00030E040E251E4C701B6010F94908168830C
:1070000079838A839B8360E070E084E392E40F9449
:10701000B12E0E9406ED81E0DF91CF911F910F917B
:10702000FF90EF90DF90CF90BF90AF909F908F90A8
:107030007F906F905F904F903F902F9008952F9288
:107040003F924F925F926F927F928F929F92AF92F8
:10705000BF92CF92DF92EF92FF920F931F93CF9345
:10706000DF937C013B01CB016AE070E00F94458126
:10707000660E771EE114F104E1F420E030E048E808
:1070800051E460916C1270916D1280916E1290912A
:107090006F120F94908160936C1270936D128093B5
:1070A0006E1290936F1260E070E084E392E40F94AC
:1070B000B12E10E000E0D0E0C0E0D12CC12C312C8A
:1070C000512C5701AA0CBB1CAA0CBB1CC5018C5926
:1070D0009D4E4C0194E0292E2E0C20E030E040E83B
:1070E0005FE3F40160817181828193810F948F81CC
:1070F000F401608371838283938360E070E084E3B2
:1071000092E40F94B12E0E9406ED1E9904C01D99C1
:1071100002C01C9B39C053B0E114F10451F456FA7B
:10712000552450F81D998EC0C2E0D0E04424439409
:107130002CC0F1E0EF16F10441F455FA552450F853
:107140001E9BF2CFD0E0C0E0F1CF54FA552450F8A6
:1071500083B1829586958695837021E08227817020
:10716000C82F80E0D82F8F93CF931F925F92EEEDC0
:10717000F9E3FF93EF930F942A7F0F900F900F90F6
:107180000F900F900F90D2CF412C063011050CF0CC
:107190004FC00F5F1F4F0F942A1E81E00E94F65CC4
:1071A0006C147D0434F08FEFC81AD80A442009F417
:1071B00094CF511020C06AEC72E091E0E916F1041E
:1071C00041F06CEC72E0E2E0EE16F10411F068ECD4
:1071D00072E04AEC52E0C130D10531F04CEC52E0A3
:1071E000229711F048EC52E084E0C614D7040CF466
:1071F00083E00E945EB5F501EC59FD4E10821182CC
:10720000128213820F946203852DDF91CF911F911B
:107210000F91FF90EF90DF90CF90BF90AF909F9035
:107220008F907F906F905F904F903F902F90089538
:1072300010E000E020E043E0632D822D0E94529B8D
:10724000382EA9CFC1E0D0E071CF0F94AE0F1092CD
:10725000AB038091BC03811139C080914002811140
:1072600002C081E008958FEF80935812809320062A
:107270000F942A1E83E00E9431510E9462E26093C3
:107280000A1770930B1780930C1790930D1781E0DA
:107290008093A10368EE73E080E090E00E942FE20B
:1072A0000F942A1E81E00E943151109258121092C0
:1072B00020060F942A1E8091A2039091A303459764
:1072C00084F662E082E59FE10E942FB580E0089598
:1072D0000E9425B9882321F088E79FE10C9441554D
:1072E0000895CF93DF93EC0180E00E9419B58823C5
:1072F00031F061E0CE01DF91CF910C94FEB4DF91CB
:10730000CF91089561E08FE591E60E94B55F82E03C
:10731000809360068DED98E50E9471B90F94AE0FD1
:1073200083E08093590208950E9425B9882341F192
:1073300010927E038DED98E50E9471B90E9406EDD2
:1073400088E0809360060E94245181E00E943151C0
:1073500010923E1260E070E080E89FE30E949C453E
:107360001092BD0380917603823011F40E948BEB62
:107370000E94254487E69FE10E94415510926006D5
:107380000895CF93DF93EC0180E00E9419B5882324
:1073900031F060E0CE01DF91CF910C94FEB4DF912B
:1073A000CF910895CF93DF93C82FDFB7662389F17C
:1073B000F8940E94DCE481E08093620D1092BB039C
:1073C0000E94EB420F94B6050E940E5610927E0367
:1073D0000E9412EDDFBF1092BD030E94AFEB8091BF
:1073E0006D16882321F01092DA130F94A8428AEACE
:1073F0009FE10E94415510920C13C11110923E1250
:1074000081E08093610D1092640DDF91CF910D9416
:10741000AE0FF89481E08093620D1092BB030E943E
:10742000EB420F94B6050E940E5610927E030E9406
:1074300012EDDFBFD4CF60E081E00C94D2B94BE213
:1074400059E360E080E00E94EA4D1E9916C045E2D3
:1074500059E361E080E00E94EA4D1D9B11C042E2C9
:1074600059E362E080E00E94EA4D1C9B0CC04CE1B5
:1074700059E363E080E00C94EA4D48E259E3E9CF38
:107480004FE159E3EECF49E159E3F3CF0E941FBA30
:107490000D94ED13CF92DF92EF92FF920F931F9313
:1074A000CF93DF93D82F6B017A01C22F40E2811175
:1074B00001C04EE363E080E00E94F64DC6010E94E9
:1074C000C14D40E2D13009F44EE363E08C2F0E94BD
:1074D000F64DC7010E94C14D0115110519F1C801F2
:1074E0000F94267ED82EC7010F94267ECE5F93E19F
:1074F0009D198C0F891708F4892F833108F082E1D8
:1075000040E2D23009F44EE363E00E94F64DC80138
:10751000DF91CF911F910F91FF90EF90DF90CF906F
:107520000C94C14DDF91CF911F910F91FF90EF907F
:10753000DF90CF9008954F925F926F927F928F92DB
:107540009F92AF92BF92CF92DF92EF92FF920F93F2
:107550001F93CF938C010E9462E228EE33E040E05B
:1075600050E00F94DB8069017A010E94535084E05F
:107570008093780288EE882E83E0982EA12CB12C7F
:107580002801712C612C0F942A1E81E00E94F65C68
:107590000E9462E2A50194010F94DB802C193D0941
:1075A0004E095F09421653066406750620F4C1E0D1
:1075B0000115110509F4C0E00E945850811102C064
:1075C000CC2309F382E08093780281E08C27CF916D
:1075D0001F910F91FF90EF90DF90CF90BF90AF90F1
:1075E0009F908F907F906F905F904F900895CF9372
:1075F000DF93EC0180E00E941B4E0E94094ECE01F9
:10760000DF91CF910C944397CF92DF92EF92FF924C
:107610000F931F93CF93DF9300D01F92CDB7DEB7A8
:107620000E94DCE4D09058128FEF8093581288EDBE
:10763000E82E89E3F82E02ED19E320E030E048E47B
:1076400052E460915D0D70915E0D80915F0D90919F
:10765000600D0F94198418168CF020E030E048E497
:1076600052E46091A7037091A8038091A9039091BF
:10767000AA030F94198418160CF040C084EF90E30D
:107680000E94F7BA42E864E080E00E94F64D609103
:107690005D0D70915E0D80915F0D9091600D0F9466
:1076A00001837F936F93FF92EF920E94AF4D81E829
:1076B0000E94C54D40E864E089E00E94F64D60916B
:1076C000A7037091A8038091A9039091AA030F9436
:1076D00001837F936F931F930F930E94AF4D81E8B7
:1076E0000E94C54D88EE93E00E944E5F0E945A535F
:1076F0000FB6F894DEBF0FBECDBF9FCFD092581209
:1077000081E00E941B4E0E94094E43E251E360E07B
:1077100080E00E94EA4D60ED77E080E090E00E941A
:107720002FE282E08093780200ED17E021E043E051
:1077300060E080E00E94529BF82E83E00E9431516D
:1077400010925812109220060F942A1E4DE262E009
:1077500082E10E94F64D84EF91E00E944E5F4CE77B
:1077600062E082E10E94F64D84EF91E00E944E5F5C
:107770004DE262E082E10E94F64D84EF91E00E94CA
:107780004E5F4CE762E082E10E94F64D84EF91E0AB
:107790000E944E5F0E9462E260930A1770930B177B
:1077A00080930C1790930D1781E08093A103809133
:1077B000A103882329F084E690E00E944E5FF7CF72
:1077C0000E94F94380E00E943151C090A203D09002
:1077D000A30394E1C916D10454F100ED17E021E0B0
:1077E00043E06F2D81E00E94529BF82E60E080E024
:1077F0000F946F6B811138C04FED52E0BA0185E0F4
:107800000E945EB586E4C816D104BCF060E081E059
:107810000F946F6B8823D9F061E080E00F946F6B59
:10782000811126C04FED52E0BA0185E004C04FED52
:1078300052E0BA0186E00E945EB508E813E121E05B
:1078400043E06F2D8DE00E94529BE12C73C14FED00
:1078500052E0BA0189E0EFCF11E094C062E08DE11F
:1078600092E30E942FB57CC196E4C916D10474F648
:1078700000ED17E021E043E06F2D82E00E94529B73
:10788000F82E1E9904C01D9902C01C9B48C01E9B67
:1078900016C020E030E040E251E460916412709143
:1078A000651280916612909167120F949081609397
:1078B00064127093651280936612909367121D9BF9
:1078C00016C020E030E040E251E46091681270910F
:1078D000691280916A1290916B120F94908160935B
:1078E00068127093691280936A1290936B121C9BBA
:1078F00016C020E030E040E251E460916C127091DB
:107900006D1280916E1290916F120F94908160931E
:107910006C1270936D1280936E1290936F1260E0F0
:1079200070E084E392E40F94B12E0E9406ED1E995C
:1079300004C01D9902C01C9B8FCF1A8219821C8221
:107940001B821E9B06C068EC72E0CE0101960F946C
:10795000B4861D9B06C06AEC72E0CE0101960F94BE
:10796000B4861C9B06C06CEC72E0CE0101960F94AD
:10797000B4864FED52E0BE016F5F7F4F82E00E9400
:107980005EB510E00F942A1E81E00E94F65C112380
:1079900009F453CF00ED17E021E043E06F2D84E0C0
:1079A0000E94529BF82E6AEF70E090E080E00E9407
:1079B0001FB8882309F441CF10E000E021E043E044
:1079C0006F2D84E00E94529BF82E90E080E00E9490
:1079D0001CB7882309F431CF0CED15E021E043E01A
:1079E0006F2D85E00E94529BF82E62ED70E081E0E1
:1079F00090E00E941FB8882309F41FCF10E000E038
:107A000021E043E06F2D86E00E94529BF82E81E03A
:107A100090E00E941CB7882309F40FCFE4E4F3E65A
:107A200085919591A591B49180936412909365127C
:107A3000A0936612B0936712E8E4F3E685919591FE
:107A4000A591B4918093681290936912A0936A12E1
:107A5000B0936B1260E070E080E291E40E94394BD9
:107A60000E9492450CED15E021E043E06F2D86E089
:107A70000E94529BF82E62ED70E082E090E00E943E
:107A80001FB8182F60E070E080EA91E40E94394B43
:107A9000112309F4D2CE00ED17E021E043E06F2D71
:107AA00087E00E94529BF82E81E00E9426B6882330
:107AB00009F4C3CE08EE13E021E043E06F2D88E027
:107AC0000E94529BF82E80E00E9426B6E82E882362
:107AD00009F4B3CE00ED17E021E043E06F2D89E01B
:107AE0000E94529B21E043E0682F8AE00E94529B53
:107AF000F82E0F94894A8091F416833031F44FEDBB
:107B000052E0BA018AE00E945EB58091F41683309B
:107B100009F493CE00ED17E021E043E06F2D8BE0F8
:107B20000E94529B08E813E121E043E0682F8CE0BB
:107B30000E94529B1092AB0361E08AEB9FE10E948E
:107B4000B55F81E00E941B4EEE2009F487CE81E0F4
:107B50000E9466B287E191E30E9471B90F94AE0F63
:107B600081E0809378028E2D0F900F900F900F90F0
:107B7000DF91CF911F910F91FF90EF90DF90CF9009
:107B800008950C9404BBCF92DF92EF92FF92CF93B3
:107B90006B017C0182E0809360068AE898E50E9490
:107BA00071B90F94D15520E030E044E352E4609184
:107BB00070127091711280917212909173120F94E1
:107BC0008F816093701270937112809372129093F0
:107BD00073126AE077E58DEA92E40F94B12E0E9469
:107BE00006ED20E030E04CE052E4609170127091BC
:107BF000711280917212909173120F948F81609321
:107C0000701270937112809372129093731269E2E2
:107C10007CE585E891E40F94B12E0E9406ED20E00A
:107C200030E0A901C701B6010F9485828823E1F0F5
:107C3000A701960160917012709171128091721279
:107C4000909173120F9490816093701270937112DF
:107C5000809372129093731260E070E080E291E47E
:107C60000F94B12E0E9406ED8DEE9EE20E94F7BAAF
:107C7000149A64E670E080E090E00E942FE282E0D7
:107C80000E9473F7C3E30E945850811107C0C1508E
:107C900029F084E690E00E944E5FF5CF0E9406ED49
:107CA0000E945850882329F084E690E00E944E5F9D
:107CB000F7CF81E00E941B4E87EE90E60E9471B9DB
:107CC000109260060E940494CF91FF90EF90DF9095
:107CD000CF900D94424ACF92DF92EF92FF9280E0D4
:107CE00090E0A8ECB2E480936C1290936D12A09394
:107CF0006E12B0936F1265E575E585E591E40F941A
:107D0000B12E80ED97E00E944E5F8FEB96E20E94CD
:107D1000F7BA6091601270916112072E000C880B07
:107D2000990B0F94F67A9B01AC0160915D0D7091F7
:107D30005E0D80915F0D9091600D0F948F819F7704
:107D400020E030E040EA50E40F9419841816A4F5BE
:107D50008FEB96E20E94F7BA64E080E00E94D64D75
:107D60006091601270916112072E000C880B990BC4
:107D70000F94F67A20E030E040E05FE30F949081CA
:107D80000F9401836B0120E030E040E05FE36091FD
:107D90005D0D70915E0D80915F0D9091600D0F945F
:107DA00090810F940183A60182E80E9495E188EEFC
:107DB00093E00E944E5FADCFFF90EF90DF90CF90A9
:107DC00008952F923F924F925F926F927F928F927F
:107DD0009F92AF92BF92CF92DF92EF92FF920F935A
:107DE0001F93CF93DF9300D000D0CDB7DEB75C01F7
:107DF0006C83342E3B832A8348012C2C009709F096
:107E000051C08701222DA4016A817B81832D0E94AC
:107E10004ABAD12CC12C0E9462E22B013C010E9483
:107E2000535084E080937802DE82CD8224E6298359
:107E300082E390E00E944E5F3C8131113AC0809114
:107E4000210690912206009709F042C00E945850E6
:107E5000882309F467C08D819E81892B09F05EC05B
:107E600082E08093780291E090935A0280935902C5
:107E7000832D26960FB6F894DEBF0FBECDBFDF91DF
:107E8000CF911F910F91FF90EF90DF90CF90BF9017
:107E9000AF909F908F907F906F905F904F903F90AA
:107EA0002F9008950E94F7BA6C01892B09F0B3CF87
:107EB000A8CF0E9462E264197509860997096133A7
:107EC00075478105910508F4BACF33243A94C8CF99
:107ED0002D813E81232BF9F4E114F104B1F097FFD9
:107EE0000FC031103A948701222DA4016A817B8151
:107EF000832D0E944ABA1092220610922106A6CF24
:107F000032E0331681F33394EECF392E3094331CA4
:107F10003324331CE8CF87E00E9473F7C114D104E7
:107F200079F484CF998191509983911181CFC114B3
:107F3000D10461F02D813E81232B11F4BE82AD82EC
:107F40008D819E810E94F7BA9E838D838D819E8153
:107F5000892B09F06BCF8701222DA4016A817B81D7
:107F6000832D0E944ABA62CF4F925F926F927F92A6
:107F70008F929F92AF92BF92CF92DF92EF92FF9239
:107F80000F931F93CF93DF93CDB7DEB72D970FB627
:107F9000F894DEBF0FBECDBF80918103813051F1D7
:107FA00030F0823009F475C210928103FDC08091D7
:107FB0002914882349F01092291410925A020F9420
:107FC000DF4B81E080935A020F94FC489093890321
:107FD000809388038091630D8111E0C089E09FE068
:107FE0000F94688080938B0381E0809381038FEFEF
:107FF00080938A0380918C03811107C08CE893E001
:108000000E949DE281E08093590280915902811182
:1080100021C064EF71E08CE893E00E946EE2882357
:10802000A1F080918A038F3F81F082E080938103E9
:108030001092820310928503109284038CE893E0DF
:108040000E949DE281E08093590280915902882329
:1080500009F4A6C08FEF80938A038CE893E00E9416
:108060009DE20F945E0F10924B04CE0101965C01CD
:1080700098E6492E91E6592E80914B04843008F001
:1080800093C010924E048091B903882309F4A3C0D1
:108090008FEE90E30F9459136CED73E185E894E152
:1080A0000E940AFF8091DC138F3209F097C0809103
:1080B0004B16882331F068E078EA86EE90E30F945F
:1080C000010F80908803909089037724739491E046
:1080D000891A910808F4D0C180914E0490914D0402
:1080E0008913C6C160918B03C4010F944F548091D2
:1080F0004E0490E0209121063091220660902614D3
:108100008217930751F490928703809286036092BE
:10811000830340914B0440938A03409159026620A7
:1081200009F461C04423C9F04091F1130CED13E14F
:10813000442311F001EF13E160914B044EE38217E9
:10814000930709F040E280E00E94F64D85E80E9426
:10815000C54D62E1C8010E94E94F80914E049091A3
:108160004C04992309F484C1209121063091220600
:108170008217130609F07CC110925A0261E08CED5F
:1081800093E10F94634D10922206109221060F94F2
:10819000800F70925A020F946A0E99CF82E022CF1C
:1081A0000E945850811156CF2D960FB6F894DEBF1D
:1081B0000FBECDBFDF91CF911F910F91FF90EF9038
:1081C000DF90CF90BF90AF909F908F907F906F90F7
:1081D0005F904F90089586EB92E35CCF62E178EA7E
:1081E0008EEC99E36CCF4423B1F04091F1130CED88
:1081F00013E1442311F001EF13E160914B044EE3CE
:108200008217930709F040E280E00E94F64D63E197
:10821000C8010E94E94F80914E0490914C0499232B
:1082200009F426C1209121063091220682171306F7
:1082300009F01EC110925A0280917F038111A9CFCB
:108240006CED73E1C5010F94D386750105E91FE05C
:10825000F70161917F01662319F06E3209F044C085
:1082600060E0C8010F948C806EE270E0C5010F944D
:10827000BF867C01892B19F02FEFE21AF20A670101
:1082800001E91CE0E114F10421F0F60160816111C3
:1082900001C060E0C8010F948C800F5F1F4FFFEF9B
:1082A000CF1ADF0A04392CE0120761F7C0907A1563
:1082B0006C2D8AE59FE00F948C8088ED93E10AE0B5
:1082C0001FE0D12C7C01E9E0EE0EF11CDC14B9F0CA
:1082D00048E050E0B8018E5A9F4F0F947C80D394B1
:1082E000085F1F4FC701EECFC8010F948C800F5F4E
:1082F0001F4F0D39FFE01F0709F0AACFB5CF8091BE
:10830000630D882391F0BF92AF925F924F920E94CB
:10831000536061E084E691E60E94B55F0F900F9094
:108320000F900F900F94AE0F34CF61E0C5010F9402
:108330009A4EC090E716D090E816E090E916F090BB
:10834000EA169C2D8D2DF1E0CF16F8E7DF06E1044B
:10835000F10410F090E088E7092F182F21E0C216F1
:1083600028E7D206E104F10408F45CC088E7D81AD3
:10837000E108F108C092EE16D092EF16E092F016E6
:10838000F092F116C701B6010F94C4440E940E5634
:1083900070927E0367EC70E3C8010F94E80D809142
:1083A000EE169091EF16A091F016B091F116409153
:1083B000E7165091E8166091E9167091EA16841755
:1083C0009507A607B70790F5611030C020916D168C
:1083D000211103C080E090E0DC018C199D090F940D
:1083E000B90D7092DA130E94675880913F129091F4
:1083F0004012892BA1F28AEB9FE10F949102811127
:1084000006C089EC99E30F949102882311F0662449
:10841000639480915612811102C00E94C55210923D
:108420005612E3CFC12CD12C7601B0CF0F94DA0DC8
:1084300010927E030F94D24F87EE90E60E9471B99E
:10844000611061CF8AE0C82EF12CE12C0EE613E317
:1084500025E733E341E060E085ED90E30E94E1BE73
:10846000182F81E00E941B4E112309F44CCF5ACFE4
:108470008F5F80934E042BCE0F94320F80914B046C
:108480008F5F80934B0480914D048F5F80934D04E8
:10849000F3CD8091800311E0811105C080915902D4
:1084A000811101C010E08091840390918503892B94
:1084B00091F460918B0380918603909187030F94D0
:1084C0004F548091F113811146C08CED93E190934C
:1084D0008503809384031111109282036CE271E092
:1084E0008CE893E00E946EE2811103C0112309F42D
:1084F0005BCE8091830302E1811101C003E14EE371
:1085000060918A0380E00E94F64D80918303882366
:1085100019F085E80E94854E2091820380918403A2
:1085200090918503602F820F911D0E94E94F811168
:1085300015C08CE893E00E949DE2809182038F5FDA
:1085400080938203112309F42FCE10928C0381E0D3
:108550008093810329CE81EF93E1B9CF10928C03F0
:10856000F1CFCF92EF92FF920F931F932AE0C22E8A
:10857000F12CE12C09EB10E325EB30E30E94E1BE86
:108580001F910F91FF90EF90CF90089541E061E02F
:108590008FEA99E30E94B1C2811107C061E08BEAC2
:1085A00099E30E94B55F0F94AE0F81E00E941B4ECD
:1085B00082E0809359020895CF9380910413813013
:1085C000A1F48EE693E30E94E6AC853080F58093BB
:1085D000D1038AE080937F0320E041E070E060E017
:1085E00083E093EACF910D94880F8FE59FE00F947D
:1085F00068808111EECF8091F4168230D9F4809199
:1086000001178111E6CF8EE496E20E94F7BA0E942C
:108610005350C4E184E690E00E944E5F0E9458509F
:10862000811102C0C150B1F781E080935A02CF910D
:108630000D94561341E060E085EF9AE20E94B1C2CA
:1086400091E0811190E081E080935A029111C1CFB5
:10865000DACF40E0682F80E897E20E94B1C2811132
:1086600002C00C94D19A0895DF92EF92FF920F937B
:108670001F93CF93DF9300D01F92CDB7DEB78CEA64
:108680009DE00F946880E82E8BEA9DE00F9468804F
:10869000182F8AEA9DE00F946880082F0F945E0FD0
:1086A00010924B0480E3F82EF10E98E7D92E005D6E
:1086B00080914B04843008F047C010924E040F9410
:1086C000060E882329F0173019F481E00E9429C38F
:1086D0008CEA90E30F945913F982DA82FB821C82B0
:1086E00020E046E355E9BE016F5F7F4F87EA90E3E4
:1086F0000F94221209831A8220E047E255E9BE0155
:108700006F5F7F4F8BE990E30F94221269E870E36B
:10871000173031F46FE570E6EE2011F063E670E695
:1087200022E042E455E98DE890E30F9422120F9481
:10873000320F90914B049F5F90934B0490914D04A6
:108740009F5F90934D04B4CF0F900F900F900F90B8
:10875000DF91CF911F910F91FF90EF90DF900895DF
:10876000CF92DF92EF92FF920F931F93CF93DF93FD
:10877000D82EC92E01E080915A02811101C000E07B
:1087800010925A028D2D9C2D0E94F7BA7C010E94F6
:10879000535084E080937802E701209729F449E858
:1087A00063E083E10E94F64D14E682E390E00E94CC
:1087B0004E5F0E945850882381F0209781F482E018
:1087C0008093780200935A02DF91CF911F910F910D
:1087D000FF90EF90DF90CF900895115031F7E114A2
:1087E000F104D9F2209711F4CD2DDC2DCE010E9499
:1087F000F7BAEC01D2CFCF92EF92FF920F931F9373
:108800004130A9F42AE0C22EF12CE12C0EE613E34C
:1088100025E733E340E061E00E94E1BE813069F486
:108820001F910F91FF90EF90CF900C941BBA4230A4
:1088300021F4CB010E94B0C3F3CF1F910F91FF90A1
:10884000EF90CF9008958CEA9CE00F94688081119E
:1088500018C08091F4168823A1F08091011781112E
:1088600010C04091D903442361F061EF73E3CB0161
:108870000E94FBC381E09091610D913019F480E07A
:10888000089581E008951F93CF93DF931091D8034B
:108890001123E9F0EC0185EA9DE00F9476808C17B6
:1088A0009D07A9F0412F6BE773E388EC93E30E94E7
:1088B000FBC38091630D81110AC01092D70360E061
:1088C0008CE298E9DF91CF911F910D940012DF9116
:1088D000CF911F9108958091F416882351F08091D3
:1088E0000117882331F081EA9DE20E94B0C30D9404
:1088F000AE0F85E08093610DFACF80910413813033
:1089000061F489E297E20E94B0C384E080937F0320
:1089100061E08CE499E30C94B55F8FED96E20E94E0
:10892000B0C380E00E941B4E0E94094E42EC5FE5FE
:1089300062E080E00E94EA4D81E0E8CFAF92BF9212
:10894000CF92DF92EF92FF920F931F93CF93C82F96
:10895000882329F061E08FE59FE00F948C8084E507
:10896000E82E89E3F82E97EDC92ED12C2CE3A22E08
:10897000B12C0C2F10E01F92CF93FF92EF920F9427
:108980002A7F0F900F900F900F90EFEFEC0FED30CC
:10899000A0F4F0E08827E053FB438F4F0D947881DB
:1089A00027C547C551C559C58BC5A3C5B8C5B2C5EF
:1089B000BCC5DAC5F0C500C600C6109276128FE5B8
:1089C0009FE00F946880823029F482E89CE20E9444
:1089D000B0C30DC040E060E08FE19CE20E94B1C2F4
:1089E000811107C061E08FE59FE00F948C80C1E0AA
:1089F000C0CF60E08FE59FE00F948C80C0E010E076
:108A000000E01F930F9388E09FE19F938F930F9453
:108A10002A7F0F900F900F900F90CC3009F4F6C082
:108A2000CD3009F400C186E999E2CC2309F4F8C0FD
:108A300081E00E941B4E82E0CF911F910F91FF9029
:108A4000EF90DF90CF90BF90AF900C949D4D10921F
:108A5000AB0381E00E9473B2C2E0882309F489CF9E
:108A600082E00E9473B2C3E0882309F482CF84E0DD
:108A70000E9473B2C4E0882309F47BCF80E10E9496
:108A800073B2C5E0882309F474CFCCE072CF88EDCF
:108A90009BE20E94B0C30E9404BB8111A8CFCDE02D
:108AA00068CF8CE99BE20E94B0C380E00F94C2596A
:108AB000F4CF86E79BE20E94B0C38AE49BE20E9467
:108AC000B0C38CE29BE20E94B0C381E00F94C25914
:108AD000882329F360E070E088ED91E40E949B4BCD
:108AE00080910413813009F482CFD0926112C09238
:108AF000601289E09BE20E94F7BA0E946BBE60E0C0
:108B000070E0CB010E94C3BD0E947DC4109261122F
:108B1000109260126CCFD0926112C0926012B0922B
:108B20005D12A0925C1241E060E085EF9AE20E9443
:108B3000B1C28823F9F080910413C7E0813009F4B1
:108B400018CFC6E016CF20E041E070E060E08CEB8B
:108B500093EA0F94880F86EB9AE20E94B0C306E076
:108B600010E04FCF0E946BBE0E947DC4CAE001CFCF
:108B70000E947DC4C9E0FDCE8CEC98E20E94B0C397
:108B800080910413813099F485E798E20E94B0C384
:108B900087EA97E20E94B0C320E041E070E060E025
:108BA0008CED92EC0F94880F09E010E02ACF85E459
:108BB00098E2ECCF8CEC98E20E94B0C38091041351
:108BC000813021F485E798E20E94B0C387EA97E2FA
:108BD0000E94B0C384E08093610D0AE010E011CFE1
:108BE00041E060E085E69AE20E94B1C2811105C0D1
:108BF00087E39AE20E94B0C3BDCF83ED99E2E7CE4E
:108C000060E08FE59FE00F948C80FBCE1092AB0369
:108C100087EE90E60E9471B90F94AE0F89E799E252
:108C20000E94B0C305CF89E199E2FACFCF93DF93D9
:108C300000D000D000D01F92CDB7DEB7789484B5B5
:108C4000826084BD84B5816084BD85B5826085BD48
:108C500085B5816085BD80916E00816080936E00D6
:108C600010928100809181008260809381008091C8
:108C70008100816080938100809180008160809379
:108C800080008091B10084608093B1008091B00039
:108C900081608093B0008091910082608093910008
:108CA000809191008160809391008091900081601B
:108CB000809390008091A10082608093A1008091B8
:108CC000A10081608093A1008091A00081608093C9
:108CD000A000809121018260809321018091210177
:108CE0008160809321018091200181608093200127
:108CF00080917A00846080937A0080917A0082600B
:108D000080937A0080917A00816080937A008091CC
:108D10007A00806880937A001092C1009FB7F8941F
:108D2000A89584B7877F84BF0FB6F894A8958091E3
:108D30006000886180936000109260000FBE9FBF4A
:108D40009FB7F8941092B00084E08093B1008091B6
:108D50007000816080937000809170008D7F80939F
:108D60007000809170008B7F809370001092B30030
:108D70009FBF5B98559A539A529A9C9A8091010191
:108D80008068809301019B9A8091EB0388608093B7
:108D9000EB032FEF30E782E0215030408040E1F7D5
:108DA00000C0000081E00E94414E8EE490E5909367
:108DB000E6038093E5031092E8031092E70312E0C4
:108DC0001093E0031092EA031092E9030E94824E8E
:108DD00087EA9FE99093F2038093F10383E793ED91
:108DE0009093F0038093EF038BE991E09093EE036F
:108DF0008093ED03809104018B7F80930401809127
:108E000004018D7F809304019FB7F8948091050140
:108E10008460809305019FBF9FB7F89480910501FE
:108E20008260809305019FBF809101018F7B8093B9
:108E300001019FB7F8948091020180648093020140
:108E40009FBF809104018E7F809304019FB7F894A7
:108E5000809105018160809305019FBFAFE9BFE06C
:108E60001197F1F700C00000809103018095817097
:108E70008093EC0344E150E067EE70E680E594E017
:108E80000F94557E84B1817F84B984B1876084B9A1
:108E900085B1817F85B9289A80E58CBD1DBC0E9473
:108EA000094E89E89CE39F938F9380E99CE39F930D
:108EB0008F930E94AF4D80910101846080930101E6
:108EC00060E087ED9EE00E94DF518093320460E015
:108ED00088E09FE00E94DF5180931F060F948E6C04
:108EE00087E493E5909344048093430410924604EE
:108EF0001092450410933E041092480410924704C7
:108F00008BE394E0909317178093161760E084EC3E
:108F10009FE00E94DF518093630D0F900F900F90A0
:108F20000F90882379F081E08093F30388E00F9419
:108F300087160F948E6C1092F51661E087E89FE01B
:108F40000F948C8088E89DE30E94415582E199E668
:108F50000E944C5381E79DE30F94517F60E08CEABF
:108F60009CE00E94DF5181110F9413720F945C42B8
:108F70008EEB9CE30E944C5362E086ED9EE00E94E3
:108F8000DF51813009F074C083E690E60E944155BC
:108F900014B710FF04C08CEE90E20F94517F11FFC4
:108FA00004C08CED90E20F94517F12FF04C08BEC53
:108FB00090E20F94517F13FF04C08BEB90E20F946B
:108FC000517F15FF04C08BEA90E20F94517F14BECD
:108FD00082E199E60E944C538BE990E20E944C5347
:108FE0008DE59DE30E944C538FE890E20E944C5324
:108FF0008EE49DE30E94415582E199E60E944C5324
:1090000080E890E20E944C538091101790911117C4
:10901000FE0131967F01BF01009769F1681B790B52
:10902000072E000C880B990B0F94691489E690E2C7
:109030000E944C5380EE96E00F946E426AEF70E00F
:109040008EEE9EE00E94C7518C016BEC70E08CEEBE
:109050009EE00E94C7510A3F110509F00EC601E0CB
:109060008B3C910509F400E00E94D657B82E0DC63E
:109070008FE590E68BCF6A517741D2CF81E391E0C3
:1090800090935502809354028091F6039091F703D8
:109090000F94F96B20E030E848E953E40F94198409
:1090A000181654F48091F6039091F703409690932C
:1090B000F7038093F603E8CF80915002909151021C
:1090C0000E9493E820E030E040EF51E40F94858265
:1090D00087FF0AC08091500290915102409790936F
:1090E000510280935002E8CF8091F4039091F503F0
:1090F0000E9493E820E030E04AEF52E40F94198494
:10910000181654F48091F4039091F50340969093CF
:10911000F5038093F403E8CF9FB7F89416BC8FEF64
:1091200088BD83E384BD12E015BD80916E0081602F
:1091300080936E009FBF80E88093B40080917000A0
:109140008460809370002FB7F8948091010184604F
:10915000809301019FB7F894809102018B7F8093E7
:1091600002019FBF8091010180628093010181E033
:109170008093A00085E18093A1008FEF90E0909311
:10918000A9008093A8009093AB008093AA009093CD
:10919000AD008093AC00109272002FBF8CEC9CE36A
:1091A0000F94517F8FE580937E0010937D00809116
:1091B0007C00806480937C008FE980937A000E9419
:1091C000F6609FB7F894809191008F7E8093910014
:1091D00080919100886080939100809190008D7FB4
:1091E00080939000809190008E7F8093900080917A
:1091F00090008F7380939000809190008F7C80937B
:109200009000809191008460809391008091910002
:109210008D7F80939100809191008E7F809391004B
:1092200010929500109294002BEE31E43093990047
:1092300020939800C19A80917100826080937100A0
:109240009FBF1092410D1092420D80E1EFE3F6E0D6
:10925000DF01282F1D922A95E9F7E1E2F4E0DF0112
:10926000282F1D922A95E9F7E1E1F4E0DF011D9234
:109270008A95E9F710920D0410920E0410920F04D3
:109280001092100410920C0410920B0484E080934E
:1092900078028091000186FDC3C0BFEFE3EDF0E3EB
:1092A000B150E040F040E1F700C0000080910001C3
:1092B00086FDB6C00E94094E86E29DE30E94C14D24
:1092C0008091010184608093010180913204823099
:1092D00041F09FB7F894809102018460809302016D
:1092E0009FBF8091000186FFFCCF9FB7F8948091CB
:1092F00002018B7F809302019FBF2FEF37EA81E647
:10930000215030408040E1F700C000008CE09DE338
:109310009A83898381E09DE39C838B8383EF9CE325
:109320009E838D8386EE9CE398878F838DED9CE3EF
:109330009A8789870E94094E4EE360E080E00E9490
:10934000F64D0E94535010E0D12CC12C8091310475
:10935000F601E80FF11D87FDFA95EE0FFF1FEE0DE8
:10936000FF1D408151816C2D81E00E94EA4D9FEFED
:10937000C91AD90AA4E0CA16D10441F70F942A1ECB
:1093800081E00E94F65C8091210690912206009770
:1093900071F197FF12C0115014300CF42BC287E00A
:1093A0000E9473F78091310418162CF08F5F809320
:1093B00031040E94094E13E003C01F5F143078F798
:1093C00045ED5CE360E080E00E94EA4D612F80E0C3
:1093D0000E94D64D8EE30E94C54D10922206109237
:1093E000210664E670E080E090E00E942FE20E9497
:1093F0005850882309F4A8CF80913104180F0E9497
:10940000094E40E070E060E084E690E00E94D6F70C
:10941000123009F423C208F0FEC1113009F419C258
:1094200082E08093780260E08FEF9FE00E94DF513E
:1094300061E08FE59FE00E94DF510E948FEC85E0A4
:10944000E8EBF2E0D70101900D928A95E1F7999A45
:10945000989A809107018068809307019A9A809179
:1094600007018064809307018091070180628093E7
:1094700007018091070188608093070180910701AF
:10948000806180930701670110E0F60161916F012F
:10949000812F0E9452EC1F5F1530B9F780910A01AD
:1094A000826080930A0180910A01816080930A01A1
:1094B00080910A01846080930A0180910A0180648E
:1094C00080930A010F9A179A0E9A169A0D9A159A76
:1094D0000C9A149A26982E9A25982D9A24982C9AAC
:1094E0000998119A3F98479A389A4098179A10927B
:1094F0003C06399A4198169A10923D063A9A42983B
:109500003B9A4398149A809181008F7E80938100CA
:1095100080918100886080938100809180008D7FA0
:1095200080938000809180008E7F80938000809166
:1095300080008F7380938000809180008F7C809367
:10954000800080918100887F82608093810080E02C
:1095500090E4909389008093880010928500109287
:10956000840010923A04109239048FEF9FEF909389
:109570003804809337049093360480933504109216
:1095800034041092330481E08093770280916F005D
:10959000826080936F0078940F94ED0B84E692E1E3
:1095A0000E9421490F94620384E99CE00F94688033
:1095B000823459F46FEF84E99CE00F94B08085E920
:1095C0009CE00F9476800E94B0C30F94894A15984E
:1095D00088E00F9487168BEB9FE00F94688091E0F2
:1095E000813009F090E090934B1681E00F94115078
:1095F00060E084E69FE00E94DF5160E086E69FE045
:109600000E94DF5160E088E69FE00E94DF5160E049
:1096100085E69FE00E94DF5170E060E08FEF9EE002
:109620000E94C75170E060E085E09FE00E94C75152
:1096300070E060E083E09FE00E94C75170E060E06E
:1096400081E09FE00E94C75170E060E083ED9EE002
:109650000E94C75170E060E080ED9EE00E94C7511B
:1096600060E082ED9EE00E94DF5160E08FEC9EE0C2
:109670000E94DF5188EA9CE00F94854981EA9DE0D1
:109680000F9468808F3F71F460E081EA9DE00F9451
:109690008C8088EF9FE00F947680BC0180E59DE090
:1096A0000F94AA8049E4C42E4DE0D42E10E0B701F7
:1096B000812F0E943A52A70167E070E0C6010E9424
:1096C000A8511F5FFBE0CF0ED11C183081F781EA53
:1096D0009DE00F9468800E940A52811102C00E948E
:1096E0002C520E94A05580E89CE00F9468808F3F28
:1096F00041F44FE050E060E87CE08EEC92E00F94A3
:109700007C8060E089E29DE00E94DF5185E09DE081
:109710000F9485498DEE9FE00F94854981EF9FE07E
:109720000F94854960E08EEC9EE00E94DF5161E07D
:1097300087EA9CE00E94DF5160E08FEA9FE00E9490
:10974000DF5186EA9FE00F9468808F3FD9F461E093
:1097500086EA9FE00F948C8030EBE32E3FE0F32EFF
:1097600070E060E0C7010F94AA8022E0E20EF11CD5
:109770003AEBE3163FE0F30699F760E08FEA9FE0EB
:109780000F948C8060E085EA9FE00E94DF5160E0EA
:109790008FE79CE00E94DF5160E089E09FE00E943B
:1097A000DF5161E08CEA9DE00E94DF5163E08BEACB
:1097B0009DE00E94DF5163E08AEA9DE00E94DF5154
:1097C00061E089EA9DE00E94DF5184E080937802A5
:1097D000023009F47AC0033009F415C1013009F0F0
:1097E0007EC084EC95E30E94B0C36BEC70E08CEE1D
:1097F0009EE073C01F3F09F0E3CD87E00E9473F73E
:109800008091310418162CF48150809331040E9409
:10981000094E10E0D5CD133019F1143009F000CE07
:1098200065E17DE380E090E10F94E80D10E000E059
:109830006FEFC8010F948C80C8010F94B90D0F5FB2
:109840001F4F0115B0E11B0799F70F94DA0D0E9425
:1098500003450E94C8440E9498ABE2CD0E94C844D0
:1098600084E00E9411B262E08FE59FE00F94B08027
:109870001092630D60E084EC9FE00F948C8081E097
:109880000E94125111E01093F51661E087E09FE00D
:109890000F948C801093F61661E085ED9EE00F9496
:1098A0008C801093021780913B0E90913C0E909308
:1098B0000417809303170F943A4A1092091761E036
:1098C0008DEA9CE00F948C80ABCD85EA95E30E94F5
:1098D000B0C36AEF70E08EEE9EE00F94C680B110C8
:1098E00006C082E395E30E94B0C30E94515880E80D
:1098F0000E9473B28823B9F087EF9FE00F946880CD
:1099000060E0813061F486E49DE30E941F9667E188
:10991000882329F082EF94E30E94B0C366E186EACF
:109920009CE00F948C808EE39DE30E941F96182F7D
:10993000882329F087E10E9473B211E01827F12CE7
:10994000E12CF701EC5CF24C6491C7010F948C8020
:109950008FEFE81AF80A9AE0E916F10491F7EEE3BE
:10996000FDE3659174918AE090E00F94AA80E0E4B1
:10997000FDE3659174918CE090E00F94AA80E2E49D
:10998000FDE3659174918EE090E00F94AA80E4E489
:10999000FDE36591749180E190E00F94AA808FE5DA
:1099A0009FE00F9468808823C9F180E00E949EC4E4
:1099B00083E08093780281E00E941B4E0E94094E52
:1099C00082E00E949D4D83E09DE00F946880182FF7
:1099D0008FEF810F8E3F08F045C080E00E9473F743
:1099E0000E94094E8AE490E20E94C14D123091F12A
:1099F000133009F412C187E290E2113069F1812F2E
:109A00000E94854E2BC08CE695E30E94B0C36AEF9E
:109A100070E08EEE9EE00F94C680E7CE81E01111DB
:109A2000C5CF0E9473B2811105C084E894E30E94FF
:109A3000B0C3BECF84E00E9473B2811103C08EE038
:109A400094E3F5CF80E10E9473B28111B1CF8FED25
:109A50009DE5EDCF86E190E20E94C14D90E080E06F
:109A60000E949BBA6FEF83E09DE00F948C800E9470
:109A700061B481E08093780288E198E20FB6F894AF
:109A8000A895809360000FBE909360008091600065
:109A900080648093600085E0D82E90E0E92E90E00D
:109AA000F92ECC24C39424E0B22E1092450D80915F
:109AB0003E12882309F4B4C0B09278020E9419457E
:109AC000882309F4B0C080917902813009F0ABC0DD
:109AD00085E492E10E949DE20E94675880915602BF
:109AE000882389F068E873E18BEE96E10E946EE2CC
:109AF000811109C0109256028091DB13882309F46A
:109B00009EC00F94DF4480913F1290914012892BA8
:109B100009F463C0109256128091D8138823C1F1C2
:109B200000913B1210913C120F5A1F4E6EE87DE3DC
:109B3000C8010F946F7E892B09F08EC010926A16AF
:109B4000F80101900020E9F73197BF01601B710B0C
:109B5000C8010F94AF5262E070E08DED92E00F9477
:109B6000AF5280916A16882341F085EF98E60E94F3
:109B70004C5384EF90E20E9441558091D913882381
:109B800009F465C080913F1290914012892B11F029
:109B90000E94E76680915612811119C080913F1290
:109BA00090914012892B99F0E0913B12F0913C1278
:109BB000E25BFF4E8081823009F053C0F894D0827E
:109BC000818192810F94BC0278940E94C552809149
:109BD000630D811102C00E9445550F942A1E0E94F8
:109BE00019450E94F65C8091490481111092490444
:109BF00080E00E949D4D80914A04811107C0C0926F
:109C00004A0481E00F94CB7310924A04E114F104EA
:109C100009F44BCF0E94000048CF88E090E21CCFAF
:109C2000C09278024BCF60E177E285E492E10E9436
:109C30006EE2882309F450CFB092640D4DCF81E0DD
:109C40000F9411508091DB1381115BCF5CCF8CE1BD
:109C500091E20E9441559ECF0F94A8428AE091E282
:109C6000F8CF863009F0B1CF8091DA138111ADCFF2
:109C7000F894D08281E090E0A5CF02E08B3C910582
:109C800009F003E00E94C057B12C82EA92EAA0E0FA
:109C9000B0E080933A1790933B17A0933C17B09392
:109CA0003D171092070410920804109209041092B4
:109CB0000A042091D60D3091D70D4091D80D5091C6
:109CC000D90D60E070E08FE793E40F948F8260938A
:109CD0000304709304048093050490930604109287
:109CE000FF031092000410920104109202042091CC
:109CF000E20D3091E30D4091E40D5091E50D60E0EF
:109D000070E08FE793E40F948F826093FB0370936E
:109D1000FC038093FD039093FE036D9A9D9A8091BE
:109D200001018860809301018091200690E064E049
:109D3000959587956A95E1F78093FA038EE190E017
:109D40009093F9038093F80380915202909153020B
:109D50000F94F96B20E030E040EF51E40F948582DE
:109D600087FF8CC980915202909153024097909343
:109D7000530280935202E8CF2F923F924F925F920C
:109D80006F927F928F929F92AF92BF92CF92DF920B
:109D9000EF92FF920F931F93CF93DF938091610D0A
:109DA000813009F05FC09091410D8091420D981370
:109DB00059C080917412811155C01092600680E6DE
:109DC00093E30E9471B91092610D82E08093640D5B
:109DD0001092D2030E94AFEB0E94944360E070E0C7
:109DE00080E291E40E94394B80913C06882321F166
:109DF00080913D06882301F180E090E0A8E4B2E480
:109E00008093641290936512A0936612B0936712C8
:109E100080E090E0AEE3B3E480936812909369121F
:109E2000A0936A12B0936B1260E070E084E392E456
:109E30000F94B12E0E9406ED8091BC03882309F493
:109E4000C6C09FB7F894809102018B7F8093020176
:109E50009FBF0E94259F0E94275788E080935A1237
:109E60001092BD038091610D823009F068C090911D
:109E7000410D8091420D981362C08091741281113E
:109E80005EC080916006873031F01092600683E5F5
:109E900093E30E9471B91092610D82E08093640D8A
:109EA0001092D2030E9406ED1092BB031092611231
:109EB0001092601260914A0270914B0280914C02A4
:109EC00090914D020E94394B80913C06882351F1BC
:109ED00080913D06882331F18091420290914302A6
:109EE000A0914402B0914502809364129093651250
:109EF000A0936612B0936712809146029091470238
:109F0000A0914802B091490280936812909369121F
:109F1000A0936A12B0936B1260E070E088E492E460
:109F20000F94B12E8091BC03882309F47AC09FB7A7
:109F3000F894809102018B7F809302019FBF8091F2
:109F4000610D843009F0A7C085EA9DE00F9476800A
:109F50003091410D2091420D321370C120913F127A
:109F600030914012232B09F069C1C0917612C111C2
:109F700065C12091D203211157C02CE02093D20358
:109F80004496BC0190E080E00F94F47A20E030E049
:109F90004AE754E40F948F824B015C01E091D203B5
:109FA000E150EC3008F077C0F0E08827E552F0434C
:109FB0008F4F0D94788119D315D3ABD2ABD2ABD2DE
:109FC000ABD254D2C3D1BFD152D11CD016D0109233
:109FD00058120E94245181E00E9431518091041353
:109FE000813009F036CF8091DA12882309F431CF1D
:109FF0008091BE03823009F42CCF0E941945811153
:10A000000E940743209160123091611280915702A3
:10A0100090915802281739070CF41BCF0F94FF7941
:10A0200018CF109258128BCF2150A8CF65E085EA47
:10A030009AE30E9434602FC080910413813049F567
:10A04000D091D10361E084EB91E60E94B55F61E0BD
:10A050008AE99AE30E94B55F61E083E99AE30E948E
:10A06000B55F0F945642D817A1F08F3F29F061E0F9
:10A0700088EF9FE10E94B55F1F92DF938FE89AE31C
:10A080009F938F930E9453600F900F900F900F90AB
:10A09000C1E0C093D0038091610D833009F0CEC040
:10A0A0009091D203911109C08093600691E0909342
:10A0B000CE03809359028093D2038091D2038330E0
:10A0C00009F59091410D8091420D98131BC00E949B
:10A0D000DCE41092410280914F028F9380914E02F6
:10A0E0008F938AE19BE39F938F930E9453608AE44E
:10A0F00093E30E9471B982E08093D2030F900F9096
:10A100000F900F908091D203823009F078C0809137
:10A110004102882309F473C01092CE0388E393E3CD
:10A120000E9471B91092611210926012C091CA031C
:10A13000D091CB031091CC030091CD0320E030E00F
:10A14000A901F8016C2F7D2F8F2F9E2F0F948582F0
:10A1500081111FC020E030E0A9016091C603709119
:10A16000C7038091C8039091C9030F948582811120
:10A1700010C020E030E0A9016091C2037091C303D8
:10A180008091C4039091C5030F948582882309F4BC
:10A1900066C28091C5038F938091C4038F93809191
:10A1A000C3038F938091C2038F938091C9038F93D0
:10A1B0008091C8038F938091C7038F938091C603CA
:10A1C0008F930F931F93DF93CF9383E09BE39F9332
:10A1D0008F930E94536061E083E090E20E94B55F3C
:10A1E0008DB79EB70E960FB6F8949EBF0FBE8DBF6B
:10A1F0008FEB93E00E949DE281E08093D2038091F7
:10A20000D2038130D9F460ED77E08FEB93E00E94C8
:10A210006EE2882399F087EE90E60E9471B9109261
:10A22000600682ED90E090934F0280934E02109270
:10A23000D2031092610D82E08093640D8091610DD4
:10A240008530E9F49091410D8091420D981317C02B
:10A2500080913F1290914012892B89F4809176125F
:10A2600081110DC08091D203813009F429C208F414
:10A27000FBC1823009F411C2833009F4F9C1DF91C6
:10A28000CF911F910F91FF90EF90DF90CF90BF90F3
:10A29000AF909F908F907F906F905F904F903F9086
:10A2A0002F9008950E94094E1092CF0361E080E83C
:10A2B00092EB0F940012809104138130B9F48091D5
:10A2C000D00310E0811101C012E0C12FD0E0CC0F0B
:10A2D000DD1FC358D54CFE018591949161E00E9429
:10A2E000B55F1F5F22961930B1F7D5CE61E085E7E3
:10A2F0009AE30E94B55F20E030E040E850E4C501F9
:10A30000B4010F94357B20E030E040E752E40F9435
:10A31000E4559F938F937F936F9382E48F9380E7AD
:10A320008F931F921F92C8E6DAE3DF93CF930E94C8
:10A33000536020E030E040E051E4C501B4010F94E7
:10A34000357B20E030E84EE053E40F94E4559F93D2
:10A350008F937F936F9383E48F938AE48F9380E846
:10A360008F931F92DF93CF930E9453608DB79EB758
:10A3700044960FB6F8949EBF0FBE8DBF8CCE66E09C
:10A380008CE59AE356CE61E082E59AE30E94B55FE0
:10A390008EE38F938CE48F938CEC8F938DEC8F9363
:10A3A0008AE49AE39F938F930E94536061E085E76C
:10A3B0009AE30E94B55F61E084EF9FE10E94B55F80
:10A3C00020E030E040E850E4C501B4010F94357B53
:10A3D00020E030E048EC51E40F94E4559F938F93D4
:10A3E0007F936F9301E40F9318EC1F931F921F92BA
:10A3F000C8E6DAE3DF93CF930E945360A50194018E
:10A40000C501B4010F94908120E030E048EC51E4A4
:10A410000F94E4559F938F937F936F930F931F93A4
:10A420001F921F92DF93CF930E94536020E030E091
:10A4300048EC52E4C501B4010F94E4559F938F9307
:10A440007F936F9382E48F931F931F921F92DF93EA
:10A45000CF930E9453608DB79EB784960FB6F89441
:10A460009EBF0FBE8DBF20E030E040EA51E4C50141
:10A47000B4010F94E4559F938F937F936F9381EC76
:10A480008F9380EA8F931F921F928DE39AE39F939D
:10A490008F930E9453608DB79EB70A960FB6F894BB
:10A4A0009EBF0FBE8DBFF7CD20E030E046E153E404
:10A4B000C501B4010F94E455762E672E582E492E0F
:10A4C00020E030E040EA51E4C501B4010F94E455C6
:10A4D000B62EA72E982E892EC5E0DFEF28E6E22EB5
:10A4E0002AE3F22E31ECC32E40EAD42E0DE31AE318
:10A4F0004F925F926F927F926D2F0D2E000C770B13
:10A50000880B990B0F94F67A20E030E046E153E493
:10A510000F94357B9F938F937F936F93FF92EF926E
:10A520000E9453608F929F92AF92BF92CF92DF9220
:10A530001F921F921F930F930E945360D195C15099
:10A540008DB79EB744960FB6F8949EBF0FBE8DBFD1
:10A55000C111CECFA0CD23E43DEC4FE25DE3C501B8
:10A56000B4010F948F816B017C0120E030E040EA60
:10A5700051E4C501B4010F94E455662E572E482EC0
:10A58000392EA7019601C501B4010F94E455262E7A
:10A59000A72E982E892E84E0B82E90EA792E08E610
:10A5A0001AE3F7FAF094F7F8F094CDE3DAE33F9288
:10A5B0004F925F926F9291E49F937F921F921F92AE
:10A5C0001F930F930E9453608F929F92AF922F928E
:10A5D000FF92EF92DF92CF92DF93CF930E9453606E
:10A5E0003F924F925F926F9281EC8F937F921F9276
:10A5F0001F921F930F930E9453608F929F92AF926E
:10A600002F92FF92EF92DF92CF92DF93CF930E942F
:10A610005360BA948DB79EB788960FB6F8949EBFD4
:10A620000FBE8DBFB110C3CF36CD69E08BE29AE388
:10A6300000CD87EE90E60E9471B91092D20310927D
:10A64000610D82E08093640D8FE59FE00F94688038
:10A65000882309F4F3CD8BE00E949EC41CCD83EDCA
:10A660009AE30E944C53C4CD83E08093D20307CE7B
:10A6700083E093E30E94B0C361E08DEF9FE10E940D
:10A68000B55F61E080EC9AE30E94B55F61E086EB24
:10A690009AE30E94B55F82E0E8CF61E08FEA9AE337
:10A6A0000E94B55F41E060E08CEC92E30E94B1C291
:10A6B0008111E5CD109261121092601281E0D5CF28
:10A6C0001092D2031092610D82E08093640D20E01D
:10A6D00041E062E070E08CE298E90F94880F83E03B
:10A6E0008093CF03CCCD0F931F938091030180956E
:10A6F00081709091EC03891789F18091ED0390911D
:10A70000EE03845B9F4B11F40F94561382E0809309
:10A71000590280910301809581708093EC030E941F
:10A72000824E8091EC03882309F488C08091DB136A
:10A73000811105C00F94115081E08093291487EE98
:10A7400090E60E9471B91092B90361E084EB9FEB2F
:10A750000F94001284EB93E00E9484E40E9462E272
:10A760000091B0031091B1032091B2033091B30373
:10A770000617170728073907E8F58091590288233B
:10A7800031F084EB93E00E9484E40E948B4DE091D1
:10A79000ED03F091EE0319958091ED039091EE0396
:10A7A0008058924B09F45BC08091ED039091EE03C9
:10A7B00021E08B39920709F073C0809159028230F1
:10A7C00021F40E94824E10924F04809159028823F6
:10A7D00019F08150809359020E9462E26C597F4FB8
:10A7E0008F4F9F4F6093B0037093B1038093B20378
:10A7F0009093B3038091630D882399F08091F303C4
:10A80000882379F060E177E28CEA93E00E946EE2BF
:10A81000882339F088E00F9487168CEA93E00E9431
:10A820009DE28091610D843009F051C08091450D09
:10A8300081114DC01F910F910C94BCCE1092DA1370
:10A840001092DB1382E199E60E944C5384ED9FE164
:10A850000E94415589EA92E30E9471B97FCF0E941C
:10A86000334581110EC0E091ED03F091EE03309776
:10A8700039F50E94094E0F94AE0F82E08093590281
:10A880009CCF8091610D81118FCF40E95FE561E040
:10A8900070E084EB93E00E94D7E28111E4CF84CF93
:10A8A0008058924B09F489CF40E355E760E070E0AF
:10A8B00084EB93E00E94D7E2882309F47ECFD3CFC4
:10A8C00081E08093AF0319951092AF03D2CF1F910F
:10A8D0000F910895CF92EF92FF920F931F9387E10C
:10A8E0000E9473B281110BC087E10E9411B280E017
:10A8F0001F910F91FF90EF90CF900C949EC48AE02F
:10A90000C82EF12CE12C0EE613E325E733E341E0FA
:10A9100060E08AE696E20E94E1BE882329F30F9464
:10A92000AE0F81E00E941B4E82E01F910F91FF90BD
:10A93000EF90CF900C949D4D0F931F93CF93DF9387
:10A940008C01EB0190936112809360120E940E942F
:10A95000811104C0D0935D12C0935C12C0917F033B
:10A9600087EF8C0F8230F8F40F94AE0FCA3041F4A9
:10A9700084E08093610DDF91CF911F910F91089535
:10A9800060E070E080E291E40E949B4B8FE59FE0E5
:10A990000F946880882379F388E0DF91CF911F912D
:10A9A0000F910C949EC41092B403809165038111A1
:10A9B00012C060915D0D70915E0D80915F0D909160
:10A9C000600D0F940183601B710B6C5F7F4F6930CA
:10A9D000710508F060C0C150C83088F5EC2FF0E078
:10A9E0008827EA50FB428F4F0D94788116D516D5F3
:10A9F00016D5FED43ED545D548D53BD5CBE0D9EAD2
:10AA000080916303882329F082E00E9473F71092FB
:10AA10006303209709F4AFCF0E9437A961E0CE010C
:10AA2000DF91CF911F910F910D94001280916303DC
:10AA3000882341F061E085E99CEA0F940012D0E0A0
:10AA4000C0E0DECF0E9437A980917F03823019F4E5
:10AA500081E080937F0380917F03813031F461E056
:10AA600089E39EE10E94B55FEACF833041F761E060
:10AA700088EF9FE1F7CFC1E9D8EAC2CF0E9437A99A
:10AA80000F94FF790E940494DACFC5E0D9EAB8CFD9
:10AA9000CFEFD8EAB5CF80916303882321F080916E
:10AAA0005902882379F181E08093630380935902EE
:10AAB0000E94094E4DE257E363E080E00E94EA4DB8
:10AAC0004EE653E363E081E00E94EA4D61E080E0FE
:10AAD0000E94D64DE0917F03E150E83098F4F0E019
:10AAE0008827EA58FA428F4F0D9478817ED57ED51B
:10AAF000A8D57ED5A8D5ABD5AED57ED58AE093E2D4
:10AB00000E94C14D8091630381110E9460AC0E943C
:10AB10005850882309F42FCF109263038091640367
:10AB200081110EC010926112109260120E9419459C
:10AB3000811104C010925D1210925C120F94561392
:10AB40000F945613DF91CF911F910F910C940494A1
:10AB500085EF92E2D5CF81EE92E2D2CF8FEC92E2F6
:10AB6000CFCF80937F0340910413209160123091E6
:10AB70006112413059F01092650380915702909113
:10AB80005802281739075CF40C9403A39091DA1249
:10AB90009111F1CF8650823070F74093650381E0C8
:10ABA0008093640360915C1270915D12C9010E94F0
:10ABB0009CD410926503089584E00C94B1D585E08F
:10ABC0000C94B1D586E00C94B1D587E00C94B1D546
:10ABD00081E00C94B1D583E00C94B1D588E00C945D
:10ABE000B1D582E00C94B1D51092640360E570E0B9
:10ABF0008AEF90E00C949CD41092640370E060E0C3
:10AC00008AEF90E00C949CD4109264036CE370E0A3
:10AC100087ED90E00C949CD41092640365E570E09D
:10AC200086EE90E00C949CD41092640369E670E088
:10AC300084E091E00C949CD41092640369E670E087
:10AC400083E191E00C949CD4109264036BE470E077
:10AC500087ED90E00C949CD4109264036AE570E058
:10AC600083E191E00C949CD41092640364E670E05C
:10AC70008FEF90E00C949CD41092640364E670E033
:10AC80008CED90E00C949CD41092640364E670E028
:10AC90008EEF90E00C949CD41092640362E370E019
:10ACA00080EF90E00C949CD4CF93C82F1092600654
:10ACB000179A10923C06169A10923D06149A10921A
:10ACC0005D1210925C12682F86EA9FE00F948C80D0
:10ACD0006C2F8FEA9FE00F948C80CC2379F080EE6C
:10ACE00098E30E94415585EA95E20E94B0C381E055
:10ACF0000E941B4E82E0CF910C949D4D85EA98E313
:10AD00000E9441558CE895E2F0CF8F929F92AF92CE
:10AD1000BF92EF92FF920F931F93CF93DF93C82FB1
:10AD200010926C1210926D1210926E1210926F129D
:10AD30000F9462030DE215E2C11102C00CEC14E2A3
:10AD4000C8010E94F7BA7C010E9462E24B015C01DB
:10AD50001092220610922106E7010F942A1E81E02C
:10AD60000E94F65C8091210690912206892BD9F1F0
:10AD700062E370E080E090E00E942FE28091410D5C
:10AD80008F5F803109F480E09091420D981759F15E
:10AD9000609121067091220677FF03C0719561953D
:10ADA0007109072E000C880B990B0F94F67A2091ED
:10ADB0006C1230916D1240916E1250916F120F947F
:10ADC000908160936C1270936D1280936E129093C9
:10ADD0006F12109222061092210665E575E585E84E
:10ADE00091E40F94B12E0E9458508823B1F10F9432
:10ADF000B6051092450D0E9458508111FCCF6AE0B3
:10AE000070E080E090E00E942FE20E945850811193
:10AE1000FCCF41E060E085EA94E20E94B1C28F3F3E
:10AE2000C1F181118DCF80E090E0AFE4B3E4809375
:10AE30006C1290936D12A0936E12B0936F120F94D8
:10AE4000620381E0DF91CF911F910F91FF90EF900E
:10AE5000BF90AF909F908F900895E114F10409F492
:10AE60007CCF0E9462E2681979098A099B096938D6
:10AE700073418105910508F470CF209709F4E8012A
:10AE8000CE010E94F7BAEC010E9462E24B015C0124
:10AE900064CF80E0D7CFCF92EF92FF920F931F93B2
:10AEA00085E0C82E96E2E92E93E2F92E09EB10E335
:10AEB00025EB30E340E060E08CE293E20E94E1BEEB
:10AEC000813029F40E94D1420E9406EDE9CF823000
:10AED00051F460E070E0CB011F910F91FF90EF9073
:10AEE000CF900C94C3BD1F910F91FF90EF90CF9026
:10AEF00008951F93CF93DF9364E670E00F94318140
:10AF0000EB0110E04EE263E0812F0E94F64DCE018E
:10AF10000E944E5FCE010E944E5FCE010E944E5FA6
:10AF2000CE010E944E5FCE010E944E5F1F5F143122
:10AF300049F7DF91CF911F9108952F923F924F9241
:10AF40005F926F927F928F929F92AF92BF92CF92B9
:10AF5000DF92EF92FF920F931F93CF93DF93CDB7C2
:10AF6000DEB767970FB6F894DEBF0FBECDBF082FD0
:10AF7000CE0146969F8B8E8B83E0F82E95E1292E8D
:10AF80000F948F070093EC12402F64E5CE010196D9
:10AF90000F94820749815A816B817C818D810F9446
:10AFA000AC7161E081E00F943879182F811107C0EE
:10AFB0000F94E3060F94D8780F94C679E1CF0E94DE
:10AFC00006ED0F94A107813079F10F94C67992E0D4
:10AFD000F91209C08EEC9EE00F946880813019F45C
:10AFE000802F0F94A97AFA94F110CACF8091450D61
:10AFF000882309F4EFC067960FB6F894DEBF0FBE42
:10B00000CDBFDF91CF911F910F91FF90EF90DF9017
:10B01000CF90BF90AF909F908F907F906F905F90F8
:10B020004F903F902F9008956091E11270E090E072
:10B0300080E00F94F67A9B01AC0166E676E68DE936
:10B0400092E40F948F81362E872E982EE92E262F8C
:10B05000372F482F592F60E070E080E291E40F9481
:10B060008F822B013C01E0E5F4E0822D11928A955C
:10B07000E9F710924F04832D982DA92DBE2DBC0108
:10B08000CD01912C312CE12C5B016C01D7FAD094CD
:10B09000D7F8D09420E030E048E452E40F94E42E56
:10B0A0009091410D8091420D981709F449C01123E8
:10B0B00031F00F94A10711E0813009F010E083E036
:10B0C0000E94F2EC20917012309171124091721234
:10B0D000509173120F948F81A30192010F94357BCD
:10B0E0000F946E820F940883862EE616C1F0E32D2E
:10B0F000E43108F0E3E1332433943E0E8FEF111175
:10B1000001C08DE2F0E0E05BFB4F808391E0909323
:10B11000590280915A02811102C00E941AE390E004
:10B1200080E00E944E5FE82C8091450D882309F451
:10B13000B7CF10E037C0C601B50199249394AACFC8
:10B1400091E09912F8CF0F948F07111108C08FEC7E
:10B150009EE00E94FE5180ED9EE00E94F15144E18C
:10B1600050E060E574E0CE0101960F94E886FE01A0
:10B170003196819187FD2CC080E3DF0111978C937C
:10B180008E899F898E179F07A1F71D8A82E199E614
:10B190000E944C5380EB9DE30E944C53CE010196DC
:10B1A0000F94703185E694E00E9484E4112309F441
:10B1B0000CCF802F0F947642009393128091081346
:10B1C000909109130196909309138093081313CF5C
:10B1D00081E3D3CF8AE290E8909396128093951200
:10B1E00061E081E00F943879C7CECF93DF93D82FF9
:10B1F0000F944A56C82F882339F188EC90E00F94B9
:10B20000B50982E00E9473F76D2F82EC9FE50F94E1
:10B21000C4060F9418560F94D1558091EB128336C3
:10B2200029F062E180E694E60F9421568D2F0E946A
:10B230009DD70E941D9483E00E9473F70F94424AA9
:10B240000F943F560F94C1068C2FDF91CF91089534
:10B250000E94F5D80E94D1420E9406ED0F94AE0FD5
:10B260000E944BD787EE90E60E9471B9109260065B
:10B270000C940494CF93DF93D82F0F944A56C82F81
:10B280008823B9F08091EB128D1799F00E947545D3
:10B29000811102C00F94FF790F9418560F94D15565
:10B2A0000E9406ED8D2F0E949DD70F94424A0F9465
:10B2B0003F568C2FDF91CF9108951F93CF93DF934B
:10B2C000C82F162F0F944A56D82F882389F00F9431
:10B2D000D155C33601F1C83781F0CF3339F484E654
:10B2E00090E00F94B509812F0E94F5D80F94424A3F
:10B2F0008D2FDF91CF911F910895109258021092D7
:10B300005702812F0E943AD98FEA90E09093580219
:10B3100080935702EBCF84E690E00F94B5090E942A
:10B320001D94E4CFCF93C82F682F87EE95E30F9439
:10B33000C4068C2F0E943AD90E9406ED0F94FF7923
:10B340000F94C10681E0CF91089580E00E9492D9C8
:10B3500081E00E9492D982E00E9492D983E00E940B
:10B3600092D984E00E9492D90C9404940E9492D9BC
:10B370000C9404941F93CF93DF9300D01F921F92DD
:10B38000CDB7DEB7182F0F944A568823D9F0412F36
:10B3900062E5CE0101960F94820749815A816B8143
:10B3A0007C818D810F94AC7160E080E00F943879DE
:10B3B000882369F32091B0123091B11230930113B8
:10B3C000209300130F900F900F900F900F90DF912C
:10B3D000CF911F91089590914A0D8091490D2FEFC3
:10B3E0003FEF891771F0E92FF0E0E45BF24F208125
:10B3F00030E09F5F8091480D981708F090E090939F
:10B400004A0DC90108959091D00095FFFCCF80931B
:10B41000D60090E080E008953FB7F89480910F0641
:10B4200090911006A0911106B09112062091B200E1
:10B43000B89B05C02F3F19F00196A11DB11D3FBF5C
:10B44000BA2FA92F982F8827BC01CD01620F711D3B
:10B45000811D911D42E0660F771F881F991F4A9535
:10B46000D1F708952F923F924F925F926F927F9201
:10B470008F929F92AF92BF92CF92DF92EF92FF9204
:10B480000F931F93CF93DF93CDB7DEB72E970FB6F1
:10B49000F894DEBF0FBECDBF2090020630900306A9
:10B4A00040900406509005066090060670900706CE
:10B4B0002114310439F481E08093DB05812C912C37
:10B4C0005401F9C0B101032C000C880B990B0F94A7
:10B4D000F67AA30192010F948F816B017C01809118
:10B4E000DB05882391F01092D7051092D8051092B1
:10B4F000D9051092DA051092D3051092D405109256
:10B50000D5051092D6051092DB052091D20D309111
:10B51000D30D4091D40D5091D50DC701B6010F94B4
:10B52000357B69837A838B839C832091D705309107
:10B53000D8054091D9055091DA05C701B6010F949D
:10B5400090814B015C01209107042D873091080404
:10B5500039871091090400910A04412F502F0F944C
:10B56000858287FD17C0809103048D879091040424
:10B57000998710910504009106049C01412F502FDA
:10B58000B401C5010F941984181624F08D8699868C
:10B590001A2D0B2D8D859985A12FB02F8093D7055E
:10B5A0009093D805A093D905B093DA052091D60DD4
:10B5B0003091D70D4091D80D5091D90DBC01812FFC
:10B5C000902F0F94357B6D837E838F839887209196
:10B5D000CF053091D0054091D1055091D205C301DE
:10B5E000B2010F948F812091DA0D3091DB0D4091E3
:10B5F000DC0D5091DD0D0F94357B20ED3CEC4CE4DF
:10B600005DE30F94357B4B015C0123E333E343E7B8
:10B610005FE36091D3057091D4058091D505909139
:10B62000D6050F94357B9B01AC01C501B4010F9485
:10B6300090814B015C018092D3059092D405A09239
:10B64000D505B092D6052D813E814F8158856981FF
:10B650007A818B819C810F949081A50194010F9434
:10B660008F814B015C0120E030E04FE753E40F9401
:10B67000198420E030E0A90118160CF06DC1C70153
:10B68000B6010F941984181684F4A70196016D85EC
:10B690007985812F902F0F948F816093D7057093B8
:10B6A000D8058093D9059093DA05812C912C3FE73A
:10B6B000A32E33E4B32E4092CF055092D005609272
:10B6C000D1057092D2056091540270915502072EF7
:10B6D000000C880B990B0F94F67A9B01AC01C30107
:10B6E000B2010F94858287FF57C1232809F454C102
:10B6F000C501B4010F9401837595679560930806A1
:10B700002091FB053091FC053A8329834090FD058B
:10B710005090FE056090FF0570900006B901330F50
:10B72000880B990B0F94F67AA30192010F948F81E5
:10B730006B017C012091DE0D3091DF0D4091E00D19
:10B740005091E10D0F94357B6D837E838F839887B5
:10B750002091E4053091E5054091E6055091E7051B
:10B76000C701B6010F9490815B018C013091FF03FA
:10B770003E87809100048D87309001042090020460
:10B78000232F382F432D522DB501C8010F948582E8
:10B7900087FD18C09091FB039E872091FC032D87A5
:10B7A0003090FD032090FE03292F3D85432D522D1F
:10B7B000B501C8010F941984181624F0AE86BD8611
:10B7C000302E212E8E859D85A32DB22D8093E405EC
:10B7D0009093E505A093E605B093E7052091E20D6F
:10B7E0003091E30D4091E40D5091E50DBC01832DA6
:10B7F000922D0F94357B69877A878B879C87209160
:10B80000E0053091E1054091E2055091E305C30167
:10B81000B2010F948F812091E60D3091E70D409198
:10B82000E80D5091E90D0F94357B20ED3CEC4CE494
:10B830005DE30F94357B4B015C0123E333E343E786
:10B840005FE36091DC057091DD058091DE059091EC
:10B85000DF050F94357B9B01AC01C501B4010F944A
:10B8600090814B015C018092DC059092DD05A092F5
:10B87000DE05B092DF054092E0055092E10560924E
:10B88000E2057092E30529853A854B855C856D81DB
:10B890007E818F8198850F949081A50194010F94EA
:10B8A0008F814B015C0120E030E04FE753E40F94BF
:10B8B000198420E030E0A90118160CF070C0C7010F
:10B8C000B6010F941984181684F4A70196016E85A9
:10B8D0007D85832D922D0F948F816093E405709365
:10B8E000E5058093E6059093E705812C912C9FE771
:10B8F000A92E93E4B92E20E030E04AEF52E4C301D0
:10B90000B2010F94858287FF6DC0C501B4010F9409
:10B910000183759567956093010689819A81892BCA
:10B9200011F4109201062E960FB6F894DEBF0FBEEA
:10B93000CDBFDF91CF911F910F91FF90EF90DF90DE
:10B94000CF90BF90AF909F908F907F906F905F90BF
:10B950004F903F902F900895C501B4010F948582B8
:10B9600087FFA9CE20E030E0A901C701B6010F94FE
:10B97000858287FFA3CDA70196016D857985812FEB
:10B98000902F0F948F816093D7057093D805809383
:10B99000D9059093DA0592CD10920806B1CEC50173
:10B9A000B4010F94858287FFA6CF20E030E0A90183
:10B9B000C701B6010F94858287FF10C0A7019601C9
:10B9C0006E857D85832D922D0F948F816093E40584
:10B9D0007093E5058093E6059093E705812C912C03
:10B9E000540189CF1092010698CF809160129091F6
:10B9F0006112909303068093020680915C129091ED
:10BA00005D129093FC058093FB050895CF939FB73B
:10BA1000F894C0917100C270809171008D7F809305
:10BA200071009FBF8091040690910506A0910606C3
:10BA3000B091070680935D0D90935E0DA0935F0D0E
:10BA4000B093600D8091FD059091FE05A091FF05DA
:10BA5000B09100068093A7039093A803A093A90335
:10BA6000B093AA038091E9059091EA05A091EB05B6
:10BA7000B091EC058093700390937103A0937203CF
:10BA8000B09373038091BC03811102C00E94F5DC66
:10BA90001092E8059FB7F894CC2329F080917100AB
:10BAA0008260809371009FBFCF910895813061F1D2
:10BAB00020F0823009F44BC0089517989091090145
:10BAC00081E0292F227091FF80E0861759F0809144
:10BAD0000B016623A9F0826080930B018BE891E053
:10BAE0000197F1F7409A83E090E00197F1F74098D1
:10BAF00080910B01222331F0826080930B01089525
:10BB00008D7FEACF8D7FF9CF1698809109018170E2
:10BB1000861759F090910B01662399F091609093EC
:10BB20000B01EBE8F1E03197F1F7419AE3E0F0E047
:10BB30003197F1F74198882331F080910B018160B2
:10BB4000DCCF9E7FECCF80910B018E7FD6CF1598F6
:10BB50009091090181E0292F247092FF80E06817FD
:10BB600059F090910B016623B1F0946090930B0112
:10BB7000EBE8F1E03197F1F7429AE3E0F0E031973A
:10BB8000F1F74298681709F4BACF80910B0122238C
:10BB900021F08460B2CF9B7FE9CF8B7FAECF8091C5
:10BBA0001F06811125C08091C00087FF3DC0809194
:10BBB000C00084FF03C08091C60008954091C60074
:10BBC0002091550530915605C90101968F77992727
:10BBD00060915705709158058617970729F12B52E8
:10BBE0003B4FF901408390935605809355051CC047
:10BBF0008091C80087FF18C08091C80084FF03C0EF
:10BC00008091CE0008954091CE002091550530914D
:10BC10005605C90101968F77992760915705709154
:10BC2000580568177907D9F6089523E0811121E0B6
:10BC300080E06BE173E04BEC57E03FB7F8949091F4
:10BC400002019460909302013FBFFB013197F1F72D
:10BC50003FB7F894909102019B7F909302013FBF00
:10BC6000FA013197F1F78F5F8213E7CF08958AE0E9
:10BC70002BE831E04FB7F8949091020194609093D3
:10BC800002014FBFF9013197F1F74FB7F894909146
:10BC900002019B7F909302014FBFF9013197F1F7A9
:10BCA000815041F70895862798E027E0382F880FC4
:10BCB00037FD82279150D1F7089581E00E94CC4D45
:10BCC0000F9456429091EC12933609F49FEF89132A
:10BCD0000EC086E40E94C54D0F9456428F3F29F056
:10BCE0008F5C0E94C54D83E008958FE3FACF8F3FAC
:10BCF00089F08F5C0E94C54D8EE30E94C54D8091F6
:10BD0000EC12833649F08F3F39F08F5C0E94C54DAD
:10BD100084E008958FE3EECF8FE3F8CF0F931F9366
:10BD2000CF93DF93EC01CB01BA014A81413029F076
:10BD300088F0423009F14330D1F48B81811125C064
:10BD400082E08A8363E086E496E50E942FB585E071
:10BD50008B830DC0A90198010F94198418163CF427
:10BD600063E0888199810E942FB581E08A83DF9109
:10BD7000CF911F910F9108958B81811106C0888109
:10BD8000998123E02A8363E0E0CF8150E1CF84E210
:10BD900098E40C944C53CF93C82F8EE198E40E9402
:10BDA0004C538C2F0E9433538DE5CF910C94335319
:10BDB000CF93C82F87EE97E40E944C538C2F0E949C
:10BDC00033538DE50E943353CF910C94C7DE86ED3B
:10BDD0009EE00F94688061E0823009F062E086EDB9
:10BDE0009EE00D948C809FB7F894E2E0F1E08081B2
:10BDF000846080839FBF2FEF89E698E121508040C7
:10BE00009040E1F700C000009FB7F89480818B7FDD
:10BE100080839FBF08952F923F924F925F926F92BF
:10BE20007F928F929F92AF92BF92CF92DF92EF92CA
:10BE3000FF920F931F93CF93DF93CDB7DEB7A197F8
:10BE40000FB6F894DEBF0FBECDBF1C0148015901EB
:10BE5000FC01E85BFF4FC080D180E280F3809A0153
:10BE6000AB01C701B6010F94357B0F946E820F941E
:10BE700008838B018D839983A5019401C701B601C5
:10BE80000F94357B0F946E820F940883362F272FE3
:10BE9000A8016D817981483751056105710520F44C
:10BEA00048E750E060E070E0D101D6968D909D901B
:10BEB000AD90BC90D9978F8A988EA98EBA8E48156E
:10BEC00059056A057B0520F44F8B588F698F7A8F4F
:10BED000432F522FBC01483751056105710520F4ED
:10BEE00048E750E060E070E0182D092DA9A2B8A243
:10BEF000481559056A057B0520F4142F052F69A301
:10BF000078A3F101EE5BFF4FC080D180E280F38027
:10BF1000CD82DE82EF82F886CD28CE28CF2841F46C
:10BF2000C12CD12C7601C394CD82DE82EF82F886BB
:10BF30002F89388D498D5A8DB901CA010F94CB8054
:10BF40006D877E878F87988BA5019401C501B40109
:10BF50000F94CB802B013C01212F302F49A158A1F8
:10BF6000612F702FCA010F94CB80698B7A8B8B8BDA
:10BF70009C8BCD80DE80EF80F884CC0CDD1CEE1C29
:10BF8000FF1CC986DA86EB86FC86C301B2016150CC
:10BF9000710981099109CD84DE84EF84F8886C19D8
:10BFA0007D098E099F09C984DA84EB84FC846C0DB9
:10BFB0007D1D8E1D9F1DA70196010F94DB806901D9
:10BFC0007A01C301B20129893A894B895C89621BD4
:10BFD000730B840B950B29853A854B855C850F94F3
:10BFE000DB8029013A01D701C601840D951DA61DEC
:10BFF000B71D8C8F9D8FAE8FBF8FF101E45BFF4F1C
:10C0000090819B8F992309F48DC0612F702F89A196
:10C0100098A10F94F47AF101EC5AFF4F20813181FD
:10C02000428153810F94357B0F9408836D8B7E8BF7
:10C03000D10150962D913D914D915C91539729835B
:10C040003A834B835C838C8D9D8DAE8DBF8D821723
:10C050009307A407B50708F068C029013A01481AF8
:10C06000590A6A0A7B0A9B8D40E080E0992389F097
:10C07000C501B4010F94F47AF101EC5AFF4F20810D
:10C080003181428153810F94357B0F940883462F71
:10C09000872F3FB7F894F101E95BFF4F2081211111
:10C0A00027C0D1015996CD92DD92ED92FC925C971A
:10C0B000C40CD51CE61CF71CF101C58ED68EE78E8C
:10C0C000F0A2CF88C2AED88CD3AEE98CE4AEFA8CA5
:10C0D000F5AEFE9610830183C9A0C282D8A0D38298
:10C0E0007396ED88E082FE88F182329740838183E7
:10C0F0003FBFA1960FB6F894DEBF0FBECDBFDF9154
:10C10000CF911F910F91FF90EF90DF90CF90BF9054
:10C11000AF909F908F907F906F905F904F903F90E7
:10C120002F9008951D8A1E8A83CF2D813E814F81D5
:10C13000588582E0220F331F441F551F8A95D1F77F
:10C1400089819A81AB81BC8181709927AA27BB27FD
:10C150008D839E83AF83B88789809A80AB80BC80B3
:10C16000B694A79497948794CD84DE84EF84F8885E
:10C1700089899A89AB89BC898C159D05AE05BF0557
:10C1800008F46FC06C017D0191E0C91AD108E10883
:10C19000F1088D859E85AF85B889C81AD90AEA0A43
:10C1A000FB0AC701B601620F731F841F951FCD8064
:10C1B000DE80EF80F884CD28CE28CF2841F0C984D6
:10C1C000DA84EB84FC846C0D7D1D8E1D9F1D0F9405
:10C1D000DB8075016401C20ED31EE41EF51E2981A9
:10C1E0003A814B815C812C153D054E055F0510F4AD
:10C1F00069017A012B8D222309F469C0C114D1048D
:10C20000E104F10409F466C04D898E89411451049A
:10C210006104710409F43DCFA701960169857A850F
:10C220008B859C850F94CB802D853E854F855889C5
:10C23000620F731F841F951F0F94F47A0F945E850D
:10C24000F101EC5AFF4F20813181428153810F94DB
:10C25000357B0F940883462F872F412C512C3201B8
:10C2600018CF6D857E858F859889C988DA88EB8897
:10C27000FC886C197D098E099F09CD80DE80EF80D6
:10C28000F884CD28CE28CF2841F0C984DA84EB8405
:10C29000FC846C0D7D1D8E1D9F1D0F94DB80820E16
:10C2A000931EA41EB51E49805A806B807C80841426
:10C2B0009504A604B70410F424013501C980DA807E
:10C2C000EB80FC80C418D508E608F70893CF40E05F
:10C2D00080E0C3CF4D898E89C0CF0F931F93CF933A
:10C2E000DF93EB01142F052F0E94C54DCE010E9454
:10C2F000C14D8AE30E94C54DCE010F94267E9EE07B
:10C30000981B892F0E94CC4D0F931F9386EE95E4C6
:10C310009F938F930E94AF4D0F900F900F900F90AF
:10C32000DF91CF911F910F9108955F934F937F936A
:10C330006F93282F082E000C330B3F938F938BE6BF
:10C3400096E49F938F930E94AF4D2DB73EB7285F21
:10C350003F4F0FB6F8943EBF0FBE2DBF99E0981B1C
:10C36000892F0C94CC4D1F920F920FB60F9211246F
:10C370000BB60F922F933F934F935F936F937F93DF
:10C380008F939F93AF93BF93EF93FF932091D6002A
:10C390008091490D90914A0DE82FF0E0E45BF24F57
:10C3A00020838F5F2091480D821708F080E098135A
:10C3B00017C085E596E50F94517FFF91EF91BF91EE
:10C3C000AF919F918F917F916F915F914F913F912D
:10C3D0002F910F900BBE0F900FBE0F901F901895CE
:10C3E0008093490DEACF1F920F920FB60F9211243E
:10C3F0000BB60F928F939F93EF93FF939FB7F89491
:10C40000E2E0F1E080818B7F80839FBFFF91EF911D
:10C410009F918F910F900BBE0F900FBE0F901F90AA
:10C4200018951F920F920FB60F9211240BB60F9210
:10C430008F939F93EF93FF939FB7F894E2E0F1E01F
:10C440008081846080839FBFFF91EF919F918F9146
:10C450000F900BBE0F900FBE0F901F9018958F92EC
:10C460009F92AF92BF92CF92DF92EF92FF926B01B9
:10C470007C010E940CDA4B015C01C114D104E1047F
:10C48000F104B9F00E940CDA681979098A099B094C
:10C49000683E73408105910580F321E0C21AD108FE
:10C4A000E108F10888EE880E83E0981EA11CB11CFB
:10C4B000E4CFFF90EF90DF90CF90BF90AF909F9030
:10C4C0008F9008952FB7F89460910B0670910C0629
:10C4D00080910D0690910E062FBF0895FF920F9345
:10C4E0001F93CF93DF93FC01F080F11008C0F12C73
:10C4F0008F2DDF91CF911F910F91FF9008958B01A8
:10C50000EC010E9462E289819A81080F191F0817C5
:10C51000190740F06017710718F46817790738F7A2
:10C520001882E6CF60177107C0F7E1CFFC012081C8
:10C5300021110C946EE281E00895CF93DF93EC011A
:10C540000E9462E27A83698381E08883DF91CF91E0
:10C5500008951F93CF93DF9300D0CDB7DEB7182F88
:10C5600019821B821A82CE0101960E949DE280915F
:10C57000BC0087FD0AC06AE070E0CE0101960E940F
:10C580006EE28823A1F382E009C08091B900887F20
:10C59000181759F084E98093BC0081E00F900F9048
:10C5A0000F90DF91CF911F91089580E0F7CF8F9288
:10C5B0009F92AF92BF92CF92DF92EF92FF921F9322
:10C5C000CF93DF93FC01108111110EC010E0812F79
:10C5D000DF91CF911F91FF90EF90DF90CF90BF90B0
:10C5E000AF909F908F9008956A017B01EC010E94AB
:10C5F00062E24B015C0189819A81AB81BC81C80EEA
:10C60000D91EEA1EFB1EC816D906EA06FB0660F014
:10C610008C149D04AE04BF0428F488169906AA065B
:10C62000BB06A0F61882D3CF8C149D04AE04BF04C1
:10C63000A0F7CCCF0F931F93CF938091BB03882398
:10C6400009F446C0809117068F5F8E30B0F4809356
:10C65000170663E087E00E94D64D8DE00E94CC4D26
:10C66000C0E080911706C81758F44EE263E087E0F7
:10C670008C0F0E94F64DCF5FF4CF10921706E9CFD2
:10C680008091BB038230C1F040F440EB55E481302F
:10C69000C1F0CF911F910F910895833081F04DE843
:10C6A00055E48430B1F763E080E00E94EA4D1092D7
:10C6B000BB0310921706EDCF42EA55E4F4CF46E9EA
:10C6C00055E463E080E0CF911F910F910C94EA4D07
:10C6D0008091DA13882361F180916006811128C06E
:10C6E0008091AB03823020F580916504811116C0E2
:10C6F0008091F113882309F435C081EF93E12091F3
:10C70000650D64E1820F911D0E94E94F81112DC0DA
:10C710008091650D8F5F8093650DBBCF40E25EE435
:10C7200060E070E085E694E00E94D7E28111E0CFFE
:10C730008091600681111CC0E0916006EA3008F02B
:10C74000A8CFF0E08827E855FC418F4F0D94788101
:10C75000D0E3E3E3D0E326E459E468E4D0E3D0E3B4
:10C7600081E4D0E38CED93E1CACF1092650D91CFB7
:10C7700080916504882301F30E9462E200916604BF
:10C78000109167042091680430916904601B710B5B
:10C79000820B930B603A7F408105910568F679CF53
:10C7A00063E080914F040E94D64D80914F04C4E114
:10C7B0006C2F681B90E0805B9B4F0E94E94FC81B69
:10C7C000C0934F0466CF8091CE038B30F0F063E0CE
:10C7D00080E00E94D64D84E10E94CC4D4FE755E4A5
:10C7E00063E080E00E94EA4D81E896E50E94C14D39
:10C7F0006091CE036A50770B072E000C880B990BC3
:10C80000CF911F910F910C948F4F833031F487EEAD
:10C8100090E60E9471B9109260068091CE03845018
:10C82000873008F036CF63E080E00E94D64D83E188
:10C830000E94CC4D4EE655E463E080E00E94EA4D54
:10C840008091CE0381508093CE0323CF64E180E5B5
:10C8500094E00E94E94F20911506309116068091D0
:10C86000130690911406821793070CF412CF80914F
:10C87000CE03882309F40DCF63E08AE00E94D64DF1
:10C88000809114068F93809113068F9380911606E2
:10C890008F93809115068F9388E796E59F938F93EA
:10C8A0000E94AF4D0F900F900F900F900F900F9030
:10C8B000F0CE63E080E00E94D64D8091CE031F92BF
:10C8C0008F938AE59EE29F938F938AE696E5E6CF63
:10C8D00040E655E463E080E00E94EA4D8091CE039B
:10C8E000893708F0D6CE87E696E50E94C14D809143
:10C8F000CE030E94854E80E2CF911F910F910C9440
:10C90000854E41E555E4DDCECF93DF93EC010E94E7
:10C9100062E269837A838B839C8381E08883DF91E1
:10C92000CF9108951F920F920FB60F9211242F935B
:10C930003F938F939F93AF93BF9380910B069091FA
:10C940000C06A0910D06B0910E0630910A0623E068
:10C95000230F2D3758F50196A11DB11D20930A060E
:10C9600080930B0690930C06A0930D06B0930E06D1
:10C9700080910F0690911006A0911106B0911206B9
:10C980000196A11DB11D80930F0690931006A093F0
:10C990001106B0931206BF91AF919F918F913F9175
:10C9A0002F910F900FBE0F901F90189526E8230F20
:10C9B0000296A11DB11DD2CFCF9310926112109299
:10C9C000601210925D1210925C12CFB7F8940E9420
:10C9D000F5DC0E9432DA759810922B06CFBFCF910A
:10C9E00008951F93CF93DF93C82F162FD42F8091D4
:10C9F000BC0380FD18C080917612811114C0809113
:10CA00005C1280935B12E62FF0E0EE0FFF1FE05AFE
:10CA1000FD4E8081918190935F1280935E12809190
:10CA20005812809357120E94DCE40E94245183E044
:10CA30000E943151809101018860809301018FEF44
:10CA400080932006809358128091BC0380FF07C01A
:10CA50008091BC03829586958770D817C0F4C37007
:10CA6000CC0FCC0F8091BC03837F8C2B8093BC03B5
:10CA70008091BC0310FB84F98093BC03D295DD0F39
:10CA8000D07E4091BC034F714D2B4093BC038091ED
:10CA9000BC0381608093BC038091BC03826080935F
:10CAA000BC03DF91CF911F9108952F923F924F9237
:10CAB0005F926F927F928F929F92AF92BF92CF922E
:10CAC000DF92EF92FF920F931F93CF93DF93CDB737
:10CAD000DEB72C970FB6F894DEBF0FBECDBF282E61
:10CAE00049835A836B837C83280139013A2C0E9445
:10CAF00062E2022D10E09801220F331F220F331F34
:10CB00003C872B87F901E155FA4F80809180A28004
:10CB1000B380681979098A099B09613D77408105CD
:10CB2000910508F4EAC0332009F475C088E691E065
:10CB30009A87898780E090E0A0EAB0E48D839E83A5
:10CB4000AF83B8870E9462E2EB85FC85E155FA4F1E
:10CB5000608371838283938320E030E0A901C70161
:10CB6000B6010F948582811107C0F801EE0FFF1FF7
:10CB7000E555FA4F11821082AB85BC85AD55BA4F91
:10CB80005D0129813A814B815C816D917D918D910F
:10CB90009C910F948582882309F491C020E030E0B5
:10CBA000A90169817A818B819C810F941984F80194
:10CBB000EF55FA4F1816C4F581E0808389819A8178
:10CBC000AB81BC81F50180839183A283B383EB8524
:10CBD000FC85E756FA4F4082518262827382F801E7
:10CBE000E956FA4F1082A3019201BC01CD010F94C6
:10CBF000198418161CF5F801E956FA4F80818F5FE9
:10CC000080833110C7C08930C8F0812C912CA12CB1
:10CC100050E4B52EE8C0ADE2B0E0BA87A98780E065
:10CC200090E0A0E7B1E48ACF108289819A81AB813C
:10CC3000BC81F50180839183A283B3832D813E81E2
:10CC40004F81588569817A818B819C810F948F8176
:10CC5000A30192010F94858287FF46C0F801EF552A
:10CC6000FA4F8081813049F482E08083F801EE0F31
:10CC7000FF1FE555FA4F1182108220E030E0A90134
:10CC8000C701B6010F9419841816BCF529813A81A1
:10CC90004B815C816D817E818F8198850F9490811D
:10CCA000A30192010F94198418160CF03FC0000FD5
:10CCB000111FF801E555FA4F118210821EC0A30121
:10CCC000920169817A818B819C810F941984181655
:10CCD0000CF0B4CFF801EF55FA4F8081813009F0A4
:10CCE000ADCF89CF108297C020E030E0A901C70105
:10CCF000B6010F9419841816CCF02C960FB6F89440
:10CD0000DEBF0FBECDBFDF91CF911F910F91FF907E
:10CD1000EF90DF90CF90BF90AF909F908F907F90DB
:10CD20006F905F904F903F902F900895F801EF55CE
:10CD3000FA4F8081823008F3000F111FF801E5558A
:10CD4000FA4F80819181019691838083880F991F8A
:10CD5000E985FA85E817F90780F643E0622D832D0F
:10CD60002C960FB6F894DEBF0FBECDBFDF91CF91EA
:10CD70001F910F91FF90EF90DF90CF90BF90AF90F9
:10CD80009F908F907F906F905F904F903F902F90EB
:10CD90000C94F1E4813108F451CF20E030E044EB11
:10CDA00052E4C301B2010F941984812C912CE0E468
:10CDB000AE2EBA2C18162CF4812C912CA12C70E4D8
:10CDC000B72E20E030E042ED52E4C301B2010F94EF
:10CDD0001984181644F46AE9862E69E9962E69E1E9
:10CDE000A62E6FE3B62EEB85FC85E756FA4F208121
:10CDF000318142815381C301B2010F948F81A5011A
:10CE000094010F948582F801EB56FA4F87FF6ACFA1
:10CE100080818F5F8083808190E0311004C006970D
:10CE20004CF080E003C004972CF081E042E0622DDA
:10CE30000E94F1E42B853C8527563A4FD9014D924B
:10CE40005D926D927C921397F801E956FA4F108229
:10CE5000F5CECF9389E29DE00F946880C1E08F3FCB
:10CE600091F420E030E040EF51E460917003709164
:10CE7000710380917203909173030F94198487FF5B
:10CE800004C0C0E002C08111FCCF8C2FCF91089567
:10CE90001F920F920FB60F9211240BB60F92FF92B2
:10CEA0000F931F932F933F934F935F936F937F93B2
:10CEB0008F939F93AF93BF93CF93DF93EF93FF93A2
:10CEC000809170008B7F8093700078948091000136
:10CED00086FDC8C068EC70E085EC95E00E9496E2A3
:10CEE0008823B9F085EC95E00E949DE280EC95E006
:10CEF0000E9484E48091BF058111A5C08091BE0588
:10CF00008111A1C08BEB95E00E949DE281E08093AE
:10CF1000BF058091030182FB882780F991E0892772
:10CF20009091030191FF8260E091B805E817E1F06C
:10CF300024E0E29FF0011124E82BEA5CF94AE49135
:10CF40009091B705E90FE093B7050E2E000CFF0B8B
:10CF5000F7FF03C0F195E195F10934971CF091E0DA
:10CF60009093B9058093B80580916E02811108C035
:10CF7000809108068093CE05882309F487C0759AAE
:10CF800080916E028F70A9F48091200690E024E0D9
:10CF9000959587952A95E1F78093FA03892B09F4F3
:10CFA00077C09FB7F8948091020188608093020156
:10CFB0009FBF9091CE0580916E02981708F47598E6
:10CFC00080916E028F709091FA03981740F49FB78A
:10CFD000F89480910201877F809302019FBF809126
:10CFE0006E028F5F8F7780936E0210E000E0E801A1
:10CFF000CC0FDD1FC659DC4F8881998118161906A0
:10D000000CF04CC0FFB6F89461E0802F0E9456DD12
:10D0100088819981019799838883FFBE0F5F1F4F95
:10D020000330110521F780913A1790913B17A09199
:10D030003C17B0913D17823A924AA105B105D9F14A
:10D0400081E00E94995768EE73E08BEB95E00E94B7
:10D050006EE2882309F45DCF81E08093BE05809362
:10D06000BA0557CF8091BF05882309F452CF10929B
:10D07000BF058091BE05811103C081E080938003CC
:10D0800081E08093B9051092BE0543CF759878CFA3
:10D090009FB7F89480910201877F88CF892B09F48C
:10D0A000BDCFFFB6F89460E0802F0E9456DD8881E6
:10D0B00099810196B0CF96B18091CC05991F99279F
:10D0C000991F981791F09091A103992351F0209105
:10D0D000C8053091C9052F5F3F4F3093C905209394
:10D0E000C80591E089278093CC05F8948091700061
:10D0F000846080937000FF91EF91DF91CF91BF9199
:10D10000AF919F918F917F916F915F914F913F91DF
:10D110002F911F910F91FF900F900BBE0F900FBE9C
:10D120000F901F9018954F925F926F927F92AF92DF
:10D13000BF92CF92DF92EF92FF920F931F93CF9304
:10D14000DF9324E030E041E050E0D901A45ABB4A2B
:10D15000FD0165917491861797070CF080C04150CE
:10D160005109440F551F440F551F8A01025A1B4A8B
:10D17000F801C590D490445A5B4AFA0165917491C4
:10D18000F901E25AFB4AC591D491F8010591149135
:10D19000FD01E590F490FA01A590B490861B970BE1
:10D1A000BC01990F880B990B0F94F67A2B013C0167
:10D1B000BE01601B710B072E000C880B990B0F949E
:10D1C000F67A9B01AC01C301B2010F94357B2B01B0
:10D1D0003C01B7016A197B09072E000C880B990BDB
:10D1E0000F94F67A9B01AC01C301B2010F948F82B8
:10D1F0002B013C01B601DD0C880B990B0F94F67ADC
:10D200009B01AC01C301B2010F9490816B017C01C1
:10D2100020E030E040E252E4C701B6010F941984E7
:10D2200087FD30C020E030E048E452E4C701B60199
:10D230000F948582181634F120E030E040E252E489
:10D24000C701B6010F948F8120E030E040E05FE33A
:10D250000F94357B9B01AC01C701B60143C04F5F02
:10D260005F4F2C5F3F4F243F310509F06ECFEEE456
:10D27000F5E565917491072E000C880B990B0F94BE
:10D28000F67AC4CF20E030E048E452E4C701B601AA
:10D290000F9419841816DCF520E030E048EC52E4D5
:10D2A000C701B6010F94858218168CF120E030E09A
:10D2B00040EA50E4C701B6010F9490812B013C0174
:10D2C00020E030E048E452E4C701B6010F948F81BA
:10D2D0002DEC3CEC4CEC5DE30F94357B9B01AC01F9
:10D2E000C301B2010F9490816B017C01C701B601AB
:10D2F000DF91CF911F910F91FF90EF90DF90CF9032
:10D30000BF90AF907F906F905F904F90089520E016
:10D3100030E048EC52E4C701B6010F9419841816A6
:10D320002CF720E030E040E251E496CF1F920F92BC
:10D330000FB60F9211240BB60F924F925F926F921D
:10D340007F928F929F92AF92BF92CF92DF92EF9295
:10D35000FF920F931F932F933F934F935F936F937E
:10D360007F938F939F93AF93BF93CF93DF93EF936D
:10D37000FF9380910906882309F422C110920906BF
:10D380000E94F660809171008D7F80937100789487
:10D390008091EF059091F0050F94F96B4B015C01C2
:10D3A0008092040690920506A0920606B0920706A7
:10D3B0000091F1051091F205C8010E9493E86B01FC
:10D3C0007C01C092FD05D092FE05E092FF05F0922F
:10D3D00000068091ED059091EE050E9493E8609320
:10D3E000E9057093EA058093EB059093EC0581E0E5
:10D3F0008093E8058091BC038D7F8093BC03C0912E
:10D40000EF05D091F0058091F6039091F7038C170A
:10D410009D072CF040E060E080E00E94F1E4809104
:10D42000F4039091F503801791072CF040E060E041
:10D4300081E00E94F1E46091F8037091F90380911A
:10D44000020690910306681779070CF0DCC0109172
:10D45000FA05111112C06B5F7F4F072E000C880B6D
:10D46000990B0F94F67A9B01AC0111E0C501B40150
:10D470000F94198418160CF010E01093FA0568E95F
:10D480007AE387EF95E00E9496E2811102C01123B2
:10D4900079F081E08093FA058091520290915302D5
:10D4A000C817D9072CF041E060E080E00E94F1E469
:10D4B0008091FB059091FC054F970CF4ABC0C09197
:10D4C000F605C1110CC0C1E020E030E04CE052E4B0
:10D4D000C701B6010F94198418160CF0C0E0C09370
:10D4E000F60560E573EC83EF95E00E9496E281110A
:10D4F00002C0CC2399F081E08093F6052091F105DC
:10D500003091F2058091500290915102281739070D
:10D510002CF041E060E081E00E94F1E460910806B7
:10D5200070E090E080E00F94F47A6B017C01409011
:10D5300004065090050660900606709007066091FC
:10D54000020670910306072E000C880B990B0F94AE
:10D55000F67AAB01BC01A12C9301820181E00E940B
:10D5600055E56091010670E090E080E00F94F47A58
:10D570006B017C014090FD055090FE056090FF0519
:10D58000709000066091FB057091FC05072E000C61
:10D59000880B990B0F94F67AAB01BC01AA24A394D3
:10D5A0009301820180E00E9455E580914102811142
:10D5B0000E9432DAF8948091710082608093710049
:10D5C000FF91EF91DF91CF91BF91AF919F918F919B
:10D5D0007F916F915F914F913F912F911F910F918B
:10D5E000FF90EF90DF90CF90BF90AF909F908F9083
:10D5F0007F906F905F904F900F900BBE0F900FBE7B
:10D600000F901F90189587EF95E00E949DE2109271
:10D61000FA054ECF83EF95E00E949DE21092F60549
:10D620007DCF2091D60D3091D70D4091D80D5091DE
:10D63000D90D60E070E08FE793E40F948F826093E0
:10D6400003047093040480930504909306042091CE
:10D65000E20D3091E30D4091E40D5091E50D60E055
:10D6600070E08FE793E40F948F826093FB037093D5
:10D67000FC038093FD039093FE0308950F931F9383
:10D6800080917603813019F50E9462E200918F0546
:10D69000109190052091910530919205601B710BBE
:10D6A000820B930B28EE33E040E050E00F94DB80D8
:10D6B00060918B0570918C0580918D0590918E0500
:10D6C000620F731F841F951F1F910F910895609122
:10D6D0005A0370915B0380915C0390915D03D6CFF8
:10D6E0001092760310928F0510929005109291057A
:10D6F0001092920510925A0310925B0310925C03F1
:10D7000010925D0310928B0510928C0510928D057E
:10D7100010928E050895809176038130F1F0823069
:10D72000C9F40E943EEB60938B0570938C05809347
:10D730008D0590938E0581E0809376030E9462E2CE
:10D7400060938F0570939005809391059093920557
:10D7500081E008950E9470EBEECF80E00895809103
:10D7600076038150823070F4109276030E9462E258
:10D7700060935A0370935B0380935C0390935D0303
:10D7800081E0089580E008952FEF30E0DC010F94F0
:10D79000888120ED37E040E050E00F945981B901D5
:10D7A0008CE20C9486AE67FD08C0813021F1D8F080
:10D7B000823099F1833009F442C047FD4CC081307A
:10D7C00009F455C008F44DC0823009F456C08330C6
:10D7D00009F041C09FB7442309F45FC0F8948091D9
:10D7E0000801806151C0662321F0A19A47FF39C02A
:10D7F0000895A198FBCF9FB7662351F0F8948091CC
:10D8000008018068809308019FBF47FF30C00895DA
:10D81000F894809108018F77F5CF9FB7662351F078
:10D82000F894809108018064809308019FBF47FFAE
:10D8300024C00895F894809108018F7BF5CF9FB79D
:10D84000662351F0F8948091080188608093080164
:10D850009FBF47FFBFCF0895F89480910801877F4D
:10D86000F5CF442311F0A09A0895A0980895442379
:10D8700011F0A29A0895A29808959FB7442341F009
:10D88000F894809108018062809308019FBF0895F9
:10D89000F894809108018F7DF7CFF894809108016A
:10D8A0008F7EF2CF643081F030F4613049F040E097
:10D8B000623069F00895683049F0603139F00895B8
:10D8C00040E060E00C94D3EB41E0FBCF41E061E04D
:10D8D000F9CFDB0181110EC02FEF30E00F9488816A
:10D8E00020ED37E040E050E00F945981B9018EE21D
:10D8F0000C9486AE813069F42FEF30E00F9488816C
:10D9000020ED37E040E050E00F945981B9018DE2FD
:10D91000EFCF823019F4CB010C94C4EB08958FEF54
:10D920009FE00F9468808093A60390910A0198600D
:10D9300090930A0190910A01906190930A0190914D
:10D940000A01906290930A01882321F08091630D6F
:10D95000882359F18CE192E09093600280935F02FA
:10D960008EE393E0909362028093610284EF91E0F2
:10D97000909364028093630260915F0270916002F1
:10D9800080E00E9469EC6EE373E081E00E9469EC44
:10D9900080916302909164020E94C4EB8091210106
:10D9A000887F81608093210108958EE091E09093BB
:10D9B000600280935F028EE393E090936202809313
:10D9C000610282EC91E0D4CF2FB7F89494E0899F64
:10D9D000F0011124E15BF94F6081718182819381B3
:10D9E0002FBF0895CF93C82F0E94E4EC0F94F67ACE
:10D9F00024E0C29FF0011124E259F24F20813181CD
:10DA0000428153810F948F82CF9108959091410D5F
:10DA10008091420D981729F090E080E00E944E5FBF
:10DA2000F5CF0895B19A109285001092840080ED90
:10DA300097E0909389008093880010923A041092A6
:10DA40003904809137049091380401978E3F9F4F9D
:10DA500020F4109238041092370408951F920F9208
:10DA60000FB60F9211240BB60F924F925F926F92E6
:10DA70007F928F92CF92DF92EF92FF921F932F931C
:10DA80003F934F935F936F937F938F939F93AF9346
:10DA9000BF93CF93DF93EF93FF93809137049091DF
:10DAA00038049C01215031092E3F3F4F90F42091C2
:10DAB0008800309189002817390708F0F9C02091B3
:10DAC000880030918900821B930B909338048093D7
:10DAD0003704209188003091890080913904909119
:10DAE0003A042817390708F0E8C0209188003091DF
:10DAF0008900821B930B90933A04809339048091A0
:10DB0000390490913A04892B11F00C9419F6E091A4
:10DB10005412F0915512309709F082C19091410D45
:10DB20008091420D981709F435C3C091420D2C2FF6
:10DB300030E05EE6C59FE0011124CF59D94FFE01C8
:10DB4000E95BFF4F41E04083D0935512C0935412DC
:10DB5000209709F41FC31092870510928805109230
:10DB6000890510928A05109286058AAD9BAD909327
:10DB70008505809384058134ACE99A0708F0A2C03A
:10DB80008132BEE49B0708F4A0C0969587959695D0
:10DB9000879544E04093830580978115F8E09F07BF
:10DBA00008F4A4C0E92FFF27EE0FFF1FEE0FFF1FA1
:10DBB000AF014A56514BFA013296A591B491FA0140
:10DBC00045915491B89FB001A89F000C611D11248C
:10DBD000711D461B570BCA014436510510F484E6EB
:10DBE00090E0B0E0A0E080937F0590938005A09343
:10DBF0008105B09382054EE6429FC001439F900D80
:10DC000011248F59994FFC01E45BFF4F408144235D
:10DC100049F0815B9F4FDC018D919C9190937E0533
:10DC200080937D0510927C058FEF9FEF90933804D1
:10DC30008093370480937B058EE6829FF001839F5B
:10DC4000F00D1124EF59F94F85A984FF08C01092F7
:10DC50005B0610925C0610925D0610925E0683FFD2
:10DC600061C08EE6829FF001839FF00D1124EF5971
:10DC7000F94F80899189969587959195819591091C
:10DC800090936C0580936B059093700580936F055E
:10DC9000909374058093730590937805809377052E
:10DCA00081E024853585232B09F07DC080E07BC091
:10DCB00010923804109237040CCF10923A0410924C
:10DCC00039041DCF80E49CE960CF8131E7E29E07F3
:10DCD00020F09695879542E05DCF40938305803292
:10DCE000910508F059CF80E290E056CFBC017695BF
:10DCF00067956C7F6A56754BFB0145915491FB010A
:10DD00003296A591B491877099278A9FB0018B9F15
:10DD1000700D9A9F700D1124E3E076956795EA9552
:10DD2000E1F757CF8EE6829FF001839FF00D11241B
:10DD3000EF59F94F80899189A289B389B695A79542
:10DD400097958795B095A095909581959F4FAF4FEA
:10DD5000BF4F80936B0590936C05A0936D05B093B6
:10DD60006E0580936F0590937005A0937105B09335
:10DD700072058093730590937405A0937505B09315
:10DD800076058093770590937805A0937905B093F5
:10DD90007A0581E04485558566857785452B462B38
:10DDA000472B09F483CF80936A0510926605109281
:10DDB00067051092680510926905888D8093650546
:10DDC00080FFD1C180910B018D7F80930B018FEF7C
:10DDD00080935B028091650581FFCCC180910B012E
:10DDE0008E7F80930B018FEF80935C02809165059D
:10DDF00082FFC7C180910B018B7F80930B018FEF56
:10DE000080935D028091650583FFC2C18FEF80938F
:10DE10005E02E0915412F0915512309709F409C74F
:10DE20008091770250916205882309F46CC020919B
:10DE3000490480916405909163053091650530FF38
:10DE40001DC01E9BC6C18160492F41704823B1F09F
:10DE5000C080D180E280F3801C141D041E041F04C6
:10DE60006CF42160C088D188E288F388C09266058E
:10DE7000D0926705E0926805F092690531FF1DC0F8
:10DE80001D9BA9C18260492F42704823B1F0C48014
:10DE9000D580E680F7801C141D041E041F046CF45A
:10DEA0002260C088D188E288F388C0926605D0924B
:10DEB0006705E0926805F092690532FF90C1511143
:10DEC0001CC01C9B8AC1846094709823B1F0C084EC
:10DED000D184E284F3841C141D041E041F046CF41A
:10DEE0002460C088D188E288F388C0926605D09209
:10DEF0006705E0926805F092690580936405809358
:10DF00006305209349045523F9F020914904809139
:10DF10006405909163051C9B69C18460947098238B
:10DF200069F024604089518962897389409366054C
:10DF30005093670560936805709369058093640545
:10DF4000809363052093490485A9C0E083FF50C1F5
:10DF500080918305C81708F0BDC20E94CFDDE09113
:10DF60005412F09155128081918120916B0530916E
:10DF70006C05820F931F90936C0580936B051816A8
:10DF800019066CF5409AE0915412F0915512809167
:10DF90006B0590916C0520893189821B930B9093BE
:10DFA0006C0580936B0590915B0240914F065091F8
:10DFB00050066091510670915206892F990F990B66
:10DFC000AA0BBB0B840F951FA61FB71F80934F068C
:10DFD00090935006A0935106B09352064098E0915A
:10DFE0005412F09155128481958120916F053091E2
:10DFF0007005820F931F9093700580936F0518161C
:10E0000019064CF5419AE0915412F091551220896D
:10E010003189821B930B9093700580936F059091CB
:10E020005C024091530650915406609155067091E0
:10E030005606892F990F990BAA0BBB0B840F951FBE
:10E04000A61FB71F8093530690935406A0935506BE
:10E05000B09356064198E0915412F0915512808584
:10E0600091852091730530917405820F931F9093D1
:10E07000740580937305181619064CF5429AE091C1
:10E080005412F091551220893189821B930B909381
:10E0900074058093730590915D02409157065091ED
:10E0A00058066091590670915A06892F990F990B5D
:10E0B000AA0BBB0B840F951FA61FB71F8093570693
:10E0C00090935806A0935906B0935A064298E0914F
:10E0D0005412F0915512809177059091780524851E
:10E0E0003585820F931F909378058093770520895B
:10E0F00031891816190644F5821B930B9093780505
:10E100008093770590915E0240915B0650915C068A
:10E1100060915D0670915E06892F990F990BAA0B8D
:10E12000BB0B840F951FA61FB71F80935B069093B0
:10E130005C06A0935D06B0935E0690915E028091AE
:10E140007C05890F80937C05809166059091670519
:10E15000019690936705809366058217930708F0F0
:10E16000B9C1CF5FF5CE80910B01826080930B0126
:10E1700081E02ECE80910B01816080930B0181E0C4
:10E1800033CE80910B01846080930B0181E038CE07
:10E1900081E03DCE80ED97E090933A04809339047E
:10E1A00090933604809335048FEF9FEF909338045B
:10E1B0008093370410927C0580913304909134044D
:10E1C000009709F426CE019790933404809333048A
:10E1D00020CE8E7F39CE8D7F56CE8B7F75CE019926
:10E1E00003C08064907471CE8F7BFCCF8B7F96CE02
:10E1F00080918305C81708F06DC10E94CFDDE091C2
:10E200005412F091551280819181A281B381409185
:10E210006B0550916C0560916D0570916E05840FD2
:10E22000951FA61FB71F80936B0590936C05A09355
:10E230006D05B0936E05181619061A061B06CCF567
:10E24000409AE0915412F091551280916B05909193
:10E250006C05A0916D05B0916E0540895189628968
:10E260007389841B950BA60BB70B80936B0590935A
:10E270006C05A0936D05B0936E0590915B02409183
:10E280004F06509150066091510670915206892FA9
:10E29000990F990BAA0BBB0B840F951FA61FB71FD5
:10E2A00080934F0690935006A0935106B093520668
:10E2B0004098E0915412F091551284819581A68185
:10E2C000B78140916F055091700560917105709113
:10E2D0007205840F951FA61FB71F80936F0590933B
:10E2E0007005A0937105B0937205181619061A06E9
:10E2F0001B068CF5419AE0915412F0915512408919
:10E30000518962897389841B950BA60BB70B809387
:10E310006F0590937005A0937105B093720590916D
:10E320005C024091530650915406609155067091DD
:10E330005606892F990F990BAA0BBB0B840F951FBB
:10E34000A61FB71F8093530690935406A0935506BB
:10E35000B09356064198E0915412F0915512808581
:10E360009185A285B38540917305509174056091A4
:10E37000750570917605840F951FA61FB71F8093B2
:10E38000730590937405A0937505B09376051816E0
:10E3900019061A061B068CF5429AE0915412F09168
:10E3A00055124089518962897389841B950BA60B8C
:10E3B000B70B8093730590937405A0937505B09384
:10E3C000760590915D0240915706509158066091F4
:10E3D000590670915A06892F990F990BAA0BBB0BFE
:10E3E000840F951FA61FB71F80935706909358065A
:10E3F000A0935906B0935A064298E0915412F091B6
:10E4000055128091770590917805A0917905B0918A
:10E410007A054485558566857785840F951FA61FE7
:10E42000B71F8093770590937805A0937905B093F3
:10E430007A054089518962897389181619061A0666
:10E440001B0674F5841B950BA60BB70B8093770501
:10E4500090937805A0937905B0937A0590915E0228
:10E46000C0905B06D0905C06E0905D06F0905E0682
:10E47000892F990F990BAA0BBB0B8C0D9D1DAE1DFF
:10E48000BF1D80935B0690935C06A0935D06B093DE
:10E490005E0690915E0280917C05890F80937C05D9
:10E4A0008091660590916705A0916805B091690516
:10E4B0000196A11DB11D8093660590936705A093F9
:10E4C0006805B093690584179507A607B70710F488
:10E4D000CF5F8ECE80917C05882339F087FFF2C014
:10E4E00080910B01806480930B01409166055091EF
:10E4F00067056091680570916905C0915412D091CB
:10E500005512898D9A8DAB8DBC8D84179507A60702
:10E51000B70708F437C1C0907F05D0908005E09020
:10E520008105F09082052C893D894E89AA27C39EDA
:10E53000B12DD49EC001E49E900DE39E800D911DEF
:10E54000C49EB00D811D9A1FD39EB00D811D9A1FD0
:10E55000E29EB00D811D9A1FD29EB10D8A1F9A1F97
:10E56000BB0F8A1F9A1F11242AAD3BAD820F931F48
:10E5700090938505809384052EA93FA92817390714
:10E5800020F4309385052093840580918405909133
:10E5900085058134BCE99B0708F098C08132EEE420
:10E5A0009E0708F496C0969587959695879524E0E2
:10E5B000209383058097811528E0920708F49BC07B
:10E5C000E92FFF27EE0FFF1FEE0FFF1F9F012A56B7
:10E5D000314BF901329645915491F90125913491CD
:10E5E000589FB001489F000C611D1124711D261B0E
:10E5F000370BC9012436310510F484E690E090937E
:10E600003A04809339049093360480933504C80EFD
:10E61000D91EE11CF11CC0927F05D0928005E092CA
:10E620008105F0928205FE01E45BFF4F808181113C
:10E6300080C080E080FF16C09FEF90937B05E09143
:10E640003304F091340420917D0530917E05E2176A
:10E65000F30709F027C28FEF9FEF90933804809360
:10E66000370480E080FD07C0809137049091380422
:10E67000019609F4B7C2E0913504F0913604809117
:10E680005C0590915D05A0915E05B0915F052C0140
:10E690003D014E0E5F1E611C711C9E01235B3F4FAE
:10E6A000D901CD90DC90F12CE12C60E04C145D049C
:10E6B0006E047F0408F426C26F5F4C185D086E0874
:10E6C0007F08F4CF80910B018F7B0DCF80E49CE914
:10E6D0006ACF8131F7E29F0720F09695879522E077
:10E6E00067CF21E0209383058032910508F062CF47
:10E6F00080E290E05FCFAC01569547954C7F4A563B
:10E70000554BFA0125913491FA0132966591749135
:10E7100087709927869FA001879F500D969F500D67
:10E72000112473E0569547957A95E1F7241B350B34
:10E7300060CF4091660550916705609168057091C2
:10E7400069058091830590E0B0E0A0E0841795070B
:10E75000A607B70708F46DCF80916A05811102C042
:10E7600083E068CF809133049091340420917D053B
:10E7700030917E052817390798F790937E0580938E
:10E780007D05EECF8091660590916705A0916805A3
:10E79000B09169054D8D5E8D6F8D78A14817590731
:10E7A0006A077B0708F0E3C0C0908705D090880512
:10E7B000E0908905F0908A056C887D888E88AA276C
:10E7C000C79CB12DD89CF001E89CF00DE79CE00DB2
:10E7D000F11DC89CB00DE11DFA1FD79CB00DE11DC5
:10E7E000FA1FE69CB00DE11DFA1FD69CB10DEA1F81
:10E7F000FA1FBB0FEA1FFA1F1124209184053091E4
:10E8000085058EAD9FAD2E173F0730F02E1B3F0BB9
:10E810008217930708F4C9018134ACE99A0708F01C
:10E8200075C08132BEE49B0708F473C09695879546
:10E830009695879524E02093830580978115F8E0CD
:10E840009F0708F478C0E92FFF27EE0FFF1FEE0F98
:10E85000FF1F9F012A56314BF9013296A591B491C1
:10E86000F90125913491B89FF001A89F000CE11D9A
:10E870001124F11D2E1B3F0BC9012436310510F464
:10E8800084E690E090933A048093390490933604A0
:10E8900080933504C80ED91EE11CF11CC092870577
:10E8A000D0928805E0928905F0928A05FE01E45B2A
:10E8B000FF4F8081882309F4BCCE8091660590913A
:10E8C0006705A0916805B091690520918305420F05
:10E8D000511D611D711D481759076A077B0708F410
:10E8E000A8CE35962081318130937E0520937D0519
:10E8F00080916A05882309F433CF80913304909185
:10E9000034048217930708F02BCF37CF80E49CE9BB
:10E910008DCF8131E7E29E0720F09695879522E022
:10E920008ACF21E0209383058032910508F085CFBE
:10E9300080E290E082CFDC01B695A795AC7FAA5625
:10E94000B54BFD0125913491FD013296A591B4910D
:10E95000877099278A9FF0018B9FF00D9A9FF00D89
:10E960001124A3E0F695E795AA95E1F783CF80916E
:10E970008605882371F080E0209160053091610563
:10E9800030933A04209339043093360420933504AD
:10E9900051CE8EA99FA981342CE9920708F04EC070
:10E9A00081324EE4940708F44CC09695879596956D
:10E9B000879524E02093830580978115A8E09A0726
:10E9C00008F451C0E92FFF27EE0FFF1FEE0FFF1FC6
:10E9D0009F012A56314BF901329665917491F901E4
:10E9E00025913491789FA001689F000C411D11244E
:10E9F000511DC901841B950B8436910510F484E6E2
:10EA000090E09093610580936005809183058093E9
:10EA10008605FE01E45BFF4F8081882309F4ABCFBC
:10EA200080916A05882341F08091330490913404E9
:10EA300090937E0580937D0581E09ECF80E49CE9E4
:10EA4000B4CF813157E2950720F09695879522E063
:10EA5000B1CF21E0209383058032910508F0ACCF3F
:10EA600080E290E0A9CF9C01369527952C7F2A560D
:10EA7000354BF90145915491F901329665917491A4
:10EA800087709927869F9001879F300D969F300D44
:10EA90001124A3E036952795AA95E1F7CA01821BB8
:10EAA000930BAACFDE01A35BBF4F4D915C911197F1
:10EAB00070E060E040935C0550935D0560935E05F7
:10EAC00070935F0516969C9190935B05982F9270BA
:10EAD00009F4C8CD90916A05992309F4C3CD2E1786
:10EAE0003F0708F0BFCD440F551F661F771F4093A7
:10EAF0005C0550935D0560935E0570935F05109211
:10EB00007B05B0CD40925C0550925D0560925E053C
:10EB100070925F0561111DC0F0935A05E09359058D
:10EB2000F0933804E093370480917B0587FD5AC049
:10EB30008091830510915B05C35BDF4F288139818C
:10EB4000811335C081E02E173F0708F449C080E0EB
:10EB500047C0643028F56F5F6330A9F06695AF0158
:10EB600002C0569547956A95E2F7BA0170935A0527
:10EB7000609359058091590590915A0590933804F6
:10EB800080933704D1CF9F01ABEABAEA0F94088192
:10EB900041E196958795779567954A95D1F7E6CFA8
:10EBA00070E06F5F7F4FCF010F943181DFCF8330F3
:10EBB00009F4A2C08695A90102C0569547958A9589
:10EBC000E2F7133009F4A6C01695BF0102C076958E
:10EBD00067951A95E2F781E04617570708F0B7CF17
:10EBE00080937B050E94CFDD4091660550916705BB
:10EBF0006091680570916905E0915412F091551289
:10EC000080899189A289B389481759076A077B07C8
:10EC100080F010925512109254129091410D8091F3
:10EC2000420D981731F08091420D8F5F8F70809365
:10EC3000420D60913704709138046115710509F037
:10EC400046C0409133045091340420917D053091A9
:10EC50007E0580917C052417350708F06CC09091E3
:10EC60005B05913041F0421B530B9417150619F0C8
:10EC700010F040935B0590915B05891B80937C05A8
:10EC8000882339F087FF53C080910B018064809303
:10EC90000B0120915B058091330490913404821B19
:10ECA000910990933404809333042091330430917C
:10ECB000340480917D0590917E052817390709F06D
:10ECC00066C08FEF9FEF9093380480933704409194
:10ECD0007C05411161C080913704909138042091E6
:10ECE000390430913A048F3F980709F098C0309367
:10ECF0008900209388009EC0ABEABAEA0F9408818D
:10ED0000AB01BC0131E176956795579547953A95EA
:10ED1000D1F757CF9F01ABEABAEA0F94088121E1FE
:10ED200096958795779567952A95D1F754CF8091D9
:10ED30000B018F7BACCF4217530708F0B6CF9091F1
:10ED40005B05913041F0241B350B9217130619F027
:10ED500010F020935B0590915B05890F80937C05F3
:10ED6000882339F087FF0FC080910B018064809366
:10ED70000B0180915B052091330430913404820FA4
:10ED8000932F911D8ECF80910B018F7BF0CF8091BF
:10ED9000590590915A0597CF80917B0587FD0EC04C
:10EDA000082E000C990B21E030E06115710511F07F
:10EDB00030E020E08217930709F08DCF20915B05AA
:10EDC000672B11F020918305842F042E000C990BE2
:10EDD00097FF03C091958195910930E02817390775
:10EDE0000CF4C90147FF17C061E04FEF5FEF439A92
:10EDF00090917C05960F90937C0543982091051780
:10EE000030910617240F351F3093061720930517EE
:10EE1000815069F760CF6FEF41E050E0E8CFAC017F
:10EE2000485D5F4F4217530708F061CF9093890008
:10EE3000809388002091880030918900809184001F
:10EE40009091850040962817390748F480918400F6
:10EE50009091850040969093890080938800FF915F
:10EE6000EF91DF91CF91BF91AF919F918F917F9162
:10EE70006F915F914F913F912F911F91FF90EF9074
:10EE8000DF90CF908F907F906F905F904F900F901A
:10EE90000BBE0F900FBE0F901F90189590916205BA
:10EEA000809362052FB7F894809149048B7F8093FB
:10EEB00049042FBF892F0895809149042FB7F894F2
:10EEC000909149049B7F909349042FBF82FB882730
:10EED00080F90895909149041092490481E09111BC
:10EEE00001C080E00895909132049130A1F028F0A3
:10EEF0009230A9F09330C1F00895811102C00C94B2
:10EF000037DE823011F40C94F3DE853009F04DC009
:10EF100080E00C9415DE882391F38230A1F38530D4
:10EF200009F043C081E0F5CF882349F3823059F3DB
:10EF3000853071F38630E1F485E027E231E04FB7A8
:10EF4000F894909102019460909302014FBFF901EF
:10EF50003197F1F74FB7F894909102019B7F90930E
:10EF600002014FBFF9013197F1F7815041F7089540
:10EF70008730D9F484E123E731E04FB7F8949091DA
:10EF800002019460909302014FBFF9013197F1F7AC
:10EF90004FB7F894909102019B7F909302014FBF6D
:10EFA000F9013197F1F7815041F70895CF92DF923F
:10EFB000EF92FF92411104C0209132042230D1F02F
:10EFC0009B016C01F12CE12C672BC9F49FB7F894DD
:10EFD000809102018460809302019FBFC701B60146
:10EFE0000E942FE29FB7F894809102018B7F80935B
:10EFF00002019FBFFF90EF90DF90CF900895220F06
:10F00000331F50E040E060E074E284EF90E00F9442
:10F01000598191E02115310581E04807510544F0FF
:10F0200086E056954795379527958A95D1F793E0D1
:10F03000215031094FB7F8948091A100887F892B26
:10F040008093A1006091AC007091AD00269FC0013B
:10F05000279F900D369F900D1124509172006FEFF5
:10F0600070E051FF04C06091A8007091A9000F9456
:10F0700031817093AD006093AC003093A900209370
:10F08000A800809172008360809372004FBFC70117
:10F09000B6010E942FE22FB7F8948091A100887FDB
:10F0A00085608093A1004091AC005091AD003FEF8E
:10F0B000349FC001359F900D1124309172006FEF85
:10F0C00070E031FF04C06091A8007091A9000F9416
:10F0D00031817093AD006093AC008FEF90E090931E
:10F0E000A9008093A800809172008C7F80937200A9
:10F0F0002FBF78CFCF93C0913204C23059F1C130C5
:10F1000069F48091D404811125C040E070E060E092
:10F1100080E590E00E94D6F7C093D40460ED77E0DC
:10F1200081ED94E00E9496E28823A1F081ED94E0C5
:10F130000E949DE280913204811108C040E070E09D
:10F1400060E080E590E0CF910C94D6F780E0CF911D
:10F150000C9473F7CF91089598B1907F892B88B95B
:10F16000000098B9000008958230B9F08330E9F0CA
:10F17000813059F080910B01611105C0826080934C
:10F180000B01000008958D7FFACF80910B01611172
:10F1900002C08160F4CF8E7FF2CF80910B016111AC
:10F1A00002C08460ECCF8B7FEACF80910B0161308D
:10F1B00011F48064E4CF8F7BE2CF8EBD0DB407FEE7
:10F1C000FDCF08958FEF8EBD0DB407FEFDCF8EB538
:10F1D00008958F929F92AF92BF92EF92FF920F93FA
:10F1E0001F93CF937C01C62F49015A01FC019181E5
:10F1F000892F806A86958CBD90FD03C081E0963092
:10F2000009F480E08DBD28988CE291E00F948D4246
:10F210008C2F80640E94DDF808E110E0D501C40164
:10F22000002E04C0B695A795979587950A94D2F7B6
:10F230000E94DDF808501109083FFFEF1F0771F722
:10F2400085E9CC2321F087E8C83009F08FEF0E94D0
:10F25000DDF8CC3011F40E94E2F8C0E00E94E2F840
:10F26000F701828387FF04C0CF3F11F0CF5FF6CF55
:10F27000CF911F910F91FF90EF90BF90AF909F9013
:10F280008F9008950F931F93CF93DF93EC01890123
:10F290008B81833039F089E0440F551F661F771F3B
:10F2A0008A95D1F79A01AB0168E1CE010E94E9F895
:10F2B000882319F086E0888339C08EEF8EBDF8016F
:10F2C000C8019E5F0DB407FEFDCF20812EBD0DB499
:10F2D00007FEFDCF21812EBD3296E817F90791F781
:10F2E0000DB407FEFDCF8FEF0E94DDF88FEF0E9477
:10F2F000DDF80E94E2F88A838F71853099F488E501
:10F3000092E00F948D42182F87E11123A1F220E0A3
:10F3100030E0A9016DE0CE010E94E9F8882351F0A8
:10F3200086E1C9CF83E188830F948B420F948B428F
:10F3300010E006C00E94E2F88111F2CF0F948B42D8
:10F34000812FDF91CF911F910F910895CF938091DD
:10F35000450EC1E08823A1F040913D0E50913E0E34
:10F3600060913F0E7091400E29E43EE08091460E80
:10F370009091470E0E9442F9C82F811104C0C0E04D
:10F380008C2FCF9108954091410E5091420E609183
:10F39000430E7091440E411551056105710591F0C0
:10F3A00029E43EE08091460E9091470E0E9442F97A
:10F3B000882329F31092410E1092420E1092430EB0
:10F3C0001092440E1092450EDBCF2F923F924F9237
:10F3D0005F926F927F928F929F92AF92BF92CF92E5
:10F3E000DF92EF92FF920F931F93CF93DF93EC0185
:10F3F0002A013B0169018B81833039F069E0440CBB
:10F40000551C661C771C6A95D1F743E0942E560173
:10F4100081E0A81A8EEFB80A1601EEEF3E1A54E00A
:10F42000852E9A94A301920161E1CE010E94E9F830
:10F43000882379F08882992009F47AC00F948B424E
:10F4400020E030E0A9016CE0CE010E94E9F81882CA
:10F45000E8CF0E9462E28B010E94E2F88A838F3F2C
:10F4600091F40E9462E2601B710B6D327140A0F357
:10F4700081E188830F948B428C818823E1F28FEFA6
:10F480000E94DDF8D8CF8E3F11F08FE0F2CF8FEFE2
:10F490008EBDD601F6010DB407FEFDCF9EB591934A
:10F4A0008EBDEA15FB05B9F70DB407FEFDCF8EB58D
:10F4B000F5018083F12CE12C8D91EF2DFF27E827BA
:10F4C000EE0FFF1FE357F74B85919491FE2CEE242E
:10F4D000E826F9262A163B0679F70E94E2F8082F5B
:10F4E00010E0102F00270E94E2F8082B0E151F05D0
:10F4F00019F0F0E2F883BECF0F948B42CC81CC237D
:10F50000D9F08FEF0E94DDF88C2FDF91CF911F9102
:10F510000F91FF90EF90DF90CF90BF90AF909F90B2
:10F520008F907F906F905F904F903F902F900895B5
:10F530000F948B42C0E0E8CFC1E0E6CFCF92DF92DC
:10F54000EF92FF92CF936B017C01C42F80913D0E0F
:10F5500090913E0EA0913F0EB091400E8C159D05EE
:10F56000AE05BF0501F10E94A6F9811108C0C0E0F7
:10F570008C2FCF91FF90EF90DF90CF90089529E4EA
:10F580003EE0B701A6018091460E9091470E0E9481
:10F59000E5F9882361F3C0923D0ED0923E0EE092D1
:10F5A0003F0EF092400ECC2321F081E08093450E77
:10F5B000DFCFC1E0DDCF4F925F926F927F928F924B
:10F5C0009F92AF92BF92CF92DF92EF92FF920F93F2
:10F5D0001F93CF93DF93EC01423051056105710514
:10F5E00090F480E0DF91CF911F910F91FF90EF9009
:10F5F000DF90CF90BF90AF909F908F907F906F9053
:10F600005F904F90089589859A85AB85BC8501965A
:10F61000A11DB11D84179507A607B70710F38F89A1
:10F620008031C9F5852E962EA72EBB248B899C8907
:10F63000AD89BE89880E991EAA1EBB1E28013901FC
:10F640006A017B0141E0C501B4010E949EFA882352
:10F6500041F29F89903181F5DD24EE24FF24F601EB
:10F66000EE0FFF1FE75BF14F118300839A89923001
:10F6700008F4B8CF4D815E816F817885840E951E28
:10F68000A61EB71E8092410E9092420EA092430E8B
:10F69000B092440EA7CF803209F0A3CF8B899C890A
:10F6A000AD89BE894A015B01E7E0B694A7949794BF
:10F6B0008794EA95D1F7BECFE894C7F8DD24EE240D
:10F6C000FF24F601EE0FFF1FEE0FFF1FE75BF14F68
:10F6D0004082518262827382C9CFCF92DF92EF92D1
:10F6E000FF920F931F93CF93DF93FC018185928547
:10F6F000A385B4850196A11DB11D84179507A607A2
:10F70000B70750F480E0DF91CF911F910F91FF90E8
:10F71000EF90DF90CF90089587898031A9F5BB27BE
:10F72000A72F962F852FC388D488E588F6888C0D5F
:10F730009D1DAE1DBF1DE9016A017B018F01409136
:10F740003D0E50913E0E60913F0E7091400E841719
:10F750009507A607B70749F5F8018789803169F54C
:10F76000B701A601552766277727440F551F475B2A
:10F77000514FFA0180819181B0E0A0E088839983A4
:10F78000AA83BB8381E0BFCF803209F0BBCFC3889F
:10F79000D488E588F688DB01CA01C7E0B695A7954D
:10F7A00097958795CA95D1F7C2CF40E0BC01CD01AE
:10F7B0000E949EFA8111D0CFA5CFB701A6014F7745
:10F7C000552766277727440F551F440F551F475B62
:10F7D000514FFA0180819181A281B381BF70CECF58
:10F7E0004F925F926F927F92AF92BF92CF92DF92D1
:10F7F000EF92FF920F931F93CF93DF9300D01F924E
:10F80000CDB7DEB78C0149835A836B837C83590162
:10F81000C12CD12C7601412C82E0582E612C712C08
:10F8200049815A816B817C819E012F5F3F4FC801C6
:10F830000E946DFB882319F1F8018585A3019201CF
:10F8400004C0220F331F441F551F8A95D2F7DA01D7
:10F85000C901C80ED91EEA1EFB1E49815A816B815F
:10F860007C8187898031F1F481E0483F5F4F6105F9
:10F870007105B0F2F501C082D182E282F3820F906D
:10F880000F900F900F90DF91CF911F910F91FF90EC
:10F89000EF90DF90CF90BF90AF907F906F905F9090
:10F8A0004F90089581E0483F5F4F6F4F7F4008F4CD
:10F8B000B7CFE0CF0F931F93CF93DF93FC0123814A
:10F8C000222331F080E0DF91CF911F910F910895B5
:10F8D0008B01EC01FB018789803139F582E08B8354
:10F8E0001D8A1E8A1F8A188E808D918DB0E0A0E03F
:10F8F00025E0880F991FAA1FBB1F2A95D1F7898B76
:10F900009A8BAB8BBC8B1A8F098F81E089831C8209
:10F910001D821E821F82188619861A861B861C86E7
:10F920001D861E861F86188ACECF803259F683E048
:10F930008B83428D538D648D758D4D8B5E8B6F8B5C
:10F94000788F9E012F5E3F4FC8010E94F0FB81110E
:10F95000DACFB8CFCF92DF92EF92FF921F93CF937F
:10F96000DF93EC01EB81E11109C080E0DF91CF91E1
:10F970001F91FF90EF90DF90CF900895898180FFD5
:10F98000F4CF488559856A857B859A0131703AA301
:10F9900029A3898D9A8D6A017B01F9E0F694E79499
:10F9A000D794C794FA95D1F7E23079F4FC01828DAF
:10F9B000938DA48DB58D8C0D9D1DAE1DBF1D8D8F9E
:10F9C0009E8FAF8FB8A381E0D1CFFC01148111507D
:10F9D0001C21232B71F411110CC0452B462B472BF6
:10F9E00031F58D899E89AF89B88D8C839D83AE83D7
:10F9F000BF83E98DFA8D8C819D81AE81BF81029795
:10FA0000A109B109258504C0880F991FAA1FBB1F32
:10FA10002A95D2F74685578560897189840F951F8D
:10FA2000A61FB71F810F911DA11DB11DC8CF4C810D
:10FA30005D816E817F819E012C5F3F4F0E946DFB37
:10FA40008111D7CF92CF8F929F92AF92BF92CF92D8
:10FA5000DF92EF92FF920F931F93CF93DF93EC010E
:10FA60008B8181110EC080E0DF91CF911F910F91AA
:10FA7000FF90EF90DF90CF90BF90AF909F908F90CE
:10FA8000089509891A892B893C89041715072607C7
:10FA9000370748F34A015B01823031F48886998642
:10FAA000AA86BB8681E0E0CF81149104A104B10451
:10FAB00049F41C821D821E821F82188619861A86AE
:10FAC0001B86F0CF088519852A853B85E98DFA8D3F
:10FAD000858590E00996B901A80141505109610955
:10FAE0007109082E04C076956795579547950A9435
:10FAF000D2F775016401E1E0CE1AD108E108F108FE
:10FB000004C0F694E794D794C7948A95D2F7C416A4
:10FB1000D506E606F70620F0012B022B032B11F584
:10FB20008D899E89AF89B88D8C839D83AE83BF8379
:10FB30008E010C5F1F4FC114D104E104F10409F4DC
:10FB4000ADCF4C815D816E817F819801898D9A8DC9
:10FB50000E946DFB91E0C91AD108E108F1088111FA
:10FB6000EACF81CFC41AD50AE60AF70AE1CF3F925D
:10FB70004F925F926F927F928F929F92AF92BF92BD
:10FB8000CF92DF92EF92FF920F931F93CF93DF9369
:10FB9000CDB7DEB72C970FB6F894DEBF0FBECDBF42
:10FBA0005C01DC0159968D909C90F40181859285D1
:10FBB000A385B4859C01AD012F5F3F4F4F4F5F4F31
:10FBC00029873A874B875C87D50114964D905D90C5
:10FBD0006D907C901797411451046104710409F4ED
:10FBE00059C0BFEF4B1A5B0A6B0A7B0A312C7301B9
:10FBF00062011D821E821F821886F4018185928512
:10FC0000A385B4852D813E814F81588528173907FA
:10FC10004A075B0708F056C089859A85AB85BC8585
:10FC20008C159D05AE05BF0550F482E0C82ED12C81
:10FC3000E12CF12C92E0492E512C612C712C9E016B
:10FC40002F5F3F4FB701A601C4010E946DFB8823BF
:10FC5000C9F189819A81AB81BC81892B8A2B8B2B3D
:10FC600001F1260137019FEF491A590A690A790AF9
:10FC70002D813E814F8158852F5F3F4F4F4F5F4F02
:10FC80002D833E834F8358873FEFC31AD30AE30A7D
:10FC9000F30AB3CF40805180628073803324339461
:10FCA000A6CFC414D504E604F70411F70FEF1FEF35
:10FCB0002FEF3FE0B701A601C4010E94DBFA782EC6
:10FCC00081111AC0712C872D2C960FB6F894DEBFC7
:10FCD0000FBECDBFDF91CF911F910F91FF90EF909D
:10FCE000DF90CF90BF90AF909F908F907F906F905C
:10FCF0005F904F903F900895F50144815581668152
:10FD00007781411551056105710539F0970186012B
:10FD1000C4010E94DBFA8823A9F2D5011496CD9282
:10FD2000DD92ED92FC921797332051F0D701C60176
:10FD30000196A11DB11DF40180839183A283B38339
:10FD4000F50185899689A789B08D892B8A2B8B2B04
:10FD500009F0B9CFC58AD68AE78AF08E818180689A
:10FD60008183B1CFCF93DF93EC01462F41706C8537
:10FD70007D858E859F850E949EFA882351F0888913
:10FD800020E2829FC0011124875B914FDF91CF91C8
:10FD9000089590E080E0FACFCF93DF93EC018B8160
:10FDA000882349F1898187FF22C061E0CE010E944A
:10FDB000B2FEFC01892BF9F08081853EE1F08B8158
:10FDC000823040F489899A89AB89BC89848F958F68
:10FDD000A68FB78F8D899E89938F828F8D899E89FB
:10FDE000AF89B88DB58BA48B89818F778983DF919B
:10FDF000CF910C94A6F981E0888380E0DF91CF91C8
:10FE00000895CF93DF93EC010E94CCFE1B82DF911B
:10FE1000CF910895CF93DF93EB01FC012381211152
:10FE200004C080E0DF91CF9108952250223028F461
:10FE30008FE28883198281E0F5CF60E00E94B2FEF4
:10FE4000009779F3DC0160E080E09EE22D912032A2
:10FE500099F0883031F49E01260F311DF90190830D
:10FE60006F5F9E01260F311DAD0141505109FA010E
:10FE70004081F90140836F5F8F5F8B3039F7FE015E
:10FE8000E60FF11D1082D7CF2F923F924F925F92D3
:10FE90006F927F928F929F92AF92BF92CF92DF929A
:10FEA000EF92FF920F931F93CF93DF9300D01F9297
:10FEB000CDB7DEB79C838B834B017A01DC011396AF
:10FEC0008C91811119C08FEF9FEF0F900F900F90C1
:10FED0000F90DF91CF911F910F91FF90EF90DF90E6
:10FEE000CF90BF90AF909F908F907F906F905F90DA
:10FEF0004F903F902F900895EB81FC81818180FF8E
:10FF0000E2CF018912892389348940855185628530
:10FF10007385C701B0E0A0E028013901441A550AF1
:10FF2000660A770A84159505A605B70518F07801C5
:10FF3000E41AF50A67018B819C8104969A83898370
:10FF4000612C32E0732EC114D10409F4B7C0AB8127
:10FF5000BC8118964D915D916D917C911B975A01D2
:10FF6000B1E0BB22EB81FC81818D928D1A012B01C6
:10FF700029E056944794379427942A95D1F7238102
:10FF8000223091F5DC015A966D917D918D919C9175
:10FF90005D97620D731D841D951D83010A191B0950
:10FFA000C016D10608F486010115B2E01B0771F4F2
:10FFB00020913D0E30913E0E40913F0E5091400EEB
:10FFC000621773078407950709F059C040E00E9443
:10FFD0009EFA882309F477CFB501675B714FA801BA
:10FFE000C4010F94918657C0FC0114811150122155
:10FFF000A114B10481F411110EC0452B462B472BDF
:020000022000DC
:1000000079F5EB81FC8185899689A789B08D8483F8
:100010009583A683B783AB81BC815996ED91FC9102
:100020005A9714966D917D918D919C91179762507E
:10003000710981099109258504C0660F771F881F02
:10004000991F2A95D2F72685378540895189620FF5
:10005000731F841F951F610F711D811D911D9DCF01
:10006000AB81BC8114964D915D916D917C911797F8
:1000700029813A810E946DFB8111CDCF24CF94015B
:10008000AB01BC018091460E9091470E0E94E5F9AC
:10009000882309F418CF800E911EEB81FC818085A6
:1000A0009185A285B385800F911FA11DB11D808709
:1000B0009187A287B387C01AD10A45CFC70105CF60
:1000C000DF92EF92FF920F931F93CF93DF938C01F8
:1000D000EB017A018DE0D82E40E250E0BE01C8016C
:1000E0000E9444FF8032910571F021E0892B09F4D0
:1000F00020E0822F8195DF91CF911F910F91FF908A
:10010000EF90DF9008952881222309F43FC0253E17
:1001100019F32E3209F33B853F733F3099F5E11413
:10012000F10481F14A8D5B8D452B61F52F713FEF15
:10013000320F343038F52150330BD29EC001D39E9C
:10014000900D1124F701E80FF91F298120832B81DD
:1001500021832D8122832F812383298524832E854A
:100160002583288926832A8927832C8920872E891D
:100170002187288D22872C8D23872E8D2487288107
:1001800026FD15862B8523FDA7CFB5CF80E0B3CF05
:100190004F925F926F927F92AF92BF92CF92DF9217
:1001A000EF92FF920F931F93CF93DF931F92CDB7E0
:1001B000DEB78C017B015A01C22EDB0159968D916D
:1001C0009C91F801928F818FCB010E942853712C52
:1001D000F70180859185A285B3854189528963891C
:1001E000748984179507A607B70708F052C055E031
:1001F000B695A795979587955A95D1F7F82FFF70E3
:10020000DF2ED70113968C91823010F480E0DBC092
:1002100041E050E0BE016F5F7F4FC7010E9444FF85
:100220000197A1F7F70180859185A285B3854F9647
:10023000A11DB11D80879187A287B387F0E2DF9E61
:10024000B0011124675B714F61157105F9F2DB0193
:100250008C91882341F0853E09F04CC0772029F02D
:1002600077247394B5CF71100EC080913D0E90919C
:100270003E0EA0913F0EB091400EF8018487958705
:10028000A687B787D08ADB018C918111E9CF7724CB
:1002900073948C2D8274823409F0B8CF772009F4DE
:1002A000A2C0F801D08861E0C8010E94B2FE0097A8
:1002B00009F4ACCF20E2DC011D922A95E9F72BE08E
:1002C000F501DC0101900D922A95E1F721E238E277
:1002D000FC01318B208B40E058E057874687338BF9
:1002E000228B318F208F578B468B0E94A6F981116C
:1002F00009C08CCF4BE050E0C5010F948486892B58
:1003000009F066CFF0E2DF9ED00111249D01275B4A
:10031000314FF9018385817121F08C2D827109F0B3
:10032000FCC0F801818D928D40913D0E50913E0EA2
:1003300060913F0E7091400E44875587668777879E
:10034000D08AFD01E75BF14F44885588712C612C00
:10035000320155244424D80155964D925D926D92F8
:100360007C925897428D538D70E060E04429552966
:100370006629772955964D935D936D937C93589795
:10038000D9011B962C91287109F0B9C0848D958DE7
:10039000A68DB78DF801818B928BA38BB48B81E0F6
:1003A00083838C2D8F70F8018183148215821682CD
:1003B0001782108611861286138681E0C4FE03C060
:1003C000C8010F94A5450F90DF91CF911F910F9118
:1003D000FF90EF90DF90CF90BF90AF907F906F90A5
:1003E0005F904F900895D70113968C9113978230A8
:1003F00009F40CCF51968D919D910D90BC91A02D3B
:10040000803E9F4FAF41B10508F000CFC7010E9469
:10041000B7FD882309F4FACE0E94A6F9882309F4CF
:10042000F5CED7015996ED91FC915A9714964D90BF
:100430005D906D907C901797B2E04B1A510861085F
:100440007108858504C0440C551C661C771C8A9570
:10045000D2F786859785A089B189480E591E6A1EF4
:100460007B1E81E08093450E40923D0E50923E0EE1
:1004700060923F0E7092400EE9E4FEE080E092E070
:10048000DF019C011D9221503040E1F7DD24D3941F
:10049000D7015996ED91FC918481D81698F429E4FE
:1004A0003EE0B301A2014D0D511D611D711D8091F2
:1004B000460E9091470E0E9442F9882309F4A6CE79
:1004C000D394E6CF258580E092E0A0E0B0E004C0C0
:1004D000880F991FAA1FBB1F2A95D2F7F7014189E0
:1004E000528963897489840F951FA61FB71F818B5A
:1004F000928BA38BB48B89E49EE0D12CDBCE203190
:1005000061F498012F5E3F4F0E94F0FB882329F091
:1005100084E0D80113968C9344CFD80113961C9293
:1005200075CE20913B1230913C12BC01C9018F5A0B
:100530009F4E0F946F7E9C019093CF048093CE04C6
:1005400081E0232B09F480E008956091410D9091A2
:10055000420D30E020E08EE6961761F0899FF001B1
:100560001124E353F94F40815181240F351F9F5FC0
:100570009F70F2CFC90108953091410D2091420D35
:10058000321791F0E091410DE11101C0E0E1E1503D
:100590002EE6E29FF0011124E353F94F20813181CF
:1005A000820F931F918380830895CF92DF92EF9201
:1005B000FF920F931F93CF93DF930EE61DE0CEEBD8
:1005C000D4E08EECC82E84E0D82E78010C5F1F4F4B
:1005D000F70160A171A182A193A10F94F47AF701B0
:1005E00020813181428153810F94357B0F940883A0
:1005F0006993799389939993CC16DD0631F7DF914E
:10060000CF911F910F91FF90EF90DF90CF900895C1
:10061000FC01408151816281738140932D0450938C
:100620002E0460932F047093300420917A0D309142
:100630007B0D40917C0D50917D0D60817181828197
:1006400093810F94357B0F94CD84EFE3F6E06487BC
:100650007587868797878FB7F89444855585668513
:10066000778540935B0650935C0660935D067093BC
:100670005E068FBF0895FC014081518162817381C4
:100680004093290450932A0460932B0470932C0404
:100690002091760D3091770D4091780D5091790D24
:1006A00060817181828193810F94357B0F94CD8419
:1006B00060934706709348068093490690934A06D4
:1006C0000D940B564F925F926F927F928F929F92F2
:1006D000AF92BF92CF92DF92EF92FF92CF93DF93D0
:1006E000CDB7DEB72C970FB6F894DEBF0FBECDBFE7
:1006F000C0906C12D0906D12E0906E12F0906F125C
:100700008091681290916912A0916A12B0916B1257
:100710004091641250916512609166127091671257
:100720004D835E836F83788789839A83AB83BC8391
:10073000BE016F5F7F4FCE0105960E945A474D80E4
:100740005E806F80788420916E0D30916F0D4091A6
:10075000700D5091710DC301B2010F94357B0F9450
:10076000CD8460933F06709340068093410690933A
:10077000420689809A80AB80BC802091720D3091B6
:10078000730D4091740D5091750DC501B4010F9416
:10079000357B0F94CD846093430670934406809319
:1007A00045069093460680910C13882309F48CC06B
:1007B000A5019401C301B2010F940B6E9B01AC0122
:1007C000C701B6010F9490812091760D3091770D7D
:1007D0004091780D5091790D0F94357B0F94CD8415
:1007E00060934706709348068093490690934A06A3
:1007F0008091701290917112A0917212B091731247
:1008000089879A87AB87BC8720917A0D30917B0DC1
:1008100040917C0D50917D0DBC01CD010F94357B35
:100820000F94CD8460934B0670934C0680934D06D5
:1008300090934E0640922104509222046092230429
:10084000709224048092250490922604A09227049A
:10085000B0922804C0922904D0922A04E0922B047A
:10086000F0922C0489859A85AB85BC8580932D04F4
:1008700090932E04A0932F04B09330040F940B5642
:1008800010920D0410920E0410920F041092100496
:10089000E1E1F4E080E1DF011D928A95E9F72C9611
:1008A0000FB6F894DEBF0FBECDBFDF91CF91FF90A2
:1008B000EF90DF90CF90BF90AF909F908F907F9000
:1008C0006F905F904F9008952091760D3091770D45
:1008D0004091780D5091790DC701B6017DCF4F92AF
:1008E0005F926F927F928F929F92AF92BF92CF92C0
:1008F000DF92EF92FF92CF9380E00E94E4EC60934E
:100900003F0670934006809341069093420681E033
:100910000E94E4EC6093430670934406809345067E
:100920009093460682E00E94E4EC60934706709341
:1009300048068093490690934A0683E00E94E4ECBF
:1009400060934B0670934C0680934D0690934E0631
:1009500080E00E94F2EC60936412709365128093C1
:1009600066129093671281E00E94F2EC6093681225
:100970007093691280936A1290936B1282E00E94C6
:10098000F2EC60936C1270936D1280936E129093E0
:100990006F1283E00E94F2EC6093701270937112F8
:1009A000809372129093731280910C13882331F10B
:1009B000209168123091691240916A1250916B1225
:1009C0006091641270916512809166129091671225
:1009D0000F940B6E9B01AC0160916C1270916D12C3
:1009E00080916E1290916F120F948F8160936C12B0
:1009F00070936D1280936E1290936F12C091B50434
:100A0000CC2309F49AC0C0FF34C02091AD043091CA
:100A1000AE044091AF045091B004609164127091A3
:100A2000651280916612909167120F948F81609386
:100A300064127093651280936612909367122091EE
:100A4000B1043091B2044091B3045091B404609168
:100A500068127091691280916A1290916B120F94D2
:100A60008F81609368127093691280936A129093D9
:100A70006B12C1FF62C08090641290906512A090CA
:100A80006612B0906712C0906812D0906912E09020
:100A90006A12F0906B122091A5043091A604409147
:100AA000A7045091A804C501B4010F94357B2B0114
:100AB0003C012091A9043091AA044091AB045091CB
:100AC000AC04C701B6010F94357B9B01AC01C30197
:100AD000B2010F9490812B013C0120919D04309133
:100AE0009E0440919F045091A004C501B4010F944D
:100AF000357B4B015C012091A1043091A20440910F
:100B0000A3045091A404C701B6010F94357B9B0147
:100B1000AC01C501B4010F9490816093641270938D
:100B200065128093661290936712409268125092F9
:100B3000691260926A1270926B120E94924580E173
:100B4000E4E6F2E1A1E2B4E001900D928A95E1F7CA
:100B5000CF91FF90EF90DF90CF90BF90AF909F909C
:100B60008F907F906F905F904F90089580916F006D
:100B70008D7F80936F000F946F0481E08093450D0B
:100B800080916F008D7F80936F009091410D8091D7
:100B9000420D981769F09091410D8091420D981780
:100BA000A1F38091420D8F5F8F708093420DEDCF46
:100BB00010925512109254128FEF9FEF90933804B9
:100BC0008093370410923404109233040E9412ED83
:100BD00080916F00826080936F0010920D041092DC
:100BE0000E0410920F0410921004E1E1F4E080E191
:100BF000DF011D928A95E9F710920C0410920B0404
:100C00000895CF93C62F0F94134A81110FC0C0933C
:100C1000BB0084E88093BC0088E20E94A9E28111B5
:100C200005C084E98093BC00CF9108958FEF809335
:100C3000690D8093680DF8CFCF930F94134A8111FB
:100C400021C084EA8093BC0080E10E94A9E2811166
:100C500019C08BEE8093BB00C4E8C093BC0080E455
:100C60000E94A9E281110EC0C093BC0088E50E94D9
:100C7000A9E2811107C08091BB0094E99093BC0068
:100C8000CF9108958FEF8093690D8093680D80E078
:100C9000F7CF0F931F93CF93DF938C01F801D4917B
:100CA000DF3F99F03196C4916C2F8D2F0F94010680
:100CB0008D2F0F941C060E5F1F4FC81779F380E02D
:100CC000DF91CF911F910F91089581E0F9CFCF93DC
:100CD000DF938091690D813321F080E0DF91CF9126
:100CE00008958091680D8139C1F782E00F941C0648
:100CF000C82F87E10F941C068093660D84E10F9442
:100D00001C068093670D8091690D8F3F31F3C7FFFB
:100D100036C083E00F941C06D82F84E00F941C0685
:100D2000C82F82E10F941C069091690D9F3FA9F294
:100D300090E09C0144E0220F331F4A95E1F72227FF
:100D40003F702D2B982F882788279F708C2B33FD81
:100D5000305193FD90514091740350917503240FCD
:100D6000351F309375032093740320913B0E30910F
:100D70003C0E820F931F90933C0E80933B0E81E0BC
:100D8000ADCF81E00C941B4E0F931F93CF938C013A
:100D9000C62F80E00E941B4E0E94094EA80161E010
:100DA00080E00E94EA4D80E20E94854E6C2F70E048
:100DB0006F5F7F4F072E000C880B990BCF911F910F
:100DC0000F910C948F4F82ED9EE00E94FE5183EDB7
:100DD0009EE00C94F15141E08091DA12811101C042
:100DE00040E0405D62E083E00E94F64D41E080918A
:100DF0000117811101C040E0405D62E088E00E947F
:100E0000F64D62E08AE00E94D64D0E945DDE62E00F
:100E100080E10E94D64D20E030E040E05FE3609149
:100E20005D0D70915E0D80915F0D9091600D0F943E
:100E300090810F9401837F936F9385ED96E49F9348
:100E40008F930E94AF4D0F900F900F900F900895C9
:100E50008A3020F0803120F4895A0895805D089509
:100E600080E008950F931F93CF93DF93082FEB013A
:100E700090E024E0959587952A95E1F711E0009799
:100E800021F00F942807899312E0802F8F700F9420
:100E900028078883812FDF91CF911F910F910895AB
:100EA000803330F08A3330F09FE9980F963020F08D
:100EB00080E008958053089587550895CF93DF9378
:100EC000EC01688180E00E9453DE69810E9453DE5C
:100ED0006A81CB810E9453DE6C2FDF91CF910C94FD
:100EE00053DECF93DF93EC010F945E076D810E9478
:100EF00053DE6E81CF810E9453DE6C2FDF91CF9144
:100F00000C9453DECF93DF93EC01688349831B82FB
:100F10001A820F945E078C83DF91CF910895149A03
:100F20000895CF93DF93EC0182E199E60E944C5340
:100F30008FEC96E40E944C53CE01DF91CF910C943C
:100F4000415581E090910117911101C080E0089511
:100F5000893220E8920709F497C008F048C086302B
:100F600060E8960709F49AC030F5833040E89407AA
:100F700009F480C0A8F4813020E8920709F417C171
:100F8000823040E8940709F473C09C0186FF8EC04C
:100F90002227327C2115324C09F09EC08EE1089543
:100FA000843060E8960709F467C0853020E892072E
:100FB00061F784E208958A3040E8940709F45EC03E
:100FC00058F4883020E8920709F46EC0893040E870
:100FD0009407D9F685E008958C3060E8960709F407
:100FE00051C08D3020E8920781F681E208958F325A
:100FF00040E8940709F456C0E0F48C3220E89207E8
:1010000009F44EC058F48A3260E89607C9F18B3271
:1010100020E8920709F0B9CF86E208958D3240E8C2
:101020009407D1F18E3260E8960709F0AECF82E2E4
:101030000895873820E8920749F158F4873460E82A
:10104000960729F08B3420E8920709F09ECF84E0C0
:101050000895873041E89407D9F08B3061E896070E
:10106000C9F08B3820E8920709F08FCF89E0089506
:1010700081E0089582E0089583E0089586E0089570
:1010800087E008958AE208958BE2089588E0089544
:101090008AE008958BE0089583E2089585E208953B
:1010A00087E2089588E2089589E2089587FF07C0DE
:1010B0002227327C2115324CA1F58FE10895222799
:1010C000317090FF52C0AC014427527C4115524C04
:1010D00009F04BC080E208959C0122273278232B2F
:1010E00009F067C09C0122273478232B09F063C0E4
:1010F0009C0122273878232B09F05FC09C0122270E
:101100003079232B09F05BC09C012227307A232BF6
:1011100009F057C08827907C892B09F468C08FE0BC
:1011200008959C0122273278232B09F04CC09C01A2
:1011300022273478232B09F048C09C0122273878D5
:10114000232B09F044C09C0122273079232B09F07E
:1011500040C09C012227307A232BE9F58827907C18
:10116000892B09F444C080E10895232B09F43FC082
:101170009C0122273278232B81F59C012227347889
:10118000232B69F59C0122273878232B51F59C01EC
:1011900022273079232B39F59C012227307A232B03
:1011A00021F58827907C892B11F181E1089580E059
:1011B000089582E1089585E1089588E108958BE11D
:1011C00008958CE0089583E1089586E1089589E10A
:1011D00008958CE108958DE0089584E1089587E1F4
:1011E00008958AE108958DE108958EE008958CE2D6
:1011F00008950F94A807E82FF0E0EE0FFF1FEA59BB
:10120000F84B25913491233381E0380708F041C031
:101210002D3281E0380778F52E37310509F483C087
:10122000F0F42C36310509F485C030F4253631054B
:1012300008F079C08FEF08952437310509F473C0A1
:101240002D37310519F023373105A1F78091470D6E
:10125000813009F46DC0873069F788E00895233D37
:10126000310509F46EC050F4293C310509F469C018
:101270002A3C3105F9F68091470D67C02D3D3105B7
:1012800009F45FC02E3D3105B1F3243D310591F6DF
:10129000F2CF253F81E0380709F45CC0F8F426342A
:1012A00081E0380758F4213481E0380720F72753CC
:1012B00031402530310508F0BDCFDDCF2159314017
:1012C0002230310508F0B6CF8091470D833009F404
:1012D0003FC0893009F0AECF87E00895293F81E013
:1012E000380749F270F4273F81E0380721F260F7B0
:1012F0008091470D833061F1883009F09BCF86E003
:1013000008952B3F81E03807A9F068F02C3F314069
:1013100009F090CF8091470D853089F0863009F033
:1013200089CF85E008958091470D813009F082CF03
:1013300081E008958091470D8230D1F37BCF84E026
:1013400008958091470D823061F0833009F072CFAB
:1013500083E008958091470D823029F0843009F0B0
:1013600069CF82E0089580E00895CF93DF93EC0188
:1013700060915D0D70915E0D80915F0D9091600D9B
:101380000F9401832091601230916112C901861B74
:10139000970B069724F0CE010E944E5FE9CFDF91B4
:1013A000CF910895CF93DF9300D000D01F92CDB797
:1013B000DEB7873050F5673040F597E0EDEBF2E0AF
:1013C000DE01119601900D929A95E1F746E050E00A
:1013D000FA01E61BF10921E030E02C0F3D1FE20F7E
:1013E000F31F208130E0481B5109C90102C09595C7
:1013F00087954A95E2F7817027960FB6F894DEBF7D
:101400000FBECDBFDF91CF91089580E0F5CF682F5B
:1014100070E090E080E00F94F47A20E030E048E063
:1014200052E40F94357B20E030E040E85FE30F9416
:101430009081089582E00E94F2EC60936C127093A8
:101440006D1280936E1290936F128CE692E10D9460
:101450003B034F925F926F927F928F929F92AF92D7
:10146000BF92CF92DF92EF92FF920F931F93CF9391
:10147000DF9304E612E1CDEAD4E0288139814A8184
:101480005B81F80160817181828193810F948F81EA
:101490004B015C012C813D814E815F81F8016481AB
:1014A0007581868197810F948F816B017C01CDE9D5
:1014B000D4E0288139814A815B81C501B4010F9450
:1014C000357B2B013C012C813D814E815F81C70121
:1014D000B6010F94357B9B01AC01C301B2010F949F
:1014E0009081F80160837183828393832885398595
:1014F0004A855B85C501B4010F94357B4B015C01C6
:101500002C853D854E855F85C701B6010F94357BDF
:101510009B01AC01C501B4010F949081F801648373
:10152000758386839783DF91CF911F910F91FF90F1
:10153000EF90DF90CF90BF90AF909F908F907F9073
:101540006F905F904F9008954F925F926F927F924D
:101550008F929F92AF92BF92CF92DF92EF92FF92C3
:101560000F931F93CF93DF9300D000D01F921F9251
:10157000CDB7DEB7DC01CD90DD90ED90FC901397F8
:10158000C0928204D0928304E0928404F092850495
:1015900014960D911D912D913C91179709831A83F3
:1015A0002B833C8300938A0410938B0420938C0438
:1015B00030938D04DB010D911D912D913C9113977A
:1015C0000D831E832F83388700938604109387042E
:1015D000209388043093890414964D905D906D900B
:1015E0007C90179740928E0450928F0460929004E2
:1015F00070929104FA01608171818281938160937C
:10160000AD047093AE048093AF049093B0048480D3
:101610009580A680B7808092B1049092B204A09287
:10162000B304B092B40420E030E0A9010F948582A5
:101630008111AAC020E030E0A901C501B4010F94D6
:1016400085828111A1C01092B50420E030E040E80D
:101650005FE3C701B6010F948582811121C020E0AC
:1016600030E0A9016D817E818F8198850F948582FC
:10167000811116C020E030E0A90169817A818B8157
:101680009C810F94858281110BC020E030E040E8FE
:101690005FE3C301B2010F948582882309F478C007
:1016A0008091B50482608093B504A3019201C701C3
:1016B000B6010F94357B4B015C012D813E814F813A
:1016C000588569817A818B819C810F94357B9B0140
:1016D000AC01C501B4010F948F814B015C01AC01D9
:1016E0009B01C301B2010F948F8260939D0470939C
:1016F0009E0480939F049093A0046D817E818F81CE
:1017000098859058A50194010F948F826093A1044D
:101710007093A2048093A3049093A40469817A81B6
:101720008B819C819058A50194010F948F826093C6
:10173000A5047093A6048093A7049093A804A50120
:101740009401C701B6010F948F826093A90470932E
:10175000AA048093AB049093AC0428960FB6F89437
:10176000DEBF0FBECDBFDF91CF911F910F91FF90D4
:10177000EF90DF90CF90BF90AF909F908F907F9031
:101780006F905F904F90089581E08093B5045DCF96
:1017900080E090E0A0E8BFE380939D0490939E04D6
:1017A000A0939F04B093A0041092A1041092A204ED
:1017B0001092A3041092A4041092A5041092A604FF
:1017C0001092A7041092A8048093A9049093AA04ED
:1017D000A093AB04B093AC04C0CFCF93DF93CDB74D
:1017E000DEB768970FB6F894DEBF0FBECDBF80E0BE
:1017F00090E0A0E8BFE389839A83AB83BC831D821A
:101800001E821F82188619861A861B861C868D8763
:101810009E87AF87B88B198A1A8A1B8A1C8A1D8AF1
:101820001E8A1F8A188EAE014F5E5F4FBE01675F32
:101830007F4FCE0101960F94A40A68960FB6F894D4
:10184000DEBF0FBECDBFDF91CF9108958091B5046B
:101850008823D1F00F94ED0B0E9406ED80E00E94EA
:10186000F2EC609364127093651280936612909309
:10187000671281E00E94F2EC609368127093691223
:1018800080936A1290936B1208954FEF5FEFBA0145
:1018900085EE9FE00F949E804FEF5FEFBA0189EED7
:1018A0009FE00F949E804FEF5FEFBA018DED9FE0B8
:1018B0000F949E804FEF5FEFBA0181EE9FE00F948F
:1018C0009E804FEF5FEFBA0185ED9FE00F949E8001
:1018D0004FEF5FEFBA0189ED9FE00F949E804FEFCD
:1018E0005FEFBA0185EC9FE00F949E804FEF5FEFB2
:1018F000BA0189EC9FE00F949E804FEF5FEFBA0131
:101900008DEC9FE00F949E804FEF5FEFBA0181ED69
:101910009FE00D949E804F925F926F927F928F9284
:101920009F92AF92BF92CF92DF92EF92FF921F935E
:10193000CF93DF93CDB7DEB7A8970FB6F894DEBF8D
:101940000FBECDBF48E050E06DED7FE0CE010196C7
:101950000F94588048E050E065ED7FE0CE01099695
:101960000F94588048E050E065EE7FE0CE0141964C
:101970000F94588089899A89AB89BC8989A39AA3D5
:10198000ABA3BCA38F3F9F4FAF4FBF4F09F4B1C074
:101990008D899E89AF89B88D8DA39EA3AFA3B8A76B
:1019A0008F3F9F4FAF4FBF4F09F4A3C089809A80EC
:1019B000AB80BC808FEF88169806A806B80609F49D
:1019C00098C08D819E81AF81B885898F9A8FAB8FAA
:1019D000BC8F8F3F9F4FAF4FBF4F09F48AC0C98460
:1019E000DA84EB84FC848FEFC816D806E806F80684
:1019F00009F47FC08D859E85AF85B8898D8F9E8FB8
:101A0000AF8FB8A38F3F9F4FAF4FBF4F09F471C047
:101A1000298D3A8D4B8D5C8DC501B4010F942C84BA
:101A20002B013C0126E636E646E65FE30F9485820D
:101A300011E087FD0BC02DEC3CEC4CE85FE3C301EB
:101A4000B2010F94198418160CF010E02D8D3E8D04
:101A50004F8D58A1C701B6010F942C842B013C0176
:101A600026E636E646E65FE30F94858287FD7FC073
:101A70002DEC3CEC4CE85FE3C301B2010F941984F8
:101A800018160CF474C02DA13EA14FA158A569A150
:101A90007AA18BA19CA10F942C8420E030E040E738
:101AA00051E40F94198418160CF411E0A501940167
:101AB000C701B6010F94357B6B017C012D8D3E8DE6
:101AC0004F8D58A1698D7A8D8B8D9C8D0F94357BB0
:101AD0009B01AC01C701B6010F9490819F772DEC5B
:101AE0003CEC4CEC5DE30F941984181614F01123B0
:101AF000F1F00F94450C80E090E0A0E8BFE389830B
:101B00009A83AB83BC831D821E821F82188619862E
:101B10001A861B861C868D879E87AF87B88B198A8D
:101B20001A8A1B8A1C8A1D8A1E8A1F8A188EAE0179
:101B30004F5E5F4FBE01675F7F4FCE0101960F94EE
:101B4000A40AA8960FB6F894DEBF0FBECDBFDF91F2
:101B5000CF911F91FF90EF90DF90CF90BF90AF900B
:101B60009F908F907F906F905F904F90089511E0BD
:101B70008ACFCF9324E1AC01249FC001259F900D13
:101B8000112460918004709181040F943181C62FDB
:101B9000653108F0C4E180917F048C1748F48FEF21
:101BA0000E94854E80917F048F5F80937F04F3CFE6
:101BB000CF91089581E090E0909381048093800418
:101BC0000F94B90D6CE271E080E090E00C942FE28C
:101BD0000F931F93CF93DF938C01EB010E94094E6B
:101BE00010927F04109381040093800461E080E0F0
:101BF0000E94D64D64E1CE010E94CF4F62E080E0AA
:101C0000DF91CF911F910F910C94D64D80914E048E
:101C100090914D0489130BC090914C04992339F095
:101C200020912106309122068217130639F081E0B7
:101C30009091AF03911103C080E0089581E0089571
:101C40000F931F93CF93DF938C01EB0188EF95E304
:101C50009F938F938FED95E49F938F93DF936F9373
:101C60000F947F7FC80FD11D47E050E0B801CE012F
:101C70000F9458801F820F900F900F900F900F902D
:101C80000F90DF91CF911F910F91089520914E04F5
:101C900080912106909122062817190611F080E202
:101CA00008958EE308950F931F93CF93C82F8B0150
:101CB0000F94460E482F60914B0480E00E94F64D31
:101CC00062E1C8010E94CF4F8C2FCF911F910F91DD
:101CD0000C94C54D82E08093590280914E048F5F31
:101CE00080934E0484E080934B0410924D04109234
:101CF0004C040895CF93DF9330914E0420914D040E
:101D0000321320C0EB01BC0180915902882319F0E5
:101D100080E20F94530E80914C04882399F0209117
:101D20004E0480912106909122062817190651F43D
:101D3000209721F061E0CE010E94B55FDF91CF9145
:101D40000D946A0E80914E048F5F80934E04DF9154
:101D5000CF910895EF92FF920F931F93CF93DF934C
:101D600070914E0430914D0473133FC0122FEA015D
:101D7000062F7C01809159028823D1F00F94460EE2
:101D8000482F60914B0480E00E94F64D61E1C7014D
:101D90000E94CF4F402F60914B0493E1981B892FF5
:101DA0000E94F64D40E260914B0483E10E94F64DA3
:101DB00080914C048823C9F020914E048091210623
:101DC000909122062817190681F410925A02812F49
:101DD000FE01199581E080935A02DF91CF911F9106
:101DE0000F91FF90EF900D946A0E80914E048F5FDB
:101DF00080934E04DF91CF911F910F91FF90EF9050
:101E00000895CF93DF9330914E0420914D04321307
:101E100021C0EB01BC0180915902882319F080E2B6
:101E20000F94530E80914C048823A1F020914E040E
:101E300080912106909122062817190659F41092D4
:101E40005A02FE01199581E080935A02DF91CF91E9
:101E50000D946A0E80914E048F5F80934E04DF9143
:101E6000CF91089580914B04843038F580914E04D1
:101E700090E020912106309122062817390744F07E
:101E80000197909322068093210687E00E9473F7C2
:101E90008091210620917D0330E02D5F3F4F821716
:101EA000130659F054F09DEF980F90937D038450E2
:101EB00080934D048FEF80934B0408958091210609
:101EC0009091220697FF07C01092220610922106D9
:101ED00087E00E9473F7809121069091220620915D
:101EE0007D032817190619F014F080937D03809163
:101EF0007D0380934D040E94585080934C040895B4
:101F0000E1E8F3E080E2DF011D928A95E9F70895A8
:101F1000CF933FB7F894E091ED03F091EE03E8170B
:101F2000F907C9F0C42F9093EE038093ED037093EB
:101F300022066093210610927D0382E0809359026D
:101F40003FBF222319F080E00E9473F7CC2321F0D9
:101F5000CF910D94800F3FBFCF9108950E94824E84
:101F600010924F0420E041E070E060E08BE991E0E6
:101F70000F94880F1092CF0310927F030895FF9261
:101F80000F931F93CF93DF932091D5123091D612E8
:101F90002130310539F42091FE12213019F422E06C
:101FA00020939C040F94A807D82F80919C04813023
:101FB00009F457C048F0823009F4E5C0DF91CF91B1
:101FC0001F910F91FF90089584E0809378020D2F68
:101FD00010E0F801E75CF84BC491FC2EF2944FE05E
:101FE000F422CF7080E00E941B4E0E94094E000F29
:101FF000111FF801EA59F84B259134910C591949F0
:10200000F801859194913F932F939F938F9382ED45
:1020100097E49F938F930E94AF4D4FEE56E662E098
:1020200080E00E94EA4D0F900F900F900F900F905C
:102030000F90F110BCC010E000E022E140E156E456
:10204000EC2FF0E0EE0FFF1FE254F84B6591749116
:1020500081E0F11001C080E00E944ABA81E08093E3
:102060009C0481E080935F060F94EB060E947AF84F
:102070000D2F10E0F801E75CF84BC491DC2FD295EE
:10208000DF7080919404811109C081E0D11101C0F9
:1020900080E08093930481E0809394048091920483
:1020A000882341F081E0D11101C080E08093930446
:1020B00010929204209121063091220621153105BB
:1020C000B9F180919304DD2361F037FF06C08823C6
:1020D00069F081508093930409C0823039F08F5F9A
:1020E000F9CF37FF3FC08111109293048091930480
:1020F0004EE3811140E263E080E00E94F64D809162
:102100009304DD23A1F14EE3813009F040E263E066
:1021100089E00E94F64D80919304823051F54EE3A0
:1021200063E082E10E94F64D109222061092210691
:102130000E945850882309F441CF80919304D11113
:102140001AC0813079F5F801EE0FFF1FE152F94B0B
:10215000859194910E94B0C381E080939204109283
:102160009C042CCF813009F4C1CF81E0B3CF813002
:10217000B1F240E2D5CF823031F3813099F4D0937F
:10218000470D8093920481E00E941B4E0F94AE0F86
:102190001092D1041092D40410925F0682E08093D2
:1021A0007802DDCFCF70C093470D81E0EACFEF2DED
:1021B000F0E0EE0FFF1FE254F84B4591549100E11F
:1021C00016E429E03DCF7F928F929F92AF92BF920B
:1021D000CF92DF92EF92FF920F931F93CF93DF93F3
:1021E000E0914E0450914D04E51373C0FB0148305B
:1021F00009F06CC0C081D0E04901742E6B015C0114
:1022000080915902882359F060914B0480E00E942C
:10221000D64D0F94460EAE01B5010E946DE180913E
:102220004C04882309F455C090914E042091210656
:10223000309122069217130609F04BC08091CF030C
:102240008730D8F4282F30E0F901EE0FFF1FE20F9E
:10225000F31FE659FB4F2091ED033091EE033183DC
:1022600020838F5F8093CF03928320E040E070E073
:1022700060E083E092E00F94880FB0928203A09216
:102280008103D0928503C092840370928303D0931C
:102290008703C093860390928903809288031093EA
:1022A0008B0300938A03F0928D03E0928C03DF91FD
:1022B000CF911F910F91FF90EF90DF90CF90BF9043
:1022C000AF909F908F907F900D946A0EC081D181C6
:1022D00093CF80914E048F5F80934E04DF91CF9116
:1022E0001F910F91FF90EF90DF90CF90BF90AF9034
:1022F0009F908F907F90089580915902882309F4D0
:1023000052C020918C0330918D038091880390916D
:10231000890321153105D9F04091210650912206FB
:1023200041155105A1F07CF040918603509187033F
:102330004817590741F4309387032093860310927E
:1023400022061092210610928D0310928C03209188
:102350008603309187034091210650912206240F75
:10236000351F10922206109221062817390744F0D3
:1023700080918A0390918B03281739070CF4C901C7
:10238000909387038093860361E080E00E94D64D9E
:10239000409186035091870360918103709182037D
:1023A00080E20E946DE10E945850882341F1E09143
:1023B0008403F09185038091860390918703209197
:1023C000830380832830C9F48091CF038823B9F038
:1023D00081508093CF0390E0FC01EE0FFF1FE80FC8
:1023E000F91FE659FB4F6281062E000C770B20E0A7
:1023F00040E0808191810D94880F9183E5CF08950D
:10240000DC01262F9091CF039730D8F4492F50E06C
:10241000FA01EE0FFF1FE40FF51FE659FB4F409145
:10242000ED035091EE0351834083809121069F5F1D
:102430009093CF03828341E070E060E0CD010D9482
:10244000880F08958F929F92AF92BF92CF92DF92A2
:10245000EF92FF920F931F93CF93DF93E0914E047F
:1024600030914D04E31376C0C22F7A016B015C01F9
:10247000809159028823B9F10F94460E01E08E3302
:1024800009F000E00C2B802F8270882EE60190E28C
:10249000992EC114D10421F48EE7982EC9E8D0E317
:1024A000882009F441C0CE010F94267E14E0180F55
:1024B0004EE300FF40E260914B0480E00E94F64D45
:1024C00064E1611BC5010E94CF4F8BE50E94C54DA1
:1024D000CE01882089F10E94C14D8DE50E94C54D35
:1024E000892D0E94C54D80914C04882399F120913B
:1024F0004E0480912106909122062817190651F565
:10250000CD28E9F460E0C7010F940012DF91CF916C
:102510001F910F91FF90EF90DF90CF90BF90AF9001
:102520009F908F900D946A0EFE0101900020E9F7B4
:10253000EC1B13E01E0FBCCF0E940150CECF1092B7
:102540005A02E114F10411F0F701199581E080932A
:102550005A02DCCF80914E048F5F80934E04DF914E
:10256000CF911F910F91FF90EF90DF90CF90BF9090
:10257000AF909F908F9008950F931F93CF93DF9309
:10258000CDB7DEB763970FB6F894DEBF0FBECDBFF1
:1025900030914E0420914D04321338C08B012091AC
:1025A00059022223A9F0BE016F5F7F4F0F94200EC6
:1025B0000F94460E482F60914B0480E00E94F64D28
:1025C00062E1CE0101960E94E94F8EE70E94C54D5F
:1025D00080914C048823D1F020914E0480912106F3
:1025E000909122062817190689F460E0C8010F941B
:1025F00000120F946A0E63960FB6F894DEBF0FBEFA
:10260000CDBFDF91CF911F910F91089580914E041E
:102610008F5F80934E04EFCFCF93DF9330914E04C2
:1026200020914D0432131EC0EB01BC018091590270
:10263000882319F08EE70F94530E80914C04882361
:1026400089F020914E04809121069091220628174E
:10265000190641F460E0CE010F940012DF91CF9192
:102660000D946A0E80914E048F5F80934E04DF912B
:10267000CF910895982F8091CF039817A8F4891BC4
:102680008093CF0390E0FC01EE0FFF1FE80FF91FCE
:10269000E659FB4F6281062E000C770B20E041E0EB
:1026A000808191810D94880F80E0EACF81E00D94C4
:1026B0003A1330914E0420914D04321319C0BC01DD
:1026C00080915902882319F083E80F94530E80916A
:1026D0004C04882369F020914E048091210690914A
:1026E00022062817190621F40F9456130D946A0E2A
:1026F00080914E048F5F80934E040895EF92FF9275
:102700000F931F931092B40380918E03811123C005
:1027100081E080938E0381E090E02091D51230918A
:10272000D6122730314811F090E080E0BC01660FEE
:10273000771F680F791F6752794B43E050E080E9BB
:1027400093E00F94027E809190030E94BAD9809109
:10275000001380938F030F945E0F10924B048091AF
:102760004B048430A8F510924E040F94060E882373
:1027700079F060918F0370E0809190030E94B4AD76
:102780001092460D1F910F91FF90EF900D94AE0F98
:102790008CE495E40F9459130091920310E020917A
:1027A000910330E0F12CE12C48E06FE873E080E425
:1027B00095E40F94E3100F94320F80914B048F5FD8
:1027C00080934B0480914D048F5F80934D04C7CF5D
:1027D0001F910F91FF90EF9008950E945850811122
:1027E0000D94561308958F929F92AF92BF92EF92DD
:1027F000FF920F931F93CF93DF93CDB7DEB7A097D0
:102800000FB6F894DEBF0FBECDBF6115710581050F
:10281000910599F480E3A0960FB6F894DEBF0FBE41
:10282000CDBFDF91CF911F910F91FF90EF90BF909F
:10283000AF909F908F900C94335300E0842E912C96
:10284000B12CA12C9E012F5F3F4F7901A50194016E
:102850000F94DB80F701E00FF11D6083B901CA011D
:102860000F5F611571058105910581F70E0D1F2D13
:10287000111DE016F10659F0F80182918F018A309E
:1028800020F4805D0E943353F4CF895CFBCFA09687
:102890000FB6F894DEBF0FBECDBFDF91CF911F9171
:1028A0000F91FF90EF90BF90AF909F908F90089501
:1028B0008CE298E40E944C5385EA9DE00F94768068
:1028C000BC0190E080E04AE00F94F3138DE50C9496
:1028D0003353CF92DF92EF92FF926B017C01F7FEB0
:1028E0000BC08DE20E943353F094E094D094C094D6
:1028F000C11CD11CE11CF11C4AE0C701B601FF90CC
:10290000EF90DF90CF900D94F313CF92DF92EF9280
:10291000FF921F93CF93DF93CDB7DEB764970FB6C7
:10292000F894DEBF0FBECDBF7C01162F60E376E5C5
:10293000CE0101960F941F7EB701CE0101960F9430
:102940000B7E83E00E9419B58823E1F0BE016F5F22
:102950007F4F80E594E00F94CA866C0185E694E091
:102960000E9484E483E08093AB031092600610928F
:10297000CE03CD2839F060E0CE0101960E94FEB46E
:102980000F94AE0F85EF98E60E944C53113051F032
:10299000612F70E090E080E00F9469148DE296E57D
:1029A0000E944C5386E196E50E944C53C7010E9459
:1029B0004C538AE096E50E94415564960FB6F89410
:1029C000DEBF0FBECDBFDF91CF911F91FF90EF9083
:1029D000DF90CF900895CF93DF9387EA92E50E942E
:1029E000415583EA92E50E944C5362B3669561704B
:1029F00070E090E080E00F94691482B3817090E001
:102A00000F946E428FE992E50E944C53C6E0D1E0EC
:102A10006881062E000C770B880B990B662797FDB3
:102A200063957727882799270F94691482B382FBCF
:102A3000882780F990E00F946E428BE992E50E941E
:102A40004C53688166FB662760F970E090E080E097
:102A50000F946914888185FB882780F990E00F9492
:102A60006E4286E992E50E944C53688163FB6627BB
:102A700060F970E090E080E00F946914888182959D
:102A8000817090E0DF91CF910D946E42CF93C82F6B
:102A90008BE70E9433538C2F0E94CBDE0E94C7DE4F
:102AA00088E198E40E944C5360916603709167033B
:102AB00080916803909169034AE00F94F31381E1D8
:102AC00098E40E944C5380916D16882309F45EC0EF
:102AD0008091E7169091E816A091E916B091EA1658
:102AE0000097A105B10509F451C0BC01CD016D5994
:102AF0007F4F8F4F9F4F24E630E040E050E00F942F
:102B0000DB806091EE167091EF168091F016909137
:102B1000F1160F94DB80622F70E090E080E00F945C
:102B200069148AE098E40E944C5360918E0270917F
:102B30008F02072E000C880B990B0F94691483E009
:102B400098E40E944C538091F113811121C08CEDC7
:102B500093E10E94A95F8CEF97E40E944C5380910F
:102B600076038130C1F40E943EEB4AE00F94F313E8
:102B700085EF97E40E944C538EEE97E40E944C53ED
:102B80008DE50E943353CF910D94581420E0C3CFAC
:102B900081EF93E1DECF60E070E0CB010F94691428
:102BA000E7CF8F929F92AF92BF92CF92DF92EF9238
:102BB000FF92CF936B017C01B42E20E030E0A9019D
:102BC0000F94858287FF07C08DE20E943353F7FA86
:102BD000F094F7F8F094C0E060E070E080E09FE3EC
:102BE000CB1541F020E030E040E251E40F948F82B9
:102BF000CF5FF6CF9B01AC01C701B6010F94908166
:102C00006B017C010F9408834B015C014AE00F9437
:102C1000F313CC2391F1C501B4010F94F47A9B0115
:102C2000AC01C701B6010F948F816B017C018EE26C
:102C30000E943353C15008F120E030E040E251E4FB
:102C4000C701B6010F94357B4B015C010F940183E2
:102C50006B01770FEE08FF08C701B6010F946914E6
:102C6000C701B6010F94F67A9B01AC01C501B4010E
:102C70000F948F816B017C01DDCFCF91FF90EF909E
:102C8000DF90CF90BF90AF909F908F90089587E492
:102C900098E40E944C536091601270916112072E6B
:102CA000000C880B990B0F94691480E498E40E943F
:102CB0004C5360915C1270915D12072E000C880BD2
:102CC000990B0F94691489E398E40E944C53609126
:102CD0005D0D70915E0D80915F0D9091600D42E0F1
:102CE0000F94D11582E398E40E944C536091A7039E
:102CF0007091A8038091A9039091AA0342E00F94D8
:102D0000D1158DE50C9433538AE00C943353CF9353
:102D10009091630D992309F4F6C0C82F873009F408
:102D2000BEC008F046C0833009F4EDC080F58130A4
:102D300009F488C008F460C08BE70E94335383E035
:102D40000E94CBDE0E94C7DE8DE70E9433530F94B2
:102D50008416C3E0C093D00481E080937402809114
:102D6000DA13811105C080917F03882309F478C0AC
:102D70008BE70E94335384E00E94CBDE0E94C7DEC3
:102D800084E08093D00481E0809374021EC085307B
:102D900009F471C08FE798E4C63008F46EC088E685
:102DA00098E40E944C530E94C7DE88E08093D004D0
:102DB00074C0863109F49BC070F4843109F480C07A
:102DC00008F089C0883009F472C08DE70E9433533F
:102DD000CF910D9484168B3509F491C030F481E3C2
:102DE000CA3599F70E94D8DEF0CF8C3509F489C036
:102DF00084E3CD35B9F3E9CF80917802843021F4B2
:102E00008FE00F944615E1CF0E941945882311F0F9
:102E10008EE0F7CF8091DA13811104C080917F0397
:102E2000882311F084E0EDCF8BE70E94335381E0DB
:102E30000E94CBDE0E94C7DE0F94581481E080937D
:102E4000D004C3CF8BE70E94335382E00E94CBDED5
:102E50000E94C7DE82E08093D004C0937402B5CF95
:102E60008BE70E94335383E00E94CBDE0E94C7DED3
:102E7000C093D00488CF81E798E40E944C5360E06F
:102E800070E0CB010F9469148DE50E94335380915B
:102E9000D0040E94CBDE0E94C7DE82E075CF8FE5B2
:102EA00098E40E944C530E94C7DE89E07FCF86E5FC
:102EB00098E40E944C530E94C7DE1092D004EDCFDC
:102EC0008BE70E9433538091D0040E94CBDE0E9496
:102ED000C7DE84E059CF8BE70E9433530F94471627
:102EE0000E94C7DE8091D0040E94CBDE6ECF8DE4BD
:102EF00098E40E944C530E94C7DE85E0A0CF82E395
:102F000071CF83E36FCFCF910895CF92DF92EF928D
:102F1000FF920F931F93CF93DF9300D000D01F92A7
:102F20001F92CDB7DEB780912106909122060097BF
:102F3000E1F120918E0230918F02243631054CF45C
:102F4000AC01420F531F453651056CF4820F931F9D
:102F50000CC02436310509F455C0AC01420F531F93
:102F6000443651059CF784E690E090938F0280935D
:102F70008E0280918E0290918F0282179307A9F0A2
:102F8000883E53E0950714F087EE93E08A30910570
:102F900014F48AE090E090938F0280938E02109256
:102FA0002206109221060E9421438091590281112C
:102FB00010921D0610911D06112391F12FEF210F84
:102FC00020931D0680913D1281110DC00E94585022
:102FD000882349F01092CF0360E082E390EA0F94D7
:102FE00000120E94824E28960FB6F894DEBF0FBEE4
:102FF000CDBFDF91CF911F910F91FF90EF90DF90A8
:10300000CF9008958B3091051CF0865A9F4FADCF1D
:10301000863F4FEF94070CF0ACCF82599F4FA5CF5E
:103020006AE060931D0680911C068F5F80931C06EA
:103030008E3109F09FC010921C060E94824E1092A1
:103040004F040E948B4D0E94024E6091601270915D
:103050006112072E000C880B990B0F94F67A20E072
:1030600030E040E05FE30F9490810F9401836B01A7
:1030700020E030E040E05FE360915D0D70915E0D17
:1030800080915F0D9091600D0F9490810F9401835A
:10309000A60182E80E9495E183E00E94CC4D8091D8
:1030A0006006813009F06EC08EE796E40E94C14D43
:1030B00061E080E00E94D64D60915C1270915D12DB
:1030C000072E000C880B990B0F94F67A20E030E065
:1030D00040E05FE30F9490810F9401836B0120E047
:1030E00030E040E05FE36091A7037091A803809116
:1030F000A9039091AA030F9490810F940183A601D4
:1031000080E80E9495E183E00E94CC4D80918F027F
:103110008F9380918E028F9387E896E49F938F938D
:103120000E94AF4D98E0981B892F0E94CC4D62E021
:1031300080E00E94D64D0F900F900F900F908091DD
:103140004512E090DA1381113EC02AE9C22E26E42E
:10315000D22EE1103CC08EE9C82E86E4D82E0E9403
:103160007545F82E8823D9F180916F028F3F89F53C
:10317000F12C35C00F942381911163CF80E00E9420
:10318000414E5DCF80913E068823D9F080E21F92A8
:103190008F9380916F128F9380916E128F93809195
:1031A0006D128F9380916C128F9385E796E49F93B5
:1031B0008F930E94AF4D0FB6F894DEBF0FBECDBF08
:1031C00077CF8FE3E4CF92EAC92E96E4D92EEE2092
:1031D00031F28091BB03FF24F394882399F181EAB3
:1031E0009DE00F946880082F0E94185287FD2AC026
:1031F000081741F19BE00902B0011124675B724F8F
:1032000047E050E08E010F5F1F4FC8010F945880B8
:1032100018861F930F9389E896E59F938F930E94DA
:10322000AF4D0F900F900F900F908091041381304D
:1032300009F05AC00E945DDE95E0981B892F0E941C
:10324000CC4D5FC0E11004C080917703811142C072
:10325000DF92CF9285E896E59F938F930E94AF4DC2
:103260000F900F900F900F9080916F028536D0F1E4
:1032700080916D16882319F18091E7169091E816D8
:10328000A091E916B091EA160097A105B105B9F031
:10329000BC01CD016D597F4F8F4F9F4F24E630E029
:1032A00040E050E00F94DB806091EE167091EF16D5
:1032B0008091F0169091F1160F94DB80122F212F40
:1032C00030E084E996E4F11002C08EE896E43F9382
:1032D0002F93A3CF81E00E94CC4D88E196E00E941D
:1032E0000150C2CF182FEBCF8091630D882309F4D2
:1032F000A5C086EA96E49F938F930E94AF4D0F90EE
:103300000F900E947545882309F4ACC0C0907202EA
:10331000D0907302E0907002F090710280911B06D1
:103320008A3011F410921B0680911B068F5F8093E8
:103330001B062FEFE216F20621F0970113E4863008
:1033400070F43FEFC316D30609F07AC00E943EEB3B
:103350002CE330E040E050E00F94DB8010E240913D
:103360008E0250918F024436510509F46CC0C2168A
:10337000D30621F0E216F30609F065C0A4E6B0E03A
:103380000F9408819A01550F440B550B0F94DB8065
:103390004FE3E42E042E000CFF08E12F012E000C59
:1033A000FF0BC9016CE370E00F9431812037374186
:1033B00008F04BC0FF924F93FF931F939F938F93FF
:1033C0007F936F9380EC96E49F938F930E94AF4D11
:1033D0000FB6F894DEBF0FBECDBF98E0981B892FC3
:1033E0000E94CC4D63E080E00E94D64D0E941AE31B
:1033F0008091630D8823B1F0809174028150D9F1DE
:1034000080937402809174028530E1F1883051F428
:1034100085E10F94871680917F03882319F086E158
:103420000F9487168091610D882309F4CBCD80918C
:10343000450D8111C7CD0E94BCCEC4CD85E0FFCE25
:10344000960112E58CCF40E2A4CFFF924F93FF93F9
:103450001F937F936F9385EB96E49F938F930E94C6
:10346000AF4DB6CF8CEA96E49F938F930E94AF4DF9
:103470000F900F90B2CF8AE08093740280E00F9497
:103480008716C0CF8091DA13882361F284E1C8CF18
:10349000CF93DF9390913E12911121C0C62FD82F68
:1034A000882309F18AEE95E5662311F088EF95E50A
:1034B00063E00E942FB585EF98E60E944C5387EC9D
:1034C00095E5C11102C085EA95E50E94415580E06D
:1034D0000F9487168AE5D1118BE50F948716DF913B
:1034E000CF910D94FE4381E895E5662311F081E9C3
:1034F00095E563E00E942FB585EF98E60E944C5356
:1035000088E695E5C111E1CF80E595E5DECF2F9204
:103510003F924F925F926F927F928F929F92AF9263
:10352000BF92CF92DF92EF92FF920F931F93CF93B0
:10353000DF93CDB7DEB7E0970FB6F894DEBF0FBECE
:10354000CDBF6A877B878C879D871A013AA729A7F9
:103550000E94DCE41092410229A53AA5309314069A
:103560002093130610921606109215060E9462E22E
:103570006E837F838887998737FEFFC03DE23F8F48
:103580000E9462E26CA37DA38EA39FA38BEB93E5C5
:10359000121413040CF48AC288EA93E50E94415580
:1035A0006A857B858C859D850F9401832FE7211487
:1035B000310409F4E5C02093010670935D12609315
:1035C0005C128E819F81A885B9858E879F87A88B85
:1035D000B98B88A399A3AAA3BBA31A8A90E49B8B57
:1035E000ACE1AC8BB6E4BD8B1E8A1F8A188E198E97
:1035F0006FE7C62ED12CE12CF12C00E010E018AAC8
:103600001FA61D822FE730E040E050E029833A8377
:103610004B835C831B8E1C8E1D8E1E8E31E03A8F79
:10362000A8954091E80548A7442309F42CC20E94BC
:1036300006DD2114310409F0AAC000915D0D10913E
:103640005E0D50915F0D58AB8091600D8FA72E8954
:103650003F89488D598DB80188A99FA50F9485820F
:1036600087FD06C00E8B1F8BB8A9B88F2FA5298F99
:103670002A893B894C895D89B80188A99FA50F9447
:103680001984181634F00A8B1B8B38A93C8B4FA574
:103690004D8B0E9462E22CA13DA14EA15FA1621B55
:1036A000730B840B950B653C79408105910540F0C7
:1036B0000E947D510E9462E26CA37DA38EA39FA312
:1036C0004A8D442309F44CC02A853B854C855D8591
:1036D000B80188A99FA50F94198418160CF0D3C1BE
:1036E0000E9462E22E853F8548895989621B730BCF
:1036F000840B950B693873418105910508F4C3C1AA
:10370000D701C60129813A814B815C81821B930BD1
:10371000A40BB50BB595A795979587952114310402
:1037200009F440C0809301060E9462E26E837F83A9
:1037300088879987DC01CB012E853F854889598987
:10374000821B930BA40BB50B8B8F9C8FAD8FBE8F01
:103750003A853E8B4B854F8B5C85588F8D85898F45
:103760002A853B854C855D85B80188A99FA50F9466
:10377000858287FD1AC01A8E86C14AE04F8F00CF1E
:103780002093080670936112609360121ACF009123
:10379000A7031091A8039091A90398ABA091AA0345
:1037A000AFA755CF80930806BFCF0E9462E22E815B
:1037B0003F8148855985621B730B840B950B6938D3
:1037C000734181059105B8F20E9462E26E877F879E
:1037D000888B998B809115069091160618161906FC
:1037E0000CF02CC18E859F85A889B9892E813F81D7
:1037F00048855985821B930BA40BB50B4B8C5C8CB5
:103800006D8C7E8C480E591E6A1E7B1E2B8D3C8D46
:103810004D8D5E8D281B390B4A0B5B0B69817A81BC
:103820008B819C810F94CB80A30192010F945981CD
:10383000DA01C9018C0D9D1DAE1DBF1D843191059E
:10384000A105B1050CF43CC16C017D013CEEC31631
:10385000D104E104F1042CF04BEEC42ED12CE12C68
:10386000F12C80389105A105B1050CF437C18EEF1C
:1038700090E0A0E0B0E08C199D09AE09BF098983F2
:103880009A83AB83BC8380EA93E50E944C53C701C3
:10389000B6010F9469148BE993E50E944C5369813A
:1038A0007A818B819C810F94691484E993E50E944D
:1038B0004C5342E06A897B898C899D890F94D1158C
:1038C0008DE893E50E944C536E897F89888D998D90
:1038D0000F945142809115069091160603970CF4AF
:1038E000ADC069817A818B819C810F94F67A20E04A
:1038F00030E040E850E40F94357B4B015C012A89AD
:103900003B894C895D896E897F89888D998D0F945B
:103910008F8120ED3FE049E450E40F94357B20E0B7
:1039200030E040E05FE30F94357B9B01AC01C501C3
:10393000B4010F948F824B015C01C301B2010F945B
:10394000F67A20E030E04AE754E40F948F822B01AE
:103950003C0187E893E50E944C5342E0C501B40165
:103960000F94D11581E893E50E944C53C301B20135
:103970000F9451422AE939E949E15FE3C501B401F5
:103980000F94357B4B015C018092CA039092CB036C
:10399000A092CC03B092CD03AC019B010F94908117
:1039A000A30192010F948F826093C6037093C703A3
:1039B0008093C8039093C903A3019201C501B40188
:1039C0000F94357B20E030E040E05EE30F94357BE0
:1039D0006093C2037093C3038093C4039093C503A1
:1039E00083E793E50E9441558DE693E50E944C5391
:1039F0006091CA037091CB038091CC039091CD0369
:103A00000F94514287E693E50E944C536091C603A0
:103A10007091C7038091C8039091C9030F945142DC
:103A200081E693E50E944C536091C2037091C303F9
:103A30008091C4039091C5030F94514289819A816A
:103A4000AB81BC818C0D9D1DAE1DBF1DB595A7958D
:103A5000979587952114310409F445C08093010698
:103A60008091150690911606019690931606809304
:103A700015063A853A8B4B854B8B5C855C8B8D8527
:103A80008D8B98A59A8F20E030E040EA51E46A855A
:103A90007B858C859D850F949081980148A95FA5B1
:103AA0000F94858287FF22C087E393E50E944155EA
:103AB00081E080934102109216061092150698C07C
:103AC00034E1C32ED12CE12CF12C24E130E040E094
:103AD00050E029833A834B835C83D5CEC982DA8256
:103AE000EB82FC82D0CE80930806BACF0E9462E2BD
:103AF00028A139A14AA15BA1621B730B840B950B12
:103B0000613D77408105910558F1A0900106B12CE7
:103B100084E393E52114310429F4A0900806B12C24
:103B200081E393E50E944C5342E0B80188A99FA528
:103B30000F94D1158DE293E50E944C53C5010F946B
:103B40006E424D81442309F46CC05F8D451770F5BA
:103B50004F5F4D830E9462E268A379A38AA39BA36F
:103B60000E9462E24B015C010E9462E24E805F8033
:103B7000688479842E853F8548895989420E531E71
:103B8000641E751E84189508A608B708860E971E31
:103B9000A81EB91E31E883163FE4930632E1A3065E
:103BA000B10408F447C080E193E580CF8D819F8DFB
:103BB0008913D0CF8F5F8D832BA53CA54DA55EA526
:103BC000B80188A99FA50F948F819F7720E030E0EE
:103BD00040EA50E40F94858287FFBCCF632D661FB7
:103BE0006627661F80E00F94481A81E080934102A7
:103BF000E0960FB6F894DEBF0FBECDBFDF91CF9138
:103C00001F910F91FF90EF90DF90CF90BF90AF90FA
:103C10009F908F907F906F905F904F903F902F90EC
:103C200008950BA71CA7A8A9ADA7BFA5BEA721E013
:103C30002D8390CF809115069091160649A55AA51F
:103C4000481759071CF484EB92E530CF80E00E94BE
:103C50009D4DE6CCCF92DF92EF92FF920F931F9390
:103C6000CF93DF931F921F92CDB7DEB7A8958091B7
:103C7000E805882309F429C20E9406DD8091BC036F
:103C8000882389F18091BC03829586958770813065
:103C900001F108F4BEC1843030F58091BC038695F3
:103CA000869583708230F8F48091BC038695869562
:103CB00083709091BC0392959695977061E08130E6
:103CC00009F060E081E0923009F080E00F94481A3A
:103CD0000AC08091BC0386958695837009F44BC118
:103CE000813009F479C10E9462E200910A171091B3
:103CF0000B1720910C1730910D17601B710B820B65
:103D0000930B6938734181059105D0F08091A1032F
:103D1000811116C00E9462E260930A1770930B171C
:103D200080930C1790930D17809120068093650265
:103D30008B3418F08FEF8093200681E08093A103ED
:103D40000E9462E200910A1710910B1720910C1744
:103D500030910D17601B710B820B930B653671054B
:103D60008105910508F4A5C18091A103882309F478
:103D7000A0C16091C8057091C905072E000C880B81
:103D8000990B0F94F67A6B017C010E9462E200911C
:103D90000A1710910B1720910C1730910D17601B0B
:103DA000710B820B930B0F94F47A9B01AC0160E0D2
:103DB00070E08AE793E40F948F82A70196010F9435
:103DC000357B0F9401837093A3036093A2036091EA
:103DD000CA057091CB05072E000C880B990B0F9428
:103DE000F67A6B017C010E9462E200910A17109141
:103DF0000B1720910C1730910D17601B710B820B64
:103E0000930B0F94F47A9B01AC0160E070E08AE7B9
:103E100093E40F948F82A70196010F94357B0F9442
:103E200001837093A5036093A4031092C9051092B7
:103E3000C8051092CB051092CA0583E08A8382E000
:103E4000898380914002882351F087E89FE00F9496
:103E5000688091E0811101C090E0909340028091D0
:103E6000A2039091A30344970CF0F2C020E030E04D
:103E700048E452E460915D0D70915E0D80915F0D9C
:103E80009091600D0F94198418160CF0E1C0809188
:103E900093058F5F809393058091930581110BC0EB
:103EA00080919405811107C08091BE03823019F47E
:103EB00081E08093BE038091BE03813061F40E9453
:103EC0007545811108C01092BE031092AB0387EEB6
:103ED00090E60E9471B980914002882309F4D9C00C
:103EE0008091BE03823009F4D4C083E9E82E85E0D6
:103EF000F82ECE0101966C0110E002E0F7019191DD
:103F00007F01F60181916F01891780F5F7013197E3
:103F100010828091BE03823049F10093BE030E945B
:103F20002445882309F49AC00E941945811107C0CD
:103F300080914512882309F48EC00E94E0941130CC
:103F400009F493C085EE93E50E9441558091AB033F
:103F500081110CC041E070E060E088EC90E00E94CC
:103F6000D6F762E082E59FE10E942FB5113009F497
:103F700090C011E0C3CF8091BC0381FF12C060915B
:103F8000BC036295617080913E12811107C080E48C
:103F900094E50F9485148CE50F9487160F94FE43D7
:103FA000A2CE6091F8037091F9036B5F7F4F072EEB
:103FB000000C880B990B0F94F67A8B019C014091B1
:103FC0005D0D50915E0D60915F0D7091600D8AE600
:103FD00092E00E948EDE87CE8091BC0381FF0AC0F2
:103FE00080913E128111DACF61E084E394E50F9471
:103FF0008514D4CF4091A7035091A8036091A903E1
:104000007091AA0300E010E02CE032E486E692E032
:10401000E0CF8091BC0386958695837059F08130FE
:1040200009F061CE80913E128111B8CF61E080E548
:1040300094E5DDCF6091BC036295617080913E1282
:104040008111ACCF88E494E50F9485148DE5A4CF5D
:104050001092930521CF0E943DA871CF109261125A
:10406000109260121092BB036ACF8DE094E50E941B
:1040700041558091AB0381110CC041E070E060E0DC
:1040800088EC90E00E94D6F762E087E596E40E9413
:104090002FB580916502809320060E9462E26093B2
:1040A0000A1770930B1780930C1790930D171092AB
:1040B000A1030F900F90DF91CF911F910F91FF906F
:1040C000EF90DF90CF900C947D510F900F90DF9187
:1040D000CF911F910F91FF90EF90DF90CF900895B7
:1040E0002F923F924F925F926F927F928F929F9208
:1040F000AF92BF92CF92DF92EF92FF920F931F93F6
:10410000CF93DF93CDB7DEB7C458D1090FB6F8947B
:10411000DEBF0FBECDBF69A37AA38BA39CA32DA343
:104120003EA34FA358A7A796ECAEFDAE0EAF1FAFB0
:10413000A797A996DFAECEAEA99789AE99AAADAEE4
:10414000BDAAC656DF4F08811981CA59D040809157
:10415000410D8F5FA0968FAFA097803119F4A09684
:104160001FAEA0978091420DA0962FADA09782130D
:104170000FC00F942A1E80E00E94F65C80E00E942F
:104180009D4D8091420DA0963FADA097831789F376
:104190004091450DA1964FAFA197442311F182E1C3
:1041A00099E60E944C538AE496E40E944155CC570C
:1041B000DF4F0FB6F894DEBF0FBECDBFDF91CF91BA
:1041C0001F910F91FF90EF90DF90CF90BF90AF9035
:1041D0009F908F907F906F905F904F903F902F9027
:1041E00008959091410D292E312C8EE6989FD00193
:1041F0001124A396BFAFAEAFA397CD018F59994FAE
:10420000FC01E95BFF4F108284599F4FFC01118232
:1042100010820115110511F40D945D2B80E1F80158
:10422000A754B94F01900D928A95E1F78EE6829DD1
:104230008001839D100D11240F59194FF801E85981
:10424000FF4FC456DF4F88819981CC59D04091836C
:10425000808306591F4F60917A0270917B02809192
:104260007C0290917D020F940883D8016D937C931A
:1042700080910C048823A9F010924B0610924C06F2
:1042800010924D0610924E0610922D0410922E049C
:1042900010922F041092300410920C0481E080934D
:1042A0000B04BE016B5D7F4FCE0181960E945A4781
:1042B000C9A0DAA0EBA0FCA020916E0D30916F0D8B
:1042C0004091700D5091710DC701B6010F94357B6F
:1042D0000F94CD84C358DF4F688379838A839B838F
:1042E000CD57D0408DA09EA0AFA0B8A42091720D54
:1042F0003091730D4091740D5091750DC501B4014D
:104300000F94357B0F94CD84CF57DF4F688379832B
:104310008A839B83C158D04080910C13882311F469
:104320000D94642BA5019401C701B6010F940B6E87
:10433000A7962CAD3DAD4EAD5FADA7970F94908184
:104340002091760D3091770D4091780D5091790D37
:104350000F94357B0F94CD84E5966CAF7DAF8EAF17
:104360009FAFE597A996EEADFFADA99780809180AC
:10437000A280B38020917A0D30917B0D40917C0D0D
:1043800050917D0DC501B4010F94357B0F94CD8400
:10439000AD966CAF7DAF8EAF9FAFAD9780914B0662
:1043A00090914C06A0914D06B0914E06AD964CAC46
:1043B0005DAC6EAC7FACAD97481A590A6A0A7B0AAD
:1043C00080913F0690914006A0914106B09142062F
:1043D000C358DF4FC880D980EA80FB80CD57D040DA
:1043E000C81AD90AEA0AFB0A80914306909144064A
:1043F000A0914506B0914606CF57DF4F28813981FD
:104400004A815B81C158D040281B390B4A0B5B0B9A
:1044100029A73AA74BA75CA7809147069091480629
:10442000A0914906B0914A06E5962CAD3DAD4EAD42
:104430005FADE597281B390B4A0B5B0B2DA73EA7F9
:104440004FA758AB411451046104710409F480C0B2
:1044500060915D0D70915E0D80915F0D9091600D8A
:104460000F9401832091570230915802621773070D
:104470000CF5AD968CAD9DADAEADBFADAD97809357
:104480004B0690934C06A0934D06B0934E06809237
:104490002D0490922E04A0922F04B092300482E159
:1044A00099E60E944C5380E396E40E944155412CCA
:1044B000512C3201C301B20177FE07C0662777276E
:1044C000CB0164197509860997090F94F67A4B0197
:1044D0005C0120E030E048EE53E460917A0D709189
:1044E0007B0D80917C0D90917D0D0F94357B9B0110
:1044F000AC01C501B4010F94198418164CF5AD96A2
:104500002CAD3DAD4EAD5FADAD9720934B063093D6
:104510004C0640934D0650934E06A996EEADFFAD66
:10452000A99780819181A281B38180932D0490937A
:104530002E04A0932F04B093300482E199E60E94E8
:104540004C5382E196E40E944155412C512C32019A
:104550008EE6829DF001839DF00D1124EF59F94FF5
:10456000D701C601F7FE07C088279927DC018C19FF
:104570009D09AE09BF0980839183A283B3838EE630
:10458000829DF001839DF00D1124EF59F94F89A50B
:104590009AA5ABA5BCA5B7FF07C0B095A09590950F
:1045A00081959F4FAF4FBF4F84839583A683B78379
:1045B0008EE6829DF001839DF00D1124EF59F94F95
:1045C0008DA59EA5AFA5B8A9B7FF07C0B095A095CA
:1045D000909581959F4FAF4FBF4F80879187A2875E
:1045E000B387B301A20177FE07C044275527BA015C
:1045F00044195509660977098EE6829DF001839D6D
:10460000F00D1124EF59F94F448755876687778756
:10461000008111812281338184819581A681B781B6
:1046200080179107A207B30714F4D901C801EEE679
:10463000BE2EB29CF001B39CF00D1124EF59F94F3E
:1046400080849184A284B38488159905AA05BB054A
:1046500014F4D501C40184179507A607B70714F40D
:10466000DB01CA014EE6429DF001439DF00D11248D
:10467000EF59F94F808B918BA28BB38B0697A105D5
:10468000B1050CF494CD80915812DF01AA5BBF4FA5
:104690008C93F7FE02C00D94742B108E89A59AA5F9
:1046A000ABA5BCA5B7FF0BC08EE6829DF001839D34
:1046B000F00D1124EF59F94F808D8260808F8DA508
:1046C0009EA5AFA5B8A9B7FF0BC08EE6829DF001ED
:1046D000839DF00D1124EF59F94F808D8460808FF8
:1046E00077FE0BC08EE6829DF001839DF00D1124B4
:1046F000EF59F94F808D8860808F012B022B032B9F
:1047000009F017988EE6829DF001839DF00D11242B
:10471000EF59F94F84819581A681B781892B8A2B26
:104720008B2B09F016988EE6829DF001839DF00D8B
:104730001124EF59F94F80859185A285B385892B86
:104740008A2B8B2B09F015988EE6829DF001839DB4
:10475000F00D1124EF59F94F84859585A685B7850D
:10476000892B8A2B8B2B09F014988EE6829DF00101
:10477000839DF00D1124EF59F94F24853585468529
:1047800057852A962CAF3DAF4EAF5FAF2A97232BAC
:10479000242B252B09F0ACC7A090AA0DB090AB0D2F
:1047A0000091AC0D1091AD0D29AD39A94DAD5DA9AC
:1047B000B501C8010F941984181624F4A9AEB9AA3A
:1047C0000DAF1DABC701B6010F94F67A20916E0DA7
:1047D00030916F0D4091700D5091710D0F948F823B
:1047E0004B015C0189829A82AB82BC8269A57AA561
:1047F0008BA59CA50F94F67A2091720D3091730DC4
:104800004091740D5091750D0F948F826B017C0156
:10481000CD82DE82EF82F8866DA57EA58FA598A950
:104820000F94F67A2091760D3091770D4091780DA6
:104830005091790D0F948F8222966CAF7DAF8EAF21
:104840009FAF229769877A878B879C87C301B201C4
:104850000F94F67A20917A0D30917B0D40917C0D6A
:1048600050917D0D0F948F8226966CAF7DAF8EAFE9
:104870009FAF26976D877E878F87988B8EE6829D68
:10488000F001839DF00D1124EF59F94F8081918142
:10489000A281B3812E968CAF9DAFAEAFBFAF2E97E6
:1048A0000697A105B1050CF02CC784819581A681DE
:1048B000B7810697A105B1050CF023C780859185C6
:1048C000A285B3850697A105B1050CF01AC72696F7
:1048D0008CAD9DADAEADBFAD2697BF7785A796A732
:1048E000A7A7B0AB8EE6829DF001839DF00D112449
:1048F000EF59F94F45A456A467A470A8A3019201EB
:1049000060E070E080E89FE30F948F8229AD39A9C1
:104910004DAD5DA90F94357B6B017C018091410DFC
:104920009091420D891B8F708DAF8250863008F0B8
:1049300040C0A701960160E074E284E799E40F9417
:104940008F820F94CD844B015C018091AE0D9091CC
:10495000AF0DA091B00DB091B10D88169906AA06C1
:10496000BB0638F5BC01CD01681979098A099B0994
:10497000660F771F881F991FADAD2A2F30E050E0DA
:1049800040E00F94DB80CA01B9010F94F47A0F94D0
:104990000183680D791D8A1D9B1D0F94F47A9B017C
:1049A000AC0160E074E284E799E40F948F826B01BC
:1049B0007C01A3019201C701B6010F94357B6DAB59
:1049C0007EAB8FAB98AF8EE6829D8001839D100DEC
:1049D00011240F59194F2DA93EA94FA958ADD8013F
:1049E00091962D933D934D935C93949750966D9132
:1049F0007D918D919C9153970F94F47A69AF7AAF22
:104A00008BAF9CAF9B01AC01C701B6010F94357B06
:104A10000F946E820F94088362966CAF7DAF8EAF59
:104A20009FAF6297F80166AB77AB80AF91AF9E0105
:104A30002F5F3F4F3AAB29ABAE014F5E5F4F6E9693
:104A40005FAF4EAF6E978EE79DE068969FAF8EAFDB
:104A500068976C965FAF4EAF6C9719A61DA600E8DD
:104A60001FE3A9A9BAA92D913D914D915D91BAABD2
:104A7000A9ABC701B6010F94357B6C96EEADFFADC7
:104A80006C9761937193819391936C96FFAFEEAFA6
:104A90006C974B015C01E894B7F86896AEADBFAD7A
:104AA00068972D913D914D915D916896BFAFAEAFE6
:104AB000689766962CAF3DAF4EAF5FAF6697C50166
:104AC000B4010F9419841816B4F4A50194016696E4
:104AD0006CAD7DAD8EAD9FAD66970F948F824B010F
:104AE0005C0129A53DA5A8010F94198418161CF096
:104AF00089A69DA685016E96EEADFFAD6E9729A99C
:104B00003AA9E217F30709F0ACCF20E030E040E823
:104B10005FE369A57DA5C8010F94858287FF50C01A
:104B20006E96AEACBFAC6E9730E1A30EB11C6E9624
:104B3000CEACDFAC6E97D6016D917D918D919D913C
:104B40006D017D01B4E0EB1AF10829A53DA5A8018E
:104B50000F94357BF7016083718382839383AC1458
:104B6000BD0449F72EE6229DC001239D900D11241E
:104B70009C012F59394F790129A53DA5A8016DA99F
:104B80007EA98FA998AD0F94357BD70191966D932F
:104B90007D938D939C93949762966CAD7DAD8EAD15
:104BA0009FAD62970F94F47A29A53DA5A8010F94B3
:104BB000357B0F940883F70166AB77AB80AF91AF7D
:104BC000A301920169AD7AAD8BAD9CAD0F948F823C
:104BD00069A77AA78BA79CA72E962CAD3DAD4EADAD
:104BE0005FAD2E97232B242B252B09F0B9C58EE61C
:104BF000829D8001839D100D11240F59194FF801DA
:104C000084819581A681B781892B8A2B8B2B09F012
:104C1000A7C580859185A285B385892B8A2B8B2B8F
:104C200009F09EC52091A20D3091A30D4091A40DD5
:104C30005091A50D69A57AA58BA59CA50F94357BF0
:104C40000F946E820F9408832B013C01F801E45B02
:104C5000FF4F10826A961CAE1DAE1EAE1FAE6A9745
:104C60008EE6829D8001839D100D11240F59194FEE
:104C7000F801EE5BFF4F4082518262827382C30172
:104C8000B2010F94F47A6B017C0129A53AA54BA5DA
:104C90005CA50F948F82E1966CAF7DAF8EAF9FAF16
:104CA000E197F80161AB72AB83AB94AB2DEB37E3CB
:104CB00046E051E4C701B6010F94357B0F94088399
:104CC000D80154966D937D938D939C9357979196AD
:104CD000BC912796BFAF2797F801F2A12B96FFAFA3
:104CE0002B97D8019396BC912F96BFAF2F97F801C1
:104CF000F4A16396FFAF639722EB3DE0ED963FAFE3
:104D00002EAFED976E964EAC5FAC6E9730E1430ED2
:104D1000511C02EB1DE06E966EAC7FAC6E97279631
:104D20004FAD279749A72B965FAD2B975DA7B9AFDE
:104D3000F9AB1DAAD3018D909D90AD90BD903D0122
:104D4000E894B7F8F801C190D190E190F1908F010B
:104D5000A5019401C701B6010F94858287FF3AC06F
:104D6000FDA9FF2309F47EC629A53DA549AD59A992
:104D7000C501B4010F94357B4B015C01A70196017D
:104D800027966FAD27972B967FAD2B972F968FADDC
:104D90002F9763969FAD63970F94357B6B017C01D2
:104DA000AC019B01C501B4010F941984181694F449
:104DB000A5019401C701B6010F948F829B01AC013C
:104DC00069A57DA589AD99A90F94357B69A77DA7B4
:104DD00089AF99AB4614570409F0ACCF8EE6829D9B
:104DE000F001839DF00D1124EF59F94F15AA809120
:104DF0000B04882321F080E185AB10920B043DADBC
:104E0000323008F48FC640910D046B964FAF6B970C
:104E100050910E046F965FAF6F9700910F04109141
:104E2000100427E137EB41ED58E36B966FAD6B97BC
:104E30006F967FAD6F97C8010F94198418160CF008
:104E400071C66B962FAD6B976F963FAD6F97A801AC
:104E500027966FAD27972B967FAD2B972F968FAD0B
:104E60002F9763969FAD63970F94858287FF01C646
:104E70006B962FAD6B976F963FAD6F97A8012796F6
:104E80006FAD27972B967FAD2B972F968FAD2F97D2
:104E900063969FAD63970F948F82EB966CAF7DAF57
:104EA0008EAF9FAFEB9727968FAD27978DAF2B9641
:104EB0009FAD2B979DAB2F96AFAD2F97AEAF63965F
:104EC000BFAD63972396BFAF239721E134E0E79608
:104ED0003FAF2EAFE797412C512C30E8632E3FE3D4
:104EE000732EE796AEADBFADE7978D909D90AD90D8
:104EF000BD90E796BFAFAEAFE7976E96EEADFFAD54
:104F00006E97C190D190E190F1906E96FFAFEEAFA9
:104F10006E976B962FAD6B976F963FAD6F97A8010D
:104F200027966FAD27972B967FAD2B972F968FAD3A
:104F30002F9763969FAD63970F94858287FF0CC070
:104F4000EB962CAD3DAD4EAD5FADEB97C501B40119
:104F50000F94357B4B015C01A196FFADA197FF2318
:104F600081F0A3019201C501B4010F94357B4B017F
:104F70005C01A3019201C701B6010F94357B6B015F
:104F80007C01A7019601C501B4010F94198420E0AA
:104F900030E0A90118160CF0A3C5C701B6010F94A3
:104FA000198418164CF020E030E0A901C501B401C5
:104FB0000F94858287FF85C5A7019601C501B401BD
:104FC0000F948F816B017C01ED96AEADBFADED9777
:104FD0008D909D90AD90BD90ED96BFAFAEAFED972B
:104FE000A5019401C701B6010F941984181694F411
:104FF000A7019601C501B4010F948F829B01AC01FA
:10500000C301B2010F94357B2B013C01B1E0A196A5
:10501000BFAFA197E1E2F4E0E7962EAD3FADE79791
:10502000E217F30709F05DCFA1963FADA1973323B7
:1050300081F0A30192016DAD7DA98EAD23969FAD48
:1050400023970F94357B6DAF7DAB8EAF23969FAFCB
:10505000239724EA30E74DE75FE36DAD7DA98EAD80
:1050600023969FAD23970F94357B6B017C01AC0198
:105070009B016091B6047091B7048091B80490913F
:10508000B9040F9419841816FCF429A53DA549AD5F
:1050900059A9C701B6010F94858287FF15C08EE616
:1050A000829DF001839DF00D1124EF59F94F85A9E0
:1050B000846085AB49A54DAF5DA55DAB89AD8EAF75
:1050C00099A923969FAF23978EE6829D8001839DA9
:1050D000100D11240F59194F8DAD9DA9AEAD23961A
:1050E000BFAD2397F80181A792A7A3A7B4A729A5CD
:1050F0003DA549AD59A969A57DA589AD99A90F948B
:10510000357B6B017C01E1966CAD7DAD8EAD9FADC5
:10511000E19790589B01AC010F949081D8019D9626
:105120002D913D914D915C91D0970F94357B9B01D2
:10513000AC01C701B6010F948F810F945E85D62E06
:10514000E72E8C012DAD3DA94EAD23965FAD239783
:105150000F941984181634F0DDAEEDAA0EAF239625
:105160001FAF23978EE6829DF001839DF00D1124E1
:10517000EF59F94F8DAD9DA9AEAD2396BFAD2397E5
:1051800085A396A3A7A3B0A7F5A82D2D3E2DA80112
:1051900027966FAD27972B967FAD2B972F968FADC8
:1051A0002F9763969FAD63970F94858218160CF422
:1051B000CFC483E09EE6929D8001939D100D112443
:1051C0000F59194FF82AF801F5AA80E1FE017196EE
:1051D000A1E1B4E001900D928A95E1F727968FAD99
:1051E00027972B969FAD2B972F96AFAD2F97639652
:1051F000BFAD639780930D0490930E04A0930F04AA
:10520000B093100489A59DA5A9ADB9A98093B60452
:105210009093B704A093B804B093B904D801D6967C
:105220006D917D918D919C91D9970F94F47A2796E9
:105230002FAD27972B963FAD2B972F964FAD2F97DE
:1052400063965FAD63970F948F822B013C01F80149
:10525000E85BFF4F40825182628273823496808184
:10526000882309F489C02091BA043091BB0440918D
:10527000BC045091BD046A966CAD7DAD8EAD9FAD02
:105280006A970F94357B4B015C01C0907A0DD090EA
:105290007B0DE0907C0DF0907D0D0C5A1F4FA70107
:1052A00096010F94357BA30192010F948F82F80130
:1052B000608371838283938320E030E0A9016A9642
:1052C0006CAD7DAD8EAD9FAD6A970F9419841816A5
:1052D0000CF040C4A5019401E1966CAD7DAD8EAD9E
:1052E0009FADE1970F94357BA70196010F94357B15
:1052F0006B017C0120E030E44CE157E40F94198409
:1053000018163CF4C12C20E4D22E2CE1E22E27E426
:10531000F22EA701960160E074E284EF99E40F9405
:105320008F824B015C0120E030E44CE956E4C70178
:10533000B6010F94198418160CF017C48EE6829DDE
:105340008001839D100D11240F59194F7801FDE440
:10535000EF0EF11C20E030E040E850E4C501B4015C
:105360000F94357B0F940883D7016D937C93F801DC
:10537000ED5AFF4F84E0808309A51DA529AD39A909
:105380004DAD5DA96EAD23967FAD2397A3968EADEF
:105390009FADA3978F59994F0E940BDF8EE6829D98
:1053A000F001839DF00D1124EF59F94F8089918907
:1053B000A289B38981159048A105B10518F485A982
:1053C000886085AB8FB7F8949091450D911193C487
:1053D000A0963FADA0973093410D8FBFC358DF4FCC
:1053E00088819981AA81BB81CD57D04080933F06A7
:1053F00090934006A0934106B0934206CF57DF4FEB
:10540000288139814A815B81C158D040209343066D
:10541000309344064093450650934606E5968CAD7E
:105420009DADAEADBFADE59780934706909348061E
:10543000A0934906B0934A06AD962CAD3DAD4EAD56
:105440005FADAD9720934B0630934C0640934D06CD
:1054500050934E0689A19AA1ABA1BCA180932104CF
:1054600090932204A0932304B09324048DA19EA1C1
:10547000AFA1B8A58093250490932604A093270498
:10548000B0932804A7968CAD9DADAEADBFADA797E8
:105490008093290490932A04A0932B04B0932C04A6
:1054A000A996EEADFFADA99780819181A281B381CC
:1054B00080932D0490932E04A0932F04B093300476
:1054C000F090420D8091410D8F198F70833040F123
:1054D0001091410D111101C010E11150FEE61F9F06
:1054E000C00111249C012F59394F5901111101C0DC
:1054F00010E111503EE6139FC0011124AC014F5939
:10550000594F6A019EE6692EF11669F0D601D596CB
:105510000C9102FF7EC38091410D811B8F70F12E93
:10552000823008F4A3C03EE6F39EC0011124AC0112
:105530004F59594F5A01F39450E1F51201C0F12C23
:10554000AEE6FA9EC0011124FC01EF59F94F6F013C
:105550008EE6882ED501D5968C91D59781FD5AC0BF
:1055600095964D905D906D907C909897F60195A0E2
:10557000E6A007A110A5292D3E2DA801C301B20167
:105580000F94858287FF46C0A3019201C301B20137
:105590000F94357B2B013C01D501D1966D917D9106
:1055A0008D919C91D49790589B01AC010F94908160
:1055B000F50125A536A547A550A90F94357B9B017C
:1055C000AC01C301B2010F948F810F945E852B0152
:1055D0003C019B01AC01692D7E2DC8010F94858291
:1055E00087FF03C0492C5E2C38019201A301692D6D
:1055F0007E2DC8010F948582882361F0D601D5964F
:105600002C91C201D301F60185A396A3A7A3B0A74D
:10561000216025ABD501D5968C91D597F60195A93A
:10562000892B80FF14C005A116A127A130A595964E
:105630004D915D916D917C919897C5010E940BDF12
:10564000D501D5968C91D5978E7FD5968C93F39472
:10565000B0E1FB1201C0F12CF89CC00111248F595C
:10566000994F2091410D5601F21243C38091410D93
:10567000811101C080E18150EEE68E9FC0011124AE
:105680009C012F59394F7901D90195964D915D9122
:105690006D917C91989709A51DA529AD39A9C701E0
:1056A0000E940BDFF70185A98E7F85AB80916F008B
:1056B000826080936F000D94D720A754B94F80E18A
:1056C000E4E6F2E10D9412212091760D3091770DF0
:1056D0004091780D5091790DA7966CAD7DAD8EAD52
:1056E0009FADA7970D94A82181E0808F0D944E2344
:1056F000A090A60DB090A70D0091A80D1091A90D36
:1057000053C8C501B4010F94317B4B015C01C70143
:10571000B6010F94317B9B01AC01C501B4010F941C
:1057200090816B017C0122966CAD7DAD8EAD9FADFD
:1057300022970F94317B9B01AC01C701B6010F94F6
:1057400090810F945E852EE6229DF001239DF00D41
:105750001124EF59F94F65A776A787A790ABC2C868
:105760002A962CAD3DAD4EAD5FAD2A97232B242B51
:10577000252B09F40EC160919E0D70919F0D8091B3
:10578000A00D9091A10D29A53AA54BA55CA50F945C
:10579000357B0F946E820F9408832B013C0180911E
:1057A000BA049091BB04A091BC04B091BD048DA734
:1057B0009EA7AFA7B8AB20E030E0A901BC01CD01A6
:1057C0000F94198418160CF0EDC020E030E0A90108
:1057D00026966CAD7DAD8EAD9FAD26970F94198446
:1057E00087FDE0C022966CAD7DAD8EAD9FAD22975A
:1057F0009F7720E030E040E05FE30F94858287FFF1
:10580000D1C08EE6829D8001839D100D1124035529
:10581000194F81E0D8018C9320912104309122040A
:10582000409123045091240469A17AA18BA19CA1E9
:105830000F948F8169AB7AAB8BAB9CAB2091250425
:105840003091260440912704509128046DA17EA137
:105850008FA198A50F948F814B015C0120912904A1
:1058600030912A0440912B0450912C04A7966CADE2
:105870007DAD8EAD9FADA7970F948F816B017C019D
:1058800029A93AA94BA95CA9CA01B9010F94357B92
:1058900069AB7AAB8BAB9CABA5019401C501B4019C
:1058A0000F94357B9B01AC0169A97AA98BA99CA9AE
:1058B0000F9490814B015C01A7019601C701B601CD
:1058C0000F94357B9B01AC01C501B4010F9490810D
:1058D0000F945E856B017C0120912D0430912E0484
:1058E00040912F0450913004A996EEADFFADA997D9
:1058F00060817181828193810F948F81A7019601CC
:105900000F948F826A966CAF7DAF8EAF9FAF6A9710
:1059100020E030E040E450E40F94198418160CF4B1
:105920009EC020E030E0A9016A966CAD7DAD8EADE1
:105930009FAD6A970F94198418160CF042C06A96AE
:105940002CAD3DAD4EAD5FAD6A976DA57EA58FA523
:1059500098A90F94357B9B01AC016091BE0D7091AD
:10596000BF0D8091C00D9091C10D0F948F8229A51C
:105970003AA54BA55CA50F94357B0F946E820F94CE
:1059800008836415750586059705D8F42B013C013D
:1059900018C060912A0E70912B0E80912C0E909160
:1059A0002D0EF1CE8EE6829DF001839DF00D112427
:1059B000E355F94F10826A961CAE1DAE1EAE1FAEA7
:1059C0006A9710E000E0A396EEADFFADA397E00F5D
:1059D000F11FEF59F94FC080D180E280F380C114EC
:1059E000D104E104F104A1F1F801E254FB4F60811C
:1059F000718182819381641575058605970540F54F
:105A00000F94F47A29AD3AAD4BAD5CAD0F94357B74
:105A10004B015C01C701B6010F94F67A9B01AC0102
:105A2000C501B4010F948F826B017C01C301B201E7
:105A30000F94F47A9B01AC01C701B6010F948582E3
:105A400087FF06C0C701B6010F9408832B013C01F4
:105A50000C5F1F4F0031110509F0B5CF01C9D80106
:105A60001C92AFCFC9A6DDA6E9AEF9AA21E02DAB05
:105A7000B1C927962FAD27972B963FAD2B972F9621
:105A80004FAD2F9763965FAD63976B966FAD6B9736
:105A90006F967FAD6F97C8010F948F82EB966CAFB6
:105AA0007DAF8EAF9FAFEB976B96EFAD6B97EDAF82
:105AB0006F96FFAD6F97FDAB0EAF23961FAF239789
:105AC00004CAF7FAF094F7F8F094A5019401C7011D
:105AD000B6010F94858287FF77CA7501640174CA85
:105AE000C701B6010F94858287FD09C020E030E030
:105AF000A901C501B4010F94198418162CF4A5014D
:105B00009401C701B6015CCAB7FAB094B7F8B09473
:105B1000A7019601C501B4010F94198418160CF061
:105B200053CADBCF8EE6829DF001839DF00D1124D8
:105B3000EF59F94F85A9846085ABA9A5ADAFBDA587
:105B4000BDABE9ADEEAFF9A92396FFAF2397BCCA71
:105B500081E030CB2091BE0D3091BF0D4091C00D42
:105B60005091C10DC701B601C1CB20E030E44CE13A
:105B700056E4C701B6010F9419841816D4F48EE6C2
:105B8000829D8001839D100D11240F59194F7801BA
:105B9000BDE4EB0EF11CA5019401C501B4010F9405
:105BA00090810F940883F70171836083369682E0B9
:105BB000E2CB20E03FEF4FE757E4C501B4010F947B
:105BC000858287FF19C08EE6829D8001839D100D1E
:105BD00011240255194FC501B4010F940883D8014F
:105BE0006D937C938EE6829DF001839DF00D1124D0
:105BF000EC54F94F81E0BFCB8EE6829DF001839D8E
:105C0000F00D1124E255F94F8FEF9FEF91838083C0
:105C1000E9CFF60171A482A493A4E4A4272D382D22
:105C2000492D5E2D65A176A187A190A50F9485824F
:105C3000882309F451C001FD44C0D50195962D90EB
:105C40003D904D905C909897A2019101672D782D21
:105C5000892D9E2D0F94858218169CF5A201910125
:105C6000C201B1010F94357B1B012C01F60161A922
:105C700072A983A994A990589B01AC010F949081BB
:105C8000D6019D962D913D914D915C91D0970F94A9
:105C9000357B9B01AC01C201B1010F948F810F9440
:105CA0005E852B015C019B01AC01672D782D892D50
:105CB0009E2D0F94858287FD04C0742C852C9A2C10
:105CC000EB2C872D982DA92DBE2DF60185A396A32B
:105CD000A7A3B0A7016005AB111101C010E11150DD
:105CE000169DC001112456019C012F59394F69019D
:105CF0000BCC6C012FCC8FBF0D94D7208F929F922D
:105D0000AF92BF92CF92DF92EF92FF920F931F93C9
:105D10004B015C01ECE2F6E0E084F184028513853E
:105D2000248135814681578160817181828193818F
:105D30001F921F921F921F92E8E3CE2EE6E0DE2E06
:105D40000F9470200F900F900F900F901F910F9154
:105D5000FF90EF90DF90CF90BF90AF909F908F908B
:105D600008958F929F92AF92BF92CF92DF92EF925F
:105D7000FF920F931F934B015C01E4E6F2E1E08494
:105D8000F1840285138524813581468157816081A4
:105D90007181828193811F921F921F921F92E0E76F
:105DA000CE2EE2E1DE2E0F9470200F900F900F9018
:105DB0000F901F910F91FF90EF90DF90CF90BF90C9
:105DC000AF909F908F900895CF92DF92EF92FF92C5
:105DD000CF93DF9369017A01C4E6D2E19B01AC0164
:105DE0006C857D858E859F850F9490816C877D87DE
:105DF0008E879F87C701B601DF91CF91FF90EF900B
:105E0000DF90CF900D94B12E0F94B12E0C9406ED2F
:105E1000CF93DF930E942544C4E6D2E180E090E076
:105E2000A0EAB0E488879987AA87BB8765E575E50E
:105E300085E591E40F94042F8DEC9CECACE4BEE37B
:105E400088839983AA83BB8383E393E3A3E7B0ECBE
:105E50008C839D83AE83BF8368E672E1CE010E948E
:105E6000024860E070E086E193E40F94042F8AE931
:105E700099E9A9E1BEE388879987AA87BB8765E589
:105E800075E585E591E4DF91CF910D94042F2F9274
:105E90003F924F925F926F927F928F929F92AF92BA
:105EA000BF92CF92DF92EF92FF920F931F93CF9307
:105EB000DF9300D000D0CDB7DEB7809177028C831E
:105EC0001092770280E00E944EF78B830E94254457
:105ED00082E39FE50E94F7BA4CE056E463E080E07D
:105EE0000E94EA4D81E08093770280E090E0A0EA92
:105EF000B0E480936C1290936D12A0936E12B093E5
:105F00006F1265E575E585E591E40F94042F109215
:105F1000770280E090E0A0E8BFE380936412909362
:105F20006512A0936612B0936712809368129093E3
:105F30006912A0936A12B0936B1268E672E184E66C
:105F400092E10E94024860E070E088E492E40F94DD
:105F5000042F0E94924582E00F94525643E060E085
:105F600070E080E291EC0F949158811104C08FEEA3
:105F700094E40E94CD5580916C1290916D12A09185
:105F80006E12B0916F1280930D1390930E13A09325
:105F90000F13B0931013E2E0F0E0FA83E983C12C11
:105FA000D12C30EAE32E30E4F32E43E0B42E52E05D
:105FB000952E07E016E467E0A62E0E942544C092C5
:105FC0006C12D0926D12E0926E12F0926F1265E533
:105FD00075E585E591E40F94042F29812150822FE6
:105FE0006B2D0F941781892E822F0F942381782E89
:105FF00080FF03C0F92DF8198F2E882D880F880D8A
:106000000F94070A6093641270936512809366126E
:1060100090936712872D880F870D0F94070A60935E
:1060200068127093691280936A1290936B1268E6FB
:1060300072E184E692E10E94024860E070E088E448
:1060400092E40F94042F63E080E00E94D64D8A8191
:106050008F9399819F931F930F930E94AF4D43E0BD
:1060600060E070E080E291EC0F949158582E0F9010
:106070000F900F900F90882309F479CFA79CF0011F
:106080001124E80DF11DEE0FFF1FEE0FFF1FE45F5F
:10609000FC4E80916C1290916D12A0916E12B09195
:1060A0006F1281839283A383B483E981FA8131964D
:1060B000FA83E9833A9709F080CF60900D137090CE
:1060C0000E1380900F1390901013462CA72CB82C11
:1060D000292C1E821D820CE013E18D819E81835F3D
:1060E0009C4E9A83898393E0392EE981FA81C1908D
:1060F000D190E190F190FA83E9839301A401C70163
:10610000B6010F941984181614F036014701242D96
:106110003A2D4B2D522DC701B6010F94858287FD74
:1061200004C04C2CAD2CBE2C2F2C3A943110DDCF5A
:106130008D819E814C969E838D838435910559F681
:106140009301A401642D7A2D8B2D922D0F948F81B4
:1061500020E030E040E450E40F94198418162CF548
:106160008AEE95E40E944155512CFC81F093770210
:106170008B810E944EF7852D26960FB6F894DEBFD0
:106180000FBECDBFDF91CF911F910F91FF90EF9088
:10619000DF90CF90BF90AF909F908F907F906F9047
:1061A0005F904F903F902F900895198285ECE82ED4
:1061B0008FE0F82E68011D829D81911103C0E98155
:1061C000EE2329F120910D1330910E1340910F13FE
:1061D00050911013F60161817281838194810F9433
:1061E0008F8120E030E048EC52E40F94357B20E0D2
:1061F00030E040E05FE30F9490810F9437830F9479
:106200000183C7010F94AA80F2E0EF0EF11C84E035
:10621000C80ED11C9D819F5F9D83933069F6045EFB
:106220001F4FE981EF5FE983E33021F60F94875830
:106230000F94082F9ACF0F931F93CF93DF9300D023
:106240001F92CDB7DEB79B01AC0104E612E1F80165
:10625000608571858285938569837A838B839C832E
:106260000F948F81F801608771878287938765E536
:1062700075E585E591E40F94B12E0E9406ED8981C4
:106280009A81AB81BC81F80180879187A287B3870F
:10629000CE0101960F943B030F900F900F900F903B
:1062A000DF91CF911F910F91089560912906709110
:1062B0002A06072E000C880B990B0F94F67A209172
:1062C000760D3091770D4091780D5091790D0F94A6
:1062D0008F820F941B3110922A061092290608957E
:1062E0000E94A95F0D9484162F923F924F925F9265
:1062F0006F927F928F929F92AF92BF92CF92DF92D6
:10630000EF92FF920F931F93CF93DF93CDB7DEB73A
:10631000C254D1090FB6F894DEBF0FBECDBF4C01F9
:106320005B016A01322E19821C821C8E1F8E672B24
:1063300021F510E0CE014C960E942D53CE0101961E
:106340000E942D53812FCE5BDF4F0FB6F894DEBF36
:106350000FBECDBFDF91CF911F910F91FF90EF90B6
:10636000DF90CF90BF90AF909F908F907F906F9075
:106370005F904F903F902F900895FC018381811191
:10638000D8CFFA0180818F32C1F4CA016C01019625
:10639000F60120812F32D1F3F501838182508230C2
:1063A00060F0618D728DCE014C960E945AFC8E0178
:1063B000045E1F4F811102C0BCCF8501CE01019642
:1063C0007C013C012E019CE1490E511C2396EFAE4D
:1063D00023972F2CFE01F796CF010B96AF0120E2F9
:1063E0002193E817F907D9F7960190E067E0D90102
:1063F0008D91882349F18F3239F1282F8E3239F46B
:106400006A3009F496CF98E06AE09D01F0CFEDE89C
:10641000FAE43491332321F031968313FACF89CFF4
:10642000691708F486CF3FED380F3E3508F081CF6D
:106430003FE9380F3A3110F420EE280FFA01E90F46
:10644000F11D20839F5FE1CF8FA9803209F471CFC6
:106450006901F90180812F5F3F4F8F32C9F3882393
:10646000D9F021E0B801C7010F94C800882309F4CE
:1064700060CF0A151B0519F0C8010E9401FF942D79
:10648000852D6E147F0421F023969FAD2397822DD6
:106490008701E92EF82E9ECF232DB801C4010F9459
:1064A000C800182F47CFE2E7F6E1408151816281B1
:1064B0007381480F591F611D711D40835183628391
:1064C000738308952F923F924F925F926F927F92C3
:1064D0008F929F92AF92BF92CF92DF92EF92FF92F4
:1064E0000F931F93CF93DF9300D01F921F92CDB7CE
:1064F000DEB71C012A013B0100E210E019829981FC
:10650000892F90E09B838A83801791079CF5880FE1
:10651000991F880F991F9D838C83820D931D9B83E8
:106520008A83FC01C080D180E280F3808C819D81D0
:106530000496820D931D9D838C83FC018080918045
:10654000A280B380A5019401C701B6010F941984FC
:10655000181664F4EA81FB8180829182A282B38260
:10656000EC81FD81C082D182E282F382F981FF5FFA
:10657000F983C5CF0150110908F6F101E05CFF4F26
:106580002081318142815381C301B2010F94357B57
:106590006B017C0120E030E040E05FEB0F948582EE
:1065A00087FD10C020E030E040E05FE3C701B601A6
:1065B0000F94858218165CF4C12CD12CE12C8FE34A
:1065C000F82E05C0C12CD12CE12C9FEBF92EC70170
:1065D000B6010F900F900F900F900F90DF91CF9119
:1065E0001F910F91FF90EF90DF90CF90BF90AF90F1
:1065F0009F908F907F906F905F904F903F902F90E3
:1066000008950E9462E26093A4127093A512809391
:10661000A6129093A71208958091EA12882369F038
:106620008091E912882349F089E898E60E94415553
:106630008091E91281508093E91208959F92AF9260
:10664000BF92CF92DF92EF92FF920F931F93CF935F
:10665000DF93CDB7DEB7E0970FB6F894DEBF0FBE7D
:10666000CDBF8C01E090D212FE01319621E030E0E6
:106670005F01F12C40E1C42ED12C50E2952EC701D0
:10668000821B930BB6010F944581DC01BB27AB56EF
:10669000BD4E9D968C91482F50E094E055954795BE
:1066A0009A95E1F796EF940F9630A8F1405D4083FC
:1066B0008F7096EF980F963080F1805D8183928283
:1066C0002F5F3F4F339621313105C9F618AA82E179
:1066D00099E60E944C538CE099E60E944C53C80105
:1066E0000E944C5384EB98E60E944C53C5010F94D2
:1066F0007031E0960FB6F894DEBF0FBECDBFDF91CC
:10670000CF911F910F91FF90EF90DF90CF90BF90AE
:10671000AF909F900895495ACACF895ACFCF9C0114
:106720009091A9129A3011F46093A812915090930D
:10673000A91291110DC0C9010F941E3385EA98E684
:106740000E9441558AE08093A9128091A812089571
:1067500080E00895CF93DF93CDB7DEB72E970FB6C5
:10676000F894DEBF0FBECDBF2EE330E03A8329831D
:10677000FE0133962CE0DF011D922A95E9F7DE0138
:106780001296482FFC019D018E2F841B861740F422
:10679000819190EE980F903608F08EE28D93F4CFB1
:1067A000F901E60FF11D10824EE050E068E179E654
:1067B000CE0101960F94477E892B59F44EE050E0AC
:1067C000BE016F5F7F4F85E892E10F94DA86892BD7
:1067D00061F082E199E60E944C538CE099E60E94B8
:1067E0004C53CE0101960F9470314EE050E0BE0143
:1067F0006F5F7F4F85E892E10F94E8862E960FB683
:10680000F894DEBF0FBECDBFDF91CF910895CF9238
:10681000DF92EF92FF921F93CF93DF93CDB7DEB756
:1068200062970FB6F894DEBF0FBECDBF4E875F876D
:10683000688B798B8A8B4983852F511131C080E316
:106840008A8311E0E1E0E10F81E090E08C0F9D1F71
:106850008E0F911DFC018A899AE29083811127C0D5
:1068600080E3818381E01E5F180FE1E0F0E0EC0F30
:10687000FD1FE10FF11D8AE080831F5FFE0131964D
:106880007F016F01C10ED11CEC14FD04B1F0F701C2
:1068900081917F0167E772E190E00F94D07EF4CFA1
:1068A000BE016E5F7F4F0F943207182FCBCFBF0111
:1068B0006F5F7F4F0F943207D6CF612FCE010196C5
:1068C0000F94AA330F94013362960FB6F894DEBF8B
:1068D0000FBECDBFDF91CF911F91FF90EF90DF9062
:1068E000CF9008958F929F92AF92BF92DF92EF92D6
:1068F000FF920F931F93CF93DF93CDB7DEB76797C8
:106900000FB6F894DEBF0FBECDBF182F7B01D42E7B
:1069100007E50B8B8C8B7E8B6D8BCE0143960F9492
:106920005E078F8B0E871F87F98AE88ACE010E9645
:106930000F945E078A8B0983111127C080E38A8335
:1069400081E0E1E0E80F21E030E02C0F3D1F2E0F49
:10695000311DF90190E2908302E0080FAA24A3946C
:10696000B12CAC0EBD1EA00EB11CE114F10439F126
:1069700014E0C7018827907F892B71F424E0EE0C86
:10698000FF1C2A95E1F71150F4CFBE016E5F7F4FD7
:10699000812F0F943207D5CF4501882D8A19811791
:1069A00090F48F2D82958F7094E0EE0CFF1C9A95D9
:1069B000E1F70F942807F40181934F01EECF80E3B4
:1069C000F501808311E0100FE1E0F0E0EC0FFD1F16
:1069D000E10FF11D8A899AE29083811121C080E341
:1069E000818381E01F5F180FE1E0F0E0EC0FFD1FF5
:1069F000E10FF11D8AE080831F5F9E012F5F3F4FF3
:106A000079015901A10EB11CEA14FB0479F0F701D8
:106A100081917F0167E772E190E00F94D07EF4CF1F
:106A2000BF016F5F7F4F0F943207DCCF612FCE0124
:106A300001960F94AA330F940133D092981267965F
:106A40000FB6F894DEBF0FBECDBFDF91CF911F917F
:106A50000F91FF90EF90DF90BF90AF909F908F903D
:106A600008952091E3122F5F2093E312223078F4EF
:106A700030E0F901ED55F74984912F513D4EF90170
:106A8000608170E049E00F94723480E0089581E005
:106A900008952F923F924F925F926F927F928F92C2
:106AA0009F92AF92BF92CF92DF92EF92FF920F939D
:106AB0001F93CF93DF9300D01F921F92CDB7DEB705
:106AC0002B011A01F12CE12C1C821D8210E050E0F8
:106AD00066246394712C70E060E097012F59394F60
:106AE0003A832983862EC980DA80C60ED71EFC0120
:106AF00000E040E030E020E0AEEFA40FAB834423A1
:106B000019F04B3009F07DC0AEEFA20FA83008F4A9
:106B10007AC02F5F3F4F2C30310589F74F5F20E25D
:106B2000C20ED11C32964C3029F73C81301718F434
:106B30000C835D83182D6F5F7F4F6431710591F673
:106B40005F5FA0E2EA0EF11C543129F6EC816E2F52
:106B500070E090E080E00F94F67A23EC35EF48EA9D
:106B60005FE30F948F829F938F937F936F93FD8149
:106B70006F2F70E090E080E00F94F67A20E030E034
:106B800040EB50E40F9490819F938F937F936F938A
:106B9000612F70E090E080E00F94F67A20E030E022
:106BA00040EB50E40F9490819F938F937F936F936A
:106BB00085E094E69F938F930F942A7FF2011083D0
:106BC0002D81F10120830FB6F894DEBF0FBECDBF3B
:106BD0008C810F900F900F900F900F90DF91CF91BD
:106BE0001F910F91FF90EF90DF90CF90BF90AF90EB
:106BF0009F908F907F906F905F904F903F902F90DD
:106C00000895222311F02B3021F4AB81A83008F035
:106C100080CF99249394D601A20FB31FAC91A131D8
:106C200008F4912CA080B180D301022E02C0AA0FDB
:106C3000BB1F0A94E2F7AA21BB21BB24B394AB2B60
:106C400009F4B12C9B1065CF0F5F63CF8F929F9299
:106C5000AF92BF92CF92DF92EF92FF92CF93DF93EA
:106C600027E436E13093470E2093460E10926316C8
:106C700042E050E060E070E040934C1650934D16B7
:106C800060934E1670934F161092450E1092410E5F
:106C90001092420E1092430E1092440E4FEF5FEF8F
:106CA000BA0140933D0E50933E0E60933F0E709399
:106CB000400E882309F470C040E060E070E0CB0132
:106CC0000E949EFA81110DC0C0E08C2FDF91CF9100
:106CD000FF90EF90DF90CF90BF90AF909F908F90FC
:106CE0000895809107108F7779F780911310909114
:106CF0001410A0911510B091161084369105A105BD
:106D0000B10510F3C0900F10D0901010E09011104A
:106D1000F0901210C114D104E104F104A9F240E092
:106D2000C701B6010E949EFAC82F882369F280919C
:106D3000540E9091550E8115924031F6A091590E46
:106D4000AA2311F26091570E7091580E61157105CA
:106D500009F4BACF2091560E222309F4B5CFA0939F
:106D60005E162093501690E080E030E0E1E0F0E025
:106D7000D82FAF01082E02C0440F551F0A94E2F726
:106D80002417350769F041E0480F019689309105D5
:106D900079F74093591698CFC12CD12C7601BFCFEB
:106DA0008093591620915F0E3091600E50E040E0C4
:106DB0002115310541F420916D0E30916E0E4091F8
:106DC0006F0E5091700E20935116309352164093CF
:106DD00053165093541646015701860E971EA11C58
:106DE000B11C80925F1690926016A0926116B092CC
:106DF0006216E0915A0EF0915B0EF0936516E093E7
:106E00006416B0E00F94FD80DC01CB01880D991D64
:106E1000AA1DBB1D8093661690936716A0936816F3
:106E2000B093691625E0EE0FFF1F2A95E1F7E150B8
:106E3000FE4FEF2FFF27E6958E0F9F1FA11DB11D5F
:106E400080935A1690935B16A0935C16B0935D16D0
:106E500080905C0E90905D0EB12CA12C8114910459
:106E600041F48090690E90906A0EA0906B0EB090E5
:106E70006C0EC81AD90AEA0AFB0AC80CD91CEA1C0B
:106E8000FB1C04C0F694E794D794C794DA95D2F724
:106E9000C0925516D0925616E0925716F092581698
:106EA00085EFC8168FE0D806E104F10420F48CE0E9
:106EB0008093631609CF80E125EFC2162FEFD2062B
:106EC000E104F10488F08091750E9091760EA09106
:106ED000770EB091780E8093661690936716A09304
:106EE0006816B093691680E280936316EECE0F9316
:106EF0001F936091871670918816809189169091E2
:106F00008A1600913D0E10913E0E20913F0E309159
:106F1000400E601771078207930739F140E00E9425
:106F20009EFA8823F9F020918B1630918C164091AF
:106F30007B1650917C1660917D1670917E16421BD7
:106F4000530B61097109413092E0590761057105E0
:106F500020F040E052E060E070E0475B514F9AE083
:106F6000FA0190831F910F91089581E0FBCF20E0FB
:106F700030E040EA52E460E070E080EA92EC0D9488
:106F8000E42E9091051391FD17C08823A9F092FD7E
:106F900013C00F948F0780916012909161129093AB
:106FA000FA128093F912809105138460809305137F
:106FB00081E495E60D94910708958091051380FF73
:106FC00045C089E595E60F9491078091F112909163
:106FD000F212A091F312B091F4124091ED1250917F
:106FE000EE126091EF127091F01240936412509380
:106FF0006512609366127093671280936812909383
:107000006912A0936A12B0936B1260E070E088E49A
:1070100092E40F94042F8091F5129091F612A091B2
:10702000F712B091F81280936C1290936D12A093A6
:107030006E12B0936F1260E070E080E791E40F94FD
:10704000042F809105138E7F8093051308950F936D
:107050001F93CF9390910513911172C0C82F8EE2A8
:1070600095E60F9491070F948F070E9406ED80918B
:107070007612811102C00E948A42CC2309F460C0BA
:107080008091051381608093051380916C1290911B
:107090006D12A0916E12B0916F12409168125091D2
:1070A000691260916A1270916B12009164121091D2
:1070B000651220916612309167120093ED121093C1
:1070C000EE122093EF123093F0124093F11250938E
:1070D000F2126093F3127093F4128093F51290936E
:1070E000F612A093F712B093F81260E070E080EA15
:1070F00091E40E94394B80913C06882309F18091EC
:107100003D068823E9F080E090E0AAEFB2E48093A6
:10711000641290936512A0936612B0936712109256
:1071200068121092691210926A1210926B1260E04B
:1071300070E088E492E4CF911F910F910D94042F99
:10714000CF911F910F9108952F923F924F925F928E
:107150006F927F928F929F92AF92BF92CF92DF9267
:10716000EF92FF920F931F93CF93DF93CDB7DEB7CC
:10717000CD5BD1400FB6F894DEBF0FBECDBFC35775
:10718000DE4F99838883CD58D140C157DE4F798334
:107190006883CF58D140CE56DE4F59834883C259B9
:1071A000D14084E1CF56DE4F8883C159D140CE56BD
:1071B000DE4FA881B981C259D1408D919D910D902A
:1071C000BC91A02DC656DE4F88839983AA83BB83CA
:1071D000CA59D140C157DE4FA881B981CF58D1409B
:1071E0008D919D910D90BC91A02DCA54DE4F888346
:1071F0009983AA83BB83C65BD140C357DE4FA88166
:10720000B981CD58D1408D919D910D90BC91A02D0B
:10721000C654DE4F88839983AA83BB83CA5BD1405F
:10722000FE01E75FFE4FC855DE4FF983E883C85A79
:10723000D140CE018B579F4FCA55DE4F998388832B
:10724000C65AD140DE011196C856DE4FB983A883D5
:10725000C859D140312C212CB101032C000C880BD2
:10726000990B0F94F67A2AE138EF42E45EE30F942B
:10727000357B6B017C010F945085C256DE4F6883CD
:1072800079838A839B83CE59D140C701B6010F947D
:107290008A82CE55DE4F688379838A839B83C25A64
:1072A000D1409B01AC01C656DE4F688179818A814D
:1072B0009B81CA59D1400F94357BC654DE4F28813B
:1072C00039814A815B81CA5BD1400F9490816B0107
:1072D0007C0120E030E0A9010F94858218160CF0A3
:1072E0007AC2C256DE4F288139814A815B81CE59EC
:1072F000D140C656DE4F688179818A819B81CA5907
:10730000D1400F94357BCA54DE4F288139814A81A0
:107310005B81C65BD1400F9490814B015C0120E002
:1073200030E0A9010F94858218160CF054C220E0B9
:1073300030E048EF51E4C701B6010F94198487FF8C
:107340004AC220E030E048EF51E4C501B4010F9497
:10735000198487FF40C2C701B6010F9437839B0190
:10736000AC01C701B6010F948F812B013C01C5010F
:10737000B4010F9437839B01AC01C501B4010F9494
:107380008F81CC56DE4F688379838A839B83C4596F
:10739000D140A301920160E070E080E89FE30F9488
:1073A0008F81C255DE4F688379838A839B83CE5A4F
:1073B000D140CC56DE4F288139814A815B81C45946
:1073C000D14060E070E080E89FE30F948F81CE545D
:1073D000DE4F688379838A839B83C25BD140C70178
:1073E000B6010F9408836B01FB013196C655DE4F41
:1073F000F983E883CA5AD140C501B4010F940883C8
:107400008B0195E0000F111F9A95E1F7C801809656
:10741000C455DE4F99838883CC5AD140F801EC0DD6
:10742000FD1DEF59F94F608170E090E080E00F940E
:10743000F67A4B015C01CE54DE4F288139814A81B6
:107440005B81C25BD140C255DE4F688179818A8100
:107450009B81CE5AD1400F94357B9B01AC01C50175
:10746000B4010F94357B4B015C01C455DE4FE881BC
:10747000F981CC5AD140EC0DFD1DEF59F94F6081D7
:1074800070E090E080E00F94F67A6B017C01C255C9
:10749000DE4F288139814A815B81CE5AD140CC565A
:1074A000DE4F688179818A819B81C459D1400F94D4
:1074B000357B9B01AC01C701B6010F94357B9B0165
:1074C000AC01C501B4010F9490816B017C01C655DC
:1074D000DE4FA881B981CA5AD1400A0F1B1FF8019B
:1074E000EF59F94F608170E090E080E00F94F67AF8
:1074F0004B015C01CE54DE4F288139814A815B818A
:10750000C25BD140C301B2010F94357B9B01AC013A
:10751000C501B4010F94357B9B01AC01C701B601D5
:107520000F9490816B017C01C655DE4FE881F98193
:10753000CA5AD140C455DE4F88819981CC5AD14076
:10754000E80FF91FEF59F94F608170E090E080E09B
:107550000F94F67A4B015C01CC56DE4F28813981BD
:107560004A815B81C459D140C301B2010F94357B7C
:107570009B01AC01C501B4010F94357B9B01AC01AB
:10758000C701B6010F94908120E030E040E052E462
:107590000F948F816B017C01AC019B01CE55DE4FB6
:1075A000688179818A819B81C25AD1400F94357B51
:1075B000C855DE4FA881B981C85AD1406D937D93DB
:1075C0008D939D93C855DE4FB983A883C85AD14087
:1075D000A7019601C256DE4F688179818A819B811D
:1075E000CE59D1400F94357BCA55DE4FE881F981E1
:1075F000C65AD1406193719381939193CA55DE4FDE
:10760000F983E883C65AD140C856DE4FA881B981B4
:10761000C859D140CD92DD92ED92FD92C856DE4F11
:10762000B983A883C859D140BFEF2B1A3B0AE1E2C6
:107630002E16310409F010CE40E050E060E07DE30A
:10764000CE01875F9E4F0F9462329B01AC01C357FE
:10765000DE4FA881B981CD58D1406D917D918D913A
:107660009C910F949081C357DE4FE881F981CD58EA
:10767000D140608371838283938340E050E060E077
:107680007DE3CE018B579F4F0F9462329B01AC017B
:10769000C157DE4FA881B981CF58D1406D917D91FE
:1076A0008D919C910F949081C157DE4FE881F981B3
:1076B000CF58D140608371838283938340E050E050
:1076C00060E87CE3CE0101960F946232CE56DE4F25
:1076D000A881B981C259D1402D913D914D915C91C4
:1076E0000F949081162F072FF82EE92E20E030E01E
:1076F00040E050E40F94858218162CF010E000E072
:10770000F12C80E4E82EA8019701852F902FA32F5C
:10771000BE2DCE56DE4FE881F981C259D14080831B
:107720009183A283B383CF56DE4FF881C159D140F4
:10773000F150CF56DE4FF883C159D140F11137CD0A
:10774000EF92FF920F931F93C157DE4FA881B9812B
:10775000CF58D14013968C9113978F9312968C919A
:1077600012978F9311968C9111978F938C918F9381
:10777000C357DE4FE881F981CD58D14083818F9383
:1077800082818F9381818F9380818F9389E294E6A8
:107790009F938F930F942A7F0FB6F894DEBF0FBE8E
:1077A000CDBFC354DE4F0FB6F894DEBF0FBECDBFC2
:1077B000DF91CF911F910F91FF90EF90DF90CF90CD
:1077C000BF90AF909F908F907F906F905F904F9001
:1077D0003F902F90089560E070E0CB01D5CEEF92FE
:1077E000FF920F931F93CF93DF931F921F92CDB7FA
:1077F000DEB7F82EE62E80E197E29A8389838A012C
:10780000169507958F2D0E948EB00150110978F0C2
:1078100028EC30E0AE014F5F5F4F68EE73E08F2DD4
:107820000E945DAF6E2D8F2D0E94A7B0EECF6E2D02
:107830008F2D0E948EB00F900F90DF91CF911F91EE
:107840000F91FF90EF9008952F923F924F925F9289
:107850006F927F928F929F92AF92BF92CF92DF9260
:10786000EF92FF920F931F93CF93DF93CDB7DEB7C5
:107870006C970FB6F894DEBF0FBECDBF6C015B01F5
:107880004A01190118870F83FA82E982D7018D9185
:107890009C9160ED72E00F9431819C8F8B8F9F9350
:1078A0008F933F922F931F9284E68F939F928F9294
:1078B000BF92AF92DF92CF9287EA93E69F938F9326
:1078C0000F942A7F0FB6F894DEBF0FBECDBF2227DC
:1078D0003327221933093A8F298FC401990CAA0B37
:1078E000BB0B89879A87AB87BC879501BB0C440B80
:1078F000550B298B3A8B4B8B5C8BC601DD0CAA0B8D
:10790000BB0B8D8B9E8BAF8BB88F121413040CF0B6
:10791000BAC08B8D9C8D6CE370E00F94318110E1C7
:10792000161B2B8D3C8DD1010F9488810F94F47A16
:1079300020E030E044E354E40F948F826B017C013B
:107940006F817885EB8DFC8D6E0F7F1F90E080E05E
:107950000F94F47A25E33AEF4EE85CE30F94357B1D
:107960004B015C010F948A826B837C838D839E83A1
:10797000C501B4010F9450852B013C0169857A85BE
:107980008B859C850F94F67A4B015C012B8D3C8D89
:10799000A4E6B0E00F9408810F94F67A20E030E07E
:1079A00044E354E40F948F829B01AC01C501B40100
:1079B0000F948F810F9401836D877E878F87988BBB
:1079C00069897A898B899C890F94F67A4B015C01CD
:1079D000A3019201C701B6010F94357B9B01AC0155
:1079E000C501B4010F9490810F9401834B016D89FF
:1079F0007E898F89988D0F94F67A2B013C01A7011F
:107A000096016B817C818D819E810F94357B9B01DA
:107A1000AC01C301B2010F9490810F940183CB019B
:107A200001E020E431E04D855E85B4010E94E7B0BD
:107A3000212F30E08823B9F14B8D5C8D420F531F0D
:107A40004F5F5F4F5C8F4B8FEB8DFC8DA981BA81AF
:107A5000ED93FC936C960FB6F894DEBF0FBECDBFCE
:107A6000DF91CF911F910F91FF90EF90DF90CF901A
:107A7000BF90AF909F908F907F906F905F904F904E
:107A80003F902F9008952FEC32E0AB8DBC8D2A1BD8
:107A90003B0BC9016CE370E00F94318110E1161BC0
:107AA000A98DBA8D41CF2F5F3F4FAB8DBC8DA20FFB
:107AB000B31FBC8FAB8FA03DB24008F426CFC4CF1C
:107AC0002F923F924F925F926F927F928F929F92EE
:107AD000AF92BF92CF92DF92EF92FF920F931F93DC
:107AE000CF93DF93CDB7DEB7CA55D1090FB6F8945F
:107AF000DEBF0FBECDBF63969FAF8EAF63978B0186
:107B00006A017E0125E4E20EF11C80E197E2F701B3
:107B10009183808384EF93E69F938F930F942A7FC2
:107B200021E636E061963FAF2EAF6197C801805ED7
:107B300093402B969FAF8EAF2B970F900F90E0E462
:107B4000F0E02996FFAFEEAF299763962EAD3FADDB
:107B50006397205E334069963FAF2EAF69972996B1
:107B60004EAC5FAC2997312C63968EAD9FAD639779
:107B700080529C4F6B969FAF8EAF6B97609057066D
:107B8000709058068090590690905A066B96AEAC4D
:107B9000BFAC6B97311004C06996AEACBFAC6997AF
:107BA00080914F0690915006A0915106B0915206D7
:107BB000F501E81BF90BCF0171F0AF01F7FF04C02D
:107BC000442755274E1B5F0B692F661F6627661FCC
:107BD00081E00F94EF3B8091530690915406A09161
:107BE0005506B09156062B964EAD5FAD2B97481BB0
:107BF000590B57FDB2C060E04115510509F0AEC008
:107C00008091570690915806A0915906B0915A0656
:107C1000681A790A77FCABC060E06114710409F05E
:107C2000A7C040915706509158066091590670912F
:107C30005A0600E028EC30E02B966EAD7FAD2B9716
:107C4000C5010E94E7B0632D80E00E94B4F85F9206
:107C50004F9280EF93E69F938F930F942A7F63E078
:107C600084E00E94D64D5F924F9281EE93E69F93FF
:107C70008F930E94AF4D0FB6F894DEBF0FBECDBFFD
:107C800021E030E0311002C02FEF3FEF40EC420323
:107C9000C001439F900D112467969FAF8EAF6797E9
:107CA00040EE53E0249F4001259F900C349F900CA0
:107CB00011246396EEADFFAD63978E0E9F1E9E015D
:107CC0002F5F3F4F2D963FAF2EAF2D9761968EAD14
:107CD0009FAD61972F969FAF8EAF2F97712C612C20
:107CE000E0E1F7E22796FFAFEEAF279780914F06CE
:107CF00090915006A0915106B09152068401081B44
:107D0000190B17FF03C011950195110998013595BD
:107D1000279565963FAF2EAF65971C9B33C045E016
:107D2000242E6596AEACBFAC6597632D822D0E9464
:107D30008EB031E0A31AB10840F128EC30E0A70181
:107D400068EE73E0822D0E945DAF632D822D0E944C
:107D5000A7B0EFCF3324339411CF62E057FF03C0B5
:107D600051954195510982E00F94EF3B49CF64E072
:107D7000A30177FE03C051954195510984E00F940A
:107D8000EF3B4FCF22242394CCCF6596EEADFFADD1
:107D900065970E1B1F0B23961FAF0EAF2397632D06
:107DA000822D0E948EB09E012F5B3F4FA70168EE8F
:107DB00073E0822D0E9404B0882329F0632D822D68
:107DC0000E94A7B0F0CF60E082E00E94B4F820E10A
:107DD00037E227963FAF2EAF2797009157061091B5
:107DE00058062091590630915A06005A164F17FF2F
:107DF00002C00F5F1F4F1595079580915706909110
:107E00005806A0915906B0915A0680179107F4F4CC
:107E10001C9B1CC028EC30E0A70168EE73E084E0F6
:107E20000E945DAF8091570690915806A091590627
:107E3000B0915A060196A11DB11D809357069093EB
:107E40005806A0935906B0935A06D7CF1C9B3FC043
:107E50008091570690915806A0915906B0915A0604
:107E6000E0E6F9E0E81BF90BCF01F7FF02C090E074
:107E700080E025969FAF8EAF25971C9B28C08091F0
:107E8000570690915806A0915906B0915A0680362F
:107E90009940ECF49E012D5B3F4FA70168EE73E023
:107EA00084E00E9404B08091570690915806A091FA
:107EB0005906B0915A060196A11DB11D809357062F
:107EC00090935806A0935906B0935A06D6CF60E017
:107ED00084E00E948EB0F701208131812031F7E2E9
:107EE0003F0758F4A70168E17CEF84E00E945DAF92
:107EF00060E084E00E94A7B0EECF61E082E00E94E3
:107F0000B4F820E137E2F70131832083009157066E
:107F1000109158062091590630915A060C0D1D1DDE
:107F200017FF02C00F5F1F4F1595079580915706E9
:107F300090915806A0915906B0915A060817190752
:107F40000CF0D9C01C9BBBC000915706109158067D
:107F50002091590630915A061C9928C080915706E5
:107F600090915806A0915906B0915A068C199D0916
:107F700097FF02C090E080E025969FAF8EAF2597D7
:107F80001C990CC08091570690915806A0915906F3
:107F9000B0915A06C816D9060CF4AFC00091570626
:107FA000109158062091590630915A068091570633
:107FB00090915806A0915906B0915A06C816D90654
:107FC0003CF4F701808191818031974208F4B2C07E
:107FD0000C191D093110CAC0F301EE0FFF1F21E07B
:107FE00030E02C0F3D1FE20FF31F11830083FFEFE2
:107FF0006F1A7F0A67962EAD3FAD6797820E931E6C
:108000002D968EAD9FAD2D9702972D969FAF8EAF7B
:108010002D972F96EEADFFAD2F9731972F96FFAF8F
:10802000EEAF2F97F0E26F16710409F059CE21E000
:10803000421A510831E033128DCE61968EAD9FAD5C
:108040006197809661969FAF8EAF61972B96EEAD4C
:10805000FFAD2B97E05CFF4F2B96FFAFEEAF2B975A
:1080600029962EAD3FAD29972250310929963FAF71
:108070002EAF2997232B09F072CD8FED93E69F93B6
:108080008F930F942A7F0F900F90C65ADF4F0FB631
:10809000F894DEBF0FBECDBFDF91CF911F910F913E
:1080A000FF90EF90DF90CF90BF90AF909F908F9018
:1080B0007F906F905F904F903F902F90089528ECA5
:1080C00030E0A70168EE73E084E00E945DAF80912C
:1080D000570690915806A0915906B0915A060197FB
:1080E000A109B1098093570690935806A0935906A9
:1080F000B0935A061BCF86012FCF9E012D5B3F4FB9
:10810000A70168EE73E084E00E9404B080915706F6
:1081100090915806A0915906B0915A060197A1096D
:10812000B1098093570690935806A0935906B093CF
:108130005A0626CF28EC30E0A70168E17CEF84E006
:108140000E945DAF8091570690915806A091590604
:10815000B0915A060197A109B109809357069093EF
:108160005806A0935906B0935A0620CF2D96EEAD2F
:10817000FFAD2D9786AD97AD012E000C220B330B72
:10818000080F191F211D311D369527951795079545
:108190000F3F11052105310529F020F00FEF10E008
:1081A00020E030E02F96EEADFFAD2F97078F1FCF69
:1081B000EF92FF920F931F93CF93DF93CDB7DEB76C
:1081C0002F970FB6F894DEBF0FBECDBF109293125B
:1081D00005E912E1EE24E394F12CD8011196FC920A
:1081E000EE9212961C92129782E813968C9340E0BE
:1081F00060E08AE992E10F94820740E060E08FE955
:1082000092E10F948207F8011786108A118A128A68
:10821000138A8AE0848B40E060E0CE0101960F94DF
:10822000820785E0FE013196DE01169601900D92DF
:108230008A95E1F785E0FE013696AAEAB2E101905F
:108240000D928A95E1F7D8015A961C925A975C963E
:108250001C921E925B978AEA92E10F947107F801D3
:10826000818F158E168E40E060E084EB92E10F94D2
:108270008207D80194961C9240E060E0CE010B96F4
:108280000F94820785E0FE013B96DE011196019076
:108290000D928A95E1F785E0FE013196AAEBB2E1F5
:1082A00001900D928A95E1F7F80112A614A613A683
:1082B0008AEB92E10F947107D80199968C93999764
:1082C000DD961C92DD9784E992E1DF969C938E9374
:1082D000DE97F092D612E092D5121092D7121FEFCD
:1082E0001093D8120F94A1078093D9121092DA122A
:1082F0001092DB121092DC121092DE121092DD123C
:108300001092E0121092DF121092E3121092E41217
:108310001092E5121092E61283E08093E912109217
:10832000EA1285E18093E11284E18093E21283E610
:108330008093EB128093EC121092ED121092EE12D9
:108340001092EF121092F0121092F1121092F2129B
:108350001092F3121092F4121092F5121092F6127B
:108360001092F7121092F8121092FA121092F9125B
:108370001092FB128EE290E89093FD128093FC1213
:108380001093FE121093FF1210920113109200131B
:108390001093021382E0809303131092041310923F
:1083A00005131092061310920713109209131092DE
:1083B000081310920B1310920A130F948758E8EDCC
:1083C000F3E11092601410926314109285141092CD
:1083D000881489E18093471610924A1610924B1622
:1083E0001092631610926A1610926D161092EB1688
:1083F0001092ED161092EC1610927C1510927B15CF
:108400001092E7161092E8161092E9161092EA16EA
:108410001092EE161092EF161092F0161092F116BE
:10842000128213821082118210927A1510928D1688
:10843000E8EAF4E182EDDF011D928A95E9F71092F6
:10844000291410922814109227148BEE96E10E94A2
:108450009DE2E1EDF3E11182128213821482158212
:1084600016821083E4EFF6E11582178216821186D8
:10847000138612860E9462E260930A1770930B17AC
:1084800080930C1790930D172F960FB6F894DEBFBC
:108490000FBECDBFDF91CF911F910F91FF90EF9055
:1084A000089542E00F94D1150D9484168091EB123B
:1084B000833609F48FEF089580E299E60E944C53C9
:1084C00060E08CEA9CE00E94DF51813021F483E679
:1084D00090E60C9441558FE590E6FBCFBC01990FD7
:1084E000880B990B0F9469140D948416CF93C82FA1
:1084F0008093EB1282E199E60E944C5386E099E664
:108500000E944C538CEF98E60E944C538C2F90E0C5
:10851000CF910D946E42289A08950F931F93CF9395
:10852000DF93EC010E9462E28B010E94E2F88F3F30
:1085300069F00E9462E2601B710B6C177D07A8F363
:1085400080E0DF91CF911F910F91089581E0F9CFE5
:108550008AE696E10E94CCFE8AE696E10E9401FF3F
:10856000E8EDF3E1108211820895CF92DF92EF924D
:10857000FF920F931F93CF93DF93209176122111D7
:10858000D9C0092F182FEB01F8948091DA138823B2
:1085900009F4D9C080914C1290914D12A0914E12C5
:1085A000B0914F128093481290934912A0934A12AF
:1085B000B0934B120F94A502C0904812D09049126C
:1085C000E0904A12F0904B12C81AD90AE108F1085B
:1085D000C0924812D0924912E0924A12F0924B1285
:1085E0000E948552C81AD90AE108F108C0924812BF
:1085F000D0924912E0924A12F0924B1210927902F4
:1086000080917512F09074128111F82E20915412FD
:10861000309155122115310509F4D1C08111CFC017
:10862000809174128111CBC0F901E85AFF4F80E1AB
:10863000AEE7B2E001900D928A95E1F7F901E659B3
:10864000FF4F808191819093531280935212285949
:108650003F4FF90180819181909351128093501284
:108660000F94B60580E1E4E6F2E1A0E9B2E0019002
:108670000D928A95E1F7FF2061F080E090E0A0E89C
:10868000BFEB8093900290939102A0939202B093DB
:10869000930280918E0290918F0290936312809347
:1086A0006212809160129091611290935F12809398
:1086B0005E1280915C1280935B1280915A1283FB50
:1086C000882780F98093591280915812809357120D
:1086D0000E940E561092DA1381E0809376120E9467
:1086E00012ED789420E030E0A901F8016C2F7D2F85
:1086F0008F2F902F0F9485828823E1F0809159125B
:10870000811105C061E084EB91E60E94B55F0F9393
:108710001F93DF93CF9384EA91E69F938F930E94F8
:10872000536081E0809356120F900F900F900F903E
:108730000F900F90DF91CF911F910F91FF90EF90CD
:10874000DF90CF900895809145128823B1F18091F8
:10875000411290914212A0914312B0914412809321
:10876000481290934912A0934A12B0934B120F945F
:10877000A502409148125091491260914A1270919D
:108780004B12481B51096109710980913F12909168
:108790004012092E000CAA0BBB0B481B590B6A0B8D
:1087A0007B0B409348125093491260934A12709386
:1087B0004B1281E08093790223CF82E0FBCF80E0EF
:1087C00090E0A0E8BFEB80937E0290937F02A0939D
:1087D0008002B093810260917A0270917B02809155
:1087E0007C0290917D020F940883709353126093E2
:1087F0005212109251121092501232CF80913E12AA
:10880000811122C081E080933E1261E080E00E94ED
:10881000D2B985EF98E60E944C538FE691E60E940C
:10882000415586E590E60E9471B99FB7F894809112
:1088300002018460809302019FBF0F94AE0F80916C
:108840003D12816080933D1208950F931F93CF9343
:10885000DF93EC010F94267E8C018036910508F0A1
:1088600085C080915612811105C00E94C55281E0D9
:108870008093561240913B1250913C1280914C10C3
:1088800090914D104817590741F420913F123091B3
:108890004012121613060CF469C020914A10309150
:1088A0004B10121613060CF041C09C012F593F4F7C
:1088B00084179507E8F544505109401B510B4217A6
:1088C00053070CF453C050933C1240933B128091D9
:1088D0003B1290913C12FC01E25BFF4E23E02083AF
:1088E000BE018F5A9F4E0F941F7E80913F12909130
:1088F000401201969093401280933F1282E199E6D4
:108900000E944C538CED98E60E944C5380913B1290
:1089100090913C128F5A9F4E0E94A95F8AED98E673
:10892000DF91CF911F910F910C9441559C01C0CFC5
:10893000C80104964817590728F044505109401BB4
:10894000510BC1CF89EE91E0BC01601B710B8B0113
:10895000621773075CF070E060E08EE490E10F94C2
:108960009A8610933C1200933B12B1CF85EF98E6A4
:108970000E944C538CED98E60E944C53CE010E940D
:108980004C5383EC98E6CCCFAB01BC018AE696E170
:108990000E9423FD811102C080E008958AE696E1DD
:1089A0000E94AAFC8823C1F320918B1630918C166B
:1089B000275B314F309386162093851608958F924A
:1089C0009F92AF92BF92CF92DF92EF92FF920F935E
:1089D0001F93CF93DF93CDB7DEB7EE970FB6F89422
:1089E000DEBF0FBECDBF809128148F9380912714D6
:1089F0008F938EE798E69F938F938E010F5D1F4FA5
:108A00001F930F930F947F7F0F900F900F900F90F5
:108A10000F900F90F12CF80101900020E9F73197A9
:108A2000E01BF10BFE1684F46801CF0CD11CF7FC9F
:108A3000DA94F6018081082E000C990B0F947C8645
:108A4000F6018083F394E7CF80E694E10E942853F7
:108A5000A12CCE0101967C0188E6C82E81E6D82E95
:108A600080916314823008F450C080916814909112
:108A70006914A0916A14B0916B148F719927AA2779
:108A8000BB27892B8A2B8B2B09F03FC050E040E09D
:108A9000B70180E694E10F9460001816B4F5B12C8C
:108AA000F70101900020E9F73197EE19FF09BE1692
:108AB00074F447018B0C911CB7FC9A94F4018081EB
:108AC00090E00F947C86F4018083B394E9CF8A858B
:108AD0008E3731F245E050E0B801C7010F94DA86D5
:108AE000892B09F0BDCF1F930F93DF92CF920E9485
:108AF000536061E084E691E60E94B55F0F900F90AD
:108B00000F900F90AA24A394ABCF8FEF9FEFAA20D2
:108B100029F080912714909128140196909328149D
:108B200080932714EE960FB6F894DEBF0FBECDBF2C
:108B3000DF91CF911F910F91FF90EF90DF90CF9039
:108B4000BF90AF909F908F9008958F929F92AF9219
:108B5000BF92CF92DF92EF92FF920F931F93CF932A
:108B6000DF9300D01F92CDB7DEB7FC018381813047
:108B700011F080E060C0818181FFFBCF8189928903
:108B8000A389B489892B8A2B8B2B09F46EC07F01B2
:108B900040E050E0BA01CF010E9423FD882349F351
:108BA000F701C18CD28C85889688A788B08C82E02A
:108BB00090E0A0E0B0E0F60180839183A283B383CC
:108BC0009E012F5F3F4FB501A401C6010E946DFBBE
:108BD000882379F200E010E09801B501A401C601F4
:108BE0000E94DBFA882329F289809A80AB80BC80BE
:108BF000F6018789803181F5F8EF8F16FFEF9F0628
:108C0000A104B104E8F2F701158A168A178A108EBA
:108C1000118A128A138A148A818180688183C7012C
:108C20000E94CCFE882309F4A4CF40E050E0BA01B2
:108C3000C7010E9423FD0F900F900F900F90DF91BE
:108C4000CF911F910F91FF90EF90DF90CF90BF9049
:108C5000AF909F908F90089588EF88168FEF9806B9
:108C6000A8068FE0B80678F6ABCF81E0E4CF2F926C
:108C70003F924F925F926F927F928F929F92AF92AC
:108C8000BF92CF92DF92EF92FF920F931F93CF93F9
:108C9000DF93CDB7DEB7C657D1090FB6F894DEBF64
:108CA0000FBECDBF4C016B013A01E5962FAFE597A2
:108CB000502E2DB63EB6102F11708091480E8F5F4A
:108CC0008093480EFB0180859185A285B3858093B2
:108CD000ED139093EE13A093EF13B093F013412C88
:108CE0005E01F7E6AF0EB11CF6018381823008F415
:108CF000C0C180859185A285B3858F719927AA27E8
:108D0000BB27892B8A2B8B2B09F0B3C11092F1134F
:108D100041EF53E1BE01695B7F4FC6010F946000D4
:108D200018160CF0A6C18091480E873008F0A1C13A
:108D300028968FAD2897882309F49BC1853E09F4B6
:108D400039C18E3209F436C18091F1138E3209F4A3
:108D500031C163968FAD6397982F9A7009F02AC13D
:108D6000887191E0803119F090E0803131F4E5961E
:108D7000FFADE597FF2309F494C09093261480314A
:108D800061F060968FAD6097873409F013C16196EA
:108D90008FAD61978E3709F40DC1E596FFADE5976C
:108DA000F13009F41BC1F23009F425C1BE01695B41
:108DB0007F4F8CED93E10E941253C4010E94A95F82
:108DC0008CED93E10E94A95F80E20E943353A79645
:108DD0006CAD7DAD8EAD9FADA7974AE00F94F313B8
:108DE00051FE45C0A1962EAD3FADA1973093EC1337
:108DF0002093EB136F964EAD5FAD6F975093EA13D0
:108E00004093E91369968EAD9FAD6997281739078E
:108E100050F02817390799F467962EAD3FAD679744
:108E20004217530760F49093EC138093EB1367960B
:108E30008EAD9FAD67979093EA138093E91380916D
:108E4000EC138F938091EB138F938091EA138F93A0
:108E50008091E9138F932BE538E63F932F930F947E
:108E60002A7F0F900F900F900F900F900F9011236B
:108E700099F08091F113882309F4BAC081EF93E14E
:108E80009F938F93E5E5F8E6FF93EF930F942A7F86
:108E90000F900F900F900F900F9484160F942A1E2E
:108EA00089C02DB73EB7E7963FAF2EAFE797BE011B
:108EB000695B7F4FC5010E941253F40180818823B2
:108EC00009F486C001900020E9F73197E819F90903
:108ED000D5010D900020E9F7EA19FB09EA0FFB1F05
:108EE00031962DB73EB72E1B3F0B0FB6F8943EBF01
:108EF0000FBE2DBFEDB7FEB731967F0160EF72E078
:108F00008111B401C7010F94D386B501C7010F9435
:108F1000B48660EF72E0C7010F94B4861123A9F004
:108F20008091F113811157C0C5019F938F93FF92D8
:108F3000EF922AE638E63F932F930F942A7F0F9003
:108F40000F900F900F900F900F901CA21FA221E086
:108F5000A501B601CE0184960F94743183E2FE011F
:108F6000B496DE01119601900D928A95E1F710FBFF
:108F700050F8052D20E050E040E0BE016F5F7F4FCC
:108F8000C7010F943746CE0101960E942D5311233D
:108F900021F081E698E60F94517FCE0184960E94DD
:108FA0002D53E796EEADFFADE7970FB6F894FEBFF1
:108FB0000FBEEDBFF60180859185A285B3858093B4
:108FC000ED139093EE13A093EF13B093F0138CCEA8
:108FD000E1E0F0E07DCF81EF93E1A7CF8091F21641
:108FE0009091F31601969093F3168093F216E2CFC8
:108FF0008CED93E145CFBE01695B7F4F8CED93E132
:109000000E941253A1962EAD3FADA1973093EC1361
:109010002093EB136F964EAD5FAD6F975093EA13AD
:109020004093E91369968EAD9FAD6997281739076C
:1090300050F02817390799F467962EAD3FAD679722
:109040004217530760F49093EC138093EB136796E9
:109050008EAD9FAD67979093EA138093E9136114E7
:10906000710459F16CED73E1C3010F94A186892B52
:1090700059F58091480E81508093480E0FB6F894B0
:109080003EBE0FBE2DBECA58DF4F0FB6F894DEBFEE
:109090000FBECDBFDF91CF911F910F91FF90EF9049
:1090A000DF90CF90BF90AF909F908F907F906F9008
:1090B0005F904F903F902F9008958091F21690917D
:1090C000F31648161906A9F2439474CFCF92DF9293
:1090D000EF92FF920F93CF93DF93CDB7DEB7A397B5
:1090E0000FB6F894DEBF0FBECDBF6C0183E8E82E4B
:1090F00084E1F82E85E894E1D7018D939C9310923A
:10910000F3161092F2160E94285300E00E7F0D7F96
:10911000D701ED91FC9183E2DE01119601900D9251
:109120008A95E1F722E0A601BE016F5F7F4F8FEDC8
:1091300092E00F943746CE0101960E942D53A396DC
:109140000FB6F894DEBF0FBECDBFDF91CF910F9168
:10915000FF90EF90DF90CF900895EF92FF920F93E2
:10916000CF93DF93CDB7DEB7A3970FB6F894DEBFEA
:109170000FBECDBF23E8E22E24E1F22E25E834E134
:10918000D7012D933C931092F3161092F216B0E093
:10919000A0E0AC01BD01E5E0440F551F661F771F3D
:1091A000EA95D1F7C9010E9423FD00E00E7F0D7FF3
:1091B000D701ED91FC9183E2DE01119601900D92B1
:1091C0008A95E1F722E050E040E0BE016F5F7F4FFB
:1091D0008FED92E00F943746CE0101960E942D53F9
:1091E000A3960FB6F894DEBF0FBECDBFDF91CF912F
:1091F0000F91FF90EF900895CF92DF92EF92FF9240
:109200000F93CF93DF93CDB7DEB7A3970FB6F89444
:10921000DEBF0FBECDBF83E8C82E84E1D82E85E81F
:1092200094E1D6018D939C9322EFE22E26E1F22E5B
:10923000F701118210820E94285300E00E7F0D7FFB
:10924000D601ED91FC9183E2DE01119601900D9221
:109250008A95E1F721E050E040E0BE016F5F7F4F6B
:109260008FED92E00F943746CE0101960E942D5368
:10927000F70180819181A3960FB6F894DEBF0FBEEF
:10928000CDBFDF91CF910F91FF90EF90DF90CF9006
:109290000895CF93DF938FE20E943353C0E0D9E06B
:1092A00080917A15C81760F4CD9FC0011124865DA6
:1092B0009B4E0E94A95F8FE20E943353CF5FF0CF95
:1092C0008091F113811106C08CED93E1DF91CF9174
:1092D0000C94A95F81EF93E1F9CFCF92DF92EF92E7
:1092E000FF926B017C0188EA9CE00F947080AB01D7
:1092F000BC014C0D5D1D6E1D7F1D88EA9CE0FF903A
:10930000EF90DF90CF900D94BE80CF93DF93EC0170
:109310000F9470806F3F2FEF72078207920749F416
:1093200040E050E0BA01CE010F94BE8060E070E0F2
:10933000CB01DF91CF9108950F931F93CF93DF93CC
:109340000F947737882339F120918516309186164E
:10935000E9011BEF88818B3351F5FE0161916A3081
:10936000E9F7EF01CF0189549E4081309240E4F04B
:10937000CE01821B930B01970F9453328AE696E13C
:109380000E94AAFC882339F00F94773729E43EE045
:10939000E9018111E2CF89E490E1909386168093F0
:1093A0008516CFEFDFEF34C01150C1F52197CE0104
:1093B000821B930B01960F945332CE010196C88104
:1093C000D0E00091721610917316209174163091AE
:1093D000751640917B1650917C1660917D167091A8
:1093E0007E160417150726073707A8F69C0129548F
:1093F0003E402115324044F08AE696E10E94AAFCE4
:10940000882349F289E49EE090938616809385161E
:10941000CE01DF91CF911F910F91089588818B33F9
:1094200009F498CFC3CFCF93DF93D82F84EA8093EA
:10943000BC0088E00E94A9E2811116C08AEE8093E8
:10944000BB00C4E8C093BC0088E10E94A9E281117E
:109450000FC0D093BB00C093BC0088E20E94A9E279
:10946000882319F083E001C081E0DF91CF91089556
:1094700082E0FBCF8FB7F894109206171092051771
:109480008FBF089587E69FE00F94688091E0811177
:1094900001C090E081E02091F416211101C080E02C
:1094A00098139093F41687E09FE00F94688091E002
:1094B000811101C090E09093F51685ED9EE00F9428
:1094C000688091E0811101C090E09093F61687E4E6
:1094D0009DE00F9468808F3FC9F08093FC168DEA61
:1094E0009CE00F94688091E0811101C090E090931E
:1094F000021780913B0E90913C0E9093041780933D
:1095000003170F943A4A1092091708951092FC1607
:10951000E6CF8091F416833021F41092F416109265
:1095200000170F94424A20E030E040EA5FE3609188
:109530007A0D70917B0D80917C0D90917D0D0F9433
:10954000357B0F9401837093081760930717519828
:10955000599A5898509A8AE0589A95E09A95F1F756
:109560000000589895E09A95F1F700008150A1F716
:109570005098589A8091B9008C7F8093B9008CE004
:109580008093B80084EA8093BC0088E00E94A9E23E
:10959000811167C08AEE8093BB0084E88093BC0091
:1095A00088E10E94A9E281115CC084E98093BC003B
:1095B00060E08FE70F94010680E00F941C06809313
:1095C000690D81E00F941C068093680D9091690DE0
:1095D0009133B1F58139A1F567E986E00F94010671
:1095E0008FE99FE00197F1F700C0000084E498E65E
:1095F0000F9449068823A9F18FE39CE90197F1F7BD
:1096000000C0000061E08FE70F94010681E198E659
:109610000F944906882329F160E08FE70F94010633
:1096200060E089E00F94010680E00F941C068093AF
:10963000690D81E00F941C068093680D89B108952F
:1096400080E00F941C068093690D81E00F941C0646
:109650008093680D9091690D913319F4813909F463
:10966000BBCF1092001783E08093F4160895CF9338
:10967000DF9380910217882309F460C08FB7F894B4
:10968000C0910517D09106178FBFCE01D7FF04C038
:10969000882799278C1B9D0B20910717309108175D
:1096A000821793074CF10F943A4A0F946706811181
:1096B00002C00F94894A20913B0E30913C0E80915C
:1096C00009174091031750910417B901641B750BDA
:1096D00041E0161617060CF040E091E01C161D063E
:1096E0000CF090E0491709F461C08F5F809309176F
:1096F0003093041720930317809109178B30F0F0F3
:10970000109209171092F6161092F5161092021781
:1097100060E070E0CB010F94B54260E070E0CB01F7
:109720000E949C4585E69FE00E94FE5181E09FE0FB
:109730000E94F1518FE591E60F9425446AE070E0B4
:109740008DEF96E10E9496E2C82F882339F18DEFC4
:1097500096E10E949DE20F946706811102C00F946A
:10976000894A8091670D813130F0C1E08091660DAA
:10977000823308F4C0E0809100172091011730E097
:10978000C2171306C1F08F5F8093001780910017F6
:10979000853020F010920017C093011781E090915E
:1097A0000017911180E0DF91CF910895882309F48B
:1097B0009FCF81509BCF882349F38150E5CF2F92D3
:1097C0003F924F925F926F927F928F929F92AF9251
:1097D000BF92CF92DF92EF92FF920F931F93CF939E
:1097E000DF93CDB7DEB7ED970FB6F894DEBF0FBEAF
:1097F000CDBF10927C1510927B15109246161092D8
:1098000045168091030180FDF1C089E09FE00F942F
:109810006880382E82E0809378020F94FC486C01B7
:10982000009709F4E0C08536910570F032E03316F8
:1098300041F08091630D811104C085E090E60E94A3
:10984000B0C3F4E6CF2ED12CD0927C15C0927B15FC
:109850006DE7662E65E1762EF12CE12C75E8A72EDA
:1098600074E1B72E88248394912C8091030180FDAC
:10987000BDC00F942A1EE114F10409F0D0C090E09D
:1098800080E00F9466488091ED139091EE13A091C3
:10989000EF13B091F01355E0B695A795979587957E
:1098A0005A95D1F7F301819391933F01FFEFEF1A9E
:1098B000FF0ACE14DF04C9F621E0E216F10409F430
:1098C00092C032E0331609F48EC02091630D21114D
:1098D0008AC09093461680934516EE9CC001EF9C7B
:1098E000900D900D112467EF7FE5969587950F9465
:1098F000E80D3FE7A32E35E1B32E912C812CCC242B
:10990000C394D12CC4010F94B90D8C0C9D1CF5018E
:109910000190F081E02DF9AFE8AFCF010F94AD4891
:109920008091F1136CED73E1882311F061EF73E125
:10993000CE0101960F94D3866090EB137090EC13D8
:109940002091E9133091EA133BAF2AAF20902614FF
:10995000BFAAAEAA86018091030180FD47C00F9483
:109960002A1EC80101979DAF8CAFEEA9FFA95290A6
:109970004290FFABEEABC2010F94AD488091F11362
:109980006CED73E1882311F061EF73E131108AC04F
:1099900080912614281283C08091EB139091EC13D0
:1099A0006816790609F06CC08091E9139091EA136A
:1099B0002AAD3BAD8217930708F066C0000F111F58
:1099C000F801E358FA4E28AD39AD318320833FEFDB
:1099D000C31AD30A82E0A80EB11CEC14FD0409F0EE
:1099E00091CF0F94DA0D81E080937802ED960FB657
:1099F000F894DEBF0FBECDBFDF91CF911F910F91C5
:109A0000FF90EF90DF90CF90BF90AF909F908F909E
:109A10007F906F905F904F903F902F90089540916E
:109A2000ED135091EE136091EF137091F013B0921B
:109A30008414A09283149092F3168092F21685E813
:109A400094E10E9423FD1E7F1D7FE0918314F0911D
:109A5000841483E2DE01119601900D928A95E1F75C
:109A6000012F22E050E040E0BE016F5F7F4F8FED9D
:109A700092E00F943746CE0101960E942D5303CFFA
:109A80008615970508F49ACFEEA9FFA95382428262
:109A90000CAD1DAD0115110509F05DCF8FCF222052
:109AA00099F38CCF31E03312EFCF80912614281236
:109AB00007C0CE0101960F94A18697FDE5CF7ECF1A
:109AC0002110E2CF7BCFCF92DF92EF92FF920F93E4
:109AD0001F93CF93DF93CDB7DEB7A3970FB6F8945C
:109AE000DEBF0FBECDBF7C01062F19821C82809184
:109AF000881495E8C92E94E1D92E811104C080E61E
:109B0000C82E84E1D82E21E0A701B601CE0101962E
:109B10000F947431182F882321F180917A158530A4
:109B200000F529E0829FC0011124B701865D9B4E9C
:109B30000F94D386C7010F94F78680917A158630EB
:109B400080F183E2FE013196A5E8B4E101900D9227
:109B50008A95E1F7002309F44CC00F94DF4B102FD6
:109B60000CC082E199E60E944C5389E491E60E9480
:109B70004C53C7010F94703110E0CE0101960E9442
:109B80002D53812FA3960FB6F894DEBF0FBECDBF25
:109B9000DF91CF911F910F91FF90EF90DF90CF90C9
:109BA00008958F5F80937A1593E28150C8F0282F33
:109BB00030E0A9014F5F5F4F949FD001959FB00D9A
:109BC0001124A855BB4E929FF001939FF00D1124D4
:109BD000E855FB4E292F01900D922A95E1F7E5CF2C
:109BE00083E2F601A8EAB4E101900D928A95E1F7CB
:109BF000A8CF81E080932914C0CF93E2E0E6F4E19E
:109C0000A5E8B4E101900D929A95E1F710927A15CA
:109C100025E834E1309384142093831481110D944A
:109C2000DF4B81E08093291408958F929F92AF9229
:109C3000BF92CF92DF92EF92FF920F931F93CF9339
:109C4000DF93CDB7DEB72D970FB6F894DEBF0FBE0A
:109C5000CDBF20E634E13093841420938314DC01DB
:109C6000ED91FC913097A1F481E02D960FB6F89418
:109C7000DEBF0FBECDBFDF91CF911F910F91FF903F
:109C8000EF90DF90CF90BF90AF909F908F9008950E
:109C900020812F3209F047C06C0180E00F94FD4D08
:109CA000F601008111810F5F1F4F95E8892E94E125
:109CB000992ED8018C918823B9F26FE270E0C80127
:109CC0000F94BF865C01009751F10817190738F50A
:109CD0007C01E01AF10ABDE0EB16F10418F08CE00B
:109CE000E82EF12CA701B801CE0101960F94E88669
:109CF000E1E0F0E0EC0FFD1FEE0DFF1D108260E0D3
:109D0000CE0101960F94634D882309F4AECF909253
:109D100084148092831485010F5F1F4FCACFF60110
:109D200011830083A1CF85E894E1909384148093FC
:109D300083149ACFBF92CF92DF92EF92FF920F934C
:109D40001F93CF93DF931F921F92CDB7DEB7209161
:109D5000DB13222309F4EFC07C0180916D16882368
:109D600009F404C16111F6C0D0908D16DD2021F0F8
:109D70008CED97E60E94CD5582E199E60E944C5306
:109D800083EC97E60E944C53C7010E94A95F88EBC1
:109D900097E60E944C5300918D1625E5029F8001A5
:109DA00011240E56194E8FE2F80181938F01CC24B5
:109DB000C39483E2B82E80917A15D816B0F4DB9C58
:109DC000C0011124B80188559B4E0E940AFFC801AA
:109DD0008C010196F8012081222329F0F4E5FC157D
:109DE00010F0C394F5CFD394E6CF27E42C1508F4F4
:109DF000AEC0B8018AE696E10E940AFF80918D16F6
:109E0000F5E58F9FC00111248E56994E0E94A95FDF
:109E100082EB97E60E944C536091EE167091EF161C
:109E20008091F0169091F1164AE00F94F3130F947D
:109E3000841680918D1624E0829FF0011124E25750
:109E4000F94E4091EE165091EF166091F016709118
:109E5000F11640835183628373838F5F80938D16E5
:109E60008AE696E10E9401FF1092DA13FA82E982F3
:109E7000CE0101960F94154E882309F45CC04981E8
:109E80005A81609183147091841421E08AE696E1EE
:109E90000F947431882309F477C08AE696E10E9412
:109EA000AAFC882309F470C080918B1690918C16BF
:109EB000875B914F909386168093851689819A814E
:109EC0000F94664880917B1690917C16A0917D1628
:109ED000B0917E168093E7169093E816A093E9164A
:109EE000B093EA1682E897E60E944C530F944949D2
:109EF0008AE797E60E944C536091E7167091E81646
:109F00008091E9169091EA164AE00F94F3130F94AA
:109F100084161092EE161092EF161092F016109210
:109F2000F1168CE697E60E9441558CE697E60E9472
:109F300071B91092650D0F900F90DF91CF911F9125
:109F40000F91FF90EF90DF90CF90BF900895F801B0
:109F5000108254CF82E199E60E944C5381EA97E641
:109F60000E944C53C7010F9470317ACF10928D1616
:109F700082E199E60E944C5380E997E60E944C5397
:109F8000C7010F94703170CF85E391E60E944C5366
:109F900089819A810E94A95F8EE20E9433530F94B7
:109FA0008416C9CF0E9406ED8AE696E10E9401FF61
:109FB00080918D16882369F1815080938D1625E557
:109FC000829FC001112461E08E56994E0F949A4EE3
:109FD000E0918D1684E0E89FF0011124E257F94EDC
:109FE00060817181828193816093EE167093EF1688
:109FF0008093F0169093F1160F94C4448091DB1374
:10A00000882371F081E08093DA1385E08093640DFA
:10A0100008951092DA1383E08093640D0C9427570F
:10A020000895CF92DF92EF92FF920F931F93CF93F9
:10A03000DF93082F1092DB1380916314882321F0A3
:10A0400080E694E10E9401FF10924A161092471692
:10A050000E9462E2EB010F948B42209A2398229A8D
:10A06000219A209A289A85E08093481682E58CBD33
:10A070001DBC1AE08FEF0E94DDF81150D9F72B9A22
:10A0800020E030E0A90160E087E496E10E94E9F871
:10A0900080934916813061F00E9462E26C1B7D0B57
:10A0A000613D774068F32B9881E08093471622C08A
:10A0B0002B980E9462E2EB018FE597E60E944155E2
:10A0C0008FEF0E94DDF80E94E2F8809349168F3FDF
:10A0D00059F18FEF0E94DDF80E9462E26C1B7D0B4C
:10A0E0006232710580F382E0809347168EE497E632
:10A0F0000E9441550F948B4282E199E60E944C5395
:10A1000088E291E60E9441558091DB13882309F48F
:10A110009AC0802FDF91CF911F910F91FF90EF9008
:10A12000DF90CF900D94FD4D2AEA31E040E050E001
:10A1300068E087E496E10E94E9F882FF2BC081E0A5
:10A1400080934A1680914A16C12CD12C7601823018
:10A1500029F4C12CD12CE12C80E4F82E20E030E051
:10A16000A90167E387E496E10E94E9F8A701960157
:10A1700069E287E496E10E94E9F880934916882312
:10A18000B1F00E9462E26C1B7D0B613D774030F3C1
:10A190008AE08BCF14E00E94E2F8809349161150B8
:10A1A000D1F78A3A11F082E080CF82E0C9CF809166
:10A1B0004A168230D1F420E030E0A9016AE387E456
:10A1C00096E10E94E9F8882311F088E06ECF0E94A2
:10A1D000E2F8807C803C19F483E080934A160E9468
:10A1E000E2F80E94E2F80E94E2F80F948B4210928B
:10A1F000481681E00F94263681110CC080E00F9440
:10A200002636811107C085EF98E60E944C5385E100
:10A2100091E678CF6CE476E180E694E10E945AFC06
:10A22000811107C085EF98E60E944C5385E091E6C6
:10A2300069CF81E08093DB1382E199E60E944C5361
:10A240008AEF90E65FCFDF91CF911F910F91FF9042
:10A25000EF90DF90CF9008954F925F926F927F9230
:10A260008F929F92AF92BF92CF92DF92EF92FF9226
:10A270004B015C016091601270916112072E000C1D
:10A28000880B990B0F94F67A20E030E0A9010F9427
:10A2900085828823D1F01092620DCC24CA94DC2CE4
:10A2A000760198EE492E93E0592E612C712C809105
:10A2B000620D81110AC02FEFC216D206E206F20625
:10A2C00089F48091610D8230B9F4FF90EF90DF90B6
:10A2D000CF90BF90AF909F908F907F906F905F9046
:10A2E0004F900895F7FCF1CF0E9462E26C197D094E
:10A2F000683B7B4030F3E9CF0E9462E2681979093C
:10A300008A099B09693E73408105910508F442C0A2
:10A310008091630D81113AC08BE497E60E944C5303
:10A3200060915D0D70915E0D80915F0D9091600D5B
:10A3300041E00F94D11587E497E60E944C5360E00A
:10A3400070E0CB010F94691483E497E60E944C53AC
:10A35000F7FC52C00E9462E24601570158EB850E9D
:10A360005BE0951EA11CB11CA5019401261B370BB7
:10A37000480B590BCA01B901A30192010F94DB806C
:10A38000CA01B9010F9469140F9484160E9462E205
:10A390004B015C0190E080E00E944E5F3FEFC316EE
:10A3A000D306E306F30609F046C080915C0D609188
:10A3B000601270916112882319F1072E000C880B2E
:10A3C000990B0F94F67A20E030E040E85FE30F94B9
:10A3D0008F819B01AC0160915D0D70915E0D80914C
:10A3E0005F0D9091600D0F94198487FD60CF0E94DE
:10A3F00062E26B017C015BCF8FE30E943353C4CFD9
:10A40000072E000C880B990B0F94F67A20E030E0B1
:10A4100040E85FE30F9490819B01AC0160915D0D7A
:10A4200070915E0D80915F0D9091600D0F9485820B
:10A430001816ECF63CCFF7FC3ACF609160127091A1
:10A440006112072E000C880B990B0F94F67A9B0172
:10A45000AC0160915D0D70915E0D80915F0D9091EA
:10A46000600D0F948F819F7720E030E040EA50E448
:10A470000F94198418160CF01ACFB9CF1F93CF93ED
:10A48000DF93EC01162F8091D712833009F44DC071
:10A490008C3109F451C08091FC129091FD128C17FF
:10A4A0009D0771F1D093FD12C093FC121093FE1220
:10A4B000CE010F94A807E82FF0E0EE0FFF1FEC5934
:10A4C000F949859194910F949107C130D105C1F05C
:10A4D000CC3080E8D807A1F0C93280E8D80781F0F5
:10A4E0000F94E306CE0188279E77892B49F080914F
:10A4F0000A1390910B13019690930B1380930A13F8
:10A500008091E9128823D9F011E01093470DCE0114
:10A510000F94F9088F3F99F01093EA1281E596E6BF
:10A52000DF91CF911F910C944155109207130F9416
:10A53000B6051092450DAFCF10920613F8CF1092CA
:10A54000EA128091460D811106C0CE01DF91CF91B4
:10A550001F910D94BF0FDF91CF911F9108952F92FE
:10A560003F924F925F926F927F928F929F92AF92A3
:10A57000BF92CF92DF92EF92FF920F931F93CF93F0
:10A58000DF9300D01F92CDB7DEB75C014B01809105
:10A590006D16813009F0DEC080916B1681FFDAC044
:10A5A00082FDBCC07401212C32E0332E0091721662
:10A5B000109173162091741630917516E114F10400
:10A5C00009F430C18091831690918416DC011496B1
:10A5D0007C907A94B901A80129E076956795579502
:10A5E00047952A95D1F774221170711025C0011575
:10A5F000110511F540916E1650916F16609170160D
:10A6000070917116411551056105710509F0A8C0D9
:10A6100080917F1690918016A0918116B09182163C
:10A620000097A105B10509F0B4C08AE696E10E9441
:10A63000B7FD882309F48EC0C101801B910B67010F
:10A640008E159F0508F46C01E0918316F091841635
:10A6500080916E1690916F16A0917016B091711640
:10A660000297A109B109258504C0880F991FAA1F67
:10A67000BB1F2A95D2F74685578560897189840F5B
:10A68000951FA61FB71F9C01AD01270D311D411D50
:10A69000511D29013A01C11432E0D30609F08AC0E4
:10A6A00080913D0E90913E0EA0913F0EB091400ED4
:10A6B000481659066A067B0669F41092450E8FEF1C
:10A6C0009FEFDC0180933D0E90933E0EA0933F0ED2
:10A6D000B093400E9501B301A2018091460E909176
:10A6E000470E0E9442F98823A9F180917216909139
:10A6F0007316A0917416B09175168C0D9D1DA11D39
:10A70000B11D8093721690937316A0937416B09334
:10A710007516AC0CBD1CEC18FD0848CF40917B169B
:10A7200050917C1660917D1670917E168091721604
:10A7300090917316A0917416B09175164817590729
:10A740006A077B0709F42ECF8AE696E10E9423FD73
:10A75000811128CF81E080936A168FEF9FEF81C02F
:10A760009E012F5F3F4F0E946DFB882399F38981E3
:10A770009A81AB81BC81E0918316F0918416278980
:10A78000203181F4883FEFEF9E07A105B10508F065
:10A790004CCF80936E1690936F16A0937016B09363
:10A7A00071164ACF883FFFEF9F07AF07FFE0BF0753
:10A7B00080F33BCF0115110569F540917216509158
:10A7C0007316609174167091751680917B16909136
:10A7D0007C16A0917D16B0917E16481759076A071E
:10A7E0007B07C0F00E94A6F9882309F4B3CF81E06B
:10A7F0008093450E40923D0E50923E0E60923F0E69
:10A800007092400EA601B501C801875B914F0F946D
:10A8100091866BCF41E0C301B2010E949EFA811183
:10A82000F1CF98CF80917B1690917C16A0917D16E8
:10A83000B0917E1680179107A207B30768F4809144
:10A840006B1600937B1610937C1620937D16309325
:10A850007E16806880936B1680916B1683FD18C0FE
:10A86000C4010F900F900F900F90DF91CF911F9127
:10A870000F91FF90EF90DF90CF90BF90AF909F909F
:10A880008F907F906F905F904F903F902F900895A2
:10A890008AE696E10E94CCFE8111E2CF5BCF0F9356
:10A8A000CF93DF93CDB7DEB7A3970FB6F894DEBF93
:10A8B0000FBECDBF20917B1530917C158217930779
:10A8C000D8F4613031F421503109A901481B590BEA
:10A8D000CA01880F991FFC01E358FA4E80819181CB
:10A8E0000F94AD48A3960FB6F894DEBF0FBECDBF50
:10A8F000DF91CF910F91089545E854E1509384146E
:10A9000040938314821B930B01969093F3168093CC
:10A91000F216409145165091461685E0440F551F9A
:10A920008A95E1F770E060E085E894E10E9423FDFC
:10A9300000E00E7F0D7FE0918314F091841483E298
:10A94000DE01119601900D928A95E1F722E050E028
:10A9500040E0BE016F5F7F4F8FED92E00F9437466E
:10A96000CE0101960E942D53BDCF0F931F93CF931D
:10A97000DF931F921F92CDB7DEB72091DB13222306
:10A9800069F18C0180916D16882379F188E795E64D
:10A990000E9441551092DA131A830983CE01019661
:10A9A0000F94154E8823D1F049815A816091831408
:10A9B0007091841426E58AE696E10F947431811132
:10A9C00022C085E391E60E944C5389819A810E94BE
:10A9D000A95F8EE20E9433530F9484160F900F905C
:10A9E000DF91CF911F910F91089510928D1682E102
:10A9F00099E60E944C5380E997E60E944C53C801A7
:10AA00000F947031C7CF81E08093D81389819A81E8
:10AA10000F94664886E695E60E944C530F94494988
:10AA20000F9484168CE697E60E9441558CE697E6D3
:10AA30000E9471B91092650DD1CF0F931F93CF93E0
:10AA4000DF93EC0184E0FE0111928A95E9F723E09F
:10AA500030EA4AE050E960E387E496E10E94E9F8D1
:10AA6000882391F023E030EA4AE050E961E187E48D
:10AA700096E10E94E9F8882339F080E88093471630
:10AA80000F948B4280E02FC00E9462E28B010E94F3
:10AA9000E2F8809349168F3F69F40E9462E2601BDE
:10AAA000710B6D32714098F381E1809347160F94DA
:10AAB0008B42E6CF8E3F11F08FE0F7CF8E010C5F17
:10AAC0001F4F0E94E2F88993C017D107D1F7CEEF4C
:10AAD000D1E00E94E2F82197E1F70F948B428FEFCB
:10AAE0000E94DDF881E0DF91CF911F910F910895D1
:10AAF000CF92DF92EF92FF920F931F93CF93DF934A
:10AB0000EC018B01E42E0115110509F441C08D2FD4
:10AB10000E947A528C2F0E947A526091161770917F
:10AB2000171780E290E00F94D07E6E0180E1C80E8E
:10AB3000D11C81E0E81639F1F88021966091161752
:10AB40007091171780E290E00F94D07E8F2D0E94B5
:10AB50007A52015011090FB607FE06C0C8019F7155
:10AB6000892B29F40F942A1E0115110519F0CC1513
:10AB7000DD05F9F660911617709117178AE090E0DD
:10AB80000F94D07EC0CFCE010F946880F82ED5CF21
:10AB9000DF91CF911F910F91FF90EF90DF90CF90B9
:10ABA0000895CF93DF93C4EFD6E11A8219821E86EF
:10ABB00080913B0E90913C0E988B8F870F943A4A70
:10ABC0001D8ADF91CF910895CF92DF92EF92FF928D
:10ABD00069017A012DEC3CEC4CE45EE30F948F812B
:10ABE0002DEC3CEC4CE45EE30F94357B2DEF3DEA1D
:10ABF00040E05DE30F949081A70196010F94357BAF
:10AC000024E230EF49E150E40F948F82FF90EF90FF
:10AC1000DF90CF9008959FB7F89480E1EFE3F6E0DE
:10AC2000AFE4B6E001900D928A95E1F79FBF0895D9
:10AC300089E080936006EEE8F5E6859194910C94A6
:10AC400071B91F93CF93DF93EC01162F0E9406ED8D
:10AC5000FE0134962591359145915491FE016591FF
:10AC60007591859194910F94E42E2896115081F757
:10AC70000E9406EDDF91CF911F910D948F070E94E6
:10AC80002445811104C087EE90E60E9471B91092AC
:10AC90006006089580910413882311F081E00895DF
:10ACA00080E008952F923F924F925F926F927F9231
:10ACB0008F929F92AF92BF92CF92DF92EF92FF92CC
:10ACC0000F931F93CF93DF9300D000D000D01F923B
:10ACD0001F92CDB7DEB78B83209177022D8381E061
:10ACE000809377029B81923009F45BC1A92FB0E079
:10ACF000BA83A983FD01E35AFB4924912C838D017A
:10AD0000000F111F000F111FF801E850FD4F408088
:10AD100051806280738040927A0250927B026092EE
:10AD20007C0270927D02C301B2010E9429444B0152
:10AD30005C01C8018C599D4E1C01DC011D921D92C5
:10AD40001D921C9213970F9462030E949245BC813E
:10AD50006B2FBB0F770B880B990B0F94F67A6B0157
:10AD60007C01F801E45DF94FFB87EA8720E030E0E1
:10AD700040E450EC0F94357BAA85BB856D937D93A1
:10AD80008D939C931397C501B4010F947E2E0E945E
:10AD900006ED0E946AF710927702F101108211828B
:10ADA000128213820F946203AA85BB85CD92DD9235
:10ADB000ED92FC921397C501B4010F947E2E0E9470
:10ADC00006EDB1E0B0937702F801EF5AFB498591A7
:10ADD0009591A591B4918E839F83A887B9872DEC17
:10ADE0003CEC4CE85FE3C701B6010F94357B2E8144
:10ADF0003F81488559850F94357BAA85BB856D9326
:10AE00007D938D939C931397C501B4010F947E2E6F
:10AE10000E9406ED0E946AF710927702F1011082FB
:10AE20001182128213820F94620320E030E040E22C
:10AE300051ECC701B6010F94357BAA85BB856D9394
:10AE40007D938D939C931397C501B4010F947E2E2F
:10AE50000E9406ED0E946AF7B1E0B093770220E00D
:10AE600030E040E351E4C701B6010F94357BEA8539
:10AE7000FB85608371838283938320E030E040E030
:10AE80005FE3C301B2010F94357B60937A02709344
:10AE90007B0280937C0290937D020E9429446B0187
:10AEA0007C010F947E2E0E9406ED0E946AF710929C
:10AEB00077028B810E947344E981FA81E45CF94F47
:10AEC00021E020838C81992781950CF49095BC0119
:10AED000072E000C880B990B0F94F67A2AE037EDB9
:10AEE00043E25CE30F94357B20E030E040E852E43D
:10AEF0000F94357B4B015C01AC019B01D1016D913D
:10AF00007D918D919C910F948F81F101608371836C
:10AF1000828393830F946203D1012D913D914D91D2
:10AF20005C91C501B4010F949081F101608371833C
:10AF300082839383AA85BB856D937D938D939C9328
:10AF4000139720E030E040E05FE3C701B6010F94C3
:10AF5000357B0F947E2E0E9406ED10927A0210929D
:10AF60007B0210927C0210927D022D812093770249
:10AF70002B960FB6F894DEBF0FBECDBFDF91CF91F9
:10AF80001F910F91FF90EF90DF90CF90BF90AF9007
:10AF90009F908F907F906F905F904F903F902F90F9
:10AFA0000895EFE5F4E6B491B98310926C12109213
:10AFB0006D1210926E1210926F120F946203E9E5F7
:10AFC000F4E685909590A590B490E9816E2FEE0FF0
:10AFD000770B880B990B0F94F67A6B017C0120E0BC
:10AFE00030E040EC5FE3C501B4010F94357BA7016D
:10AFF00096010F94357B60933406709335068093E9
:10B0000036069093370680E090E0A8E4B4E480939D
:10B010007A0290937B02A0937C02B0937D02BC01E4
:10B02000CD010E9429444B015C010F947E2E0E94A9
:10B0300006ED10926C1210926D1210926E12109218
:10B040006F120F9462030DE414E6F8016591759197
:10B05000859194919058A70196010F94357B609348
:10B060003406709335068093360690933706C501F3
:10B07000B4010F947E2E0E9406EDF8016591759142
:10B08000859194919B01AC010F949081A701960149
:10B090000F94357B609334067093350680933606A3
:10B0A0009093370680E090E0A8ECB3E480937A02B6
:10B0B00090937B02A0937C02B0937D02BC01CD01F2
:10B0C0000E9429440F947E2E0E9406ED82E00E9489
:10B0D000734480916C1290916D12A0916E12B09198
:10B0E0006F128093340690933506A0933606B09382
:10B0F000370610927A0210927B0210927C02109214
:10B100007D020E946AF7F1E0F0933E062ECF109286
:10B110000C13EDE0F3E184ECDF011D928A95E9F771
:10B1200008952F923F924F925F926F927F928F92EB
:10B130009F92AF92BF92CF92DF92EF92FF920F93C6
:10B140001F93CF93DF9300D0CDB7DEB74B015C01E7
:10B15000042F81E080932B0620917702298380932E
:10B16000770280E00E944EF7182F0E945CF78092D1
:10B170006C1290926D12A0926E12B0926F1265E5F1
:10B1800075E585E591E40F94042F0F941A0A0E9447
:10B190005CF78B83882309F4EBC01A82C12CD12C75
:10B1A0007601312C8A81801708F0A4C060916C125E
:10B1B00070916D1280916E1290916F1220E030E0CC
:10B1C00040E05FE3311004C02DEC3CEC4CE45EE366
:10B1D0000F9490812B013C0140926C1250926D12A1
:10B1E00060926E1270926F1265E575E585E591E4E7
:10B1F0000F94042F80926C1290926D12A0926E1296
:10B20000B0926F1265E575E585E590E40F94042F23
:10B210000F941A0AA301920160916C1270916D1241
:10B2200080916E1290916F120F948F819F772DEC09
:10B230003CEC4CEC5CE30F94858287FF16C060E029
:10B2400070E080E09FE30E94394B80926C129092F4
:10B250006D12A0926E12B0926F1265E575E585E5EC
:10B2600090E40F94042F0F941A0A0E945CF7282E82
:10B27000882309F47DC040906C1250906D1260904C
:10B280006E1270906F129A819923D9F0692F70E035
:10B2900090E080E00F94F67A9B01AC01C701B60103
:10B2A0000F948F829B01AC01C301B2010F948F8177
:10B2B0009F772DEC3CEC4CE45DE30F941984181659
:10B2C00064F0A3019201C701B6010F9490816B0154
:10B2D0007C018A818F5F8A8365CF311049C084EFFA
:10B2E00091E00E944E5F322C2FEF2A83C12CD12C8B
:10B2F0007601EFCF023038F5C0926C12D0926D1209
:10B30000E0926E12F0926F12998190937702812FE2
:10B310000E944EF710922B068B810F900F900F908A
:10B32000DF91CF911F910F91FF90EF90DF90CF9021
:10B33000BF90AF909F908F907F906F905F904F9055
:10B340003F902F900895602F70E090E080E00F9480
:10B35000F47A9B01AC01C701B6010F948F82609310
:10B360006C1270936D1280936E1290936F12CCCF0B
:10B37000298120937702812F0E944EF710922B068D
:10B380001B82CACF2F923F924F925F926F927F9211
:10B390008F929F92AF92BF92CF92DF92EF92FF92E5
:10B3A0000F931F93CF93DF93CDB7DEB7CE5CD10958
:10B3B0000FB6F894DEBF0FBECDBF182F811104C0A9
:10B3C0000E94DCE40E94615280E00E941B4E0F94B8
:10B3D00087580F94260C10922A0610922906ECE347
:10B3E000F6E083E0DF011D928A95E9F781E00E9493
:10B3F0004A44C755DF4F99838883C95AD0408CE9A6
:10B400009FE50E94F7BA60E070E080EA90E40E9455
:10B410009B4B0E94924580E00F94525681E00F941E
:10B4200052560F9462030E946AF71092770220E04E
:10B4300030E040EA50E460916412709165128091AE
:10B440006612909167120F949081609364127093CA
:10B450006512809366129093671220E030E040EA14
:10B4600050E4609168127091691280916A12909113
:10B470006B120F949081609368127093691280939D
:10B480006A1290936B1260E070E080EA91E40F948E
:10B49000B12E0E9406ED812F0E9485D6E5968FAFD2
:10B4A000E597811104C0E5961FAEE59775C482E665
:10B4B0009FE50E94B0C3112309F44BC440E060E053
:10B4C00084EC9DE50E94B1C2882321F08FE99DE5BF
:10B4D0000E94B0C382E39FE50E94F7BA43EE50E6B4
:10B4E00063E080E00E94EA4D0E942544111120C0D3
:10B4F00084E08093780241E060E084EC9DE50E9466
:10B50000B1C2811104C087E79DE50E94B0C38CE7FA
:10B510009EE50E94B0C382E08093780282E19FE5BD
:10B520000E94F7BA4BED50E663E080E00E94EA4DDE
:10B53000009177021092770260E070E080E89FEB64
:10B540000E94394BC12CD12C80EAE82E80E4F82EE1
:10B55000C0926C12D0926D12E0926E12F0926F1245
:10B5600081E08093770260E070E080EA91E40F94DC
:10B57000B12E0E9406ED0093770282E00E94F2EC69
:10B580002DEC3CEC44EA50E40F94858218160CF440
:10B59000E7C382E00E94F2EC23E333E34BE950E49B
:10B5A0000F94198487FDDCC31111DFC380E10E9471
:10B5B00011B281EA9DE00F946880BBE08B9FC001CF
:10B5C000112470E060E0805B924F0F94AA800E948B
:10B5D0002544EDE0F3E184ECDF011D928A95E9F763
:10B5E00089E693E60E944C5381E090E00F946E420E
:10B5F00082E19FE50E94F7BAC0926C12D0926D1260
:10B60000E0926E12F0926F12B2E0E196BFAFE19756
:10B6100024E433E6CD56DF4F39832883C359D04025
:10B620004CE053E1CF56DF4F59834883C159D04096
:10B63000A0965FAF4EAFA097E0963FAF2EAFE097DA
:10B64000A7961FAEA797312C212C0E94254463E0BA
:10B6500080E00E94D64DBFEF2B1A3B0A3F922F92FB
:10B66000E4E6F3E6FF93EF930E94AF4D65E575E5E1
:10B6700085E591E40F94042FE096EEADFFADE097E1
:10B6800085919591A591B4918093641290936512E0
:10B69000A0936612B0936712E096EEADFFADE0970F
:10B6A000349685919591A591B49180936812909369
:10B6B0006912A0936A12B0936B1260E070E088E4A4
:10B6C00092E40F94042F49EC51E65F934F930F944B
:10B6D0002A7F48EB51E663E084E00E94EA4D0E9435
:10B6E000DCE40E9406ED80916F008D7F80936F00F7
:10B6F0000FB6F894A89580916000886180936000EF
:10B70000109260000FBE109228061092270687E55F
:10B7100093E99093260680932506A2E5B3E9B093BA
:10B720002406A093230600915706109158062091F5
:10B73000590630915A064091530650915406609133
:10B7400055067091560680914F0690915006A09133
:10B750005106B09152063F932F931F930F937F93FF
:10B760006F935F934F93BF93AF939F938F93E8E64D
:10B77000F2E6FF93EF930F942A7F40904F0650908C
:10B7800050066090510670905206B42CA52C809102
:10B79000530690915406A0915506B0915606A69670
:10B7A0008CAF9DAFAEAFBFAFA697A3969FACA3974C
:10B7B000A4968FACA497C0905706D0905806E090FE
:10B7C0005906F0905A060FB6F894DEBF0FBECDBFF3
:10B7D000B5E0CB16B7EFDB060CF438C31A8219823A
:10B7E0001F921F92E3E0EF93F4E8FF931F9224E689
:10B7F0002F93DF92CF928F929F92AF92BF924FED95
:10B8000051E65F934F930F942A7F0FB6F894DEBFF3
:10B810000FBECDBF89819A81803D924008F4E1C27C
:10B8200089819A81803A954010F00D94F16A9E01C9
:10B830002F5F3F4F790110E000E02CE73CEFA601BD
:10B8400044565109692D782D8B2D9A2D0F94243C47
:10B85000882311F40D94F16A89819A8180539D4F58
:10B86000C0905706D0905806E0905906F0905A06BE
:10B8700000915306109154062091550630915606BA
:10B8800040914F06509150066091510670915206BA
:10B890009F938F93DF92CF921F930F935F934F935A
:10B8A00084E492E69F938F930F942A7F40915706EA
:10B8B000509158066091590670915A0648545109A2
:10B8C00000E028EC30E0A3966FADA397A4967FAD7F
:10B8D000A497C2010E94E7B020914F063091500614
:10B8E00040915106509152066E962CAF3DAF4EAF2F
:10B8F0005FAF6E978091530690915406A0915506C4
:10B90000B0915606AE968CAF9DAFAEAFBFAFAE97BF
:10B9100020915706309158064091590650915A0689
:10B92000E9962CAF3DAF4EAF5FAFE997A1E6BAE025
:10B930000FB6F894DEBF0FBECDBF90E080E0FC01F3
:10B94000E152FD49259134912D933D93FC01E9533A
:10B95000FD492591349157963C932E935697029624
:10B960008831910561F7E7964EAD5FADE797AC96EC
:10B970006EAD7FADAC976C968EAD9FAD6C970F940E
:10B98000603D21E636E0A4963FAF2EAFA497790143
:10B99000A0E29A2EBAE8CB2EB2E6DB2E0FED13E62C
:10B9A0005701F0E28F2ED5018D915D011F928F938B
:10B9B000DF92CF920F942A7F8A940F900F900F906E
:10B9C0000F908110F0CF1F930F930F942A7F9A94BA
:10B9D000B0E2EB0EF11C0F900F909110E1CF1F938E
:10B9E0000F930F942A7F61E67AE00F900F90E1E6C3
:10B9F000F6E090E080E050E040E02191211165C444
:10BA00004F5F5F4F6E177F07C1F79A01280F391FED
:10BA100025383340A4F0433351058CF0833391052E
:10BA200074F020E034E0241B350B281B390B24175D
:10BA300035072CF41DEF281739070CF437C266962A
:10BA40001FAE669762961FAE629722961FAE229730
:10BA50001982AE014F5A5F4FBE016B5A7F4F81E68C
:10BA60009AE00F944935082FAE014F5F5F4FBE013A
:10BA70006F5B7F4F89E79AE00F94493566966FAD0B
:10BA8000669762961FAD6297801728F022966FAD79
:10BA900022971981082F083508F41CC470E090E043
:10BAA00080E00F94F67A20E030E040EB50E40F9411
:10BAB00090812B013C0165964CAE5DAE6EAE7FAEC3
:10BAC0006597612F70E090E080E00F94F67A20E0B7
:10BAD00030E040EB50E40F9490814B015C012596DF
:10BAE0008CAE9DAEAEAEBFAE259720E030E040E913
:10BAF00050E429833A834B835C83AE014F5F5F4FF1
:10BB0000BE016F5B7F4FCE018F5A9F4F0F94A438B9
:10BB1000A301920165966CAD7DAD8EAD9FAD65972D
:10BB20000F948F816B017C019F7720E030E040E42F
:10BB300050E40F941984181634F1A5019401259648
:10BB40006CAD7DAD8EAD9FAD25970F948F819F77A6
:10BB500020E030E040E450E40F94198418169CF083
:10BB600020E030E040EA50E469817A818B819C8159
:10BB70000F948F819F7720E030E040E450E40F94F1
:10BB800019841816BCF520E030E040EA50E46981E1
:10BB90007A818B819C810F948F819F938F937F9368
:10BBA0006F93A501940125966CAD7DAD8EAD9FADD3
:10BBB00025970F948F819F938F937F936F93FF921D
:10BBC000EF92DF92CF928BEA92E69F938F930F943E
:10BBD0002A7F65964CAE5DAE6EAE7FAE65972596BC
:10BBE0008CAE9DAEAEAEBFAE25970FB6F894DEBF5D
:10BBF0000FBECDBF20E030E048E751E465966CAD64
:10BC00007DAD8EAD9FAD65970F948F8120E030E0C4
:10BC100040E852E40F94357B6B017C016C96AEAD2D
:10BC2000BFAD6C97BD01BB0F880B990B0F94F67AD3
:10BC30009B01AC01C701B6010F9490816B017C019F
:10BC40006596CCAEDDAEEEAEFFAE659720E030E09F
:10BC500048E751E425966CAD7DAD8EAD9FAD25973F
:10BC60000F948F8120E030E040E852E40F94357B60
:10BC70004B015C01AC96EEADFFADAC97BF01FF0F81
:10BC8000880B990B0F94F67A9B01AC01C501B401A6
:10BC90000F94908125966CAF7DAF8EAF9FAF2597A7
:10BCA0002AE037ED43E25CE30F94357B9F938F935B
:10BCB0007F936F932AE037ED43E25CE3C701B6015F
:10BCC0000F94357B9F938F937F936F938FE892E6CA
:10BCD0009F938F930F942A7F20E030E040E05FE352
:10BCE00025966CAD7DAD8EAD9FAD25970F9490815F
:10BCF0000F9401836B0120E030E040E05FE3659644
:10BD00006CAD7DAD8EAD9FAD65970F9490810F9416
:10BD10000183CB0100E028EC30E0E7964EAD5FAD4B
:10BD2000E797B6010E94E7B00FB6F894DEBF0FBEEA
:10BD3000CDBF10E081E49DE0A496AEADBFADA49769
:10BD40001D92A496BFAFAEAFA4978A179B07A1F729
:10BD5000ADC082E19FE50E94F7BA4FED50E6C0CB3F
:10BD600085E793E60E94B0C39ECBC755DF4F88811D
:10BD70009981C95AD0400E9430440F948B0C0F9483
:10BD8000290A0F94472FE5968FAFE597882309F48A
:10BD90008ACB84E00E9466B281E00E941B4EE59649
:10BDA0008FADE597C253DF4F0FB6F894DEBF0FBEDD
:10BDB000CDBFDF91CF911F910F91FF90EF90DF905A
:10BDC000CF90BF90AF909F908F907F906F905F903B
:10BDD0004F903F902F900895E1E0E196EFAFE1970B
:10BDE00017CCFE0131967F0110E000E024E833E03B
:10BDF000A601692D782D8B2D9A2D0F94243C882334
:10BE000009F40ECD89819A812BCD89819A81803464
:10BE10009B40B8F4CE0101967C0104EB10E02CE7C6
:10BE20003CEFA6014C525140692D782D8B2D9A2D57
:10BE30000F94243C882329F089819A818059974F57
:10BE40000FCD90E9C91A91E0D90AC2CC00915706EA
:10BE5000109158062091590630915A064091530688
:10BE600050915406609155067091560680914F0688
:10BE700090915006A0915106B09152063F932F9396
:10BE80001F930F937F936F935F934F93BF93AF93E2
:10BE90009F938F9387E192E69F938F930F942A7FCE
:10BEA0000FB6F894DEBF0FBECDBF1FEF87EF92E64F
:10BEB0009F938F930F942A7F63E084E00E94D64D76
:10BEC00080E10E94CC4D0F946F0488E198E20FB698
:10BED000F894A895809360000FBE909360008091C5
:10BEE000600080648093600080916F008260809326
:10BEF0006F000F900F901D3F09F4EEC11F3F11F42A
:10BF00000D94B66A20E030E0A901A096EEADFFAD39
:10BF1000A09761817281838194810F94357B2091F8
:10BF200064123091651240916612509167120F941D
:10BF30009081A096AEADBFADA09711966D937D9305
:10BF40008D939C931497C0906812D0906912E090E2
:10BF50006A12F0906B1220E030E0A90115966D9105
:10BF60007D918D919C9118970F94357BA701960137
:10BF70000F949081A096EEADFFADA0976583768378
:10BF80008783908720E030E040E850ECC701B6019D
:10BF90000F94858287FF0CC080E090E0A0E8B0ECB1
:10BFA0008093681290936912A0936A12B0936B12F7
:10BFB00020E030E040E450E460916C1270916D122A
:10BFC00080916E1290916F120F94908160936C1219
:10BFD00070936D1280936E1290936F12E0962EAD57
:10BFE0003FADE097285F3F4FE0963FAF2EAFE09721
:10BFF000A0964EAD5FADA097485F5F4FA0965FAF34
:10C000004EAFA09754E02516310409F01ECBA79639
:10C010006FADA797662331F0E1968FADE197813040
:10C0200009F0DACE8AEB90E69F938F930F942A7FE4
:10C0300090E080E00E944E5F0F900F9020E030E093
:10C0400040E950EC60911113709112138091131319
:10C05000909114130F94858287FF45C183E493E682
:10C060000E94415581E193E60E944C536091111367
:10C0700070911213809113139091141342E00F9456
:10C08000D1158DE093E60E944C5360E070E080E9AA
:10C0900090EC0F94514292E0AF969FAFAF97109201
:10C0A0003D1310923E1310923F13109240131092C2
:10C0B0004113109242131092431310924413A4E6BA
:10C0C000E696AFAFE697A2961CAE1DAE1EAE1FAEB3
:10C0D000A297A6961CAE1DAE1EAE1FAEA697FE0181
:10C0E00031966896FFAFEEAF68979E012F5B3F4F8A
:10C0F0006A963FAF2EAF6A97A6966CAD7DAD8EADBA
:10C100009FADA6970F948A826E966CAF7DAF8EAF6F
:10C110009FAF6E97A6966CAD7DAD8EAD9FADA69789
:10C120000F945085CB57DF4F688379838A839B8335
:10C13000C558D040A2966CAD7DAD8EAD9FADA29797
:10C140000F948A82C757DF4F688379838A839B83E2
:10C15000C958D040A2966CAD7DAD8EAD9FADA29773
:10C160000F945085CB56DF4F688379838A839B83F6
:10C17000C559D0406896AEADBFAD6897E0E41D925A
:10C18000EA95E9F780E16A96AEADBFAD6A971D9278
:10C190008A95E9F790E080E00E944E5F20913D1380
:10C1A00030913E1340913F1350914013C555DF4FDE
:10C1B000288339834A835B83CB5AD04080914113D3
:10C1C00090914213A0914313B0914413C155DF4F96
:10C1D00088839983AA83BB83CF5AD040DE01AF5BAB
:10C1E000BF4FC756DF4FB983A883C959D040FE015E
:10C1F0003196AC96FFAFEEAFAC9700E0CB56DF4F79
:10C20000288139814A815B81C559D0405058ED96CB
:10C210002CAF3DAF4EAF5FAFED97C757DF4F888173
:10C220009981AA81BB81C958D040B058C358DF4F0B
:10C2300088839983AA83BB83CD57D040CB57DF4FE8
:10C24000288139814A815B81C558D0405058CF57E9
:10C25000DF4F288339834A835B83C158D040AC9633
:10C260002EAC3FACAC9710E07CE0472E73E1572E2C
:10C27000E4E07E2EC12CD12C7601013011F40D9416
:10C28000656B113011F40D94136B002311F40D94B0
:10C29000536B023061F5D20111962D913D914D9174
:10C2A0005C911497CF57DF4F688179818A819B8198
:10C2B000C158D0400F94357B4B015C01111125C052
:10C2C00060E070E080E89FE335C02F3F09F09ACB33
:10C2D000019698CB1FEF2ECDE596BFADE597A796BB
:10C2E000BFAFA7970FCEAF961FAEAF97D8CEF201D4
:10C2F0002581368147815085C358DF4F6881798118
:10C300008A819B81CD57D040D5CF123011F00D944A
:10C310005D6AD20111962D913D914D915C911497DA
:10C32000CF57DF4F688179818A819B81C158D04086
:10C330000F94357B9B01AC01C501B4010F94357B93
:10C340009B01AC01C701B6010F9490816B017C0188
:10C3500001110D94616B7A94F8E04F0E511C71102D
:10C360008CCFD101CD92DD92ED92FD921D011F5F28
:10C37000143009F079CF44E4242E43E6342EECE067
:10C38000F3E1A896FFAFEEAFA897C357DF4F18822F
:10C39000CD58D040C356DF4F1882CD59D040CF552D
:10C3A000DF4F1882C15AD04010E0A896AEADBFADA5
:10C3B000A89711962D913D914D915C911497E4961B
:10C3C0002CAF3DAF4EAF5FAFE49715964D905D90AB
:10C3D0006D907C901897002311F40D94906A812C35
:10C3E000912C5401013081F0023011F00D94846AD7
:10C3F000CF57DF4F688179818A819B81C158D040B6
:10C400000F94357B4B015C01E4962CAD3DAD4EADF8
:10C410005FADE4976E966CAD7DAD8EAD9FAD6E97C2
:10C420000F94357B6B017C01F1012591359145918C
:10C430005491CB55DF4F288339834A835B83C55A98
:10C44000D040A3019201CB56DF4F688179818A8168
:10C450009B81C559D0400F94357B9B01AC01C7012E
:10C46000B6010F948F81C555DF4F288139814A81EC
:10C470005B81CB5AD0400F949081CB55DF4F288100
:10C4800039814A815B81C55AD0400F948F81A501C3
:10C4900094010F94357BC357DF4F2881CD58D0408E
:10C4A000C356DF4F3881CD59D040CF55DF4F48813B
:10C4B000C15AD040512F0F949081C357DF4F6883EA
:10C4C00079838A839B83CD58D040002311F40D9447
:10C4D000986A013011F40D949D6A023061F0A30155
:10C4E0009201ED966CAD7DAD8EAD9FADED970F9445
:10C4F000357B6B017C01F101349685909590A59078
:10C50000B490E4962CAD3DAD4EAD5FADE497CB5706
:10C51000DF4F688179818A819B81C558D0400F9413
:10C52000357BE4966CAF7DAF8EAF9FAFE497A301F0
:10C530009201C757DF4F688179818A819B81C958F1
:10C54000D0400F94357B9B01AC01E4966CAD7DAD82
:10C550008EAD9FADE4970F949081C155DF4F288138
:10C5600039814A815B81CF5AD0400F949081A501D7
:10C5700094010F948F81A70196010F94357BC357C7
:10C58000DF4F288139814A815B81CD58D0400F949B
:10C590009081C357DF4F6883CD58D040C356DF4FDB
:10C5A0007883CD59D040CF55DF4F8883C15AD040D2
:10C5B000192FA8964EAD5FADA897485F5F4FA8961C
:10C5C0005FAF4EAFA89758E0250E311CACE2B3E147
:10C5D000A896EEADFFADA897AE17BF0709F0E5CE60
:10C5E0009058C756DF4FA881B981C959D0406D9383
:10C5F0007D938D939D93C756DF4FB983A883C95907
:10C60000D0400F5FAC96EEADFFADAC977096AC9698
:10C61000FFAFEEAFAC97043009F021CE25962CADDC
:10C620003DAD4EAD5FAD2597AE962CAF3DAF4EAF55
:10C630005FAFAE978D819E81AF81B885E4968CAF58
:10C640009DAFAEAFBFAFE49729853A854B855C853A
:10C65000ED962CAF3DAF4EAF5FAFED978D859E85CC
:10C66000AF85B889C358DF4F88839983AA83BB837A
:10C67000CD57D04029813A814B815C81CF57DF4F24
:10C68000288339834A835B83C158D04029968CAD77
:10C690009DADAEADBFAD2997CB57DF4F8883998352
:10C6A000AA83BB83C558D04029893A894B895C89C4
:10C6B000C757DF4F288339834A835B83C958D040EB
:10C6C000898D9A8DAB8DBC8DCB56DF4F8883998336
:10C6D000AA83BB83C559D0402D8D3E8D4F8D58A167
:10C6E000C756DF4F288339834A835B83C959D040BB
:10C6F0008D899E89AF89B88DC357DF4F8883998311
:10C70000AA83BB83CD58D0402D962CAD3DAD4EAD08
:10C710005FAD2D97C356DF4F288339834A835B83F0
:10C72000CD59D04089A19AA1ABA1BCA1CF55DF4F73
:10C7300088839983AA83BB83C15AD0402DA13EA18F
:10C740004FA158A5CB55DF4F288339834A835B839C
:10C75000C55AD0408DA59EA5AFA5B8A9CD54DF4F31
:10C7600088839983AA83BB83C35BD04029A53AA55C
:10C770004BA55CA5C954DF4F288339834A835B836B
:10C78000C75BD04061968CAD9DADAEADBFAD61973E
:10C79000C554DF4F88839983AA83BB83CB5BD0408A
:10C7A00029A93AA94BA95CA9C154DF4F2883398331
:10C7B0004A835B83CF5BD0408DA99EA9AFA9B8AD5A
:10C7C000CD53DF4F88839983AA83BB83C35CD0405A
:10C7D00029AD3AAD4BAD5CADC953DF4F28833983EA
:10C7E0004A835B83C75CD04021968CAD9DADAEADD6
:10C7F000BFAD2197C553DF4F88839983AA83BB833D
:10C80000CB5CD04014E6C12CD12C760146015701F7
:10C8100026013701A3019201E4966CAD7DAD8EAD8A
:10C820009FADE4970F94357B9B01AC01AE966CAD48
:10C830007DAD8EAD9FADAE970F948F812B013C01E6
:10C84000A5019401ED966CAD7DAD8EAD9FADED97DC
:10C850000F94357B9B01AC01C301B2010F948F8112
:10C860002B013C01A7019601C358DF4F68817981F4
:10C870008A819B81CD57D0400F94357B9B01AC01C1
:10C88000C301B2010F948F81CF57DF4F28813981C7
:10C890004A815B81C158D0400F948F826E966CAFF5
:10C8A0007DAF8EAF9FAF6E97C757DF4F288139811D
:10C8B0004A815B81C958D0400F94357B9B01AC0104
:10C8C000CB57DF4F688179818A819B81C558D040E1
:10C8D0000F948F812B013C01A5019401CB56DF4FB2
:10C8E000688179818A819B81C559D0400F94357BBD
:10C8F0009B01AC01C301B2010F948F814B015C011C
:10C90000A7019601C756DF4F688179818A819B8193
:10C91000C959D0400F94357B9B01AC01C501B401CE
:10C920000F948F81C357DF4F288139814A815B8102
:10C93000CD58D0400F948F822B013C01CF55DF4F53
:10C94000288139814A815B81C15AD0406E966CAD95
:10C950007DAD8EAD9FAD6E970F94357B9B01AC0185
:10C96000C356DF4F688179818A819B81CD59D04040
:10C970000F948F814B015C01CB55DF4F28813981AA
:10C980004A815B81C55AD040C301B2010F94357B07
:10C990009B01AC01C501B4010F948F814B015C0177
:10C9A000A7019601CD54DF4F688179818A819B81EF
:10C9B000C35BD0400F94357B9B01AC01C501B40132
:10C9C0000F948F81C954DF4F288139814A815B815F
:10C9D000C75BD0400F948F824B015C01C154DF4F85
:10C9E000288139814A815B81CF5BD0406E966CADE6
:10C9F0007DAD8EAD9FAD6E970F94357B9B01AC01E5
:10CA0000C554DF4F688179818A819B81CB5BD0409F
:10CA10000F948F816B017C01CD53DF4F28813981C9
:10CA20004A815B81C35CD040C301B2010F94357B66
:10CA30009B01AC01C701B6010F948F816B017C0192
:10CA4000C953DF4F288139814A815B81C75CD0405F
:10CA5000C501B4010F94357B9B01AC01C701B60140
:10CA60000F948F81C553DF4F288139814A815B81C3
:10CA7000CB5CD0400F948F826B017C01115009F088
:10CA8000C9CE6E962CAD3DAD4EAD5FAD6E97C55522
:10CA9000DF4F688179818A819B81CB5AD0400F9486
:10CAA000908160933D1370933E1380933F13909356
:10CAB0004013A3019201C155DF4F688179818A81BA
:10CAC0009B81CF5AD0400F94908160934113709313
:10CAD00042138093431390934413A5019401A696A7
:10CAE0006CAD7DAD8EAD9FADA6970F949081A6964F
:10CAF0006CAF7DAF8EAF9FAFA697A7019601A296B0
:10CB00006CAD7DAD8EAD9FADA2970F949081A29636
:10CB10006CAF7DAF8EAF9FAFA297E6969FADE697C5
:10CB20009150E6969FAFE6979111E6CAA6966CAD36
:10CB30007DAD8EAD9FADA6970F948A8260932D1325
:10CB400070932E1380932F1390933013A6966CAD91
:10CB50007DAD8EAD9FADA6970F9450856093311338
:10CB6000709332138093331390933413A2966CAD69
:10CB70007DAD8EAD9FADA2970F9450859058609378
:10CB80003513709336138093371390933813A2960E
:10CB90006CAD7DAD8EAD9FADA2970F948A826093F0
:10CBA000391370933A1380933B1390933C13A696DA
:10CBB0002CAD3DAD4EAD5FADA697A2966CAD7DADF3
:10CBC0008EAD9FADA2970F948F814B015C017C01CC
:10CBD0006B01E894F7F821EE3EE245E652E4A296B6
:10CBE0006CAD7DAD8EAD9FADA2970F94357B9F93BD
:10CBF0008F937F936F9321EE3EE245E652E4C501A9
:10CC0000B4010F94357B9F938F937F936F9386E648
:10CC100090E69F938F930F942A7FB701A60180E639
:10CC20009FE00F949E800FB6F894DEBF0FBECDBF7D
:10CC30002FE132E449E05BE3C701B6010F941984A8
:10CC400010E0181664F425E33AEF4EE85BE3C70101
:10CC5000B6010F94198412E018160CF011E025E3C8
:10CC60003AEF4EE85BE3A6966CAD7DAD8EAD9FAD21
:10CC7000A6979F770F94198418160CF466C425E3C1
:10CC80003AEF4EE85BE3A2966CAD7DAD8EAD9FAD05
:10CC9000A2979F770F94198418160CF456C420910C
:10CCA0002D1330912E1340912F1350913013AE96C7
:10CCB0002CAF3DAF4EAF5FAFAE97809135139091E3
:10CCC0003613A0913713B0913813E9968CAF9DAF0E
:10CCD000AEAFBFAFE99720913D1330913E13409125
:10CCE0003F1350914013E4962CAF3DAF4EAF5FAF72
:10CCF000E4978091311390913213A0913313B09146
:10CD00003413ED968CAF9DAFAEAFBFAFED972091D2
:10CD1000391330913A1340913B1350913C13C3584F
:10CD2000DF4F288339834A835B83CD57D04080917E
:10CD3000411390914213A0914313B0914413CF57E4
:10CD4000DF4F88839983AA83BB83C158D040A4E472
:10CD5000B3E66C96BFAFAEAF6C979CE0292E93E123
:10CD6000392EF101C180D280E380F4804580568065
:10CD7000678070846C96EEADFFAD6C972591359110
:10CD800045915491CB57DF4F288339834A835B8386
:10CD9000C558D0406C96EEADFFAD6C97349685903B
:10CDA0009590A590B490ED962CAD3DAD4EAD5FAD98
:10CDB000ED97C701B6010F94357BC757DF4F6883E6
:10CDC00079838A839B83C958D040C358DF4F288119
:10CDD00039814A815B81CD57D040C301B2010F94A4
:10CDE000357B9B01AC01C757DF4F688179818A8110
:10CDF0009B81C958D0400F949081CF57DF4F288135
:10CE000039814A815B81C158D0400F9490819B0148
:10CE1000AC01C501B4010F948F814B015C01A701E6
:10CE20009601AE966CAD7DAD8EAD9FADAE970F9475
:10CE3000357B6B017C01A3019201E9966CAD7DAD60
:10CE40008EAD9FADE9970F94357B9B01AC01C70177
:10CE5000B6010F949081E4962CAD3DAD4EAD5FAD23
:10CE6000E4970F9490819B01AC01CB57DF4F688111
:10CE700079818A819B81C558D0400F948F81A5010B
:10CE800094010F942C842DEC3CEC4CE45FE30F9464
:10CE9000198418160CF41EEF38E0230E311C6C9622
:10CEA0004EAD5FAD6C97485F5F4F6C965FAF4EAF16
:10CEB0006C97A8968EAD9FADA8978215930509F043
:10CEC00050CF111162C1A2962CAD3DAD4EAD5FADFC
:10CED000A297A6966CAD7DAD8EAD9FADA6970F9433
:10CEE000908120E030E040E05FE30F94357B6B0100
:10CEF0007C010F948A82A2966CAF7DAF8EAF9FAFFC
:10CF0000A29760932D1370932E1380932F139093F9
:10CF10003013C701B6010F945085A6966CAF7DAF54
:10CF20008EAF9FAFA69760933113709332138093A7
:10CF30003313909334139B01AC015058AA962CAF35
:10CF40003DAF4EAF5FAFAA972093351330933613A2
:10CF50004093371350933813A2968CAD9DADAEAD70
:10CF6000BFADA2978093391390933A13A0933B13CC
:10CF7000B0933C1310923D1310923E1310923F1346
:10CF800010924013109241131092421310924313C7
:10CF900010924413412C512C3201CF56DF4FA881FF
:10CFA000B981C159D04011968D909D90AD90BC90A3
:10CFB000149715962D913D914D915C9118976E9611
:10CFC0002CAF3DAF4EAF5FAF6E97CD56DF4FE881D0
:10CFD000F981C359D040C590D590E590F490A50152
:10CFE0009401A2966CAD7DAD8EAD9FADA2970F94CE
:10CFF000357BAE966CAF7DAF8EAF9FAFAE976E9622
:10D000002CAD3DAD4EAD5FAD6E97AA966CAD7DADCE
:10D010008EAD9FADAA970F94357B9B01AC01AE9668
:10D020006CAD7DAD8EAD9FADAE970F9490819B01A1
:10D03000AC01C701B6010F948F8120913D1330914F
:10D040003E1340913F13509140130F9490816B0118
:10D050007C01C0923D13D0923E13E0923F13F092B8
:10D06000401320E030E040E85FE3C301B2010F94D9
:10D0700090812B013C01CD56DF4FE881F981C359E6
:10D08000D04034962591359145915491AE962CAF70
:10D090003DAF4EAF5FAFAE97A5019401A6966CADC4
:10D0A0007DAD8EAD9FADA6970F94357B4B015C0196
:10D0B0006E962CAD3DAD4EAD5FAD6E97A2966CAD4C
:10D0C0007DAD8EAD9FADA2970F94357B9B01AC01DA
:10D0D000C501B4010F9490819B01AC01AE966CAD7B
:10D0E0007DAD8EAD9FADAE970F948F812091411392
:10D0F0003091421340914313509144130F94908107
:10D100004B015C018092411390924213A092431311
:10D11000B0924413CF56DF4F48815981C159D04056
:10D12000485F5F4FCF56DF4F59834883C159D04086
:10D13000CD56DF4F88819981C359D0400896CD568E
:10D14000DF4F99838883C359D0402416350609F0F0
:10D1500024CFA3019201C701B6010F948F8260937F
:10D160003D1370933E1380933F1390934013A3019C
:10D170009201C501B4010F948F82609341137093A3
:10D180004213809343139093441340902D13509077
:10D190002E1360902F1370903013C0903913D090DD
:10D1A0003A13E0903B13F0903C13209131133091EF
:10D1B00032134091331350913413A2962CAF3DAFEC
:10D1C0004EAF5FAFA2978091351390913613A09127
:10D1D0003713B0913813A6968CAF9DAFAEAFBFAFEB
:10D1E000A697A7019601C301B2010F94357B4B01AD
:10D1F0005C01A6962CAD3DAD4EAD5FADA697A29657
:10D200006CAD7DAD8EAD9FADA2970F94357B9B012C
:10D21000AC01C501B4010F948F814B015C01AC01DD
:10D220009B01C701B6010F948F826B017C01A6960A
:10D230006CAD7DAD8EAD9FADA6979058A5019401C4
:10D240000F948F82A6966CAF7DAF8EAF9FAFA697DF
:10D25000A2966CAD7DAD8EAD9FADA2979058A50105
:10D2600094010F948F82AA966CAF7DAF8EAF9FAF63
:10D27000AA97A5019401C301B2010F948F824B01BB
:10D280005C0140903D1350903E1360903F137090AE
:10D290004013209141133091421340914313509118
:10D2A0004413A2962CAF3DAF4EAF5FAFA297C09292
:10D2B0002D13D0922E13E0922F13F0923013AA96D2
:10D2C0008CAD9DADAEADBFADAA9780933113909359
:10D2D0003213A0933313B0933413A6962CAD3DAD07
:10D2E0004EAD5FADA6972093351330933613409320
:10D2F0003713509338138092391390923A13A092B7
:10D300003B13B0923C13C701B6019058A3019201A0
:10D310000F94357B6B017C01A2962CAD3DAD4EADDB
:10D320005FADA297A6966CAD7DAD8EAD9FADA69775
:10D330000F94357B9B01AC01C701B6010F948F811F
:10D3400060933D1370933E1380933F13909340136B
:10D35000AA966CAD7DAD8EAD9FADAA979058A301F6
:10D3600092010F94357B6B017C01A2962CAD3DADF3
:10D370004EAD5FADA297C501B4010F94357B9B0103
:10D38000AC01C701B6010F948F8160934113709374
:10D390004213809343139093441390E080E00E94E3
:10D3A0004E5F17FDD4C084EA90E69F938F930F944D
:10D3B0002A7F4DE353E165E373E18DE293E10F943E
:10D3C000A40A48E050E065EE7FE08DE393E10F941E
:10D3D0007C8048E050E06DED7FE08DE293E10F94BA
:10D3E0007C8048E050E065ED7FE085E393E10F94B9
:10D3F0007C800F94290A0F900F90C755DF4F8881CA
:10D400009981C95AD0400E94304480E090E0A0EA5F
:10D41000B0E480936C1290936D12A0936E12B0934F
:10D420006F1260E070E080EA91E40F94B12E0E94E8
:10D4300006ED17FD20C010926C1210926D12109222
:10D440006E1210926F1280E090E0A6E1B3E4809338
:10D45000340690933506A0933606B093370665E5FB
:10D4600075E585E591E40F947E2E8FE99DE50E9498
:10D47000B0C30F94472F81E00E941B4E82E00E94B0
:10D480009D4D8AE39DE51F3F11F40D94B25E1E3F52
:10D4900009F072C0AF964FADAF9788E79CE5442383
:10D4A00011F40D94B25E88E39CE5423011F40D94C2
:10D4B000B25E83EF9BE50D94B25EF2012581368169
:10D4C00047815085C358DF4F688179818A819B816C
:10D4D000CD57D0400D949861F20125813681478166
:10D4E0005085ED966CAD7DAD8EAD9FADED97AFC027
:10D4F000F2012581368147815085ED966CAD7DAD79
:10D500008EAD9FADED97BDC0A3019201C358DF4F13
:10D51000688179818A819B81CD57D0400D940062CA
:10D52000812C912C30E8A32E3FE3B32E0D9404629E
:10D53000C12CD12C76010D947B62C12CD12C20E81A
:10D54000E22E2FE3F22E0D947B6212E0A8CB1E3F59
:10D5500089F4AF963FADAF97323009F04ECF8DE7EB
:10D5600090E69F938F930F942A7F45CFAF961FAE7F
:10D57000AF9743CF1FEF41CFAF965FADAF9751113C
:10D580000FC088E79CE5133040F4E12FF0E0EE0F88
:10D59000FF1FEE50FD4F808191810E94B0C30DC0EE
:10D5A000AF966FADAF978BEA9CE5623011F485EFD3
:10D5B0009CE50E94B0C3111624F31F3F11F40D9493
:10D5C000535A86E00E9466B28FE59FE00F94688010
:10D5D00081110D94CC5E8FED9DE50E94B0C30D943A
:10D5E000CC5E89819A818037984010F00D94055F58
:10D5F000AE014F5F5F4F7A0104EB10E024E833E0A7
:10D60000A601485C5109692D782D8B2D9A2D0F9418
:10D61000243C882311F40D94055F89819A818056FA
:10D620009A4F0D94305C002311F40D94AB610230DD
:10D6300009F052CFD20111962D913D914D915C91FF
:10D6400014976E966CAD7DAD8EAD9FAD6E970F94B9
:10D65000357B4B015C0160E070E080E89FE31130B6
:10D6600091F0123009F044CFD20111962D913D91E5
:10D670004D915C9114976E966CAD7DAD8EAD9FAD66
:10D680006E970F94357B9B01AC01C501B4010F94DB
:10D69000357B9B01AC01C701B6010F9490816B01F2
:10D6A0007C010D94AB61812C912C60E8A62E6FE378
:10D6B000B62E11110D94856120E030E040E85FE363
:10D6C000EACF1111B4CF0D94AB61812C912C50E8AD
:10D6D000A52E5FE3B52E1111BECF0D94AB611F9344
:10D6E000CF93DF93C82FD62F0E94094E4AEE5BE5F9
:10D6F00060E080E00E94EA4D49ED5BE5CC2311F04B
:10D7000048EC5BE561E080E00E94EA4D8FEF80939A
:10D710005812809320060F942A1E64EF71E080E077
:10D7200090E00E942FE24FEB5BE562E081E00E9417
:10D73000EA4D4EE363E080E00E94F64D82EB9BE50C
:10D740000E94C14D6D2F70E07093220660932106F8
:10D7500084E0809378020E945350DC2F11E01C2754
:10D760008091210690912206009719F197FF0BC036
:10D77000D12F4EE362E080E00E94F64D40E263E08C
:10D7800080E00E94F64D80912106909122061816A5
:10D7900019065CF440E262E080E00E94F64D4EE340
:10D7A00063E080E00E94F64DDC2F1092220610927A
:10D7B00021060F942A1E81E00E94F65C64E670E068
:10D7C00080E090E00E942FE20E945850882341F2AE
:10D7D00082E08093780280E00E94315110925812CA
:10D7E000109220060F942A1E8D2FDF91CF911F914A
:10D7F00008954F925F926F927F92AF92BF92CF92B5
:10D80000DF92EF92FF920F931F93CF93DF9324E069
:10D8100030E041E050E0D901A257B94AFD016591DD
:10D820007491861797070CF066C041505109440F58
:10D83000551F440F551FEA01C057D94AFE010591F3
:10D8400014914257594AFA0165917491F901E057D0
:10D85000F94AE590F490FE01C590D490FD01C59180
:10D86000D491FA01A590B490861B970BBC01990F37
:10D87000880B990B0F94F67A2B013C01B7016C19B8
:10D880007D09072E000C880B990B0F94F67A9B01EB
:10D89000AC01C301B2010F94357B6B017C01BE0169
:10D8A0006A197B09072E000C880B990B0F94F67AE6
:10D8B0009B01AC01C701B6010F948F826B017C0103
:10D8C000B801110F880B990B0F94F67A9B01AC01EC
:10D8D000C701B6010F949081DF91CF911F910F91F5
:10D8E000FF90EF90DF90CF90BF90AF907F906F90C0
:10D8F0005F904F9008954F5F5F4F2C5F3F4F2038F0
:10D90000310509F088CFECE0F7E565917491072EB9
:10D91000000C880B990B0F94F67ADECF22E020934F
:10D92000C0001092C50090E19093C4008091C100A6
:10D9300080618093C1008091C10088608093C100A4
:10D940008091C10080688093C10080911F06813062
:10D95000A9F42093C8001092CD009093CC00809140
:10D96000C90080618093C9008091C900886080935C
:10D97000C9008091C90080688093C90008958F9282
:10D980009F92AF92BF92CF92DF92EF92FF929091CF
:10D990001E06882309F49DC0911192C00E9406EDD5
:10D9A0000E9492456091750270917602072E000CDC
:10D9B000880B990B0F94F67A2091ED0D3091EE0DB6
:10D9C0004091EF0D5091F00D0F94357B2AE037ED2B
:10D9D00043E25CE30F94357B209170123091711219
:10D9E00040917212509173120F9490816093701253
:10D9F00070937112809372129093731280E792E188
:10DA00000F940803C0907A02D0907B02E0907C02D1
:10DA1000F0907D0220E030E040E752E46091F10DAB
:10DA20007091F20D8091F30D9091F40D0F94357B70
:10DA300060937A0270937B0280937C0290937D02C4
:10DA400081E080931E0690E080E00E94604920E023
:10DA500030E0A9016091F50D7091F60D8091F70D00
:10DA60009091F80D0F948582882311F10E9406EDA4
:10DA70002091F50D3091F60D4091F70D5091F80D74
:10DA800060916C1270916D1280916E1290916F1274
:10DA90000F948F8160936C1270936D1280936E124D
:10DAA00090936F120F94620390E080E00E946049AF
:10DAB000C0927A02D0927B02E0927C02F0927D02C8
:10DAC000FF90EF90DF90CF90BF90AF909F908F909E
:10DAD00008959923A9F30E9406ED0E949245809033
:10DAE0007A0290907B02A0907C02B0907D0220E0B0
:10DAF00030E040E752E46091FD0D7091FE0D8091A1
:10DB0000FF0D9091000E0F94357B60937A02709315
:10DB10007B0280937C0290937D02C090F50DD090A3
:10DB2000F60DE090F70DF090F80D20E030E0A9013F
:10DB3000C701B6010F9485828823E1F0A701960101
:10DB400060916C1270916D1280916E1290916F12B3
:10DB50000F94908160936C1270936D1280936E128B
:10DB600090936F120F94620390E080E00E946049EE
:10DB70000E9406ED2091F90D3091FA0D4091FB0DB8
:10DB80005091FC0D6091ED0D7091EE0D8091EF0DB7
:10DB90009091F00D0F9490816B017C016091750262
:10DBA00070917602072E000C880B990B0F94F67A71
:10DBB0009B01AC01C701B6010F94357B2AE037ED1C
:10DBC00043E25CE30F94357B9B01AC0160917012E2
:10DBD0007091711280917212909173120F948F81D3
:10DBE00060937012709371128093721290937312FB
:10DBF00080E792E10F94080310921E0690E080E007
:10DC00000E94604980927A0290927B02A0927C02EC
:10DC1000B0927D0255CF2F923F924F925F926F92BA
:10DC20007F928F929F92AF92BF92CF92DF92EF92AC
:10DC3000FF920F931F93CF93DF9300D000D000D0BB
:10DC40001F92CDB7DEB72B013C0149015A0120E0FC
:10DC500030E040EC51E40F948F8120E030E048E068
:10DC600052E40F948F826B017C010F9437830F94E1
:10DC70000183312C212C77FD1EC01B0166307105FC
:10DC80001CF045E0242E312C822D0F94070A20E051
:10DC900030E048EB51E40F9490819B01AC01C3014B
:10DCA000B2010F948F8120E030E048E052E40F94FD
:10DCB0008F826B017C0120E030E040EC50E4C50134
:10DCC000B4010F948F8120E030E048E052E40F94DB
:10DCD0008F8269837A838B839C830F9437830F941D
:10DCE000018377FDDAC07A8769876630710524F091
:10DCF000E5E0F0E0FA87E98789850F94070A20E0DC
:10DD000030E040EA50E40F9490819B01AC01C501E2
:10DD1000B4010F948F8120E030E048E052E40F948A
:10DD20008F8269837A838B839C83A701960160E04D
:10DD300070E080E89FE30F948F812B013C019101FB
:10DD40002F5F3F4F3E832D8389859A850196988763
:10DD50008F8327E0E985FA852E9F80012F9F100D84
:10DD60001124F801E20DF31DEE0FFF1FEE0FFF1F50
:10DD7000E45FFC4E2181328143815481C301B201B1
:10DD80000F94357B4B015C01ED81FE81E00FF11FAB
:10DD9000EE0FFF1FEE0FFF1FE45FFC4E218132816B
:10DDA00043815481C701B6010F94357B9B01AC01BF
:10DDB000C501B4010F9490814B015C0129813A8126
:10DDC0004B815C8160E070E080E89FE30F948F817D
:10DDD0009B01AC01C501B4010F94357B4B015C0183
:10DDE00027E0EF81F8852E9FC0012F9F900D112411
:10DDF0009A878987FC01E20DF31DEE0FFF1FEE0FDE
:10DE0000FF1FE45FFC4E2181328143815481C301B5
:10DE1000B2010F94357B2B013C0189859A85ED81F8
:10DE2000FE818E0F9F1F880F991F880F991F845F97
:10DE30009C4EFC012181328143815481C701B6018E
:10DE40000F94357B9B01AC01C301B2010F9490810B
:10DE500029813A814B815C810F94357B9B01AC0118
:10DE6000C501B4010F9490812A960FB6F894DEBFD5
:10DE70000FBECDBFDF91CF911F910F91FF90EF901B
:10DE8000DF90CF90BF90AF909F908F907F906F90DA
:10DE90005F904F903F902F9008951A86198645CF36
:10DEA0002F923F924F925F926F927F928F929F92AA
:10DEB000AF92BF92CF92DF92EF92FF920F931F9398
:10DEC000CF93DF9300D000D000D0CDB7DEB70CE009
:10DED00013E11F830E832E803F801982F10161813F
:10DEE0007281838194819B01AC010F949E8588236C
:10DEF00009F47CC089810F94070A20E030E048EBE8
:10DF000051E40F9490816B017C0120E030E04CEFF4
:10DF100052E40F948F812B013C0120E030E044E675
:10DF200053E4C701B6010F948F814B015C0120E0DF
:10DF300030E040EC51E4C701B6010F948F816B01D2
:10DF40007C01EE81FF812181328143815481C301B3
:10DF5000B2010F94357BA50194010F94357B20E02D
:10DF600030E942EA56E40F948F826A837B838C8384
:10DF70009D83EE81FF812585368547855089C701C0
:10DF8000B6010F94357BA50194010F94357B20E0F9
:10DF900030E942E256EC0F948F829B01AC016A811A
:10DFA0007B818C819D810F9490814B015C01EE817E
:10DFB000FF81218D328D438D548DC701B6010F94A1
:10DFC000357BA30192010F94357B20E030E942EAD2
:10DFD00056E40F948F829B01AC01C501B4010F94EC
:10DFE0009081F1016183728383839483F4E02F0E27
:10DFF000311C29812F5F2983273009F06FCF8E8153
:10E000009F814C969F838E83805D934109F063CFFF
:10E0100019870887F1E0F983C8018B5A9F4F9F83C6
:10E020008E83180199EA290E311CE885F985658DE2
:10E03000768D878D90A19B01AC010F949E858823DE
:10E0400009F479C089810F94070A20E030E040EAA2
:10E0500050E40F9490816B017C0120E030E048EDAA
:10E0600052E40F948F812B013C0120E030E042E527
:10E0700053E4C701B6010F948F814B015C0120E08E
:10E0800030E040EC50E4C701B6010F948F816B0182
:10E090007C01EE81FF8120813181428153810F9487
:10E0A000357BA50194010F94357B20E030E942E2F5
:10E0B00056EC0F948F826A837B838C839D83F80157
:10E0C0002181328143815481C301B2010F94357B98
:10E0D000A50194010F94357B20E030E942EA56E433
:10E0E0000F948F829B01AC016A817B818C819D8121
:10E0F0000F9490814B015C01F101208131814281BB
:10E100005381C701B6010F94357BA30192010F948F
:10E11000357B20E030E942EA56E40F948F829B0180
:10E12000AC01C501B4010F949081E885F985658F34
:10E13000768F878F90A3888599854C969987888755
:10E1400099819F5F9983963009F06FCF0C5F1F4FC5
:10E15000E3E108321E0709F05BCF29960FB6F89469
:10E16000DEBF0FBECDBFDF91CF911F910F91FF900A
:10E17000EF90DF90CF90BF90AF909F908F907F9067
:10E180006F905F904F903F902F9008951F93CF9383
:10E19000DF9300D01F921F92CDB7DEB7162F482F06
:10E1A00062E5CE0101960F94820749815A816B8105
:10E1B0007C818D810F940734109398120F900F90EB
:10E1C0000F900F900F90DF91CF911F9108951092B3
:10E1D000E312E0EAF8E6849167E00D94C670E091FE
:10E1E000E312AE2FB0E0AA0FBB1FA352BD4E209189
:10E1F000B0123091B1122D933C93EF5FE093E31294
:10E20000E23040F4F0E0E957F749849168E00F9478
:10E21000C67088E00895E091E312AE2FB0E0A652F8
:10E22000BD4E8091B0128C93EF5FE093E312E33028
:10E2300040F01092E312E7E8F8E6849168E00D946C
:10E24000C670F0E0E056F749849167E0F8CFCF93CD
:10E25000DF9300D000D000D01F92CDB7DEB7809101
:10E260009F12823409F446C0B8F5882309F472C0BD
:10E2700084E08093971285E0EFE9F2E1DE011696E3
:10E2800001900D928A95E1F785E0FE013696AAE9A4
:10E29000B2E101900D928A95E1F740E060E0CE0195
:10E2A00001960F94820785E0FE013196AFE9B2E155
:10E2B00001900D928A95E1F785E080939812409144
:10E2C0009A1250919B1260919C1270919D128091B4
:10E2D0009E120F9407342EC08235B1F1873541F676
:10E2E0006091A1127091A2124CE08091A0120F9443
:10E2F000723411C04091A01262E4CE0101960F94D5
:10E30000820749815A816B817C818D810F9407340A
:10E310008AE08093981240E060E0CE0101960F946D
:10E32000820785E0FE013196AFE9B2E101900D92DE
:10E330008A95E1F781E02A960FB6F894DEBF0FBE0A
:10E34000CDBFDF91CF9108956BE08091A0120F9423
:10E35000C670E1CF80E0EFCFCF93DF9300D01F9264
:10E360001F92CDB7DEB749835A836B837C838D833D
:10E3700085E0FE013196AFE9B2E101900D928A95F8
:10E38000E1F78091981287FF09C00F900F900F90CE
:10E390000F900F90DF91CF910D9427710F900F90F8
:10E3A0000F900F900F90DF91CF910895CF93DF934F
:10E3B00000D01F921F92CDB7DEB7482F68E5CE017F
:10E3C00001960F94820749815A816B817C818D81EE
:10E3D0000F94AC710F900F900F900F900F90DF91F2
:10E3E000CF9108951F93CF93DF9300D01F921F9278
:10E3F000CDB7DEB7182F482F63E5CE0101960F94F5
:10E40000820749815A816B817C818D810F94073409
:10E41000109398120F900F900F900F900F90DF9124
:10E42000CF911F9108951F93CF93DF93E1E0F1E027
:10E4300080818E7F8083E2E0F1E080818160808353
:10E44000E8E4FDE090E1908311821282E0EDF0E0DB
:10E450008081826080839093D400E1EDF0E088E1D8
:10E460008083808180688083E7E7F2E183E09AED32
:10E47000918780878BEE99ED9387828713E01383D2
:10E480001586148680E00F94D67183E60F94764249
:10E490008CED96E60E944155C5E9D2E11093E91250
:10E4A00085EA98E60E9441558AE08C8B82E0809351
:10E4B000041381E08D8F8A831CA286E08C8380E028
:10E4C000DF91CF911F910D94F271CF93DF9300D024
:10E4D0001F921F92CDB7DEB740E061E5CE010196F5
:10E4E0000F94820749815A816B817C818D810F94C1
:10E4F000073484E0809398120F900F900F900F9044
:10E500000F90DF91CF910895CF93DF9300D01F92AA
:10E510001F92CDB7DEB70F94A1078093D912482F71
:10E5200066E6CE0101960F94820749815A816B817C
:10E530007C818D810F94073486E0809398120F9030
:10E540000F900F900F900F90DF91CF910895CF9380
:10E55000DF9300D01F921F92CDB7DEB78091AF122C
:10E560008534F1F020F4823451F185E011C0863415
:10E5700071F18035D1F78091B0128093D71281E08C
:10E5800090E09093D6128093D5120F94847280E01D
:10E590000F900F900F900F900F90DF91CF910895F3
:10E5A0008CE08093D7128091B0129091B112909329
:10E5B000D6128093D5120F94847287E0E9CF8091B0
:10E5C000B0128093D8120F9484728BE0E1CF9091B7
:10E5D0009A128091AA12981322C090919B12809156
:10E5E000AB1298131CC01092D71281E090E0909368
:10E5F000D6128093D51282E88093981240E060E0B2
:10E60000CE0101960F94820785E0FE013196AAE9BA
:10E61000B2E101900D928A95E1F782E0B9CF83E0F3
:10E62000B7CF1F93CF93DF9300D01F921F92CDB728
:10E63000DEB78091470D81112AC01091FF121F3F54
:10E6400091F58091FE12811160C01F3FB9F081E009
:10E6500090E090939612809395129093FD12809380
:10E66000FC128FEF8093FE12133009F482C0F8F091
:10E67000163008F47BC0173009F47FC00F900F905C
:10E680000F900F900F90DF91CF911F91089580917F
:10E69000FC129091FD120F94F908182F1092470D5B
:10E6A0008F3F79F6CACF8FEF8093FF12CACF85ECE8
:10E6B00096E60E944C53812F90E00F946E420F9487
:10E6C000D8788091FE12813089F48EEB96E60F9413
:10E6D0009107412F62E4CE0101960F948207498190
:10E6E0005A816B817C818D810F94AC718091FC1279
:10E6F0009091FD12843020E8920721F089309048F3
:10E7000009F0BCCF0F94B737B9CF193008F0B6CFA6
:10E71000E12FF0E08827E057FC488E4F0D94788178
:10E72000410241024102610237023702BB01250169
:10E73000A5028091FC129091FD12873820E8920783
:10E7400021F08730914809F099CF80919712843059
:10E7500021F480919A12811191CF81E08093460D2E
:10E7600060E08FE292E00F94001288CF10930213C2
:10E7700085CF80E00F94D67181CF10920413109250
:10E78000B2121092971260E08CEA9CE00F948C8099
:10E790000F945C4273CF4F925F926F927F928F92F1
:10E7A0009F92AF92BF92CF92DF92EF92FF920F9320
:10E7B0001F93CF93DF93CDB7DEB7A0970FB6F89432
:10E7C000DEBF0FBECDBF082F0F941173809198123A
:10E7D00087FD0F9427719091981297FF7DC08091CB
:10E7E00097128230B1F008F475C08330E1F18430C3
:10E7F00009F454C00F94277181116BC382E0809398
:10E80000B21283E08093971282E88093981212E00C
:10E81000DBC20E9462E2AB01BC018091A412909124
:10E82000A512A091A612B091A71288519C4FAF4F8C
:10E83000BF4F481759076A077B0708F44BC087E7A3
:10E8400092E10F94947E0196D1F781E08093B21209
:10E85000809397121092B91286E08093991280E00B
:10E860000F94F27137C0923829F60E9462E2AB0130
:10E87000BC018091A4129091A512A091A612B09112
:10E88000A71288519C4FAF4FBF4F481759076A07CF
:10E890007B0708F4AFCF0F9465721CC00E9462E240
:10E8A000AB01BC018091A4129091A512A091A61277
:10E8B000B091A71288519C4FAF4FBF4F48175907CF
:10E8C0006A077B0740F70F94A1079091D91289132B
:10E8D0000F94847210E078C2A12CD12CC12C992401
:10E8E000939455E0B52E63E0862E74E0772EE2E037
:10E8F0006E2E66C0233009F4E0C0243009F083C0D6
:10E9000020ED280F2A3008F4F8C02FE9280F263010
:10E9100008F4F3C08A3009F0FAC04090BE128AEBC6
:10E9200092E10F9471074812B8C01092B91288E0B2
:10E93000EAEBF2E1DE01519601900D928A95E1F742
:10E9400088E0FE017196DE01599601900D928A953C
:10E95000E1F788E0FE017996AAEAB2E101900D9212
:10E960008A95E1F78CE38983FE013296A2ECB2E14D
:10E9700020E0CF01521609F4CDC03D9140EE430F87
:10E98000403608F03EE231932F5FF4CF8E3408F02A
:10E9900056C08B3408F046C0823409F443C0E0F519
:10E9A0008A3059F08D3049F0B092B912A11005C1EA
:10E9B0001F3609F0F7C3AA24A3944FEFC41AD40A50
:10E9C00087E792E10F94947E97FD00C1182F209164
:10E9D000D21230E0F901EB56FD4E85A77901EFEF39
:10E9E000EE1AFE0AFFE0EF22FF245E2CE092D21224
:10E9F0002091B912223009F448C008F07BCF2223BD
:10EA000029F2213051F11A3009F48FCF1D3009F469
:10EA10008CCF1092BF12CACF853430F2873410F0F9
:10EA2000883411F68093BA121092BB121092BD1264
:10EA30001092BC121092BE129092B912BECF8935BC
:10EA400040F4873578F720EB280F263008F0ACCF5C
:10EA5000E9CF863609F0A8CFE5CF20ED280F2A3080
:10EA600050F02FE9280F263030F0803209F09CCF8B
:10EA70006092B912A2CF0F9450079091BB12929559
:10EA8000907F890F8093BB1298CF873448F48534E8
:10EA900058F42FEB280F223038F01092BF1284CF99
:10EAA000803511F08235C9F78092B9128093BF1278
:10EAB0001092C1121092C01280CF20ED280F2A3080
:10EAC00048F02FE9280F263028F08A3231F770926B
:10EAD000B91273CF0F9450072091C0123091C11218
:10EAE00044E0220F331F4A95E1F7820F932F911DC7
:10EAF0009093C1128093C01260CF0F9450079091F1
:10EB0000BE129295907F890F8093BE1256CF8D30A2
:10EB100021F603CFE80EF91EF70110821092D212EF
:10EB200082E199E60E944C538CE099E60E944C5396
:10EB3000CE0101960F9470310F940133809197129A
:10EB4000813009F474C008F4C5CE833009F4D1C013
:10EB5000843009F04FCE80919812863009F46CC150
:10EB600008F093C1843009F409C1853009F0CCC0A4
:10EB70008091AF12813409F496C1823509F0C4C086
:10EB80001092D7128DE290E89093D6128093D5120E
:10EB90008EE296E60F941E3385E0809398124091A2
:10EBA0009A1250919B1260919C1270919D128091CB
:10EBB0009E120F94073416E007C11B3609F0F2C20B
:10EBC0008FE096E60F941E3318E0FEC0CD2819F0B2
:10EBD0000F9401337FCE0E9462E2AB01BC018091B1
:10EBE000A4129091A512A091A612B091A7128053E1
:10EBF000984FAF4FBF4F481759076A077B0708F474
:10EC000069CE80919712882309F464CE1092B912CC
:10EC100081E08093B2128093971286E080939912DC
:10EC200080E00F94F27164E087EE95E679C0109170
:10EC300098121330B1F160F0163009F450C0193059
:10EC400009F0BECF0F943135882309F443CE40CE6E
:10EC50008091AA12833521F48091AB12181711F01C
:10EC6000812FFECD8091B012E12FF0E0DF01AC5199
:10EC7000BD4E8C93E45FF949E4918E1741F0809189
:10EC800099128150809399128111EACF99CF85EA28
:10EC900098E60E9441558AE08093A91281E0810F95
:10ECA000DFCD8091AA12833521F48091AB1283309D
:10ECB00011F083E0D5CD8091B0129091B112909374
:10ECC000E8128093E7121092E312E3EAF8E68491E7
:10ECD0006091E11270E049E00F947234FBCD82E064
:10ECE0008093B21283E08093971282E88093981207
:10ECF000D2CD80919812883009F4B7C0A8F484303E
:10ED0000D9F0873009F4AEC081E08093B21282E07E
:10ED10008093971283E88093981265E08DEF95E6D3
:10ED20000F948F33182F50C08A3009F4A7C060F3B6
:10ED30008D3008F45FCDE8CF8091AA128E3460F553
:10ED40008B3410F4853401F78091AF12863409F4C6
:10ED500073C084E08093971285E0EAEAF2E1DE0175
:10ED6000119601900D928A95E1F785E0FE013196AA
:10ED7000AAE9B2E101900D928A95E1F70F94A7728A
:10ED8000182F853009F208F09CC0823009F432CD8A
:10ED9000843009F43BCF18C0843508F4B5CF8635EC
:10EDA00098F2883509F0B0CF8091AF12863489F19E
:10EDB0008035C1F1823409F042C08091B012809355
:10EDC000D8120F94E7701BE08091951290919612E3
:10EDD0008130910509F0E9C1123009F490C008F0C2
:10EDE0007DC0112309F416C1002309F4E2C01730D5
:10EDF00009F4BFC108F0B3C1143009F4C2C1153021
:10EE000009F0D7C082E08093041360E08DE290E8BF
:10EE1000B5C180919A12882329F082E880939812D4
:10EE200013E0D2CF8091B0128093D71281E090E0AE
:10EE30009093D6128093D5120F94E7704BCD8CE04F
:10EE40008093D7128091B0129091B1129093D61204
:10EE50008093D5120F94E77080E296E60F941E33EC
:10EE600017E0B2CF0F940B7135CD82E80F94EF709D
:10EE700080939812823809F02DCDBCCC8091AF12CE
:10EE80008134D1F60F940C33D7CF8830B1F050F3E2
:10EE90008A3009F039CF8091AF12813409F018CD52
:10EEA0000F940C3315CD1092D7121092D6121092E7
:10EEB000D51281E8809398120DCD81E80F94EF7000
:10EEC000F9CF873049F208F463CE883009F478CE60
:10EED0007BCF8091981287FD9ACCFCCC133009F43B
:10EEE00068C01B3009F080CF8091D8128093FF1248
:10EEF0008FE396E60F9491070F9411735AC0809197
:10EF0000DA12811156C00E942445882309F451C0A9
:10EF10008091430D9091440D8835924009F449C089
:10EF200080917612811145C080917512811141C086
:10EF30008091741281113DC09091420D8091410DDC
:10EF40009817B9F18091420D90E02EE63091410D75
:10EF5000381789F0289FF0011124EF59F94F4485A3
:10EF6000558566857785452B462B472B09F09F5F96
:10EF70008F5F8F70EBCF9923E1F080ED95E60E94D3
:10EF8000415560E070E0CB010F94B54260E070E065
:10EF9000CB010E949C4586ED9EE00F9468808130F5
:10EFA00021F40F9456428F3F91F58FE591E60F942F
:10EFB00025448091B212823019F481E080930413C9
:10EFC0001093031380915F06882351F08091460DC2
:10EFD000811106C08091FC129091FD120F94BF0F19
:10EFE000A0960FB6F894DEBF0FBECDBFDF91CF91D4
:10EFF0001F910F91FF90EF90DF90CF90BF90AF9057
:10F000009F908F907F906F905F904F90089586ECC7
:10F0100095E6CDCF0091D7128091FB12081709F425
:10F0200046C0809197128430A9F480919A12882367
:10F0300089F089E080936006ECE8F5E60E3130F463
:10F04000E02FF0E0EE0FFF1FE457FA49859194910D
:10F050000E9471B9ECE8F5E60E3130F4E02FF0E0F3
:10F06000EE0FFF1FE457FA49859194910F94910791
:10F070000093FB12033049F00C3109F09ACF0E9443
:10F0800006ED81E08093061394CF8091971284302F
:10F0900031F480919A128455823008F48ACF0E940C
:10F0A00006ED81E0809307130F94B73782CF0330CA
:10F0B00071F10C3109F07DCF80910613882309F49A
:10F0C00078CF0F94A1078823B1F1813009F071CF77
:10F0D000109206130F94B6051092450D6091E2123E
:10F0E00070E090E080E00F94F47A6B017C01609115
:10F0F000E11270E06E5F7F4F072E000C880B990BBA
:10F100000F94F67AA70196010F94E42E52CF8091C6
:10F110000713882309F44DCF9091410D8091420D42
:10F12000981347CF0F94A1078150833008F4BCCFC8
:10F13000109207133ECF9091410D8091420D98138C
:10F1400038CF6091E21270E090E080E00F94F47AA2
:10F150009B01AC0160E070E08FEA93E4D5CF1830FA
:10F16000B9F0193009F025CF60E00F943E5219E054
:10F1700020CF61E08091D5129091D6120F943E522B
:10F1800018CF82E08093041360E08EE290E8F6CF1F
:10F19000109204131092B2121092971260E08CE257
:10F1A00090E8ECCF0F940133AFCD002301F3DCCF17
:10F1B0008091051382FF07C08B7F809305138DE23A
:10F1C00097E60F9491078091051381FF50C08091BD
:10F1D000F9129091FA12892B09F449C08FE197E650
:10F1E0000F9491078091F9129091FA120F946E4248
:10F1F000809105138D7F809305138091F912909172
:10F20000FA12909361128093601283ED9FE50E9441
:10F21000F7BA4FEE56E662E080E00E94EA4D609158
:10F220005D0D70915E0D80915F0D9091600D0F945A
:10F2300001832091601230916112C901861B970BE6
:10F2400006976CF081E00E94F65C80E00F94CB732F
:10F250000F94EB0684E690E00E944E5FE0CF0F949F
:10F26000C10684E097E60F9491070C94094E089527
:10F270000F931F93CF93DF9300D01F921F92CDB7B0
:10F28000DEB7182F062F1092051383E080937802C3
:10F2900019821A821B821C821D8290E080E00E94EB
:10F2A0004E5F90910513898192FF37C081111EC076
:10F2B000CE0101960E9484E486E195E60F949107C1
:10F2C000E0910313E250EA3040F7F0E08827E45978
:10F2D000F6488E4F0D94788117017B015F025F0223
:10F2E0004F015F0229019902FD015F0240E457E7E7
:10F2F0006BE170E0CE0101960E94D7E2882301F312
:10F30000809105138B7F82608093051310926112A8
:10F310001092601286E095E6D1CF882389F2198297
:10F3200080EF94E6CBCF0F94D8780F94DD3780919F
:10F33000460D811107C08CED96E60E94415583E091
:10F340008093E9120E9406ED81E00F900F900F90DC
:10F350000F900F90DF91CF911F910F9108950F940F
:10F360001173F2CF8091EA12811197CF812F0F9400
:10F370002738802F0F94C1370F9411738ECF0F94BD
:10F38000D8780F94DD3789CF80E0DFCFCF93DF933C
:10F3900000D01F921F92CDB7DEB70F94D15562E116
:10F3A00080E694E60F9421560F948F0740E065E5C0
:10F3B000CE0101960F94820749815A816B817C812D
:10F3C0008D810F94AC7161E080E00F9438798111E8
:10F3D00003C00F94E306E8CF83E00E9473F783E64F
:10F3E0000F94764283E68093EC120F94424A0F907A
:10F3F0000F900F900F900F90DF91CF910895CF93C2
:10F400000F944A56C82F882379F088EC90E00F9427
:10F41000B50982E00E9473F70F9418560F94C679CD
:10F420000F943F560F94C1068C2FCF9108950F93E0
:10F430001F93CF93DF9300D01F921F92CDB7DEB7FB
:10F44000082F0F944A56182F882339F1602F82EC29
:10F450009FE50F94C4060F9418560F948F07402F02
:10F460006CE4CE0101960F94820749815A816B8129
:10F470007C818D810F94AC7160E080E00F943879CD
:10F48000182F811103C00F94E306E7CF83E00E9499
:10F4900073F70F943F560F94C106812F0F900F9072
:10F4A0000F900F900F90DF91CF911F910F910895C2
:10F4B000FF920F931F93CF93DF9300D01F921F9261
:10F4C000CDB7DEB7082FF62E0F944A56182F882393
:10F4D000A1F1FF2029F0602F83EB9FE50F94C40674
:10F4E0008091DA1281110F94FF790F9418560F94BE
:10F4F0008F07402F65E4CE0101960F948207498162
:10F500005A816B817C818D810F94AC7161E080E0C8
:10F510000F943879182F811103C00F94E306E7CFB9
:10F5200083E60F94764283E68093EC1283E00E9498
:10F5300073F70F943F560F94C106812F0F900F90D1
:10F540000F900F900F90DF91CF911F910F91FF902F
:10F5500008951F93CF93DF9300D01F921F92CDB7D2
:10F56000DEB7182F0F948F07412F6BE4CE01019661
:10F570000F94820749815A816B817C818D810F9420
:10F58000AC7161E080E00F943879811103C00F9471
:10F59000E306E8CF0F900F900F900F900F90DF9140
:10F5A000CF911F910895CF93C82F682F86EA9FE5CA
:10F5B0000F94C4068091DA1281110F94FF790F9491
:10F5C00018568C2F0F94A97A83E60F94764283E61F
:10F5D0008093EC1283E00E9473F70F943F560F94D0
:10F5E000C10681E0CF910895E89409C097FB3EF4ED
:10F5F00090958095709561957F4F8F4F9F4F992380
:10F60000A9F0F92F96E9BB279395F69587957795FD
:10F610006795B795F111F8CFFAF4BB0F11F460FFBD
:10F620001BC06F5F7F4F8F4F9F4F16C0882311F015
:10F6300096E911C0772321F09EE8872F762F05C029
:10F64000662371F096E8862F70E060E02AF09A95C4
:10F65000660F771F881FDAF7880F9695879597F9B9
:10F6600008959B01AC010D94357B0F94487B0D945C
:10F67000B97B0F94AB7B38F00F94B27B20F09523CD
:10F6800011F00D94A27B0D94A87B11240D94ED7BB9
:10F690000F94CA7B70F3959FC1F3950F50E0551FEF
:10F6A000629FF001729FBB27F00DB11D639FAA27D7
:10F6B000F00DB11DAA1F649F6627B00DA11D661F26
:10F6C000829F2227B00DA11D621F739FB00DA11D47
:10F6D000621F839FA00D611D221F749F3327A00D01
:10F6E000611D231F849F600D211D822F762F6A2F9D
:10F6F00011249F5750409AF0F1F088234AF0EE0F02
:10F70000FF1FBB1F661F771F881F91505040A9F72E
:10F710009E3F510580F00D94A27B0D94ED7B5F3FE1
:10F72000E4F3983ED4F3869577956795B795F7956A
:10F73000E7959F5FC1F7FE2B880F911D96958795E2
:10F7400097F9089597F99F6780E870E060E0089561
:10F750009FEF80EC089500240A94161617061806E9
:10F760000906089500240A941216130614060506C5
:10F770000895092E0394000C11F4882352F0BB0F56
:10F7800040F4BF2B11F460FF04C06F5F7F4F8F4FB9
:10F790009F4F089557FD9058440F551F59F05F3FF4
:10F7A00071F04795880F97FB991F61F09F3F79F0A3
:10F7B00087950895121613061406551FF2CF469525
:10F7C000F1DF08C0161617061806991FF1CF8695A7
:10F7D0007105610508940895E894BB27662777278B
:10F7E000CB0197F908953F924F925F926F927F926B
:10F7F0008F929F92AF92BF92CF92DF92EF92FF9241
:10F800000F931F93CF93DF935C016B017A01611516
:10F81000710519F0FB0191838083E114F10451F02B
:10F82000C7010297839730F040E030E020E090E09D
:10F830006BC05E01E5012196F5011081812F90E0FA
:10F840000F94F97D892BA9F71D3201F52196F50159
:10F85000118101E0E114F10409F4E6C0F0E1EF16D2
:10F86000F10409F088C0103359F488818F7D883500
:10F8700009F07CC0198122960260F0E1EF2EF12C94
:10F88000812C912CA12C88E0B82E92C01B3221F43F
:10F89000E5012296F501118100E0DCCFEAE0EE16E9
:10F8A000F10409F4C7C0F0E1EF16F10409F073C0E8
:10F8B000E7CF78E0E72EF12C812C912CA12C60E190
:10F8C000B62E76C021E0ADC0302F3170C114D10406
:10F8D00031F0222371F12197F601D183C08327FFF4
:10F8E0002EC060E070E080E090E8311104C06FEF5E
:10F8F0007FEF8FEF9FE722E230E030930F172093E6
:10F900000E17462F372F282F642F732F822FDF914A
:10F91000CF911F910F91FF90EF90DF90CF90BF900C
:10F92000AF909F908F907F906F905F904F903F909F
:10F93000089501FF04C02297F601D183C0833323C9
:10F9400041F090958095709561957F4F8F4F9F4FB7
:10F95000D8CF97FFD6CF82E290E090930F17809395
:10F960000E176FEF7FEF8FEF9FE7CBCF10E3E11420
:10F97000F10409F49ECF28E0E216F10409F49CCFCB
:10F980000CF08CCF812C912CA12CE0E4BE2E82E0D7
:10F99000E816F10469F060E070E080E090E897011B
:10F9A0000F2C000C440B550B0F94DB8049015A01BE
:10F9B00020E060E070E0CB0127010F2C000C66080E
:10F9C0007708FE0150ED352E310E39E0331570F415
:10F9D0003FEB310F49EC342E3A3138F03FE9310F2B
:10F9E0003A3108F071CF39EA332E310E3E141F043C
:10F9F0000CF06ACF27FD15C086169706A806B90633
:10FA000078F0A30192010F94CB80630D711D811DCD
:10FA1000911D61307105810520E8920708F452CFED
:10FA20002FEF21961081CDCF103309F41ECF2AE09D
:10FA3000E22EF12C9CEC892E982CA82C9CE0B92E5F
:10FA4000B7CF283008F027E03327DA01990F311DAE
:10FA500087FD916000966105710539F432602E5F73
:10FA60003D9330E32A95E1F708959F3F30F08038C9
:10FA70007105610509F03C5F3C5F3D93913008F0F2
:10FA80008068911DDF93CF931F930F93FF92EF92A6
:10FA9000192F987F9695E92F96959695E90FFF2750
:10FAA000E050FA4F99273327EE24FF24A701E701FE
:10FAB00005900894079428F4360FE71EF81E491F96
:10FAC000511D660F771F881F991F0694A1F7059097
:10FAD000079428F4E70EF81E491F561FC11D770F23
:10FAE000881F991F661F0694A1F70590079428F4B4
:10FAF000F80E491F561FC71FD11D880F991F661F7B
:10FB0000771F0694A1F70590079420F4490F561F1C
:10FB1000C71FD81F990F661F771F881F0694A9F764
:10FB200084911095177041F0D695C79557954795D4
:10FB3000F794E7941A95C1F7E6EAF5E06894159012
:10FB4000159135916591959105907FE27395E11836
:10FB5000F10A430B560BC90BD009C0F7E10CF11E9B
:10FB6000431F561FC91FD01D7EF4703311F48A95B0
:10FB7000E6CFE894015030F0080F0AF4002702178E
:10FB800008F4202F2395022F7A3328F079E37D9310
:10FB90002A95E9F710C07D932A9589F606949795E2
:10FBA0006795379517951794E118F10A430B560B93
:10FBB000C90BD00998F023957E9173957A3308F09C
:10FBC00070E37C932013B8F77E9170617D9330F0E1
:10FBD000839571E37D9370E32A95E1F71124EF900B
:10FBE000FF900F911F91CF91DF91992787FD9095FD
:10FBF000089591110D945580803219F089508550E7
:10FC0000C8F70895FB01DC0102C005900D92415038
:10FC10005040D8F70895FB01DC010D900020E9F772
:10FC2000119705900D920020E1F70895FB01DC018A
:10FC30008D91059080190110D9F3990B0895FB015E
:10FC4000DC0105900D920020E1F70895FC0105907C
:10FC50000020E9F7809590958E0F9F1F0895FB0176
:10FC6000DC014150504088F08D9181341CF08B357F
:10FC70000CF4805E659161341CF06B350CF4605EB1
:10FC8000861B611171F3990B0895881BFCCFFB0152
:10FC9000DC014150504030F08D910590801919F4ED
:10FCA0000020B9F7881B990B0895FB01DC01415036
:10FCB000504048F005900D920020C9F701C01D92F8
:10FCC00041505040E0F70895FC01059061507040AC
:10FCD0000110D8F7809590958E0F9F1F0895FB0116
:10FCE00055915523A9F0BF01DC014D9145174111F4
:10FCF000E1F759F4CD010590002049F04D914015F0
:10FD00004111C9F3FB014111EFCF81E090E0019770
:10FD10000895FC016150704001900110D8F7809562
:10FD200090958E0F9F1F0895CF93DF93EC012B8149
:10FD300020FF1AC026FF0CC02F7B2B838E819F8152
:10FD400001969F838E838A8190E0DF91CF91089501
:10FD500022FF18C0E881F9818081082E000C990BE0
:10FD6000009729F420622B838FEF9FEFEECF31961F
:10FD7000F983E8832E813F812F5F3F4F3F832E839E
:10FD80009927E3CFEA85FB85199597FFF3CF2B8160
:10FD9000019621F080E2822B8B83E6CF80E1FBCFBE
:10FDA0000F931F93CF93DF93182F092FEB018B81B4
:10FDB00081FD09C01FEF0FEF812F902FDF91CF91B1
:10FDC0001F910F91089582FF14C02E813F818C8175
:10FDD0009D81281739073CF4E881F981CF0101960C
:10FDE0009983888310838E819F8101969F838E8360
:10FDF000E3CFE885F985812F1995892BA1F3DACF17
:10FE0000EF92FF920F931F93CF93DF938C017B01AF
:10FE1000DB0113968C91D0E0C0E081FD0FC0CFEFE5
:10FE2000DFEF10C0D7011896ED91FC91B70119953D
:10FE3000892B11F0CFEFDFEF0F5F1F4FF801849197
:10FE40008111F0CFCE01DF91CF911F910F91FF90E3
:10FE5000EF9008950F931F93CF93DF93CDB7DEB745
:10FE6000AE01485F5F4FDA016D917D91AD0104E114
:10FE700017E1F80182819381DC0113962C9113978D
:10FE8000286013962C930E94C934D8011296ED91E4
:10FE9000FC912381277F2383DF91CF911F910F91C5
:10FEA00008950F931F93CF93DF938C01E091161762
:10FEB000F09117178381D0E0C0E081FD0AC0CFEF39
:10FEC000DFEF17C01995892B11F0CFEFDFEF0F5F30
:10FED0001F4FF80184916091161770911717DB017D
:10FEE0001896ED91FC918111EDCF8AE01995892B3F
:10FEF00031F7CE01DF91CF911F910F9108950F93AC
:10FF00001F93CF93DF93CDB7DEB72E970FB6F8943C
:10FF1000DEBF0FBECDBF0E891F898EE08C831A8392
:10FF200009838FEF9FE79E838D83AE01465E5F4F0F
:10FF3000688D798DCE0101960E94C9342F81388554
:10FF4000020F131FF80110822E960FB6F894DEBF31
:10FF50000FBECDBFDF91CF911F910F910895CF9329
:10FF6000DF93EC018B8188608B83CE010E94C934C2
:10FF70002B81277F2B83DF91CF9108950F931F93C0
:10FF8000CF93DF93CDB7DEB72E970FB6F894DEBFD1
:10FF90000FBECDBF8C01FA018EE08C831A830983DA
:10FFA00077FF02C060E070E8615071097E836D8365
:10FFB000A901BF01CE0101960E94C9344D815E8125
:10FFC00057FD0AC02F813885421753070CF49A0158
:10FFD000020F131FF80110822E960FB6F894DEBFA1
:10FFE0000FBECDBFDF91CF911F910F910895FA0100
:10FFF000AA27283051F1203181F1E8946F936E7F68
:020000023000CC
:100000006E5F7F4F8F4F9F4FAF4FB1E03ED0B4E058
:100010003CD0670F781F891F9A1FA11D680F791F99
:100020008A1F911DA11D6A0F711D811D911DA11DAA
:1000300020D009F468943F912AE0269F11243019BA
:10004000305D3193DEF6CF010895462F4770405D55
:100050004193B3E00FD0C9F7F6CF462F4F70405D04
:100060004A3318F0495D31FD4052419302D0A9F75F
:10007000EACFB4E0A6959795879577956795BA9559
:10008000C9F700976105710508959B01AC010A2E1F
:1000900006945795479537952795BA95C9F7620FF6
:1000A000731F841F951FA01D089599278827089501
:1000B000DC01CB01FC01F999FECF06C0F2BDE1BD28
:1000C000F89A319600B40D9241505040B8F7089517
:1000D000F999FECF92BD81BDF89A992780B5089510
:1000E000A6E1B0E044E050E00D945A80A8E1B0E011
:1000F00042E050E00D945A80DC01A40FB51F41503E
:10010000504048F0CB01840F951F2E910F948D80A5
:1001100041505040D0F70895262FF999FECF92BD57
:1001200081BDF89A019700B4021639F01FBA20BDBC
:100130000FB6F894FA9AF99A0FBE08950396272FEE
:100140000F948D800F948C80252F0F948D80242FF9
:100150000D948D800196272F0F948D800D948C80A7
:10016000262FF999FECF1FBA92BD81BD20BD0FB6D3
:10017000F894FA9AF99A0FBE01960895242F0F94D5
:10018000B180252F0F94B1800D94C6800F94B0805C
:10019000272F0D94B180DB018F939F930F94FD80E7
:1001A000BF91AF91A29F800D911DA39F900DB29F13
:1001B000900D11240895A1E21A2EAA1BBB1BFD016C
:1001C0000DC0AA1FBB1FEE1FFF1FA217B307E40736
:1001D000F50720F0A21BB30BE40BF50B661F771F8E
:1001E000881F991F1A9469F760957095809590956E
:1001F0009B01AC01BD01CF0108950F940881A59F1B
:10020000900DB49F900DA49F800D911D1124089511
:10021000A29FB001B39FC001A39F700D811D112447
:10022000911DB29F700D811D1124911D0895991B80
:1002300079E004C0991F961708F0961B881F7A95DD
:10024000C9F78095089587FB082E062687FD8195BE
:1002500067FD61950F9417810EF4919507FC8195C8
:100260000895AA1BBB1B51E107C0AA1FBB1FA617FD
:10027000B70710F0A61BB70B881F991F5A95A9F74F
:1002800080959095BC01CD01089597FB072E16F43B
:10029000009407D077FD09D00F94318107FC05D079
:1002A0003EF4909581959F4F0895709561957F4F8D
:1002B0000895052E97FB1EF400940F94708157FD4E
:1002C00007D00F94DB8007FC03D04EF40D947081AF
:1002D00050954095309521953F4F4F4F5F4F089572
:1002E00090958095709561957F4F8F4F9F4F0895A2
:1002F000EE0FFF1F881F8BBF0790F691E02D19941A
:100300000F940881332312F48A1B9B0B0D948A816E
:100310000F940881B7FF0895821B930B08955058DE
:10032000BB27AA270F94A7810D94B97B0F94AB7BB1
:1003300038F00F94B27B20F039F49F3F19F426F483
:100340000D94A87B0EF4E095E7FB0D94A27BE92FBA
:100350000F94CA7B58F3BA1762077307840795078F
:1003600020F079F4A6F50D94EC7B0EF4E0950B2EBD
:10037000BA2FA02D0B01B90190010C01CA01A001F7
:100380001124FF27591B99F0593F50F4503E68F152
:100390001A16F040A22F232F342F4427585FF3CF93
:1003A000469537952795A795F0405395C9F77EF464
:1003B0001F16BA0B620B730B840BBAF09150A1F0AD
:1003C000FF0FBB1F661F771F881FC2F70EC0BA0F33
:1003D000621F731F841F48F4879577956795B795BB
:1003E000F7959E3F08F0B0CF9395880F08F09927B6
:1003F000EE0F9795879508950F94AB7B60F080E89A
:1004000091E009F49EEF0F94B27B28F040E851E0B0
:1004100071F45EEF0CC00D94A87B0D94EC7BE92F7A
:10042000E0780F94CA7B40F3092E052AB1F3261712
:1004300037074807590738F00E2E07F8E02569F00E
:10044000E025E0640AC0EF6307F8009407FADB01D7
:10045000B9019D01DC01CA01AD01EF930F94A682A1
:100460000F94B97B0F943F825F91552339F02BEDA8
:100470003FE049E450FD49EC0D9490810895DF93ED
:10048000DD27B92FBF7740E85FE316161706480748
:100490005B0718F4D92F0F948B849F938F937F93CE
:1004A0006F930F94317BE4EEF0E00F949B830F94F5
:1004B000B97B2F913F914F915F910F94487BDD2342
:1004C00051F09058A2EA2AED3FE049EC5FE3D07882
:1004D0005D270F94A781DF910D94B97B0F94018460
:1004E00090F09F3748F4911116F40D94ED7B60E085
:1004F00070E080E89FE3089526F01B16611D711DD2
:10050000811D0D9472830D948D830F944E8308F496
:1005100081E008950F94C483E3950D94ED830F94C7
:10052000A3820D94B97B0F94B27B58F00F94AB7BF0
:1005300040F029F45F3F29F00D94A27B51110D94F6
:10054000ED7B0D94A87B0F94CA7B68F39923B1F3DC
:10055000552391F3951B550BBB27AA2762177307E9
:10056000840738F09F5F5F4F220F331F441FAA1F7D
:10057000A9F335D00E2E3AF0E0E832D09150504039
:10058000E695001CCAF72BD0FE2F29D0660F771FE7
:10059000881FBB1F261737074807AB07B0E809F0CD
:1005A000BB0B802DBF01FF2793585F4F3AF09E3F52
:1005B000510578F00D94A27B0D94ED7B5F3FE4F341
:1005C000983ED4F3869577956795B795F7959F5F95
:1005D000C9F7880F911D9695879597F90895E1E0E1
:1005E000660F771F881FBB1F621773078407BA0740
:1005F00020F0621B730B840BBA0BEE1F88F7E0959B
:1006000008950F9408836894B1110D94ED7B0895BB
:100610000F94D27B88F09F5798F0B92F9927B75144
:10062000B0F0E1F0660F771F881F991F1AF0BA9596
:10063000C9F714C0B13091F00F94EC7BB1E008958C
:100640000D94EC7B672F782F8827B85F39F0B93F7E
:10065000CCF3869577956795B395D9F73EF4909549
:100660008095709561957F4F8F4F9F4F08950F94A0
:10067000018490F09F3748F4911116F00D94ED7BB2
:1006800060E070E080E89FEB089526F41B16611D82
:10069000711D811D0D9472830D948D83990F000837
:1006A000550FAA0BE0E8FEEF16161706E807F90744
:1006B000C0F012161306E407F50798F0621B730BDF
:1006C000840B950B39F40A2661F0232B242B252B60
:1006D00021F408950A2609F4A140A6958FEF811D03
:1006E000811D0895882371F4772321F09850872B7A
:1006F000762F07C0662311F499270DC09051862BE1
:1007000070E060E02AF09A95660F771F881FDAF78D
:10071000880F9695879597F908959F3F31F09150EE
:1007200020F4879577956795B795880F911D9695D5
:10073000879597F90895DF93CF931F930F93FF92B7
:10074000EF92DF927B018C01689406C0DA2EEF01F4
:100750000F94487BFE01E894A59125913591459130
:100760005591A6F3EF010F94A781FE019701A8010F
:10077000DA9469F7DF90EF90FF900F911F91CF917E
:10078000DF9108950D94A87B0F94D27BD8F3E89461
:10079000E0E0BB279F57F0F02AED3FE049EC06C0B0
:1007A000EE0FBB0F661F771F881F28F0B23A620753
:1007B0007307840728F0B25A620B730B840BE3951E
:1007C0009A9572F7803830F49A95BB0F661F771FA1
:1007D000881FD2F790480D948F83EF93E0FF07C0F6
:1007E000A2EA2AED3FE049EC5FEB0F94A7810F945A
:1007F000B97B0F90039401FC9058E1E1F1E00D9476
:10080000E4850F94D27BA0F0BEE7B91788F4BB272C
:100810009F3860F41616B11D672F782F8827985FD0
:10082000F7CF869577956795B11D93959639C8F35F
:1008300008950F944E8308F48FEF08950F94AB7BC7
:1008400029F00F94B27B11F00D94A87B0D94A27B3C
:10085000B901CA010D948D839F775F770F94CA7B8E
:1008600068F39923A9F35523A9F3FF27951758F4A3
:10087000E52FE91BED3060F75E3B10F0F1E41CC0A2
:100880009034E0F40AC0E92FE51BED3018F79E3BE9
:1008900010F0F1E411C0503488F4F9EA88232AF00A
:1008A0009A95660F771F881FDAF744232AF05A9526
:1008B000220F331F441FDAF79F1B5F1BFF931F9309
:1008C0000F93FF92EF9279018A01BB27AB2F9B0117
:1008D000AC010F944B7B9701A801BF937B018C0166
:1008E000AA27BA2FB901CA010F944B7BAF91970188
:1008F000A801EF90FF900F911F910F94A7810F9483
:10090000B97B0F945E854F9140FF0895552747FDB1
:1009100050950D9497849B01AC0160E070E080E8F5
:100920009FE30D948F820D94A27B0D948D830F9481
:10093000D27BD8F39923C9F3940F511DA3F391509F
:10094000504094F059F0882332F0660F771F881FCB
:1009500091505040C1F79E3F51052CF7880F911DD3
:100960009695879597F908955F3FACF0983E9CF077
:10097000BB27869577956795B79508F4B1609395F1
:10098000C1F7BB0F58F711F460FFE8CF6F5F7F4FDF
:100990008F4F9F4FE3CF0D94ED7B0F94D27B58F197
:1009A0009E5760F19851A0F0E9F0983020F5092E9B
:1009B0009927660F771F881F991F0A94D1F712C0D5
:1009C000062E672F782F8827985F11F4000C07C038
:1009D000993FB4F38695779567959395D9F7611DFF
:1009E000711D811D3EF490958095709561957F4FA6
:1009F0008F4F9F4F089568940D94ED7B0D94EC7B81
:100A0000FA01EE0FFF1F309621053105A1F16115A6
:100A1000710561F48038BFE39B0749F16894903811
:100A2000810561F08038BFEF9B0741F099234AF5BB
:100A3000FF3FE1053105210519F1E8940894E79598
:100A4000D901AA2329F4AB2FBE2FF85FD0F310C031
:100A5000FF5F70F4A695E0F7F73950F019F0FF3A10
:100A600038F49F779F930DD00F9007FC905808950E
:100A700046F00D94A87B60E070E080E89FE3089565
:100A80004FE79F775F934F933F932F930F94008689
:100A90002F913F914F915F910F94357B0D94AB85D2
:100AA0009F930F94C4830F9007FCEE5F0D94ED832A
:100AB00019F416F40D94A87B0D948D830F94D27BBA
:100AC000B8F39923C9F3B6F39F57550B87FF0F94DB
:100AD000DD850024A0E640EA900180585695979560
:100AE00028F4805C660F771F881F20F026173707D1
:100AF000480730F4621B730B840B202931294A2BE1
:100B0000A69517940794202531254A2758F7660F94
:100B1000771F881F20F026173707480730F4620B2D
:100B2000730B840B200D311D411DA09581F7B90178
:100B3000842F9158880F9695879508950F944E832A
:100B4000880B990B089529F416F00D94A27B0D944F
:100B5000EC7B0D94A87B0F94D27BA8F39638A0F77A
:100B600007F80F92E8942BE33AEA48EB5FE70F941B
:100B70004B7B0F920F920F924DB75EB70F920F946F
:100B80004886EFE2F1E00F949B834F915F91EF91E4
:100B9000FF91E595EE1FFF1F49F0FE57E0684427DF
:100BA000EE0F441FFA95E1F74195550B0F9497848A
:100BB0000F9007FE0D948B84089591505040660F5E
:100BC000771F881FD2F708959F938F937F936F931A
:100BD000FF93EF939B01AC010F94357BEF91FF9155
:100BE0000F949B832F913F914F915F910D94357B93
:100BF00016F00D948D830D94A87B68940D94A27BC0
:100C00000F94D27BA8F39923C1F3AEF3DF93CF9374
:100C10001F930F93FF92C92FDD2788232AF0219776
:100C2000660F771F881FDAF720E030E040E85FEBBF
:100C30009FE3883920F0803E38F021968F770F941B
:100C40009081E7E5F1E004C00F949081E4E8F1E0E1
:100C50000F949B838B01BE01EC01FB2E6F57710932
:100C60007595771F880B990B0F94F67A28E132E778
:100C700041E35FE30F94487BAF2D9801AE01FF90F5
:100C80000F911F91CF91DF910F94A7810D94B97BA4
:100C9000FA01DC01AA0FBB1F9B01AC01BF5728F46E
:100CA000222733274427507820C0B75190F4AB2F28
:100CB0000024469537952795011CA395D2F3002073
:100CC00071F0220F331F441FB395DAF30ED00D9449
:100CD0008F8161307105A0E88A07B94630F49B0125
:100CE000AC016627772788279078309621F02083FB
:100CF00031834283538308959111089581548A5119
:100D000008F4805E855A0895FB01DC0104C08D91D2
:100D10000190801921F441505040C8F7881B990B6D
:100D20000895FB01DC0102C001900D92415050403A
:100D3000D8F70895DC0101C06D9341505040E0F7B1
:100D40000895FB01DC018D9181341CF08B350CF48E
:100D5000805E619161341CF06B350CF4605E861B23
:100D6000611189F3990B0895FB01DC010D900020BE
:100D7000E9F7119701900D920020E1F70895FC0129
:100D80008191861721F08823D9F799270895319703
:100D9000CF010895FB01DC018D91019080190110B4
:100DA000D9F3990B0895FB01DC0101900D9200200D
:100DB000E1F70895FB01DC014150504030F08D9186
:100DC0000190801919F40020B9F7881B990B089538
:100DD000FB01DC014150504048F001900D92002091
:100DE000C9F701C01D9241505040E0F708950F939C
:100DF0001F93CF93DF93E0911617F091171723817C
:100E0000EC0110E000E021FD08C00FEF1FEF14C05F
:100E10001995892B11F00FEF1FEF8991609116172B
:100E200070911717DB011896ED91FC918111F0CFAD
:100E30008AE01995892B49F7C801DF91CF911F915D
:100E40000F91089514E3C5E9D4E300E006C0802FB4
:100E5000FE010F9478812196011DC639D10780E0EB
:080E60000807A9F7F894FFCF81
:100E6800303132333435363738392E200A47580076
:100E78000000803FFFFFFFFF00007A43000052435D
:100E88000000524300000000000080C09A99193EFB
:100E980064000240771B0060EA0000FFFFFFFFFFCD
:100EA80001010000484200003E430000A041D2007A
:100EB800FF3FFF3FFF3F01AF000201010101010EAB
:100EC800013E03C201FFB8450005CA45000501FF00
:100ED800FFFFFFFF0864000101020080BB4400001F
:100EE80080BF000000000000000000000000640057
:100EF800000080BF000000000000000000000000AB
:100F08000000074400804F440000FA430000874374
:100F180000804F440000E14310101010107F7F77CD
:100F28007B777F7F58595A45580059005A005072AC
:100F3800757361206933204D4B322E35000D0A0040
:100F480000C0284500C0284500007A440000C84277
:100F58002F0092574F570E5700803B4500803B4566
:080F68000000484400000000F5
:00000001FF
