:100000000C942E3A0C945F3A0C945F3A0C945F3A3D
:100010000C945F3A0D94FA670C945F3A0C945F3A33
:100020000C94686B0C945F3A0C945F3A0C945F3AB2
:100030000C94EF560C945F3A0D94FC2A0D9489248D
:100040000C945F3A0D94FE310C945F3A0C945F3A35
:100050000C945F3A0C945F3A0C945F3A0C949C6A4F
:100060000C945F3A0C946C530C945F3A0C945F3A86
:100070000C945F3A0C94678C0C945F3A0C945F3A42
:100080000C945F3A0C945F3A0C945F3A0C945F3A8C
:100090000C9428530C945F3A0C945F3A0C945F3A9A
:1000A0000C945F3A0C945F3A0D947B1C0C945F3A6D
:1000B0000C945F3A0D945D1C0C945F3A0D9446309D
:1000C0000C945F3A0C945F3A0C945F3A0D941D1CAB
:1000D0000C945F3A0C945F3A0C945F3A0C945F3A3C
:1000E0000C945F3A084AD73B3BCE016E84BCBFFDFF
:1000F000C12F3D6C74319ABD56833DDA3D00C77FF8
:1001000011BED9E4BB4C3E916BAAAABE0000008090
:100110003F05A84CCDB2D44EB93836A9020C50B91F
:10012000918688083CA6AAAA2ABE000000803F0744
:10013000634236B79BD8A71A39685618AEBAAB5582
:100140008C1D3CB7CC5763BD6DEDFD753EF6177247
:1001500031BF000000803F08000000BE9224491219
:100160003EABAAAA2ABECDCCCC4C3E00000080BE3D
:10017000ABAAAAAA3E00000000BF000000803F001A
:1001800000000000084178D3BB4387D1133D190E0E
:100190003CC3BD4282AD2B3E68EC8276BED98FE176
:1001A000A93E4C80EFFFBE01C4FF7F3F000000006E
:1001B00000000C94C5FB0D9474230C94CACA0C94D3
:1001C00046DD0C94306B0D94803E0D9493190C9485
:1001D000DCC70C9400DC0C94C1D00C94F3C70C94D5
:1001E0001EDD0D9417B40D942F170C9486CB0C9430
:1001F00035DD0D94B7AD0C94BBF50C9498FB0C94C5
:10020000E7FB0C9421DB0C9427E60C948DCB0C942B
:10021000F7C70C94B8D40D9461230C94DCE50C94CE
:10022000FDFB0C944AFB0C94CAE50C9405C80C9495
:1002300001C80C94E9C70C9431CE0C94D4C70C942B
:10024000B3C90C9494EA0C944CDB0D94683E0C9466
:1002500061DF0D94703E0C9445CE0C942DEF0D94FF
:1002600008170C94F7C90C9403CA0D94503E0D94D2
:100270000D150C94FFE50C94F4DB0C945CFB0D94D1
:100280008D1A0D94F9AD0C94046B0D94883E0D9469
:1002900019AE0C9496CA0C9417DB0C94A5C90C9457
:1002A000BFFB0C94A8CA0D94CF1B0C9458CA0C9495
:1002B00006DC0D94B7230D9481100D94290B0C943A
:1002C000CEC70C942ADD0C94E3C70C94C76E0D9432
:1002D0000FA70D9418A70C94B0FB0D94D1160D9494
:1002E0006F3D0D949EAD0C9417C80C9428CA0D94C4
:1002F00012240C94FDDB0D9420B40C944FCE0D947D
:10030000583E0C94ACC90C94E56C0C941BC80C942E
:100310008EFB0C94C9FB0C9409F00C9413E60C941E
:10032000FBCC0C94DC530D948BA70C94C9D00C948B
:1003300043CA0D948F190C9446680C94A4E50D944F
:1003400016AE0D94D0090D941F3E0D94CB170C944E
:1003500040CE0C9499E00C9462CA0C940FDC0D947E
:10036000193E0C9472FA0C945AEF0D94930B0C9462
:100370003BCE0D94E5140C940CDD0C9482CA0C94C5
:1003800093DD0C942D6A0C94F5EA0D9453270D948B
:10039000B63D0D94D0140D941C3E0C94C2D60D9411
:1003A000300F0C94F2D50C94FADB0D94420D0D94A1
:1003B000461B0C94B1C80C9420F10C940EC80C94FC
:1003C0002CCD0C9444DD0C94F0E50C94DADD0C9407
:1003D000C2E50C94AED20C944ECA0C9403DC0D947E
:1003E000410A0D94B93D0D94BE0F0C94B3CA0C9400
:1003F0003BF90D9489160C9412DD0C94A9CB0C9446
:10040000D56A0C947BED0D947C080C94F7DB0D946D
:10041000983E0D9473A70D9444150C94B8E50C9474
:10042000C8F30C94D8C70D949E150C949EDC0C94C4
:100430006CCA0D94873D0C9458CE0D9476A70C94FD
:1004400062CD0C946ADF0C94EE6A0C942AD20D945F
:1004500050150D94903E0D9490210C94EDC90D947F
:10046000AEB30C9431E60D94A03E0C94DDCA0C940E
:100470009FE50D94F9230C94BAC90C94C8CE0D9441
:10048000AD0F0C9416CA0C9418DD0C94F0CB0C94A0
:1004900071EE0C94B0DB0C94E6E50C94AEE50D9493
:1004A000EF3D0C94EDC70C9420C80C9421D20D9410
:1004B00082A70C94D2E50D94AF3D0D9461150D9477
:1004C000A83E0C944ACE0D9484170D94603E0D9472
:1004D000AC3D0C94CDF80C94E3F80C94D2C80C9479
:1004E0006FD70C9436CE0C94FBC70C94C0DB0D94E4
:1004F0003D0A0C9497E50D94970B0C9476CA0C94D6
:10050000E06A0D946D150D9479A70D941CAE0C94B2
:1005100020EC0D94B03E0C947FCC0D9472190D9488
:1005200069100C9413C80D94F4B30D94587B0D947A
:1005300013B40C9454CE0C94C1C90C94F1DB0C94FC
:10054000DDEE0D942AA70C9409C80C94BB6A0D9497
:10055000D20A0C948CCE0D94480C0C940FC80D94B8
:1005600070A70C940DFC0C9481690C942ECF0C9404
:100570000D6B0C94A4D60D944B160D9410B40C94E2
:10058000D8C80C9409E60D9425B40C94F9D10C94B8
:10059000CEEC0C9424FB0D9467A70C94E0C70C944C
:1005A00098DD0D94DE0F0D9482080C94426B0C9430
:1005B0008CCA0C94E7FA0C9454FB0C943BD00C942A
:1005C00073DF0C9458DF0C941DE60D94EA230D9410
:1005D0006F4A0D94783E0D944D3E0C9437CA6E616F
:1005E0006E00696E660000407A10F35A00A0724EE9
:1005F00018090010A5D4E80000E87648170000E4C8
:100600000B54020000CA9A3B000000E1F50500000F
:1006100080969800000040420F000000A086010074
:100620000000102700000000E80300000000640044
:10063000000000000A0000000000010000000000AF
:100640002C76D888DC674F0823DFC1DFAE59E1B1D3
:10065000B796E5E3E453C63AE651997696E8E6C2E2
:100660008426EB898C9B62ED407C6FFCEFBC9C9FE9
:1006700040F2BAA56FA5F490055A2AF75C936B6C0B
:10068000F9676DC11BFCE0E40D47FEF520E6B500FF
:10069000D0ED902E0300943577050080841E08006D
:1006A00000204E0A000000C80C333333330F986E1D
:1006B00012831141EF8D2114893BE65516CFFEE6DA
:1006C000DB18D1844B381BF77C1D901DA4BBE424A0
:1006D000203284725E228100C9F124ECA1E53D271D
:1006E000556E6578706563746564206572726F72AB
:1006F000206F636375727265642E004D3630302052
:1007000046696C616D656E74204368616E67652E25
:10071000204C6F61642061206E65772066696C6192
:100720006D656E74206F7220656A656374207468ED
:1007300065206F6C64206F6E652E0052656D6F765C
:10074000652074686520656A656374656420666900
:100750006C616D656E742066726F6D2074686520C3
:1007600066726F6E74206F6620746865204D4D55FB
:100770002E0046696C616D656E74206465746563F6
:1007800074656420756E65787065637465646C79F2
:100790002E20456E73757265206E6F2066696C61E0
:1007A0006D656E74206973206C6F616465642E20C2
:1007B000436865636B207468652073656E736F7240
:1007C0007320616E6420776972696E672E00496ECE
:1007D0007465726E616C2072756E74696D652065EA
:1007E00072726F722E205472792072657365747400
:1007F000696E6720746865204D4D55206F722075B5
:1008000070646174696E6720746865206669726DD2
:10081000776172652E004D4D5520465720766572E2
:1008200073696F6E20697320696E636F6D70617498
:1008300069626C652077697468207072696E74658E
:10084000722046572E55706461746520746F20764F
:10085000657273696F6E20332E302E332E004D4D2E
:1008600055204669726D7761726520696E74657294
:100870006E616C206572726F722C20706C65617392
:100880006520726573657420746865204D4D552E22
:10089000005265717565737465642066696C616D7D
:1008A000656E7420746F6F6C206973206E6F742096
:1008B000617661696C61626C65206F6E2074686935
:1008C000732068617264776172652E204368656386
:1008D0006B2074686520472D636F646520666F72B6
:1008E00020746F6F6C20696E646578206F7574205A
:1008F0006F662072616E6765202854302D5434294C
:100900002E0043616E6E6F7420706572666F726D3B
:100910002074686520616374696F6E2C2066696C51
:10092000616D656E7420697320616C7265616479B4
:10093000206C6F616465642E20556E6C6F6164205D
:1009400069742066697273742E004D4D55206E6F68
:100950007420726573706F6E64696E6720636F7266
:10096000726563746C792E20436865636B207468CC
:100970006520776972696E6720616E6420636F6EAF
:100980006E6563746F72732E004D4D55206E6F74DB
:1009900020726573706F6E64696E672E20436865A0
:1009A000636B2074686520776972696E6720616E79
:1009B0006420636F6E6E6563746F72732E004D6F8B
:1009C00072652064657461696C73206F6E6C696E0A
:1009D000652E005468652049646C65722063616E01
:1009E0006E6F7420686F6D652070726F7065726CC9
:1009F000792E20436865636B20666F7220616E7983
:100A00007468696E6720626C6F636B696E672069DA
:100A10007473206D6F76656D656E742E0043616E24
:100A20002774206D6F76652053656C6563746F72F3
:100A3000206F722049646C65722E005468652053E3
:100A4000656C6563746F722063616E6E6F7420688D
:100A50006F6D652070726F7065726C792E204368BF
:100A600065636B20666F7220616E797468696E676A
:100A700020626C6F636B696E6720697473206D6FA1
:100A800076656D656E742E004C6F6164696E6720CB
:100A9000746F206578747275646572206661696C24
:100AA00065642E20496E73706563742074686520D8
:100AB00066696C616D656E7420746970207368611D
:100AC00070652E20526566696E65207468652073B6
:100AD000656E736F722063616C6962726174696FB5
:100AE0006E2C206966206E65656465642E00536512
:100AF0006C6563746F722063616E2774206D6F760E
:100B0000652064756520746F2046494E4441206419
:100B10006574656374696E6720612066696C616DD8
:100B2000656E742E204D616B652073757265206E45
:100B30006F2066696C616D656E7420697320696EE3
:100B40002053656C6563746F7220616E6420464942
:100B50004E444120776F726B732070726F706572B4
:100B60006C792E0046696C616D656E742073656EDC
:100B7000736F722074726967676572656420746F41
:100B80006F206561726C79207768696C65206C6F85
:100B90006164696E6720746F20657874727564652E
:100BA000722E20436865636B2074686572652069E6
:100BB000736E277420616E797468696E6720737430
:100BC00075636B20696E20505446452074756265CC
:100BD0002E20436865636B20746861742073656EB2
:100BE000736F722072656164732070726F706572CA
:100BF0006C792E0050756C6C6579206D6F746F7216
:100C0000207374616C6C65642E20456E737572651B
:100C1000207468652070756C6C65792063616E2046
:100C20006D6F766520616E6420636865636B207408
:100C3000686520776972696E672E0046696C616D20
:100C4000656E742073656E736F72206469646E27BD
:100C50007420737769746368206F666620776869AB
:100C60006C6520756E6C6F6164696E672066696C77
:100C7000616D656E742E20456E73757265206669B0
:100C80006C616D656E742063616E206D6F7665209A
:100C9000616E64207468652073656E736F7220776F
:100CA0006F726B732E0046696C616D656E74207394
:100CB000656E736F72206469646E27742074726944
:100CC00067676572207768696C65206C6F6164691D
:100CD0006E67207468652066696C616D656E742E40
:100CE00020456E73757265207468652073656E7338
:100CF0006F722069732063616C69627261746564EC
:100D000020616E64207468652066696C616D656E33
:100D10007420726561636865642069742E004649B9
:100D20004E4441206469646E27742073776974634C
:100D300068206F6666207768696C6520756E6C6FD9
:100D40006164696E672066696C616D656E742E20E2
:100D500054727920756E6C6F6164696E67206D6185
:100D60006E75616C6C792E20456E737572652066A8
:100D7000696C616D656E742063616E206D6F766560
:100D800020616E642046494E444120776F726B7338
:100D90002E0046494E4441206469646E27742074D5
:100DA000726967676572207768696C65206C6F612E
:100DB00064696E67207468652066696C616D656E34
:100DC000742E20456E73757265207468652066699F
:100DD0006C616D656E742063616E206D6F76652049
:100DE000616E642046494E444120776F726B732ECA
:100DF0000044697361626C650053746F70004C6FDE
:100E0000616400556E6C6F61640052657365744D6A
:100E10004D550052657472790043726173682064A5
:100E2000657465637465642E00536F6D6520707220
:100E30006F626C656D20656E636F756E746572654B
:100E4000642C205A2D6C6576656C696E6720656E22
:100E5000666F72636564202E2E2E004D65736820C8
:100E6000626564206C6576656C696E672066616991
:100E70006C65642E205072696E742063616E6365C8
:100E80006C65642E0048656174696E6720646973DF
:100E900061626C6564206279207361666574792093
:100EA00074696D65722E0053544F505045442E00A6
:100EB00050415553454420544845524D414C2045DE
:100EC00052524F5200472D636F646520736C696303
:100ED000656420666F72206120646966666572656C
:100EE0006E74206C6576656C2E20506C6561736540
:100EF0002072652D736C69636520746865206D6F61
:100F000064656C20616761696E2E00472D636F64B4
:100F10006520736C6963656420666F72206120646C
:100F20006966666572656E74206C6576656C2E0008
:100F3000472D636F646520736C6963656420666F19
:100F4000722061206E65776572206669726D7761C7
:100F500072652E20506C65617365207570646174D4
:100F60006520746865206669726D776172652E0010
:100F7000472D636F646520736C6963656420666FD9
:100F8000722061206E65776572206669726D776187
:100F900072652E00472D636F646520736C6963650D
:100FA0006420666F72206120646966666572656E92
:100FB00074207072696E74657220747970652E2069
:100FC000506C656173652072652D736C6963652073
:100FD000746865206D6F64656C20616761696E2E51
:100FE00000472D636F646520736C696365642066D8
:100FF0006F72206120646966666572656E74207028
:1010000072696E74657220747970652E0050726515
:10101000737320746865206B6E6F6220746F20702C
:10102000726568656174206E6F7A7A6C6520616E96
:101030006420636F6E74696E75652E00506C656117
:10104000736520707265737320746865206B6E6FB2
:101050006220746F20756E6C6F61642066696C61CC
:101060006D656E7400616E642070726573732074B8
:101070006865206B6E6F6200496E736572742066DE
:10108000696C616D656E7400436F6C6F72206E6F7A
:101090007420636F72726563740046696C616D657C
:1010A0006E74206E6F74206C6F61646564004368B9
:1010B000616E67656420636F72726563746C79003A
:1010C0004C6F6164696E6720636F6C6F7200436878
:1010D000616E676520737563636573732100506C7F
:1010E00065617365206F70656E2069646C65722040
:1010F000616E642072656D6F76652066696C616DE6
:10110000656E74206D616E75616C6C792E0057612F
:10111000732066696C616D656E7420756E6C6F61AD
:1011200064207375636365737366756C3F00506C00
:101130006561736520757067726164652E004E6528
:1011400077206669726D7761726520766572736962
:101150006F6E20617661696C61626C653A005761FF
:101160006974696E6720666F722050494E44412051
:1011700070726F626520636F6F6C696E6700506C90
:10118000656173652077616974004E6F206D6F76BD
:10119000652E005761697420666F722075736572E1
:1011A0002E2E2E00537461626C6520616D6269653C
:1011B0006E742074656D706572617475726520322D
:1011C000312D323643206973206E65656465642075
:1011D00061207269676964207374616E6420697349
:1011E0002072657175697265642E00506C6561735B
:1011F000652072756E2058595A2063616C6962725D
:101200006174696F6E2066697273742E0042656442
:10121000206C6576656C696E67206661696C6564D3
:101220002E2053656E736F72206469646E2774207C
:10123000747269676765722E2044656272697320F3
:101240006F6E206E6F7A7A6C653F205761697469A2
:101250006E6720666F722072657365742E00536529
:101260006E736974697669747900446F6E650022E3
:1012700000656E717565696E67202200446F6E654A
:10128000207072696E74696E672066696C65004EC5
:101290006F204C696E65204E756D626572207769AE
:1012A000746820636865636B73756D2C204C617383
:1012B00074204C696E653A20004E6F204368656368
:1012C0006B73756D2077697468206C696E65206E2C
:1012D000756D6265722C204C617374204C696E656B
:1012E0003A2000636865636B73756D206D69736D7B
:1012F000617463682C204C617374204C696E653A8C
:1013000020004C696E65204E756D626572206973B0
:10131000206E6F74204C617374204C696E65204E92
:10132000756D6265722B312C204C617374204C6991
:101330006E653A2000256C7520627974657320779C
:1013400072697474656E20746F2025532061742057
:10135000616464726573732030782530346C780A68
:1013600000442564202D20526561642F57726974F2
:10137000652025530A0020436F756E7420583A206B
:101380000045303A25642052504D2050524E313A9B
:1013900025642052504D204530403A25752050524A
:1013A0004E31403A25750A00526573656E6400251A
:1013B000533A20256C640A25530A002F2F61637469
:1013C000696F6E3A6E6F74696669636174696F6E96
:1013D0002025530A0046696C616D656E7420727534
:1013E0006E6F757420646574656374656421005064
:1013F00072696E7465722073746F707065642064B6
:10140000756520746F206572726F72732E2053752C
:10141000706572766973696F6E2072657175697235
:1014200065642E0064756D7020636C65617265641F
:101430000A006E6F2064756D7020617661696C6161
:10144000626C650A00443231202D2072656164208F
:1014500063726173682064756D700A006E6F20643A
:10146000756D7020617661696C61626C650A0064FB
:10147000756D7020636F6D706C6574656420696E46
:1014800020256C756D730A0058464C415348004541
:101490004550524F4D005352414D00442D31202DA7
:1014A00020456E646C657373206C6F6F700A004129
:1014B00063746976652045787472756465723A2044
:1014C0003000496E76616C69642065787472756469
:1014D000657200746D63323133305F7072696E749F
:1014E0005F63757272656E747328290A0948095220
:1014F0000A580925640925640A59092564092564DF
:101500000A5A0925640925640A45092564092564E0
:101510000A005344207072696E74696E67206279A4
:1015200074652000257500556E6B6E6F776E2063B5
:101530006F6D6D616E643A2022004D32303020496B
:101540006E76616C6964206578747275646572206A
:10155000007A5F6D61783A20007A5F6D696E3A209B
:1015600000795F6D61783A2000795F6D696E3A208D
:1015700000785F6D61783A200054524947474552E0
:101580004544006F70656E00785F6D696E3A2000AB
:101590005265706F7274696E6720656E6473746FE4
:1015A0007020737461747573004D31313220636142
:1015B0006C6C65642E20456D657267656E6379207D
:1015C00053746F702E002F2F616374696F6E3A75BC
:1015D000766C6F5F7265636F766572795F72656155
:1015E0006479002F2F616374696F6E3A75766C6F42
:1015F0005F6175746F5F7265636F766572795F7234
:10160000656164790025533A256C7520636D0A2560
:10161000533A256C75206D696E0A0053494C454E4E
:1016200054004E4F524D414C002553204D4F4445E0
:101630003A2050657263656E7420646F6E653A205F
:10164000256868643B207072696E742074696D65EA
:101650002072656D61696E696E6720696E206D69C3
:101660006E733A2025643B204368616E676520698C
:101670006E206D696E733A2025640A005072696E9F
:1016800074657253746174653A2025640A00456E6E
:10169000642066696C65206C6973740042656769D3
:1016A0006E2066696C65206C69737400556E6B6E94
:1016B0006F776E20256320636F64653A2025730A77
:1016C000000A50494E44412074656D706572617422
:1016D0007572653A20252E3166205A207368696636
:1016E0007420286D6D293A20252E3366000A537424
:1016F00065703A2025642F360A000A537465703AE3
:101700002025642F362028736B6970706564290A60
:1017100050494E44412074656D70657261747572F4
:10172000653A202564205A20736869667420286D04
:101730006D293A300A000A5A45524F3A20252E3375
:10174000660A0073746172742074656D70657261ED
:10175000747572653A20252E31660A0025642020B2
:10176000252E326600255320583A20252E35662036
:10177000593A20252E3566205A3A20252E35660AFC
:1017800000536C6565702E2E2E0045303A2564207E
:1017900052504D0A50524E303A25642052504D0A54
:1017A00000312F39008800002045535000204E534F
:1017B0005000204F464600204F4E0050563031001A
:1017C000205B4D505D2000256920686F7572732085
:1017D0002569206D696E75746573005258207469AF
:1017E0006D656F7574004D333130004D313132000D
:1017F0004D3131300046756C6C2052582042756670
:101800006665720053657474696E67732053746FF4
:1018100072656400544D3A2073746F72656420637E
:10182000616C6962726174696F6E20696E76616C59
:1018300069642C20726573657474696E67005374F3
:101840006F7265642073657474696E677320726566
:10185000747269657665640048617264636F64657B
:10186000642044656661756C742053657474696E98
:101870006773204C6F61646564005632000000009D
:10188000C8420000C8420000C84300008C4300006A
:10189000484300004843000040410000F042E80394
:1018A0000000E8030000C8000000881300000040AA
:1018B0009C4400409C440000000000000000204EBA
:1018C00000000000204100002041CDCCCC3E0000B3
:1018D0009040000000000000000000000000CDCC9F
:1018E000CC3E0000C8419C53493F80F946438F429B
:1018F000FC42E65A343F4C62B04500000000004014
:101900004000003442000000000000000000000021
:1019100041000000E03F0000C8420000C842000053
:1019200040410000F042C0030000C0030000C800B6
:101930000000881300001010102000409C4400009C
:10194000803F0000003F1914000000437573746F5E
:101950006D004E796C6F6E504100536174696E205A
:10196000200054657874757200536D6F6F74680051
:10197000486F74656E642066616E2073706565647F
:10198000206973206C6F776572207468616E2065C2
:1019900078706563746564005072696E7420666166
:1019A0006E207370656564206973206C6F77657253
:1019B000207468616E2065787065637465640031B9
:1019C0002E3000312E3500554E4B4E4F574E004CA9
:1019D000413130433A204C696E6561722041647632
:1019E000616E6365206D6F64653A20004C41313053
:1019F000433A2041646A757374656420452D4A65D5
:101A0000726B3A20003E0FA8AF00480069960000B4
:101A1000DF6025555887680427F2E0005E3403CC68
:101A20001960F33C0EF88F00DB08029492003E1C14
:101A3000079A8700E524008528527E06001BE400F3
:101A40007E781270787061F812788F8841784270D1
:101A5000787061782570787061F850788F88D1F04F
:101A60002527078761F025278F88412C0D27AA504D
:101A7000D1BC0707871161BE788F881141785270F9
:101A8000787061F852788F884120127888706320CE
:101A90005278887063485278888743031117997089
:101AA00064181278F870654412F8F8F04518427816
:101AB000F87065182578F87065185278F870651810
:101AC0005078F870650C078F872365A20F8F8F11F0
:101AD00045001206227069001207222749002506D8
:101AE00022706900250722274900120622276C026E
:101AF0006236A2706C40456C44704C0362222270C6
:101B00006C43888888F04C7812BC88806E7852BC10
:101B100088806E38127888706F78127888874F388E
:101B2000427888706F38257888706F3A0079AC7881
:101B30006F3D079AAC786F7850788887EF3949788D
:101B400088706F0852BC8880729852F88F98522023
:101B5000127870F07348127863875320527870F0CF
:101B6000734852786387531007870F247312786382
:101B700087245360699A988BE22304E444307410FC
:101B80004E444324747C12888960753C5088887068
:101B9000557825288960757949088960753C1288CF
:101BA0007070790C12885222594412F124F07A4450
:101BB00052F124F07A8C52F0368F5A4420F124F0FE
:101BC0007A00401454CDCCCC3D0AD7233C17B7D172
:101BD0003877CC2B329595E6241FB14F0A000020B0
:101BE000410000C84200401C4620BCBE4CCA1B0E2F
:101BF0005AAEC59D744E414E494E46627573793A50
:101C00002070617573656420666F7220696E7075EF
:101C10007400627573793A2070617573656420662B
:101C20006F72207573657200627573793A207072F5
:101C30006F63657373696E670000007F43008054B3
:101C4000430000524300000000000080C09A991930
:101C50003E00000000000080C09A99193E0000A0DC
:101C6000400000A0400000004025336420737465EC
:101C7000703D253264206D73636E743D2534640AB3
:101C80000000007F43008058439AD95143FFFFFF73
:101C900020413A0020503A002042403A0020403A89
:101CA00000202F002054303A00202F0020423A001C
:101CB000202F00543A002553457863657373697685
:101CC0006520626564206C6576656C696E6720636B
:101CD0006F7272656374696F6E3A202569206D6951
:101CE00063726F6E730A00426564206C6576656C82
:101CF000696E67206661696C65642E20546F6F2081
:101D00006D75636820766172696174696F6E2066B3
:101D1000726F6D20656570726F6D206D6573680000
:101D2000426564206C6576656C696E6720666169E2
:101D30006C65642E2053656E736F722074726967D0
:101D4000676572656420746F6F20736F6F6E00201B
:101D500020004D6561737572656420706F696E74E3
:101D6000733A005A20736561726368206865696719
:101D700068743A20352E3066004E756D20582C5907
:101D80003A20372C37004D65736820626564206CFB
:101D90006576656C696E67206E6F74206163746927
:101DA00076652E0020453A00205A3A0020593A0024
:101DB00020453A00205A3A0020593A00583A00206B
:101DC0002D3E200053706F6F6C4A6F696E3A200091
:101DD0002C2000496E6163746976697479205368B8
:101DE0007574646F776E004B494C4C45442E00501F
:101DF00072696E7465722068616C7465642E206B04
:101E0000696C6C28292063616C6C656421005A2020
:101E10006C6976652061646A757374206F757420CF
:101E20006F662072616E67652E2053657474696EEB
:101E30006720746F20302E20436C69636B20746FB1
:101E400020636F6E74696E75652E005A206C69761A
:101E5000652061646A757374206F7574206F6620E5
:101E600072616E67652E2053657474696E672074A5
:101E70006F20300020453A3020423A00543A004763
:101E800031205A252D2E33662046252D2E3366000F
:101E9000496E76616C6964205420636F64652E001E
:101EA0004475706C696361746520542D636F64655B
:101EB0002069676E6F7265642E00416476616E639F
:101EC00065204B3D004B206F7574206F6620616C60
:101ED0006C6F7765642072616E676521004D4B33CE
:101EE000004D4B334D4D5533005C762C012533644A
:101EF0002F2533640025336400200A200A200A209D
:101F0000002553537461746973746963733A0A25C5
:101F10005320204D37382053256C752054256C757F
:101F20000A0025534172632053657474696E6773A8
:101F30003A20503A4D6178206C656E677468286D60
:101F40006D2920533A4D696E206C656E6774682068
:101F5000286D6D29204E3A436F7272656374696F04
:101F60006E7320523A4D696E207365676D656E74AD
:101F70007320463A5365676D656E74732F7365639E
:101F80002E0A255320204D3231342050252E326622
:101F90002053252E3266204E25642052256420468B
:101FA00025640A00255346696C616D656E74207363
:101FB000657474696E67733A2044697361626C6515
:101FC000640A00255346696C616D656E7420736503
:101FD0007474696E67733A0A25532020204D32309D
:101FE000302044252E32660A0025535265747261F2
:101FF00063743A20533D4C656E67746820286D6D9C
:102000002920463A537065656420286D6D2F6D292F
:10201000205A3A205A4C69667420286D6D290A2589
:10202000532020204D3230372053252E3266204653
:10203000252E3266205A252E32660A2553526563B4
:102040006F7665723A20533D4578747261206C65F5
:102050006E67746820286D6D2920463A5370656557
:102060006420286D6D2F6D290A25532020204D32C4
:1020700030382053252E32662046252E32660A251A
:10208000534175746F2D526574726163743A2053B5
:102090003D3020746F2064697361626C652C20315F
:1020A00020746F20696E7465727072657420657833
:1020B00074727564652D6F6E6C79206D6F766573C3
:1020C000206173207265747261637473206F722073
:1020D0007265636F7665726965730A2553202020E7
:1020E0004D323039205325640A002553504944208D
:1020F000686561746265642073657474696E677382
:102100003A0A25532020204D3330342050252E32DA
:10211000662049252E32662044252E32660A002587
:10212000535049442073657474696E67733A0A2585
:10213000532020204D3330312050252E3266204947
:10214000252E32662044252E32660A00255353740C
:102150006570732070657220756E69743A0A255334
:1021600020204D39322058252E32662059252E3216
:1021700066205A252E32662045252E32660A2553C2
:102180005553746570207265736F6C7574696F6EEA
:102190003A200A2553204D333530205825642059E4
:1021A0002564205A2564204525640A25534D61780D
:1021B000696D756D20666565647261746573202D47
:1021C000206E6F726D616C20286D6D2F73293A0A35
:1021D000255320204D3230332058252E3266205989
:1021E000252E3266205A252E32662045252E32664F
:1021F0000A25534D6178696D756D20666565647259
:1022000061746573202D20737465616C7468202877
:102210006D6D2F73293A0A255320204D323033201B
:1022200058252E32662059252E3266205A252E3208
:10223000662045252E32660A25534D6178696D75F5
:102240006D20616363656C65726174696F6E202DCA
:10225000206E6F726D616C20286D6D2F7332293A7C
:102260000A255320204D3230312058256C752059D5
:10227000256C75205A256C752045256C750A2553EB
:102280004D6178696D756D20616363656C65726120
:1022900074696F6E202D20737465616C74682028DA
:1022A0006D6D2F7332293A0A255320204D3230317B
:1022B0002058256C752059256C75205A256C752081
:1022C00045256C750A2553416363656C65726174BD
:1022D000696F6E3A20503D7072696E742C20523DC9
:1022E000726574726163742C20543D7472617665FA
:1022F0006C0A255320204D3230342050252E326672
:102300002052252E32662054252E32660A2553414E
:102310006476616E636564207661726961626C6582
:10232000733A20533D4D696E206665656472617431
:102330006520286D6D2F73292C20543D4D696E202A
:1023400074726176656C206665656472617465207F
:10235000286D6D2F73292C20423D6D696E696D7556
:102360006D207365676D656E742074696D652028D6
:102370007573292C20583D6D6178696D756D2058F5
:1023800059206A65726B20286D6D2F73292C2020CF
:102390005A3D6D6178696D756D205A206A65726B62
:1023A00020286D6D2F73292C2020453D6D617869A3
:1023B0006D756D2045206A65726B20286D6D2F73D9
:1023C000290A255320204D3230352053252E3266E0
:1023D0002054252E32662042256C752058252E3239
:1023E000662059252E3266205A252E326620452534
:1023F0002E32660A2553486F6D65206F66667365D9
:102400007420286D6D293A0A255320204D3230362C
:102410002058252E32662059252E3266205A252E28
:1024200032660A00544D3A20525B25755D20657373
:1024300074696D6174652E00544D3A202553205205
:102440002025644300544D3A2025532043206573D2
:10245000742E00544D3A20636F6F6C20646F776E5A
:10246000203C25644300726566696E6500696E698B
:102470007469616C00544D3A2063616C6962722E1C
:10248000206661696C65642100544D3A2063616C7B
:102490006962726174696F6E207374617274005442
:1024A0004D3A2043616C2E204E4F542049444C45F8
:1024B000004361703A25533A25630A005052555340
:1024C000415F4D4D553200455854454E4445445F9B
:1024D0004D3230004155544F5245504F52545F5089
:1024E0004F534954494F4E004155544F5245504F58
:1024F00052545F46414E53004155544F5245504F40
:1025000052545F54454D50000044656C6574696FCA
:102510006E206661696C65642C2046696C653A20A2
:102520000046696C652064656C657465643A004EAC
:102530006F74205344207072696E74696E67005026
:1025400072696E7420736176656400534420707202
:10255000696E7420706175736564002533642F257E
:102560003364004F4B004241440052414D426F20C2
:1025700046414E20006676007468780050524E0046
:1025800043524153485F43414E43454C00435241FF
:1025900053485F5245434F564552004352415348BA
:1025A0005F5245434F564552002228322900255399
:1025B0003A2025530A002C204D3930372045206918
:1025C000676E6F726564006E6F2076616C6964205F
:1025D000636F6D6D616E64007A65726F72697A65A2
:1025E0006400666163746F727920726573746F72D0
:1025F000656400696E6465782C2074656D702C20AC
:1026000075737465702C20756D0050494E444120DF
:1026100063616C207374617475733A2000503A00E2
:102620005761697420666F722050494E444120748E
:1026300061726765742074656D706572617475721E
:10264000653A00204100205000204200204C00202C
:102650005200205A00204E4F5420494E49544941BF
:102660004C495A45440053686565742000205A203F
:1026700056414C5545204F5554204F462052414E0F
:10268000474500496E76616C6964207368656574BE
:102690002049442E20416C6C6F7765643A20302EBF
:1026A0002E004155544F004C414E472053454C207D
:1026B000464F52434544004D323536204225642072
:1026C00044256420532564205425750A0020643A6B
:1026D0000020693A0020703A0020643A0020693AEC
:1026E0000020703A00256925250A00256925250A5C
:1026F0000022283129002F2F000020455854525520
:102700004445525F434F554E543A3100204D4143AA
:1027100048494E455F545950453A00312E3000200B
:102720006261736564206F6E204D61726C696E200A
:102730004649524D574152455F55524C3A68747460
:1027400070733A2F2F6769746875622E636F6D2FEF
:10275000707275736133642F50727573612D4669A1
:10276000726D776172652050524F544F434F4C5FEA
:1027700056455253494F4E3A00663365306466649D
:102780003438005F0038323834002B004649524D4F
:10279000574152455F4E414D453A50727573612D18
:1027A0004669726D7761726520004D313133205377
:1027B000006F6B20006E2F61003F546F7368696279
:1027C0006120466C617368416972204765744950A5
:1027D000206661696C65640A00000125311D0C40AA
:1027E00024301C0B45232F1B0A17FF0406222B1A2B
:1027F00003363735382569206D696E2C2025692010
:1028000073656300496E76616C6964204D20636F67
:1028100064653A2025730A0050494E444120707285
:102820006F62652063616C6962726174696F6E20AA
:102830007374617274004E6F2050494E444120748D
:102840006865726D6973746F7200736574006E6F82
:102850007A7A6C65004D424C004652004C7A004C2E
:10286000616E6700315F37356D6D5F4D4B332D45C0
:10287000494E53795F3130612D4533445245564FAF
:102880000052657600332E31342E312D38323834F3
:102890000046697200534E20696E76616C6964006F
:1028A000534E005245534554004D4D55524553002B
:1028B00075766C6F0046414E0046414E50494E546D
:1028C0005354005052555341005345545F43484FB1
:1028D000505F005345545F535445505F0053455477
:1028E0005F574156455F00544D435F00435241538B
:1028F000485F43414E43454C0043524153485F5269
:1029000045434F5645520043524153485F44455456
:1029100045435445440043524153485F00252E31FE
:102920003053200025346400457872656D6520734E
:1029300070616E206F6620746865205A2076616C25
:10294000756573210025642F39004D4D55323A00CD
:102950002533640018010419020A920D1E0DA60CFD
:102960003B0CF40B640BEE0A880A3B0A1D0AD309E0
:102970001D0ABE09BE09BE09BE09BE09BE09BE09BF
:10298000BE09BE09BE09BE09BE09BE09BE09BE090F
:10299000BE09BE09BE09BE09BE09BE09BE09890934
:1029A0004A09020991085E081608CE0772073B071C
:1029B000FB06E00601010101010101027101710143
:1029C000323232030303030303030303030303034A
:1029D0000303030303039393243803930301025671
:1029E00003650066006700680069006A006B006CA0
:1029F00000730074007D007E00C900D300DD00CAB2
:102A000000D400DE002D01370141012E01380142C2
:102A1000012F013901430130013A01440131013BE9
:102A2000014501320191019201F501F601F701F82A
:102A300001F901FA01FB01FC018403130E6A120A79
:102A40000E030EFE0D224D283CF90DF10D252E3200
:102A500030530A70727573612E696F2F3034256898
:102A6000750020557067726164696E672078666CC6
:102A70006173680A20446F206E6F74206469736309
:102A80006F6E6E6563742100773235783230636C17
:102A90005F63666D0A00773235783230636C5F654C
:102AA0006E7465720A0073746172740A004D31307D
:102AB0003453300047315831305931383046343092
:102AC00030300047315A31304631333030004D31EB
:102AD00034305330004731452D302E3037354632B3
:102AE000313030004D3230345331303030004731E6
:102AF0005A354637323030004731452D312E354674
:102B00003231303000473930004D313037002553F5
:102B10003A0A2531382E32666D200A25533A0A25A5
:102B200031306C646820253032646D202530326489
:102B3000730025533A0A2531382E32666D200A2556
:102B4000533A0A2531306C646420253032646820A1
:102B5000253032646D0025362E32666D6D002553AA
:102B60000A25530A25533A0A25533A0025332E32B3
:102B7000668100252D31342E3134533A0A25530A0B
:102B8000252D31342E3134533A25332E3266810AC5
:102B9000252D31342E3134533A25332E32668100BF
:102BA0002020300020203100423A202533642020AC
:102BB00020202058643A2536640A533A202533648D
:102BC000202020202059643A2536640046494E448E
:102BD000410050494E44410057697A617264206552
:102BE0006E642073746174653A2025640A00537022
:102BF0006F6F6C4A6F696E004669726D77617265BE
:102C00000048426564206F6E206C6F616400466C02
:102C100061736841697200546865726D616C204D22
:102C20006F64656C2063616C2E004572723A50527D
:102C3000494E542046414E204552524F5200457253
:102C4000723A484F54454E442046414E2045525218
:102C50004F52002F2F616374696F6E3A72657375FE
:102C60006D6564002F2F616374696F6E3A726573CE
:102C7000756D65002F2F616374696F6E3A726561BF
:102C80006479002F2F616374696F6E3A6E6F745FA1
:102C90007265616479002F2F616374696F6E3A63A6
:102CA000616E63656C004D38340041786973206C47
:102CB000656E67746820646966666572656E6365D3
:102CC0003A252E33660A004D65617375726564207E
:102CD00061786973206C656E6774683A252E336677
:102CE0000A004F4B004C4344207374617475732089
:102CF0006368616E67656400534420636172642099
:102D000072656C65617365640046616B652073650F
:102D10007269616C206E756D62657200452D636F1E
:102D20006F6C206D6F6465002F2F616374696F6E27
:102D30003A737461727400473931004D3730320094
:102D40004D3833004732382057004D35303000457C
:102D5000787465726E616C2053504920666C6173A3
:102D6000680A58464C415348206973206E6F74209E
:102D70007265732D0A706F6E64696E672E204C61E8
:102D80006E67756167650A73776974636820756E2D
:102D9000617661696C61626C652E0058464C4153E6
:102DA00048206E6F7420726573706F6E64696E6711
:102DB0002E004657206372617368206465746563F2
:102DC0007465642120596F752063616E20636F6E96
:102DD00074696E7565207072696E74696E672E20F5
:102DE0004465627567206461746120617661696C15
:102DF00061626C6520666F7220616E616C797369C7
:102E0000732E20436F6E7461637420737570706FDE
:102E1000727420746F207375626D697420646574B8
:102E200061696C732E002F2F616374696F6E3A6451
:102E3000756D705F617661696C61626C650043728B
:102E40006173684465746563742044495341424C1E
:102E5000454400437261736844657465637420453A
:102E60004E41424C454421002020506C616E6E65FD
:102E70007242756666657242797465733A20002005
:102E800046726565204D656D6F72793A2000207C31
:102E900020417574686F723A2000204C6173742071
:102EA000557064617465643A200020536F667477CE
:102EB00061726520526573657400205761746368A0
:102EC000646F67205265736574002042726F776E7D
:102ED000206F7574205265736574002045787465A1
:102EE000726E616C20526573657400506F77657205
:102EF0005570006572726F722077726974696E67BF
:102F000020746F2066696C6500446F6E6520736184
:102F100076696E672066696C652E006F6B00466986
:102F20006C616D656E740047315A302E3200473146
:102F3000583230322E354538463134303000473142
:102F4000592D324631303030004731583234304517
:102F5000323546323230300047315A302E33463126
:102F60003030300047315835354538463230303012
:102F70000047315835453239463138303000473115
:102F800058353545323946313037330047393245C7
:102F90003000473238004D313039004D3139300082
:102FA0005072696E742074696D650046696C616D5C
:102FB000656E74207573656400546F74616C207065
:102FC00072696E742074696D6500546F74616C2051
:102FD00066696C616D656E740050726568656174D8
:102FE00020746865206E6F7A7A6C652100455252B4
:102FF0004F523A005269676874004C656674005914
:103000002064697374616E63652066726F6D206DF4
:10301000696E0053657665726520736B6577005342
:103020006C6967687420736B6577004D65617375B3
:1030300072656420736B6577005B303B305D207098
:103040006F696E74206F66667365740041646A759B
:103050007374696E67205A005265617220736964E7
:1030600065205BE46D5D0046726F6E742073696469
:10307000655BE46D5D00526967687420736964651F
:103080005BE46D5D004C6566742073696465205B6C
:10309000E46D5D005365742074656D7065726174D4
:1030A0007572653A0050494E44412063616C696213
:1030B000726174696F6E206661696C656400504965
:1030C0004E44412063616C6962726174696F6E2065
:1030D00069732066696E697368656420616E642037
:1030E0006163746976652E2049742063616E206285
:1030F000652064697361626C656420696E206D652A
:103100006E752053657474696E67732D3E50494E19
:1031100044412063616C2E00457874727564657259
:10312000004D6F7665205A004D6F76652059004D31
:103130006F7665205800437261736820646574651A
:103140006374696F6E2063616E0A626520747572C4
:103150006E6564206F6E206F6E6C7920696E0A4E0A
:103160006F726D616C206D6F6465005741524E49FE
:103170004E473A0A437261736820646574656374EC
:10318000696F6E0A64697361626C656420696E0AB6
:10319000537465616C7468206D6F6465004D6F6475
:1031A00065206368616E676520696E2070726F6765
:1031B000726573732E2E2E00536865657420252E5C
:1031C00037730A5A206F66667365743A20252B316F
:1031D0002E33666D6D0A2563436F6E74696E756577
:1031E0000A2563526573657400506C6561736520D0
:1031F0006C6F61642066696C616D656E74206669D0
:103200007273742E0052756E6E696E672057697AFC
:103210006172642077696C6C2064656C65746520EC
:1032200063757272656E742063616C696272617439
:10323000696F6E20726573756C747320616E6420A3
:1032400073746172742066726F6D20746865206299
:103250006567696E6E696E672E005072656865619C
:1032600074696E67206E6F7A7A6C652E20506C657B
:1032700061736520776169742E00506C65617365B8
:1032800020696E736572742066696C616D656E7419
:1032900020696E746F207468652065787472756437
:1032A00065722C207468656E20707265737320746B
:1032B0006865206B6E6F6220746F206C6F61642094
:1032C00069742E00506C6561736520696E73657258
:1032D000742066696C616D656E7420696E746F2010
:1032E0007468652066697273742074756265206FF6
:1032F0006620746865204D4D552C207468656E20DD
:10330000707265737320746865206B6E6F622074D1
:103310006F206C6F61642069742E005A2063616CA9
:103320006962726174696F6E207265636F6D6D653D
:103330006E6465642E2052756E206974206E6F77FE
:103340003F00546865207072696E746572207769F9
:103350006C6C207374617274207072696E74696E23
:10336000672061207A69672D7A6167206C696E65D4
:103370002E20526F7461746520746865206B6E6FC7
:103380006220756E74696C20796F75207265616357
:103390006820746865206F7074696D616C20686561
:1033A000696768742E20436865636B2074686520C4
:1033B000706963747572657320696E207468652026
:1033C00068616E64626F6F6B202843616C69627222
:1033D0006174696F6E2063686170746572292E0074
:1033E00053656C6563742074656D70657261747586
:1033F0007265207768696368206D617463686573BE
:1034000020796F7572206D6174657269616C2E0030
:1034100053656C65637420612066696C616D656ECF
:103420007420666F72207468652046697273742018
:103430004C617965722043616C6962726174696F75
:103440006E20616E642073656C65637420697420FE
:10345000696E20746865206F6E2D73637265656E8A
:10346000206D656E752E004E6F7720492077696C50
:103470006C2063616C696272617465206469737445
:10348000616E6365206265747765656E207469702E
:10349000206F6620746865206E6F7A7A6C65206193
:1034A0006E6420686561746265642073757266611C
:1034B00063652E00506C6561736520636865636B9E
:1034C000206F75722068616E64626F6F6B20616E31
:1034D0006420666978207468652070726F626C651C
:1034E0006D2E205468656E20726573756D6520744D
:1034F00068652057697A617264206279207265621A
:103500006F6F74696E6720746865207072696E747D
:1035100065722E00416C6C20697320646F6E652E9D
:10352000204861707079207072696E74696E6721CD
:1035300000596F752063616E20616C77617973202B
:10354000726573756D65207468652057697A61725C
:10355000642066726F6D2043616C69627261746988
:103560006F6E202D3E2057697A6172642E00496685
:1035700020796F752068617665206164646974697B
:103580006F6E616C20737465656C2073686565741B
:10359000732C2063616C6962726174652074686564
:1035A0006972207072657365747320696E2053654B
:1035B0007474696E6773202D2048572053657475A5
:1035C00070202D20537465656C2073686565747375
:1035D0002E00506C6561736520636C65616E2068B8
:1035E00065617462656420616E64207468656E2034
:1035F000707265737320746865206B6E6F622E0045
:10360000446F20796F752077616E7420746F20721B
:103610006570656174206C617374207374657020CB
:10362000746F20726561646A757374206469737461
:10363000616E6365206265747765656E206E6F7A72
:103640007A6C6520616E6420686561746265643FB0
:103650000053656C656374206E6F7A7A6C652070B8
:103660007265686561742074656D706572617475EA
:103670007265207768696368206D6174636865733B
:1036800020796F7572206D6174657269616C2E00AE
:1036900049732066696C616D656E74206C6F61643E
:1036A00065643F00546865726D616C206D6F646580
:1036B0006C2063616C2E2074616B65732061707087
:1036C000726F782E203132206D696E732E20536513
:1036D000650A70727573612E696F2F746D2D636149
:1036E0006C004E6F7720492077696C6C2070726592
:1036F00068656174206E6F7A7A6C6520666F7220DF
:10370000504C412E00492077696C6C2072756E20F8
:103710007A2063616C6962726174696F6E206E6F8A
:10372000772E004E6F772072656D6F766520746816
:10373000652074657374207072696E742066726F90
:103740006D20737465656C2073686565742E005018
:103750006C656173652072656D6F7665207368694D
:103760007070696E672068656C7065727320666939
:103770007273742E00492077696C6C2072756E200C
:1037800078797A2063616C6962726174696F6E2006
:103790006E6F772E2049742077696C6C2074616B92
:1037A0006520757020746F203234206D696E732E21
:1037B0000046697273742C20492077696C6C207202
:1037C000756E207468652073656C6674657374200B
:1037D000746F20636865636B206D6F737420636F13
:1037E0006D6D6F6E20617373656D626C79207072A0
:1037F0006F626C656D732E0048692C204920616DE5
:1038000020796F7572204F726967696E616C205004
:1038100072757361206933207072696E7465722EDF
:1038200020576F756C6420796F75206C696B65200B
:103830006D6520746F20677569646520796F7520E8
:103840007468726F75676820746865207365747535
:10385000702070726F636573733F0048692C204954
:1038600020616D20796F7572204F726967696E6192
:103870006C205072757361206933207072696E74A8
:1038800065722E20492077696C6C206775696465C4
:1038900020796F75207468726F7567682061207376
:1038A000686F72742073657475702070726F6365D1
:1038B00073732C20696E207768696368207468656B
:1038C000205A2D617869732077696C6C20626520BD
:1038D00063616C696272617465642E205468656E00
:1038E0002C20796F752077696C6C20626520726579
:1038F00061647920746F207072696E742E00452D9A
:10390000636F7272656374005A2D636F72726563C0
:103910007400592D636F727265637400582D636F64
:10392000727265637400506175736500465320417F
:103930006374696F6E00462E206A616D2064657441
:1039400065637400462E206175746F6C6F6164004E
:10395000462E2072756E6F7574004D4D55204D6F5B
:103960006465004375747465720046616E207370FF
:10397000656564004265640046616E732063686536
:10398000636B004D6F64656C004E6F7A7A6C6500F6
:10399000506C6561736520756E6C6F61642074682E
:1039A000652066696C616D656E74206669727374FA
:1039B0002C207468656E207265706561742074686F
:1039C000697320616374696F6E2E00436865636B71
:1039D0007300416C7068616265740054696D6500C4
:1039E000536F7274005344206361726400525069D3
:1039F00020706F7274004C696E2E20636F72726556
:103A00006374696F6E004E6F7A7A6C6520636861CB
:103A10006E6765004857205365747570004C6F6180
:103A200064696E6720546573740044697361626CE5
:103A300065207374657070657273004D6F766520D4
:103A4000617869730054656D706572617475726533
:103A50000050494E44412063616C2E0052657365ED
:103A6000742058595A2063616C6962722E00504963
:103A7000442063616C6962726174696F6E004265B3
:103A800064206C6576656C20636F72726563740088
:103A90004D65736820426564204C6576656C696E7F
:103AA000670043616C696272617465205A0043610A
:103AB0006C6962726174652058595A0053656C666E
:103AC000746573740042656C742074657374005778
:103AD000697A617264004C6F616420416C6C0050C3
:103AE0006C656173652070756C6C206F75742066F1
:103AF000696C616D656E7420696D6D656469617472
:103B0000656C790052657365740052656E616D6510
:103B1000004669727374206C617965722063616C10
:103B20002E0053656C65637400537465656C207377
:103B3000686565747300537570706F7274004661C8
:103B4000696C207374617473204D4D550046616932
:103B50006C20737461747300537461746973746955
:103B600063730043616C6962726174696F6E0041D6
:103B700075746F4C6F61642066696C616D656E74FD
:103B8000004C6F61642066696C616D656E740055F0
:103B90006E6C6F61642066696C616D656E74004C5B
:103BA0006F616420746F206E6F7A7A6C650050725A
:103BB000656C6F616420746F204D4D55004E6F7AB7
:103BC0007A6C6520642E004E6F205344206361722E
:103BD00064005072696E742066726F6D20534400E9
:103BE000436C65617220544D206572726F72005291
:103BF0006573756D65207072696E740050617573C0
:103C000065207072696E740053657420526561643A
:103C10007900536574206E6F742052656164790079
:103C2000507265686561740054756E65004C697604
:103C3000652061646A757374205A005265707269F8
:103C40006E7400496E666F2073637265656E004224
:103C500072696768746E6573730041737369737416
:103C60000053696C656E74004F6E6365004C6F7530
:103C70006400536F756E640046696C2E2073656E28
:103C8000736F72004368616E67652066696C616D71
:103C9000656E7400466C6F77005370656564004E06
:103CA0002F41004D61676E65747320636F6D702ED8
:103CB000005A2D70726F6265206E722E004D657312
:103CC000680044696D0042726967687400417574E8
:103CD0006F0054696D656F7574004C6576656C2076
:103CE00044696D6D6564004C6576656C204272694F
:103CF0006768740053657474696E677300596573FF
:103D0000004E6F0053746F70207072696E740043C0
:103D10006865636B696E672066696C650046696CEF
:103D20006520696E636F6D706C6574652E008452DA
:103D3000656672657368004D61696E0057616974EC
:103D4000696E6720666F72206E6F7A7A6C6520618B
:103D50006E642062656420636F6F6C696E670053E8
:103D6000656C6674657374204F4B0053656C6674A4
:103D7000657374207374617274005072696E74207C
:103D800066616E3A00486F74656E642066616E3AD3
:103D90000043616C6962726174696E6720686F6D5F
:103DA0006500416C6C20636F7272656374004368D8
:103DB00065636B696E672073656E736F7273004322
:103DC0006865636B696E6720686F74656E64004335
:103DD0006865636B696E672062656400436865634C
:103DE0006B696E67205A2061786973004368656368
:103DF0006B696E6720592061786973004368656359
:103E00006B696E6720582061786973004368656349
:103E10006B696E6720656E6473746F7073004361C5
:103E200072642072656D6F766564004261636B0039
:103E3000537465616C7468004372617368206465D3
:103E4000742E004E6F726D616C004D6F646500538F
:103E50007472696374005761726E004E6F6E650014
:103E60004E6F7A7A6C65206368616E6765643F00A7
:103E70004E6F7A7A6C6520697320686F74212057C1
:103E800061697420666F7220636F6F6C646F776E08
:103E90002E005049442063616C2E2066696E697360
:103EA000686564005049442063616C2E005072695B
:103EB0006E7420706175736564005072696E742051
:103EC00061626F727465640043616E63656C004388
:103ED0006F6E742E004E6F7A7A6C65206469616D26
:103EE0006574657220646966666572732066726FB8
:103EF0006D2074686520472D636F64652E20506CBB
:103F00006561736520636865636B207468652076FE
:103F1000616C756520696E2073657474696E677372
:103F20002E004E6F7A7A6C65206469616D657465E8
:103F30007220646966666572732066726F6D2074A4
:103F4000686520472D636F64652E0054686572654F
:103F5000206973206E6F2066696C616D656E7420D8
:103F60006C6F616465642E004D4B33206669726D21
:103F700077617265206465746563746564206F6E33
:103F8000204D4B3353207072696E74657200426C21
:103F900061636B6F7574206F636375727265642EF5
:103FA000205265636F766572207072696E743F008F
:103FB000546865726D616C206D6F64656C206E6F06
:103FC000742063616C6962726174656420796574E0
:103FD0002E005468657265206973207374696C6C77
:103FE0002061206E65656420746F206D616B6520B3
:103FF0005A2063616C6962726174696F6E2E205021
:104000006C6561736520666F6C6C6F772074686592
:10401000206D616E75616C2C2063686170746572CF
:104020002046697273742073746570732C207365F5
:104030006374696F6E2043616C6962726174696F49
:104040006E20666C6F772E005072696E74657220F8
:10405000686173206E6F74206265656E2063616CA9
:1040600069627261746564207965742E20506C6594
:1040700061736520666F6C6C6F7720746865206D66
:10408000616E75616C2C2063686170746572204686
:10409000697273742073746570732C207365637414
:1040A000696F6E2043616C6962726174696F6E2022
:1040B000666C6F772E0053656C6674657374207739
:1040C000696C6C2062652072756E20746F2063616C
:1040D0006C69627261746520616363757261746595
:1040E0002073656E736F726C657373207265686F91
:1040F0006D696E672E004F6C642073657474696E11
:10410000677320666F756E642E2044656661756CFA
:1041100074205049442C2045737465707320657475
:10412000632E2077696C6C206265207365742E00A5
:104130005761726E696E673A20626F7468207072A0
:10414000696E746572207479706520616E64206D8B
:104150006F74686572626F61726420747970652033
:104160006368616E6765642E005761726E696E6781
:104170003A207072696E746572207479706520637C
:1041800068616E6765642E005761726E696E673A8A
:10419000206D6F74686572626F61726420747970EB
:1041A00065206368616E6765642E00546573746989
:1041B0006E672066696C616D656E74005368656535
:1041C000740053656C6563742066696C616D656E1F
:1041D000743A00252D31322E313253252B382E31B1
:1041E000660045787472756465723A0025632531FE
:1041F000372E32666D6D00583A00593A005A3A002F
:104200002563252D31332E313353252B352E33663F
:10421000002533750050494E44412063616C69624A
:10422000726174696F6E206661696C65642E2043EB
:104230006F6E74696E756520776974682070726539
:104240007373696E6720746865206B6E6F622E00F1
:1042500050494E44412063616C6962726174696FB8
:104260006E20646F6E652E20436F6E74696E756587
:104270002077697468207072657373696E67207443
:104280006865206B6E6F622E00473830004D343504
:10429000004D3435205A00473736004D3730312035
:1042A00050300057697A6172642073746174653AA2
:1042B0002025640A004578706572696D656E7461C9
:1042C0006C00302E383000302E363000302E343036
:1042D00000302E32350044697361626C652066617E
:1042E000726D206D6F6465005265736574204D4D6D
:1042F00055004D4D55004D3434004739390044695F
:104300007361626C65206661726D206D6F64653FDC
:1043100000302E383000302E363000302E34300051
:10432000302E323500473238205859004D2038346D
:1043300000852E2E00593A202575202D3E202E2E48
:104340002E00583A202575202D3E202E2E2E002599
:1043500033642F30002533642F300025632041580B
:104360004953205347313D25640A00486F74656EF8
:104370006400426564005A00590058002D2D2D2D0F
:104380002D2D2D2D2D2D2D2D2D2D2D2D2D2D2D2D5D
:1043900000435A5058496E76616C6964536572697E
:1043A000616C4E72004D393134004D3931350005A4
:1043B0002B092BD52ACE2AC32AB42A3B2DAD2AA6F7
:1043C0002C473159252E346645252E346600473159
:1043D0005A252E326600473158353059313535006F
:1043E0008C2F052B402DF82AEE2AE42A4731582538
:1043F0002E346645252E346600473146313038303C
:10440000007E2F712F642F582F8C2F492F3E2F2E77
:104410002F272F5425640047315A302E340047315E
:10442000592D33463130303000092B9B2F962F9277
:104430002F8C2F4D383420585900473120583132B5
:1044400035205A323030204631303030004D333153
:104450003020412046310047312058313235205933
:10446000313035205A3120463830303000496E76B0
:10447000616C6964205049442063616C2E20726530
:1044800073756C74732E204E6F742073746F726525
:104490006420746F20454550524F4D2E004D3330EF
:1044A000312050252E32662049252E3266204425A3
:1044B0002E3266004D33303320453020532533757E
:1044C00000524300444556004245544100414C507F
:1044D00048410000002100240027002A002D003060
:1044E00000330001010000040107010A010000225D
:1044F00000250028002B002E0031003400020100AE
:1045000000050108010B01000020002300260029FE
:10451000002C002F003200000100000301060109F9
:104520000105050505070508080808020202020A38
:104530000A08080404040401010101010101010346
:1045400003030303030303040707070C0C0C0C0C01
:104550000C0C0C0202020206060606060606060BF4
:104560000B0B0B0B0B0B0B07070A0A0A0A0A0A05AF
:104570000505040404080801021020200808102082
:1045800040102040800201020108040201010204DF
:10459000081020408080402010080402018004029E
:1045A00001804020100804020108040201010204F5
:1045B00008102040800102040810204080100804E8
:1045C0000880102040044080102040048000000A31
:1045D0000B02090C0D0E0807030401000000000087
:1045E00000000000000000000000000000000000CB
:1045F0000000000000000000001211100000000088
:1046000000000000000000000000000000000000AA
:10461000000000000000000000000000000000009A
:10462000000000332E31342E31000A204F726967AA
:10463000696E616C2050727573612069330A2020A5
:104640002050727573612052657365617263680AE8
:104650002532302E32305300435A5058003B53001D
:1046600053706F6F6C4A6F696E20697320006164CC
:10467000635F696E697400200A200A200A200041E5
:104680006C6C2044617461005365727669636520C7
:1046900070726570005368697070696E672070721F
:1046A00065700053746174697374696373004C615D
:1046B0006E67756167650045524153494E472061F9
:1046C0006C6C206461746100466163746F72792060
:1046D00052455345540050525553413344465700B8
:1046E000494E54340003000E000100400003000254
:1046F000000000040073686976616D6D656874611F
:1047000032323000323032352D30382D31392030D0
:10471000323A35323A35310020332E31342E312DB4
:10472000383238345F663365306466643438007319
:104730007461727400534E207570646174652066F4
:1047400061696C656400534E2075706461746564C2
:1047500000435A50580043524153485F4445544522
:104760004354454458590043524153485F444554CB
:104770004543544544590043524153485F444554CE
:10478000454354454458004D323900252D392E39C2
:10479000535B00544D20657374696D6174696F6E6D
:1047A00020646964206E6F7420636F6E7665726733
:1047B0006500544D20697465723A257520763A2556
:1047C0002E326620653A252E33660A00200A200A1A
:1047D000200000004842000058419A998D4133332F
:1047E00053404D4D55323A004D494E54454D5020A1
:1047F000424544206669786564004D494E54454DF4
:104800005020484F54454E44206669786564002026
:10481000746F6F206C6F6E67206578747275736942
:104820006F6E2070726576656E7465640020636FCC
:104830006C6420657874727573696F6E2070726530
:1048400076656E746564004D6F76652061626F7287
:1048500074656400504F5745522050414E494320E3
:1048600044455445435445440055564C4F202D2053
:10487000656E642025640A0055564C4F5F54494EBE
:1048800059202D20656E642025640A00776F726CB4
:104890006420636F6F7264696E617465733A202877
:1048A000252E33662C20252E33662C20252E3366AC
:1048B000290A004D3232302053256400446F6E6562
:1048C0002072656164696E6720454550524F4D0AFC
:1048D0000054656D70657261747572652052657300
:1048E000746F7265640A0047312045252D2E3366AA
:1048F00020463237303000544D432044524956450B
:1049000052204F56455254454D5000486F6C64201C
:1049100063757272656E74207472756E636174650E
:104920006420746F2052756E2063757272656E74A8
:104930000025632533642F256481005A25362E32E5
:10494000662563005A2020202D2D2D20008625333A
:10495000642525002D2D2D252500253364252500D2
:10496000205344002020200020484F002046524D74
:10497000200087253375682025632563008725304F
:1049800032753A2530327525632563002F2F616318
:1049900074696F6E3A706175736564002F2F61637F
:1049A00074696F6E3A70617573650044756D70203F
:1049B0006D656D6F72790068656C702E70727573BD
:1049C0006133642E636F6D00666F72756D2E707249
:1049D00075736133642E636F6D007072757361332C
:1049E000642E636F6D004D373031007265636F76F2
:1049F00065725F6D616368696E655F73746174652C
:104A00005F61667465725F706F7765725F70616E0B
:104A100069632C20696E697469616C20005052557D
:104A200053412075766C6F004734205330004D3170
:104A30003130204E256C75004D32362053256C7573
:104A4000004D31303620532575004731204625640E
:104A5000004D3832004739322045252D2E3366006F
:104A60004D3230342050252D2E31662052252D2EEA
:104A700031662054252D2E3166004731205A252DD0
:104A80002E3366005052555341204D424C20563132
:104A90000047312058252D2E33662059252D2E33E1
:104AA00066204633303030002C20666565646D75B5
:104AB0006C7469706C793A004665656472617465FE
:104AC0003A0047312045352046313230004D3130F3
:104AD0003920532564004D31343020532564004D76
:104AE0003130342053256400473238205820590093
:104AF0004731205A252E3366204638303000526523
:104B0000636F766572696E67207072696E740054A7
:104B10004845524D414C20414E4F4D414C59005259
:104B20006573756D696E67207072696E74005049A7
:104B30004E44412048656174696E670043616C6949
:104B400062726174696F6E20646F6E650043616CA0
:104B50006962726174696E67205A004265642064FC
:104B60006F6E65004265642048656174696E670018
:104B700048656174696E6720646F6E652E004865D4
:104B80006174696E67004D4D5520706F77657220B6
:104B90006661696C73004D4D55206C6F61642066D1
:104BA00061696C73004D4D55206661696C73004DF1
:104BB0006174657269616C206368616E676573001A
:104BC000546F74616C206661696C75726573004323
:104BD000726173680046696C2E2072756E6F757411
:104BE0007300506F776572206661696C75726573CA
:104BF000004C617374207072696E74206661696C18
:104C00007572657300546F74616C004C617374202D
:104C10007072696E7400416D6269656E7400566FE2
:104C20006C74616765730054656D7065726174754D
:104C30007265730042656C742073746174757300DF
:104C400053656E736F7220696E666F00457874727B
:104C50007564657220696E666F0058595A206361E9
:104C60006C2E2064657461696C73005072696E7497
:104C7000657220495020416464723A00756E6B6E13
:104C80006F776E004D4D5520636F6E6E6563746572
:104C90006400446174653A00746F20756E6C6F61D6
:104CA000642066696C616D656E7400746F206C6F52
:104CB00061642066696C616D656E74005072657325
:104CC0007320746865206B6E6F6200507265686552
:104CD0006174696E6720746F20637574005072652B
:104CE00068656174696E6720746F20656A656374B6
:104CF0000050726568656174696E6720746F207515
:104D00006E6C6F61640050726568656174696E678E
:104D100020746F206C6F616400436F6F6C646F77F9
:104D20006E00456A6563740046696C616D656E74FA
:104D300020657874727564696E67202620776974BF
:104D40006820636F727265637420636F6C6F723F6B
:104D5000004175746F6C6F6164696E672066696C81
:104D6000616D656E74206973206163746976652C6A
:104D7000206A75737420707265737320746865207F
:104D80006B6E6F6220616E6420696E736572742051
:104D900066696C616D656E742E2E2E007B5B4552CC
:104DA000523A00332E31342E31005D5B4657523A71
:104DB000005D5B54494D3A005D5B464E4D3A005DE7
:104DC0005B46454D3A005D5B5043443A005B5446B8
:104DD000553A005B50524E3A005B50464E3A305DB9
:104DE000005B4449413A005D5B4154423A005D5BDF
:104DF0004154303A005D5B5354423A005B535430A7
:104E00003A007B5B50524E3A355D007B5B50524E10
:104E10003A305D007B5B50524E3A395D007B5B500F
:104E2000524E3A385D007B5B5245533A305D5B46EB
:104E3000494C3A007B5B5245533A315D5B46494CE5
:104E40003A0000002110422063308440A550C66023
:104E5000E770088129914AA16BB18CC1ADD1CEE137
:104E6000EFF13112100273325222B5529442F772AE
:104E7000D662399318837BB35AA3BDD39CC3FFF387
:104E8000DEE36224433420040114E664C774A444BE
:104E900085546AA54BB528850995EEE5CFF5ACC5D7
:104EA0008DD55336722611163006D776F66695568E
:104EB000B4465BB77AA719973887DFF7FEE79DD727
:104EC000BCC7C448E5588668A7784008611802281E
:104ED0002338CCC9EDD98EE9AFF9488969990AA977
:104EE0002BB9F55AD44AB77A966A711A500A333AEE
:104EF000122AFDDBDCCBBFFB9EEB799B588B3BBBC7
:104F00001AABA66C877CE44CC55C222C033C600C7D
:104F1000411CAEED8FFDECCDCDDD2AAD0BBD688D16
:104F2000499D977EB66ED55EF44E133E322E511ECD
:104F3000700E9FFFBEEFDDDFFCCF1BBF3AAF599F66
:104F4000788F8891A981CAB1EBA10CD12DC14EF106
:104F50006FE18010A100C230E3200450254046706C
:104F60006760B9839893FBA3DAB33DC31CD37FE397
:104F70005EF3B1029012F322D232354214527762BC
:104F80005672EAB5CBA5A89589856EF54FE52CD567
:104F90000DC5E234C324A01481046674476424540C
:104FA0000544DBA7FAB79987B8975FE77EF71DC777
:104FB0003CD7D326F2369106B0165766767615465C
:104FC00034564CD96DC90EF92FE9C899E9898AB9C7
:104FD000ABA94458654806782768C018E1088238AC
:104FE000A3287DCB5CDB3FEB1EFBF98BD89BBBABD7
:104FF0009ABB754A545A376A167AF10AD01AB32AFC
:10500000923A2EFD0FED6CDD4DCDAABD8BADE89D26
:10501000C98D267C076C645C454CA23C832CE01C4B
:10502000C10C1FEF3EFF5DCF7CDF9BAFBABFD98FB6
:10503000F89F176E367E554E745E932EB23ED10E9B
:10504000F01E7C3C3E3F2F2A225C0024F4D43050DA
:10505000C38E20C2A24017828B7011127A910D81EB
:105060006CD90AA861E108C7586607615143061E5A
:105070004B5D05C145A7041A411104093D98037110
:105080003931034036DB0265339102D4305402805B
:105090002E1D02632CEE01752AC501B028A0011057
:1050A0002781018F2564012B244B01E0223401ACC0
:1050B000211F018D200D01801FFC00841EED009733
:1050C0001DDF00B81CD200E61BC600201BBC00641C
:1050D0001AB200B219A8000A19A0006A189900D1E2
:1050E00017910040178B00B516840031167E00B36F
:1050F0001579003A157300C7146F0058146A00EE52
:105100001366008813630025135E00C7125B006CF2
:1051100012570015125400C111510070114F002197
:10512000114B00D61049008D104700461044000274
:10513000104200C00F4000800F3E00420F3C0006AE
:105140000F3B00CB0E3800930E37005C0E35002766
:105150000E3400F30D3200C10D3100900D300060AF
:105160000D2E00320D2D00050D2C00D90C2B00AE9C
:105170000C2900850C29005C0C2700350C27000E3B
:105180000C2600E80B2400C40B2400A00B23007D98
:105190000B23005A0B2100390B2100180B2000F8BB
:1051A0000A1F00D90A1E00BB0A1E009D0A1D0080AE
:1051B0000A1D00630A1C00470A1B002C0A1B001171
:1051C0000A1A00F7091A00DD091900C4091900AB11
:1051D000091900920917007B091800630917004C90
:1051E00009160036091600200916000A091500F5EF
:1051F000081500E0081400CC081400B8081400A436
:10520000081400900813007D0812006B0813005862
:105210000812004608120034081100230811001279
:1052200008110001081100F0071000E0071000D07D
:10523000071000C0071000B0070F00A10710009171
:10524000070E0083070F0074070F0065070E005755
:10525000070E0049070E003B070D002E070E002029
:10526000070D0013070D0006070D00F9060C00EDF1
:10527000060D00E0060C00D4060C00C8060C00BCAD
:10528000060C00B0060C00A4060B0099060C008D5D
:10529000060B0082060B0077060B006C060B006104
:1052A000060A0057060B004C060A0042060A0038A0
:1052B000060A002E060A0024060A001A060A001032
:1052C00006090007060A00FD050900F4050900EBC0
:1052D000050900E2050900D9050900D0050900C744
:1052E000050900BE050900B5050800AD050800A5C3
:1052F0000509009C050800940508008C0508008439
:105300000508007C050800740508006C05070065A9
:105310000508005D050700560508004E0507004713
:105320000507004005080038050700310507002A79
:10533000050700230507001C050600160507000FDA
:105340000507000805060002050700FB040600F536
:10535000040700EE040600E8040600E2040700DB90
:10536000040600D5040600CF040600C9040600C3E5
:10537000040600BD040600B7040600B1040500AC35
:10538000040600A6040600A00405009B0406009580
:10539000040500900406008A0405008504050080C9
:1053A0000406007A04050075040500700405006B0E
:1053B00004050066040500610405005C040500574F
:1053C000040500520405004D04050048040500438F
:1053D0000405003E0404003A0405003504050030CD
:1053E0000404002C04050027040400230405001E07
:1053F0000404001A04040016040500110404000D3E
:10540000040400090405000404040000040400FC72
:10541000030400F8030400F4030400F0030400ECA8
:10542000030400E8030400E4030400E0030400DCD8
:10543000030400D8030400D4030400D0030400CC08
:10544000030400C8030300C503030024F404D920A7
:105450001BC40C5C0E9804C4095F0265077101F45B
:1054600005F900FB04B30048048700C10369005834
:1054700003550003034500BE023A00840231005385
:10548000022A002902250004022000E4011C00C8B1
:10549000011900AF01170098011400840113007175
:1054A0000110006101100051010E0043010D003692
:1054B000010B002B010B0020010B00150109000C52
:1054C00001090003010800FB000800F3000800EBDD
:1054D000000700E4000600DE000600D8000600D247
:1054E000000600CC000500C7000500C2000500BD95
:1054F000000400B9000400B5000400B1000400ADD0
:10550000000400A9000400A5000300A20003009FFE
:105510000004009B00030098000300950002009324
:10552000000300900003008D0002008B0003008840
:105530000002008600020084000300810002007F58
:105540000002007D0002007B00020079000200776B
:105550000001007600020074000200720001007178
:105560000002006F0002006D0001006C0002006A82
:10557000000100690002006700010066000100658B
:10558000000100640002006200010061000100608F
:105590000001005F0002005D0001005C0001005B93
:1055A0000001005A00010059000100580001005795
:1055B0000001005600010055000100540001005395
:1055C0000000005300010052000100510001005092
:1055D0000001004F0001004E0000004E0001004D90
:1055E0000001004C0001004B0000004B0001004A8C
:1055F0000001004900010048000000480001004788
:105600000001004600000046000100450000004582
:10561000000100440001004300000043000100427B
:105620000000004200010041000000410001004074
:105630000001003F0000003F0001003E0000003E6E
:105640000001003D0000003D0001003C0000003C66
:105650000000003C0001003B0000003B0001003A5C
:105660000000003A00010039000000390001003854
:10567000000000380000003800010037000000374B
:105680000001003600000036000000360001003541
:105690000000003500000035000100340000003437
:1056A000000000340001003300000033000000332C
:1056B0000001003200000032000000320001003121
:1056C0000000003100000031000100300000003017
:1056D000000000300001002F0000002F0000002F0C
:1056E0000000002F0001002E0000002E0000002E00
:1056F0000001002D0000002D0000002D0000002DF5
:105700000001002C0000002C0000002C0000002CE8
:105710000001002B0000002B0000002B0000002BDC
:105720000001002A0000002A0000002A0000002AD0
:1057300000010029000000290000002900000029C4
:1057400000000029000100280000002800000028B7
:1057500000000028000000280001002700000027AA
:10576000000000270000002700000027000100269D
:105770000000002600000026000000260000002691
:105780000001002500000025000000250000002584
:105790000000002500000025000100240000002476
:1057A0000000002400000024000000240001002369
:1057B000000000230000002300000023000000235D
:1057C000000000230000002300010022000000224E
:1057D0000000002200000022000000220000002241
:1057E0000001002100000021000000210000002134
:1057F0000000002100000021000000210001002025
:105800000000002000000020000000200000002018
:105810000000002000000020000000200001001F08
:105820000000001F0000001F0000001F0000001FFC
:105830000000001F0000001F0001001E0000001EED
:105840000000001E0000001E0000005049442041DE
:1058500075746F74756E652066696E6973686564CA
:10586000212050757420746865206C617374204B1E
:10587000702C204B6920616E64204B6420636F6E36
:105880007374616E74732066726F6D2061626F76DF
:105890006520696E746F20436F6E6669677572610B
:1058A00074696F6E2E6800504944204175746F749E
:1058B000756E65206661696C6564212074696D652B
:1058C0006F75740020403A00543A00423A00504943
:1058D00044204175746F74756E65206661696C65EE
:1058E00064212054656D70657261747572652074F1
:1058F0006F6F206869676800204B643A2000204B76
:10590000693A2000204B703A200020436C61737389
:1059100069632050494420002054753A2000204BF0
:10592000753A2000206D61783A2000206D696E3A4A
:10593000200020643A200020626961733A20005000
:105940004944204175746F74756E6520737461727B
:105950007400504944204175746F74756E652066FB
:1059600061696C65642E204261642065787472758B
:10597000646572206E756D6265722E00544D4C2008
:10598000256420256420257820256C7820256C78D6
:105990000A004D494E54454D50004D494E54454D19
:1059A0005020424544004D494E54454D5020414DF4
:1059B00042004D415854454D50004D415854454DBD
:1059C0005020424544004D415854454D5020414DD2
:1059D0004200544D3A206572726F7220636C6561AB
:1059E00072656400544D3A206572726F7220747251
:1059F000696767657265642100544D3A206572726B
:105A00006F72207C25667C3E25660A0070012C01A1
:105A100090012701B0012201C0011D01F001180110
:105A20001002130130020E0160020901900204010C
:105A3000C002FF000003FA004003F5008003F000FD
:105A4000D003EB002004E6007004E100E004DC0079
:105A50004005D700C005D2004006CD00D006C800E2
:105A60008007C3003008BE00F008B900C009B400C8
:105A7000B00AAF00B00BAA00D00CA500000EA00029
:105A8000500F9B00C01096005012910000148C0023
:105A9000C0158700B0178200B0197D00D01B7800B8
:105AA000001E730040206E0090226900F024640004
:105AB00040275F0090295A00E02B5500102E50001F
:105AC00020304B0010324600E033410090353C005E
:105AD0001037370070383200A0392D00B03A280056
:105AE000A03B2300603C1E00103D1900903D1400B7
:105AF000103E0F00703E0A00C03E0500003F00004F
:105B000090137D00B0157800F0177300601A6E00D6
:105B1000F01C6900A01F640050225F0020255A007D
:105B2000E0275500902A5000202D4B00A02F460062
:105B3000F031410010343C00F0353700A03732001E
:105B400020392D00603A2800703B2300603C1E0085
:105B5000203D1900C03D1400403E0F00A03E0A0049
:105B6000F03E0500403F0000703FFBFF903FF6FF16
:105B7000B03FF1FFC03FECFFD03FE7FFE03FE2FF67
:105B8000F03FDDFFF03FD8FF20484F54454E442002
:105B9000544845524D414C2052554E4157415900B1
:105BA000204845415442454420544845524D414CBB
:105BB0002052554E4157415900544845524D414C91
:105BC0002052554E415741590042454420544845C2
:105BD000524D414C2052554E415741590020544896
:105BE00045524D414C2052554E4157415920285065
:105BF00052454845415420484F54454E44290020C1
:105C0000544845524D414C2052554E415741592020
:105C10002850524548454154204845415442454446
:105C2000290050524548454154204552524F520098
:105C30004245442050524548454154204552524F18
:105C40005200207472696767657265642100486557
:105C50006174657273207377697463686564206F1B
:105C600066662E20003A20004572723A200000FF3E
:105C70000102010002FFFFFE0001FE01FF00506C67
:105C800065617365207265737461727400544D3A76
:105C900020696E76616C696420706172616D6574F3
:105CA0006572732C2063616E6E6F7420656E616225
:105CB0006C6500255320204D3331302050252E3285
:105CC000662055252E34662056252E326620432523
:105CD0002E32662044252E3466204C25752053250F
:105CE00075204225752045252E32662057252E32F7
:105CF000662054252E32660A00255320204D33316C
:105D000030204925752052252E32660A00546865D8
:105D1000726D616C204D6F64656C2073657474697D
:105D20006E67733A006666CA413333BF410000B400
:105D300041CDCC9C4100009841666692419A998D74
:105D400041CDCC884166668641000084416666820A
:105D5000410000804166667E4133337B419A9979E8
:105D60004166667641452D6D6F746F722063757262
:105D700072656E74207363616C696E6720656E6115
:105D8000626C656400010808010A0A01141401121A
:105D900012746D63323133305F686F6D655F656EAD
:105DA00074657228617865735F6D61736B3D3078DF
:105DB00025303278290A00746D63323133305F68E0
:105DC0006F6D655F6578697420746D63323133304F
:105DD0005F73675F686F6D696E675F617865735F3A
:105DE0006D61736B3D3078253032780A00726573CF
:105DF000756C742076616C75653A2025640A002004
:105E0000693D25326420636E743D253264207661DD
:105E10006C3D2532640A00636C7573746572733A65
:105E20000020693D25326420737465703D2532641D
:105E30000A00736F727465642073616D706C6573B2
:105E40003A005553415254322072782046756C6C9A
:105E5000212121003A2000252D31322E31325325C7
:105E60002D642F36002533642F252D336400203A0E
:105E7000200025335300252D3773004E6420253430
:105E80002E32662000252D31352E313553252D3506
:105E9000640A252D31352E313553252D35640A0000
:105EA00025530A20252D31362E313653252D3364C6
:105EB0000A20252D31362E313653252D3364002509
:105EC000530A20252D31362E313653252D33640AC1
:105ED00020252D31362E313653252D33640A2025C9
:105EE0002D31362E313653252D33640025530A20AB
:105EF000252D31362E313653252D33640A20252D9C
:105F000031362E313653252D33640A20252D372E78
:105F100037535820252D336420205920252D3364F4
:105F20000020257325336481200A00205057523AFF
:105F300020202020202025342E3166560A2042457C
:105F4000443A20202020202025342E31665600257A
:105F5000530A20582025640A2059202564002575FD
:105F60002E25752E25752E25750020002000466CE7
:105F700061736841697220495020416464723A003B
:105F80004D4D5520202020202020204E2F4100253F
:105F9000642E25642E2564002046573A00323032A4
:105FA000352D30382D3139004533445245564F0098
:105FB00045494E53795F31306100315F37356D6D42
:105FC0005F4D4B330020486173683A663365306437
:105FD0006664343800205265706F3A736869766180
:105FE0006D6D656874613232300020332E31342E8D
:105FF000312D38323834004669726D776172653AF6
:10600000003E00464C4558202D20203234302F359C
:106010003000464C4558202D20203234300050505E
:106020002020202D20203235342F313030005050A8
:106030002020202D20203235340048495053202D77
:1060400020203232302F3130300048495053202D3B
:1060500020203232300041425320202D2020323582
:10606000352F3130300041425320202D2020323551
:10607000350050412020202D20203237352F393057
:106080000050412020202D2020323735005056422C
:1060900020202D20203231352F3735005056422018
:1060A000202D20203231350050432020202D20206B
:1060B0003237352F3131300050432020202D202021
:1060C0003237350041534120202D20203236302FE9
:1060D0003130350041534120202D20203236300010
:1060E00050455420202D20203233302F3835005099
:1060F000455420202D202032333000504C412020A8
:106100002D20203231352F363000504C4120202DAB
:106110002020323135006E6F7A7A6C65202D202078
:106120003235302F30006661726D2020202D202006
:106130003235302F3830001000C90210012C0140D8
:1061400001220170011801B0010E01F0010401509B
:1061500002FA00B002F0003003E600D003DC009049
:1061600004D2007005C800A006BE000008B400B04C
:1061700009AA00D00BA000600E960060118C0000F0
:1061800015820020197800C01D6E00A0226400B0A6
:10619000275A00902C500000314600E0343C00109B
:1061A000383200903A2800603C1E00A03D14008068
:1061B0003E0A00203F000058595A2063616C696212
:1061C000726174696F6E20616C6C207269676874AB
:1061D0002E20536B65772077696C6C206265206395
:1061E0006F72726563746564206175746F6D61743C
:1061F0006963616C6C792E0058595A2063616C692F
:1062000062726174696F6E20616C6C20726967687C
:10621000742E20582F592061786573206172652093
:10622000736C696768746C7920736B657765642E2D
:1062300020476F6F64206A6F62210058595A2063AB
:10624000616C6962726174696F6E206F6B2E205889
:106250002F592061786573206172652070657270B6
:10626000656E646963756C61722E20436F6E677230
:106270006174756C6174696F6E7321004665656445
:10628000696E6720746F204653656E736F72004DA0
:106290006F76696E672073656C6563746F72004812
:1062A0006F6D696E67005265747261637420667207
:1062B0006F6D2046494E444100456A656374696EBE
:1062C000672066696C616D656E74005061726B6900
:1062D0006E672073656C6563746F720052657475C8
:1062E000726E696E672073656C6563746F720050BF
:1062F0006572666F726D696E6720637574005075A4
:106300007368696E672066696C616D656E740050B4
:106310007265706172696E6720626C6164650053BA
:10632000656C656374696E672066696C2E20736C9A
:106330006F7400556E6C6F6164696E672066696C7E
:10634000616D656E740045525220544D4320666164
:10635000696C6564004552522048656C702066691E
:106360006C616D656E740045525220496E746572A1
:106370006E616C00455252205761697420666F72DD
:1063800020557365720046696E697368696E67208F
:106390006D6F76656D656E74730041766F696469C3
:1063A0006E67206772696E640046656564696E6732
:1063B00020746F206E6F7A7A6C650046656564693B
:1063C0006E6720746F20657874727564657200461C
:1063D000656564696E6720746F2046494E444100CC
:1063E000556E6C6F6164696E6720746F2070756C98
:1063F0006C657900556E6C6F6164696E6720746FAF
:106400002046494E444100446973656E676167697F
:106410006E672069646C657200456E676167696EBE
:10642000672069646C6572004F4B00554E4B4E4FB0
:10643000574E204552524F520046494C414D454E11
:1064400054204348414E47450046494C414D454E36
:106450005420454A454354454400554E4C4F414411
:10646000204D414E55414C4C590046572052554EF7
:1064700054494D45204552524F52004D4D552046EE
:106480005720555044415445204E4545444544000D
:1064900051554555452046554C4C00494E56414CAA
:1064A000494420544F4F4C0046494C2E20414C52F9
:1064B00045414459204C4F4144454400434F4D4DC4
:1064C000554E49434154494F4E204552524F520078
:1064D0004D4D55204E4F5420524553504F4E444938
:1064E0004E47004D4D55204D4355204552524F5279
:1064F000004D4D552053454C46544553542046417C
:10650000494C454400544D4320445249564552207D
:1065100053484F5254454400544D4320554E444532
:1065200052564F4C544147452045525200544D431A
:106530002044524956455220524553455400544D2B
:106540004320445249564552204552524F5200541E
:106550004D43204F56455248454154204552524FD5
:1065600052005741524E494E4720544D4320544FFC
:106570004F20484F540049444C45522043414E4E11
:106580004F54204D4F56450049444C4552204341FD
:106590004E4E4F5420484F4D450053454C454354B3
:1065A0004F522043414E4E4F54204D4F56450053BD
:1065B000454C4543544F522043414E4E4F54204882
:1065C0004F4D45004C4F414420544F2045585452A4
:1065D0002E204641494C454400494E5350454354B2
:1065E0002046494E4441004653454E534F52205495
:1065F0004F4F204541524C590050554C4C45592065
:1066000043414E4E4F54204D4F5645004653454E44
:10661000534F522046494C2E20535455434B00466D
:1066200053454E534F52204449444E5420545249EE
:1066300047472E0046494E44412046494C414D2E85
:1066400020535455434B0046494E4441204449444D
:106650004E542054524947474552004E6F742073A0
:1066600070696E6E696E67005370696E6E696E67F1
:106670000046616E20746573740053656C667465C2
:106680007374206661696C65640046696C616D6550
:106690006E742073656E736F7200537761707065EE
:1066A000640046726F6E742F6C6566742066616E4E
:1066B0007300417869730041786973206C656E6777
:1066C0007468004C6F6F73652070756C6C65790031
:1066D0004C65667420686F74656E642066616E3FF9
:1066E0000046726F6E74207072696E742066616EFF
:1066F0003F00456E6473746F70206E6F742068691C
:106700007400456E6473746F70004D6F746F720027
:10671000456E6473746F707300576972696E672099
:106720006572726F72004265642F486561746572AC
:10673000004E6F7420636F6E6E656374656400480D
:1067400065617465722F546865726D6973746F72D8
:1067500000506C6561736520636865636B3A005334
:10676000656C6674657374206572726F722100586F
:10677000595A2063616C6962726174696F6E206638
:1067800061696C65642E2052696768742066726F57
:106790006E742063616C6962726174696F6E2070DF
:1067A0006F696E74206E6F742072656163686162D8
:1067B0006C652E0058595A2063616C69627261746D
:1067C000696F6E206661696C65642E2046726F6E1B
:1067D000742063616C6962726174696F6E20706F9E
:1067E000696E7473206E6F74207265616368616294
:1067F0006C652E0058595A2063616C69627261742D
:10680000696F6E206661696C65642E20506C6561ED
:10681000736520636F6E73756C7420746865206D8A
:10682000616E75616C2E0058595A2063616C696203
:10683000726174696F6E20636F6D70726F6D6973D2
:1068400065642E2052696768742066726F6E7420CA
:1068500063616C6962726174696F6E20706F696EDA
:1068600074206E6F7420726561636861626C652E5E
:106870000058595A2063616C6962726174696F6E65
:1068800020636F6D70726F6D697365642E20467240
:106890006F6E742063616C6962726174696F6E20DF
:1068A000706F696E7473206E6F74207265616368B7
:1068B00061626C652E0058595A2063616C6962727E
:1068C0006174696F6E206661696C65642E20426533
:1068D000642063616C6962726174696F6E20706FAD
:1068E000696E7420776173206E6F7420666F756EA9
:1068F000642E00506C656173652072656D6F7665FE
:1069000020737465656C2073686565742066726FAA
:106910006D20686561746265642E00506C656173FA
:106920006520706C61636520737465656C207368A5
:10693000656574206F6E20686561746265642E0001
:10694000497320737465656C207368656574206F86
:106950006E20686561746265643F004469737461A8
:106960006E6365206265747765656E20746970205A
:106970006F6620746865206E6F7A7A6C6520616E30
:106980006420746865206265642073757266616353
:106990006520686173206E6F74206265656E207378
:1069A0006574207965742E20506C6561736520666E
:1069B0006F6C6C6F7720746865206D616E75616CAB
:1069C0002C2063686170746572204669727374204C
:1069D00073746570732C2073656374696F6E2046E1
:1069E00069727374206C617965722063616C69628D
:1069F000726174696F6E2E00506C61636520612056
:106A00007368656574206F662070617065722075AB
:106A10006E64657220746865206E6F7A7A6C65208A
:106A2000647572696E67207468652063616C696261
:106A3000726174696F6E206F66206669727374206C
:106A40003420706F696E74732E20496620746865F7
:106A5000206E6F7A7A6C6520636174636865732059
:106A60007468652070617065722C20706F77657234
:106A7000206F666620746865207072696E74657236
:106A800020696D6D6564696174656C792E0053656C
:106A900061726368696E67206265642063616C6916
:106AA00062726174696F6E20706F696E74004D65FB
:106AB00061737572696E67207265666572656E6373
:106AC0006520686569676874206F662063616C691A
:106AD00062726174696F6E20706F696E7400506CC1
:106AE0006561736520636C65616E20746865206EF6
:106AF0006F7A7A6C6520666F722063616C6962726E
:106B00006174696F6E2E20436C69636B20776865D2
:106B10006E20646F6E652E004175746F20686F6D16
:106B200065004375742066696C616D656E7400451F
:106B30006A6563742066726F6D204D4D55004C6F11
:106B40006164696E672066696C616D656E74004D85
:106B50004D552052657472793A20526573746F7284
:106B6000696E672074656D70657261747572652EEB
:106B70002E2E00536F7274696E672066696C6573A0
:106B800000536F6D652066696C65732077696C6C66
:106B9000206E6F7420626520736F727465642E209E
:106BA0004D61782E204E6F2E206F662066696C65D1
:106BB0007320696E203120666F6C64657220666F89
:106BC0007220736F7274696E672069732031303080
:106BD0002E004F6666004F6E004D656173757265DD
:106BE0006420736B6577733A2025662025660A005A
:106BF00046697474696E67206661696C6564203DDE
:106C00003E2063616C6962726174696F6E206661B7
:106C1000696C65642E0A0043616C69627261746913
:106C20006F6E20737563636573732E0A00416C6C1D
:106C300020342063616C6962726174696F6E2070C8
:106C40006F696E747320666F756E642E0A00312F43
:106C50003400312F3400312F3900507275736120A8
:106C60006933204D4B332D52204F4B2E005344207F
:106C700063617264206F6B006F70656E526F6F742A
:106C8000206661696C656400766F6C756D652E6950
:106C90006E6974206661696C656400534420696E96
:106CA0006974206661696C006F70656E2066616949
:106CB0006C65642C2046696C653A200043616E6EF9
:106CC0006F7420656E746572207375626469723AC0
:106CD00020004D363030004D3234004D3233202507
:106CE00073004D6561737572652063656E746572BE
:106CF00020200078797A63616C5F6D6561737572CD
:106D0000655F656E7465720A0078797A63616C5F9D
:106D100073706972616C382063783D2564206379F3
:106D20003D2564207A303D256420647A3D25642029
:106D30007261646975733D25642061643D25640A50
:106D40000078797A63616C5F7365617263685A2059
:106D50006E6F207369676E616C0A20783D256C64E4
:106D600020793D256C64207A3D256C640A00204F13
:106D70004E2D5349474E414C20617420783D256487
:106D800020793D2564207A3D25642061643D256499
:106D90000A0078797A63616C5F7365617263685A1F
:106DA00020783D256C6420793D256C64207A3D2552
:106DB0006C640A002530327800205B256620256649
:106DC0005D206D6D207061747465726E2063656EF8
:106DD0007465720A00205B25662025665D5B25666A
:106DE0005D206D6D20646976657267656E63650A06
:106DF000000000F000F801FC03FE07FE07FE07FE9E
:106E000007FC03F801F000000000000000F000F8AB
:106E100001FC03FC03FC03FC03F801F0000000008C
:106E20000078797A63616C5F6D6561737572655F17
:106E30006C656176650A00203C20005741524E493E
:106E40004E473A2046726F6E7420706F696E7420E0
:106E50006E6F7420726561636861626C652E205983
:106E600020636F6F7264696E6174653A00000000A0
:106E700040410000C04000005C430000C0400000F2
:106E80005C43000046430000404100004643256447
:106E90002F3400497465726174696F6E3A20004343
:106EA000616C6962726174696F6E206661696C659C
:106EB000642120436865636B207468652061786590
:106EC0007320616E642072756E20616761696E2E39
:106ED0000078797A63616C5F73706972616C3220DB
:106EE00063783D25642063793D2564207A303D2513
:106EF0006420647A3D2564207261646975733D2560
:106F0000642061643D25640A000A00436F756E7455
:106F1000646F776E3A202564200025640A0053636D
:106F2000616E20636F756E74646F776E3A200050E7
:106F300061747465726E2063656E746572205B2582
:106F4000662025665D2C206D6174636820256625AA
:106F5000250A00205B25662C2025665D5B25665D85
:106F60002066696E616C20636972636C650A0074E7
:106F70006D63323133305F676F746F5F7374657048
:106F8000202564202564202564202564200A00E053
:106F90002D903E8988B24111369C3E7777C14129B8
:106FA000CBB03EEFEEDA41BA49CC3EEFEEFC4161A8
:106FB000C3F33EEFEE16429CA2133FCDCC36428A7D
:106FC000B0113FABAA56428863DD3DABAA5642B82A
:106FD000AF433F555572421826533F33B382423078
:106FE0002A593FEF6E8642000070C10000C842007F
:106FF00000C4C10000A0410000E0C000002041002A
:107000000060C00000C0400000A0412222F2400009
:1070100000A0C19A99A14000000CC25555054252EA
:10702000657365745265747279417474656D7074BA
:107030007300436F6F6C696E672074696D657220B1
:1070400073746F7070656400486561746572206365
:107050006F6F6C646F776E00436F6F6C696E672043
:1070600054696D656F757420737461727465640022
:10707000536176696E6720616E64207061726B691E
:107080006E670048656174657220636F6F6C646F32
:10709000776E2070656E64696E6700526573756DFA
:1070A000696E672058595A004D4D5532746F6F6C98
:1070B0003D004D4D55323A0057726974696E672034
:1070C000746F2066696C653A200046696C652061C2
:1070D0006C7265616479206F70656E656400286408
:1070E00019640764F463E063CF63BB63A9639A63C5
:1070F0008663076419647463676355634663336327
:107100003E6B1F630F63FE62EF62DC62CB62B962AB
:10711000A6629F628F627C624D36303020415554AA
:107120004F0046494E44412066696C616D656E743E
:107130002072756E6F75742100436F6D6D756E6989
:10714000636174696F6E2074696D656F757400504A
:10715000726F746F636F6C204572726F7200030000
:107160000356657273696F6E206D69736D61746328
:107170006800436F6D6D616E64204572726F7200BE
:10718000436F6D6D616E642072656A6563746564DA
:10719000004D4D5520427574746F6E207075736884
:1071A0006564005265747279427574746F6E5072C2
:1071B000657373656400476634661F660C66F9651F
:1071C000E765D965C465AF659A658865766562656A
:1071D000626562654F654F654F653E653E653E651C
:1071E0002D652D652D65186518651865056505659E
:1071F0000565F164F164F164E364D064BC64A8647F
:107200009B6490647B646A645A64496439642B6447
:10721000427574746F6E00436865636B5573657275
:10722000496E7075742D62746E4C4D522000464943
:107230003A202046533A202020203E202082202041
:10724000208100486F74656E642074656D7065728E
:10725000617475726520726561636865640052656A
:1072600073756D696E672054656D7000436F6F6C48
:10727000646F776E20666C616720636C6561726510
:10728000640020573A0020453A00543A004E6F20DF
:10729000307846462072656365697665640053659B
:1072A0006E64696E6720307846460046696C6520DA
:1072B00073656C6563746564002053697A653A2070
:1072C0000046696C65206F70656E65643A20004EFB
:1072D0006F772066726573682066696C653A200076
:1072E0004E6F7720646F696E672066696C653A201F
:1072F000002220706F73002220706172656E743AF4
:107300002200535542524F5554494E452043414C5B
:107310004C207461726765743A2200747279696EE8
:107320006720746F2063616C6C207375622D6763D6
:107330006F64652066696C65732077697468207472
:107340006F6F206D616E79206C6576656C732E00B1
:10735000062833D036C23E013F154132423B43F24C
:10736000443B45F24622473B48F2493B4AF0589895
:10737000590C5A085B0C5C086110679B6E22710700
:107380007208FF095A0D000EF019145E0820642BD4
:107390006D322FFF2022257322002025236C7800D8
:1073A0004449525F45584954004449525F454E5440
:1073B00045523A20257320222573220A00617574F4
:1073C0006F25692E6700041A44656372656D656EEA
:1073D000745265747279417474656D7074730008C9
:1073E0001B1C0B14525354436F6D6D54696D656FC4
:1073F0007574002C206C6173742062797465733A23
:10740000200022206661696C65643A2042756666D8
:1074100065722066756C6C21004572726F723A005D
:107420002200456E717565696E6720746F207468FF
:10743000652066726F6E743A2022004D4D55323AC7
:10744000006563686F3A003E53302A63362E004D64
:107450004D552069732000009502DC5311241FBE96
:10746000CFEFD1E2DEBFCDBF00E00CBF13E0A0E064
:10747000B2E0EAE2F3E803E00BBF02C007900D922E
:10748000AA32B107D9F728E1AAE2B3E001C01D9200
:10749000A932B207E1F71AE3CDE2DAE300E006C071
:1074A00021970109802FFE010F94D9BBCC32D1075F
:1074B00080E00807A9F70E9431FC0D9483C10C9469
:1074C000E7562F923F924F925F926F927F928F92E8
:1074D0009F92AF92BF92CF92DF92EF92FF920F9363
:1074E0001F93CF93DF93CDB7DEB72F970FB6F894E6
:1074F000DEBF0FBECDBF6C011B015A01FC0117821C
:10750000168283819E012F5F3F4F490181FDD2C0CA
:107510008FEF9FEFEEC2F12C512C00E0003238F4D7
:107520008B3209F190F48032F9F0833209F107FDD2
:1075300034C020ED280F2A3020F506FF1BC0FAE0EA
:10754000FF9E200D1124F22E05C08D3279F080337C
:1075500071F70160F10193FD859193FF81911F0106
:107560008111DCCF1AC002600460F4CF0860F2CF52
:107570000061F0CF3AE0539E200D1124522E00629C
:10758000E9CF8E3221F406FDB1C20064E3CF8C3620
:1075900011F40068DFCF8836E9F29BEB980F933047
:1075A00008F05FC00061805E06FD02C046E0F42E78
:1075B000102F1F73853609F05BC0106417FF61C080
:1075C0008F2D9BE39F1508F48BE344244394480ECE
:1075D00027E03501F4E06F0E711CF50160817181C7
:1075E00082819381042DA4010F9482B75C01F981FB
:1075F000FC87F0FF03C00DE2F3FF07C00BE211FDB3
:1076000004C0012F047012FD00E22C852C70E22EC4
:1076100009F46BC00111D8C2F3E0E12CF515A0F418
:1076200083E0E52CE81A13FD08C0B60180E290E083
:107630000F9431B9EA94E110F8CF002329F0B60194
:10764000802F90E00F9431B93C852EEDA22E25E0DD
:10765000B22E33FD04C092EEA92E95E0B92E107122
:1076600022C09BE9980F933008F047C10F7E9CCF52
:10767000863611F41068A2CFFF2009F49FCFFA9448
:107680009DCFE7E02F2DEF1518F427E037E0F32E1C
:10769000412C9FCF11118052B60190E00F9431B967
:1076A0008FEFA81AB80AF50184918111F3CFE11088
:1076B00084C25301F6019381F10193FD859193FFFB
:1076C00081911F01882309F411C2853241F493FD91
:1076D000859193FF81911F01853209F01CCFB6017E
:1076E00090E00F9431B93501E4CF17FF6FC04A0C19
:1076F000FC85F4FF04C08A81813309F44A94141490
:107700000CF086C028E0241510F488E0482E85E0AF
:1077100090E017FF06C0C501B7FE02C090E080E010
:10772000019601110196FF2031F02F2D30E02F5FDF
:107730003F4F820F931F5816190619F014F0E52CCD
:10774000E81A812F897011F4E11067C0002329F035
:10775000B601802F90E00F9431B913FD02C0E11003
:1077600063C017FF7CC08501B7FE02C010E000E0D7
:10777000C501841991092C016F2D70E0EE27FF27B8
:10778000E61BF70BFF87EE870F3F100729F4B601C2
:107790008EE290E00F9431B9A016B1060CF44BC004
:1077A000401651060CF047C0F501E01BF10BE80D47
:1077B000F91D8181015011092E853F85021713079C
:1077C000E4F1B60190E00F9431B9DECF16FD9FCF02
:1077D000EF2DF0E0EA15FB0534F03CEFA3163FEF88
:1077E000B3060CF010683296E80DF91D01C0FA944A
:1077F000FF2019F082918033D1F317FF88CF442402
:1078000043944F0CFA141B0431F02CF0FA187FCF7C
:10781000442443947CCFF12C7ACFB60180E290E0EF
:107820000F9431B9EA9490CFB60180E390E00F94C1
:1078300031B9EA9494CF80E3BDCFA016B10641F4EC
:107840009A81963350F4953319F43C8534FF05C082
:10785000B60190E00F9431B92ACF81E3F9CF8A8144
:10786000813319F09C859F7E9C87B60190E00F9430
:1078700031B9FF20A9F0B6018EE290E00F9431B942
:10788000F394F394E2E001E00E0FE80DF92DF11D01
:107890008081B60190E00F9431B9E02F0F11F3CF42
:1078A00085E690E014FF02C085E490E0B6010F94F5
:1078B00031B9B7FC06C0A114B104C1F4EC85E4FFF2
:1078C00015C0B194A194B1088DE2B60190E00F9477
:1078D00031B980E32AE0A216B10454F4B60190E075
:1078E0000F9431B9B601C501C096B4CF8BE2EDCF8C
:1078F0008F5FFAE0AF1AB108EDCF8336C9F0833756
:1079000071F1833509F05BC03501F2E06F0E711C37
:10791000F501A080B1806F2D70E006FD02C06FEF11
:107920007FEFC5010F94C5B89D878C8700680DC097
:10793000350132E0630E711CF5018081898321E0FD
:1079400030E03D872C8754010F7703FD06C02C855E
:107950003D855216130609F0A8F4E52C2BC035011D
:1079600032E0630E711CF501A080B1806F2D70E0D4
:1079700006FD02C06FEF7FEFC5010F94EAB89D8747
:107980008C87E2CFB60180E290E00F9431B95A942F
:10799000DECFF50107FD859107FF81915F01B601FB
:1079A00090E00F9431B9E110EA948C859D850197A0
:1079B0009D878C87EC85FD85EF2B59F778CE843633
:1079C00019F0893609F074C0350107FF66C0F4E08C
:1079D0006F0E711CF5016081718182819381102F7E
:1079E0001F7697FF08C090958095709561957F4FA1
:1079F0008F4F9F4F10682AE030E0A4010F9458BACF
:107A0000A82EA818BA2C012F16FF0AC00E7FAF149B
:107A100038F414FF04C012FD02C0012F0E7EBF2CEB
:107A200004FFA3C0FE01EA0DF11D8081803309F03F
:107A300095C0097EF02FF870EF2E03FDA5C000FF62
:107A40009FC0FA2CB51410F4F50CFB1804FFA2C06B
:107A5000B60180E390E00F9431B902FF09C088E7D6
:107A600090E001FF02C088E590E0B6010F9431B9C3
:107A7000AF1408F49BC0AA940A2D10E00F5F1F4FAB
:107A8000080D191DF80182918F01B60190E00F9445
:107A900031B980169106B1F70ACEF2E06F0E711C73
:107AA000F50160817181072E000C880B990B97CF2F
:107AB000102F8537A9F41F7E2AE030E0350117FF2B
:107AC00044C0F4E06F0E711CF50160817181828108
:107AD0009381A4010F9458BAA82EA8181F7792CFAB
:107AE000197F8F3679F1F0F4883539F1F601868106
:107AF00097812F960FB6F894DEBF0FBECDBFDF91F2
:107B0000CF911F910F91FF90EF90DF90CF90BF909A
:107B1000AF909F908F907F906F905F904F903F902D
:107B20002F900895803739F0883701F714FD1460DD
:107B300020E130E0C3CF1061F9CF04FD166020E1F1
:107B400032E0BCCF28E030E0B9CFF2E06F0E711C1C
:107B5000F5016081718190E080E0BBCF02FD02C041
:107B6000B39468CFB394B39465CF802F867809F42B
:107B700061CFF6CFB60180E290E00F9431B9B394B3
:107B8000B514C0F3E12C62CFE52CEB18B51408F462
:107B90005DCFF8CF802F867809F46ACF8BE201FFA2
:107BA00080E207FD8DE2B60190E060CFB60180E390
:107BB00090E00F9431B9FA945BCFB60180E290E087
:107BC0000F9431B9EA9473CD24E0E12C251508F027
:107BD00036CD84E026CD9091C00095FFFCCF8093F8
:107BE000C60008958091C00087FFFCCF8091C0003F
:107BF00084FD01C0A8958091C6000895862798E06D
:107C000027E0382F880F37FD82279150D1F708954C
:107C1000CF93DF9300D000D01F92CDB7DEB787306F
:107C200050F5673040F597E0E0ECF2E0DE011196A8
:107C300001900D929A95E1F746E050E0FA01E61BBB
:107C4000F10921E030E02C0F3D1FE20FF31F2081EE
:107C500030E0481B5109C90102C0959587954A95A6
:107C6000E2F7817027960FB6F894DEBF0FBECDBF46
:107C7000DF91CF91089580E0F5CF20E030E040E83B
:107C80005FEB6091830270918402809185029091F4
:107C900086020F94E6BC882321F1E091EB12F0916B
:107CA000EC12E250FF4E80818B7F8230D1F480E174
:107CB000E3E8F2E0AAEEB6E001900D928A95E1F7D2
:107CC00080E090E0A0E8BFEB809383029093840271
:107CD000A0938502B09386028091C8059091C90552
:107CE000089581E090E00895CF92DF92EF92FF92A5
:107CF0000F931F93CF93DF9390E0EC01CC0FDD1F28
:107D0000CC0FDD1FFE01EF5AF34E259135914591C1
:107D10005491FE01E159F14FC080D180E280F3809F
:107D20008E010651194FC701B6010F94F1BBF8013E
:107D30006083718382839383FE01EB5BF34E259115
:107D40003591459154918E010F5D1D4FC701B601CC
:107D50000F94F1BBF8016083718382839383FE01EA
:107D6000E75CF34E2591359145915491CB5EDD4F03
:107D7000C701B6010F94F1BB688379838A839B8323
:107D8000DF91CF911F910F91FF90EF90DF90CF90F7
:107D9000089580E1ECECF6E0AAEEB6E001900D92D9
:107DA0008A95E1F70895E4ECFBE1833021F0E82FB8
:107DB000F0E0EF53F44E849108954091FC105091FF
:107DC000FD1090E080E041155105B1F12091EB12DA
:107DD0003091EC1290E080E0F901E250FF4EA0817A
:107DE000A23021F461817281860F971F41505109A1
:107DF00019F1F901EF5FFE4EA1919F012E5F304115
:107E0000A111FACFF901E250FF4E2D3EA1E03A0751
:107E100030F4A191A111E0CF2F5F3F4FF6CF2D3E5F
:107E2000E1E03E07C9F6EEEFF0E19F012E5F304141
:107E3000A191AA23D1F3D0CF0895982F9F7083FFEB
:107E40000DC080917B00886080937B0080917C00D6
:107E5000887F9770892B80937C00089580917B00A8
:107E6000877FF2CF84FF18C08D9A85FF17C0A49A30
:107E70002FB786FF15C0F8949091020190689093F7
:107E800002012FBF87FF11C0A39A8F9A85E08A95C0
:107E9000F1F700008F9808958D98E7CFA498E8CF68
:107EA000F894909102019F77EACFA398EECF0F93B9
:107EB0001F93CF93DF93EC01C60FD71F8C179D073D
:107EC00079F08C010F5F1F4F0F94C9BA8F3F31F0CB
:107ED00081E0DF91CF911F910F910895C801EECFFE
:107EE00080E0F7CF0F931F93CF93DF9300D01F92C3
:107EF000CDB7DEB79B01AC010AEE16E0F801608554
:107F000071858285938569837A838B839C830F94A3
:107F1000F0BBF801608771878287938765E575E517
:107F200085E591E40F947C670F946D5389819A8164
:107F3000AB81BC81F80180879187A287B387CE018E
:107F400001960F94E6540F900F900F900F90DF91D1
:107F5000CF911F910F9108956091E2067091E30611
:107F6000072E000C880B990B0F9457B52091230E08
:107F70003091240E4091250E5091260E0F94F0BCA6
:107F80000E94723F1092E3061092E20608954FEFAE
:107F90005FEFBA0185EE9FE00F94FFBA4FEF5FEFFE
:107FA000BA0189EE9FE00F94FFBA4FEF5FEFBA017D
:107FB0008DED9FE00F94FFBA4FEF5FEFBA0181EEB6
:107FC0009FE00F94FFBA4FEF5FEFBA0185ED9FE09E
:107FD0000F94FFBA4FEF5FEFBA0189ED9FE00F9466
:107FE000FFBA4FEF5FEFBA0185EC9FE00F94FFBA45
:107FF0004FEF5FEFBA0189EC9FE00F94FFBA4FEFAC
:108000005FEFBA018DEC9FE00F94FFBA4FEF5FEF87
:10801000BA0181ED9FE00D94FFBA80369105F8F426
:108020004091EB125091EC122091F9103091FA101E
:108030004217530739F46091FC107091FD10161629
:1080400017066CF0B901680F791FFB01E359FF4F68
:108050002417350730F481E04E175F0708F480E0FD
:108060000895EE3EF140F8F06C5F7F4F6E3E714038
:1080700018F449365105B8F483599F4F48175907EA
:1080800070F34DEE51E0421B530B70E060E0C9010C
:1080900082509F4E0F94FBC08FB7F8941092FA1045
:1080A0001092F9108FBF81E008958091CA059091D8
:1080B000CB054AE050E070E060E001960F9454B6C2
:1080C000862F08958091CA059091CB054AE050E033
:1080D00070E060E001960F9454B6CB010895809152
:1080E000CA059091CB054AE050E070E060E001964F
:1080F0000D9454B68091FC049091FD049093FB0480
:108100008093FA048BE19FE29F938F9380917D038C
:1081100090917E03A0917F03B09180030196A11DF1
:10812000B11DBF93AF939F938F9388EA93E19F9381
:108130008F938FEA93E19F938F930F948BB98DB7B1
:108140009EB70A960FB6F8949EBF0FBE8DBF0895D6
:10815000682F880F770B8091EB129091EC128F5F54
:108160009E4E0F9420C19C019093CB058093CA052D
:1081700081E0232B09F480E008950F931F93CF93A0
:10818000DF938C01862FEA010E94A840882319F111
:108190000E9462409C0197FF03C0319521953109EF
:1081A000253631059CF09F938F9389E194E79F9347
:1081B0008F9386EB9CE19F938F930F948BB90F90D5
:1081C0000F900F900F900F900F9080E0DF91CF9164
:1081D0001F910F910895F80180818823B1F3CE019A
:1081E000DF91CF911F910F910D94C9BA60E086E69F
:1081F0009FE00F94EDBA60E088E69FE00F94EDBA3F
:1082000060E085E69FE00F94EDBA60E084E69FE0D1
:108210000F94EDBA60E082ED9EE00F94EDBA60E05D
:108220008FEC9EE00D94EDBA2F923F924F925F92A9
:108230006F927F928F929F92AF92BF92CF92DF9276
:10824000EF92FF920F931F93CF93DF93CDB7DEB7DB
:10825000CC58D2400FB6F894DEBF0FBECDBFCB587E
:10826000DD4F688379838A839B83C557D240FE01A3
:10827000E754FE4F88E2DF011D928A95E9F7E85B3B
:10828000F1401F0180E991E0DF01FC011D9231976F
:10829000E9F7C75ADD4F19821882C955D2409E01AD
:1082A0002F513E4FC159DD4F39832883CF56D240DD
:1082B0008E01075A1D4FCE018F5C9D4FC359DD4F74
:1082C00099838883CD56D2403C01490140EBA42ECE
:1082D0004FE0B42E53E2C52ED12CF12CE12CB60187
:1082E0000D2C000C880B990B0F9457B5D4016D938E
:1082F0007D938D939D934D01F801619171918F0153
:10830000072E000C880B990B0F9457B5D3016D9372
:108310007D938D939D933D01BFEFEB1AFB0AE6E041
:10832000EE16F10409F038C3CB58DD4F28813981AE
:108330004A815B81C557D240C159DD4FA881B981BF
:10834000CF56D2406D917D918D919C910F947ABEC4
:10835000412C512C320118160CF402C3C359DD4FC5
:1083600008811981CD56D2400C5E1F4FC159DD4F97
:10837000E880F980CF56D240B4E1EB0EF11C6E01DB
:10838000EFEDCE1AEDEFDE0A9E012B553E4FCF5892
:10839000DD4F39832883C157D240D8014D905D907D
:1083A0006D907C90F7016081718182819381D7010A
:1083B0005E914E913E912E917D010F94F0BB4B0149
:1083C0005C01F80152914291329122918F01C301D7
:1083D000B2010F94F0BBA50194010F94F0BCD6013B
:1083E0009E938E937E936E936D01CF58DD4FE881FF
:1083F000F981C157D240B292A29292928292CF5802
:10840000DD4FF983E883C157D240C359DD4F28813E
:108410003981CD56D2400217130709F0BECF4E0165
:108420003FE6831A3EEF930A5E0183EFA81A8DEFB1
:10843000B80A61018101EE24E394F12CD4014D903E
:108440005D906D907D904D012D913D914D915C9190
:10845000C301B2010F94F1BB9B01AC010F94F1BBBE
:10846000F80164A775A786A797A7F1E0EF16F104B6
:1084700061F0D80198964D925D926D927C929B9797
:10848000F8014482558266827782FFEFEF1AFF0A75
:10849000F501208131814281538184E0A80EB11C15
:1084A00064817581868197810F94F0BB20E030E074
:1084B00040EC50E40F9496B5D601DC966D937D9315
:1084C0008D939C93DF97045D1F4FB8E2CB0ED11CB8
:1084D000E5E0EE16F10409F0B1CF7E01FDE2EF0E0A
:1084E000F11C28E2A22EB12C00EB1FEF24E0220E9B
:1084F000311CD7012D913D914D915C911397989628
:108500006D917D918D919C919B970F94F0BC2B0167
:108510003C016101C01AD10A88248394912CF60190
:10852000E00FF11FEA0DFB1D208131814281538153
:10853000C301B2010F9496B59B01AC01F6016081B5
:108540007181828193810F94F0BBD6016D937D93ED
:108550008D939D936D01BFEF8B1A9B0AE6E08E16FB
:108560009104E9F63CE2E30EF11C0852110988E29D
:10857000A80EB11C08339FEF190709F0BACF1E01EE
:10858000F5EB2F0E311C6E0121EBC20ED11C7E01CA
:1085900037E3E31A3EEFF30A04E010E04801B12CA0
:1085A000A12C412C512C3201F601EA0DFB1DD70103
:1085B000AA0DBB1D2D913D914D915C916081718102
:1085C000828193810F9496B59B01AC01C301B201E6
:1085D0000F94F1BB2B013C018FEF881A980A94E0AD
:1085E000A90EB11CA5E08A169104F1F6A30192012F
:1085F000F10160817181828193810F94F0BBD6017A
:108600002D913D914D915C910F94F0BCF7016083E9
:1086100071838283938301501109F8E22F1A310884
:108620002CE2C21AD10834E0E31AF1080115110551
:1086300009F0B4CFCB50DE4F88819981AA81BB81EC
:10864000C55FD140CF57DD4F88839983AA83BB8311
:10865000C158D2401E0197E4291A9EEF390A10E052
:1086600000E0C159DD4FA881B981CF56D240CD90ED
:10867000DD90ED90FD90C159DD4FB983A883CF56B1
:10868000D240CB58DD4F288139814A815B81C55763
:10869000D240C701B6010F94E6BC1816B4F0CB580F
:1086A000DD4F288139814A815B81C557D240C1594C
:1086B000DD4FE881F981CF56D2406081718182819E
:1086C00093810F947ABE87FF18C00430110509F01A
:1086D00030C1CB58DD4F288139814A815B81C55734
:1086E000D240CF57DD4F688179818A819B81C15803
:1086F000D2400F94E6BC87FF1CC1D10114968D9027
:108700009D90AD90BC9017978D919D910D90BC91CF
:10871000A02DCF58DD4F88839983AA83BB83C1578F
:10872000D240F801EE0FFF1FEE0FFF1F21E931E0ED
:108730002C0F3D1FE20FF31F408051806280738039
:10874000C359DD4FA881B981CD56D2408D919D91FD
:108750000D90BC91A02DC358DD4F88839983AA83C7
:10876000BB83CD57D240A7019601CB58DD4F68811E
:1087700079818A819B81C557D2400F94F0BB6B01F0
:108780007C0120E030E040E450E40F9461BFCB571F
:10879000DD4F688379838A839B83C558D240C35851
:1087A000DD4F288139814A815B81CD57D240C35941
:1087B000DD4FE881F981CD56D24064817581868193
:1087C00097810F94F0BBA30192010F94F0BCC7589E
:1087D000DD4F688379838A839B83C957D240A30185
:1087E0009201C301B2010F94F1BBCF58DD4F288134
:1087F00039814A815B81C157D2400F9496B5C757E2
:10880000DD4F688379838A839B83C958D240A30153
:108810009201C501B4010F9496B59B01AC01C757F5
:10882000DD4F688179818A819B81C958D2400F943C
:10883000F1BB20E030E040EC50E40F94F0BC9B0131
:10884000AC01C758DD4F688179818A819B81C95706
:10885000D2400F94F0BBA70196010F9496B5C7586C
:10886000DD4F688379838A839B83C957D240CF5871
:10887000DD4F288139814A815B81C157D240C501D2
:10888000B4010F94F0BB4B015C0120E030E040EC00
:1088900050E4C301B2010F9496B59B01AC01C50130
:1088A000B4010F94F0BCCB57DD4F288139814A8148
:1088B0005B81C558D2400F9496B54B015C0120E016
:1088C00030E040E05FE3CF58DD4F688179818A81F5
:1088D0009B81C157D2400F9496B52B013C01A70153
:1088E0009601C701B6010F9496B59B01AC01C30177
:1088F000B2010F9496B59B01AC01C501B4010F9470
:10890000F1BB9B01AC01C758DD4F688179818A8139
:108910009B81C957D2400F94F1BBC358DD4F2881CA
:1089200039814A815B81CD57D2400F94F1BB2B0135
:108930003C010F5F1F4FF4E02F0E311CC359DD4F78
:1089400028813981CD56D2402C5F3F4FC359DD4F2E
:1089500039832883CD56D2400530110509F081CEE8
:10896000C301B201C457DD4F0FB6F894DEBF0FBE8E
:10897000CDBFDF91CF911F910F91FF90EF90DF90CE
:10898000CF90BF90AF909F908F907F906F905F90AF
:108990004F903F902F900895C5010F94D7BAD801FA
:1089A0008D939C93B5E0CB0ED11CE2E0AE0EB11CD2
:1089B00096CC0F931F93CF9320911314213079F508
:1089C0008C0180E50E94A840882349F10E9455400F
:1089D000C82F853020F5013C82E0180749F0023CA1
:1089E000124069F08C2FCF911F910F910D9478B4A4
:1089F00060E08C2FCF911F910F910D94B9B48EEC44
:108A00009EE00F94C9BA882351F00F94E38F882316
:108A100031F08C2FCF911F910F910D9434B5CF91E0
:108A20001F910F910895CF93C82F0F946D53F89411
:108A3000C093E4060F9496540E9473ED880F8270E1
:108A40000F945E200F94E2317894CF91089560FFE7
:108A500004C028E5FC012083019661FF04C029E5DC
:108A6000FC012083019620E2FC012193CF0169E102
:108A70007EE00D9480B88F929F92AF92BF92CF927A
:108A8000DF92EF92FF920F931F93CF93DF930091AA
:108A9000CA051091CB050F5F1F4F68018FEFC81AF1
:108AA000D80AD801DC918D2F90E00F945AB87C0140
:108AB000892B01F5DD3201F56801B2E0CB0ED11C46
:108AC000F801D181C1E086010150110943E050E075
:108AD00068EF7BE1C8010F9490B8892BC1F460E086
:108AE00070E080E89FEFC111DBC060E070E080E8DB
:108AF0009FE7D6C08601D1CFDB3239F46801F2E0BE
:108B0000CF0ED11CD8011196DC91C0E0DCCF43E040
:108B100050E065EF7BE1C8010F9490B8892B09F410
:108B2000CCC0F60110E000E020E030E0A9016F01C8
:108B3000D053DA3060F5BC2E6894B1F88C2F887071
:108B4000C2FF09C0811102C00F5F1F4F3196D601CD
:108B5000DC91CB2DECCF882311F001501109A5E059
:108B6000B0E00F945EBB9B01AC01220F331F441F8A
:108B7000551F2D0F311D411D511D2839B9E93B07E6
:108B80004B07B9E15B0710F3C660BC2EDFCFDE3FB9
:108B900031F4C3FD33C0BC2E6894B3F8D7CFD533BE
:108BA00069F580818D3231F4C061BF016E5F7F4F06
:108BB000818105C0BF018B32C9F36F5F7F4F805346
:108BC0008A30E0F4FB01B0E8EB16BCE0FB065CF495
:108BD000B701660F771F660F771FE60EF71EEE0CC4
:108BE000FF1CE80EF11C819180538A3060F3C4FFB2
:108BF00003C0F194E194F1080E0D1F1DCA01B901E3
:108C00000F9455B5C370C33009F490584B015C0103
:108C100020E030E0A9010F94E6BC882309F43EC0AF
:108C2000C1EFDBE117FF05C0119501951109C9EDF1
:108C3000DBE16E01E8E1CE1AD10880E2E82EF12CEA
:108C40000DC0FE0125913591459154910E191F09D2
:108C5000C501B4010F9496B54B015C01D501C40167
:108C60000E151F0574F72497F594E794CC16DD06CE
:108C7000A9F78A2F880F8B2F881F8F3F49F020E09C
:108C800030E0A901C501B4010F94E6BC811106C012
:108C900082E290E090931E1880931D18C501B401E4
:108CA000DF91CF911F910F91FF90EF90DF90CF90C8
:108CB000BF90AF909F908F90089560E070E080EC3F
:108CC0009FE7EECF2F923F924F925F926F927F92EB
:108CD0008F929F92AF92BF92CF92DF92EF92FF92CC
:108CE0000F931F93CF93DF9300D0CDB7DEB78EEDF8
:108CF000C82E82E0D82E8CEC96E09B838A839AEE75
:108D0000E92E96E0F92E3324339400E0F6018191A8
:108D10006F010E94A840282E882309F4A6C0109154
:108D20003F0413210E943B452B013C01EA81FB815A
:108D30004082518262827382033009F046C0F1E0C2
:108D4000F983111101C019828090930290909402CE
:108D5000A0909502B090960220E030E040E85FE3FA
:108D6000C501B4010F94E6BC882359F1111115C057
:108D70002091F6063091F7064091F8065091F906D9
:108D8000C301B2010F94F0BB6093D8067093D9066B
:108D90008093DA069093DB062982A5019401609105
:108DA000D8067091D9068091DA069091DB060F946F
:108DB00096B56093D8067093D9068093DA0690939F
:108DC000DB06E981E11103C022C0112399F0F7010C
:108DD0002081318142815381EA81FB8160817181EF
:108DE000828193810F94F1BBEA81FB81608371835F
:108DF000828393830F5F330C8A819B8104969B83CC
:108E00008A8394E0E90EF11C043009F07FCF86E4F8
:108E10000E94A840882399F00E943B456B017C0189
:108E200020E030E0A9010F947ABE181644F4C092F5
:108E3000B902D092BA02E092BB02F092BC020F904B
:108E40000F900F90DF91CF911F910F91FF90EF90B6
:108E5000DF90CF90BF90AF909F908F907F906F905A
:108E60005F904F903F902F900895F70180819181FE
:108E7000A281B381EA81FB8180839183A283B38342
:108E8000B9CF2F923F924F925F926F927F928F92C3
:108E90009F92AF92BF92CF92DF92EF92FF920F9389
:108EA0001F93CF93DF93CDB7DEB765970FB6F894D6
:108EB000DEBF0FBECDBF698B7A8B8B8B9C8B49013C
:108EC0005A01302ECD8A2D2C81E08093BF02DF9293
:108ED0002D892F931F92EF9281E693E19F938F93B9
:108EE0000F948BB981E40E94A8400F900F900F90CF
:108EF0000F900F900F908823A1F08091CA05909158
:108F0000CB05FC012181283709F069C040E150E020
:108F100070E060E002960F9454B6698B7A8B8B8B6D
:108F20009C8B83E40E94A840882309F465C00E94BA
:108F30006F402B013C01C988DA88EB88FC888C14CF
:108F40009D04AE04BF0410F475016401D301C20195
:108F50008C0D9D1DAE1DBF1D88169906AA06BB0669
:108F600028F08C159D05AE05BF0530F424013501B0
:108F70004C185D086E087F0888E50E94A840882389
:108F800009F491C02091CA053091CB052F5F3F4F66
:108F9000FE01319610E000E04F01D9018C912F5F66
:108FA0003F4F882309F43FC000311105E1F18032C1
:108FB000A1F38A30C1F190ED980F9A3010F58295A7
:108FC000807F9D012E5F3F4F11969C9140ED490F90
:108FD0004A30F8F4842B81930F5F1F4FDECF0E943D
:108FE0003B450F9462BD9B01770F440B550B298BBA
:108FF0003A8B4B8B5C8B95CF44244A94542C320192
:109000009ACF9FE9980F963058F48295807F8057C9
:10901000D8CF4FE9490F463018F49755892BDBCF4D
:109020001195019511092801012E000C6608770899
:10903000DA8AC98AB12CA12C0A151B05F1F033205C
:1090400039F031E0331671F04FEFA41AB40AF4CFBF
:10905000F401EA0DFB1D8081E989FA89EA0DFB1D07
:109060008083F2CFF401EA0DFB1D608189899A8922
:109070008A0D9B1D0F9411BBE7CFFF92EF92DF92F9
:10908000CF922F925D895F937F926F925F924F9202
:1090900085E393E19F938F930F948BB90FB6F89468
:1090A000DEBF0FBECDBF032DA3019201C701B601E4
:1090B0000F948D8E65960FB6F894DEBF0FBECDBFB0
:1090C000DF91CF911F910F91FF90EF90DF90CF90A4
:1090D000BF90AF909F908F907F906F905F904F90D8
:1090E0003F902F900895609125187091261890E078
:1090F0008A3020F0895A9F4F0D9431B9C096FCCF29
:109100000F931F93CF93DF93C82FD62F8A0160FF51
:1091100015C05D9A8AE18A95F1F700C08C2F0E94F4
:10912000323FD1FD04C08C2F82950E94323FC8018E
:10913000DF91CF911F910F910C94CCE45D98EACF11
:10914000CF92DF92EF92FF92CF93DF93EC016A010F
:109150007B010F94D1BA6F3F7F4F8F4F9F4F59F4D0
:10916000B701A601CE01DF91CF91FF90EF90DF9084
:10917000CF900D941FBBDF91CF91FF90EF90DF90C8
:10918000CF9008952F923F924F925F926F927F926D
:109190008F929F92AF92BF92CF92DF92EF92FF9207
:1091A0000F931F93CF93DF93CDB7DEB7A1970FB681
:1091B000F894DEBF0FBECDBF1C0148015901FC0170
:1091C000E85BFF4FC080D180E280F3809A01AB0161
:1091D000C701B6010F9496B50F94CFBC0F9469BD2B
:1091E0008B018D839983A5019401C701B6010F946A
:1091F00096B50F94CFBC0F9469BD362F272FA801C9
:109200006D817981483751056105710520F448E782
:1092100050E060E070E0D101D6968D909D90AD90C9
:10922000BC90D9978F8A988EA98EBA8E4815590509
:109230006A057B0520F44F8B588F698F7A8F432FF7
:10924000522FBC01483751056105710520F448E7EC
:1092500050E060E070E0182D092DA9A2B8A24815D1
:1092600059056A057B0520F4142F052F69A378A3FF
:10927000F101EE5BFF4FC080D180E280F380CD82B0
:10928000DE82EF82F886CD28CE28CF2841F4C12C8B
:10929000D12C7601C394CD82DE82EF82F8862F89AD
:1092A000388D498D5A8DB901CA010F942CBB6D8739
:1092B0007E878F87988BA5019401C501B4010F9417
:1092C0002CBB2B013C01212F302F49A158A1612F2C
:1092D000702FCA010F942CBB698B7A8B8B8B9C8B64
:1092E000CD80DE80EF80F884CC0CDD1CEE1CFF1CF2
:1092F000C986DA86EB86FC86C301B201615071092A
:1093000081099109CD84DE84EF84F8886C197D0988
:109310008E099F09C984DA84EB84FC846C0D7D1D61
:109320008E1D9F1DA70196010F943CBB69017A0118
:10933000C301B20129893A894B895C89621B730B8D
:10934000840B950B29853A854B855C850F943CBB36
:1093500029013A01D701C601840D951DA61DB71D2F
:109360008C8F9D8FAE8FBF8FF101E45BFF4F90819B
:109370009B8F992309F48DC0612F702F89A198A12B
:109380000F9455B5F101EC5AFF4F20813181428194
:1093900053810F9496B50F9469BD6D8B7E8BD1016F
:1093A00050962D913D914D915C91539729833A832D
:1093B0004B835C838C8D9D8DAE8DBF8D8217930703
:1093C000A407B50708F068C029013A01481A590AEC
:1093D0006A0A7B0A9B8D40E080E0992389F0C501F1
:1093E000B4010F9455B5F101EC5AFF4F2081318142
:1093F000428153810F9496B50F9469BD462F872FF4
:109400003FB7F894F101E95BFF4F2081211127C09C
:10941000D1015996CD92DD92ED92FC925C97C40CED
:10942000D51CE61CF71CF101C58ED68EE78EF0A286
:10943000CF88C2AED88CD3AEE98CE4AEFA8CF5AE50
:10944000FE9610830183C9A0C282D8A0D3827396EE
:10945000ED88E082FE88F1823297408381833FBFAE
:10946000A1960FB6F894DEBF0FBECDBFDF91CF91AE
:109470001F910F91FF90EF90DF90CF90BF90AF9032
:109480009F908F907F906F905F904F903F902F9024
:1094900008951D8A1E8A83CF2D813E814F81588574
:1094A00082E0220F331F441F551F8A95D1F789810F
:1094B0009A81AB81BC8181709927AA27BB278D83B4
:1094C0009E83AF83B88789809A80AB80BC80B69436
:1094D000A79497948794CD84DE84EF84F888898953
:1094E0009A89AB89BC898C159D05AE05BF0508F42A
:1094F0006FC06C017D0191E0C91AD108E108F10843
:109500008D859E85AF85B889C81AD90AEA0AFB0AF3
:10951000C701B601620F731F841F951FCD80DE80C7
:10952000EF80F884CD28CE28CF2841F0C984DA8492
:10953000EB84FC846C0D7D1D8E1D9F1D0F943CBB28
:1095400075016401C20ED31EE41EF51E29813A8105
:109550004B815C812C153D054E055F0510F46901BA
:109560007A012B8D222309F469C0C114D104E104CE
:10957000F10409F466C04D898E89411451046104D7
:10958000710409F43DCFA701960169857A858B8521
:109590009C850F942CBB2D853E854F855889620F85
:1095A000731F841F951F0F9455B50F94BFBFF10112
:1095B000EC5AFF4F20813181428153810F9496B53F
:1095C0000F9469BD462F872F412C512C320118CFA3
:1095D0006D857E858F859889C988DA88EB88FC88B7
:1095E0006C197D098E099F09CD80DE80EF80F8849B
:1095F000CD28CE28CF2841F0C984DA84EB84FC84BE
:109600006C0D7D1D8E1D9F1D0F943CBB820E931E05
:10961000A41EB51E49805A806B807C8084149504FA
:10962000A604B70410F424013501C980DA80EB8068
:10963000FC80C418D508E608F70893CF40E080E026
:10964000C3CF4D898E89C0CFCF93C62F0F9421836E
:1096500081110FC0C093BB0084E88093BC0088E2F6
:109660000F94F121811105C084E98093BC00CF9152
:1096700008958FEF8093160E8093150EF8CFCF9339
:109680000F942183811121C084EA8093BC0080E182
:109690000F94F121811119C08BEE8093BB00C4E8B7
:1096A000C093BC0080E40F94F12181110EC0C093DF
:1096B000BC0088E50F94F121811107C08091BB00A7
:1096C00094E99093BC00CF9108958FEF8093160E8C
:1096D0008093150E80E0F7CF0F931F93CF93DF9306
:1096E0008C01F801D491DF3F99F03196C4916C2F31
:1096F0008D2F0E94244B8D2F0E943F4B0E5F1F4FDA
:10970000C81779F380E0DF91CF911F910F910895F1
:1097100081E0F9CFCF93DF938091160E813321F052
:1097200080E0DF91CF9108958091150E8139C1F7C6
:1097300082E00E943F4BC82F87E10E943F4B8093FD
:10974000130E84E10E943F4B8093140E8091160EFD
:109750008F3F31F3C7FF36C083E00E943F4BD82FC5
:1097600084E00E943F4BC82F82E10E943F4B9091C2
:10977000160E9F3FA9F290E09C0144E0220F331F98
:109780004A95E1F722273F702D2B982F88278827AD
:109790009F708C2B33FD305193FD90514091EE031F
:1097A0005091EF03240F351F3093EF032093EE0306
:1097B0002091E80E3091E90E820F931F9093E90EED
:1097C0008093E80E81E0ADCF84B1817F84B984B10C
:1097D000876084B985B1817F85B9289A80E58CBD81
:1097E0001DBC08958A3020F0803120F4895A0895F4
:1097F000805D089580E008950F931F93CF93DF93CA
:10980000082FEB0190E024E0959587952A95E1F7E4
:1098100011E0009721F00E94F24B899312E0802F13
:109820008F700E94F24B8883812FDF91CF911F911F
:109830000F910895803330F08A3330F09FE9980F0C
:10984000963020F080E0089580530895875508955C
:10985000CF93DF93EC01688180E00E94FE3D698137
:109860000E94FE3D6A81CB810E94FE3D6C2FDF91FC
:10987000CF910C94FE3DCF93DF93EC010E94284CD6
:109880006D810E94FE3D6E81CF810E94FE3D6C2F56
:10989000DF91CF910C94FE3DCF93DF93EC01688371
:1098A00049831B821A820E94284C8C83DF91CF91BE
:1098B00008959FB7F894E5E0F1E080818F7D808383
:1098C0009FBF8FE891E00197F1F700C000009FB7BC
:1098D000F8948081806280839FBF0895149A0895D0
:1098E000CF92DF92EF92FF92CF93DF9369017A01DB
:1098F000CAEED6E09B01AC016C857D858E859F8587
:109900000F94F1BB6C877D878E879F87C701B60157
:10991000DF91CF91FF90EF90DF90CF900D947C6717
:109920000F947C670D946D5381E090911018911104
:1099300001C080E00895893220E8920709F497C0B9
:1099400008F048C0863060E8960709F49AC030F500
:10995000833040E8940709F480C0A8F4813020E8FF
:10996000920709F417C1823040E8940709F473C0E4
:109970009C0186FF8EC02227327C2115324C09F0D3
:109980009EC08EE10895843060E8960709F467C0B0
:10999000853020E8920761F784E208958A3040E834
:1099A000940709F45EC058F4883020E8920709F45F
:1099B0006EC0893040E89407D9F685E008958C3070
:1099C00060E8960709F451C08D3020E8920781F6CF
:1099D00081E208958F3240E8940709F456C0E0F41C
:1099E0008C3220E8920709F44EC058F48A3260E8BD
:1099F0009607C9F18B3220E8920709F0B9CF86E2C9
:109A000008958D3240E89407D1F18E3260E89607D0
:109A100009F0AECF82E20895873820E8920749F135
:109A200058F4873460E8960729F08B3420E89207D1
:109A300009F09ECF84E00895873041E89407D9F07B
:109A40008B3061E89607C9F08B3820E8920709F05F
:109A50008FCF89E0089581E0089582E0089583E042
:109A6000089586E0089587E008958AE208958BE2DC
:109A7000089588E008958AE008958BE0089583E2D0
:109A8000089585E2089587E2089588E2089589E2BD
:109A9000089587FF07C02227327C2115324CA1F59B
:109AA0008FE108952227317090FF52C0AC01442706
:109AB000527C4115524C09F04BC080E208959C0144
:109AC00022273278232B09F067C09C0122273478A3
:109AD000232B09F063C09C0122273878232B09F03F
:109AE0005FC09C0122273079232B09F05BC09C01C9
:109AF0002227307A232B09F057C08827907C892BA6
:109B000009F468C08FE008959C0122273278232B46
:109B100009F04CC09C0122273478232B09F048C05F
:109B20009C0122273878232B09F044C09C0122276E
:109B30003079232B09F040C09C012227307A232B57
:109B4000E9F58827907C892B09F444C080E10895C9
:109B5000232B09F43FC09C0122273278232B81F567
:109B60009C0122273478232B69F59C012227387821
:109B7000232B51F59C0122273079232B39F59C01A9
:109B80002227307A232B21F58827907C892B11F10D
:109B900081E1089580E0089582E1089585E10895C6
:109BA00088E108958BE108958CE0089583E108959C
:109BB00086E1089589E108958CE108958DE0089586
:109BC00084E1089587E108958AE108958DE108957B
:109BD0008EE008958CE208950E949B4CE82FF0E0FF
:109BE000EE0FFF1FEF51F64D25913491233381E0A5
:109BF000380708F041C02D3281E0380778F52E375C
:109C0000310509F483C0F0F42C36310509F485C020
:109C100030F42536310508F079C08FEF08952437E8
:109C2000310509F473C02D37310519F0233731059B
:109C3000A1F78091060E813009F46DC0873069F775
:109C400088E00895233D310509F46EC050F4293CA5
:109C5000310509F469C02A3C3105F9F68091060EF8
:109C600067C02D3D310509F45FC02E3D3105B1F3CC
:109C7000243D310591F6F2CF253F81E0380709F404
:109C80005CC0F8F4263481E0380758F4213481E0D0
:109C9000380720F7275331402530310508F0BDCF74
:109CA000DDCF215931402230310508F0B6CF809107
:109CB000060E833009F43FC0893009F0AECF87E04B
:109CC0000895293F81E0380749F270F4273F81E089
:109CD000380721F260F78091060E833061F18830F9
:109CE00009F09BCF86E008952B3F81E03807A9F06B
:109CF00068F02C3F314009F090CF8091060E8530FE
:109D000089F0863009F089CF85E008958091060EAC
:109D1000813009F082CF81E008958091060E823073
:109D2000D1F37BCF84E008958091060E823061F0FC
:109D3000833009F072CF83E008958091060E82305F
:109D400029F0843009F069CF82E0089580E0089519
:109D5000682F70E090E080E00F9455B520E030E08F
:109D600048E052E40F9496B520E030E040E85FE32D
:109D70000F94F1BB089582E00F94CE316093F20608
:109D80007093F3068093F4069093F50682EF96E0C5
:109D90000D94E6544F925F926F927F928F929F92B2
:109DA000AF92BF92CF92DF92EF92FF920F931F93E9
:109DB000CF93DF930AEE16E0CBEDD3E02881398113
:109DC0004A815B81F80160817181828193810F9466
:109DD000F0BB4B015C012C813D814E815F81F8011C
:109DE00064817581868197810F94F0BB6B017C0142
:109DF000CBECD3E0288139814A815B81C501B40174
:109E00000F9496B52B013C012C813D814E815F81E1
:109E1000C701B6010F9496B59B01AC01C301B20115
:109E20000F94F1BBF801608371838283938328854B
:109E300039854A855B85C501B4010F9496B54B0100
:109E40005C012C853D854E855F85C701B6010F9469
:109E500096B59B01AC01C501B4010F94F1BBF801AB
:109E60006483758386839783DF91CF911F910F91D0
:109E7000FF90EF90DF90CF90BF90AF909F908F902A
:109E80007F906F905F904F9008954F925F926F9286
:109E90007F928F929F92AF92BF92CF92DF92EF927A
:109EA000FF920F931F93CF93DF9300D000D01F92A8
:109EB0001F92CDB7DEB7DC01CD90DD90ED90FC9028
:109EC0001397C092B003D092B103E092B203F09224
:109ED000B30314960D911D912D913C911797098311
:109EE0001A832B833C830093B8031093B903209308
:109EF000BA033093BB03DB010D911D912D913C9171
:109F000013970D831E832F8338870093B403109318
:109F1000B5032093B6033093B70314964D905D902C
:109F20006D907C9017974092BC035092BD03609255
:109F3000BE037092BF03FA016081718182819381B7
:109F40006093DB037093DC038093DD039093DE0367
:109F500084809580A680B7808092DF039092E00392
:109F6000A092E103B092E20320E030E0A9010F9457
:109F7000E6BC8111AAC020E030E0A901C501B4010E
:109F80000F94E6BC8111A1C01092E30320E030E001
:109F900040E85FE3C701B6010F94E6BC811121C020
:109FA00020E030E0A9016D817E818F8198850F943A
:109FB000E6BC811116C020E030E0A90169817A81F8
:109FC0008B819C810F94E6BC81110BC020E030E0B6
:109FD00040E85FE3C301B2010F94E6BC882309F4B3
:109FE00078C08091E30382608093E303A301920130
:109FF000C701B6010F9496B54B015C012D813E81DE
:10A000004F81588569817A818B819C810F9496B5A7
:10A010009B01AC01C501B4010F94F0BB4B015C0185
:10A02000AC019B01C301B2010F94F0BC6093CB0360
:10A030007093CC038093CD039093CE036D817E818A
:10A040008F8198859058A50194010F94F0BC60937E
:10A05000CF037093D0038093D1039093D20369818F
:10A060007A818B819C819058A50194010F94F0BC5A
:10A070006093D3037093D4038093D5039093D60356
:10A08000A5019401C701B6010F94F0BC6093D703FA
:10A090007093D8038093D9039093DA0328960FB670
:10A0A000F894DEBF0FBECDBFDF91CF911F910F910E
:10A0B000FF90EF90DF90CF90BF90AF909F908F90E8
:10A0C0007F906F905F904F90089581E08093E303BD
:10A0D0005DCF80E090E0A0E8BFE38093CB03909356
:10A0E000CC03A093CD03B093CE031092CF03109274
:10A0F000D0031092D1031092D2031092D303109286
:10A10000D4031092D5031092D6038093D703909373
:10A11000D803A093D903B093DA03C0CF4F925F92D4
:10A120006F927F928F929F92AF92BF92CF92DF9267
:10A13000EF92FF921F93CF93DF93CDB7DEB7A8972F
:10A140000FB6F894DEBF0FBECDBF48E050E06DED16
:10A150007FE0CE0101960F94B9BA48E050E065ED7A
:10A160007FE0CE0109960F94B9BA48E050E065EE61
:10A170007FE0CE0141960F94B9BA89899A89AB895B
:10A18000BC8989A39AA3ABA3BCA38F3F9F4FAF4FBA
:10A19000BF4F09F4B1C08D899E89AF89B88D8DA359
:10A1A0009EA3AFA3B8A78F3F9F4FAF4FBF4F09F4F8
:10A1B000A3C089809A80AB80BC808FEF88169806F8
:10A1C000A806B80609F498C08D819E81AF81B88534
:10A1D000898F9A8FAB8FBC8F8F3F9F4FAF4FBF4FF1
:10A1E00009F48AC0C984DA84EB84FC848FEFC81632
:10A1F000D806E806F80609F47FC08D859E85AF85F0
:10A20000B8898D8F9E8FAF8FB8A38F3F9F4FAF4F71
:10A21000BF4F09F471C0298D3A8D4B8D5C8DC501FE
:10A22000B4010F948DBE2B013C0126E636E646E6CE
:10A230005FE30F94E6BC11E087FD0BC02DEC3CEC16
:10A240004CE85FE3C301B2010F947ABE18160CF01C
:10A2500010E02D8D3E8D4F8D58A1C701B6010F9492
:10A260008DBE2B013C0126E636E646E65FE30F9401
:10A27000E6BC87FD7FC02DEC3CEC4CE85FE3C301FE
:10A28000B2010F947ABE18160CF474C02DA13EA131
:10A290004FA158A569A17AA18BA19CA10F948DBE55
:10A2A00020E030E040E751E40F947ABE18160CF439
:10A2B00011E0A5019401C701B6010F9496B56B0199
:10A2C0007C012D8D3E8D4F8D58A1698D7A8D8B8DA2
:10A2D0009C8D0F9496B59B01AC01C701B6010F94FC
:10A2E000F1BB9F772DEC3CEC4CEC5DE30F947ABE18
:10A2F000181614F01123F1F00E94C73F80E090E09F
:10A30000A0E8BFE389839A83AB83BC831D821E824E
:10A310001F82188619861A861B861C868D879E8743
:10A32000AF87B88B198A1A8A1B8A1C8A1D8A1E8AD3
:10A330001F8A188EAE014F5E5F4FBE01675F7F4F71
:10A34000CE0101960E94454FA8960FB6F894DEBF45
:10A350000FBECDBFDF91CF911F91FF90EF90DF90A7
:10A36000CF90BF90AF909F908F907F906F905F90B5
:10A370004F90089511E08ACFCF93DF93CDB7DEB72A
:10A3800068970FB6F894DEBF0FBECDBF80E090E0B7
:10A39000A0E8BFE389839A83AB83BC831D821E82BE
:10A3A0001F82188619861A861B861C868D879E87B3
:10A3B000AF87B88B198A1A8A1B8A1C8A1D8A1E8A43
:10A3C0001F8A188EAE014F5E5F4FBE01675F7F4FE1
:10A3D000CE0101960E94454F68960FB6F894DEBFF5
:10A3E0000FBECDBFDF91CF9108958091E303882305
:10A3F000D1F00E94BC510F946D5380E00F94CE3188
:10A400006093EA067093EB068093EC069093ED065A
:10A4100081E00F94CE316093EE067093EF06809347
:10A42000F0069093F10608958091700590916F0564
:10A4300089130BC090916E05992339F02091C806BD
:10A440003091C9068217130639F081E090913104EA
:10A45000911103C080E0089581E008950F931F9348
:10A46000CF93DF938C01EB018CEB91E49F938F935F
:10A470008DE199E29F938F93DF936F930F94E0B9EF
:10A48000C80FD11D47E050E0B801CE010F94B9BA12
:10A490001F820F900F900F900F900F900F90DF91F1
:10A4A000CF911F910F910895209170058091C8065A
:10A4B0009091C9062817190611F080E208958EE3DD
:10A4C000089582E080936D02809170058F5F809384
:10A4D000700584E080936D0510926F0510926E05F3
:10A4E000089580916D05843038F58091700590E075
:10A4F0002091C8063091C9062817390744F0019702
:10A500009093C9068093C80687E00F94A73C80917A
:10A51000C8062091FC0330E02D5F3F4F82171306E1
:10A5200059F054F09DEF980F9093FC038450809362
:10A530006F058FEF80936D050895E0E0F4E080E211
:10A54000DF011D928A95E9F70895CF933FB7F894FC
:10A55000E0917304F0917404E817F907C9F0C42F6F
:10A5600090937404809373047093C9066093C80633
:10A570001092FC0382E080936D023FBF222319F00A
:10A5800080E00F94A73CCC2321F0CF910C949D52F6
:10A590003FBFCF910895DC01262F90915204973050
:10A5A000D8F4492F50E0FA01EE0FFF1FE40FF51F1A
:10A5B000E856FC4F409173045091740451834083DA
:10A5C0008091C8069F5F90935204828341E070E0BF
:10A5D00060E0CD010C94A5520895982F809152040B
:10A5E0009817A8F4891B8093520490E0FC01EE0FA9
:10A5F000FF1FE80FF91FE856FC4F6281062E000C82
:10A60000770B20E041E0808191810C94A55280E09D
:10A61000EACF81E00C94ED522091FC043091FD04CE
:10A620008091FA049091FB048217930771F0F9016D
:10A63000E658FB4F80812F5F3F4F2F7733273093B2
:10A64000FD042093FC0490E008958FEF9FEF0895A0
:10A650001F920F920FB60F9211240BB60F922F93E9
:10A660003F934F936F937F938F939F93EF93FF93BA
:10A670008091C80084FF12C08091CE00FF91EF91BD
:10A680009F918F917F916F914F913F912F910F905B
:10A690000BBE0F900FBE0F901F9018954091CE00EB
:10A6A00080919405813051F72091FA043091FB0498
:10A6B000C90101968F7799276091FC047091FD0480
:10A6C00086179707D9F226583B4FF901408390939C
:10A6D000FB048093FA04D2CF1F920F920FB60F9211
:10A6E00011240BB60F922F933F934F936F937F9349
:10A6F0008F939F93EF93FF938091C00084FF12C0CC
:10A700008091C600FF91EF919F918F917F916F9102
:10A710004F913F912F910F900BBE0F900FBE0F9056
:10A720001F9018954091C600809194058111EACF41
:10A730002091FA043091FB04C90101968F77992783
:10A740006091FC047091FD0486179707D9F2265892
:10A750003B4FF90140839093FB048093FA04D2CFDE
:10A7600080E1EAEEF6E0A3E7B2E001900D928A956F
:10A77000E1F78091390290913A02909375038093AA
:10A78000740380910E0E90910F0E90930F0680939C
:10A790000E068091CA068093100680913F0483FBC9
:10A7A000882780F98093C3058091410480930D062A
:10A7B00081E08093FA060895CF93DF9389E797E1CC
:10A7C0000E94B36D87EB95E1892B51F0C9E8D6E182
:10A7D000A397CE010E94B36D85E1C73BD807C1F7AF
:10A7E00084E995E10E94B36D8FE695E1DF91CF9109
:10A7F0000C94B36DCF93DF93CAEED6E020E030E047
:10A8000048EC51E46C857D858E859F850F94F1BB66
:10A810006C877D878E879F8763E373E383E590E48E
:10A82000DF91CF910D947C6760E085EA9FE00F9403
:10A83000EDBA60E08FE79CE00F94EDBA80E090E025
:10A84000A0E8BFEB8093830290938402A0938502DB
:10A85000B093860282E080936A021092010E0895FE
:10A8600080910E0690910F0620910E0E30910F0EE2
:10A870002817390771F090930F0E80930E0E81E028
:10A8800080933D040F9484210F94418A82E0809349
:10A890003D0408958091010E882341F08091390292
:10A8A00090913A0290937503809374030895809178
:10A8B000030690910406009729F12091000E2111C2
:10A8C00021C02091FF0D21111DC0FC01E85AFF4F4E
:10A8D00020E1A3E8B2E001900D922A95E1F7FC0196
:10A8E000E659FF4F208131813093BE052093BD058D
:10A8F00088599F4FFC01808191819093C905809375
:10A90000C805089580E090E0A0E8BFEB8093830243
:10A9100090938402A0938502B09386026091B9025D
:10A920007091BA028091BB029091BC020F9469BDF4
:10A930007093BE056093BD051092C9051092C805BD
:10A940000895CF92DF92EF92FF928091E9148823CD
:10A95000D9F18091850390918603A0918703B091EE
:10A9600088038093BF059093C005A093C105B09361
:10A97000C2050F942454C090BF05D090C005E0904C
:10A98000C105F090C205C81AD90AE108F108C092C1
:10A99000BF05D092C005E092C105F092C2050E94A9
:10A9A000DD3EC81AD90AE108F108C092BF05D0926D
:10A9B000C005E092C105F092C20510926A02FF90B4
:10A9C000EF90DF90CF900895809169058823B1F1D1
:10A9D00080917D0390917E03A0917F03B0918003CD
:10A9E0008093BF059093C005A093C105B093C205A5
:10A9F0000F9424544091BF055091C0056091C1054A
:10AA00007091C205481B5109610971098091FC10C0
:10AA10009091FD10092E000CAA0BBB0B481B590B83
:10AA20006A0B7B0B4093BF055093C0056093C10533
:10AA30007093C20581E080936A02C1CF82E0FBCFB0
:10AA4000CF92DF92EF92FF92C090AF0ED090B00EF7
:10AA5000E090B10EF090B20E8091AE0E882309F412
:10AA60004EC020E030E0A901C701B6010F947ABEC4
:10AA700018160CF044C02BED3FE049E450E4C70148
:10AA8000B6010F9496B5A70196010F9496B520E0F4
:10AA900030E040E85EE30F9496B59B01AC0160E0C6
:10AAA00070E080E89FE30F94F0BC6B017C01609143
:10AAB000BD027091BE0264367105A1F0072E000C34
:10AAC000880B990B0F9457B52AE037ED43E25CE30E
:10AAD0000F9496B59B01AC01C701B6010F9496B5D2
:10AAE0006B017C01C0929302D0929402E092950295
:10AAF000F0929602FF90EF90DF90CF900895C12CD6
:10AB0000D12C80E8E82E8FE3F82ED1CF8F929F9240
:10AB1000AF92BF92CF92DF92EF92FF9281EF9FE0D0
:10AB20000F9493826B017C018DEE9FE00F949382D2
:10AB30004B015C010F94AF302CE330E040E050E07B
:10AB40000F943CBBBA01A901480D591D6A1D7B1D1C
:10AB50008DEE9FE00F94FFBA6091E4037091E503DE
:10AB60008091E6039091E70328EE33E040E050E067
:10AB70000F943CBBBA01A9014C0D5D1D6E1D7F1DDC
:10AB800081EF9FE00F94FFBA0F946C311092E403B1
:10AB90001092E5031092E6031092E70380911314DC
:10ABA000813081F4609117147091181490E080E066
:10ABB0000F947B82109218141092171410921A148A
:10ABC00010921914FF90EF90DF90CF90BF90AF904C
:10ABD0009F908F900895809141041F928F93809150
:10ABE0006E031F928F93E0E2F4E0428153812CE3E5
:10ABF000249FC001259F900D11249F938F93408126
:10AC00005181249FC001259F900D11249F938F9304
:10AC100081E893E19F938F930F948BB98DB79EB783
:10AC20000A960FB6F8949EBF0FBE8DBF0895CF93BE
:10AC3000C82F8FEF9FE00F94C9BA813021F0809127
:10AC4000E406813029F481E08C27CF910C941345E0
:10AC5000CF91089589E893E00D94152420E030E029
:10AC600040E752E40F94F0BC08951092B80240916E
:10AC7000690350916A0360916B0370916C03409378
:10AC8000B9025093BA026093BB027093BC029093D6
:10AC90003A028093390289E893E00D9415241F93BA
:10ACA000CF93DF93182F8091B9029091BA02A091AF
:10ACB000BB02B091BC028093690390936A03A09396
:10ACC0006B03B0936C03C0913902D0913A0284E6D1
:10ACD00090E090933A028093390289E893E00F94D0
:10ACE00015241093B802CE01DF91CF911F910895E2
:10ACF00040E050E0BA018DEE9FE00F94FFBA40E0D3
:10AD000050E0BA0181EF9FE00F94FFBA0E94F64035
:10AD100070E060E085E09FE00F940BBB70E060E0C6
:10AD200083E09FE00F940BBB70E060E081E09FE068
:10AD30000F940BBB70E060E08FEF9EE00F940BBBB5
:10AD400070E060E083ED9EE00F940BBB70E060E08C
:10AD500080ED9EE00F940BBB40E050E0BA0188EA22
:10AD60009CE00D94FFBAF89488E198E00FB6F8944F
:10AD7000A895809360000FBE90936000FFCF0E9463
:10AD8000F23D803229F081E10E94EB3D0E94B356F2
:10AD900084E10C94EB3DCF93C82F0E94F23DC1504B
:10ADA000E1F7CF910C94BF56C82F9FB7F894E2E01B
:10ADB000F1E08081846080839FBF6C2F83E09DE001
:10ADC0000F94EDBA8C2F0E9405EA0E94B3561F9291
:10ADD0000F920FB60F92112483E00E94D4561F9257
:10ADE0000F920FB60F92112482E00E94D45685EA8A
:10ADF0009FE00F94C9BA91E0811101C090E0892FC2
:10AE0000089580913E04811106C081E09091F40381
:10AE1000923009F080E008958091E91481110AC010
:10AE200080916905811106C081E09091F403913011
:10AE300009F080E00895CF93DF93C091FF0DC11119
:10AE40001FC08091000E81111CC00E94015781110A
:10AE500018C0D0910C0ED43061F480910E0E9091F8
:10AE60000F0E892B91F48091CA069091CB06892B05
:10AE700061F40E940C57C82F811103C0C1E0D111A9
:10AE8000C0E08C2FDF91CF910895C1E0FACF0E94EE
:10AE90001B57882389F020E030E040E050E46091C7
:10AEA000F2067091F3068091F4069091F5060F94E6
:10AEB000E6BC881F8827881F08950E940C578111BF
:10AEC00018C00E940157811114C08091010E811198
:10AED00010C080910C0E81110BC08091141481114F
:10AEE00007C08091FF0D811104C08091000E08956C
:10AEF00081E00895FC012081211101C06695FC01CB
:10AF000062830895FC01618321E0603208F020E053
:10AF10009081291781F08281992351F090E09595D5
:10AF20008795828370E07595679561832083089586
:10AF3000880F8283FBCF211104C070E0759567955F
:10AF40006183089580E1EAEEF6E0ACECB6E00190B2
:10AF50000D928A95E1F708954F925F926F927F92DA
:10AF60008F929F92AF92BF92CF92DF92EF92FF9219
:10AF7000CF9380E00F94C0316093FB067093FC0682
:10AF80008093FD069093FE0681E00F94C03160939C
:10AF9000FF0670930007809301079093020782E0F9
:10AFA0000F94C031609303077093040780930507E3
:10AFB0009093060783E00F94C03160930707709366
:10AFC00008078093090790930A0780E00F94CE3119
:10AFD0006093EA067093EB068093EC069093ED067F
:10AFE00081E00F94CE316093EE067093EF0680936C
:10AFF000F0069093F10682E00F94CE316093F20652
:10B000007093F3068093F4069093F50683E00F9413
:10B01000CE316093F6067093F7068093F80690930E
:10B02000F90680911B14882331F12091EE063091AE
:10B03000EF064091F0065091F1066091EA0670919A
:10B04000EB068091EC069091ED060F94D9A89B0138
:10B05000AC016091F2067091F3068091F406909134
:10B06000F5060F94F0BB6093F2067093F30680939D
:10B07000F4069093F506C091E303CC2309F49AC03B
:10B08000C0FF34C02091DB033091DC034091DD032D
:10B090005091DE036091EA067091EB068091EC0618
:10B0A0009091ED060F94F0BB6093EA067093EB0667
:10B0B0008093EC069093ED062091DF033091E0033E
:10B0C0004091E1035091E2036091EE067091EF062A
:10B0D0008091F0069091F1060F94F0BB6093EE061C
:10B0E0007093EF068093F0069093F106C1FF62C063
:10B0F0008090EA069090EB06A090EC06B090ED06EA
:10B10000C090EE06D090EF06E090F006F090F106C9
:10B110002091D3033091D4034091D5035091D603AD
:10B12000C501B4010F9496B52B013C012091D703C2
:10B130003091D8034091D9035091DA03C701B60189
:10B140000F9496B59B01AC01C301B2010F94F1BB02
:10B150002B013C012091CB033091CC034091CD03D6
:10B160005091CE03C501B4010F9496B54B015C011B
:10B170002091CF033091D0034091D1035091D2035D
:10B18000C701B6010F9496B59B01AC01C501B4018E
:10B190000F94F1BB6093EA067093EB068093EC0684
:10B1A0009093ED064092EE065092EF066092F00604
:10B1B0007092F1060E94A25780E1EAEEF6E0AEE25C
:10B1C000B5E001900D928A95E1F7CF91FF90EF9055
:10B1D000DF90CF90BF90AF909F908F907F906F90B7
:10B1E0005F904F9008954F925F926F927F928F92EF
:10B1F0009F92AF92BF92CF92DF92EF92FF920F9306
:10B200001F93CF93DF9300D000D01F921F92CDB732
:10B21000DEB72091010E222309F473C1209140046E
:10B22000223009F46EC120914004213011F41092B3
:10B2300040042B013C0110924104109110066091D2
:10B24000490570914A0580914B0590914C050F94EA
:10B2500069BD611731F0812F90E09093CB06809308
:10B26000CA060E94305480910D068093410490914B
:10B270003F048091C3058195892788708927809331
:10B280003F04A301920160917F027091800280913E
:10B290008102909182020F94F0BB6D837E838F8335
:10B2A0009887CE0105960F94B3541092380220E08F
:10B2B00030E040E85FEB609173027091740280911E
:10B2C0007502909176020F94E6BC811120C08091A6
:10B2D000EA069091EB06A091EC06B091ED06809302
:10B2E000730290937402A0937502B09376028091DA
:10B2F000EE069091EF06A091F006B091F1068093D2
:10B30000770290937802A0937902B0937A02A30116
:10B31000920160917F0270918002809181029091F0
:10B3200082020F94F0BB69837A838B839C83E090C5
:10B33000F206F090F3060091F4061091F5062091C4
:10B340007702309178024091790250917A026091AF
:10B3500073027091740280917502909176021F922F
:10B360001F921F921F92E2E68E2EE7E29E2EE6E7E4
:10B37000AE2EE2E4BE2EFE0131966F010F940D5504
:10B38000A301920160917F027091800280918102FD
:10B39000909182020F94F0BB69837A838B839C83A4
:10B3A000E0907B02F0907C0200917D0210917E0281
:10B3B00020917702309178024091790250917A027F
:10B3C000609173027091740280917502909176027F
:10B3D0001F921F921F921F920F940D55E0907B02B7
:10B3E000F0907C0200917D0210917E022091770204
:10B3F000309178024091790250917A026091730203
:10B400007091740280917502909176021F921F9242
:10B410001F921F92812C912CF8EEAF2EF2E4BF2EDA
:10B42000AFE7CA2EA2E0DA2E0F940D550F946D539C
:10B4300011E0109338026091BD057091BE0590E057
:10B4400080E00F9455B56093B9027093BA0280936F
:10B45000BB029093BC02809174039091750390930A
:10B460003A028093390280E1E3E7F2E0AAEEB6E027
:10B4700001900D928A95E1F70E94A25780916A028D
:10B480000FB6F894DEBF0FBECDBF811151C06091E1
:10B49000BF057091C0058091C1059091C205609370
:10B4A000FD177093FE178093FF17909300180F9469
:10B4B000D27D8091BF059091C005A091C105B0914A
:10B4C000C2058093850390938603A0938703B0936E
:10B4D00088031093E91460E085EA9FE00F94EDBAC9
:10B4E00060E08FE79CE00F94EDBA8AE59CE60E944D
:10B4F00060EE82E080936A021092010E81E08093F8
:10B50000040E28960FB6F894DEBF0FBECDBFDF91B4
:10B51000CF911F910F91FF90EF90DF90CF90BF9050
:10B52000AF909F908F907F906F905F904F90089515
:10B53000813089F68091BF059091C005A091C10529
:10B54000B091C20580937D0390937E03A0937F0307
:10B55000B09380031092F8101092F7100E947A4076
:10B56000BACF3F924F925F926F927F928F929F924B
:10B57000AF92BF92CF92DF92EF92FF920F931F9301
:10B58000CF93DF933090E303332009F480C08B0125
:10B59000EC0131FE54C088809980AA80BB80FB01F9
:10B5A000C080D180E280F3802091B8033091B9034C
:10B5B0004091BA035091BB03C501B4010F9496B5F5
:10B5C0002B013C012091BC033091BD034091BE038F
:10B5D0005091BF03C701B6010F9496B59B01AC0112
:10B5E000C301B2010F94F1BB2B013C012091B003C8
:10B5F0003091B1034091B2035091B303C501B4013E
:10B600000F9496B54B015C012091B4033091B503C2
:10B610004091B6035091B703C701B6010F9496B598
:10B620009B01AC01C501B4010F94F1BB6883798320
:10B630008A839B83F801408251826282738230FE4A
:10B6400026C02091DB033091DC034091DD03509153
:10B65000DE03688179818A819B810F94F1BB6883C5
:10B6600079838A839B832091DF033091E0034091AB
:10B67000E1035091E203F80160817181828193813D
:10B680000F94F1BBF8016083718382839383DF9110
:10B69000CF911F910F91FF90EF90DF90CF90BF90CF
:10B6A000AF909F908F907F906F905F904F903F9062
:10B6B00008952F923F924F925F926F927F928F9256
:10B6C0009F92AF92BF92CF92DF92EF92FF920F9331
:10B6D0001F93CF93DF9300D000D01F921F92CDB75E
:10B6E000DEB78C011B01FC0180819181A281B381B5
:10B6F00089839A83AB83BC83FB0180819181A28182
:10B70000B3818D839E83AF83B887BE016B5F7F4F0C
:10B71000CE0101960E94B15AC980DA80EB80FC808C
:10B7200020E030E0A901C701B6010F94E6BC87FF15
:10B7300035C019821A821B821C82FF24F3948D80EB
:10B740009E80AF80B88420E030E040E850ECC50136
:10B75000B4010F94E6BC87FF35C080E090E0A0E81C
:10B76000B0EC8D839E83AF83B887CD80DE80EF8081
:10B77000F88489809A80AB80BC807090E30371105C
:10B780004CC0F80180829182A282B382F101C08212
:10B79000D182E282F382FF24F39425C020E030E0DE
:10B7A0004FE753E4C701B6010F947ABEF12C181687
:10B7B00034F680E090E0AFE7B3E489839A83AB830B
:10B7C000BC83BBCF20E030E844E553E4C501B401BD
:10B7D0000F947ABE18162CF480E090E8A4E5B3E448
:10B7E000C0CFF110C2CF8F2D28960FB6F894DEBFD0
:10B7F0000FBECDBFDF91CF911F910F91FF90EF90C2
:10B80000DF90CF90BF90AF909F908F907F906F9080
:10B810005F904F903F902F90089570FE1CC0209134
:10B82000DB033091DC034091DD035091DE03C50161
:10B83000B4010F94F0BB4B015C012091DF03309108
:10B84000E0034091E1035091E203C701B6010F9478
:10B85000F0BB6B017C0171FE9ECF2091CB03309138
:10B86000CC034091CD035091CE03C501B4010F9498
:10B8700096B52B013C012091CF033091D00340912C
:10B88000D1035091D203C701B6010F9496B59B0125
:10B89000AC01C301B2010F94F1BBF8016083718365
:10B8A000828393832091D3033091D4034091D503B5
:10B8B0005091D603C501B4010F9496B54B015C01BC
:10B8C0002091D7033091D8034091D9035091DA03E6
:10B8D000C701B6010F9496B59B01AC01C501B40137
:10B8E0000F94F1BBF101608371838283938353CF03
:10B8F000CF93DF930E942A56CAEED6E080E090E014
:10B90000A0EAB0E488879987AA87BB8765E575E5D3
:10B9100085E591E40E94904C8DEC9CECACE4BEE398
:10B9200088839983AA83BB8383E393E3A3E7B0EC83
:10B930008C839D83AE83BF836EEE76E0CE010E9442
:10B94000595B60E070E086E193E40E94904C8AE9E4
:10B9500099E9A9E1BEE388879987AA87BB8765E54E
:10B9600075E585E591E4DF91CF910C94904CCF92F1
:10B97000DF92EF92FF92CF93DF93EC01BC016C5FFB
:10B980007F4F0E94595BC0902902D0902A02E0901C
:10B990002B02F0902C02A7019601688579858A8593
:10B9A0009B850F94E6BC87FF04C0C886D986EA86CB
:10B9B000FB86C0901D02D0901E02E0901F02F09006
:10B9C0002002A7019601688579858A859B850F9459
:10B9D0007ABE181624F4C886D986EA86FB86DF91DB
:10B9E000CF91FF90EF90DF90CF9008952F923F92EC
:10B9F0004F925F926F927F928F929F92AF92BF927F
:10BA0000CF92DF92EF92FF920F931F93CF93DF932A
:10BA1000CDB7DEB7A2970FB6F894DEBF0FBECDBF8D
:10BA20001C018CEC96E00E94B75C89E893E00F94CF
:10BA300015244090EA065090EB066090EC0670905A
:10BA4000ED06C090CC06D090CD06E090CE06F090EA
:10BA5000CF06A7019601C301B2010F94E6BC811184
:10BA60003FC02091D0063091D1064091D20650912E
:10BA7000D3066091EE067091EF068091F0069091EA
:10BA8000F1060F94E6BC81112BC020E030E040E7C6
:10BA900052E46091B9027091BA028091BB02909118
:10BAA000BC020F94F0BC0F9449670E94C93EA29655
:10BAB0000FB6F894DEBF0FBECDBFDF91CF911F91BF
:10BAC0000F91FF90EF90DF90CF90BF90AF909F903D
:10BAD0008F907F906F905F904F903F902F90089540
:10BAE0006091390270913A02072E000C880B990B75
:10BAF0000F9457B52091B9023091BA024091BB0220
:10BB00005091BC020F9496B52EE333EC4EE259E30C
:10BB10000F9496B56F83788789879A8780911B14D5
:10BB2000882309F40FC1A3019201C701B6010F9444
:10BB3000F0BB2B013C012091EE063091EF064091C5
:10BB4000F0065091F1066091D0067091D106809177
:10BB5000D2069091D3060F94F0BB6B877C878D87BC
:10BB60009E87C301B2019F772B853C854D855E85FD
:10BB70005F770F94F1BB6B017C0120E030E0A901FD
:10BB80000F947ABE18160CF0DDC020E030E040EFD4
:10BB900051E4C701B6010F94F0BC0F94CFBC0F94D1
:10BBA00069BD7E836D836230710508F4CBC02114BA
:10BBB000310409F4C7C02091F2063091F306409198
:10BBC000F4065091F5066091D4067091D5068091E7
:10BBD000D6069091D7060F94F0BB6F87788B898B30
:10BBE0009A8B2091F6063091F7064091F806509115
:10BBF000F9066091D8067091D9068091DA06909185
:10BC0000DB060F94F0BB6B8B7C8B8D8B9E8BAD8199
:10BC1000BE81CD01B0E0A0E08F8F98A3A9A3BAA305
:10BC20002D813E812216330608F08CC0B10190E0D0
:10BC300080E00F9455B56B017C016F8D78A189A1CF
:10BC40009AA10F9455B59B01AC01C701B6010F94A1
:10BC5000F0BC6B017C01AC019B016B897C898D89F7
:10BC60009E890F9496B59B01AC016091F606709188
:10BC7000F7068091F8069091F9060F94F1BB69835D
:10BC80007A838B839C83A70196016F857889898944
:10BC90009A890F9496B52091F2063091F30640915F
:10BCA000F4065091F5060F94F1BB6F8B788F898F56
:10BCB0009A8FA70196016B857C858D859E850F9453
:10BCC00096B52091EE063091EF064091F006509126
:10BCD000F1060F94F1BB6B8F7C8F8D8F9E8FA70128
:10BCE0009601C301B2010F9496B52091EA063091F6
:10BCF000EB064091EC065091ED060F94F1BB3F929C
:10BD00002F92AAEEB6E0BF93AF938F809884A98458
:10BD1000BA84DE0111966D01EF88F88C098D1A8DB9
:10BD20002B8D3C8D4D8D5E8D0F940D550F900F908A
:10BD30000F900F908091040E8111B7CEBFEF2B1A98
:10BD40003B0A6ECFE090D406F090D5060091D6065F
:10BD50001091D7062091D0063091D1064091D2069D
:10BD60005091D3066091CC067091CD068091CE069D
:10BD70009091CF061F921F92EAEEF6E0FF93EF93A9
:10BD80008F809884A984BA84E8EDCE2EE6E0DE2E7A
:10BD90000F940D550F900F900F900F9086CECF926D
:10BDA000DF92EF92FF92CF939B01AC01C090F2061D
:10BDB000D090F306E090F406F090F506C701B601C6
:10BDC0000F94F1BB6093F2067093F3068093F40630
:10BDD0009093F50683B19091E906911102C084FF1A
:10BDE00026C08AEE96E00E94B75CE0917102F09165
:10BDF000720260857185828593850F947C670F94AC
:10BE00006D53A70196016091F2067091F30680913F
:10BE1000F4069091F5060F94F0BB6B017C01C7010D
:10BE2000B601CF91FF90EF90DF90CF9008951598D5
:10BE30000F946D5381E00F94823CC82F84E00F94DF
:10BE4000D61F65E575E585E591E40F947C670F9451
:10BE50006D5382E00F94CE31A70196010F94F0BB91
:10BE60006B017C010F94903C882391F080911D021E
:10BE700090911E02A0911F02B09120028093F206C1
:10BE80009093F306A093F406B093F5060F94226303
:10BE90000F94A71F8C2F0F94823CC1CF8F929F923B
:10BEA000AF92BF92CF92DF92EF92FF924B015C0173
:10BEB000C090F206D090F306E090F406F090F506FC
:10BEC000AC019B01C701B6010F947ABE87FF11C078
:10BED000A5019401C701B6010F94F0BB9F77FF90B5
:10BEE000EF90DF90CF90BF90AF909F908F900C9489
:10BEF000CF5EFF90EF90DF90CF90BF90AF909F907C
:10BF00008F900895E1E6F3E09FE780818F3721F07D
:10BF100087FF08C08F778083319683E0E936F80782
:10BF2000A1F708959083F8CF90916D02981710F4BF
:10BF300080936D0280916E02882339F0E091750440
:10BF4000F0917604309709F019940895CF93DF9318
:10BF5000CDB7DEB7AE014A5F5F4FFA0161917191D3
:10BF6000AF0183E694E00F9410BADF91CF9108956A
:10BF700063E674E00D9461B963E674E0082E000C8A
:10BF8000990B0D9431B9CF93C82FC15020F080E2A6
:10BF90000E94BC5FFACFCF9108950F931F93CF9368
:10BFA000DF93EB01142F052F0E94BC5FCE010E948E
:10BFB000B85F8AE30E94BC5FCE010F9487B89EE011
:10BFC000981B892F0E94C35F0F931F9384E299E20D
:10BFD0009F938F930E94A65F0F900F900F900F90EA
:10BFE000DF91CF911F910F910895CF93C82F862F86
:10BFF000643008F083E0809360030E94D33E8C0F8E
:10C0000080935F0344E650E060E08068CF910C9439
:10C0100080487F928F929F92AF92BF92CF92DF9291
:10C02000EF92FF920F931F93CF93DF93E0917005F0
:10C0300050916F05E51373C0FB01483009F06CC0E7
:10C04000C081D0E04901742E6B015C0180916D02CA
:10C05000882359F060916D0580E00E94F55F0E9491
:10C060005452AE01B5010E94CD5F80916E058823C8
:10C0700009F455C0909170052091C8063091C90609
:10C080009217130609F04BC0809152048730D8F400
:10C09000282F30E0F901EE0FFF1FE20FF31FE856E3
:10C0A000FC4F2091730430917404318320838F5F9F
:10C0B00080935204928320E040E070E060E081E8E9
:10C0C00099E60E94A552B0920104A0920004D09279
:10C0D0000404C092030470920204D0930604C09337
:10C0E0000504909208048092070410930A040093B8
:10C0F0000904F0920C04E0920B04DF91CF911F91A0
:10C100000F91FF90EF90DF90CF90BF90AF909F90F6
:10C110008F907F900C946152C081D18193CF809198
:10C1200070058F5F80937005DF91CF911F910F9104
:10C13000FF90EF90DF90CF90BF90AF909F908F9047
:10C140007F900895CF93DF93EA010E94F55F63E645
:10C1500074E0CE01DF91CF910D9461B9CF93C42FDC
:10C160000E94F55F63E674E08C2FCC0F990BCF91A2
:10C170000D9431B941E08091E913811101C040E093
:10C18000405D62E083E00E94AE6041E08091101863
:10C19000811101C040E0405D62E088E00E94AE6035
:10C1A00062E08AE00E94F55F0F944B1B62E080E141
:10C1B0000E94F55F20E030E040E05FE36091080E10
:10C1C0007091090E80910A0E90910B0E0F94F1BBA5
:10C1D0000F9462BD7F936F9380E599E29F938F9355
:10C1E0000E94A65F0F900F900F900F90089560E04F
:10C1F00080E00E94F55F10925F03089540E456E0EE
:10C2000060E081E00E9480481092600310925F031A
:10C2100048E050E06FE770E081E693E00D94FBC0EA
:10C220002F923F924F925F926F927F928F929F9246
:10C23000AF92BF92CF92DF92EF92FF920F931F9334
:10C24000CF93DF93CDB7DEB7C650D1400FB6F89489
:10C25000DEBF0FBECDBF8091FC1F9091FD1FA0914E
:10C26000FE1FB091FF1F8A3A9545AA4AB54521F4B1
:10C270008091FB1F87FDC2C1A895D0909405809145
:10C28000C00087FF04C0A8958091C600F8CF109227
:10C2900094050091FC041091FD041093FB0400939D
:10C2A000FA0456EAE52E5AE2F52E6CEAA62E6AE268
:10C2B000B62EF70184910E94EB3DFFEFEF1AFF0AC3
:10C2C000AE14BF04B1F7A8958FE090E025EA3AE2FA
:10C2D00040E854E86EE170E0E091FA04F091FB046C
:10C2E000E017F10719F5A895415051096109710945
:10C2F00099F7D092940580E0CA5FDE4F0FB6F894AC
:10C30000DEBF0FBECDBFDF91CF911F910F91FF9088
:10C31000EF90DF90CF90BF90AF909F908F907F90E5
:10C320006F905F904F903F902F900895F801E658DE
:10C33000FB4F40810F5F1F4F0F771127F901E81B5B
:10C34000F90BE4914E13D5CFA895019709F0C0CF12
:10C350008091C1008F778093C10008E81AE2F8014C
:10C3600084910E94EB3D0F5F1F4FFAE205391F07D2
:10C37000B1F70E94E44B0E9460EA0FB6F894A895CA
:10C3800080916000886180936000109260000FBE11
:10C390000E94FE6042E65AE261E080E00E94A260F4
:10C3A0001092FC1F1092FD1F1092FE1F1092FF1F93
:10C3B000CB5FDE4F1882C550D14010E000E0F12C79
:10C3C000AE014F5F5F4F3A010E94F23D8134A9F404
:10C3D0000E94F23DE82E0E94BF5652E882E0E51628
:10C3E00021F081E8E81207C086E00E94EB3D80E181
:10C3F0000E94EB3DE9CF83E0F8CF823421F484E161
:10C400000E94CB56F4CF853411F485E0F9CF853501
:10C41000C9F40E94F23D082F0E94F23D082B10E063
:10C420000E94F23D182B0E94F23D182B17FF07C007
:10C430006894F0F8000F111F0E94BF56D8CFE894FF
:10C44000F0F8F8CF8635A1F40E94F23D8D3471F4F6
:10C450000E94F23D0E94F23D9F2D9170F92E880FAF
:10C46000F82A81E00E94CB5680E0BFCF83E0FACF6C
:10C47000843609F077C00E94F23DB82E0E94F23D4A
:10C48000C82E0E94F23DE82E0E94F23DD12CDC2CF9
:10C49000CC24DB288E29C82A0E94F23D582EFE01AA
:10C4A00031965F0146018E0E9F1EEE2ECA5FDE4F53
:10C4B000B882C650D1400E94F23DF50181935F01E0
:10C4C0008E169F06C1F70E94BF56F5E45F1201C0A9
:10C4D000FFCF1801512C4F2C0115110561F54201B8
:10C4E000AA24BB24CB5FDE4F2881C550D140822FC8
:10C4F00090E0082C02C0959587950A94E2F780FD9C
:10C500001AC00E94EDE80E9489E9B201A80188EDF5
:10C510000E940BE981E090E001C0880F8A94EAF75D
:10C52000CB5FDE4F4881C550D140482BCB5FDE4FFB
:10C530004883C550D1400E94EDE80E9489E99601E8
:10C540004E2DCA5FDE4F5881C650D140C201B101A5
:10C550000E9410E90E94EDE8459884E00E94E7E817
:10C56000459A45CF843781F5B12CAF2C0E94F23D1E
:10C57000D82E0E94F23DC82E0E94F23DE82E0E9465
:10C58000F23D2C2D30E0322F2227F901FD296F01D9
:10C590008E29C82A0E94F23D0E94BF560E94EDE8F3
:10C5A0009601A301C501B8010E9430E95301C501FC
:10C5B000861997098C159D0508F019CFF501819111
:10C5C0005F010E94EB3DF3CF853751F40E94BF56C7
:10C5D0008EE10E94EB3D88E90E94EB3D81E005CFB2
:10C5E000813509F029CFF8E128E00FB6F894A89535
:10C5F000F09360000FBE209360001ECF81E07CCEE0
:10C600004F925F926F927F928F929F92AF92BF9262
:10C61000EF92FF920F931F93CF93DF930E94FE60E0
:10C620004DE45BE461E080E00E94A260D091B8023A
:10C6300081E08093B802EFE8FCE1C49184E00F94BC
:10C64000D61F8AEEE82E86E0F82EF70110861186B6
:10C65000128613860F9422630E94A257E9E8FCE138
:10C6600085909590A590B4900CEC16E08C2F9927AE
:10C6700081950CF49095BC01072E000C880B990B4A
:10C680000F9457B52B013C012DEC3CEC4CE85FE3DB
:10C69000C501B4010F9496B59B01AC01C301B20171
:10C6A0000F9496B5F80120853185428553850F9406
:10C6B000F1BBF801608771878287938780E090E003
:10C6C000A8E4B4E48093B9029093BA02A093BB02A9
:10C6D000B093BC0265E575E585E591E40F94496783
:10C6E0000F946D530F94A71F1092B802F701108694
:10C6F0001186128613860F9422630E94A257F6EFCA
:10C70000CF02B0011124072E000C880B990B0F9457
:10C7100057B59B01AC01F8016085718582859385D1
:10C720000F94F1BBF801608771878287938780E05F
:10C7300090E0A8ECB3E48093B9029093BA02A0937E
:10C74000BB02B093BC0265E575E585ED90E40F94FE
:10C7500049670F946D53D093B80280E090E0A4E550
:10C76000B3E4F70180879187A287B3870F94226390
:10C7700081E0DF91CF911F910F91FF90EF90BF90DB
:10C78000AF909F908F907F906F905F904F900895A3
:10C7900090916E02981709F180936E028823E9F058
:10C7A0001092C9061092C8061092330686E394E0F0
:10C7B0000F9415240F948421615071098109910906
:10C7C000609332047093330480933404909335045F
:10C7D0000E94FE6082E00C94945F089581E00C94C6
:10C7E000C863CF93C82F1092600310925F0348E094
:10C7F00050E06FE770E081E693E00F94FBC044E9FE
:10C8000051E162E080E30E94804846E950E062E046
:10C8100080E30E94804846E950E062E080E30E94A5
:10C82000804846E950E062E080E20E9480488091C2
:10C83000710444E650E060E080620E94804884E039
:10C8400080935E0344E650E060E08CE00E94804804
:10C85000C1110E94FE6044E650E060E086E0CF91A6
:10C860000C94804881E00C94F163CF92DF92FF92A8
:10C870000F931F93CF93DF9300D000D01F921F928E
:10C88000CDB7DEB78A30D9F480916003843018F0D8
:10C890008FEF80936003609160036F5F80E00E9480
:10C8A000F55F28960FB6F894DEBF0FBECDBFDF91BF
:10C8B000CF911F910F91FF90DF90CF90089590E856
:10C8C000980F44E650E061E09A3408F5482F40584C
:10C8D000550B9A0196E0929FA001939F500D112451
:10C8E000FA01E65FF54EF490E1E6F3E030E020E097
:10C8F0009FEF6191782F76277F7789F4F901EF59BF
:10C90000FC4F8083F22E44E650E061E08F2D0E94C0
:10C91000804880915F038F5F80935F03C2CF6F3742
:10C9200009F03CC0F901EF59FC4F8083922FF92E9A
:10C93000FA01EB5FF54E8E010F5F1F4FD801959105
:10C9400088E0182E10FE05900294802D9795881F80
:10C950008D931A94B9F7BF2DE8E0BE02C0011124EF
:10C9600044E650E060E080640E9480486E01F9E097
:10C97000CF0ED11C44E650E061E0D8018D918D01CD
:10C980000E948048C016D106A9F780915F0344E653
:10C9900050E060E080680E948048B5CF67FF922F2A
:10C9A0002F5F3F4F2830310509F0A3CF9F3F09F09B
:10C9B000BECFA9CFCF9324E1AC01249FC001259F16
:10C9C000900D11246091AE037091AF030F9492BB50
:10C9D000C62F653108F0C4E18091AD038C1748F48F
:10C9E0008FEF0E9435648091AD038F5F8093AD031C
:10C9F000F3CFCF91089581E090E09093AF038093BF
:10CA0000AE030E94DA646CE271E080E090E00D9485
:10CA100051218F929F92AF92BF92EF92FF920F930C
:10CA20001F93CF93DF93CDB7DEB7A0970FB6F894DF
:10CA3000DEBF0FBECDBF611571058105910599F46B
:10CA400080E3A0960FB6F894DEBF0FBECDBFDF9196
:10CA5000CF911F910F91FF90EF90BF90AF909F905B
:10CA60008F900C94356400E0842E912CB12CA12C75
:10CA70009E012F5F3F4F7901A50194010F943CBBAC
:10CA8000F701E00FF11D6083B901CA010F5F611565
:10CA900071058105910581F70E0D1F2D111DE01601
:10CAA000F10659F0F80182918F018A3020F4805DFF
:10CAB0000E943564F4CF895CFBCFA0960FB6F89442
:10CAC000DEBF0FBECDBFDF91CF911F910F91FF90C1
:10CAD000EF90BF90AF909F908F900895CF92DF928C
:10CAE000EF92FF926B017C01F7FE0BC08DE20E947A
:10CAF0003564F094E094D094C094C11CD11CE11C26
:10CB0000F11C4AE0C701B601FF90EF90DF90CF9093
:10CB10000C9409650F94E27C8F3FF9F080E00E944D
:10CB2000C8630E94FE6043E353E661E080E00E9438
:10CB3000A26080E20E9435640F94E27C682F70E06E
:10CB40006F5F7F4F072E000C880B990B0E946E655C
:10CB50000F9460B481E00C94C86308950F931F9301
:10CB6000CF938C01C62F80E00E94C8630E94FE60B4
:10CB7000A80161E080E00E94A26080E20E9435642A
:10CB80006C2F70E06F5F7F4F072E000C880B990BA6
:10CB9000CF911F910F910C946E650F931F93CF93BC
:10CBA0008C01C62FCC2359F0F8012491222339F0AF
:10CBB0000F5F1F4F84910E943564C150F3CF8C2FBB
:10CBC0000E94C35F8C2FCF911F910F9108950F93F7
:10CBD0001F93CF93DF938C01EB010E94FE601092B4
:10CBE000AD031093AF030093AE0361E080E00E94B9
:10CBF000F55F64E1CE010E94CD6562E080E0DF91E7
:10CC0000CF911F910F910C94F55FEF92FF920F93CC
:10CC10001F93CF93DF937091700530916F0573135D
:10CC20003FC0122FEA01062F7C0180916D028823FC
:10CC3000D1F00E945452482F60916D0580E00E940F
:10CC4000AE6061E1C7010E94CD65402F60916D0526
:10CC500093E1981B892F0E94AE6040E260916D05C0
:10CC600083E10E94AE6080916E058823C9F0209117
:10CC700070058091C8069091C9062817190681F49D
:10CC800010926E02812FFE01199581E080936E0251
:10CC9000DF91CF911F910F91FF90EF900C94615213
:10CCA000809170058F5F80937005DF91CF911F9108
:10CCB0000F91FF90EF9008950F931F93CF93C82F7C
:10CCC0008B010E945452482F60916D0580E00E94B4
:10CCD000AE6062E1C8010E94CD658C2FCF911F919B
:10CCE0000F910C94BC5FCF93DF933091700520912E
:10CCF0006F05321321C0EB01BC0180916D028823C6
:10CD000019F080E20E945C6680916E058823A1F094
:10CD1000209170058091C8069091C90628171906C0
:10CD200059F410926E02FE01199581E080936E0213
:10CD3000DF91CF910C946152809170058F5F809349
:10CD40007005DF91CF9108953091700520916F05A6
:10CD5000321319C0BC0180916D02882319F083E859
:10CD60000E945C6680916E05882369F020917005B1
:10CD70008091C8069091C9062817190621F40E94CF
:10CD800009530C946152809170058F5F80937005F8
:10CD90000895CF93DF933091700520916F05321382
:10CDA0001EC0EB01BC0180916D02882319F08EE753
:10CDB0000E945C6680916E05882389F02091700541
:10CDC0008091C8069091C9062817190641F460E0C1
:10CDD000CE010E94CB52DF91CF910C946152809191
:10CDE00070058F5F80937005DF91CF9108950F9349
:10CDF0001F93CF938C01C62FCC2349F0F80181916A
:10CE00008F01882321F00E943564C150F5CF8C2F0B
:10CE10000E94C35F8C2FCF911F910F9108950F93A4
:10CE20001F93CF93DF93CDB7DEB763970FB6F89418
:10CE3000DEBF0FBECDBF3091700520916F0532135C
:10CE400038C08B0120916D022223A9F0BE016F5FD3
:10CE50007F4F0E942E520E945452482F60916D05C0
:10CE600080E00E94AE6062E1CE0101960E94F7660A
:10CE70008EE70E94BC5F80916E058823D1F02091DF
:10CE800070058091C8069091C9062817190689F483
:10CE900060E0C8010E94CB520E94615263960FB6B7
:10CEA000F894DEBF0FBECDBFDF91CF911F910F91E0
:10CEB0000895809170058F5F80937005EFCFCF93B9
:10CEC000DF93EC018991882319F00E943564FACF31
:10CED000DF91CF9108958F929F92AF92BF92CF92A0
:10CEE000DF92EF92FF920F931F93CF93DF93E09126
:10CEF000700530916F05E31376C0C22F7A016B0184
:10CF00005C0180916D028823B9F10E94545201E0C6
:10CF10008E3309F000E00C2B802F8270882EE60102
:10CF200090E2992EC114D10421F48EE7982ECFE916
:10CF3000DCE3882009F441C0CE010F9487B814E0E7
:10CF4000180F4EE300FF40E260916D0580E00E9403
:10CF5000AE6064E1611BC5010E94CD658BE50E9456
:10CF6000BC5FCE01882089F10E94B85F8DE50E94E8
:10CF7000BC5F892D0E94BC5F80916E05882399F16A
:10CF8000209170058091C8069091C906281719064E
:10CF900051F5CD28E9F460E0C7010E94CB52DF9142
:10CFA000CF911F910F91FF90EF90DF90CF90BF90A6
:10CFB000AF909F908F900C946152FE0101900020E1
:10CFC000E9F7EC1B13E01E0FBCCF0E945F67CECFCA
:10CFD00010926E02E114F10411F0F701199581E04D
:10CFE00080936E02DCCF809170058F5F8093700517
:10CFF000DF91CF911F910F91FF90EF90DF90CF9035
:10D00000BF90AF909F908F900895CF93DF93EC01E6
:10D0100020E030E04CE852E46091F6067091F706AB
:10D020008091F8069091F9060F94F1BB6093F60693
:10D030007093F7068093F8069093F90660E070E02D
:10D0400080EA91E40F947C670E94FA530E94FE608C
:10D050004EE35BE660E080E00E94A2608881882366
:10D0600039F061E080E00E94F55FCE010E945F67C9
:10D070004EE751E162E080E00E94A26083E49BE21F
:10D080000F94661ADF91CF910D946D530E94356411
:10D0900090E080E008951092FF0310923606089504
:10D0A000CF938091FF03C1E0811104C0C0E08C2FB9
:10D0B000CF9108950E944B68FACFFF920F931F9370
:10D0C000CF93DF932091E4133091E51321303105A4
:10D0D00039F420910D14213019F422E02093CA0371
:10D0E0000E949B4CD82F8091CA03813009F457C00D
:10D0F00048F0823009F4E5C0DF91CF911F910F9184
:10D10000FF90089584E08093BF020D2F10E0F80196
:10D11000EC54F64DC491FC2EF2944FE0F422CF7003
:10D1200080E00E94C8630E94FE60000F111FF8019A
:10D13000EF51F64D259134910A541E48F80185911E
:10D1400094913F932F939F938F938DE49AE29F93B3
:10D150008F930E94A65F4EE252E762E080E00E9459
:10D16000A2600F900F900F900F900F900F90F11002
:10D17000BCC010E000E022E145EA57E1EC2FF0E00E
:10D18000EE0FFF1FE75CF54D6591749181E0F110A2
:10D1900001C080E00E9463EF81E08093CA0381E0D8
:10D1A00080931B070E94BA600F945B3F0D2F10E025
:10D1B000F801EC54F64DC491DC2FD295DF708091CC
:10D1C000C203811109C081E0D11101C080E08093C8
:10D1D000C10381E08093C2038091C003882341F0A2
:10D1E00081E0D11101C080E08093C1031092C0039F
:10D1F0002091C8063091C90621153105B9F18091F9
:10D20000C103DD2361F037FF06C0882369F0815038
:10D210008093C10309C0823039F08F5FF9CF37FFA7
:10D220003FC081111092C1038091C1034EE381116F
:10D2300040E263E080E00E94AE608091C103DD23A4
:10D24000A1F14EE3813009F040E263E089E00E9401
:10D25000AE608091C103823051F54EE363E082E11C
:10D260000E94AE601092C9061092C8060E945068D3
:10D27000882309F441CF8091C103D1111AC08130B4
:10D2800079F5F801EE0FFF1FE65AF64D859194915E
:10D290000E94B7F981E08093C0031092CA032CCF9B
:10D2A000813009F4C1CF81E0B3CF8130B1F240E2E7
:10D2B000D5CF823031F3813099F4D093060E80932C
:10D2C000C00381E00E94C8630F9493191092CD05AA
:10D2D0001092D00510921B0782E08093BF02DDCF31
:10D2E000CF70C093060E81E0EACFEF2DF0E0EE0F95
:10D2F000FF1FE75CF54D4591549105EA17E129E0E0
:10D300003DCF80916D02882309F452C020910B0417
:10D3100030910C0480910704909108042115310587
:10D32000D9F04091C8065091C90641155105A1F0A8
:10D330007CF040910504509106044817590741F4C8
:10D3400030930604209305041092C9061092C80673
:10D3500010920C0410920B042091050430910604E5
:10D360004091C8065091C906240F351F1092C90676
:10D370001092C8062817390744F08091090490914B
:10D380000A04281739070CF4C90190930604809306
:10D39000050461E080E00E94F55F40910504509132
:10D3A0000604609100047091010480E20E94CD5F48
:10D3B0000E945068882341F1E0910304F091040435
:10D3C0008091050490910604209102048083283006
:10D3D000C9F4809152048823B9F08150809352049B
:10D3E00090E0FC01EE0FFF1FE80FF91FE856FC4F1D
:10D3F0006281062E000C770B20E040E08081918155
:10D400000C94A5529183E5CF08950E945068811134
:10D410000C94095308958091C8069091C90697FF0E
:10D4200007C01092C9061092C80687E00F94A73C67
:10D430008091C8069091C9062091FC03281719060F
:10D4400019F014F08093FC038091FC0380936F0526
:10D450000E94506880936E050895EF92FF920F939B
:10D460001F931092360480910D04811123C081E036
:10D4700080930D0481E090E02091E4133091E51356
:10D480002730314811F090E080E0BC01660F771F33
:10D49000680F791F6C5A764D43E050E08FE094E0BE
:10D4A0000F9463B880910F040F94E10F80910F14D3
:10D4B00080930E040E940B6A10926D0580916D0599
:10D4C0008430A8F5109270050E941452882379F0D8
:10D4D00060910E0470E080910F040E948DE4109220
:10D4E000050E1F910F91FF90EF900D9493198AE60E
:10D4F00092E10E94A4660091110410E020911004B2
:10D5000030E0F12CE12C48E06EE074E08EE592E131
:10D510000E9409600E94715280916D058F5F809317
:10D520006D0580916F058F5F80936F05C7CF1F9149
:10D530000F91FF90EF9008951F920F920FB60F92E8
:10D5400011240BB60F922F938F939F93EF93FF931A
:10D55000E0915903E830E8F4F0E08827ED54F5490C
:10D560008F4F0D94D9BBBB6AD56AE06AEE6A046B33
:10D570000D6B306B426B8091E50681110AC0809182
:10D580007F06880F80935803882319F081E08093E9
:10D590005903FF91EF919F918F912F910F900BBEA7
:10D5A0000F900FBE0F901F901895809157038F5FBB
:10D5B0008093570390915803981758F382E0E7CF70
:10D5C00083E0809359038FE0809356038FEF86BDED
:10D5D00081E085BD84B58F7E84BDDBCF809156030D
:10D5E0008295807F819588BD80915603882321F0A4
:10D5F000815080935603CDCF84E0809359038FEF01
:10D6000088BD8EEF86BDC5CF85E0809359038FEF2F
:10D6100088BD86BD82E085BDBCCF2FEF28BD80913F
:10D62000E5068111B6CF809157038F5F8093570332
:10D6300090915803891708F4ACCF80917F0690E051
:10D640008F3791050CF0A5CF86E0809359038FE0CA
:10D650008093560326BD81E085BD84B58061BCCF33
:10D66000809156038295807F819588BD8091560375
:10D670008111BECF87E08093590380E886BD8FEF8C
:10D6800088BD87CF1092590380E886BD8FEF88BD93
:10D69000C1CFCF93C82F682F87E69FE00F94EDBAD4
:10D6A000CC2319F0CF910D94978310920318109208
:10D6B0000F18CF9108951092C7060F94842160939C
:10D6C000191870931A1880931B1890931C180895BA
:10D6D0001F920F920FB60F9211242F934F935F93C7
:10D6E0006F937F938F939F93AF93BF938091C70660
:10D6F0008823F1F0809107058B34D0F080916A0087
:10D7000086FF24C080919D0690919E06A0919F0661
:10D71000B091A00680934F0390935003A0935103C0
:10D72000B093520380916A0090E4892780936A0045
:10D73000BF91AF919F918F917F916F915F914F9129
:10D740002F910F900FBE0F901F90189580919D06FE
:10D7500090919E06A0919F06B091A00640914F0324
:10D76000509150036091510370915203841B950BAB
:10D77000A60BB70B2091410444E050E060E070E05C
:10D78000253620F043E050E060E070E08417950714
:10D79000A607B70738F28091460690914706029691
:10D7A0009093470680934606BDCF8093530380FD38
:10D7B0001CC010926E0320916E038FEF820F8E3F7C
:10D7C000E8F08091A000877F8093A0001092AD00C8
:10D7D0001092AC009FB7222361F0F894809102016F
:10D7E0008062809302019FBF08958FEF80936E0344
:10D7F000E2CFF894809102018F7DF3CFEFB7F894D8
:10D800008091A00088608093A00030E08091720039
:10D810004FEF50E081FF04C04091A8005091A90053
:10D82000249FC001259F900D349F900D11246FEF10
:10D8300070E00F9492BB7093AD006093AC00EFBFAB
:10D8400008951F93CF93DF93D0915303D1FD1DC053
:10D8500010917605C1E020E030E048E452E46091A8
:10D86000080E7091090E80910A0E90910B0E0F9484
:10D870007ABE18160CF0C0E0DE7FCD2B81E01111CE
:10D8800001C080E0C82BC093530380915303DF9104
:10D89000CF911F910C94D56BEF92FF920F931F9332
:10D8A000CF93DF93EC018B017A010E94573F8111E6
:10D8B0000BC0A801BE01C701DF91CF911F910F914D
:10D8C000FF90EF900D94DDBADF91CF911F910F91F2
:10D8D000FF90EF9008950F931F93CF93DF938C01E8
:10D8E000D62FC72F0F94D7BA8F3F980739F46D2FD3
:10D8F0007C2FC8010F9427BB8D2F9C2FDF91CF91D8
:10D900001F910F9108950F931F93CF938C01C62FF2
:10D910000F94C9BA8F3F29F46C2FC8010F9411BB23
:10D920008C2FCF911F910F910895CF93DF93EC012E
:10D930000F94D7BABC016F5F7F4FCE01DF91CF91BB
:10D940000D9427BBCF93DF93EC010F94C9BA61E02C
:10D95000680FCE01DF91CF910D9411BB82ED9EE057
:10D960000E94A26C83ED9EE00C94956CCF93DF93A4
:10D97000EC010F94C9BA61E0811160E0CE01DF9142
:10D98000CF910D9411BB2BE0829FC0011124805BCD
:10D99000924F0F94D7BA21E0019609F420E0822F2C
:10D9A0000895CF93DF93C82FD8E0CF5FC8300CF035
:10D9B000C0E08C2F0E94C36C811103C0D150A9F725
:10D9C000CFEF8C2FDF91CF91089581EA9DE00F94E6
:10D9D000C9BA0E94D16C87FD05C0682F81EA9DE01D
:10D9E0000D94EDBA08950F931F93CF93C82F8B0119
:10D9F00069E679E1823070F062E679E1843050F0D6
:10DA00006AE579E1843031F062E579E1853011F041
:10DA10006BE479E1C8010F9480B88CEF8C0F8230F1
:10DA200028F0C170CF5CF801C6831782CF911F9197
:10DA30000F91089561E080EC9FE00F94EDBA60E0F3
:10DA40008FEB9FE00F94EDBA60E08EEB9FE00F94B8
:10DA5000EDBA60E08DEB9FE00F94EDBA60E08CEBE7
:10DA60009FE00D94EDBACF93C82F82958F700E94DE
:10DA700073488C2F8F70CF910C9473488091FC1059
:10DA80009091FD10181619060CF043C00197909361
:10DA9000FD108093FC10892BA1F48091F7109091D8
:10DAA000F810892B21F41092FA101092F91080913D
:10DAB000F9109091FA109093EC128093EB1281E0A0
:10DAC00008958091EB129091EC120396FC01E250C4
:10DAD000FF4E208101962111F9CFFC01E250FF4E4B
:10DAE0008D3E21E0920740F441919C012F5F3F4F12
:10DAF0004111E1CFC901F4CFEEEFF0E18D3E21E01D
:10DB00009207C9F6CF018E5F904121912223D1F374
:10DB1000D2CF80E008958091FA049091FB04209187
:10DB2000FC043091FD04821B930B8F779927089595
:10DB3000FC0120E03EE2DB014D91BD01403249F0A5
:10DB4000283011F430833196DB0111974C914083DA
:10DB500031962F5F2B3079F71082089540E050E026
:10DB6000BA010D940344FC01238121110D94E14578
:10DB7000089590919405911107C09091C00095FF70
:10DB8000FCCF8093C6000895913031F49091C80085
:10DB900095FFFCCF8093CE0008958F929F92AF9215
:10DBA000BF92EF92FF920F931F93CF93DF93CDB766
:10DBB000DEB7A0970FB6F894DEBF0FBECDBF6115DC
:10DBC00071058105910599F480E3A0960FB6F8944C
:10DBD000DEBF0FBECDBFDF91CF911F910F91FF90A0
:10DBE000EF90BF90AF909F908F900C94B96D00E034
:10DBF000842E912CB12CA12C9E012F5F3F4F7901D7
:10DC0000A50194010F943CBBF701E00FF11D608367
:10DC1000B901CA010F5F611571058105910581F791
:10DC20000E0D1F2D111DE016F10659F0F80182911D
:10DC30008F018A3020F4805D0E94B96DF4CF895C39
:10DC4000FBCFA0960FB6F894DEBF0FBECDBFDF911D
:10DC5000CF911F910F91FF90EF90BF90AF909F9049
:10DC60008F900895CF92DF92EF92FF926B017C012B
:10DC7000F7FE0BC08DE20E94B96DF094E094D09451
:10DC8000C094C11CD11CE11CF11C4AE0C701B601C3
:10DC9000FF90EF90DF90CF900C94CD6D8F929F927C
:10DCA000AF92BF92CF92DF92EF92FF92CF936B0130
:10DCB0007C01B42E20E030E0A9010F94E6BC87FF80
:10DCC00007C08DE20E94B96DF7FAF094F7F8F0946E
:10DCD000C0E060E070E080E09FE3CB1541F020E021
:10DCE00030E040E251E40F94F0BCCF5FF6CF9B01EF
:10DCF000AC01C701B6010F94F1BB6B017C010F941D
:10DD000069BD4B015C014AE00E94CD6DCC2391F1CD
:10DD1000C501B4010F9455B59B01AC01C701B60113
:10DD20000F94F0BB6B017C018EE20E94B96DC15073
:10DD300008F120E030E040E251E4C701B6010F9461
:10DD400096B54B015C010F9462BD6B01770FEE0835
:10DD5000FF08C701B6010E94326EC701B6010F94D9
:10DD600057B59B01AC01C501B4010F94F0BB6B0129
:10DD70007C01DDCFCF91FF90EF90DF90CF90BF90EF
:10DD8000AF909F908F9008958AE00C94B96D0E9497
:10DD9000B96D90E080E00895CF93DF93EC01FE0130
:10DDA0008491882321F00E94B96D2196F8CFDF91EC
:10DDB000CF910895CF92DF92EF92FF92C090080E1C
:10DDC000D090090EE0900A0EF0900B0E8CE79EE1C9
:10DDD0000E94CC6E42E0C701B6010E944E6E84E7FD
:10DDE0009EE10E94CC6E6091490570914A05809138
:10DDF0004B0590914C0541E00E944E6EFF90EF90D4
:10DE0000DF90CF900C94C46E4F925F926F927F928E
:10DE10008F929F92AF92BF92CF92DF92EF92FF923A
:10DE20000F931F93CF93DF93CC24CA94DC2C7601FD
:10DE30000EEA1FE093E2892E912CA12CB12C412CEB
:10DE4000512C3201D0E0C0E08FEFC81609F45DC05C
:10DE5000C8010F94D7BAEC01BC01990F880B990B3C
:10DE60000F9457B52091230E3091240E4091250E2A
:10DE70005091260E0F94F0BC2B013C01C701B60156
:10DE80000E94326E80ED9DE10E94CC6EC501B4010E
:10DE90000E94326E80ED9DE10E94CC6EBE010D2E7F
:10DEA000000C880B990B0E94326E80ED9DE10E9460
:10DEB000CC6E20E030E04AE754E4C301B2010F9495
:10DEC00096B50F94DD7C85E0880E911CA11CB11CD9
:10DED0000E5F1F4F8FEFC81AD80AE80AF80A0A3BEC
:10DEE0008FE0180709F0B0CFDF91CF911F910F910C
:10DEF000FF90EF90DF90CF90BF90AF909F908F906A
:10DF00007F906F905F904F9008958FE99CE30E94FF
:10DF1000CC6EB8CF882371F184EC9DE10E94CC6E69
:10DF20006091A21370E090E080E00E94326E8091D8
:10DF3000A2138430D8F01092A2138FEB9DE10E94BF
:10DF4000CC6E8091A21390E00F942B7D8091A21350
:10DF500020910E0630910F0630930F0E20930E0E77
:10DF60000F94FD0E0E94FA530D946D538F5F8093B2
:10DF7000A213E3CF90E080E00E94AEE0E9CFCF9320
:10DF8000DF938CEB9DE10E94CC6ECAEED6E06881F7
:10DF900079818A819B8142E00E944E6E88EB9DE1EF
:10DFA0000E94CC6E6C817D818E819F8142E00E94B7
:10DFB0004E6E84EB9DE10E94CC6E688579858A85E2
:10DFC0009B8542E00E944E6E80EB9DE10E94CC6EEC
:10DFD0006C857D858E859F8542E00E944E6E86E72A
:10DFE00093E10E94CC6E80E00F94C0310F9457B53E
:10DFF000C7E1DEE02C813D814E815F810F94F0BC52
:10E0000042E00E944E6E8CEA9DE10E94CC6E81E05F
:10E010000F94C0310F9457B5288539854A855B85A3
:10E020000F94F0BC42E00E944E6E88EA9DE10E948F
:10E03000CC6E82E00F94C0310F9457B52C853D858E
:10E040004E855F850F94F0BC42E00E944E6E84EADC
:10E050009DE10E94CC6E83E00F94C0310F9457B5C0
:10E06000288939894A895B890F94F0BCDF91CF9167
:10E070000D94DD7C83EB9CE10E94CC6E6091080ED8
:10E080007091090E80910A0E90910B0E41E00E9452
:10E090004E6E80EB9CE10E94CC6E60910E0E7091F2
:10E0A0000F0E072E000C880B990B0F9457B541E00B
:10E0B0000E944E6E8CEA9CE10E94CC6E60914905F4
:10E0C00070914A0580914B0590914C0541E00E946A
:10E0D0004E6E89EA9CE10E94CC6E6091CA067091F6
:10E0E000CB06072E000C880B990B0F9457B541E017
:10E0F0000E944E6E84EA9CE10E94CC6E6091080EF4
:10E100007091090E80910A0E90910B0E41E00E94D1
:10E110004E6E81EA9CE10E94CC6E60910E0E709171
:10E120000F0E072E000C880B990B0F9457B541E08A
:10E130000E944E6E8DE99CE10E94CC6E609171054B
:10E1400070E090E080E00E94326E88E99CE10E94DD
:10E15000CC6E60917F0670E090E080E00E94326EAD
:10E1600084E99CE10E94CC6E6091F0037091F10310
:10E170008091F2039091F30341E00E944E6E80E99A
:10E180009CE10E94CC6E6091B8067091B9068091B6
:10E19000BA069091BB0641E00E944E6E0C94C46E8C
:10E1A0002091E11430E0A8EEB3E00F9469BBAB011D
:10E1B000BC0182EE94E10F946822882399F080914B
:10E1C000E01480FD0E943A708091E01482FD0E946C
:10E1D000BF6F8091E01481FD0E94EB5582EE94E1C7
:10E1E0000D94152408950E94CC6E0C94C46ECF93A8
:10E1F000DF93EC0181E494E70E94CC6E8AE499E21B
:10E200000E94CC6ECE01DF91CF910C94F370CF932E
:10E2100081EA9DE00F94C9BACBE08C9FC001112424
:10E22000805B924F0F94D7BA8156904F803A9F40AF
:10E23000C8F08BE49EE10E94F37081EA9DE00F94A8
:10E24000C9BA8C9FC001112470E060E0805B924FDE
:10E250000F9427BB8EE09EE10E94B7F981E0CF9139
:10E260000C94C863CF9108951092E3061092E206D1
:10E2700080E10E94E8EA882391F00E94077181EA18
:10E280009DE00F94C9BA2BE0829FC0011124805BEE
:10E29000924F0F94D7BA9093E3068093E2060895C5
:10E2A000FF920F931F93CF93DF9390916C05911181
:10E2B0004BC0C82F81E080936C05CC2301F10E94F4
:10E2C0000C578823E1F00E940157811120C063E0C0
:10E2D00080EB9EE00E9420EEF090100600910E066A
:10E2E00010910F06D0910D060F949021F092100618
:10E2F00010930F0600930E06D0930D0608C061E040
:10E3000080E00E9494EE89E194E7CC2311F081E44F
:10E3100094E70E94CC6E8FEE93E10E94F37087EA3F
:10E320009EE00E9460EE9FB7F894809102018460A5
:10E33000809302019FBF0F949319C11105C0809172
:10E340002D04816080932D04DF91CF911F910F9157
:10E35000FF900895EC01F8940F943E27179A1092BD
:10E36000E706169A1092E806149A89E194E70E944B
:10E37000CC6E8FEE9DE10E94F370209779F0CE0174
:10E380000E94F370BE0185E99CE00F9427BB62E414
:10E3900084E99CE00F9411BB0E94B356C7EEDDE107
:10E3A000F1CF8091060186FD33C080E00E941756B0
:10E3B0001092F2061092F3061092F4061092F506EF
:10E3C0000F94226320E030E040EA50E46091F206CE
:10E3D0007091F3068091F4069091F5060F94F1BBCD
:10E3E0006093F2067093F3068093F4069093F5061B
:10E3F000E0917102F091720260857185828593854A
:10E400000F947C670F946D538DE092E10E94AA7186
:10E4100008952F923F924F925F926F927F928F92C8
:10E420009F92AF92BF92CF92DF92EF92FF920F93A3
:10E430001F93CF93DF93CDB7DEB760970FB6F894F5
:10E44000DEBF0FBECDBF282E6E875A874987209129
:10E45000B8022D87772473947092B80242E0841733
:10E4600009F4D4C1082F10E0F801E357F34E3490BB
:10E47000832D032C000C990B9C878B87D801AA0F46
:10E48000BB1FAA0FBB1FBA83A983FD01E253FD4F37
:10E4900080819181A281B3818B839C83AD83BE8374
:10E4A0008093B9029093BA02A093BB02B093BC02CE
:10E4B000BC01CD010E942E566B017C0181E0022C33
:10E4C00001C0880F0A94EAF70F94D61FA981BA8178
:10E4D000A651B94FB887AF83FD0110821182128215
:10E4E00013820F9422630E94A257632D032C000C09
:10E4F000770B880B990B0F9457B54B015C01498141
:10E500005A814453594F588B4F8720E030E040E404
:10E5100050EC0F9496B5AF85B8896D937D938D932C
:10E520009C931397C701B6010F9449670F946D53DD
:10E530000F949E3C1092B802EF81F88510821182F0
:10E54000128213820F942263AF85B8898D929D92B7
:10E55000AD92BC921397C701B6010F9449670F940F
:10E560006D537092B802E981FA81EF57F34E4590EE
:10E570005590659074902DEC3CEC4CE85FE3C50140
:10E58000B4010F9496B5A30192010F9496B5EF854F
:10E59000F8896083718382839383C701B6010F94E6
:10E5A00049670F946D53712C612C4F8058840F94E0
:10E5B0009E3C1092B802D2011D921D921D921C9297
:10E5C00013970F94226320E030E040E251ECC50144
:10E5D000B4010F9496B5EF85F889608371838283C7
:10E5E0009383C701B6010F9449670F946D530F943D
:10E5F0009E3CF1E0F093B80220E030E040E351E4CB
:10E60000C501B4010F9496B5AF85B8896D937D931C
:10E610008D939C9313978B819C81AD81BE81809358
:10E62000B9029093BA02A093BB02B093BC02C70197
:10E63000B6010F9449670F946D53822D0F94731E8A
:10E640009C0144E0369527954A95E1F7A985BA855E
:10E65000109721F0FD01E60DF71D20839F938F9306
:10E660003F932F937F926F92E9E6FCE1FF93EF9344
:10E670000F948BB94FEF641A740A0FB6F894DEBF8B
:10E680000FBECDBF9E85691608F491CF0F949E3CB6
:10E690001092B80280914D05882309F4B2C0F801A8
:10E6A000E25BFA4F6081603408F0ABC0F801E65AD3
:10E6B000FD4FA081AB83F801E05BFA4F808140E021
:10E6C00051E002C0569547958A95E2F7822D0F9446
:10E6D0000293BB81BB2339F0432D41956B2F70E032
:10E6E000822D0F94D3920F94A71F822D0E94743E07
:10E6F000F801E951F94F81E080836B857C85719544
:10E7000061957109072E000C880B990B0F9457B572
:10E710002AE037ED43E25CE30F9496B54B015C01D0
:10E72000F801E85AFD4F608170E090E080E00F94BE
:10E7300057B59B01AC01C501B4010F9496B54B01CF
:10E740005C01E981FA81E651F94FFC83EB83AC016E
:10E750009B0160817181828193810F94F0BBAB81B9
:10E76000BC816D937D938D939C9313970F9422633B
:10E77000EB81FC812081318142815381C501B4014B
:10E780000F94F1BBAB81BC816D937D938D939C9372
:10E790001397E981FA81E453F94F6083718382838F
:10E7A000938320E030E040E05FE3C701B6010F94BF
:10E7B00096B50F9449670F946D531092B902109259
:10E7C000BA021092BB021092BC02FD85F093B8020F
:10E7D00060960FB6F894DEBF0FBECDBFDF91CF912C
:10E7E0001F910F91FF90EF90DF90CF90BF90AF906F
:10E7F0009F908F907F906F905F904F903F902F9061
:10E800000895432D419568E070E06ACF81E00E9451
:10E810001756EFE8FCE1B491B9831092F20610921A
:10E82000F3061092F4061092F5060F942263E9E8BD
:10E83000FCE185909590A590B490E9816E2FEE0F44
:10E84000770B880B990B0F9457B56B017C0120E077
:10E8500030E040EC5FE3C501B4010F9496B5A70129
:10E8600096010F9496B56093D4067093D506809365
:10E87000D6069093D70680E090E0A8E4B4E48093B5
:10E88000B9029093BA02A093BB02B093BC02BC0140
:10E89000CD010E942E564B015C010F9449670F94E5
:10E8A0006D530E94D1711092F2061092F3061092ED
:10E8B000F4061092F5060F942263E5E6FCE16591FB
:10E8C0007591859194919058A70196010F9496B5F2
:10E8D0006093D4067093D5068093D6069093D7069E
:10E8E000C501B4010F9449670F946D53E5E6FCE14F
:10E8F00065917591859194919B01AC010F94F1BB49
:10E90000A70196010F9496B56093D4067093D5062F
:10E910008093D6069093D70680E090E0A8ECB3E40D
:10E920008093B9029093BA02A093BB02B093BC0249
:10E93000BC01CD010E942E560F9449670F946D5370
:10E940000E94D17182E00E94743E8091F206909103
:10E95000F306A091F406B091F5068093D406909347
:10E96000D506A093D606B093D7061092B90210929E
:10E97000BA021092BB021092BC020F949E3C70929D
:10E98000E90680E00E94175620CF2F923F924F92C7
:10E990005F926F927F928F929F92AF92BF92CF922F
:10E9A000DF92EF92FF920F931F93CF93DF9300D0EC
:10E9B00000D0CDB7DEB784E00F94D61F8091B802A7
:10E9C0008C831092B80280E00F94823C8B830E946B
:10E9D0002A568EEA9AE60E9413F141EA57E163E073
:10E9E00080E00E94A26081E08093B80280E090E025
:10E9F000A0EAB0E48093F2069093F306A093F406A5
:10EA0000B093F50665E575E585E591E40E94904CC7
:10EA10000E94D1711092B80280E090E0A0E8BFE3BC
:10EA20008093EA069093EB06A093EC06B093ED0674
:10EA30008093EE069093EF06A093F006B093F10654
:10EA40006EEE76E08AEE96E00E94595B60E070E040
:10EA500088E492E40E94904C0E94A25750E040E06B
:10EA600061E082E00E94097243E060E070E080E2D1
:10EA700091EC0F94B693811104C08DE092E10E9455
:10EA8000AA718091F2069091F306A091F406B091DC
:10EA9000F50680931C1490931D14A0931E14B0933C
:10EAA0001F14E2E0F0E0FA83E983C12CD12C30EAB4
:10EAB000E32E30E4F32E43E0B42E52E0952E05E42D
:10EAC00019E267E0A62E0E942A56C092F206D09262
:10EAD000F306E092F406F092F50665E575E585E546
:10EAE00091E40E94904C29812150822F6B2D0F942C
:10EAF00078BB892E822F0F9484BB782E80FF03C0B1
:10EB0000F92DF8198F2E882D880F880D0E94A84E98
:10EB10006093EA067093EB068093EC069093ED0603
:10EB2000872D880F870D0E94A84E6093EE06709384
:10EB3000EF068093F0069093F1066EEE76E08AEE93
:10EB400096E00E94595B60E070E088E492E40E94E5
:10EB5000904C63E080E00E94F55F8A818F939981F9
:10EB60009F931F930F930E94A65F43E060E070E0C5
:10EB700080E291EC0F94B693582E0F900F900F9067
:10EB80000F90882309F479CFA79CF0011124E80D98
:10EB9000F11DEE0FFF1FEE0FFF1FE55EFB4E809194
:10EBA000F2069091F306A091F406B091F5068183E8
:10EBB0009283A383B483E981FA813196FA83E9834E
:10EBC0003A9709F080CF60901C1470901D148090CB
:10EBD0001E1490901F14462CA72CB82C292C1E8292
:10EBE0001D820BE114E18D819E81845E9B4E9A8390
:10EBF000898393E0392EE981FA81C190D190E19027
:10EC0000F190FA83E9839301A401C701B6010F943F
:10EC10007ABE181614F036014701242D3A2D4B2DDB
:10EC2000522DC701B6010F94E6BC87FD04C04C2CE1
:10EC3000AD2CBE2C2F2C3A943110DDCF8D819E81CE
:10EC40004C969E838D838435910559F69301A401DA
:10EC5000642D7A2D8B2D922D0F94F0BB20E030E0A7
:10EC600040E450E40F947ABE18163CF588E299E22D
:10EC70000E94F370512CFC81F093B8028B810F94A9
:10EC8000823C0F94A71F852D26960FB6F894DEBF01
:10EC90000FBECDBFDF91CF911F910F91FF90EF90ED
:10ECA000DF90CF90BF90AF909F908F907F906F90AC
:10ECB0005F904F903F902F900895198285ECE82E39
:10ECC0008FE0F82E68011D829D81911103C0E981BA
:10ECD000EE2329F120911C1430911D1440911E1433
:10ECE00050911F14F60161817281838194810F9488
:10ECF000F0BB20E030E048EC52E40F9496B520E001
:10ED000030E040E05FE30F94F1BB0F9498BD0F94A7
:10ED100062BDC7010F940BBBF2E0EF0EF11C84E063
:10ED2000C80ED11C9D819F5F9D83933069F6045E60
:10ED30001F4FE981EF5FE983E33021F60F94AC9335
:10ED40000E94785C98CF2F923F924F925F926F9281
:10ED50007F928F929F92AF92BF92CF92DF92EF926B
:10ED6000FF920F931F93CF93DF9300D01F921F92B8
:10ED7000CDB7DEB7D82E2A013B01322EE982FA82C6
:10ED80000B831C830F946D5381E08093FF0DFC2C4B
:10ED9000E32CD31010C0ED2CDC100DC060E070E04F
:10EDA00080EA90E40E944E5FFF24F394EE24E39403
:10EDB0002224239401C02D2C0E94F55180911B1414
:10EDC0008D8310921B1482E00F94CE316093F20673
:10EDD0007093F3068093F4069093F506F1100E9469
:10EDE000AC3F81E00E944F568C010E94A2571092C6
:10EDF000B9021092BA021092BB021092BC022220F9
:10EE000009F47AC19B8D91116DC150E040E061E041
:10EE100080E00E940972EE2031F050E040E061E0B5
:10EE200081E00E940972DD20E9F04114510461047F
:10EE30007104C1F0C301B2010F9457B59B01AC013D
:10EE400060916F0E7091700E8091710E9091720EA4
:10EE50000F94F1BB6093EA067093EB068093EC0687
:10EE60009093ED06332001F189819A81AB81BC81B9
:10EE70000097A105B105C1F0BC01CD010F9457B5B4
:10EE80009B01AC016091730E7091740E8091750EB0
:10EE90009091760E0F94F1BB6093EE067093EF069F
:10EEA0008093F0069093F106FF2009F4A2C060E081
:10EEB00070E080EA90E40E944E5F8091E706811145
:10EEC00005C050E040E061E00E9409728091E806D0
:10EED000811106C050E040E061E081E00E940972CB
:10EEE0000E948E50E2E7FEE685919591A591B4913E
:10EEF000EEE6FEE645915591659174914093CC06FE
:10EF00005093CD066093CE067093CF068093D006C3
:10EF10009093D106A093D206B093D30660ED76E02D
:10EF20008CEC96E00E94B15A0E94BC5120E030E087
:10EF300040E850EC6091D0067091D1068091D206E5
:10EF40009091D3060F94E6BC87FF0CC080E090E060
:10EF5000A0E8B0EC8093D0069093D106A093D2069F
:10EF6000B093D30680E090E0A6E1B3E48093B902C9
:10EF70009093BA02A093BB02B093BC021092B80265
:10EF80000F9422636091B9027091BA028091BB0222
:10EF90009091BC020F9449670F946D538091CC06F9
:10EFA0009091CD06A091CE06B091CF068093EA064F
:10EFB0009093EB06A093EC06B093ED068091D006FB
:10EFC0009091D106A091D206B091D3068093EE061F
:10EFD0009093EF06A093F006B093F10681E0809342
:10EFE000B8020F949E3C50E040E061E082E00E9455
:10EFF0000972CC20E9F081149104A104B104C1F09C
:10F00000C501B4010F9457B59B01AC016091770E17
:10F010007091780E8091790E90917A0E0F94F1BBD9
:10F020006093F2067093F3068093F4069093F506CE
:10F030000F942263C8010E9435560F949E3C0E9493
:10F040008E500E94CA4ED11007C0311005C08C8D61
:10F05000811102C0CC2039F1F11025C09D81992386
:10F0600011F181E080931B140F94CE316B017C0170
:10F0700080E00F94CE31A70196010F94D9A89B018F
:10F08000AC016091F2067091F3068091F4069091C4
:10F09000F5060F94F0BB6093F2067093F30680932D
:10F0A000F4069093F50684E10F9471490F946D5323
:10F0B0001092FF0D0F900F900F900F900F90DF9117
:10F0C000CF911F910F91FF90EF90DF90CF90BF9065
:10F0D000AF909F908F907F906F905F904F903F90F8
:10F0E0002F90089580E00F94991CEE2009F49BCE98
:10F0F00081E00F94991C97CEEE2009F494CEAB8D4D
:10F10000AA2309F48ACEF4CF8F929F92AF92BF9236
:10F11000CF92EF92FF920F931F93262F91E09F9330
:10F120001F92812C912C5401C42EE12CF12C8701CB
:10F1300040E050E0BA010E94A3760F900F901F911B
:10F140000F91FF90EF90CF90BF90AF909F908F90D6
:10F1500008952F923F924F925F926F927F928F927B
:10F160009F92AF92BF92CF92DF92EF92FF920F9356
:10F170001F93CF93DF93CDB7DEB7A4970FB6F89464
:10F18000DEBF0FBECDBF0F946D538091040E811171
:10F1900017C081E08093000E8091E706882349F034
:10F1A0008091E806882329F02091E9062F83211118
:10F1B00020C081E08093FB1084E49DE20F94337DB6
:10F1C000A4960FB6F894DEBF0FBECDBFDF91CF91EE
:10F1D0001F910F91FF90EF90DF90CF90BF90AF9075
:10F1E0009F908F907F906F905F904F903F902F9067
:10F1F00008958BEA9DE00F94C9BA182F8EE40E94FF
:10F20000A840082F0E9455408E83002329F08730A4
:10F2100009F4C9C0833029F0133009F0C3C063E09A
:10F220006E8380E090E0A0E8BFE38A839B83AC8399
:10F23000BD838AEA9DE00F94C9BA888F83E40E9457
:10F24000A840182F0E945540112329F0882319F057
:10F250008B3008F4888F88E50E94A840882309F441
:10F26000ABC00E943B4520E030E048E052E40F9400
:10F27000F0BB20E030E048EB51E40F94F0BB6A872C
:10F280007B878C879D8789E50E94A840882309F4A5
:10F290009CC00E943B4520E030E048E052E40F94DF
:10F2A000F0BB20E030E040EA50E40F94F0BB6C8B00
:10F2B0007D8B8E8B9F8B87E50E94A840882309F465
:10F2C00089C00E943B452A853B854C855D850F940E
:10F2D000F1BB20E030E048E852E40F94F1BB698FC5
:10F2E0007A8F8B8F9C8F88E40E94A840882309F432
:10F2F0007AC00E943B452C893D894E895F890F94D5
:10F30000F1BB20E030E048E852E40F94F1BB6D8F90
:10F310007E8F8F8F98A30F94AC9380912902909148
:10F320002A02A0912B02B0912C0280931C1490937E
:10F330001D14A0931E14B0931F140E94AC3F05EC43
:10F340001FE0C8010F94D7BA019609F051C00E5FB3
:10F350001F4F053D8FE01807A1F7212CABE1B4E169
:10F36000BAA3A9A3B987A887512C412C312C042D0D
:10F37000842D63E00F9484BB988B6884798410E0BB
:10F38000F889F11137C0812F63E00F9478BB911198
:10F3900031C021103DC17E81733009F470C08F816E
:10F3A0008E8737C01E836AE979E989E19FE36A8322
:10F3B0007B838C839D833DCF80E090E0A0E8BFEF0E
:10F3C0008A879B87AC87BD875ECF60E070E080E86E
:10F3D0009FEF6DCF80E090E0A0E8BFE7898F9A8F24
:10F3E000AB8FBC8F80CF60E070E080E89FE78FCF6D
:10F3F0002F80B4CF60E070E080EC9FE7D3011196DE
:10F400006D937D938D939C931497BE81B330C1F11E
:10F410001E86812F0E94A84E4B015C01802F0E9406
:10F42000A84E6B017C01A50194016A857B858C85C2
:10F430009D850F947ABE18160CF41AC1298D3A8D49
:10F440004B8D5C8DC501B4010F947ABE18160CF477
:10F450000FC1A70196016C897D898E899F890F94C0
:10F460007ABE18160CF404C12D8D3E8D4F8D58A117
:10F47000C701B6010F947ABE18160CF4F9C0339484
:10F480001F5F24E0620E711C173009F079CF6FEF17
:10F49000461A560A888599854C969987888797E0F9
:10F4A0004916510409F063CF0F941EAAA0911C07BE
:10F4B000AF83B0915104B88781E080931C078AE044
:10F4C000830D8093510481E00E94945F80E090E07E
:10F4D000A0EAB0E48093F2069093F306A093F406BA
:10F4E000B093F50665E575E585E591E40F947C67D5
:10F4F00080E00E944F569CA38BA3312C832D67E0A4
:10F500000F9478BBF82E092F682F70E07F876E87E5
:10F5100080FF03C076E0791B072F802F63E00F94F4
:10F5200078BB911105C08F2D0F9478BB11E091111C
:10F5300010E0802F0E94A84E688B798B8A8B9B8B62
:10F540008F2D0E94A84E4B015C018E81833009F003
:10F5500097C01111C6C027E0AE85BF852A9FF00174
:10F560002B9FF00D1124E00FF11DEE0FFF1FEE0F8A
:10F57000FF1FE55EFB4E60E070E080EC9FE761837B
:10F580007283838394833394E1E33E12B7CF80E0A8
:10F5900090E0A0EAB0E48093F2069093F306A09383
:10F5A000F406B093F50665E575E585E591E40F94FD
:10F5B0007C670F946D53B1E33B1609F42DC2809123
:10F5C0006D0391E0980F90936D03882309F4CFC1E8
:10F5D00060E080E00E9494EE8BE59EE00E94B7F927
:10F5E00080E00E9430F981E08093BF028AE59CE6CA
:10F5F0000E9460EE2F8120931C0768856093510460
:10F6000082E00E94945F0F946D531092000ED8CD4B
:10F61000011103C0112309F4BECE812F63E00F94C2
:10F6200084BB840D952D911D880F991F8D53904F8C
:10F630000F94D7BABC01990F880B990B0F9457B54B
:10F640002AE037ED43E25CE30F9496B59B01AC01F1
:10F6500060911C1470911D1480911E1490911F14C0
:10F660000F94F1BBF301618372838383948393CE00
:10F67000FE85FF2309F404CF222009F400CF00CF38
:10F68000288939894A895B896A857B858C859D852E
:10F690000F947ABE181604F1288939894A895B8942
:10F6A000698D7A8D8B8D9C8D0F94E6BC87FD14C07F
:10F6B000A50194016C897D898E899F890F947ABEFA
:10F6C000181654F0A50194016D8D7E8D8F8D98A133
:10F6D0000F94E6BC87FF05C0112309F454CF211015
:10F6E00052CF10E0A7E08E859F85A89FF001A99FCB
:10F6F000F00D1124E00FF11FEE0FFF1FEE0FFF1FA3
:10F70000E55EFB4E4180528063807480C12CD12C19
:10F71000E0EAEE2EE0E4FE2E222051F023E333E374
:10F7200043EB5EE3C301B2010F94F1BB6B017C01BB
:10F73000A70196016091F2067091F3068091F4069C
:10F740009091F5060F94E6BC87FF10C0C092F206B8
:10F75000D092F306E092F406F092F50665E575E5C1
:10F7600085E591E40F947C670F946D5368897989DE
:10F770008A899B896093EA067093EB068093EC0676
:10F780009093ED068092EE069092EF06A092F0061E
:10F79000B092F1066EEE76E08AEE96E00E94595B3A
:10F7A00060E070E086E193E40F947C670F946D5302
:10F7B0008091040E882339F07F8170931C0788851F
:10F7C00080935104FDCC812C912C70E2A72E71EC1A
:10F7D000B72E222051F02A813B814C815D81C301EB
:10F7E000B2010F94F0BB4B015C01488DC501B4011F
:10F7F0000F94B693811109C08DE092E19F938F938E
:10F800000F948BB90F900F90C2CE2091F2063091D9
:10F81000F3064091F4065091F506C701B6010F9426
:10F82000F0BB20E030E0A9010F94E6BC87FF36C0B2
:10F8300060E070E080EA90E46093F2067093F30673
:10F840008093F4069093F50665E575E585E591E40A
:10F850000F947C670F946D53488DC501B4010F94CC
:10F86000B693882349F22091F2063091F306409135
:10F87000F4065091F50660E070E080EA90E40F94A1
:10F88000F0BB2DEC3CEC4CEC5DE30F94E6BC87FF49
:10F8900005C080E29DE10F94B2B979CEC090F20626
:10F8A000D090F306E090F406F090F5062220A1F047
:10F8B000A7019601C301B2010F94F0BB9B01AC01FB
:10F8C0005F776A817B818C819D810F94E6BC87FF85
:10F8D00003C087EE9CE1DFCF8FEA9FE00F94C9BAA7
:10F8E000882309F440C086EA9FE00F94C9BA8823B0
:10F8F000D1F16091F0037091F1038091F203909146
:10F90000F3030E9414412091230E3091240E409164
:10F91000250E5091260E0F94F0BC9B01AC01E7E040
:10F92000AE85BF85EA9FC001EB9F900D1124080FA3
:10F93000191F000F111F000F111F055E1B4EC7017D
:10F94000B6010F94F0BBD80111966D937D938D9302
:10F950009C9314978091510481508093510481E0CD
:10F960000E94945F10CE20E030E0A901D8CF85E05E
:10F970000F94A73CC12CD12C90EAE92E90E4F92EEB
:10F9800089E29EE00E9413F18EE190E00E94B4EFC4
:10F990000E94006380E00F94823C182F60E070E0CA
:10F9A00080E89FEB0E94CF5E81E00F94823C84E070
:10F9B0000F94D61FC092F206D092F306E092F4069E
:10F9C000F092F50665E575E585E591E40F947C67B1
:10F9D0000F946D530F94A71F812F0F94823C82E0E8
:10F9E0000F94CE3120E030E040EA50E40F947ABE2C
:10F9F000181634F2EF81E0931C07F885F093510458
:10FA000081E00E94C86341E061E081E00E94847867
:10FA100081E08093FB10D4CB10926D038BA19CA14D
:10FA20000E9435560E9434716091E2067091E3069F
:10FA3000072E000C880B990B0F9457B59058209106
:10FA4000230E3091240E4091250E5091260E0F94D6
:10FA5000F0BC0E94723F80EC9FE00F94C9BA91E025
:10FA6000813009F090E099834FEB5FE06CE4CE01C8
:10FA700001960E94BD40F82E4EEB5FE062E5CE019C
:10FA800001960E94BD40082F4DEB5FE066E4CE0179
:10FA900001960E94BD40182F4CEB5FE062E4CE015E
:10FAA00001960E94BD40212F110F330B082E000C30
:10FAB000990B5C01A21AB30A8F2DFF0C990B280F2A
:10FAC000391F46E0429F6001439FD00C1124F12C66
:10FAD000E12C002E000C110B081B190BB701645E02
:10FAE0007B4E3B01460177E07A83D3012D903D9018
:10FAF0004D905D903D01FD013497FB87EA87B4018D
:10FB0000092C000C880B990B0F9457B52FE333EC9D
:10FB10004EE259E30F9496B5A20191010F94F1BB07
:10FB2000AA85BB856D937D938D939C931397BA8122
:10FB3000B150BA83800E911EB111D7CFCA0CDB1C15
:10FB4000ECE1EE0EF11CF4ECEF16F10439F60F9433
:10FB50001EAA8DE40E94A840882309F484C00E9454
:10FB600055402E81273009F094C0882309F491C0B4
:10FB7000BB24B394AA24AA94AB0C09A11AA1612CAA
:10FB80008EEF882E8B0C6A2D862D0E94083E9924BC
:10FB90009394960C81116EC06B2D862D0E94083EA9
:10FBA000C12CD12C7601712C882381F020E030E02B
:10FBB000A901D8015D966D917D918D919C91909751
:10FBC0000F94F1BB6B017C0177247394682D862D13
:10FBD0000E94083E882369F0F8017B9720813181DB
:10FBE00042815381C701B6010F94F1BB6B017C01C7
:10FBF00073946A2D892D0E94083E882361F0F801D4
:10FC00002581368147815085C701B6010F94F1BB2C
:10FC10006B017C0173946A2D8FEF860D0E94083E64
:10FC2000882331F1F801339720813181428153815A
:10FC3000C701B6010F94F1BB6B017C017394672D72
:10FC400070E090E080E00F9457B59B01AC01C701D4
:10FC5000B6010F94F0BCD80111966D937D938D93EE
:10FC60009C93149707C08CEA9DE00F94C9BA79CF92
:10FC70007110E5CF692C0C5F1F4FB7E09B1283CF4B
:10FC8000B394E9A1FAA17C96FAA3E9A3F8E0BF1224
:10FC900071CF81E080931B148FE40E94A8408111F2
:10FCA00003C00E94785C9FCC0E9455408111F9CF1F
:10FCB0000E942A5698CC89E893E00F9415248091ED
:10FCC000FC109091FD10892B79F0E091EB12F091EE
:10FCD000EC12E250FF4E8081813011F0863021F429
:10FCE0008BE19FE20C94F37008958091FC10909149
:10FCF000FD10892B29F00E945B7E0E943E6DF5CF9E
:10FD00001092EC121092EB121092FA101092F9105D
:10FD100081E08093FB100895EF92FF920F931F9361
:10FD2000CF93DF9380911B14882389F189E79DE1AC
:10FD30000E94F37083E69DE10E94F37082E59DE1ED
:10FD40000E94F370C7E0DCE1C15058F1CD9F700113
:10FD5000112401E010E08FE49DE10E94CC6EF801D7
:10FD6000EE0FFF1FEE0FFF1FEE0DFF1DE85EFB4EB7
:10FD7000608171818281938145E00E944E6E0F5FA8
:10FD80001F4F0830110539F70E94C46EDDCF86E899
:10FD90009DE1DF91CF911F910F91FF90EF900C9417
:10FDA000F370DF91CF911F910F91FF90EF90089525
:10FDB0008F929F92AF92BF92CF92DF92EF92FF927B
:10FDC0008091100E811131C00F9484216B017C0150
:10FDD00020912F02222309F14091BF024130E9F026
:10FDE0008091100290911102A0911202B091130221
:10FDF00046015701881A990AAA0ABB0A30E0A8EE00
:10FE0000B3E00F9469BB86169706A806B9066CF096
:10FE1000443031F19CF44230D4F4C0921002D092BC
:10FE20001102E0921202F0921302FF90EF90DF9025
:10FE3000CF90BF90AF909F908F900895453069F715
:10FE400081E494E70E94CC6E8BEF9BE106C081E4D5
:10FE500094E70E94CC6E88E29CE10E94F370DDCFB3
:10FE600081E494E70E94CC6E82E19CE1F6CFCF92D0
:10FE7000DF92EF92FF920F931F93CF93DF931F9226
:10FE80001F92CDB7DEB70F948421009119181091FD
:10FE90001A1820911B1830911C18601B710B820BD3
:10FEA000930B6938734181059105D0F08091C706A5
:10FEB000811116C00F9484216093191870931A1839
:10FEC00080931B1890931C1880910705809314024F
:10FED0008B3418F08FEF8093070581E08093C7067D
:10FEE0000F9484210091191810911A1820911B1851
:10FEF00030911C18601B710B820B930B65367105DA
:10FF00008105910508F457C18091C706882309F43B
:10FF100052C16091440670914506072E000C880B73
:10FF2000990B0F9457B56B017C010F9484210091BC
:10FF3000191810911A1820911B1830911C18601B69
:10FF4000710B820B930B0F9455B59B01AC0160E0D4
:10FF500070E08AE793E40F94F0BCA70196010F9438
:10FF600096B50F9462BD7093210460932004609154
:10FF7000460670914706072E000C880B990B0F94CC
:10FF800057B56B017C010F948421009119181091D1
:10FF90001A1820911B1830911C18601B710B820BD2
:10FFA000930B0F9455B59B01AC0160E070E08AE7BC
:10FFB00093E40F94F0BCA70196010F9496B50F94AB
:10FFC00062BD8B0170932304609322041092450656
:10FFD00010924406109247061092460683E08A83E8
:10FFE00082E0898380913802882351F087E89FE07E
:10FFF0000F94C9BA91E0811101C090E0909338024A
:020000021000EC
:10000000809120049091210444970CF09DC020E041
:1000100030E048E452E46091080E7091090E80913E
:100020000A0E90910B0E0F947ABE18160CF08CC02D
:10003000809154038F5F80935403053011050CF0B9
:1000400089C09091FD0D8091FE0D981709F47FC035
:10005000E091FE0D8EE6E89FF0011124ED59F84F76
:1000600080818C3408F476C0809155038F5F809333
:1000700055038091540381110BC080915503811168
:1000800007C080914004823019F481E080934004DD
:1000900080914004813061F40E945D57811108C055
:1000A0001092400410922C048AE59CE60E9460EEB7
:1000B00080913802882309F46EC080914004823018
:1000C00009F469C084E5E82E83E0F82EFE0131963C
:1000D0006F0110E002E0F70191917F01F60181913B
:1000E0006F01891768F5F7013197108280914004FC
:1000F000823031F1009340040E940C57882381F133
:100100000E940157811106C080916905882329F159
:100110000F948F19113059F180E799E10E94F37023
:1001200080912C0481110CC041E070E060E088EC0B
:1001300090E00F94B73E62E08EE39CE20E9420EED6
:10014000113049F111E0C7CF1092540376CF80915E
:10015000410487CF109255038CCF0F949021DACFB2
:1001600010920F0E10920E0E10923D04D3CF88E91C
:1001700099E10E94F37080912C0481110CC041E040
:1001800070E060E088EC90E00F94B73E62E08AE2B5
:100190009CE20E9420EE80911402809307050F9448
:1001A00084216093191870931A1880931B189093E8
:1001B0001C181092C7060F900F90DF91CF911F91DE
:1001C0000F91FF90EF90DF90CF900C94216CCF9225
:1001D000DF92EF92FF926B017C01C0925A03D092A2
:1001E0005B03E0925C03F0925D03809173038230C5
:1001F000B1F420E030E040E950E4C7010F94E6BCE0
:1002000087FF14C08091470E9091480EA091490E2F
:10021000B0914A0E803D9740A105B10520F5C70178
:10022000B601FF90EF90DF90CF9008952AE939E969
:1002300049E95EE3C701B6010F94E6BC87FF0AC037
:1002400020E030E048E351E4C701B6010F9496B5D1
:100250006B017C018CEE99E10E94CC6EC701B60166
:100260000F94DD7CDCCF2AE939E949E95EE3C70177
:10027000B6010F94E6BC87FDE3CF20E030E040E814
:100280005EE3C701B6010F9496B520E030E048E583
:1002900050E40F94F1BBDCCFCF92DF92EF92FF924C
:1002A000CF93909173039817B9F1C82FC0905A0358
:1002B000D0905B03E0905C03F0905D0320E030E0C1
:1002C000A901C701B6010F94E6BC882341F0C09292
:1002D0006B0ED0926C0EE0926D0EF0926E0E8FEC63
:1002E00099E10E94CC6EC13011F1E0F0C23011F101
:1002F000C093730360916B0E70916C0E80916D0EC4
:1003000090916E0E0E94E78060936B0E70936C0E5E
:1003100080936D0E90936E0ECF91FF90EF90DF90D3
:10032000CF90089587EC99E10E94F370E1CF83ECC0
:1003300099E1FACF8FEB99E1F7CF0F946D53179AAC
:10034000E7EEF6E01082169A1182149A80E00E947D
:100350004C818FEF9FEF9093B2028093B1022FEF09
:100360002093AE029093B6028093B5022093AD0223
:100370009093B0028093AF029093B4028093B30243
:10038000089541ED50E06AE778E187E19EE00F943F
:1003900063B80F9454540F9482300F94CE290E9466
:1003A000205581E494E70E94CC6E88E598E10C9496
:1003B000F370CF93DF936AE778E187E19EE00F94D3
:1003C00080B841ED50E064E170E087E19EE00F9479
:1003D000DDBA6091780582E09DE00F94EDBAC9E046
:1003E000D3E14AA55BA56CA57DA58EEF9CE00F949B
:1003F000FFBA4EA55FA568A979A982EA9CE00F948F
:10040000FFBA4AA95BA96CA97DA98EE99CE00F946B
:10041000FFBA4EA95FA968AD79AD8AEF9CE00F9451
:10042000FFBA4AAD5BAD6CAD7DAD8AE99CE00F943F
:10043000FFBA6EAD7FAD88E99CE00F940BBB40E442
:1004400050E06AEB7CE089E493E10F94DDBA4091DF
:10045000891350918A1360918B1370918C1386EBE2
:100460009CE00F94FFBA40918D1350918E136091D0
:100470008F137091901382EB9CE00F94FFBA409120
:1004800091135091921360919313709194138EEA8B
:100490009CE00F94FFBA81E494E70E94CC6E84E064
:1004A00098E1DF91CF910C94F370CF93DF93EC013F
:1004B0008991882319F00E94B96DFACFDF91CF910D
:1004C00008950E9455820C94C46E2F923F924F92D1
:1004D0005F926F927F928F929F92AF92BF92CF92D4
:1004E000DF92EF92FF920F931F93CF93DF93CDB7DD
:1004F000DEB7A2970FB6F894DEBF0FBECDBF8FE573
:1005000090E00E940D40882309F491C00E948B6DF9
:100510008F37910561F48091FC049091FD049093D4
:10052000FB048093FA0485EF97E10E94F3701E01AB
:100530002FE1220E311CDD24D3940E948B6D1816FE
:1005400019060CF068C08091010E882329F00E94E2
:100550000157882309F45FC08091FD0381115BC0BE
:100560000E940C5397FDE9CF282F8F3F09F07BC0E5
:1005700080914603882309F473C0D09245031092FA
:1005800046031F8E18A2C0904903CC20B1F280917F
:1005900047038F8F91E09C1518F48091480388A33E
:1005A000109249033AA229A289A182198C1528F632
:1005B000E9A1FAA11191FAA3E9A38CE493E00F94C5
:1005C000E52117FDF1CF8091F7109091F8101A30C6
:1005D00009F44AC11D3009F447C18F3591050CF06B
:1005E00048C11B3311F4D0924B0320914B032111CE
:1005F000DBCF9C012F5F3F4F3093F8102093F71013
:100600002091F9103091FA1022503F4E820F931F23
:10061000FC011383C9CF8091F7109091F810181640
:1006200019060CF45AC28091E914811170C2A29685
:100630000FB6F894DEBF0FBECDBFDF91CF911F91F3
:100640000F91FF90EF90DF90CF90BF90AF909F9071
:100650008F907F906F905F904F903F902F90089574
:10066000D09246038ECF30914503332309F457C00F
:10067000893F09F43FC080F5863F09F448C0809166
:1006800044038260273F79F180EC97E10E94CC6EB1
:100690008BEB97E10E94CC6E1091440387EB97E1BE
:1006A00010FD02C082EB97E10E94CC6E012F027018
:1006B0008DEA97E111FD02C088EA97E10E94CC6EB5
:1006C00087EA97E10E94F370002329F155E45093E3
:1006D0000B021092450355CF8A3F41F080914403AD
:1006E00081602B3F89F680934403CECF80914403F1
:1006F0008E7FF9CF10924903109245031092440364
:10070000109243031092460310924203BDCF809192
:1007100044038D7FE8CF80E280930B02DACF2091F3
:10072000460340914403222331F1E091490340FF05
:1007300049C030914203332309F440C021E02E0F19
:1007400020934903AE2FB0E0A95BBC4FFFEFFC93B1
:1007500050914303552351F0EE5FE0934903E22F9C
:10076000F0E0E95BFC4F508310924303315030932B
:10077000420310924603E091490340FF6CC0209170
:100780004203222349F191E09E0F90934903AE2F3B
:10079000B0E0A95BBC4F8C9380914303882351F058
:1007A000EE5FE0934903E92FF0E0E95BFC4F8083C3
:1007B00010924303215020934203E3CE22E0209382
:1007C0004203D7CF21E02E0F20934903F0E0E95BED
:1007D000FC4F5FEF5083CDCFA82FAF7040E031E0EA
:1007E000AF3029F0B0E0A050BE4F4C9130E0582F10
:1007F000507F503F59F4326030FF13C0D092420313
:1008000031FF0CC082E080934203BBCE82958F7093
:10081000A82FB0E0A050BE4F2C91EECF2093430301
:10082000B0CE81E08E0F80934903AE2FB0E0A95B7C
:10083000BC4F4C934A3009F4A4CE31FF03C0D09290
:1008400042039FCEEE5FE0934903E82FF0E0E95BBF
:10085000FC4F208396CE91E09E0F90934903F0E0E9
:10086000E95BFC4F80838DCE009719F410924B0307
:10087000DECE0091F9101091FA100D5F1F4F8250DB
:100880009F4EFC01E00FF11F108202501F4E1A8391
:10089000098380914B03811103C1F80180818E345B
:1008A00009F08AC04AE050E0BE016F5F7F4FC80187
:1008B00001960F9454B62B013C01E980FA80F701B0
:1008C0008081803231F4FFEFEF1AFF0AFA82E98269
:1008D000F4CF80907D0390907E03A0907F03B09032
:1008E0008003D501C4010196A11DB11D8415950594
:1008F000A605B70549F044E050E060EF77E1C70195
:100900000F94A8B8892BA1F46AE270E0C7010F9494
:1009100020C19093CB058093CA05009709F445C088
:10092000F801F12CE817F90771F02191F226FACFBE
:1009300089E194E70E94CC6E82E093E10E94CC6E44
:10094000C501B40115C00E946240F8161906D9F01D
:1009500089E194E70E94CC6E83EE92E10E94CC6E16
:1009600060917D0370917E0380917F03909180035D
:100970000E94326E0E94C46E0E947A401092F8105B
:100980001092F71054CEE091CA05F091CB05108279
:10099000E980FA806BEE77E1C7010F9477B8892B75
:1009A00039F589EA95E10E94AA7189E194E70E94EC
:1009B000CC6E89EB92E1C2CF89819A81FC012081C2
:1009C000203221F401969A838983F6CF6AE270E09F
:1009D0000F9420C1892B39F089E194E70E94CC6EF5
:1009E0008FE892E1BBCF44244A94542C3201D0CFFB
:1009F00044E050E066EE77E1C7010F94A8B85C01CF
:100A0000F7018081873481F48091110E853061F087
:100A100089E695E00F94E521F6E0F093110E60E091
:100A200085EA9FE00F94EDBAAB2821F080916C0528
:100A30008111A4CF26E077FC21E08091F9109091FC
:100A4000FA10FC01E250FF4E208349815A81F801DF
:100A5000DA0140175107A1F501900020E9F79F0145
:100A6000201B310B0396280F391F2D3EF1E03F0765
:100A700079F13093FA102093F9108091FC10909145
:100A8000FD1001969093FD108093FC1077FC08C038
:100A900040927D0350927E0360927F0370928003A8
:100AA0001092F8101092F7100E948B6D892B09F4A8
:100AB000BECD8FE590E00E940D40811175CDB7CD80
:100AC0006D9161939D01241B350B6111F9CFCACF44
:100AD0001092FA101092F910D0CF8091100E60E2AF
:100AE00073E0811102C060ED77E08CE493E00F9435
:100AF000B621882309F497CD10924B031092F81079
:100B00001092F7108BED97E10E94F37090CD8091D9
:100B10007C17882309F48BCD8091F7109091F81001
:100B2000892B09F084CD8091FC109091FD10892BC8
:100B300011F410924A0312E001E04091FD17509128
:100B4000FE176091FF17709100188091F617909131
:100B5000F717A091F817B091F917481759076A07C6
:100B60007B0708F0C1C080914A038111BDC00F947A
:100B7000AA824091811750918217609183177091DA
:100B800084174093FD175093FE176093FF177093DF
:100B900000182091F7103091F8108A3061F08D30F4
:100BA00051F0833209F487C02F35310524F48F3F8B
:100BB000980709F087C02115310509F438CD8091D7
:100BC0007C17811103C040E050E0BA018091850399
:100BD00090918603481B590BA091F910B091FA101F
:100BE000FD01E250FF4E1083418352831396225041
:100BF0003F4EF901EA0FFB1F1082A250BF4EFD01CC
:100C000001900020E9F73197EA1BFB0BF8948091E3
:100C1000FC109091FD1001969093FD108093FC10B4
:100C2000EC5F8091F9109091FA10E80FF92FF11D07
:100C3000F093FA10E093F91080917C17882309F45F
:100C40003DC08091FD179091FE17A091FF17B091C4
:100C500000188093850390938603A0938703B09335
:100C60008803ED3EF14021F41092FA101092F91031
:100C7000789410924B031092F8101092F710409154
:100C8000FD175091FE176091FF1770910018809129
:100C9000F6179091F717A091F817B091F917481728
:100CA00059076A077B0700F58FE590E00E940D4029
:100CB000811143CFBCCC00934A037DCF80E090E00C
:100CC000DC01C7CFA9014F5F5F4F5093F8104093ED
:100CD000F7104091F9105091FA1042505F4E240FD6
:100CE000351FF901838329CF4091FD175091FE17DD
:100CF0006091FF17709100188091F6179091F71787
:100D0000A091F817B091F917481759076A077B07A0
:100D100008F48DCC0E94DD3E892B09F088CC0F941D
:100D20000C7D8CE792E10E94F3700F94AF306B0161
:100D30007C010E9486558CE3882E912CA12CB12C2D
:100D4000C701B601A50194010F943CBBCA01B901CA
:100D5000A50194010F943CBB7F936F93C701B6012B
:100D600020E13EE040E050E00F943CBB3F932F93E6
:100D700087EC97E19F938F938E010F5F1F4F1F9317
:100D80000F930F94E0B981E494E70E94CC6EC80100
:100D90000E946182C8010E9483EE0F94E388109242
:100DA00069020FB6F894DEBF0FBECDBF8091EA1482
:100DB000882359F00F94ED7D8091100E882309F45B
:100DC00036CC86E00F94714932CC81E00F942289B1
:100DD0008091EA148111EECFEFCFFF920F931F9312
:100DE000CF93DF93EC01F62E662309F44BC00F94EA
:100DF00087B88C01C8010E940D40882309F453C0B4
:100E00008091F9109091FA10FC01E250FF4E23E01E
:100E100020838F5F9E4EBE01FF20E9F10F9480B8C2
:100E200081E494E70E94CC6E81E792E10E94CC6E4F
:100E30008091F9109091FA108F5F9E4E0E9455821A
:100E40008FE692E10E94F3708091F9109091FA1070
:100E50000496080F191F0D3E81E01807F9F0109352
:100E6000FA100093F9108091FC109091FD100196FA
:100E70009093FD108093FC10DF91CF911F910F9103
:100E8000FF900895FC0101900020E9F731978F0150
:100E9000081B190BAFCF0F9434C1C2CF1092FA10B8
:100EA0001092F910E0CF89E194E70E94CC6E81E7BF
:100EB00092E10E94CC6ECE01FF2059F00E94CC6ED0
:100EC00082E094E7DF91CF911F910F91FF900C94F6
:100ED000F3700E945582F4CFCF93DF933091700569
:100EE00020916F05321320C0EB01BC0180916D028F
:100EF000882319F080E20E945C6680916E05882349
:100F000099F0209170058091C8069091C906281724
:100F1000190651F4209721F061E0CE010E94ED8680
:100F2000DF91CF910C946152809170058F5F809317
:100F30007005DF91CF9108950F931F93CF93DF93A7
:100F4000D62F8C01C0E0F801859194912DE28B336E
:100F5000920721F420911314213019F461E00E94CA
:100F6000ED86CF5F0E5F1F4FDC13EDCFDF91CF918A
:100F70001F910F910895CF93DF93CDB7DEB76E9792
:100F80000FB6F894DEBF0FBECDBF9E012C5D3F4F64
:100F9000F901419151919F016EE170E0CE010196FE
:100FA0000F941FBA60E0CE0101960E94ED866E9606
:100FB0000FB6F894DEBF0FBECDBFDF91CF9108957D
:100FC000EF92FF920F931F93CF93DF93CDB7DEB7CE
:100FD0006B970FB6F894DEBF0FBECDBF8AE59FE0DA
:100FE0000F94C9BAE82E0AE01FE0F12C48E050E067
:100FF000FE1479F0B801CE010E960F94B9BA1E8A8C
:1010000060E0CE010E960F947486F394085F1F4F34
:10101000EDCF65E97FE08E010F5F1F4FC8010F9490
:10102000B9BA19868EE28F8B43E050E061E97CE02B
:10103000CE0148960F94B9BA1B8EBE01695E7F4FF0
:10104000C8010F9415C11F930F938BED9CE69F93DE
:101050008F930E94BB870F900F900F900F906B960D
:101060000FB6F894DEBF0FBECDBFDF91CF911F91B9
:101070000F91FF90EF900895BF92CF92DF92EF9281
:10108000FF920F931F93CF93DF93E091010EE11135
:10109000B1C0052F142FE9016B017C01F8940E9467
:1010A000A154B090000EB11002C0B090FF0D0E948C
:1010B00057540F94AF6780E1EAEEF6E0A3E7B2E0A1
:1010C00001900D928A95E1F7BB2061F080E090E0FD
:1010D000A0E8BFEB8093730290937402A093750213
:1010E000B09376028091390290913A029093750301
:1010F0008093740380910E0E90910F0E90930F06C3
:1011000080930E068091CA068093100680913F045A
:1011100083FB882780F98093C305809141048093E5
:101120000D060E94757E1092E91481E08093010EF5
:101130000F94E231789420E030E0A901C701B601B4
:101140000F94E6BC20E030E0A901F8016C2F7D2F60
:1011500081115AC08F2F902F0F94E6BC882309F479
:1011600049C08091C305811105C061E080E49DE222
:101170000E94ED860F931F93DF93CF9387EE98E441
:101180009F938F930E94BB870F900F900F900F90AB
:101190000F900F9020E030E0A901C701B6010F9435
:1011A000E6BC882321F184E48F9388E48F931F9217
:1011B0001F9220917B0230917C0240917D025091E0
:1011C0007E02C701B6010F94F1BB9F938F937F936B
:1011D0006F938FE79EE19F938F930E94BB878DB79C
:1011E0009EB70A960FB6F8949EBF0FBE8DBF81E0E2
:1011F0008093FB10DF91CF911F910F91FF90EF90A3
:10120000DF90CF90BF9008958F2F902F0F94E6BC62
:10121000882349F2A6CF80916204882321F180912E
:101220004F028230E9F4A0914D02B0914E0228EEB7
:1012300033E00F94E9BBAB01BC018DE393E00F9465
:101240006822882331F06091600470E085E00C949E
:101250005FE580913D03882331F060916104F5CF13
:101260008111FBCFF0CF08956091610484E39DE08C
:101270000F94EDBA6091600483E39DE00F94EDBAA2
:1012800060914F0282E39DE00F94EDBA60914D02B0
:1012900070914E0280E39DE00D940BBB882361F0BA
:1012A00081E080934F02809161048E3118F48EE1C9
:1012B000809361040C940B8982E39DE00F94C9BA7A
:1012C00080934F0284E39DE00F94C9BAF1CF8091DF
:1012D0006204882331F08DE393E00F9415240C947D
:1012E0000B890895FF920F931F93CF93DF939091F3
:1012F0006204992399F1882351F100914F02C82F7C
:10130000D0E0CC0FDD1F10E0FF24F394212F30E05C
:1013100080913D038F25023009F080E08C0F9D2FD6
:10132000911D281739078CF481E090914F0291119B
:1013300080E080934F020E940B8969E170E080E0B9
:1013400090E00F9451211F5FE1CF00934F02DF9196
:10135000CF911F910F91FF900C946789DF91CF91EE
:101360001F910F91FF9008950F931F93CF93DF93D9
:10137000C82F80910318813009F447C0823009F4E6
:101380005DC00E945D578111FFC080910E0E90914B
:101390000F0E009739F42091CA063091CB06232B0B
:1013A00009F4F2C040913002509131026091320252
:1013B00070913302411551056105710509F4E4C0CE
:1013C000892B31F48091CA069091CB06892B29F0A4
:1013D00080913C06882309F43FC18091100E882338
:1013E00021F040EE52E369E270E08CE396E00F9466
:1013F0006822882309F4CAC00F943E2785E89EE03E
:101400000E94B7F90F949319C1C00F9446848823A2
:1014100009F4B7CF81E090911018911101C080E0DC
:10142000809306188091E80E9091E90E909313181E
:101430008093121882E080930318A3CF0F94468400
:101440001092071880910318823009F09ACF80918A
:101450000818811140C0D091101881E0D11101C04D
:1014600080E090910618891709F48BCF80930618B5
:1014700088E098E10F94E521DD23B1F18091041813
:10148000882311F18091FE0381111EC080911314F5
:101490008130D1F08091FD0D9091FE0D891B8F70F0
:1014A00099F40E940C5781110FC080910C0E84306A
:1014B00059F08FE59FE00F94C9BA811105C061E032
:1014C00083E09CED0E94CB5281E08093071881E07D
:1014D00080936D0256CF64E670E088E098E10F9447
:1014E000B6218111B8CF4DCF80910518882379F3AB
:1014F0008091FE038111EBCF8091FD0D9091FE0D47
:10150000891B8F7021F40E940C57882301F380916E
:10151000010E8111DCCF809113148130C1F28091D2
:101520000C0E8430A1F28FE59FE00F94C9BA8111AF
:10153000CECF85ED93E19F938F938BEB93E19F93B8
:101540008F930F948BB9109205181092041820E015
:1015500030E0A901CA01B9010E943C8860E070E056
:10156000CB010E94F35885E69FE00E94A26C81E0C7
:101570009FE00E94956C82ED9CE60F94337D0F9066
:101580000F900F900F90A3CF10923C068091FC100B
:101590009091FD10039714F40E9465829091FD0DC7
:1015A0008091FE0D981781F08091110E863061F4C4
:1015B00068E873E189E695E00F94B621882321F06D
:1015C00089E695E00F94E5214091810350918203D3
:1015D0006091830370918403411551056105710584
:1015E00009F03FC0409134025091350260913602BB
:1015F000709137024115510561057105A9F089E81F
:1016000093E00F946822882379F09091FD0D8091EA
:10161000FE0D981309C0C11107C0179A1092E70672
:10162000169A1092E806149AC09141049091FE0D0A
:101630008091FD0D981701F18091FE0D9EE6899F26
:10164000F0011124ED59F84FC0819091FD0D9817CC
:1016500099F08F5F8F70F9CF8CE396E00F9415248B
:1016600095CF89E893E00F946822882309F4BACFD4
:1016700083ED9DE10E94AA71CC2309F49FC0809163
:101680006F0390917003A0917103B0917203892B45
:101690008A2B8B2B81F40F948421605E7C4F8F4FBB
:1016A0009F4F60936F0370937003809371039093C7
:1016B0007203CFEF0FC00F94842100916F0310913C
:1016C00070032091710330917203601771078207D4
:1016D000930778F38091C706882309F478C0C093F4
:1016E000140280916705811107C081E0809367052E
:1016F0000F942AAE10926705809135068823E1F198
:101700001092350680E00E9472894FB7F89480915C
:101710003306282F082E000C330B37FF03C03195FA
:1017200021953109243031050CF454C0982F87FFDE
:1017300002C093E0980F959595952091C806309139
:10174000C906290F311D97FD3A953093C90620939C
:10175000C806837887FF03C081508C6F8F5F8093AA
:1017600033064FBF86E00F94A73C80916D02811134
:1017700003C081E080936D020E940B898091360640
:10178000882361F00E944B68E0917704F09178041F
:10179000309721F080916E02811119950E94D070CE
:1017A0000E94D87E40E355E760E070E085EF93E06B
:1017B000DF91CF911F910F910D94682210926F03CA
:1017C00010927003109271031092720383CFC09332
:1017D000070587CF109233064FBF80E0C4CFCF9369
:1017E000DF93EC010F94455181E00E94B48980E0C1
:1017F0000E94945F209799F0C233D10540F062E3D4
:1018000070E080E090E00F945121E297EBCFBE01B1
:1018100090E080E00F945121D0E0C0E0E3CFDF9171
:10182000CF910895CF93DF93EC016091080E7091F2
:10183000090E80910A0E90910B0E0F9462BD2091BB
:101840000E0E30910F0EC901861B970B069724F0E0
:10185000CE010E94EF8BE9CFDF91CF910895CF9316
:10186000DF93C82FDFEF0F94455181E00E94B489C8
:10187000809111148F3FD9F48091A613843021F404
:101880008091A9138111EFCF8091E4139091E5131A
:10189000019749F780910B1490910C14893290486C
:1018A00011F360E089E290E80F94538BDCCFD09382
:1018B0001114853039F4CF3FF9F261E08C2F0F9489
:1018C000B9B4D1CF8430C1F6DF91CF9108951F9282
:1018D0000F920FB60F9211240BB60F922F933F93D6
:1018E0004F935F936F937F938F939F93AF93BF9328
:1018F000EF93FF932091780030917900E0913C03C1
:10190000F0E0EE0FFF1FE45DFC4F80819181820FBC
:10191000931F9183808380912B038F5F80932B0390
:10192000803109F056C080913C038F5F80933C0367
:10193000883009F046C080912C0390912D0390933C
:101940006E0680936D0680913003909131039093E1
:101950006C0680936B0680913203909133039093D1
:101960006A068093690680913603909137039093BD
:101970007806809377068091340390913503909395
:10198000BF068093BE0680913A0390913B039093EB
:10199000BD068093BC0681E080937705FF91EF91AF
:1019A000BF91AF919F918F917F916F915F914F9177
:1019B0003F912F910F900BBE0F900FBE0F901F9075
:1019C000189580912A034FE553E08F5F41F4109200
:1019D0002A0380917A00806480937A00DFCF9A0195
:1019E000082E02C0359527950A94E2F720FFEDCF27
:1019F00080932A030E941D3F10922B03EACFCF93BE
:101A0000DF93CAE7D0E088818F7B888310922B0315
:101A100010923C0310922A0380E00E941D3FECE2EA
:101A2000F3E080E1DF011D928A95E9F78881806407
:101A30008883DF91CF9108954F925F926F927F924A
:101A40008F929F92AF92BF92EF92FF920F931F934C
:101A5000CF93DF931F92CDB7DEB744E050E064E14F
:101A600070E087E19EE00F94B9BA43E050E06AE786
:101A700078E187E19EE00F94A8B8892B09F0A0C116
:101A8000EEE3F9E1459155916591749188ED90E00F
:101A90000E94A048E2E4F9E1459155916591749165
:101AA0008CED90E00E94A048E6E4F9E1649180EEBC
:101AB00090E00E94836CE7E4F9E16591749181EE16
:101AC00090E00E946B6CE9E4F9E16591749183EE1A
:101AD00090E00E946B6CEAE3F9E1459155916591C4
:101AE000749184ED90E00E94A04846E159E160E1E4
:101AF00070E080EB90E00E944C6C46E259E160E1BE
:101B000070E080EC90E00E944C6C46E359E164E0A8
:101B100070E080ED90E00E944C6C41ED50E064E19B
:101B200070E087E19EE00F94B9BA0E94205507E16A
:101B30001EE083EBE82E8EE0F82E94EC892E99E0DF
:101B4000992EA12CB12C20EC422E23E0522E612C98
:101B5000712C20E030E048E453E4F8016489758991
:101B6000868997890F947ABE18164CF480E090E02D
:101B7000A8E4B3E4F801848B958BA68BB78BF701AF
:101B800061917191819191917F0120E030E048EC69
:101B900052E40F947ABE181654F480E090E0A8EC5A
:101BA000B2E4F701349780839183A283B383F80171
:101BB00084A195A1A6A1B7A1853C9940A105B10535
:101BC00028F0F80184A295A2A6A2B7A2F701848505
:101BD0009585A685B785813C9340A105B10528F080
:101BE000F70144865586668677860C5F1F4FFEE0B8
:101BF0000F311F0709F0ADCF6091D30E70E080E088
:101C00000F94F81E6091D40E70E081E00F94F81EDE
:101C10006091D50E70E082E00F94F81E6091D60EB0
:101C200070E083E00F94F81E0F9454540F948230A8
:101C3000CE0101960F94C02944E350E867EB7AEB9C
:101C400082EA9CE00E94A04846E656E666E87FE30A
:101C50008EE99CE00E94A0484AE959E969E17EE3E7
:101C60008AE99CE00E94A0486EE071E088E99CE06F
:101C70000E946B6C61E087E99CE00E94836C82E0CB
:101C80009DE00F94C9BA91E0811101C090E090935A
:101C900078058EEF9CE00F94D1BA60933313709364
:101CA0003413809335139093361382EA9CE00F949B
:101CB000D1BA60933713709338138093391390938C
:101CC0003A138EE99CE00F94D1BA60933B13709362
:101CD0003C1380933D1390933E138AEF9CE00F9446
:101CE000D1BA60933F137093401380934113909344
:101CF00042138AE99CE00F94D1BA60934313709326
:101D00004413809345139093461388E99CE00F9405
:101D1000D7BA0F94A82640E450E06AEB7CE089E44F
:101D200093E10F94B9BA86EB9CE00F94D1BA60931B
:101D3000891370938A1380938B1390938C1382EB87
:101D40009CE00F94D1BA60938D1370938E1380939F
:101D50008F13909390138EEA9CE00F94D1BA609306
:101D600091137093921380939313909394130F9401
:101D7000C726811106C084E198E10E94F3700F9498
:101D8000CE290F942F27CE0101960F94B32981E419
:101D900094E70E94CC6E8EE398E10E94F37081E09C
:101DA0000F90DF91CF911F910F91FF90EF90BF9017
:101DB000AF909F908F907F906F905F904F9008951D
:101DC0000E94C18164E070E084E190E00E94573F8E
:101DD00091E08927E5CF2F923F924F925F926F92C9
:101DE0007F928F929F92AF92BF92CF92DF92EF92AB
:101DF000FF920F931F93CF93DF93CDB7DEB7CF58EA
:101E0000D1090FB6F894DEBF0FBECDBF82E080933C
:101E1000BF02A090EB12B090EC1285010F5F1E4E36
:101E200046E050E066E179E2C8010F94A8B8892B3A
:101E300009F0B5C087E099E20F94F553882309F4BF
:101E40008EC088E50E94A840182F89E50E94A8400E
:101E5000811112600F946D531A821982FE0133961C
:101E600083E1DF011D928A95E9F748EC5FEA60E0C3
:101E700070E088E793E00F94682281111092770355
:101E8000009177030F5F0093770388E793E00F9447
:101E9000152480917603812B8093760310FF08C070
:101EA00086E69FE00E94A26C85E09FE00E94956C10
:101EB00011FF08C088E69FE00E94A26C83E09FE0CB
:101EC0000E94956C81E00E94C86382E00E94945F4A
:101ED000612FCE0101960E942745CE0101960E94F6
:101EE00083EE40E061E081E00E94847861E08BE96C
:101EF00095E2033048F110920F0E10920E0E80E022
:101F00000E94C8630E94FE6060917603CE01019634
:101F10000E94274510927603CE0101960E945F67CA
:101F20004FEE5BE361E080E00E94A2608FE30E94DD
:101F3000BC5F40E060E090E080E00E94B8F861E0C3
:101F400081110AC08DE895E20E94ED8681E08093C0
:101F5000BF020E945B7ED3C380E895E2F5CF89EF94
:101F600098E20F94F553882369F00E94015781117C
:101F700006C060E070E080E89FE30E94F3580F9491
:101F80005320E4CF8CEE98E20F94F5538823F1F2BE
:101F90000F94532060E080E00E9494EED7CF44E09D
:101FA00050E067EE78E2C8010F94A8B8892B09F0D9
:101FB000FCC085010B5F1E4E49E050E06DED78E2FC
:101FC000C8010F94A8B8892BC9F4F501E25FFE4E51
:101FD0001081153489F01855143008F0B7CF4AE055
:101FE00050E070E060E0C501815F9E4E0F9454B6F2
:101FF000812F0F94EB8FAACF13E0F1CF49E050E08F
:1020000063ED78E2C8010F94A8B8892B51F5F5016A
:10201000E25FFE4E1081153411F11855143008F0AE
:1020200095CF4AE050E070E060E0C501815F9E4ED0
:102030000F9454B6E12FF0E0E05BFA4F808140E06E
:1020400051E002C0569547958A95E2F7842F880F94
:10205000880F81506823812F0F94029377CF13E06C
:10206000E0CF49E050E069EC78E2C8010F94A8B8ED
:10207000892B09F06BCFF501E25FFE4E808185343C
:1020800009F490C018EAC12EC80EB3E0BC1508F4DC
:102090005DCFEC2CF12C4701880C991CF401EB5519
:1020A000FD4F0081202F2F70102F12951770001FE9
:1020B0000027001F61816770660F062BF401EA5547
:1020C000FD4FD080D694D694D694ED2DE370DE2EBD
:1020D0001A821982C501815F9E4EDC013C91B22EAD
:1020E0003323E1F14AE050E0BE016F5F7F4F0F9470
:1020F00054B66F70B62E89819A81009779F1FC01F0
:102100002081222359F14AE050E0BE016F5F7F4FEA
:102110000F9454B6162F177089819A810097F1F0A9
:10212000DC012C912223D1F04AE050E0BE016F5F28
:102130007F4F0F9454B6062F0F7089819A810097B4
:1021400069F0FC012081222349F04AE050E0BE0101
:102150006F5F7F4F0F9454B66370D62EF401EB552A
:10216000FD4F17701295107F602F67956627679552
:102170001B29162B1083602F66950181007E2D2D63
:102180002370D22EDD0CDD0CDD0C062BD02AD18283
:10219000F701E05BFA4F50E040E060818C2D0F9436
:1021A0008D1ED4CEB3E0CB2E74CF45E050E063EC6F
:1021B00078E2C8010F94A8B8892B09F0D9C18091A1
:1021C000100E882309F448C08CE795E20F94F5536C
:1021D000882379F08091CC051F928F9384E295E15A
:1021E0009F938F930F948BB90F900F900F900F9038
:1021F000ADCE88E795E20F94F553882319F010923D
:102200007904A4CE85E795E20F94F553882321F154
:102210008091CA059091CB0561E003960F94AB873E
:102220000F94AA828C018091811790918217A091BE
:102230008317B09184178093FD179093FE17A09396
:10224000FF17B0930018802F0E94B96D0A30110556
:1022500039F70F940C7D7ACE89EB98E20F94F55301
:10226000882309F43CC01092C70614E6C12CD12C77
:1022700076016F9A779864E170E080E090E00F94C7
:1022800051210F942B214B015C01F8946F98679BAF
:10229000FECF78940F942B21DC01CB01881999098A
:1022A000AA09BB09C816D906EA06FB0610F46C0198
:1022B0007D011150F1F68AE695E20E94CC6E86E629
:1022C00095E235EFC31631E0D306E104F10410F4D2
:1022D00083E695E20E94F3706F98779A37CE85EB8C
:1022E00098E20F94F553882321F1409122045091F4
:1022F00023042CE3249FC001259F900D11249F935C
:102300008F934091200450912104249FC001259F68
:10231000900D11249F938F938AE897E19F938F9359
:102320000F948BB90F900F900F900F900F900F900C
:102330000DCE80EB98E20F94F553882311F18CE8D1
:102340009FE00F94C9BA811110C061E087ED9CE64F
:102350000E94ED8660E085EA9FE00F94EDBA60E0B0
:102360008FE79CE00F94EDBAF1CD813009F0EECD0E
:102370000F94873189E695E00F94E5210F94902121
:10238000E5CD89EA98E20F94F553882321F080E0A7
:102390000F94C20FDBCD83EA98E20F94F5538823A4
:1023A00051F01092FC1F1092FD1F1092FE1F109210
:1023B000FF1F0E94B35680EA98E20F94F5538823DA
:1023C000A9F044E150E065E17DE0CE0101960F9473
:1023D000B9BA8C89882329F085E998E20F94B2B9BB
:1023E000B5CDCE0101960F9458C1B0CD81E998E2E8
:1023F0000F94F553882329F085E898E20E94F37042
:10240000A5CD81E898E20F94F553882319F084E66E
:1024100098E2F4CF8FE598E20F94F553811196CDB1
:102420008CE598E20F94F553882379F081EA9DE0DA
:102430000F94C9BA4BE0849FC001112470E060E0A2
:10244000805B924F0F940BBB81CD89E598E20F948E
:10245000F553882351F00E94FE6040E070E060E098
:1024600084E690E00F94B73E71CD85E598E20F9435
:10247000F5538823E1F086E50E94A840882309F4FB
:1024800065CD0E94624011E0892B09F410E00F94A1
:102490006D5380911B1490E01817190609F456CD5E
:1024A00010931B1482EF96E00F94E6544FCD8EE408
:1024B00098E20F94F553882309F448CD84E40E94F0
:1024C000A8408823A1F00E943B4520E030E04AE785
:1024D00054E40F9496B520E030E040E05FE30F94C1
:1024E000F1BB0F9469BDCB010E944AFA2FCD8AE45B
:1024F00098E20F94F553882321F08091100E8111FA
:1025000012C085EA9DE00F94D7BABC0190E080E04C
:102510000F9455B520E030E04AE754E40F94F0BC46
:102520000F94DD7C13CD8091CA059091CB05029666
:102530009093CB058093CA050E943B456B017C01BB
:102540006FEF87EA9DE00F94EDBA20E030E04AE7B4
:1025500054E4C701B6010F9496B520E030E040E0A6
:102560005FE30F94F1BB0F9469BD85EA9DE06ACFEC
:10257000D8018C91873411F00C946D9E1093CB058B
:102580000093CA050E94624090939703809396033C
:102590008B34910509F4D0C60CF049C18430910503
:1025A00009F422C60CF0C5C097FDCFC002970CF00D
:1025B000A0C10E943D3E8C010E9462466091E403EE
:1025C0007091E5038091E6039091E7030F9455B570
:1025D0006B017C014090F6065090F7066090F8067B
:1025E0007090F9068090D8069090D906A090DA06EF
:1025F000B090DB06A5019401C301B2010F94F0BBBA
:1026000020E030E048EC52E40F9496B59B01AC0119
:10261000C701B6010F947ABE1816D4F4A301920133
:10262000C501B4010F94F0BB20E030E048EC52E467
:102630000F9496B5A70196010F94F1BB0F9469BD55
:102640006093E4037093E5038093E6039093E703BC
:102650008091990E882309F444C188E50E94A8401E
:1026600081113FC189E50E94A84081113AC18AE5E4
:102670000E94A840811135C185E40E94A8408823AA
:1026800009F42FC12091F6063091F7064091F80623
:102690005091F9066091D8067091D9068091DA06BA
:1026A0009091DB060F94F0BB6B017C012DEC3CECB0
:1026B0004CEC5DEB0F94E6BC87FF05C18091E6060C
:1026C00081110C942AC70F946D538091D806909174
:1026D000D906A091DA06B091DB068093F6069093B6
:1026E000F706A093F806B093F90686EF96E00F94EC
:1026F000B3549091E60681E089270F948791C157E2
:10270000DF4F0FB6F894DEBF0FBECDBFDF91CF9184
:102710001F910F91FF90EF90DF90CF90BF90AF90FF
:102720009F908F907F906F905F904F903F902F90F1
:1027300008958531910509F4D7C0FCF48A309105DC
:1027400009F49BC50B9709F49CC58091EB129091FD
:10275000EC128F5F9E4E9F938F931F9287E48F930F
:102760008CEA96E19F938F930F948BB90F900F9003
:102770000F900F900F900F90B7C08C31910509F416
:1027800082C54E9711F70F946D5381E08093FF0D32
:102790000E944F568C0180E090E0A8E4B4E480935E
:1027A000B9029093BA02A093BB02B093BC0243E07B
:1027B00060E070E080E291EC0F94B6938091F506B2
:1027C0008F938091F4068F938091F3068F9380917D
:1027D000F2068F938091F1068F938091F0068F938C
:1027E0008091EF068F938091EE068F938091ED0696
:1027F0008F938091EC068F938091EB068F9380915D
:10280000EA068F9384E799E39F938F9385E697E198
:102810009F938F930F948BB9C8010E9435561092E5
:10282000FF0D0FB6F894DEBF0FBECDBF5DC088357B
:10283000910509F459C0F4F48135910511F40C9413
:10284000BC9D5CF48C34910509F499C580359105E3
:1028500009F07BCF0E94A97847C08635910511F415
:102860000C94C09D8735910509F06FCF80E10E94DF
:10287000DBEA3AC08C35910511F40C94CC9D74F4CC
:102880008A35910511F40C94C59D8B35910509F09D
:102890005CCF80913F0487600C94C89D823691057F
:1028A00011F40C945A9E8336910509F04ECF109284
:1028B000100E60E084EC9FE00F94EDBA82E00E947D
:1028C000945F0C94699E2DEC3CEC4CEC5DE3C701ED
:1028D000B6010F947ABE181624F48091E606811191
:1028E000F2CEC8010E94F65C1092970310929603F4
:1028F0002DCB0E943D3EE0969FAF8EAFE0970E94A9
:10290000624689E40E94A840882309F400C40E941A
:102910003B4560938E0370938F0380939003909355
:1029200091038AE40E94A840C12CD12C760188230F
:1029300021F00E943B456B017C01C0929203D09232
:102940009303E0929403F0929503E0919603F09143
:102950009703C257DF4FF983E883CE58D040809069
:102960008E0390908F03A0909003B0909103A701E5
:102970009601C501B4010F948DBEAE966CAF7DAFCC
:102980008EAF9FAFAE976091390270913A02072ED9
:10299000000C880B990B0F9457B52091B902309118
:1029A000BA024091BB025091BC020F9496B52EE33F
:1029B00033EC4EE259E30F9496B5AA966CAF7DAF17
:1029C0008EAF9FAFAA9780E1EAEEF6E0DE011196A6
:1029D00001900D928A95E1F7A501940150586A96ED
:1029E0002CAF3DAF4EAF5FAF6A97D701C601B0586D
:1029F0006E968CAF9DAFAEAFBFAF6E9729813A8117
:102A00004B815C81E6962CAF3DAF4EAF5FAFE69752
:102A1000C501B4010F94F1BBEA966CAF7DAF8EAFE8
:102A20009FAFEA978D819E81AF81B885EE968CAF7E
:102A30009DAFAEAFBFAFEE979C01AD01C701B60130
:102A40000F94F1BBCE57DF4F688379838A839B83D2
:102A5000C258D04029853A854B855C856091D40663
:102A60007091D5068091D6069091D7060F94F0BB51
:102A7000C258DF4F688379838A839B83CE57D040C7
:102A80002091CC063091CD064091CE065091CF06D4
:102A9000CA57DF4F288339834A835B83C658D040A7
:102AA000EA962CAD3DAD4EAD5FADEA97CA57DF4F0C
:102AB000688179818A819B81C658D0400F94F0BB90
:102AC0006B017C018091D0069091D106A091D20635
:102AD000B091D306C657DF4F88839983AA83BB83FF
:102AE000CA58D040CE57DF4F288139814A815B8157
:102AF000C258D040BC01CD010F94F0BB4B015C012A
:102B00003090DB0E2090DC0E9091DD0E6F969FAF23
:102B10006F97A091DE0EA396AFAFA397A701960182
:102B20006A966CAD7DAD8EAD9FAD6A970F9496B5EC
:102B30002B013C01A50194016E966CAD7DAD8EAD6F
:102B40009FAD6E970F9496B59B01AC01C301B20186
:102B50000F94F1BB2B013C01A50194016A966CAD69
:102B60007DAD8EAD9FAD6A970F9496B54B015C011C
:102B7000A70196016E966CAD7DAD8EAD9FAD6E9743
:102B80000F9496B59B01AC01C501B4010F94F0BB45
:102B9000A30192010F9470BC6B017C0120E030E036
:102BA000A9010F94E6BC87FF0AC02BED3FE049EC7A
:102BB00050E4C701B6010F94F1BB6B017C01609139
:102BC000E40E7091E50E6115710509F4A4C290E060
:102BD00080E00F9455B59B01AC016BED7FE089EC73
:102BE00090E40F94F0BCAE962CAD3DAD4EAD5FAD14
:102BF000AE970F9496B55B018C016091E60E7091D3
:102C0000E70E61157105F1F090E080E00F9455B585
:102C100020E030E040E752E40F9496B59B01AC0110
:102C2000AA966CAD7DAD8EAD9FADAA970F94F0BC0A
:102C30003B014C019501A8010F94E6BC87FF02C03F
:102C4000530184014090DF0E5090E00E6090E10E41
:102C50007090E20E9501A801B201C3010F947ABEF3
:102C60001816C4F09501A801632D722D6F968FADD3
:102C70006F97A3969FADA3970F94E6BC25013801EB
:102C800087FF08C0432C522C6F966FAC6F97A396AA
:102C90007FACA397C257DF4FE881F981CE58D0406F
:102CA000329751F42BED3FE049EC50E4C701B601F7
:102CB0000F94F0BB6B017C01CA57DF4F288139812B
:102CC0004A815B81C658D040E6966CAD7DAD8EAD35
:102CD0009FADE6970F94E6BC811125C0C657DF4F24
:102CE000288139814A815B81CA58D040EE966CAD0B
:102CF0007DAD8EAD9FADEE970F94E6BC811113C0F4
:102D000020E030E0A901C701B6010F94E6BC8111B3
:102D10000AC02BED3FE049EC50E4C701B6010F9427
:102D2000F1BB6B017C01A7019601AE966CAD7DAD48
:102D30008EAD9FADAE970F9496B5C258DF4F2881E8
:102D400039814A815B81CE57D0400F948DBE4B01B3
:102D50005C012FE632E143E85AE30F94E6BC87FDBD
:102D6000CFC19201A301C501B4010F94F0BC0F942F
:102D7000CFBC0F9469BDA4967FAF6EAFA4976230AD
:102D8000710508F48BC1E0964EAD5FADE097452B21
:102D900009F484C15091E30E6F965FAF6F9790E096
:102DA00080E00F9455B54B015C01AC019B01C7015C
:102DB000B6010F94F0BC2B013C01A5019401C2584F
:102DC000DF4F688179818A819B81CE57D0400F94F3
:102DD000F0BCEE966CAF7DAF8EAF9FAFEE972D85BA
:102DE0003E854F8558896091D8067091D9068091AB
:102DF000DA069091DB060F94F0BBA50194010F94C5
:102E0000F0BCC258DF4F688379838A839B83CE5797
:102E1000D040A3019201C301B2010F9496B56B019A
:102E20007C01AC019B01C301B2010F9496B520E077
:102E300030E040EC50E40F94F0BC9B01AC01C301C6
:102E4000B2010F94F0BBAE966CAF7DAF8EAF9FAF6B
:102E5000AE9720E030E040E05FE3C701B6010F9499
:102E600096B59B01AC0160E070E080E89FE30F94B1
:102E7000F0BBE6966CAF7DAF8EAF9FAFE697222496
:102E80002394312C6F968FAD6F9781114DC1B10195
:102E900090E080E00F9455B5A30192010F9496B590
:102EA0006B017C010F94EBBC6E966CAF7DAF8EAF67
:102EB0009FAF6E97C701B6010F94B1BF4B015C0184
:102EC000C0908E03D0908F03E0909003F090910318
:102ED000F7FAF094F7F8F09420919203309193036D
:102EE0004091940350919503A2962CAF3DAF4EAF05
:102EF0005FAFA297A70196016E966CAD7DAD8EADCA
:102F00009FAD6E970F9496B56A966CAF7DAF8EAFFE
:102F10009FAF6A97A2962CAD3DAD4EAD5FADA29727
:102F2000C501B4010F9496B59B01AC016A966CADD6
:102F30007DAD8EAD9FAD6A970F94F1BB6A966CAF75
:102F40007DAF8EAF9FAF6A97A7019601C501B4010F
:102F50000F9496B56B017C01A2962CAD3DAD4EADA4
:102F60005FADA2976E966CAD7DAD8EAD9FAD6E9749
:102F70000F9496B59B01AC01C701B6010F94F0BB4D
:102F80006E966CAF7DAF8EAF9FAF6E973091E30EB4
:102F90006F963FAF6F976A962CAD3DAD4EAD5FAD6E
:102FA0006A97EA966CAD7DAD8EAD9FADEA970F94B2
:102FB000F1BB69837A838B839C836E962CAD3DAD88
:102FC0004EAD5FAD6E97CE57DF4F688179818A81B4
:102FD0009B81C258D0400F94F1BB6D837E838F8359
:102FE0009887EE962CAD3DAD4EAD5FADEE97698501
:102FF0007A858B859C850F94F1BB69877A878B874F
:103000009C87C258DF4F288139814A815B81CE5726
:10301000D0406D857E858F8598890F94F1BB6D8733
:103020007E878F87988BCE0101960E94B75CE096D1
:103030008EAD9FADE0972816390608F1E984FA8431
:103040000B851C852D813E814F81588569817A8150
:103050008B819C813F922F92AAEEB6E0BF93AF93F3
:10306000AA968CAC9DACAEACBFACAA97DE011D9607
:103070006D010F940D550F900F900F900F90809150
:10308000040E81113DC0BFEF2B1A3B0AA496EEAD92
:10309000FFADA497E215F30509F0F4CE8CEC96E0B1
:1030A0000E94B75CE090D406F090D5060091D60659
:1030B0001091D7062091D0063091D1064091D206CA
:1030C0005091D3066091CC067091CD068091CE06CA
:1030D0009091CF061F921F92EAEEF6E0FF93EF93D6
:1030E000AA968CAC9DACAEACBFACAA97E8EDCE2E48
:1030F000E6E0DE2E0F940D550F900F900F900F907D
:103100000E94C93E89E893E00F941524EDCB60E05E
:1031100070E0CB01FECBA32CB22C6F960FAD6F9756
:10312000A3961FADA39769CD6F964FAD6F97415092
:103130006F964FAF6F97AE962CAD3DAD4EAD5FAD78
:10314000AE976A966CAD7DAD8EAD9FAD6A970F94CC
:1031500096B56B017C01E6962CAD3DAD4EAD5FADF5
:10316000E6976E966CAD7DAD8EAD9FAD6E970F946C
:1031700096B59B01AC01C701B6010F94F1BB7B0171
:103180008C01E6962CAD3DAD4EAD5FADE6976A96EF
:103190006CAD7DAD8EAD9FAD6A970F9496B54B012A
:1031A0005C01AE962CAD3DAD4EAD5FADAE976E966B
:1031B0006CAD7DAD8EAD9FAD6E970F9496B59B01B6
:1031C000AC01C501B4010F94F0BB6A966CAF7DAF42
:1031D0008EAF9FAF6A97C701D8016E968CAF9DAF37
:1031E000AEAFBFAF6E97D7CE80E50E94A840C12C8E
:1031F000D12C7601882331F00E943B450F9469BDA4
:103200006B017C0183E50E94A840882361F00E9445
:103210003B4520E030E04AE754E40F9496B50F9424
:1032200069BD6B017C01C114D104E104F10441F0DA
:1032300080911C07873021F081E897E10E9460EEC1
:103240000F946D530F948421C60ED71EE81EF91EED
:1032500089E893E00F9415240F9484216C157D0563
:103260008E059F0508F040CB0F94455180E00E94E9
:10327000B48980E00E94945FEFCF81E00F94879142
:1032800033CB80E0FBCF88E50E94A840382E412C4C
:10329000512C3201882321F00E946F402B013C0108
:1032A00089E50E94A840282E882309F43EC00E9488
:1032B0006F406E966CAF7DAF8EAF9FAF6E978AE515
:1032C0000E94A840D82E812C912C5401882321F0F3
:1032D0000E946F404B015C0187E50E94A840679601
:1032E0008FAF679783E40E94A8406796FFAD67970A
:1032F000FF938F93CD2C6E96ECACFDAC0EAD1FAD55
:103300006E97222DB301A201832D0E94A3760F9008
:103310000F903110E9CA2110E7CA67962FAD679761
:103320002111E2CAD110E0CA95CA6E961CAE1DAE3C
:103330001EAE1FAE6E97C3CF08E210E07CE5E72E0D
:1033400077E1F72E602F70E090E080E00F9455B5A4
:103350000E9414419F938F937F936F931F930F93BA
:10336000FF92EF920F948BB90F5F1F4F0FB6F89437
:10337000DEBF0FBECDBF0F36110521F7B5CA20E065
:1033800030E040E251E46091F0037091F1038091EC
:10339000F2039091F3030F947ABE87FF05C086E392
:1033A00098E20E94F370A0CA82E00E94E8EA8111CC
:1033B00005C08BEE91E10E94B7F996CA8091E706AD
:1033C000882341F08091E806882321F01091E906D6
:1033D000111108C081E08093FB1084E49DE20F94FA
:1033E000337D82CA84EA91E10E94B7F941E060E04E
:1033F00080E499E60E94B8F881115FC080E090E017
:10340000A0EAB0E48093F2069093F306A093F4064A
:10341000B093F50660E070E088E492E40F947C6776
:1034200080E090E0A8E4B2E48093F2069093F30683
:10343000A093F406B093F50680E090E0A4E3B3E433
:103440008093EE069093EF06A093F006B093F106FA
:1034500060E070E088E492E40F947C670F946D5311
:1034600083EF98E60E94B7F9E2E7FEE68591959131
:10347000A591B4918093EE069093EF06A093F00689
:10348000B093F106EEE6FEE685919591A591B49193
:103490008093EA069093EB06A093EC06B093ED06BA
:1034A00060E070E088E492E40F947C670F946D53C1
:1034B00041E060E080E00E94847820E030E04CE071
:1034C00052E46091F0037091F1038091F2039091C6
:1034D000F3030F947ABE18160CF075C08091100E8D
:1034E000811171C080E090E0A8ECB2E48093F20614
:1034F0009093F306A093F406B093F50660E070E0B5
:1035000088E492E40F947C670F943E2719821A8214
:103510001B821C821D82CE0101960F94152403E2AA
:103520006BE5E62E65E2F62E20E030E04CE052E45A
:103530006091F0037091F1038091F2039091F30395
:103540000F947ABE1816B4F58EE591E10E9413F13E
:1035500042E864E080E00E94AE601F920F936091A9
:10356000F0037091F1038091F2039091F3030F94B3
:1035700062BD7F936F93FF92EF920E94A65F81E8F6
:103580000E94BC5F88EE93E00E94EF8B0E94DA6E8F
:1035900040E053E567E070E0CE0101960F946822A9
:1035A0000F900F900F900F900F900F90882309F4B9
:1035B000BBCF10E081E00E94C863111104C080E01D
:1035C0000F94740D91C90F946D5381E08093FF0D9A
:1035D0000E94C86388E198E20E94F3708090F00333
:1035E0009090F103A090F203B090F30320E030E05C
:1035F00040EA50E4C501B4010F94F0BC0F9462BDE1
:1036000025E0269FA001279F500D1124BA01550FD8
:10361000880B990B0F9457B51B017C0120E030E01B
:103620004CE052E40F94E6BC87FF06C0212C312CFD
:103630004CE0E42E52E4F52E222D332D4E2D5F2D3D
:10364000C501B4010F947ABE181664F420E030E08E
:1036500040EA50E4622D732D8E2D9F2D0F94F1BB07
:103660001B017C01FF92EF923F922F9283E497E13E
:103670009F938F930F948BB920E030E040EF51E49B
:10368000622D732D8E2D9F2D0F94F0BB20E030E026
:103690004CE852E40F94F1BB0F9462BD7093CB06DB
:1036A0006093CA0684E080931C0781E080935104F4
:1036B00081E59AE30E9460EE80E090E0A0EAB0E449
:1036C0008093F2069093F306A093F406B093F50668
:1036D00060E070E088E492E40F947C6780E090E022
:1036E000A0EAB1E48093EA069093EB06A093EC067F
:1036F000B093ED0680E090E0A0E7B2E48093EE06A0
:103700009093EF06A093F006B093F10660E070E0AE
:1037100088E492E40F947C678AE999E9A9E1BEE321
:103720008093F2069093F306A093F406B093F50607
:1037300060E070E088E492E40F947C670F946D532E
:103740000F900F900F900F900F900F902091F0031B
:103750003091F1034091F2035091F303622D732DE8
:103760008E2D9F2D0F947ABE18163CF488EE93E0B0
:103770000E94EF8B0E94DA6EE9CF60E086EA9FE05C
:103780000F94EDBA80E090E0A0EAB0E48093F206F6
:103790009093F306A093F406B093F50660E070E012
:1037A00088E492E40F947C67EEE6FEE685919591BD
:1037B000A591B4918093EA069093EB06A093EC0652
:1037C000B093ED06E2E7FEE685919591A591B4915F
:1037D0008093EE069093EF06A093F006B093F10667
:1037E00060E070E088E492E40F947C670F946D537E
:1037F00043E060E070E080E89FEB0F94B6938111A6
:1038000005C00F94740D1092FF0D6EC89091F206D2
:1038100067969FAF6797A091F3066B96AFAF6B97D4
:10382000B091F4066F96BFAF6F97E091F506A7963B
:10383000EFAFA797EF93BF93AF939F9386E397E183
:103840009F938F930F948BB90F900F900F900F90C1
:103850000F900F902EEAA22E2FE0B22E33E2C32E4D
:10386000D12C0FEF1FEFB6010D2C000C880B990B1C
:103870000F9457B52B013C01DF92CF92C8010296FD
:103880009F938F932AEF36E13F932F930F948BB939
:1038900048015FEF851A950A0F900F900F900F90D7
:1038A0000F900F9011F40C9438C770E060E0C501E0
:1038B0000F940BBBA3019201622D732D8E2D9F2DB2
:1038C0000F94E6BC181644F485E08816910411F0B4
:1038D0000C9444C705E010E0580197E2A91A98EF4C
:1038E000B90AAA0CBB1C85E0809F1001819F300C97
:1038F00011240D5F1F4F8AE9482E89E9582E89E16E
:10390000682E8EE3782E91EC892E96E1992EC801CF
:10391000029705970CF0D4C0B101635D7F4F072E6D
:10392000000C880B990B0F9457B56B017C011F930A
:103930000F93ADEEB6E1BF93AF930F948BB90093A5
:10394000510420E030E040EF51E4C701B6010F948C
:10395000F0BB20E030E040E251E40F9496B520E067
:1039600030E040EA50E40F94F0BC20E030E048E45E
:1039700052E40F94F1BB0F9462BD7093CB06609339
:10398000CA0680E090E0A0EAB0E48093F20690934B
:10399000F306A093F406B093F50660E070E088E4C7
:1039A00092E40F947C6720E030E040EA51E42093F9
:1039B000EA063093EB064093EC065093ED0680E068
:1039C00090E0A0E7B2E48093EE069093EF06A09318
:1039D000F006B093F10660E070E088E492E40F94A2
:1039E0007C674092F2065092F3066092F406709261
:1039F000F50660E070E088E492E40F947C670F9431
:103A00006D530F900F900F900F902091F003309115
:103A1000F1034091F2035091F303C701B6010F94F3
:103A20007ABE18163CF488EE93E00E94EF8B0E9459
:103A3000DA6EEBCF80E090E0A0EAB0E48093F2068B
:103A40009093F306A093F406B093F50660E070E05F
:103A500088E492E40F947C67EEE6FEE6859195910A
:103A6000A591B4918093EA069093EB06A093EC069F
:103A7000B093ED06E2E7FEE685919591A591B491AC
:103A80008093EE069093EF06A093F006B093F106B4
:103A900060E070E088E492E40F947C670F946D53CB
:103AA00043E060E070E080E89FEB0F94B69395E010
:103AB000290E311C0F5F1F4F811104C00F94740D2C
:103AC00081E09FCE67967FAD67976B966FAD6B97E2
:103AD0006F969FAD6F97A7968FADA797272F362F1D
:103AE000492F582F6091F2067091F3068091F406E9
:103AF0009091F5060F94F0BBF62EE72ED82EC92E26
:103B00002091230E3091240E4091250E5091260EC7
:103B1000D701F6016B2F7A2F8F2F9E2F0F9496B51A
:103B20000F9462BDA6966CAF7DAF8EAF9FAFA69788
:103B3000CF92DF92EF92FF928091F3038F93809167
:103B4000F2038F938091F1038F938091F0038F9311
:103B50009F928F920F948BB9A4966EAD7FADA49770
:103B6000C5010F940BBBA2E0AA0EB11C0FB6F894CE
:103B7000DEBF0FBECDBFCBCE0E948C7E0C94749462
:103B800080E10E9486EA0C94749480913F04887FBF
:103B900080933F040C947494FEEDCF2EF2E0DF2E60
:103BA0008E010F5B1F4F9E012F5F3F4F7901A2EEE9
:103BB0008A2EA2E09A2E58013901D6018D916D010D
:103BC0000E94A840F50181935F01882341F00E9483
:103BD0003B45D7016D937D938D939C931397B4E0F0
:103BE000EB0EF11C8C149D0441F7F801D380DD200D
:103BF00029F120E030E0A9016D857E858F859889C7
:103C00000F94E6BC81111AC0D8018C91811116C0A5
:103C100011968C911197811111C012968C9181117E
:103C20000DC01092F6061092F7061092F806109248
:103C3000F90681E0809319050C9474940F946D53E8
:103C4000F12CE12CF80181918F018823D1F09701AB
:103C50002651394F5901F301EE0DFF1D20813181AD
:103C600042815381F701E159F14F60817181828175
:103C700093810F94F1BBD5016D937D938D939C93AC
:103C80001397B4E0EB0EF11CECE0EE16F104D1F664
:103C9000DD2061F08D859E85AF85B8898093F6061D
:103CA0009093F706A093F806B093F9060F94226359
:103CB0000C94749481E08093100E61E084EC9FE09A
:103CC0000F94EDBA1092FB0360E08FEF9FE00F942A
:103CD000EDBA0E94D6EC0C9474948D3411F00C94CF
:103CE000ADC51093CB050093CA05F80131968191BB
:103CF0008032E9F38930D9F380538A3030F01F9352
:103D00000F9384E098E20C94F0900E9462409093AC
:103D1000030E8093020E893C910511F40C94A8B215
:103D20000CF036C38E34910511F40C940AAE0CF0ED
:103D30002BC28C31910511F40C9469AC0CF000C1CC
:103D40008531910511F40C9482AB0CF05EC0813189
:103D5000910511F40C9479ABECF4029710F40C94E7
:103D6000E8AA8091EB129091EC128F5F9E4E9F9388
:103D70008F931F928DE48F938CEA96E19F938F939C
:103D80000F948BB90F900F900F900F900F900F9092
:103D90000C94CCAA8231910511F40C94C4AF4497D1
:103DA00001F781E08093BF028CE996E10E94F370F5
:103DB00084E50E94A840182F8CE40E94A84000E0EF
:103DC00080FB00F910FB01F98FE695E10E94AE6DD2
:103DD00083E2EFE6F5E1DE01119601900D928A95FE
:103DE000E1F720E050E040E0BE016F5F7F4F89EFD8
:103DF00092E00F94457FCE0101960E94B36D8EE84C
:103E000096E10E94F3700C94CCAA8831910511F4CC
:103E10000C9493AB94F48631910511F40C9486AB19
:103E2000479709F09ECF8091CA059091CB0561E03C
:103E300004960F94AB870C94CCAA8A31910511F4A7
:103E40000C94D9AB14F00C94FBAB0EED12E0FFE335
:103E5000AF2EF2E0BF2EA1E2CA2EA2E0DA2EB5E12B
:103E6000EB2EB2E0FB2E81EE882E82E0982EF80138
:103E700081918F010E94A840882321F10E943B4537
:103E8000D6014D905D906D907C90A30192010F94AE
:103E9000E6BC87FD11C00E943B45F7014080518080
:103EA00062807380A30192010F947ABE181624F0E9
:103EB0000E943B452B013C01D5014D925D926D92D4
:103EC0007C921397B4E0AB0EB11CE4E0CE0ED11C93
:103ED000F4E0EF0EF11C8016910649F683E50E948E
:103EE000A840882311F40C9445BE0E9455408111CE
:103EF0000C94CCAA80E090E0A8E4B2E480933F0266
:103F000090934002A0934102B093420280E090E07F
:103F1000AEE3B3E48093430290934402A09345023E
:103F2000B093460280E090E0A0EAB1E480934702BB
:103F300090934802A0934902B0934A020C94CCAAF1
:103F40008D32910511F40C940EAD0CF0E6C08F315A
:103F5000910511F40C949BAC0CF060C08D3191056F
:103F600011F40C94CCAA4E9709F0FBCE8091EA1480
:103F7000882311F40C94CCAA0F940C7D0091CA05EF
:103F80001091CB050C5F1F4F8091EA14882311F428
:103F90000C94CCAA89E797E10F94E1451092E914BB
:103FA00023961FAF0EAF2397CE018F5B9F4F0F94C9
:103FB0002687882311F40C94CCAA23964EAD5FADCE
:103FC0002397609192157091931519821C8222E0BB
:103FD000CE0101960F94F26B81110C9471AC10E03C
:103FE000CE0101960E94B36D112311F40C948BAC99
:103FF00081E295E20E94CC6E23968EAD9FAD239711
:104000000E9461821092FD171092FE171092FF1706
:10401000109200180F94F0840C94CCAA8A32910567
:1040200011F40C94C2AC8C32910511F40C94F5ACE3
:10403000809709F096CE8091E91481110F946D5309
:104040000091CA051091CB050C5F1F4F61E270E033
:10405000C8010F9420C1009719F08C010F5F1F4F0A
:1040600080E50E94A840F82E8091CA059091CB056A
:104070000817190708F4F12C8091EA14882311F429
:104080000C94CCAA61E06F25C8010F94AB8783E53F
:104090000E94A840882399F08091CA059091CB0591
:1040A0008017910760F40E946F406093FD17709332
:1040B000FE178093FF17909300180F94D27D809184
:1040C000EA14882331F081E08093E91485E080933D
:1040D000110EF1100C94CCAA80917C17882361F00A
:1040E0008091FD179091FE17A091FF17B0910018D5
:1040F000892B8A2B8B2B69F40E94F6401092850342
:1041000010928603109287031092880380E00E9429
:104110004C810F9487310C94CCAA8934910511F409
:104120000C9452ADF4F48E32910511F40C9414AD4C
:104130008834910509F015CE83E50E94A8408823B4
:1041400011F40C9443AD0E945540882311F40C9453
:1041500040AD813011F00C94CCAA8093110E0C94D8
:10416000CCAA8C34910511F40C94F2AD14F00C949B
:1041700005AE8B34910509F0F4CD0E942AFA88230C
:1041800011F40C94CCAAC5CF8E36910511F40C9481
:10419000BBB00CF086C08635910511F40C9414B0B8
:1041A000D4F58335910511F40C94BEAF84F48F34AB
:1041B000910511F40C9475AE8235910509F0D1CDBD
:1041C00080913F04877F80933F040C94CCAA843570
:1041D000910511F40C94C4AF8535910509F0C1CD5A
:1041E00083E50E94A840882311F40C94CCAA0E9475
:1041F0003B4520E030E04AE754E40F9496B50F9435
:1042000069BD6093810370938203809383039093CD
:1042100084030C94CCAA8936910511F40C94D1AE88
:10422000D4F48C35910511F40C9431B08836910595
:1042300009F097CD83E50E94A840882311F40C94DF
:10424000CCAA0E943B450F9462BD70930F0E609301
:104250000E0E0C94CCAA8B36910511F40C94BBAFC6
:1042600014F40C94ADAF8D36910509F07ACD8EE73C
:104270009BE40E9460EE81E080933D040F947149BD
:1042800083E50E94A840882311F40C94E5AE0E94B7
:104290003B450F9462BD70930F0E60930E0E0C940D
:1042A000EBAE8737910511F40C94FDB1ACF5823774
:1042B000910511F40C94B2B1B4F48037910511F466
:1042C0000C94BEAE8137910509F04BCD83E50E9479
:1042D000A840882311F40C94CCB00E9455408093E0
:1042E0002F020C94CCAA8537910511F40C94B5B12A
:1042F00014F00C94C5B18337910509F032CD86E5F1
:104300000E94A840882311F40C94E1B083EA9DE454
:104310000E94F3700C94CCAA8C38910511F40C9483
:10432000C2AE54F48B37910511F40C9462B28D3700
:10433000910509F48ACD15CD8E3B910511F40C94AD
:104340001BAF883C910511F40C9465B28B39910533
:1043500009F007CD83E50E94A840882361F00E9400
:1043600055408093E114882311F40C94DDAE82EE65
:1043700094E10F94152483E40E94A840882311F44B
:104380000C94E1AE0E9455408093E0140C94CCAAAA
:10439000853FF1E09F0711F40C9452BA0CF060C411
:1043A000811531E0930711F40C94D4B50CF024C1BD
:1043B000803D910511F40C9417B40CF077C08D3C3E
:1043C000910511F40C947EB3ACF58B3C910511F47E
:1043D0000C94F5B28C3C910509F0C3CC83E50E94A6
:1043E000A840882311F40C944DB30E943B45609380
:1043F000D70E7093D80E8093D90E9093DA0E6093F7
:104400004B0E70934C0E80934D0E90934E0E84E5A0
:104410000E94A840882311F40C94CCAA0E943B452A
:1044200060934F0E7093500E8093510E9093520EE6
:104430000C94CCAA8E3C910511F40C94F7B38F3CEC
:10444000910509F08ECC83E50E94A840882351F0A5
:104450000E943B4560939A0E70939B0E80939C0E36
:1044600090939D0E86E40E94A840882361F00E94EC
:104470003B450E942E5660939E0E70939F0E809334
:10448000A00E9093A10E8AE50E94A840882311F403
:104490000C94CCAA0E943B456093A20E7093A30E8D
:1044A0008093A40E9093A50E0C94CCAA8C3D9105FC
:1044B00011F40C947EB40CF082C0813D910511F48E
:1044C0000C943BB4863D910509F04BCC80E50E94ED
:1044D000A840882311F40C946AB40E943B452B0138
:1044E0003C0183E50E94A840882311F40C9474B425
:1044F0000E943B454B015C018EE40E94A840D09095
:10450000E30E882329F00E943B450F9469BDD62E07
:1045100082E50E94A840E090E40EF090E50E88232A
:1045200029F00E943B450F9469BD7B0186E40E94FF
:10453000A8400091E60E1091E70E882329F00E9412
:104540003B450F9469BD8B0120E030E0A901C30118
:10455000B2010F94E6BC181614F00C94CCAA20E01B
:1045600030E0A901C501B4010F94E6BC87FF02C089
:104570000C94CCAAA5019401C301B2010F94E6BC2E
:1045800087FF02C00C94CCAA4092DB0E5092DC0E46
:104590006092DD0E7092DE0E8092DF0E9092E00E41
:1045A000A092E10EB092E20ED092E30EF092E50EF0
:1045B000E092E40E1093E70E0093E60EEDC7823E04
:1045C000910511F40C94CFB4803F910509F4E4C730
:1045D0008D3D910509F0C5CB83E50E94A840882355
:1045E00011F40C94BDB40E9462409093BE0280937B
:1045F000BD020E942055D0C78E3551E0950711F4B9
:104600000C94BDC30CF0ECC28E32B1E09B0711F4E8
:104610000C9432B60CF082C08C32F1E09F0711F49A
:104620000C9428B58D32914009F09BCB80E50E9417
:10463000A840882351F00E943B4560937F0E709301
:10464000800E8093810E9093820E89E40E94A84090
:10465000882381F00E943B452CEA35EC47E25EE37B
:104660000F9496B56093830E7093840E8093850E9D
:104670009093860E84E40E94A840882381F00E94D3
:104680003B452CEA35EC47E25EE30F94F0BC6093C7
:10469000870E7093880E8093890E90938A0E0F94E4
:1046A00082308BE19FE20E94CC6E81EE96E20E9406
:1046B000CC6E60917F0E7091800E8091810E9091F2
:1046C000820E42E00E944E6E8DED96E20E94CC6E0C
:1046D0002CEA35EC47E25EE36091830E7091840E24
:1046E0008091850E9091860E0F94F0BC42E00E945E
:1046F0004E6E89ED96E20E94CC6E2CEA35EC47E2D4
:104700005EE36091870E7091880E8091890E909182
:104710008A0E0F9496B50F94DD7C3EC7803331E04E
:10472000930711F40C945BB514F40C9442B68633E1
:10473000914009F016CB89E40E94A840882311F427
:104740000C9475B60E946240AB968FAFAB9782E532
:104750000E94A840882311F40C947BB60E943B452C
:10476000E2966CAF7DAF8EAF9FAFE29780E50E947F
:10477000A840C12CD12C60ECE62E6FE7F62E8823E2
:1047800021F00E943B456B017C0185E50E94A84019
:10479000882311F40C9487B60E943B456E966CAF4B
:1047A0007DAF8EAF9FAF6E9786E50E94A8408823AD
:1047B00011F40C9493B60E943B45A2966CAF7DAF6A
:1047C0008EAF9FAFA29783E40E94A840882311F484
:1047D0000C949FB60E943B456A966CAF7DAF8EAF3E
:1047E0009FAF6A9784E40E94A840882311F40C9438
:1047F000ABB60E943B45AA966CAF7DAF8EAF9FAF24
:10480000AA978CE40E94A8400FEF1FEF882319F0AD
:104810000E9462408C0183E50E94A840882311F425
:104820000C94B7B60E946240E3968FAFE39782E4A0
:104830000E94A840882311F40C94BDB60E946240E7
:10484000E7968FAFE79784E50E94A840882311F48C
:104850000C94C3B60E943B45A6966CAF7DAF8EAF5D
:104860009FAFA69785E40E94A840412C512C50ECA4
:10487000652E5FE7752E882321F00E943B452B01B2
:104880003C0187E50E94A840812C912C40ECA42E8D
:104890004FE7B42E882321F00E943B454B015C0179
:1048A00081E40E94A84022242A94322C882319F003
:1048B0000E9462401C0186E40E94A840882311F4F3
:1048C0000C94CFB60E946240EB968FAFEB97E296C6
:1048D0002CAD3DAD4EAD5FADE297CA01B9010F946D
:1048E000FFBF882311F40C94D9B6A7019601C70124
:1048F000B6010F94FFBF882311F40C94D9B66E96BD
:104900002CAD3DAD4EAD5FAD6E97CA01B9010F94B0
:10491000FFBF882311F40C94D9B6A2962CAD3DADFF
:104920004EAD5FADA297CA01B9010F94FFBF8823B6
:1049300011F40C94D9B66A962CAD3DAD4EAD5FAD79
:104940006A97CA01B9010F94FFBF882311F40C9430
:10495000D9B6AA962CAD3DAD4EAD5FADAA97CA01B2
:10496000B9010F94FFBF882311F40C94D9B6A69611
:104970002CAD3DAD4EAD5FADA697CA01B9010F9408
:10498000FFBF882311F40C94D9B6A5019401C50189
:10499000B4010F94FFBF882311F40C94D9B6A3017E
:1049A0009201C301B2010F94FFBF882311F40C944C
:1049B000D9B6AB96AFADAB97A7FD02C00C94D9B6F4
:1049C000E396BFADE397B7FD02C00C94D9B6E79666
:1049D000EFADE797E7FD02C00C94DEB637FC02C0EE
:1049E0000C9429B717FF02C00C94D5B6CE010196DE
:1049F0000F94C029A7019601C701B6010F94FFBF0C
:104A0000882311F40C94CDB76E962CAD3DAD4EAD10
:104A10005FAD6E97CA01B9010F94FFBF81110EC03F
:104A20006E968CAD9DADAEADBFAD6E9780933713D6
:104A300090933813A0933913B0933A13A2962CADE8
:104A40003DAD4EAD5FADA297CA01B9010F94FFBF56
:104A500081110EC0A2962CAD3DAD4EAD5FADA297BB
:104A600020933B1330933C1340933D1350933E13DC
:104A70006A962CAD3DAD4EAD5FAD6A97CA01B901E6
:104A80000F94FFBF81111BC020E030E0A9016A969E
:104A90006CAD7DAD8EAD9FAD6A970F947ABE181642
:104AA00074F46A968CAD9DADAEADBFAD6A97809340
:104AB0003F1390934013A0934113B0934213AA96CF
:104AC0002CAD3DAD4EAD5FADAA97CA01B9010F94B3
:104AD000FFBF81110EC0AA962CAD3DAD4EAD5FADAE
:104AE000AA97209343133093441340934513509354
:104AF000461317FD03C0C8010F94A826A6962CAD37
:104B00003DAD4EAD5FADA697CA01B9010F94FFBF91
:104B100081110EC0A6968CAD9DADAEADBFADA69772
:104B20008093891390938A13A0938B13B0938C1363
:104B3000A5019401C501B4010F94FFBF811111C0FB
:104B400020E030E0A901C501B4010F947ABE181627
:104B500044F480928D1390928E13A0928F13B09292
:104B60009013A3019201C301B2010F94FFBF811101
:104B700011C020E030E0A901C301B2010F947ABE58
:104B8000181644F44092911350929213609293132A
:104B900070929413C0909113D0909213E09093135D
:104BA000F0909413A701960160918D1370918E136C
:104BB00080918F13909190130F947ABE181644F43D
:104BC000C0928D13D0928E13E0928F13F0929013B7
:104BD0000F942F27CE0101960F94B3290C944FB751
:104BE0008539A1E09A0711F40C9445BA2CF5803967
:104BF000E1E09E0711F40C9441BA8339914009F029
:104C0000B0C880911314813009F0C6C485E40E94B5
:104C1000A84081110E94554086E40E94A84081115D
:104C20000E9455400F94E38F882309F4B5C460E0D7
:104C300080E00F9499B3B0C4843A21E0920711F454
:104C40000C944ABA843F31E0930711F40C944EBAA5
:104C50008639914009F085C880E00E94496B9CC468
:104C6000833C52E0950711F40C9443C50CF0E3C368
:104C70008A35B2E09B0711F40C9454BE0CF073C358
:104C80008D3FF1E09F0711F40C9468BA0CF02EC32D
:104C9000863F31E0930711F40C9456BA873F914058
:104CA00009F05FC880917A0E8F938091790E8F936F
:104CB0008091780E8F938091770E8F938091760EEE
:104CC0008F938091750E8F938091740E8F93809146
:104CD000730E8F938091720E8F938091710E8F93CC
:104CE0008091700E8F9380916F0E8F9301E414E783
:104CF0001F930F931F930F9380916E0E8F9380914C
:104D00006D0E8F9380916C0E8F9380916B0E8F93AD
:104D100080916A0E8F938091690E8F938091680EB7
:104D20008F938091670E8F938091660E8F93809101
:104D3000650E8F938091640E8F938091630E8F9395
:104D40008091620E8F938091610E8F938091600E9F
:104D50008F9380915F0E8F9380915E0E8F938091E1
:104D60005D0E8F9380915C0E8F9380915B0E8F937D
:104D700080915A0E8F938091590E8F938091580E87
:104D80008F938091570E8F938091560E8F938091C1
:104D9000550E8F938091540E8F938091530E8F9365
:104DA0001F930F931F930F938091DA0E8F9380912F
:104DB000D90E8F938091D80E8F938091D70E8F93B9
:104DC0008091520E8F938091510E8F938091500E4F
:104DD0008F9380914F0E8F9380914E0E8F93809181
:104DE0004D0E8F9380914C0E8F9380914B0E8F932D
:104DF0001F930F931F930F938091D20E8F938091E7
:104E0000D10E8F938091D00E8F938091CF0E8F9380
:104E10008091CE0E8F938091CD0E8F938091CC0E8A
:104E20008F938091CB0E8F938091CA0E8F93809138
:104E3000C90E8F938091C80E8F938091C70E8F9368
:104E40008091C60E8F938091C50E8F938091C40E72
:104E50008F938091C30E8F931F930F931F930F9384
:104E600080914A0E8F938091490E8F938091480EC6
:104E70008F938091470E8F938091460E8F938091F0
:104E8000450E8F938091440E8F938091430E8F93A4
:104E90008091420E8F938091410E8F938091400EAE
:104EA0008F9380913F0E8F9380913E0E8F938091D0
:104EB0003D0E8F9380913C0E8F9380913B0E8F938C
:104EC0001F930F931F930F938091C20E8F93809126
:104ED000C10E8F938091C00E8F938091BF0E8F93E0
:104EE0008091BE0E8F938091BD0E8F938091BC0EEA
:104EF0008F938091BB0E8F938091BA0E8F93809188
:104F0000B90E8F938091B80E8F938091B70E8F93C7
:104F10008091B60E8F938091B50E8F938091B40ED1
:104F20008F938091B30E8F931F930F931F930F93C3
:104F300080913A0E8F938091390E8F938091380E25
:104F40008F938091370E8F938091360E8F9380913F
:104F5000350E8F938091340E8F938091330E8F9303
:104F60008091320E8F938091310E8F938091300E0D
:104F70008F9380912F0E8F9380912E0E8F9380911F
:104F80002D0E8F9380912C0E8F9380912B0E8F93EB
:104F90001F930F931F930F938091D60E1F928F93A1
:104FA0008091D50E1F928F938091D40E1F928F9374
:104FB0008091D30E1F928F931F930F931F930F9384
:104FC00080912A0E8F938091290E8F938091280EC5
:104FD0008F938091270E8F938091260E8F938091CF
:104FE000250E8F938091240E8F938091230E8F93A3
:104FF0008091220E8F938091210E8F938091200EAD
:105000008F9380911F0E8F9380911E0E8F938091AE
:105010001D0E8F9380911C0E8F9380911B0E8F938A
:105020001F930F931F930F938CE491E29F938F93A1
:105030000F948BB90FB6F894DEBF0FBECDBF2CEA2C
:1050400035EC47E25EE36091870E7091880E8091A7
:10505000890E90918A0E0F9496B59F938F937F93AC
:105060006F932CEA35EC47E25EE36091830E70911A
:10507000840E8091850E9091860E0F94F0BC9F93C4
:105080008F937F936F938091820E8F938091810E87
:105090008F938091800E8F9380917F0E8F931F93BB
:1050A0000F931F930F938FE191E29F938F930F9430
:1050B0008BB92CEA35EC47E25EE36091930E709178
:1050C000940E8091950E9091960E0F9496B59F93A5
:1050D0008F937F936F932CEA35EC47E25EE3609108
:1050E0008F0E7091900E8091910E9091920E0F9470
:1050F000F0BC9F938F937F936F9380918E0E8F93CD
:1051000080918D0E8F9380918C0E8F9380918B0E5A
:105110008F931F930F931F930F938AEE90E29F93A9
:105120008F930F948BB90FB6F894DEBF0FBECDBF2F
:105130008091990E1F928F931F930F931F930F933C
:1051400020E030E040E752E46091AA0E7091AB0E8F
:105150008091AC0E9091AD0E0F9496B59F938F9366
:105160007F936F938091A90E8F938091A80E8F9358
:105170008091A70E8F938091A60E8F931F930F930C
:105180001F930F938091A50E8F938091A40E8F9300
:105190008091A30E8F938091A20E8F9320E030E038
:1051A00040E752E460919E0E70919F0E8091A00E98
:1051B0009091A10E0F9496B59F938F937F936F93C9
:1051C00080919D0E8F9380919C0E8F9380919B0E6A
:1051D0008F9380919A0E8F931F930F931F930F932A
:1051E00089EE9FE19F938F930F948BB90FB6F8943C
:1051F000DEBF0FBECDBF8091AE0E882311F40C949C
:105200005ABA8091B20E8F938091B10E8F93809194
:10521000B00E8F938091AF0E8F931F930F931F93B8
:105220000F9383EC9FE19F938F930F948BB90FB6ED
:10523000F894DEBF0FBECDBF8091E70E8F938091B3
:10524000E60E8F938091E50E8F938091E40E8F93FD
:105250008091E30E1F928F938091E20E8F93809145
:10526000E10E8F938091E00E8F938091DF0E8F93EC
:105270008091DE0E8F938091DD0E8F938091DC0EF6
:105280008F938091DB0E8F9301E414E71F930F93AC
:105290001F930F9382E29FE19F938F930F948BB99B
:1052A0000F94E7258DEE9FE00F94D1BAF62EE72EEE
:1052B000D82EC92E81EF9FE00F94D1BACF92DF9202
:1052C000EF92FF929F938F937F936F931F930F9310
:1052D0001F930F9381E09FE19F938F930F948BB95E
:1052E0000FB6F894DEBF0FBECDBF56C1883552E071
:1052F000950711F40C9472BA14F00C94259F88321F
:10530000924011F00C94B19E80E50E94A840882341
:1053100009F442C11092C0061092C1061092C20652
:105320001092C30600EC16E04AE2F42EE091CA05A2
:10533000F091CB05F0820E946240D8018D938D01DF
:10534000B6E0043C1B0709F427C18EE20E94A84086
:105350008111ECCF1092C0061092C1061092C206C5
:105360001092C30619C18E3BE2E09E0711F40C9423
:1053700003C50CF04DC08B3522E0920711F40C945C
:105380005CBE8D3B924011F00C94B19E8091131441
:10539000813011F40C94A2C41FEF8CE40E94A84049
:1053A000C12CD12C6CE8E62E62E4F62E882321F085
:1053B0000E943B456B017C018AE50E94A84088233E
:1053C00011F40C94B3C40E943B459F770E94CF5EBA
:1053D0004B015C018AE50E94A840082F0F94128FB0
:1053E00086E10F94714980911314813011F00C946F
:1053F000B8C4153018F4812F0F94FD0E1092FE03DF
:105400000F945083C501B40190580E94CF5EC4C070
:10541000813C42E0940711F40C9437C514F00C94CD
:105420003DC5803C924011F00C94B19E80EC92E01E
:105430000E94D944B1C08438B3E09B0711F40C94A6
:10544000EAC10CF097C08235F3E09F0711F40C9489
:1054500062BE9CF5843C32E0930711F40C9460C565
:10546000853C924011F00C94B19E83E50E94A840C7
:10547000882351F00E945540882311F40C948CC568
:10548000813011F40C9499C580911314813091F4FA
:1054900088E50E94A840882369F00E945540813029
:1054A00011F40C94A7C510F40C94A2C58A3211F41F
:1054B0000C94ABC50F94197D6FC08D3553E09507E3
:1054C00011F40C94D8BF8E35A3E09A0711F40C9414
:1054D00070C08C35934011F00C94B19E83E50E940E
:1054E000A840882309F458C00E9462408C018EE7CE
:1054F00091E10E9460EE80E296E20E94CC6EC801CB
:105500000F942B7D0F9484214B015C0110920D0EA2
:1055100080910E0E90910F0E892B41F4FF24F3948D
:105520008091CA069091CB06892B09F0F12C2801B5
:10553000012E000C66087708F1100C9498BF80913A
:105540000D0E811112C0C301B2010F9457B5209105
:10555000F0033091F1034091F2035091F3030F9463
:105560007ABE181614F40C94AABF8BE19FE20E9435
:1055700060EE12C08139E3E09E0711F40C941DC364
:105580008CF48B3823E0920711F40C9499C28C3878
:10559000934011F00C94B19E1092030E1092020EE3
:1055A0000C94A68F843943E0940714F40C946CC3D4
:1055B000803A934011F00C94B19E8091CA0590916D
:1055C000CB0521E02093E81405960F94CA8DE4CF13
:1055D0000091CA051091CB050E5F1F4F80E50E9418
:1055E000A840C12CD12C7601882321F00E946F4065
:1055F0006B017C0183E50E94A840882351F00E9442
:105600006F409B01AC01A8EEB3E00F945EBB6B0151
:105610007C01C8010F5F1F4FDC014C914032C9F380
:1056200026E020931C07C114D104E104F104A1F584
:105630002C91222389F10E9483EE0F946D53809167
:105640002D04846080932D0489E893E00F94152441
:10565000C114D104E104F104A1F10F948421C60E18
:10566000D71EE81EF91E84E08093BF020F948421A8
:105670006C157D058E059F05D8F082E08093BF02F2
:1056800080912D048B7F80932D048091E9148823D1
:1056900059F110921C0780CF8091100E811105C026
:1056A00083E991E10E9460EEC8CF10921C07C5CF3C
:1056B0000E9450688111E1CF90E080E00E94EF8B62
:1056C000D5CF1091BF0284E08093BF020E944B6847
:1056D0000E945068811105C090E080E00E94EF8B2D
:1056E000F7CF1093BF02CCCF8AE59CE60E9460EE14
:1056F00053CF8AE891E10E9460EE179816981598AA
:1057000014984ACF81E00F94228946CF1092E91471
:105710001092EA1481E494E70E94CC6E88EF9CE238
:105720000E94F37039CF0E940157882319F00E941C
:105730002DEF32CF0E942AFA882309F42DCF8091D1
:105740007C17882361F08091FD179091FE17A0913E
:10575000FF17B0910018892B8A2B8B2B69F40E94BC
:10576000F6401092850310928603109287031092E0
:10577000880380E00E944C818091EA14882331F0F4
:1057800081E08093E91485E08093110E0F948731B6
:1057900080911314813009F0FFCE8091E9138823A2
:1057A00009F4FACE809110188111F6CE0F9460B4EE
:1057B000F3CE8091EA14882309F4EECE83E50E94AB
:1057C000A840882309F4E8CE0E946F406B017C0159
:1057D000C092FD17D092FE17E092FF17F0920018CA
:1057E0000F94D27DC0928503D0928603E092870306
:1057F000F0928803D1CE80E50E94A840182F0E9425
:105800000157882391F08091010E882349F08091FF
:105810006A02811105C08BE495E20E94F370BCCE50
:105820008FE395E20E94F370B7CE8091E91488234C
:1058300009F44AC01123E1F10F9457820E94C46E0B
:1058400082E195E10E94CC6E6091FD177091FE1788
:105850008091FF17909100184AE00E94CD6D8FE271
:105860000E94B96D6091F6177091F7178091F81743
:105870009091F9174AE00E94CD6D0E94C46E0F947A
:10588000AF302CE330E040E050E00F943CBBC90166
:105890006CE370E00F9492BB8C0190E080E00E947A
:1058A000326E8AE30E94B96DC8010F942B7D74CECD
:1058B00080910015882329F080E095E10E946182A3
:1058C000BFCF8BEE94E1FACF8FE295E20E94F370A6
:1058D00063CE8091CA059091CB0504960F94CA8D32
:1058E0005BCECE0101960F94B37E882311F40C9405
:1058F000EF9F61E0CE0101960F949245009711F45D
:105900000C94EF9F25EEFC0120831C820F948640AF
:10591000182F0C94F09F89E095E20E94CC6E23969C
:105920008EAD9FAD23970E9455828EE20E94B96D85
:105930000E94C46E31CE0F94AF302CE330E040E0D3
:1059400050E00F943CBB7F936F933F932F9385EF71
:1059500097E29F938F938E010F5F1F4F1F930F93BB
:105960000F94E0B981E494E70E94CC6EC8010E94D4
:105970006182C8010E9483EE0FB6F894DEBF0FBEAD
:10598000CDBF0ACE83E50E94A840882309F404CE47
:105990000E945540082F80E50E94A8401DE0882302
:1059A00019F00E945540182FE9EDF7E285EF97E2D4
:1059B0002491211709F4F0CD31968E179F07C1F776
:1059C000163081F40093410461E0812F0E942EE59E
:1059D000602F812F0E9400E5602F70E0812F0E94D0
:1059E0005FE5DACD17FDD8CDEFCF80E10E9486EAE2
:1059F00081EA9DE00F94C9BA3BE0839FC001112466
:105A000070E060E0805B924F0F940BBB82E00E94DD
:105A100086EA0E94C73F0E94F551BECD8AE50E94EA
:105A2000A8400F940495B8CD80915A17882319F196
:105A3000CE0101960F94328E8823C1F089810E9495
:105A4000B96D8EE20E94B96D8A810E94B96D8EE2B5
:105A50000E94B96D8B810E94B96D8EE20E94B96D72
:105A60008C810E94B96D0E94C46E96CD89EB97E23D
:105A70000E94CC6E91CD85EB97E20E94F3708CCDA5
:105A80001092110E89CD8091110E1F928F938CE789
:105A900096E19F938F930F948BB90F900F900F9077
:105AA0000F907ACD80E50E94A840882321F00E94C3
:105AB00055408093AE0282E50E94A840882341F0C1
:105AC0000E943B450F9469BD7093B2026093B1028E
:105AD00081E50E94A840882321F00E9455408093D0
:105AE000AD0283E50E94A840882341F00E943B4517
:105AF0000F9469BD7093B6026093B50283E40E946F
:105B0000A8408823A9F00E943B456B017C0120E05E
:105B100030E0A9010F94E6BC6FEF7FEF181624F474
:105B2000C701B6010F9469BD7093B0026093AF02D4
:105B300084E40E94A8408823A9F00E943B456B01A1
:105B40007C0120E030E0A9010F94E6BC6FEF7FEF0D
:105B5000181624F4C701B6010F9469BD7093B402FE
:105B60006093B3028091B0028F938091AF028F93C4
:105B70008091B2028F938091B1028F938091AE0297
:105B8000282F082E000C330B3F938F9382E296E16F
:105B90009F938F9309E216E11F930F930F948BB994
:105BA0008091B4028F938091B3028F938091B6025B
:105BB0008F938091B5028F938091AD02282F082E8C
:105BC000000C330B3F938F938BE196E19F938F9360
:105BD0001F930F930F948BB90FB6F894DEBF0FBECF
:105BE000CDBFDACC8091F403813009F0D5CC82E0CE
:105BF0008093F4030F9484216093B4067093B506E8
:105C00008093B6069093B706C7CC0F94AB310E9431
:105C10008655C2CC0E940C578823C1F16091E403E1
:105C20007091E5038091E6039091E70328EE33E05D
:105C300040E050E00F943CBB122F032FF42EE52ED2
:105C40000F94AF302CE330E040E050E00F943CBBC9
:105C5000B901CA0140EA5FE22BEA3FE29F938F93CA
:105C60007F936F935F934F93EF92FF920F931F93E6
:105C70003F932F9385E096E19F938F930F948BB979
:105C80000FB6F894DEBF0FBECDBF86CC83E50E9471
:105C9000A840882351F00E943B450F9469BDAB0199
:105CA000BC0181EF9FE00F94FFBA84E50E94A840F9
:105CB000882351F00E943B450F9469BDAB01BC01A4
:105CC0008DEE9FE00F94FFBA81EF9FE00F94D1BA61
:105CD000162F072FF82EE92E8DEE9FE00F94D1BAE4
:105CE00049EB5FE22AEC3FE2B9CF85EF93E00F94F6
:105CF000152483E50E94A840882309F162E270E040
:105D00008091CA059091CB050F9420C18C01892BFD
:105D1000B1F00F5F1F4F62E270E0C8010F9420C125
:105D2000892B69F0EEEAF6E083E0DF011D928A95A7
:105D3000E9F742E050E0B801CF010F9449C18CE887
:105D40009FE00F94C9BA813009F026CC0E94F75623
:105D5000882309F421CC0E940157882309F41CCC24
:105D600080914805882329F083EE95E10E94F37025
:105D700013CC86EC95E10E94F3700ECC89EA95E194
:105D80000E94AA7183E50E94A840882309F404CCEC
:105D90000E943B450F9462BD7093CB066093CA0688
:105DA000FBCB81EB97E20E94CC6E0E943A700E947E
:105DB0003E6D81E08093FB10EFCB1092E2140C94C7
:105DC000BBA181E08093E014E7CB82E50E94A8406C
:105DD00081110C9447A10F9484216B017C01609187
:105DE0000E0E70910F0E072E000C880B990B0F945E
:105DF00057B511E02091080E3091090E40910A0E1E
:105E000050910B0E0F947ABE18160CF010E0109300
:105E1000070EC701B6010F94418A80E79BE40E94F8
:105E200060EE82E080933D040F94714989E893E02D
:105E30000F941524B1CB84E69BE40E9460EE83E0CE
:105E400080933D0481E00F94714983E50E94A8404E
:105E5000182F882349F00E943B450F9462BD709330
:105E6000CB066093CA0605C082E50E94A840811156
:105E7000F2CF0F9484216B017C0110920D0E609182
:105E8000CA067091CB06072E000C880B990B0F9455
:105E900057B501E02091490530914A0540914B05E5
:105EA00050914C050F947ABE18160CF000E0009348
:105EB000070E80910D0E81111CC06091CA06709171
:105EC000CB06072E000C880B990B0F9457B59B013E
:105ED000AC016091490570914A0580914B05909104
:105EE0004C05E091070EEE2381F00F94E6BC87FD90
:105EF00012C08BE59BE40E9460EE84E080933D0439
:105F000089E893E00F94152447CB0F947ABE1816B6
:105F100084F71111EECF80910C0E823051F30F9463
:105F200084216C197D098E099F09693E73408105A2
:105F3000910550F08091100E811102C00E94DA6E1E
:105F40000F9484216B017C010F94455180E00E94E5
:105F5000B48980E00E94945FACCF83E50E94A840A2
:105F6000882329F00E9455408093410415CB8FEF80
:105F70008093410411CB109241040ECB80913F04D9
:105F8000886080933F0408CB83E50E94A840882363
:105F900099F00E943B4520E030E04AE754E40F943A
:105FA00096B50F9469BD6093340270933502809367
:105FB000360290933702F0CA88E50E94A8408823F1
:105FC000D1F00F946D5388E50E94A840811128C03C
:105FD00089E50E94A840882319F0169A1092E806D5
:105FE0008AE50E94A84085E40E94A840882309F41D
:105FF000D3CA149AD1CA89E50E94A8408111E1CF81
:106000008AE50E94A8408111DCCF85E40E94A84067
:106010008111D7CF0F946D53149A0E949D81BCCAF1
:10602000179A1092E706D4CF83E50E94A8408823F0
:1060300009F4B2CA0E943B4520E030E04AE754E44C
:106040000F9496B50F9469BD60933002709331023E
:1060500080933202909333028CE396E00F941524E0
:106060009BCA7EEDC72E72E0D72EE7E1EE2EEEE062
:10607000FE2E10E0F60181916F010E94A840882356
:1060800009F467C00E943B452B013C01133009F025
:106090006AC020E030E040EA51E40F94E6BC87FF9C
:1060A0004EC0A30192016091270E7091280E80913D
:1060B000290E90912A0E0F94F0BC4B015C01AC01AB
:1060C0009B0160916B0E70916C0E80916D0E9091A2
:1060D0006E0E0F9496B560936B0E70936C0E80935A
:1060E0006D0E90936E0E2090710230907202A50199
:1060F0009401D1011C966D917D918D919C911F977A
:106100000F9496B5F10164877587868797876091AC
:10611000B9057091BA058091BB059091BC050F94AB
:1061200055B5A50194010F9496B50F9469BD609380
:10613000B9057093BA058093BB059093BC05409256
:10614000270E5092280E6092290E70922A0E0F94FC
:106150009783B4E0EB0EF11C1F5F143009F08ACF77
:106160000F94545419CAD70114964D925D926D92B2
:106170007C921797EECF8EE40E94A840882309F402
:106180000BCA0E946F4060937D0370937E038093DF
:106190007F039093800300CA81E494E70E94CC6E51
:1061A000C0902F02D12CF12CE12C8AEA97E20E94B8
:1061B000CC6E4AE0C701B6010E94CD6D0E94C46E4C
:1061C000EBC985E50E94A840882309F457C00091D7
:1061D000CA051091CB050F5F1F4F1093CB0500939D
:1061E000CA0580915704882309F4D6C9BE016F5FA0
:1061F0007F4FC8010E9413ED882309F4CDC985EEB5
:1062000096E4DE011196BE01675F7F4FFC01459168
:1062100054912D913D914217530710F40C945AC795
:106220002417350708F4B8C90296A617B70771F7FF
:10623000B3C94EE251E163E080E00E94A26040E019
:1062400068EE73E082E390E00F94B73E84EF91E054
:106250000E94EF8B40E068EE73E082E390E00F94E1
:10626000B73E8EE190E00E94B4EF81E00E94C863E7
:106270000E94FE6080E00E94945F8EC941E150E080
:1062800060E87CE0CE0101960F94B9BA8CE897E201
:106290000E94CC6E83EA9DE40E94CC6E8AE897E26D
:1062A0000E94CC6E85E897E20E94CC6E83E897E26C
:1062B0000E94CC6E89E797E20E94CC6E8FE197E254
:1062C0000E94CC6E8BE197E20E94CC6E8CE097E24C
:1062D0000E94CC6ECE0101960E9455828AEF96E212
:1062E0000E94CC6E89EF96E20E94F3701F9261E3E8
:1062F000F62EFF9288EF94E29F938F9301EB14E2C6
:106300001F930F930F948BB91F92FF9288EE94E224
:106310009F938F931F930F930F948BB91F92FF92AC
:1063200084ED94E29F938F931F930F930F948BB9F7
:106330001F92FF9287EC94E29F938F931F930F938A
:106340000F948BB91F92FF928CEB94E29F938F93E3
:106350001F930F930F948BB90FB6F894DEBF0FBE47
:10636000CDBF1AC90E94BF6F17C9E091CA05F0914D
:10637000CB05CF0104962481203209F401960E94B6
:1063800083EE87E080931C0707C90091CA0510912E
:10639000CB050B5F1F4F83E0F12C40E08150E9F00B
:1063A000D8019C91292F2B7F2134B9F411962C917F
:1063B000213399F4913471F0953409F441E0980156
:1063C0002E5F3F4F89012F5F3F4FF8019081903240
:1063D000C9F3E4CFFF24F394F2CF442321F081E406
:1063E00094E70E94CC6EFF2021F086EF96E20E9497
:1063F000CC6EC8010E946182CFC880E995E10E94FD
:10640000CC6E0E94C46E88E895E10E94CC6E1E9905
:1064100047C083E895E10E94CC6E0E94C46E81E77C
:1064200095E10E94CC6E8091060182FD3CC083E81C
:1064300095E10E94CC6E0E94C46E89E695E10E94AF
:10644000CC6E1D9933C083E895E10E94CC6E0E940A
:10645000C46E81E695E10E94CC6E8091060187FDB5
:1064600028C083E895E10E94CC6E0E94C46E89E545
:1064700095E10E94CC6E1C991FC083E895E10E94B3
:10648000CC6E0E94C46E81E595E10E94CC6E019BAA
:1064900016C083E895E10E94CC6E0E94C46E7CC851
:1064A00089E795E1B8CF89E795E1C3CF89E795E121
:1064B000CCCF89E795E1D7CF89E795E1E0CF89E7B0
:1064C00095E1E9CF0E94EB5567C884E50E94A8409A
:1064D000882369F00E945540882349F081E494E7BD
:1064E0000E94CC6E8AE395E10E94558255C884E4EF
:1064F0000E94A840882309F44FC80E943B4520E031
:1065000030E0A9010F94E6BC811105C01092AE0ED7
:106510000E94205541C80E943B456B017C0120E050
:1065200030E0A9010F94E6BC811106C0C12CD12C2A
:1065300050EEE52E5FE3F52EC092AF0ED092B00E76
:10654000E092B10EF092B20E81E08093AE0EE0CFF9
:106550003EEDC32E32E0D32E47E1E42E4EE0F42E82
:1065600010E0D6018D916D010E94A840882341F171
:106570000E943B450F9469BD12304CF5653CB9E073
:106580007B078105910540F5562F472F382F292F7E
:10659000613CE3E07E078105910520F050EC43E08B
:1065A00030E020E0D70194966D937D938D939C937A
:1065B0009797F701E455FF4F50834183328323833C
:1065C000B4E0EB0EF11C1F5F143059F6C9CD562F05
:1065D000472F382F292FE6CF50EC43E030E020E062
:1065E00064EC79E080E090E0DDCF9EEDA92E92E0B2
:1065F000B92E27E1C22E2EE0D22E912CF5018191E9
:106600005F010E94A840882371F10E943B457B01F5
:106610008C01F1E0F915B8F120E030E048E453E4F2
:106620000F947ABE181644F15E2C6F2C702E812EBA
:1066300020E030E048EC52E4B701C8010F947ABE84
:10664000181634F1852D962DA72DB82DF601848BC3
:10665000958BA68BB78BC701D801E456FF4F80837B
:106660009183A283B3839394F4E0CF0ED11C24E0F2
:106670009212C4CF0C94CCAA512C612CB8E47B2E7E
:1066800083E4882ED5CF562E6F2C782E812EDACF2C
:10669000E12CF12C08EC12E4D5CF80E50E94A84053
:1066A000882351F00E943B4560934B0E70934C0E33
:1066B00080934D0E90934E0E82E50E94A840882351
:1066C00051F00E943B4560934F0E7093500E8093A3
:1066D000510E9093520E84E50E94A840882311F435
:1066E0000C94CCAA0E943B456093D70E7093D80EB1
:1066F0008093D90E9093DA0E0C94CCAA83E50E9475
:10670000A840882351F00E943B456093530E70933C
:10671000540E8093550E9093560E84E50E94A84027
:10672000882351F00E943B456093570E7093580E9A
:106730008093590E90935A0E82E40E94A8408823B9
:1067400061F00E943B450F9469BD60935B0E7093AE
:106750005C0E80935D0E90935E0E88E50E94A840CB
:10676000882391F00E943B456093630E7093640E02
:106770008093650E9093660E60935F0E7093600E2B
:106780008093610E9093620E89E50E94A840882351
:1067900051F00E943B456093630E7093640E8093AA
:1067A000650E9093660E8AE50E94A840882351F0FA
:1067B0000E943B456093670E7093680E8093690E4C
:1067C00090936A0E85E40E94A840882311F40C94EB
:1067D000CCAA0E943B450E94E78060936B0E7093A9
:1067E0006C0E80936D0E90936E0E0C94CCAA0EEDF1
:1067F00012E0FFE6EF2EFEE0FF2EA1EECA2EA2E091
:10680000DA2ED8018D918D010E94A840882339F09D
:106810000E943B45F7016083718382839383F4E098
:10682000EF0EF11CC016D10661F70C94CCAA83E5DB
:106830000E94A840882351F00E943B456093A60E19
:106840007093A70E8093A80E9093A90E86E40E94E1
:10685000A840882311F40C94CCAA0E943B450E94C6
:106860002E566093AA0E7093AB0E8093AC0E90934D
:10687000AD0E0C94CCAA83E50E94A840882311F4A5
:106880000C94CCAA0E9455408823C1F08130E1F0DD
:1068900081E494E70E94CC6E87E295E10E94CC6E81
:1068A0008091EB129091EC128F5F9E4E0E94558268
:1068B00081EF96E20E94F3700C94CCAA1092990E8C
:1068C0001092E6060C94CCAA8093990E1092E606DC
:1068D0000C94CCAA4090DB0E5090DC0E6090DD0E44
:1068E0007090DE0E0C9471A28090DF0E9090E00EFE
:1068F000A090E10EB090E20E0C947CA282E40E9483
:10690000A840182F882341F08091390290913A02D3
:1069100090932E0280932D0283E50E94A840082FB9
:10692000882339F00E94624090933A0280933902A2
:10693000102F82E50E94A840882351F080912D02FB
:1069400090912E0290933A02809339020C94CCAA33
:1069500011110C94CCAA80913A028F938091390244
:106960008F938BEE96E29F938F930F948BB90F903A
:106970000F900F900F900C94CCAA8091BE028F9331
:106980008091BD028F9385EE96E29F938F930F9433
:106990008BB90F900F900F900F900C94CCAA80E5BC
:1069A0000E94A840882311F40C94CCAA0E94624053
:1069B0007C0183E50E94A8400FEF1FEF882319F0A8
:1069C0000E9462408C01C8010196039710F00C945C
:1069D000CCAAE9EDF7E28491082E000C990BE81699
:1069E000F90611F40C94CCAA319627E2E53FF207A0
:1069F00091F7F7FE02C00C94CCAA0F946D53DE2CD5
:106A000060E08E2D0E942EE50F3F1007B1F001309F
:106A1000110511F010E000E08D2D0E94D7E48017E1
:106A2000910711F40C94CCAA0F94455180E00E9478
:106A3000B48980E00E94945FEFCF8E2D0E94D7E44E
:106A400031E020E0892B09F030E0032F122FE4CF52
:106A500080E50E94A84008EE13E0882389F00E9498
:106A60003B4520E030EC4AE555E40F94E6BC0CEAE7
:106A70001DE087FF05C00E943B450F9469BD8B0157
:106A800083E50E94A840882371F00E943B450F9443
:106A900069BD6115710549F4B80190E080E00F947B
:106AA00051210C94CCAA70E060E040E0C8010F9442
:106AB000B73E0C94CCAA80E50E94A840882351F0F0
:106AC0000E943B4560938B0E70938C0E80938D0ECD
:106AD00090938E0E89E40E94A840882381F00E9442
:106AE0003B452CEA35EC47E25EE30F9496B56093A4
:106AF0008F0E7093900E8093910E9093920E84E47B
:106B00000E94A840882381F00E943B452CEA35EC86
:106B100047E25EE30F94F0BC6093930E7093940E83
:106B20008093950E9093960E0F9482308BE19FE2A6
:106B30000E94CC6E85ED96E20E94CC6E60918B0E29
:106B400070918C0E80918D0E90918E0E42E00E947D
:106B50004E6E81ED96E20E94CC6E2CEA35EC47E257
:106B60005EE360918F0E7091900E8091910E9091E6
:106B7000920E0F94F0BC42E00E944E6E8DEC96E2B5
:106B80000E94CC6E2CEA35EC47E25EE36091930EF6
:106B90007091940E8091950E9091960E0F9496B5EB
:106BA0000F94DD7C0C94CCAA80916204882311F4AC
:106BB0000C94CCAA82E40E94A840882321F00E9471
:106BC00055408093610484E40E94A840882321F00A
:106BD0000E9455408093600483E50E94A84088236A
:106BE00031F00E945540833010F480934F0284E5C9
:106BF0000E94A840882379F00E9462400F9764F1B8
:106C00000E9462408538934054F50E946240909300
:106C10004E0280934D0280914E028F9380914D02DF
:106C20008F9380914F021F928F93809160041F92E7
:106C30008F93809161041F928F9387EB96E29F93CD
:106C40008F930F948BB90E9434890FB6F894DEBFEE
:106C50000FBECDBF0C94CCAA8FE090E0D8CF84E8D3
:106C600093E0D5CF83E50E94A840882341F00E949D
:106C7000624090936C0280936B020C94CCAA90E0DB
:106C800080E0F7CF85E40E94A84010E000E0882370
:106C900059F00E9462408C01C12CD12C7CE8E72E77
:106CA00072E4F72E97FD06C0C12CD12CE6E1EE2E42
:106CB000E3E4FE2E83E50E94A840882321F00E9491
:106CC0003B456B017C0183E40E94A840882351F07E
:106CD0000E9462409C01A801C701B6010F94A24D19
:106CE0000C94CCAA85E090E0F5CF9FEFAB969FAFD8
:106CF000AB970C94A7A320E030E040EC5FE7E2966E
:106D00002CAF3DAF4EAF5FAFE2970C94B6A380E0DF
:106D100090E0A0ECBFE76E968CAF9DAFAEAFBFAF7B
:106D20006E970C94D4A320E030E040EC5FE7A2968D
:106D30002CAF3DAF4EAF5FAFA2970C94E3A380E0C2
:106D400090E0A0ECBFE76A968CAF9DAFAEAFBFAF4F
:106D50006A970C94F2A320E030E040EC5FE7AA963B
:106D60002CAF3DAF4EAF5FAFAA970C9401A43FEF9D
:106D7000E3963FAFE3970C9417A44FEFE7964FAF1E
:106D8000E7970C9423A480E090E0A0ECBFE7A696E0
:106D90008CAF9DAFAEAFBFAFA6970C9432A49FEF60
:106DA000EB969FAFEB970C9467A40F94E7250C9498
:106DB000CCAAE796FFADE797F7FD09C081E0E7961B
:106DC0002FADE797211101C080E080933D02A7011C
:106DD0009601C701B6010F94FFBF882311F40C94EC
:106DE000F6A46E962CAD3DAD4EAD5FAD6E97CA016B
:106DF000B9010F94FFBF882311F40C94F6A4A29656
:106E00002CAD3DAD4EAD5FADA297CA01B9010F9457
:106E1000FFBF882311F40C94F6A46A962CAD3DAD07
:106E20004EAD5FAD6A97CA01B9010F94FFBF8823C9
:106E300011F40C94F6A4AA962CAD3DAD4EAD5FAD09
:106E4000AA97CA01B9010F94FFBF882311F40C94CB
:106E5000F6A417FD02C00C9479C7A6962CAD3DADE3
:106E60004EAD5FADA697CA01B9010F94FFBF88234D
:106E700011F40C94F6A4A5019401C501B4010F947A
:106E8000FFBF882311F40C94F6A4A3019201C3015F
:106E9000B2010F94FFBF882311F40C94F6A4AB96B3
:106EA0009FADAB9797FD3BC0E2962CAD3DAD4EAD8F
:106EB0005FADE297CA01B9010F94FFBF81112FC0E6
:106EC000AB96AFADAB97A03154F520E030E0A9010F
:106ED000E2966CAD7DAD8EAD9FADE2970F94E6BCB2
:106EE0001816ECF4CE0101960F94C029AB96BFADF5
:106EF000AB9724E0B202F0011124E75BFC4EE2966E
:106F00008CAD9DADAEADBFADE29780839183A28382
:106F1000B3830F942F27CE0101960F94B329E396E4
:106F20009FADE39797FD06C081E0911101C080E01D
:106F30000F94632A37FE02C00C94CCAA11E0EB96A2
:106F4000AFADEB971A160CF010E081E080933C0295
:106F50008091FD0D9091FE0D891B8F7041F4809101
:106F60000C0E853079F10E945D57882359F18FE925
:106F700094E29F938F93E1E0F0E0EC0FFD1FFF930D
:106F8000EF930F94E0B9CE0101960E944FEE0F905F
:106F90000F900F900F900C94CCAA20E030E0A90144
:106FA000C701B6010F947ABE181614F00C9404A50C
:106FB000C0923313D0923413E0923513F09236130B
:106FC0000C9404A583E08093BF0280912D0482601D
:106FD00080932D040F94931920913F133091401307
:106FE00040914113509142136E962CAF3DAF4EAF7E
:106FF0005FAF6E9780E4E9E4F3E1DE011196019062
:107000000D928A95E1F73091780567963FAF6797C3
:10701000812F0F94852A89E894E20E94F37021144D
:10702000310419F426EE222E312C80E00F94DD2558
:1070300082E0482E512C9DE6692E94E2792EAE0115
:107040004F5B5F4F4A0112E310920F0E10920E0E2B
:1070500020E030E048E452E46091080E7091090E9F
:1070600080910A0E90910B0E0F947ABE87FD58C046
:107070001F921F9383E594E29F938F939F928F9229
:107080000F94E0B9C4010E944FEE009141048FEFCC
:107090000F94DD250F900F900F900F900F900F9091
:1070A000C090080ED090090EE0900A0EF0900B0EE2
:1070B00020E030E048E452E4C701B6010F947ABE04
:1070C00087FD27C080917605811123C02091B806E5
:1070D0003091B9064091BA065091BB066091891370
:1070E00070918A1380918B1390918C130F94F1BB44
:1070F00020E030E040EA50E40F94F1BB9B01AC018A
:10710000C701B6010F94E6BC87FD03C00F941E5360
:10711000C7CF802F0F94DD2580E197E20F944B536A
:107120007F926F92E5E4F4E2FF93EF939F928F9248
:107130000F94E0B9C4010E944FEE30920F0E2092DE
:107140000E0E0F9412105C01809176050F900F9037
:107150000F900F900F900F9081117AC0A114B1047D
:1071600009F476C06091491370914A1380914B13D2
:1071700090914C139B01AC010F94FFBF882361F0E9
:1071800080E090E0A8E4B2E48093491390934A131E
:10719000A0934B13B0934C13C090B806D090B9068F
:1071A000E090BA06F090BB0600E020E030E040EA54
:1071B00051E46FE373E1C5010E9400E39B01AC0160
:1071C0000F94FFBF811144C00F9429534A9445285E
:1071D00009F485C080E395E70F944B533F922F92BB
:1071E0007F926F9248E354E25F934F939F928F9206
:1071F0000F94E0B9C4010E944FEE0F941210209139
:1072000076050FB6F894DEBF0FBECDBF211120C0AA
:107210000097F1F0C090B806D090B906E090BA0699
:10722000F090BB0620E030E048E452E469E473E10A
:107230000E9400E3B6E66B2EB4E27B2E4424439416
:10724000512C9B01AC010F94FFBF882309F4FCCEA5
:1072500081E080933C020F943E2780913C0288237A
:1072600009F4FDC085E794E29F938F939F928F92DC
:107270000F94E0B9C4010E944FEE809176050F9003
:107280000F900F900F90882319F08FEF0F94DD254A
:107290000F94E7256E962CAD3DAD4EAD5FAD6E976C
:1072A00020933F1330934013409341135093421364
:1072B00080E4FE013196A9E4B3E101900D928A9534
:1072C000E1F767968FAD67970F94632A0E944B682A
:1072D00080912D048D7F80932D040C94CCAA8FEF88
:1072E0000F94DD2580E395E70F944B53E5E86E2E70
:1072F000E3E17E2E1FEFFFE0AF2EB12C212C312CCD
:10730000A0EC4A2EAFE75A2EF3012082318242824E
:107310005382812F0F94DD2580E197E20F944B5328
:10732000BF92AF9224E234E23F932F939F928F92C9
:107330000F94E0B9C4010E944FEE0F9412102091F7
:1073400076050F900F900F900F900F900F902111D6
:107350007FCF009709F47CCFC090B806D090B906D3
:10736000E090BA06F090BB062091491330914A1381
:1073700040914B1350914C130A2DB3010E9400E32E
:107380009B01AC010F94FFBF811162CF54E0A51A9D
:10739000B10880E1681A710810549FEFA916B90668
:1073A00009F0B2CF61E8E62E63E1F62E0EE010E0C0
:1073B0007FE0372E8FE090E0801B910B8370992740
:1073C000892B59F4302E01501109F4E0EF1AF1081D
:1073D0000115110579F780E03CCF8CEF830D87FD17
:1073E00080E0082E000C990BFC01EE0FFF1FEE0F42
:1073F000FF1FE75BFC4E4080518062807380B801C4
:10740000681B790B072E000C880B990B0F9457B54E
:1074100020E030E040E85EE30F9496B55B016C013C
:10742000A32DB4E0AB02F0011124E75BFC4EA301F5
:10743000920160817181828193810F94F0BB9B01E5
:10744000AC01C601B5010F9496B5A30192010F944A
:10745000F1BBF7016083718382839383B4CF88E0AB
:107460000E94DBEA8AE59CE60E9460EE80E00F94D1
:10747000DD2567968FAD67970F94632A0F94E725F4
:1074800025CF0F946D530C94CCAA81E00E94496BD8
:107490000C94CCAA0E948C7E0C94CCAA0E94D98118
:1074A0000C94CCAA0E941C8D0C94CCAA0E94C18181
:1074B0000C94CCAA1F930F9384EA9FE19F938F9320
:1074C0000F948BB90F900F900F900F900C941CA9F4
:1074D00081E494E70E94CC6E87EA96E20E94CC6E2B
:1074E0000C94CCAA0F946D538091010E811102C0AF
:1074F0000E94B05385E40E94A840812C912CA12CBD
:1075000030ECB32E882321F00E943B454B015C01F7
:107510008CE40E94A840C12CD12C7601882321F054
:107520000E943B456B017C018AE50E94A840412CEA
:10753000512C28ED622E21E4722E882331F00E9416
:107540003B452B013C01E89477F888E50E94A84070
:10755000882309F440C10E943B456A966CAF7DAF19
:107560008EAF9FAF6A9789E50E94A840882309F4EF
:107570003DC10E943B456E966CAF7DAF8EAF9FAF15
:107580006E971A821982FE01339683E1DF011D9204
:107590008A95E9F783E40E94A8408823F9F062E223
:1075A00070E08091CA059091CB050F9420C18C01A9
:1075B000892BA1F00F5F1F4F62E270E0C8010F94AA
:1075C00020C1009759F0801B843108F084E1482FD6
:1075D00050E0B801CE0101960F94F2C080911314CF
:1075E00010E0813029F482EA96E20F94F553182FC7
:1075F0000F946D5386E10F947149109241040E94DB
:1076000001578111FAC0A50194016091F6067091AD
:10761000F7068091F8069091F9060F94F1BB6093FC
:10762000F6067093F7068093F8069093F90660E0EB
:1076300070E088EE92E40F947C670F946D538CE8B1
:1076400099E40E94F370C301B2010E94CF5E6A9672
:107650002CAD3DAD4EAD5FAD6A972093EA063093F9
:10766000EB064093EC065093ED066E968CAD9DAD07
:10767000AEADBFAD6E978093EE069093EF06A093EC
:10768000F006B093F10660E070E088E492E40F94B5
:107690007C670F946D5367961FAE6797B12C0DEE04
:1076A000202E0EE1302E82E0A82E95EF892E9EE14D
:1076B000992E80911314813009F0A2C00F94E27CBE
:1076C000B82E0E948A650F946D530F94128F80918B
:1076D0001314813009F45AC184E08093BF0240E062
:1076E00060E08EE091E10E94B8F8082F80E00E94EF
:1076F000C863013001F50E94FE604EE751E162E08F
:1077000080E00E94A26080E090E0A8ECB2E4809368
:10771000EA069093EB06A093EC06B093ED0660E0CA
:1077200070E088E492E40F947C670F946D538EEDC3
:1077300090E10E94B7F90E94FE6048E750E160E0E6
:1077400080E00E94A26061E080E00E94F55F898194
:10775000882341F0CE0101960E945F6762E080E0DD
:107760000E94F55F80910418811104C085E690E1C4
:107770000E94B85F84E08093BF020E94506881112C
:1077800010C00F94455181E00E94B4898091071880
:10779000882399F340E068EE73E082E390E00F9471
:1077A000B73EA092BF02CE0101960E94056840E05C
:1077B00068EE73E082E390E00F94B73EB4E07B2E76
:1077C000112309F4F8C00F94508367964FAD679763
:1077D00041116FCF83C120E030E043E553E46A9666
:1077E0002CAF3DAF4EAF5FAF6A97BDCE6E961CAE6D
:1077F0001DAE1EAE1FAE6E97C4CE0E94305423CF76
:1078000084E08093BF020F9484212B013C018CE320
:1078100090E10E9413F10E945068082F811136C038
:10782000A30192012054384D464F5F4F6E962CAF06
:107830003DAF4EAF5FAF6E970F94455181E00E9410
:10784000B489023009F463C00F945B3F84E090E098
:10785000013029F10E94EF8B0F9484216E962CAD9C
:107860003DAD4EAD5FAD6E972617370748075907F8
:1078700090F68DE090E10E9413F110920F0E10929D
:107880000E0E0F946D53149A01E0D6CF1092CD05D1
:107890001092D005C701B6010E94CAF314CF0E940E
:1078A000EF8B0E945068882339F280910E069091E8
:1078B0000F0690930F0E80930E0E8AE592E30E94BE
:1078C00013F142E864E080E00E94AE6080910F0E08
:1078D0008F9380910E0E8F936091080E7091090E18
:1078E00080910A0E90910B0E0F9462BD7F936F935F
:1078F0003F922F920E94A65F81E80E94BC5F0F908A
:107900000F900F900F900F900F9002E095CF609125
:107910000E0E70910F0E072E000C880B990B0F9412
:1079200057B52091080E3091090E40910A0E5091E2
:107930000B0E0F94F0BB9F7720E030E040EA50E45C
:107940000F94E6BC87FF09C08CE390E10E9413F11D
:107950000F9484212B013C015ECF64E081E00E9402
:10796000F55F6091080E7091090E80910A0E90915A
:107970000B0E0F9462BD7F936F939F928F920E9424
:10798000A65F0F900F900F900F9056CF111103C06C
:107990008B2D0E942F8C812F0E948A6F0FCF033076
:1079A00010F40F5F3CC087E00F94A73C38C0CE01B5
:1079B00001960E9405687092BF020E94FE604EEA26
:1079C00050E160E081E00E94A2604AE950E161E09C
:1079D00081E00E94A26048E850E162E081E00E94FC
:1079E000A2604FE85BE363E081E00E94A2604EE3A7
:1079F00060E080E00E94AE600E944B6800E00F945F
:107A0000455181E00E94B4898091C8069091C906D1
:107A10000097D1F097FFC3CF002329F2015049EF1F
:107A20005EE160E080E00E94A2604EE3602F80E0B3
:107A30000E94AE601092C9061092C80664E670E01B
:107A400080E090E00F9451210E9450688823B9F2A1
:107A50000E94FE600F949319A092BF020230B1F011
:107A6000033009F4EDC0013051F5809113148130D9
:107A700009F09DCF0F94E27C082F0E948A65802F29
:107A80000E942F8C80E00E948A6F95CF0F946D53D7
:107A90000E94FA530E94FE6040EC50E160E080E0FA
:107AA0000E94A2604EE751E162E080E00E94A26085
:107AB00087E99DE10F94661A0F946D537CCF0E9465
:107AC000FE604EEC50E162E080E00E94A260002384
:107AD00019F0033009F06FCF0F94508381E00E94BA
:107AE000C86380910D0680934104111127C00E9444
:107AF0000157C090F606D090F706E090F806F09097
:107B0000F906882309F4A1C020E030E040E85FE3F3
:107B1000C701B6010F94F0BB6093F6067093F706A9
:107B20008093F8069093F90660E070E088EE92E4A6
:107B30000F947C6710920F0E10920E0EE090F206DA
:107B4000F090F3060091F4061091F506209177026B
:107B5000309178024091790250917A0260917302DB
:107B60007091740280917502909176021F921F921B
:107B70001F921F92812C912CE8E4AE2EE2E4BE2EDF
:107B8000F6EFCF2EF6E0DF2E0F940D550F946D53C8
:107B9000E0907B02F0907C0200917D0210917E02C9
:107BA00020917702309178024091790250917A02C7
:107BB00060917302709174028091750290917602C7
:107BC0001F921F921F921F92812C912CA0E7AA2E28
:107BD000A1E4BA2E0F940D550F946D538FE792E0E8
:107BE0000F94B35480E1E3E7F2E0AAEEB6E001902F
:107BF0000D928A95E1F70E94A257809174039091AB
:107C000075038093390290933A029F938F9383EB8D
:107C100098E49F938F930E94BB870E9401570FB6F1
:107C2000F894DEBF0FBECDBF882331F18DEA9EE30D
:107C30000E9460EE10921C071092FA060C94CCAAD7
:107C400031E067963FAF6797BECD20E030E040EA75
:107C500050E4C701B6010F94F1BB6093F606709330
:107C6000F7068093F8069093F90660E070E080E0F4
:107C700090E40F947C6762CF8AE59CE60E9460EEF8
:107C800083E59CE20E94F370D5CF0E9401578111D9
:107C90000C94CCAA0F946D530E945B7E0E943E6DA3
:107CA0000F9490210C94CCAA0E940157882311F4C0
:107CB0000C94CCAA0C9497AB60E080E00E9494EE08
:107CC0000C94CCAA188683E50E94A8408823B1F0C2
:107CD0000E945540182F8830B0F083E896E20E9449
:107CE000CC6E4AE067E070E080E090E00E94CD6DED
:107CF00089EF92E00E9461820C94CCAA81EA9DE017
:107D00000F94C9BA182F8AE50E94A840882309F465
:107D1000D7C00E943B452B013C012091230E30919E
:107D2000240E4091250E5091260E0F9496B50F9477
:107D300062BD6B019B012156304F203A3F4030F02D
:107D40008DE696E20E94F3700C94CCAA5BE0159F3E
:107D500090011124C901805B924F0F940BBB8CE4FE
:107D60000E94A840BBE01B9F700111245701E7EB64
:107D7000AE1AE2EFBE0A882309F4BEC0E091CA053C
:107D8000F091CB053196BF0181918032E1F38823D8
:107D900031F047E050E0CE0101960F9449C147E031
:107DA00050E0B501CE0101960F94DDBA82E40E9445
:107DB000A8405701FEEAAF1AF2EFBF0A882309F480
:107DC000A3C00E945540982E682FC5010F94EDBAAC
:107DD00080E50E94A8402DEAE21A22EFF20A8823E9
:107DE00009F497C00E945540B82E682FC7010F9420
:107DF000EDBA81E40E94A840882309F48FC00E9454
:107E00005540811106C081EA9DE00F94C9BA18134C
:107E10008DC0812F0E94C36C082F882329F0612F09
:107E200081EA9DE00F94EDBA86E696E20E94CC6E60
:107E3000612F70E090E080E00E94326E812F0E94FE
:107E4000C36C811104C085E596E20E94F37082E55F
:107E500096E20E94CC6E44E0C301B2010E944E6ED5
:107E60008FE496E20E94CC6EB601DD0C880B990B74
:107E70000E94326E8CE496E20E94CC6ECE01019696
:107E80000E94558289E496E20E94CC6E692D70E0D2
:107E900090E080E00E94326E86E496E20E94CC6E12
:107EA0006B2D70E090E080E00E94326E83E496E2F9
:107EB0000E94CC6E802F90E00F942B7D0C94CCAA66
:107EC000ABE01A9FC0011124805B924F0F94D7BA88
:107ED0006C01BC01990F880B990B0F9457B5209139
:107EE000230E3091240E4091250E5091260E0F94B2
:107EF000F0BC2B013C0133CF47E050E0B501CE018F
:107F000001960F94B9BA52CFC5010F94C9BA982EF1
:107F10005FCFC7010F94C9BAB82E6BCF81EA9DE03D
:107F20000F94C9BA01E0181709F47ECF00E07CCFA6
:107F3000C301B2010F9457B52091F0033091F103C2
:107F40004091F2035091F3030F94E6BC87FD02C009
:107F50000C94B5AA0F948421681979098A099B09A0
:107F6000693E734081059105C8F08DE196E20E945B
:107F7000CC6E6091F0037091F1038091F2039091C7
:107F8000F30341E00E944E6E8FE20E94B96DC8017A
:107F90000F942B7D0F9484214B015C010F9445516C
:107FA00080E00E94B48980E00E94945F0C949CAAB7
:107FB0008FE30E94A8408823C9F08AE096E20E94DD
:107FC000CC6E86EA9FE00F94C9BA21E030E08111BF
:107FD00002C030E020E0C9010F942B7D83EF95E2D1
:107FE0000E94F3700E94046F0C94CCAA81E20E945C
:107FF000A840882349F161E086EA9FE00F94EDBA3A
:1080000068E070E080EB9FE00F940BBB68E170E0EC
:1080100082EB9FE00F940BBB60E370E084EB9FE08A
:108020000F940BBB60E570E086EB9FE00F940BBBF9
:1080300068E770E088EB9FE00F940BBB82EE95E25F
:108040000E94F3700C94CCAA8AE50E94A840882371
:10805000C1F061E086EA9FE00F94EDBA00EB1FE00B
:1080600070E060E0C8010F940BBB0E5F1F4F0A3B2E
:108070004FE01407A9F788ED95E20E94F3700C9485
:10808000CCAA83E50E94A840882321F10E94624087
:108090008C0189E40E94A840882311F40C94CCAA96
:1080A0000E945540853010F00C94CCAA90E0885284
:1080B000984FB801880F991F0F940BBB8BE19FE27B
:1080C0000E94F37083EF95E20E94F3700E94046FA8
:1080D0000C94CCAA87EC95E20E94F3700C94CCAA85
:1080E0000E943B4520E030E040E251E40F9496B519
:1080F0000F9469BD6C5A633009F494C060F5613027
:1081000009F44BC0623011F00C94CCAA8091131486
:10811000E9EEFEE1813011F0EBEEFEE10591149104
:1081200080E50E94A840882309F46BC00E946F403C
:1081300040915804442311F40C94CCAA60177107A1
:1081400011F40C94CCAA64E97FE081EE9FE00E94D8
:1081500002FA0C94CCAA643009F4B0C0653011F076
:108160000C94CCAA80E50E94A840882309F425C17C
:108170000E946F4040915604442311F40C94CCAA01
:108180006230710510F40C94CCAA65EC7EE08BE0B3
:108190009FE00E9402FA0C94CCAA80E50E94A840BD
:1081A0008823A9F00E943B4520E030E04AE754E4F0
:1081B0000F9496B520E030E040E05FE30F94F1BB10
:1081C0000F9469BDCB010E944AFA0C94CCAA81E5B8
:1081D0000E94A840882311F40C94CCAA85EA9DE063
:1081E0000F94D7BABC0190E080E00F9455B520E021
:1081F00030E04AE754E40F94F0BC0F94DD7C0C941B
:10820000CCAA81E50E94A840882311F40C94CCAA42
:10821000B80190E080E04AE00E94CD6D0E94C46EFB
:108220000C94CCAA8091131461EEE62E6EE1F62E2A
:10823000813021F05DEDE52E5EE1F52E80E50E94B6
:10824000A840882379F162E270E08091CA0590919C
:10825000CB050F9420C18C01892BD1F00F5F1F4FEC
:1082600062E270E0C8010F9420C1009789F0D82E17
:10827000D01AC7010F9487B8D8120AC0AC0155278D
:10828000B701C8010F94A8B8892B11F40C94CCAA9B
:108290004091580464E97FE081EE9FE00E9402FA79
:1082A0000C94CCAA81E50E94A840882311F40C9478
:1082B000CCAAC7010E94F3700C94CCAA80E50E945E
:1082C000A840882309F470C08091CA059091CB051D
:1082D00001969093CB058093CA05209157042223E1
:1082E00011F40C94CCAABE016F5F7F4F0E9413ED76
:1082F0008AE090E00F94D7BA29813A8112E0821780
:10830000930728F011E02817390708F410E01295B8
:10831000110F110F107C8CE090E00F94D7BAAC01D4
:108320002B813C8182E04217530728F081E024171B
:10833000350708F480E050E1859FC0011124180F33
:108340008EE090E00F94D7BAAC012D813E8182E09F
:108350004217530728F081E02417350708F480E01E
:10836000A4E08A9FC0011124180F80E190E00F94CF
:10837000D7BAAC012F81388592E04217530728F015
:1083800091E02417350708F490E0190F163510F422
:108390000C94CCAA4091570460E37FE080E79FE013
:1083A0000E9402FA0C94CCAA81E50E94A84088237E
:1083B00011F40C94CCAA0C9486A181E50E94A840EB
:1083C000882311F40C94CCAA81E090E00F942B7DCB
:1083D0000C94CCAA8BE40E94A840C12CD12CE12C97
:1083E00040ECF42E882349F10E943B456B017C014F
:1083F00020E030E0A9010F94E6BC81111EC010926C
:10840000C4051092C5051092C6051092C7050E94BA
:108410004C8181E494E70E94CC6E8AEB9EE10E943D
:10842000CC6E6091C4057091C5058091C605909190
:10843000C7050F94DD7C0C94CCAA80917303811145
:108440001BC020E030E0A901C701B6010F94E6BCD3
:1084500087FF05C085EC9EE10E94F370DACF20E033
:1084600030E040E251E4C701B6010F94E6BC87FF5B
:108470002CC081E00E944C818091730320E030E0A9
:10848000A901813021F5C701B6010F947ABE87FD9D
:10849000E1CF20E030E040E251E4C701B6010F94A3
:1084A000E6BC87FFD7CF20E030E0A901C701B601C5
:1084B0000F94E6BC87FDCECFC092C405D092C5050F
:1084C000E092C605F092C705A4CF82E0D3CFC701E2
:1084D000B6010F947ABE87FDBDCF2FE632E143E0AF
:1084E0005BE3C701B6010F9496B52AE037ED43E28E
:1084F0005CE30F94F0BB6B017C0120E030E0A9014C
:108500000F94E6BC87FD11C020E030E040E251E46A
:10851000C701B6010F947ABE18162CF6C12CD12CC7
:1085200030E2E32E31E4F32EC7CFC12CD12C7601FB
:10853000C3CF9EED892E92E0992E0DE512E020E545
:10854000A22E25E0B22E712CF40181914F010E94E0
:10855000A840882309F445C0F3E07F1204C00E94BC
:1085600073ED811161C00E943B456B017C0120E0ED
:1085700030E0A9010F94E6BC87FD46C020E030EA58
:1085800040E854E4C701B6010F947ABE1816A4F16E
:1085900020E030E047E054E4C701B6010F947ABE12
:1085A00087FD35C020E030E04CE752E4C701B6015A
:1085B0000F9496B520E030EA40E854E40F94F0BC04
:1085C0000F9469BDF62EC8010E947A576F2DC8011D
:1085D0000E94825750E040E0D5016C91872D0F94A6
:1085E0008D1E73940D5F1F4FBFEFAB1ABB0AE4E003
:1085F0007E12AACF0C94CCAAC12C80EAD82E80E897
:10860000E82E84E4F82ECECFC12CD12C760120E0C8
:1086100030E04CE752E4C701B6010F9496B520E074
:1086200034EB40E954E4CACF85E69DE50E94CC6E68
:1086300086EB95E20E94F370D4CFA0906702809100
:108640006602811101C0AA0CB12C86E692E00F945B
:108650001421882EC090640280916302811101C0B0
:10866000CC0CD12C83E692E00F941421982E00912B
:10867000610280916002811101C0000F10E080E66C
:1086800092E00F941421E82EF0905E0280915D023A
:10869000811101C0FF0C8DE592E00F941421BF926F
:1086A000AF921F928F92DF92CF921F929F921F9351
:1086B0000F931F92EF921F92FF921F928F9383ED61
:1086C00094E19F938F930F948BB90FB6F894DEBF0C
:1086D0000FBECDBF0C94CCAA11E08239934009F4AF
:1086E00010E082E50E94A840882381F08FEF9FE090
:1086F0000F94C9BA182F8091E406811711F40C94D5
:10870000CCAA812F0E9413450C94CCAA80E50E942C
:10871000A840882389F001E08091020E9091030E19
:108720008239934009F400E0602F8FEF9FE00F94AF
:10873000EDBA0093FB03DFCF81E50E94A8408823B8
:10874000D1F28091E406811115C083E49EE39F93EA
:108750008F938AE49EE39F938F938EEA95E29F9393
:108760008F930F948BB90F900F900F900F900F90E5
:108770000F90C1CF81E69CE3EACF8EED92E06C963C
:108780009FAF8EAF6C97E7E1CE2EEEE0DE2EFBEFD3
:10879000EF2EF6E0FF2EA0E58A2EA5E09A2EB3ED8F
:1087A0002B2EBEE03B2E67961FAE67976C96AEAD44
:1087B000BFAD6C978D916C96BFAFAEAF6C970E94BA
:1087C000A840B82E882309F47CC00E943B450F9432
:1087D00069BD2B018B016830710509F45EC36031FE
:1087E000710509F45AC381E00032110509F080E0F7
:1087F0006796BFAD6797B33009F45AC39201215011
:1088000031092230310508F04EC39B2D892B679624
:10881000EFAD6797E33041F40034110531F0BB242C
:10882000B3940038110509F0B12C811103C0BB20AD
:1088300009F447C00F946D53D4018C91A12CBB2433
:10884000B39402C0B694A7948A95E2F7B2016796F2
:108850008FAD67970F94F81EF1014082A016B10604
:1088600008F047C0C801B5010F9492BB2B01712CD1
:10887000612CC3010F9455B59B01AC01D601149630
:108880006D917D918D919C9117970F9496B5F601FE
:108890006483758386839783D7012D913D914D9194
:1088A0005C91C301B2010F942CBBF701608371830B
:1088B000828393836796FFAD6797F33011F40F942B
:1088C000978367962FAD67972F5F67962FAF679750
:1088D00034E0C30ED11C44E0E40EF11C5FEF851AB6
:1088E000950A8FEF281A380A243009F05FCF0C94CC
:1088F000B0B0C501B8010F9492BB2B01712C612C53
:10890000C3010F9455B59B01AC01D60114966D912E
:108910007D918D919C9117970F94F0BCF601648323
:10892000758386839783D7016D917D918D919C91FD
:10893000A30192010F94BABBF701208331834283D4
:108940005383B8CF80E50E94A840882329F00E9475
:108950005540182F0C94CDA984E50E94A8408111A0
:10896000F6CF0C94CCA960E070E0CB010C94E6A9A2
:1089700082E080931C078EE39BE60E9460EEA701D5
:1089800096016091F6067091F7068091F806909135
:10899000F9060F94F1BB6093F6067093F706809387
:1089A000F8069093F90660E070E080EA91E40F9495
:1089B0007C67011106C060E070E08CE092E40E94E8
:1089C0004E5F0E94FA530F946D5340E064EF71E0E4
:1089D00082E390E00F94B73E8091100E811105C0A4
:1089E0008091FE0381110F94C75381E00E94C863F8
:1089F00082E00E94945F8AE59CE60E9460EE1092FD
:108A00001C070C94FEA985E50E94A840C12CD12C1E
:108A10007601882321F00E943B456B017C018AE5A9
:108A20000E94A8408823A1F00E943B459F770E94A6
:108A3000CF5E4B015C0180911314813099F40F9447
:108A400060B4C501B40190580E94CF5E0C94CCAACA
:108A500060E070E08CE092E40E944E5F60E070E0C5
:108A6000CB01E5CFC701B6010E94CAF3EACF81EC82
:108A700092E00E94D9440C94CCAA82EC92E00E942D
:108A8000D9440C94CCAA80911314813011F00C9429
:108A9000CCAA81E40E94A840882311F40C94CCAAAB
:108AA0008091CA059091CB0540E150E070E060E014
:108AB00001960F9454B6862F0F94E10F0C94CCAA14
:108AC00080911314813011F00C94CCAA81E40E949F
:108AD000A84010E0882361F08091CA059091CB05F1
:108AE00040E150E070E060E001960F9454B6162F1C
:108AF00088E50E94A840882361F00E94624011230B
:108B000011F40C94CCAABC01812F0E948DE40C942A
:108B1000CCAA90E080E0F3CF60E08CEA9CE00F9478
:108B2000EDBA109213141092C1131092A6130C9464
:108B300044AA61E08CEA9CE00F94EDBA0E943BE00D
:108B40000C9444AA80E00F94C20F0C945AAA0E947D
:108B5000594C0C945AAA8AE2F6CF843509F075C0B4
:108B60001093CB050093CA0581E08093FA030E941D
:108B70005540182F2091CA053091CB0591E079011D
:108B8000E90EF11CD7018C91803211F0893011F47B
:108B90009F5FF5CF082E000C990B0F94DDC0F701F5
:108BA000808390ED980F953058F08F3359F08837C7
:108BB00049F08336D1F080E99EE10E94F3700FC046
:108BC0008F3389F480911314813049F490E080E070
:108BD0000E94AEE0682FD7018C910F94650F109220
:108BE000FA030C94A68F833649F4809113148130D4
:108BF000B1F70F94E27C682F83E6EFCF80911314D6
:108C0000813069F40F94E27C181305C080EA9EE17C
:108C10000F94B2B9E4CF812F0F94420FE0CF81E4DB
:108C200094E70E94CC6E112359F084E50E94B96D3F
:108C3000812F90E0C0960F942B7D82EC94E1BDCF04
:108C40008FEA94E10E94CC6ECACF843409F0EEC062
:108C50001093CB050093CA050E94624086309105AF
:108C600009F479C09CF48230910509F452C0833034
:108C7000910509F461C0019689F48BE994E19F9311
:108C80008F930F948BB90F900F90FFCF8531910583
:108C900009F48DC094F4449709F469C08091EB12F3
:108CA0009091EC128F5F9E4E9F938F931F9284E45E
:108CB0008F938CEA96E10C948E918631910509F49C
:108CC0009BC08634910551F783E50E94A840882314
:108CD00011F40C94A68F0E94624011E0009709F4F1
:108CE00010E0892B91F0CE0101960F94C0290F94CA
:108CF00084216093860670938706809388069093FC
:108D00008906CE0101960F94B329109396060C9410
:108D1000A68F46E9C42E44E1D42E52E0E52E00E0B1
:108D200020E032E240E050E060E072E080E090E07D
:108D30000E9441470C94A68F2FE8C22E24E1D22E28
:108D400033E0E32E01E020E030E140E050E060E07D
:108D500070E0CB01EDCF88E8C82E84E1D82E96E0F4
:108D6000E92E03E020E030E044E050E0F0CF85E47D
:108D70000E94A840882329F080E00E9405EA0C9414
:108D8000A68F0F9484216B017C010E9433EA0F941B
:108D90008421DC01CB018C199D09AE09BF09BF9369
:108DA000AF939F938F938FE694E10C948E9190E014
:108DB00080E00E9451E9811107C08CE594E19F9306
:108DC0008F930F948BB914C081E08093BF0285E428
:108DD00094E19F938F930F948BB903E020E033E2EB
:108DE00040E050E060E070ED83E090E00F948D8E05
:108DF0000F900F900C94A68F90E080E00E9451E9B4
:108E0000811103C082E394E1DACF8CE58CBD1DBCF7
:108E10000E9489E940E050ED63E070E080E20E944A
:108E20000BE90E94EDE884E294E1C9CF81E494E784
:108E30000E94CC6E87E295E10E94CC6E8091EB128D
:108E40009091EC128F5F9E4E0E94558289EA95E2C6
:108E50000C94FE912DEC3CEC4CEC5DE3C701B601AB
:108E60000F947ABE181614F40C9463930C947194B6
:108E7000A3019201622D732D8E2D9F2D0F94E6BCC0
:108E8000181614F00C946C9CE5E0CE0ED11CF2E0A8
:108E9000AF0EB11C84010C94339C67962FAD67977D
:108EA0008B2D233029F091E00430110509F4AECC6C
:108EB00090E0ACCC8EE391E10E9413F148E055E2E2
:108EC00062E080E00E94A260F80181918F01982FFA
:108ED0009F7D11F40C9419B197EF980F923010F414
:108EE0000C9419B18D3011F40C9419B10E94BC5F2F
:108EF000EBCFCE0101960F94C0290C9404A522E07B
:108F00002093C0001092C50090E19093C40080911E
:108F1000C10080618093C1008091C100886080930E
:108F2000C1008091C10080688093C1008091940548
:108F30008130A9F42093C8001092CD009093CC000A
:108F40008091C90080618093C9008091C9008860C8
:108F50008093C9008091C90080688093C9000895FA
:108F60008150823108F05AC0E82FF0E08827E4549D
:108F7000F8438F4F0D94D9BBDCC7E0C7CEC7D4C729
:108F8000D8C70EC8E3C7E9C7EDC7F3C7F7C7FBC724
:108F900001C805C80EC809C80FC813C88091800051
:108FA0008F77809380000895809180008F7DF9CF26
:108FB00080918000877FF5CF84B58F7784BD089539
:108FC00084B58F7DFBCF8091B0008F778093B00008
:108FD00008958091B0008F7DF9CF809190008F77B8
:108FE000809390000895809190008F7DF9CF8091BB
:108FF0009000877FF5CF8091A0008F778093A000AD
:1090000008958091A0008F7DF9CF8091A000877F87
:10901000F5CF809120018F77809320010895809172
:1090200020018F7DF9CF80912001877FF5CF83B11B
:1090300082958170089580915D0490915E040895F9
:10904000CF92DF92EF92FF9220915F04B0E0A0E018
:10905000C0900B07D0900C07E0900D07F0900E0722
:1090600020FF42C0C81AD90AEA0AFB0AC0920B07BD
:10907000D0920C07E0920D07F0920E07CB01B0E002
:10908000A0E0C0900F07D0901007E0901107F0907B
:10909000120721FF36C0C81AD90AEA0AFB0AC09291
:1090A0000F07D0921007E0921107F092120770E0BC
:1090B00060E08091130790911407A0911507B0917B
:1090C000160722FF2BC0841B950BA60BB70B8093B2
:1090D000130790931407A0931507B0931607FF90FA
:1090E000EF90DF90CF9008958C0D9D1DAE1DBF1D9C
:1090F00080930B0790930C07A0930D07B0930E0776
:10910000BDCF8C0D9D1DAE1DBF1D80930F0790938D
:109110001007A0931107B0931207C9CF840F951FB2
:10912000A61FB71FD4CFFB01118210826AE0DC01B9
:109130002C9120532A30A0F440815181649F9001EA
:10914000659F300D1124318320834D91CD01205333
:109150003109240F311D47FD3A9531832083E7CF34
:10916000089585E080930C0E0D949319FC01808185
:10917000882321F0813029F482E001C081E08083DE
:10918000089510820895FC019491903249F087EF80
:10919000890F823028F081E09D3019F080E0089539
:1091A00081E0089588E29DE20E94F3700D94931986
:1091B0008091110E813021F483E89CE20C94F370CD
:1091C00084E79CE2FBCF84E09DE00F94C9BA8A3229
:1091D00039F48AE29DE00F94C9BA91E0813009F038
:1091E00090E0892F0895CF93DF930F946D53CAEECB
:1091F000D6E06091F01370E090E080E00F9457B5F6
:1092000020E030E040E851E40F94F0BB9B01AC015A
:109210006C857D858E859F850F94F0BB6C877D87DF
:109220008E879F8762E082ED97E4DF91CF910D9466
:10923000BA8FDF92EF92FF920F931F93CF93DF933A
:10924000CDB7DEB763970FB6F894DEBF0FBECDBFC4
:109250003091700520916F05321371C07C018091AF
:109260006D02882309F443C08CEB91E49F938F93A4
:109270008BE897E49F938F938E010F5F1F4F1F938F
:109280000F930F94E0B9D82E47E050E0B701800F5C
:10929000912F911D0F94B9BA0F900F900F900F90CE
:1092A0000F900F9020E0822F8D0D90E0273039F045
:1092B0002F5FF801E80FF91F30813111F4CFF80169
:1092C000E80FF91F2DE520838C0F9D1FFC011282F2
:1092D0000E945452482F60916D0580E00E94AE605C
:1092E00062E1C8010E94F76680E20E94BC5F809143
:1092F0006E05882321F1209170058091C806909118
:10930000C90628171906D9F410926E0285EE9CE65C
:10931000892B11F00E94E56C81E080936E020E941F
:10932000615263960FB6F894DEBF0FBECDBFDF91DA
:10933000CF911F910F91FF90EF90DF900895809152
:1093400070058F5F80937005ECCF61E08DE892E44B
:109350000E94ED860D94931961E081E992E40E94E8
:10936000ED860D94931961E089E892E40E94ED8600
:109370000D94931961E087E992E40E94ED860D94C3
:1093800093190D949783CF92DF92EF92FF920F93F0
:109390001F93CF93DF936C017901C42FD0E0AE010E
:1093A0000F94A8B8892BB9F4B801C6018C0F9D1F82
:1093B0000E9493C8F801208131812E293F293183F1
:1093C000208381E0DF91CF911F910F91FF90EF906B
:1093D000DF90CF90089580E0F5CFE3E0F8E162817F
:1093E00081E06827628385ED9EE00D94EDBA87EAFF
:1093F0009CE00F94C9BA61E0823008F4682787EADC
:109400009CE00D94EDBACF93DF93C5E1DDE0FE0162
:10941000E458F94C6491CE010F94EDBA2196C9320B
:109420008DE0D807A1F7DF91CF910895CF930E94E7
:10943000E3C8C1E0C8276FEF09F06AE284E09DE06D
:109440000F94EDBA8C2F880F8270CF910D945E200F
:109450008AEA9DE00F94C9BA65E0833021F061E0AB
:10946000853009F063E08AEA9DE00D94EDBA8BEA5D
:109470009DE00F94C9BA63E0833009F467E08BEA9A
:109480009DE00D94EDBA8CEA9DE00F94C9BA61E0BD
:10949000811160E08CEA9DE00D94EDBA8CE594E0DA
:1094A0000E94B6C860915C0480E29CE00D94EDBA25
:1094B00087E594E00E94B6C86091570483EA9DE076
:1094C0000D94EDBA88E594E00E94B6C86091580406
:1094D00084EA9DE00D94EDBA8BE594E00E94B6C855
:1094E00060915B0488EA9DE00D94EDBA80910B18C1
:1094F00060E0811101C061E060930B1887E49DE09A
:109500000D94EDBAE3E0F8E1618181E068276183C1
:1095100087E09FE00D94EDBAEAE5F7E1608181E034
:10952000682760838BEB9FE00D94EDBA80919405E2
:10953000813051F4109294056091940588E09FE089
:109540000F94EDBA0C947FC781E080939405F4CF1B
:109550008FEA9FE00F94C9BA61E0811160E08FEA61
:109560009FE00D94EDBA80913F05813071F020F0BD
:10957000823069F483E001C081E080933F0560910F
:109580003F0587ED9EE00D94EDBA82E0F6CF109294
:109590003F05F5CF89E09FE00F94C9BA61E08823C9
:1095A00021F062E0813009F060E089E09FE00F94F3
:1095B000EDBA81E0809338150895CF93DF938091C1
:1095C00059048C33E1F0803501F1883291F088E262
:1095D00080935904C0E9D1E06091590487EA9DE085
:1095E0000F94EDBABE0185EA9DE0DF91CF910D9415
:1095F0000BBB8CE380935904C8E5D2E0EDCF80E546
:1096000080935904C0E2D3E0E7CF89E18093590405
:10961000CAEFD0E0E1CF0F931F93CF93DF9300D039
:1096200000D01F921F92CDB7DEB78C018AE090E088
:109630000F94D7BA9A8389838CE090E00F94D7BABD
:109640009C838B838EE090E00F94D7BA9E838D83AA
:1096500080E190E00F94D7BA98878F83C801DE012C
:109660001196BE01675F7F4FFC01259134914D91AA
:109670005D914217530748F02417350720F00296F2
:10968000A617B70789F780E001C081E028960FB6DA
:10969000F894DEBF0FBECDBFDF91CF911F910F9128
:1096A00008950F931F93CF93DF93982F862F142F36
:1096B000E901692F0E94F55F113021F0123079F035
:1096C000CE0115C0CE010E94B85F8AE30E94BC5F44
:1096D000802FDF91CF911F910F910C94BC5FCE0131
:1096E0000E94B85F8AE30E94BC5F82EE9CE2DF9139
:1096F000CF911F910F910C94B85F813021F484EACF
:109700009BE20C94B85F80EA9BE2FBCF81E09091F2
:109710000318911180E00C94496B0F931F93CF9322
:1097200003E018E1F801C68581E0C827C68780916B
:10973000E80E9091E90E908B87870F944883F8018B
:10974000158A6C2F8DEA9CE0CF911F910F910D949B
:10975000EDBA0E94FE6044E950E360E080E00E94C0
:10976000A26080914B0290914C022091C8063091EA
:10977000C906820F931F823321E0920750F181E3E3
:1097800091E090934C0280934B021092C906109284
:10979000C80662E081E00E94F55F80914C028F93E1
:1097A00080914B028F9381E192E49F938F930E946B
:1097B000A65F0E9450680F900F900F900F90882323
:1097C00071F083E080930C0E0F94931982E00C9457
:1097D000945F8A309105A8F68AE090E0D2CF089590
:1097E00089EA9DE00C94B66C282FCB01213039F02A
:1097F000223049F022E06BE57EE30C946B6722E0B7
:1098000066E57EE3FACF22E06FE47EE3F6CF8FEFEA
:109810009FE00F94C9BA9091E40622E040E251EF34
:1098200081111BC06AEA73E4911102C063E47EE314
:109830008AE49EE30E946B6789E69FE00F94C9BAB1
:1098400062ED7BE6882311F066ED7BE622E049EFCE
:1098500051ED88E39EE30C946B6765EA73E489132A
:1098600002C060E37EE38AE49EE30E946B6722E02D
:109870004EE25FEC70E060E0ECCF8091380262ED88
:109880007BE6882311F066ED7BE622E047E252E0BA
:1098900088E799E30C946B6786ED9EE00F94C9BA54
:1098A00062ED7BE6813011F466ED7BE622E04DE56A
:1098B00052E08EEE9BE20E946B678EEC9EE00F946E
:1098C000C9BA22E04BE052E066ED7BE6813011F050
:1098D00062ED7BE683E699E30E946B6789EA9DE08F
:1098E0000F94C9BA63E47EE3882311F060E37EE35A
:1098F00022E040EF5BEC8AE599E30C946B67809182
:109900000004882321F080916D02882351F081E0CA
:109910008093000460E08AE29DE00E94836C809363
:1099200001040E940B6A10926D0580916D058430D0
:1099300008F060C01092700580915A04811137C000
:109940008BE29EE30E94A46666E47DED89E29BE3E0
:109950000E94C966809159048C3309F43FC050F5C8
:10996000893191F1883251F162E77AEF86E09AE32A
:109970000E9473666CE87EEC8BEC99E30E94C966EA
:1099800080910104882331F06BEF7CEC85EB92E44D
:109990000E94C9660E94715280916D058F5F80930D
:1099A0006D0580916F058F5F80936F05BECF84EF4B
:1099B0009CE3C8CF8035C1F08F3FB1F622E04DED7A
:1099C0005AEC6CEC72E405C022E04DED5AEC61ED0E
:1099D00072E48DEB9BE30E946B67C6CF22E04DEDF6
:1099E0005AEC67EC72E4F5CF22E04DED5AEC62ECF4
:1099F00072E4EFCF08950E940B6A10926D0580917A
:109A00006D05843040F5109270058BE29EE30E9454
:109A1000A4660E94E3C862ED7BE6882311F066ED40
:109A20007BE622E046E15AEC8CE19DE20E946B6706
:109A300063E07AEC89E09DE20E9473660E947152B5
:109A400080916D058F5F80936D0580916F058F5FAD
:109A500080936F05D4CF0895CF9344E05DE360E039
:109A600080E00E94A2604AE061E080E00E94AE6077
:109A70000E940B6A10926D05C2E080916D058430E2
:109A8000F8F410927005811102C0C0936D0565EE67
:109A900070E081E09DE30E9473666DED7EEE8DEFD8
:109AA0009CE30E9473660E94715280916D058F5FE6
:109AB00080936D0580916F058F5F80936F05DDCF7B
:109AC000CF9108950E940B6A10926D0580916D05EB
:109AD000843008F087C0109270058BE29EE30E94EC
:109AE000A4668091031862ED7BE6882311F066ED91
:109AF0007BE622E046E85BEC88E79CE30E946B672C
:109B000080910318882309F45AC0833029F522E094
:109B100041EC59EC6FE97CE380E599E30E946B67C7
:109B200022E041EC59EC6FE97CE384E499E30E9484
:109B30006B6722E041EC59EC6FE97CE386E399E343
:109B40000E946B6780910B18882381F1813009F4A2
:109B500043C00E9476CA33C08091051862ED7BE64F
:109B6000882311F066ED7BE622E04DEE59EC80E5AE
:109B700099E30E946B678091041862ED7BE688236D
:109B800011F066ED7BE622E042E85AEC84E499E3CA
:109B90000E946B678091111862ED7BE6882311F0BB
:109BA00066ED7BE622E04DE85BECC8CF22E046E7BD
:109BB0005AEC6FEC7EE38CE299E30E946B670E94A3
:109BC000715280916D058F5F80936D0580916F0557
:109BD0008F5F80936F057ACF22E046E75AEC66E20A
:109BE00079E3E9CF08950E940B6A10926D05809188
:109BF0006D058430A8F51092700589E29BE30E9400
:109C0000A46680913C040E94C36C882331F066E016
:109C10007CED82E29BE30E94C96680910C0E81116B
:109C200006C06EEC7CEE81E19BE30E94C9666BE3AB
:109C300070ED8AE09BE30E94C96664E97AEE84E0F5
:109C40009BE30E9473660E94715280916D058F5F45
:109C500080936D0580916F058F5F80936F05C7CFEF
:109C6000089587E080933C040C94F3CD86E08093C4
:109C70003C040C94F3CD85E080933C040C94F3CD2C
:109C800084E080933C040C94F3CD83E080933C0407
:109C90000C94F3CD82E080933C040C94F3CD81E0EE
:109CA00080933C040C94F3CD10923C040C94F3CDBF
:109CB0000E940B6A10926D0580916D05843058F5F5
:109CC0001092700584EF9CE30E94A46661E67FED2C
:109CD0008FE291E30E94C9666AE67FED88E291E334
:109CE0000E94C96668E57FED81E291E30E94C96642
:109CF0006FE07CED88E191E30E94C9660E94715299
:109D000080916D058F5F80936D0580916F058F5FEA
:109D100080936F05D1CF08950E940B6A10926D0554
:109D200080916D05843098F51092700584E19AE376
:109D30000E94A4664CE65AEC69E879E380915B04E2
:109D40000E94F4CB42E65AEC63E879E38091580430
:109D50000E94F4CB48E55AEC68EF7BE2809157040F
:109D60000E94F4CB4EE45AEC6EE17FE280915C04F9
:109D70000E94F4CB0E94715280916D058F5F809399
:109D80006D0580916F058F5F80936F05C9CF089532
:109D9000CF9310923604C3B142ED5BE260E080E005
:109DA0000E94A26060E086E00E94F55FC4FB882705
:109DB00080F90E947DCB80911314813099F4C1E029
:109DC0008091E913811101C0C0E04CEC5BE260E0DE
:109DD0008AE00E94A26060E081E10E94F55F8C2F22
:109DE0000E947DCBC1E080911018811101C0C0E0BC
:109DF00048E75CE361E080E00E94A26061E081E10D
:109E00000E94F55F8C2F0E947DCB62E080E00E9473
:109E1000F55F8091E90E8F938091E80E8F9380918A
:109E2000140E1F928F938091EF038F938091EE0316
:109E30008F938091130E1F928F9388EA9BE29F93DA
:109E40008F930E94A65F8DB79EB70A960FB6F894BF
:109E50009EBF0FBE8DBFCF910C94056A0E94F76024
:109E600086E391E30E94B85F0C94056ABF92CF929B
:109E7000DF92EF92FF920F931F93CF93DF93C82F40
:109E8000F62EE42EB22E680180E00E94C863DCE763
:109E9000FE1408F0DDE2BB20E9F00E94FE60C11173
:109EA0001CC081E796E60E94B85F88EF8C0F823075
:109EB00068F58FEB9DE30E94B85F82EA9DE3CC30AA
:109EC00049F18AE796E6CD3029F1CE3029F581E9CE
:109ED0009DE320C00E94F760E2CFC13011F3C23091
:109EE00001F38CE09EE3C330F1F28CEF9DE3C430CC
:109EF000D1F28CEE9DE3C530B1F28CED9DE3C6301E
:109F000091F2C73091F68FEC9DE3CDCFCA3059F571
:109F10008EEA9DE30E94B85F4CE753E461E080E085
:109F20000E94A260C33040F545E85DE362E080E056
:109F30000E94A26062E082E10E94F55FC11117C039
:109F40008D2F0E94BC5F4AE75DE363E080E00E94E2
:109F5000A26063E082E10E94F55FC23001F18D2FC3
:109F60000E94BC5F20C0CB3009F0A7CFD1CF82EEDA
:109F70009CE20E94B85FE7CF86EF8C0F823090F5AD
:109F80004AE856E662E080E00E94A2608AE30E940E
:109F9000BC5F62E082E10E94F55FCA3001F382EEAD
:109FA0009CE20E94B85FC114D10419F0C6010E945E
:109FB000EF8B81E08F0D482F50E092E024E030E0FD
:109FC000E91611F026E030E0421753070CF080E06C
:109FD000DF91CF911F910F91FF90EF90DF90CF9085
:109FE000BF900895CA30F8F641E0C43021F042E055
:109FF000C33009F440E00D2F2AE733E462E082E049
:10A000000E9451CB41E0C53021F042E0C53008F458
:10A0100040E00D2F28E733E468E082E00E9451CB56
:10A0200041E0C63021F042E0C63008F440E00D2F98
:10A0300026E733E46EE082E00E9451CB41E0C73076
:10A0400021F042E0C73008F440E00D2F22E733E46E
:10A0500060E083E00E9451CB41E0C83021F042E053
:10A06000C83008F440E00D2F2BE633E469E083E0CC
:10A070000E9451CB98CFCF93DF9380910004811140
:10A0800018C060913C048BE0689FB0011124675BAD
:10A09000724F47E050E082E094E00F94B9BA8091AB
:10A0A000020490E09093C9068093C80681E08093F3
:10A0B00000048091C8069091C906809734F480E22C
:10A0C00090E09093C9068093C8068091C80690914D
:10A0D000C9068F3F910539F034F08FEF90E09093EF
:10A0E000C9068093C806E0910104F0E0E050FC4FFF
:10A0F0008091C80682830E94F760C2E0D4E0899113
:10A100000E94BC5F84E0C930D807C9F74EE561E022
:10A11000809101040E94AE6080910104882329F09F
:10A1200040E261E081500E94AE600E945068882346
:10A1300099F0E09101048E2F90E00196079778F452
:10A14000EF5FE0930104F0E0E050FC4F828190E08B
:10A150009093C9068093C806DF91CF9108956091CE
:10A160003C048BE0689FB0011124675B724F47E0AD
:10A1700050E082E094E00F94DDBADF91CF910C942F
:10A1800009530E94F7608BE691E30E94B85F0C943C
:10A19000056A2F923F924F925F926F927F928F92B9
:10A1A0009F92AF92BF92CF92DF92EF92FF920F9366
:10A1B0001F93CF93DF93CDB7DEB7A0970FB6F89478
:10A1C000DEBF0FBECDBF48E050E065EE7FE0CE01C0
:10A1D00041960F94B9BA48E050E06DED7FE0CE01B2
:10A1E00009960F94B9BA48E050E065ED7FE0CE01E2
:10A1F00001960F94B9BA8D849E84AF84B888EEE638
:10A20000FEE62591359145915491CD80DE80EF8019
:10A21000F884E2E7FEE685919591A591B4918D8F42
:10A220009E8FAF8FB8A38D899E89AF89B88D898F96
:10A230009A8FAB8FBC8FC501B4010F9496B52B01DB
:10A240003C012D8D3E8D4F8D58A1C701B6010F9455
:10A2500096B59B01AC01C301B2010F94F1BB298DEE
:10A260003A8D4B8D5C8D0F94F1BB20E030E040E9DE
:10A2700050E40F94F1BB1B018C01E6E7FEE625914B
:10A28000359145915491EAE7FEE6459055906590E9
:10A290007490C501B4010F9496B54B015C01A30104
:10A2A0009201C701B6010F9496B59B01AC01C5019F
:10A2B000B4010F94F1BB298D3A8D4B8D5C8D0F94B9
:10A2C000F1BB20E030E040E950E40F94F1BBF62E02
:10A2D000E72ED82EC92E0E94F76084EF9FE29F934D
:10A2E0008F938AEF9FE29F938F938CE793E49F93E2
:10A2F0008F938FEF9FE29F938F938EE59BE29F93C7
:10A300008F930E94A65F62E08BE00E94F55F0FB61C
:10A31000F894DEBF0FBECDBF20E030E048E453E448
:10A32000622D732D802F912F0F947ABE87FF57C017
:10A330001F930F933F922F9286E59BE29F938F93FB
:10A340000E94A65F0F900F900F900F900F900F90AC
:10A3500063E08BE00E94F55F20E030E048E453E4E6
:10A36000D701F6016B2F7E2D8F2F9C2D0F947ABE77
:10A3700087FF3AC0CF92DF92EF92FF9286E59BE291
:10A380009F938F930E94A65F0F900F900F900F9056
:10A390000F900F900E945068882341F020E041E028
:10A3A00070E060E08AED9DED0E94A552A0960FB688
:10A3B000F894DEBF0FBECDBFDF91CF911F910F91FB
:10A3C000FF90EF90DF90CF90BF90AF909F908F90D5
:10A3D0007F906F905F904F903F902F9008958FE9FE
:10A3E0009CE30E94B85FB4CF8FE99CE30E94B85F02
:10A3F000D1CF89E69FE00E94B66C0D945320CF9395
:10A40000DF9394E0899FE0011124C651D94F20E0E9
:10A4100030E040E251E4688179818A819B810F9428
:10A42000F1BB688379838A839B8360E070E084E377
:10A4300092E40F947C670F946D53DF91CF910D944C
:10A4400053200E94E08761E087ED9CE60E94ED8644
:10A450000D949319CF93DF9386E394E00F94152422
:10A460008091FF0D811118C08091000E811114C0E0
:10A47000C0917304D09174048AEEC53FD80761F08F
:10A480008FEDC835D80741F080912D04811104C0AB
:10A4900080916C05882331F082E080936D02DF911A
:10A4A000CF9108958CECCF37D80749F482E08093A0
:10A4B0006D028AE29DE0DF91CF910C94B66C909191
:10A4C000FD0D8091FE0D981304C00E940C57882347
:10A4D00061F00E944757811110C082E080936D02A5
:10A4E00080E0DF91CF910D94A73C82E0C73ED80772
:10A4F000E1F460E088E59FED14C082E0C73ED80734
:10A5000059F082EDCE3AD80739F087EDCF36D8072B
:10A5100019F0C55AD14009F70E94FE6060E085EF4E
:10A520009AEEDF91CF910C94CB5282EDCE3AD807C0
:10A5300001F381E0C73DD807E1F285EFCB3BD807B7
:10A54000C1F284EDC83BD807A1F286EDC43AD80722
:10A5500081F2C55AD14009F0C0CFCBCF1F93CF9322
:10A56000DF930E940B6A10926D051BE0D1E0809191
:10A570006D05843008F0F8C11092700583E49CE307
:10A580000E94A4660E945D57811117C00E94F75671
:10A59000811113C080913D0481110FC08091110E73
:10A5A000833009F053C08091EA14882331F061E2CE
:10A5B00072ED8BE39CE30E9473660E9447578823E9
:10A5C00071F00E940C57811104C080910C0E8430F0
:10A5D00031F465EF7AEE8DE29CE30E94C9668091CA
:10A5E000100E882331F061E77EEE84E89CE30E9440
:10A5F00073660E94F75681115AC08091FD0D9091AB
:10A60000FE0D891B8F7069F50E945D57811129C06D
:10A6100080914004823029F180916C05811127C01E
:10A6200067ED71E080E29CE30E94C9668091F503CA
:10A630008823E9F08091110E68ED78EC813009F003
:10A640007BC082E19CE30E94736611C0843009F0F4
:10A65000B4CF8091F503882309F4AFCF62ED78EC95
:10A66000A8CF6FE677ED88E29CE30E94C966C091AF
:10A67000000E0E940157C1111AC09091FF0D911157
:10A6800016C0811118C08091FA03811110C0809109
:10A69000690569E971E0811106C08091E914882398
:10A6A00031F06BE272E08CEF9BE30E9473660E94D4
:10A6B0000157882321F180917605811120C0809176
:10A6C00040048230E1F080916A02823021F490915E
:10A6D000010E9923A1F090911C07983081F06DE252
:10A6E0007FEE882341F0813051F48091F503882377
:10A6F00031F06AE57FEE8FEE9BE30E94C9660E940F
:10A700000C57811108C00E940157811104C00E949A
:10A71000F756882341F080911C07813021F0809109
:10A72000FA03882361F080916C05882371F06DED48
:10A730007EEE80EE9BE307C088E09CE384CF6CE272
:10A740007DEC84E09DE30E94C9660E94F75681116A
:10A7500092C00E945D5781118EC080917605811153
:10A760008AC080914004823009F485C08091EA1447
:10A77000811105C080910C0E882309F4A5C0809139
:10A780007C17811110C08091690581110CC08091E6
:10A790000C0E811108C0D0933B046BEB75EF82ED7A
:10A7A0009BE30E94C9668091100E81111FC081EA4F
:10A7B0009DE00F94C9BAC82F0E94D16C87FD09C0D3
:10A7C000C81739F0C102C0011124875B924F0E9463
:10A7D00019C9809159048C3309F492C008F07BC0E8
:10A7E000893109F483C0883209F47AC08091FE036C
:10A7F000811141C080916C0581113DC0809113147D
:10A80000813009F089C08091E91381110AC08091DB
:10A810001018811106C060EC7BED8EEA9BE30E946C
:10A82000C96661EF7BED8FE99BE30E94C96664EF27
:10A830007BED8FE89BE30E94C96667EF7BED8FE2BB
:10A840009BE60E94C9668EEC9EE00F94C9BA8823ED
:10A8500031F06AEF7BED82E29BE60E94C96668EB0D
:10A8600074ED84EF9CE30E94C96662EF75ED83E6A8
:10A870009BE30E94C96663E77FED88E59BE30E9446
:10A88000C96669EB71E08DE49BE30E94C966809123
:10A890001314813031F467E371E08EE39BE30E948F
:10A8A000C96665EA71E086E39BE30E94C9660E947F
:10A8B000715280916D058F5F80936D0580916F055A
:10A8C0008F5F80936F0553CED0933B0487EC9BE35F
:10A8D0000E94A46668CF8035C9F08F3F09F086CF0B
:10A8E00022E04DED5AEC6BE173E405C022E04DED42
:10A8F0005AEC60E273E48DEB9BE30E946B6776CFCA
:10A9000022E04DED5AEC66E173E4F5CF22E04DED27
:10A910005AEC61E173E4EFCF809103188823E9F0EA
:10A9200080910418811106C06DEF7BED81E89BE3F7
:10A930000E94C96680911018882329F06BEE72E09E
:10A940008FE89BE38ACF80910418882309F487CF8E
:10A9500069EC71E08FE69BE380CF6DEF7BED81E8E2
:10A960009BE30E94C966EACFDF91CF911F910895C2
:10A97000CF938FEF9FE00F94C9BA8093FB030E949F
:10A980000B6A10926D05C1E080916D05843008F06E
:10A9900027C11092700587E39DE30E94A46664EAD4
:10A9A00076ED85E49AE30E94C9660E945D5788238C
:10A9B00021F00E940157882361F068E57EEC8BE36B
:10A9C0009AE30E94C96666EA7CE28AE29AE30E9400
:10A9D0006C8762E67DEC88E79CE30E94C9668CEA9E
:10A9E0009CE00F94C9BA62ED7BE6882311F066ED16
:10A9F0007BE622E049E950EE82EF92E40E946B6729
:10AA00008CEA9CE00F94C9BA882331F061ED72E0C2
:10AA100088EE92E40E94736680911314813041F4B1
:10AA20000E944CCC60E07CED8DE19AE30E94C96607
:10AA30000E943DCC8091100E811102C00E9407CC73
:10AA40008091100E8111C5C0C0935A046FE77CEC51
:10AA500084E19AE30E94C9666BE379EF80E99AE3A7
:10AA60000E94C9666BE77DEE86EF99E30E94C96696
:10AA700020E030E040E251E46091F0037091F10396
:10AA80008091F2039091F3030F947ABE87FD11C079
:10AA90008FEA9FE00F94C9BA62ED7BE6882311F03C
:10AAA00066ED7BE622E048EA5AEC81E59AE30E94F3
:10AAB0006B678091940566ED7BE6811102C062EDC3
:10AAC0007BE622E046E95AEC8DEE99E30E946B6743
:10AAD0000E940157811106C065EF7AEE8DE29CE37A
:10AAE0000E94C9668091100E81112AC080915A1768
:10AAF00022E04CE85AEC6EE07CE2811102C063E493
:10AB00007EE385EE99E30E946B6789E09FE00F94F6
:10AB1000C9BA22E04AEC5AEC6BED79E3882361F084
:10AB200022E04AEC5AEC62ED79E3813029F022E030
:10AB30004AEC5AEC6BE57EE380EE99E30E946B678A
:10AB400080913F0522E043EB5AEC61E67CE38230E2
:10AB500051F06AE57CE3833031F06DE67CE38130CF
:10AB600011F468E67CE382E79CE30E946B678091C6
:10AB70006204882331F06CE47BED8FE49CE30E9457
:10AB8000C96687EA9CE00F94C9BA61E07DE3882337
:10AB900011F06DEF7CE322E047EF59EC81E09CE29D
:10ABA0000E946B678091100E882331F06DEC78EF76
:10ABB00086ED92E40E9473660E94715280916D0549
:10ABC0008F5F80936D0580916F058F5F80936F0518
:10ABD000DBCE62E77AEF86E09AE30E9473663CCFB1
:10ABE000CF9108950E940B6A10926D0580916D05BA
:10ABF000843008F075C01092700587E39DE30E94D1
:10AC0000A46665ED71E08FEC9AE30E947366809113
:10AC10000C0E811106C060E27CEE81E19BE30E9494
:10AC2000C96664E47DE288E19BE60E946C8769E086
:10AC300070EF85EC9AE30E94736668EC73EF8CEB1F
:10AC40009AE30E94736665EA79EC8EEA9AE30E94C1
:10AC500073666CEA79EC82EA9AE30E94736663EBAE
:10AC600079EC80E99AE30E94C96662EC76ED8EE7A2
:10AC70009AE30E94C96669EA7BEC8EE69AE30E9439
:10AC8000C96666EF72E48CE59AE30E946C8720E067
:10AC900030E040E251E46091F0037091F103809163
:10ACA000F2039091F3030F947ABE87FD06C06AEB1E
:10ACB00079EC81E59AE30E94736661EB78EC87E1B9
:10ACC0009CE20E9473660E94715280916D058F5FB5
:10ACD00080936D0580916F058F5F80936F0586CFA0
:10ACE0000895EF92FF920F931F9388ECE82EF12CBA
:10ACF00007E211E030E020E040E16EE07EE089E82C
:10AD000099E30E94096092E3E92EF12C08E710E034
:10AD100030E020E040E16AEC76E084E799E30E94CD
:10AD200009602FE7E22EF12C0FEF10E030E020E079
:10AD300048E061E474E08AE699E30E9409601F91AB
:10AD40000F91FF90EF9008950E940B6A10926D058D
:10AD500080916D058430A8F41092700584EF9CE317
:10AD60000E94A4660E9471D60E94715280916D0566
:10AD70008F5F80936D0580916F058F5F80936F0566
:10AD8000E7CF0895EF92FF920F931F9380910D04E8
:10AD9000811135C080EC9FE00F94C9BA813061F514
:10ADA0008FEB9FE00F94C9BA082E000C990B90937B
:10ADB0000F0480930E048EEB9FE00F94C9BA082E07
:10ADC000000C990B90931104809310048DEB9FE07D
:10ADD0000F94C9BA082E000C990B9093130480931A
:10ADE00012048CEB9FE00F94C9BA082E000C990B4B
:10ADF000909315048093140481E080930D040E94C5
:10AE00000B6A10926D0580916D05843008F062C068
:10AE1000109270050E9414528823E9F060910E048C
:10AE20008FEB9FE00F94EDBA609112048DEB9FE0E1
:10AE30000F94EDBA609114048CEB9FE00F94EDBA7F
:10AE4000609110048EEB9FE00F94EDBA61E080EC0E
:10AE50009FE00F94EDBA8BE29EE30E94A466F12C72
:10AE6000E12C04E610E02CE93FEF40E16EE074E0F5
:10AE700085E890E30E9409602CE93FEF40E160E142
:10AE800074E086E790E30E9409602CE93FEF40E11F
:10AE900062E174E087E690E30E9409602CE93FEFED
:10AEA00040E164E174E088E590E30E94096063E9B1
:10AEB0007DED84E09BE30E9473660E947152809155
:10AEC0006D058F5F80936D0580916F058F5F809317
:10AED0006F0599CF1F910F91FF90EF900895EF921A
:10AEE000FF920F931F938091BD029091BE0220911B
:10AEF0000D0421118FC021E020930D0490930F04C5
:10AF000080930E048FEF9FE00F94C9BA8093FB03E8
:10AF10000E940B6A10926D0580916D05843008F0D7
:10AF200088C0109270050E94145281110E944A54E8
:10AF300087E39DE30E94A466F12CE12C07EE13E069
:10AF40002AE030E040E169E372E089E99CE30E9495
:10AF500009600E9471D62AE030E040E16DEB72E0BA
:10AF600084E99CE30E9409608091100E811106C063
:10AF700061E77EEE84E89CE30E9473660E940157BD
:10AF8000882331F065E273E488E19BE60E946C87D8
:10AF900062E67DEC88E79CE30E94C9668091131409
:10AFA000813011F40E944CCC0E943DCC8091100E57
:10AFB000811102C00E9407CC80913F0522E043EB43
:10AFC0005AEC61E67CE3823051F06AE57CE3833041
:10AFD00031F06DE67CE3813011F468E67CE382E7D2
:10AFE0009CE30E946B6780916204882331F06CE4DB
:10AFF0007BED8FE49CE30E94C9660E9471528091B0
:10B000006D058F5F80936D0580916F058F5F8093D5
:10B010006F0582CF20910E0430910F042817390755
:10B0200009F470CF90930F0480930E040E94205572
:10B0300069CF1F910F91FF90EF9008958F929F928B
:10B04000AF92BF92CF92DF92EF92FF920F931F9336
:10B05000CF93DF93F82E6091080E7091090E8091C6
:10B060000A0E90910B0E0F9462BD4B016B01609123
:10B07000490570914A0580914B0590914C050F94BC
:10B0800062BDEB01FF2009F4A6C06B01E40124EBD3
:10B09000922E90E080E090930F0E80930E0E84E647
:10B0A00090E0F11002C090E080E09093CB06809396
:10B0B000CA06E090780580E00F94632A0F9445510A
:10B0C00081E00E94B489B12CA12C85E0882E80916A
:10B0D0006C0581111CC00F94455181E00E94B48918
:10B0E00000E911E020E042E06A2D87E0F11001C0A4
:10B0F00088E00E9436CFA82E8B2D682D0F9478BB48
:10B10000911102C00E94DA6EB394B910E0CF109290
:10B110000F0E10920E0E1092CB061092CA060F94CC
:10B120004551B601DD0C880B990B4E01DD0FAA08C5
:10B13000BB08FF2009F454C00F9457B59B01AC0124
:10B140006091490570914A0580914B0590914C059D
:10B150000F94F0BB0F9462BDEB01C501B4010F94D5
:10B1600057B59B01AC016091080E7091090E80915A
:10B170000A0E90910B0E0F94F0BB0F9462BD1091CC
:10B180006C0511110CC0F1104BC0693071050CF049
:10B190004DC08EE190E011E0C817D90734F469EF93
:10B1A00072E080E00F94C7A610E08E2D0F94632A02
:10B1B0000F94455181E00E94B489812FDF91CF9196
:10B1C0001F910F91FF90EF90DF90CF90BF90AF90C5
:10B1D0009F908F9008959CE3992E88EC90E05BCF30
:10B1E0000F9457B59B01AC016091080E7091090E48
:10B1F00080910A0E90910B0E0F94F0BB0F9462BDDC
:10B20000EB01C501B4010F9457B59B01AC016091EE
:10B21000490570914A0580914B0590914C05ABCF43
:10B2200089E090E06E3171050CF4B5CF69EF72E002
:10B2300081E00F94C7A6B9CF2F923F924F925F92B1
:10B240006F927F928F929F92AF92BF92CF92DF9236
:10B25000EF92FF921F93CF93DF9300D000D01F9205
:10B26000CDB7DEB7182F682E712C812C20E8922ED6
:10B270002CE5A22E23E4B22E813031F0812C912CCA
:10B280009FE7A92E93E4B92E10925C020F94A71F9A
:10B2900081E08093B80260E070E080EA90E40E9470
:10B2A0004E5F81E0012E01C0880F0A94EAF70F94E7
:10B2B000D61F20E030E040E752E4C501B4010F940E
:10B2C000F1BB69837A838B839C831301220C331C2B
:10B2D000220C331CC1018651994F9E838D83298195
:10B2E0003A814B815C81FC01608171818281938113
:10B2F0000F94F0BBED81FE81608371838283938321
:10B3000060E070E084E392E40F947C670F946D53E7
:10B3100010933B02109224041092250410922604EC
:10B3200010922704109228041092290410922A04E3
:10B3300010922B04812F0F94CE316B017C0120E001
:10B3400030E040EF52E4ED81FE81608171818281C5
:10B3500093810F94F1BBED81FE81608371838283C1
:10B36000938360E070E084E392E40F947C670F9431
:10B370006D53A5019401ED81FE816081718182810F
:10B3800093810F94F1BBED81FE8160837183828391
:10B39000938360E070E084E392E40F947C670F9401
:10B3A0006D538FEF80933B026091280470912904C4
:10B3B00080912A0490912B0420912404309125043B
:10B3C00040912604509127040F943CBB2D833F836A
:10B3D0003F932F93F8E56F0E711C7F926F928BE570
:10B3E00093E49F938F930F948BB90F900F900F90CE
:10B3F0000F900F900F908BE59FE0111102C08DE52B
:10B400009FE06D817F810F9427BB812F0F94CE31F8
:10B410002B013C01A70196010F94F0BB6B017C014D
:10B42000E894F7F8C1018651994F9E838D8320E0FF
:10B4300030E040E752E4FC016081718182819381B8
:10B440000F94F0BBED81FE816083718382839383CF
:10B4500060E070E084E392E40F947C670F946D5396
:10B4600029813A814B815C81ED81FE81608171810E
:10B47000828193810F94F0BBED81FE8160837183A3
:10B480008283938360E070E084E392E40F947C67AE
:10B490000F946D53812F0F94CE319B01AC01C301EA
:10B4A000B2010F94F0BB2B013C01E89477F80F94A4
:10B4B000A71FFF92EF92DF92CF9287EC9CE29F93BF
:10B4C0008F930F948BB9A5019401C701B6010F9416
:10B4D000F0BB9F770F900F900F900F900F900F90F1
:10B4E00020E030E040EA50E40F947ABE18160CF4E5
:10B4F00053C07F926F925F924F9287EC9CE29F9332
:10B500008F930F948BB9A5019401C301B2010F94DD
:10B51000F0BB9F770F900F900F900F900F900F90B0
:10B5200020E030E040EA50E40F947ABE1816A4F10F
:10B53000A3019201C701B6010F94F0BB6B017C011E
:10B54000E894F7F8FF92EF92DF92CF928AEA9CE2BA
:10B550009F938F930F948BB90F900F900F900F9034
:10B560000F900F9020E030E040E85FE3C701B601A4
:10B570000F947ABE18160CF444C0ED81FE8110823F
:10B580001182128213820F942263812F0E94FFD1B5
:10B590000F949E3C81E01DC01092B80264EE72E0F0
:10B5A000113011F062EE72E088E00F94C7A6F1014D
:10B5B000E651F94F10821182128213820F94226396
:10B5C000812F0E94FFD181E08093B8020F949E3CAE
:10B5D00080E027960FB6F894DEBF0FBECDBFDF9197
:10B5E000CF911F91FF90EF90DF90CF90BF90AF90E1
:10B5F0009F908F907F906F905F904F903F902F9093
:10B60000089564EE72E0113011F062EE72E087E0AE
:10B610000F94C7A6F101E651F94F108211821282F0
:10B6200013820F942263812F0E94FFD1CFCF0F94FA
:10B63000F0841092FC031092C9061092C8060C9474
:10B640009D52809189168823F9F081508093891644
:10B6500093E2E7EBF5E1A4E9B5E101900D929A954B
:10B66000E1F727EB35E190E0981760F443E2F90148
:10B67000B396D90101900D924A95E1F79F5F2D5D38
:10B680003F4FF2CF0F94F0841092FC031092C90642
:10B690001092C8060C949D52EF92FF920F931F9345
:10B6A0000E940B6A10926D0580916D05843008F040
:10B6B00052C0109270050E94145281110E94348968
:10B6C0008BE29EE30E94A4662091600430E0F12C9E
:10B6D000E12C0FEF10E048E061E674E087EE9CE3B8
:10B6E0000E9409600091610410E030E020E048E031
:10B6F00060E674E08AED9CE30E94096080914F024D
:10B7000066EC7CE3813031F06DEC7CE3811102C0AA
:10B7100062EC7CE322E040EB5BED8AE49EE30E9476
:10B720006B67F12CE12C04E813E02FE030E040E1FE
:10B730006DE472E082ED9CE30E9409600E94715208
:10B7400080916D058F5F80936D0580916F058F5F90
:10B7500080936F05A9CF1F910F91FF90EF900895EF
:10B7600080914F02882331F0813041F410924F02D2
:10B770000C94348982E080934F02FACF81E0FBCFB2
:10B78000CF930E940B6A10926D0580916D058430F5
:10B7900030F51092700587E39DE30E94A46665E38F
:10B7A0007DED86ED9AE30E947366C0E061E36C0F65
:10B7B0002C2F44E45DED81E89BE30E940566CF5F9A
:10B7C000C530A1F70E94715280916D058F5F809303
:10B7D0006D0580916F058F5F80936F05D6CFCF91F8
:10B7E000089584E00D94223E85E00D94223E86E08B
:10B7F0000D94223E87E00D94223E81E00D94223E7E
:10B8000088E00D94223E82E00D94223E60913C043B
:10B8100081EA9DE00F94EDBA83E00C94ED526091C3
:10B82000080E7091090E80910A0E90910B0E0F94E4
:10B8300062BD20916B0230916C02261737070CF025
:10B8400065C08091C8069091C906892BB9F10E9404
:10B850002A568091FD0D8F5F803109F480E0909130
:10B86000FE0D981759F16091C8067091C906072E10
:10B87000000C880B990B0F9457B59B01AC0160919C
:10B88000F6067091F7068091F8069091F9060F94EC
:10B89000F1BB6093F6067093F7068093F8069093D9
:10B8A000F9061092C9061092C80665E575E585EDA2
:10B8B0009FE30F947C6781E080936D0280916D021D
:10B8C000882311F161E080E00E94F55F8091F90624
:10B8D0008F938091F8068F938091F7068F938091D4
:10B8E000F6068F9382EE91E49F938F9383ED91E41C
:10B8F0009F938F930E94A65F8DB79EB708960FB651
:10B90000F8949EBF0FBE8DBF0C94056A0E94FE6026
:10B910004DEE5FE260E080E00E94A26049ED5FE2F0
:10B9200062E080E00E94A26060ED77E080E090E05D
:10B930000F9451210E94FE600D949319CF930E94A1
:10B940000B6A10926D0580916D05843058F5109248
:10B9500070050E94145281110F948A1A87E39DE3A7
:10B960000E94A4666FE372E086ED9AE30E9473661C
:10B97000C0E061E36C0F2C2F43EF51E081E89BE3C3
:10B980000E940566CF5FC530A1F70E947152809179
:10B990006D058F5F80936D0580916F058F5F80933C
:10B9A0006F05D1CFCF910895EF92FF920F931F9320
:10B9B000CF938C017B010E940B6A10926D058091E0
:10B9C0006D05843018F5109270050E941452811193
:10B9D0000F948A1A87E39DE30E94A466C0E061E3A6
:10B9E0006C0F2C2FA701C8010E940566CF5FC530E0
:10B9F000B1F70E94715280916D058F5F80936D0544
:10BA000080916F058F5F80936F05D9CFCF911F9184
:10BA10000F91FF90EF9008956EE17DED82E29BE63D
:10BA20000C94D4DC6AE27DED8FE29BE60C94D4DCCE
:10BA30006FEC71E081E89BE30C94D4DCCF93C82FCA
:10BA40000F94E38F882321F08C2FCF910D9434B580
:10BA5000CF910895CF93C82F0E94095361E08C2F96
:10BA60000F94B9B4CF910D948A1A80E00F9478B4F2
:10BA700081E00F9478B482E00F9478B483E00F945F
:10BA800078B484E00D9478B40D9478B40E940B6A75
:10BA900010926D0580916D05843008F043C01092BE
:10BAA000700584E19AE30E94A46664E57EEC89E473
:10BAB0009DE00E940F676FE47EEC84E59DE00E94AC
:10BAC0000F676AE47EEC8FE59DE00E940F6765E4F6
:10BAD0007EEC8AE69DE00E940F6760E47EEC85E7DD
:10BAE0009DE00E940F676BE37EEC80E89DE00E9482
:10BAF0000F6766E37EEC8BE89DE00E940F6761E3D1
:10BB00007EEC86E99DE00E940F670E947152809151
:10BB10006D058F5F80936D0580916F058F5F8093BA
:10BB20006F05B8CF08950E941A6D10920D04089504
:10BB3000CF93DF9349E350E360E080E00E94A2608E
:10BB40004CE753E461E080E00E94A26062E080E0A4
:10BB50000E94F55F85EE9FE00F94D1BA9F938F937B
:10BB60007F936F931F9288E58F93CCEED1E4DF93A0
:10BB7000CF930E94A65F63E080E00E94F55F89EEAC
:10BB80009FE00F94D1BA9F938F937F936F931F92EF
:10BB900089E58F93DF93CF930E94A65F8DB79EB701
:10BBA00040960FB6F8949EBF0FBE8DBFDF91CF9128
:10BBB0000C94056ACF92DF92EF92FF9280E69FE0AD
:10BBC0000F94D1BA6B017C010E94F7608EE38F93D2
:10BBD00080E88F931F921F9283E190E39F938F934E
:10BBE0008DE38F9385EF8F9382EC8F9380E98F9312
:10BBF0008FE190E39F938F938CE793E49F938F93D0
:10BC00008BE290E39F938F9383E79BE29F938F93C5
:10BC10000E94A65F60E08FE00E94F55F8DB79EB73F
:10BC200042960FB6F8949EBF0FBE8DBF20E030E065
:10BC300048EC52E4C701B6010F94E6BC87FF2EC062
:10BC400020E030E044E353E4C701B6010F9496B519
:10BC50002BED3FE049E450E40F94F0BC9F938F93A9
:10BC60007F936F938CE69BE29F938F930E94A65FD6
:10BC70000F900F900F900F900F900F900E945068B0
:10BC8000882389F020E041E070E060E088E99DEDE4
:10BC9000FF90EF90DF90CF900C94A5528FE99CE33A
:10BCA0000E94B85FEBCFFF90EF90DF90CF900895A8
:10BCB0002F923F924F925F926F927F929F92AF929C
:10BCC000BF92CF92DF92EF92FF920F931F93CF9389
:10BCD000DF937091FF0D711104C07091000E7723F6
:10BCE00099F0DF91CF911F910F91FF90EF90DF902E
:10BCF000CF90BF90AF909F907F906F905F904F904C
:10BD00003F902F900C94095370910004711109C059
:10BD10007091B8021092B8027093010471E07093B0
:10BD2000000419016A01C62FD92F982E8091C806E8
:10BD30009091C906892B09F471C00E942A568091FE
:10BD4000FD0D8F5F803109F480E09091FE0D981712
:10BD500009F464C084E0C89F80011124F801E65111
:10BD6000F94F5F016091C8067091C906072E000C5B
:10BD7000880B990B0F9457B5F501208131814281D1
:10BD800053810F94F1BB2B013C01B601DD0C880BF4
:10BD9000990B0F9457B56B017C01AC019B01C3015A
:10BDA000B2010F94E6BCF50187FD7DC0408251824F
:10BDB00062827382B101330C880B990B0F9457B5D3
:10BDC0002B013C01C8018651994F7C01A3019201CE
:10BDD000FC0160817181828193810F947ABE181673
:10BDE0002CF4F70140825182628273821092C9065C
:10BDF0001092C8066EEE76E08AEE96E00E94595BDD
:10BE0000F801E650FD4F60817181828193810E942B
:10BE10002E560F947C6781E080936D0280916D02B5
:10BE2000882311F161E080E00E94F55F84E0C89F03
:10BE3000F0011124E651F94F83818F9382818F9312
:10BE400081818F9380818F93DF939F9283ED91E423
:10BE50009F938F930E94A65FEDB7FEB738960FB6FB
:10BE6000F894FEBF0FBEEDBF80913104811104C074
:10BE70008091FF03882321F0809101048093B80210
:10BE8000DF91CF911F910F91FF90EF90DF90CF90B6
:10BE9000BF90AF909F907F906F905F904F903F903A
:10BEA0002F900C94056AC082D182E282F38282CF05
:10BEB00022ED30E050E040E062E08DEF91E40C9440
:10BEC00058DE2FEF30E050E040E060E087EF91E493
:10BED0000C9458DE24ED30E04CEF5FEF61E08AEF28
:10BEE00091E40C9458DE8F929F92AF92BF92CF92C2
:10BEF000DF92EF92FF920F931F93CF93DF931092F5
:10BF000036040E940C57882309F462C06091E40350
:10BF10007091E5038091E6039091E7030F9455B586
:10BF200020E030E543EC57E40F94F0BCEB01182F10
:10BF3000092F0F94AF306B017C010E94F7608CE3F6
:10BF4000882E912CA12CB12CC701B601A50194011A
:10BF50000F943CBB7F936F93CA01B901A501940173
:10BF60000F943CBB7F936F93C701B60120E13EE085
:10BF700040E050E00F943CBB5F934F933F932F936F
:10BF800080EA9FE29F938F930F931F93DF93CF934A
:10BF90008BEA9FE29F938F938EE09BE29F938F9318
:10BFA0000E94A65F8DB79EB742960FB6F8949EBFCB
:10BFB0000FBE8DBFDF91CF911F910F91FF90EF903A
:10BFC000DF90CF90BF90AF909F908F900C94056AB8
:10BFD00081EF9FE00F94D1BA4B015C018DEE9FE0A1
:10BFE0000F94D1BA6B017C010E94F760C701B601C2
:10BFF0002CE330E040E050E00F943CBB7F936F9324
:10C00000CA01B90128E130E040E050E00F943CBBA8
:10C010007F936F93C701B60120EA35E040E050E01E
:10C020000F943CBB5F934F933F932F9389EB9FE219
:10C030009F938F93C501B4010F9455B520E030E074
:10C0400048EC52E40F94F0BC9F938F937F936F93CF
:10C050008AEC9FE29F938F9382E39BE29F938F935F
:10C060000E94A65F8DB79EB742960FB6F8949EBF0A
:10C070000FBE8DBF9FCF1F93CF93DF93E1E0F1E021
:10C0800080818E7F8083E2E0F1E080818160808327
:10C09000E5E9F5E090E1908311821282E0EDF0E0B5
:10C0A0008081826080839093D400E1EDF0E088E1AC
:10C0B0008083808180688083EDEEF2E18BE591E002
:10C0C000918780878FE892E09387828713E01383BC
:10C0D000158614869FB7F894E5E0F1E080818062D0
:10C0E00080839FBFE4E0F1E08081806280830E94D2
:10C0F000594C83E60F94628F8FE190E70E94F370B2
:10C10000C4EAD3E11093F81384EE93E70E94F3702E
:10C110008AE08C8B82E08093131481E08D8F8A8378
:10C120001CA286E08C8380E0DF91CF911F910D945B
:10C13000A4AC8CEA9CE00F94C9BA882361F01092F9
:10C1400013141092C1131092A6138CEA9CE00E9463
:10C15000B66C0D94197D0E943BE0F7CF4F925F9231
:10C160006F927F92AF92BF92CF92DF92EF92FF9247
:10C170000F931F93CF93DF936C0180911314C1141D
:10C18000D10429F0D6E0813029F0D5E003C0D4E015
:10C190008130D9F30E94FE6084E08093BF02C1E049
:10C1A00000E08D2F8350990B7C010F94455181E065
:10C1B0000E94B4898091C8069091C906009709F43D
:10C1C00097C097FF82C0C1501092C9061092C8064E
:10C1D000C4300CF480C0802F002E000C990B8E15FB
:10C1E0009F050CF074C00F5F0E94FE60C3E042EC3C
:10C1F00051E460E080E00E94A260A02E002E000CBE
:10C20000BB08C114D10421F012E0AE14BF0409F040
:10C2100013E0D0E0DF5F4EE15FE26D2F81E00E942E
:10C22000A2601D13F7CF402E002E000C55086608A3
:10C2300077089FEF491A590A690A790A10E01F5FC7
:10C24000612F8AE00E94F55FC301B2010E946E6512
:10C250008FEF481A580A680A780AD113F0CFC11430
:10C26000D10441F0AE14BF0429F4A60163E081E0DB
:10C270000E94A2604CEC57E461E080E00E94A26062
:10C280004EE36C2F80E00E94AE6064E670E080E0D8
:10C2900090E00F9451210E945068882309F485CFC3
:10C2A00082E08093BF028FEF8C0F800FDF91CF91E0
:10C2B0001F910F91FF90EF90DF90CF90BF90AF90C4
:10C2C0007F906F905F904F900895CF5F7DCF87E014
:10C2D0000F94A73C8BCFC1118ACF10162CF40150BC
:10C2E0000E94FE60C1E083CF87E00F94A73CFACFA5
:10C2F000C4300CF070CF7BCF2F923F924F925F9261
:10C300006F927F928F929F92AF92BF92CF92DF9265
:10C31000EF92FF920F931F93CF93DF9300D000D043
:10C320001F92CDB7DEB7698349015A012701682FF3
:10C3300070E090E080E00F9457B524E032E041E0F7
:10C340005CE30F9496B520913313309134134091F0
:10C350003513509136130F9496B56B017C012091E3
:10C360003713309138134091391350913A13C50166
:10C37000B4010F9496B520913B1330913C1340913A
:10C380003D1350913E130F94F1BBA70196010F94FA
:10C3900096B56B017C012091891330918A134091ED
:10C3A0008B1350918C13C801B2010F94F1BB9B0108
:10C3B000AC01C501B4010F94F0BB398124E0329F78
:10C3C000F0011124E75BFC4E2081318142815381D1
:10C3D0000F94F0BC9B01AC01C701B6010F94F0BBF8
:10C3E000209196133091971340919813509199137F
:10C3F0000F9496B56F837983182F092F20912A13F4
:10C40000E22FF0E0809129138150990BE817F9078A
:10C4100009F4F4C02F5F2E835E8144E0549F100125
:10C420001124D101A75FBC4E2D913D914D915C919E
:10C430002A833B834C835D83EE0FFF1FEE0FFF1FAC
:10C44000E75FFC4E4080518062807380C090431350
:10C45000D0904413E0904513F09046139201A3014D
:10C46000B201C3010F94FFBF882321F04F80598090
:10C47000612E702EA101475F5C4E1A01A701960143
:10C4800060E070E080E89FE30F94F0BB9201A301AD
:10C490000F9496B52B013C01A70196016F8179811C
:10C4A000812F902F0F9496B59B01AC01C301B2016F
:10C4B0000F94F1BBF1016083718382839383FE81CA
:10C4C000F0932A1320912F133091301340913113A0
:10C4D00050913213C501B4010F94F0BB2A813B8106
:10C4E0004C815D810F94F0BB2B013C01C0902B135C
:10C4F000D0902C13E0902D13F0902E13A7019601ED
:10C50000C701B6010F94FFBF882319F0C12CD12CAD
:10C51000760123E333E343E75FE3C701B6010F94FA
:10C5200096B56B017C012DEC3CEC4CE45DE3C30162
:10C53000B2010F9496B59B01AC01C701B6010F94EF
:10C54000F1BB80922F1390923013A0923113B092CE
:10C55000321360932B1370932C1380932D139093AD
:10C560002E136B017C01E894F7F821E029832091D8
:10C570009E1330919F134091A0135091A113C701B6
:10C58000B6010F947ABE18160CF01982809195139B
:10C59000398130FB81F98093951341E049832091E3
:10C5A0009A1330919B1340919C1350919D13C70196
:10C5B000B6010F947ABE18160CF01982809195136B
:10C5C000598150FB82F98093951327960FB6F89402
:10C5D000DEBF0FBECDBFDF91CF911F910F91FF90B6
:10C5E000EF90DF90CF90BF90AF909F908F907F9013
:10C5F0006F905F904F903F902F9008951E820CCFC8
:10C600002F923F924F925F926F927F928F929F9262
:10C61000AF92BF92CF92DF92EF92FF920F931F9350
:10C62000CF93DF93CDB7DEB7A4970FB6F894DEBFF4
:10C630000FBECDBF9B8F8A8F7A8B698B2B8B3C8BE8
:10C640004D8B5E8B0C8FCD8EDE8EEF8EF8A22091FF
:10C650007805298F80E00F94852AA989BA898D9160
:10C660009D910D90BC91A02D89A39AA3ABA3BCA3CF
:10C6700080E090E0A0EAB0E489839A83AB83BC8336
:10C680008B899C89AD89BE898D839E83AF83B88752
:10C6900020E030E040EA50E4BC01CD010F94F0BB53
:10C6A0002AE737E34EE15FE30F9496B56B017C0117
:10C6B00020E030E040EA50E40F94F1BB69877A87CC
:10C6C0008B879C87A70196016B897C898D899E89C0
:10C6D0000F94F0BB6D877E878F87988B312C212C30
:10C6E00029853A854B855C85CD8CDE8CEF8CF8A056
:10C6F0000C8D69897A898A8D9B8D0F94D3244B0187
:10C700005C012D853E854F855889CD8CDE8CEF8C64
:10C71000F8A00C8D69897A898A8D9B8D0F94D3241A
:10C720009B01AC0111E0C501B4010F947ABE18164B
:10C730000CF010E001E00127802F90E0E12FF0E005
:10C74000EE0FFF1FEE0FFF1F41E050E04C0F5D1F8B
:10C750004E0F5F1F8C01000F111F000F111FA1E072
:10C76000B0E0AC0FBD1F0A0F1B1FF8013896F88F01
:10C77000EF8BF80180859185A285B385FA018083CE
:10C780009183A283B3838D809E80AF80B884C9805B
:10C79000DA80EB80FC80A7019601C501B4010F94FB
:10C7A000F0BB2AE737E34EE15FE30F9496B52B0128
:10C7B0003C01AC019B01C701B6010F94F1BB698735
:10C7C0007A878B879C87A3019201C501B4010F94DE
:10C7D000F0BB6D877E878F87988BD80118964C9019
:10C7E000EF89F88D518062807380A5019401C701A3
:10C7F000B6010F94F0BB242D352D462D572D0F94E7
:10C80000F0BC9F772CE031E943EC5EE30F9496B5E2
:10C810006B017C015B018C01FF928F93DF926F9320
:10C820007F926F925F924F923F922F9222EB37E46A
:10C830003F932F930F948BB90FB6F894DEBF0FBEC2
:10C84000CDBF2AE037ED43E25CE36C2D7D2D8E2DCC
:10C850009F2D0F94E6BC87FF42C020E030E040EA05
:10C8600050E4642D752D862D972D0F94E6BC8823FA
:10C87000F1F1242D352D462D572D6B897C898D891D
:10C880009E890F94E6BC882391F1842D952DA62DC9
:10C89000B72DE989FA8980839183A283B383898D37
:10C8A0000F94852A6A2D7B2D802F912FA4960FB689
:10C8B000F894DEBF0FBECDBFDF91CF911F910F91D6
:10C8C000FF90EF90DF90CF90BF90AF909F908F90B0
:10C8D0007F906F905F904F903F902F900895FFEF63
:10C8E0002F1A3F0A2EE12216310409F0F9CE83E90E
:10C8F00097E40E94F37089A19AA1ABA1BCA1E98938
:10C90000FA8980839183A283B383898D0F94852ACA
:10C91000A12CB12C00EC1FE7C5CFEF92FF920F9333
:10C920001F93CF93DF9300D01F921F92CDB7DEB736
:10C93000082F162FF72E0F94E38F8823D9F00B3092
:10C9400029F1043131F187E5E82EE9820A831B835E
:10C95000FC82CE0101960E94284C8D8347E5502F22
:10C96000612F7F2D0F947AAC60E080E00F9499B333
:10C97000882359F30F900F900F900F900F90DF9135
:10C98000CF911F910F91FF90EF9008951093F013A6
:10C99000DACF1093F113D7CF8230910538F0880F9A
:10C9A000991F880F991F05970197F1F70895CF9365
:10C9B000DF93282F30E0F901E353FA4B8491F9011A
:10C9C000E958FA4BD491F901EF5DFA4BC491CC23AD
:10C9D000A1F081110E94B0C7EC2FF0E0EE0FFF1F15
:10C9E000E95FFA4BA591B491EC91ED2381E090E0E1
:10C9F00009F480E0DF91CF91089580E090E0FACFD4
:10CA00001F93CF93DF93282F30E0F901E353FA4BC4
:10CA10008491F901E958FA4BD491F901EF5DFA4B91
:10CA2000C491CC23A9F0162F81110E94B0C7EC2F1E
:10CA3000F0E0EE0FFF1FE351FB4BA591B4918FB7D0
:10CA4000F894EC91111108C0D095DE23DC938FBFD0
:10CA5000DF91CF911F910895DE2BF8CFCF93DF9315
:10CA600090E0FC01E958FA4B24918F5D9A4BFC0150
:10CA700084918823D1F090E0880F991FFC01ED523A
:10CA8000FB4BA591B491FC01E351FB4BC591D491B3
:10CA900061110EC09FB7F8948C91E22FE0958E2320
:10CAA0008C932881E223E8839FBFDF91CF91089583
:10CAB0008FB7F894EC91E22BEC938FBFF6CF1F93D6
:10CAC000CF93DF93182FEB0161E00E942EE52097B2
:10CAD00039F460E0812FDF91CF911F910C9400E534
:10CAE000CF3FD10511F461E0F5CFE12FF0E0E35342
:10CAF000FA4BE491E150E23108F0B3C0F0E088274E
:10CB0000EB57FA418F4F0D94D9BB97E59FE5A4E50C
:10CB1000AEE5B8E531E6C2E5CAE5D2E5DCE5E6E535
:10CB2000F0E5FFE509E631E613E61DE627E684B504
:10CB3000806884BDC7BDDF91CF911F91089584B5F2
:10CB4000806284BDC8BDF7CF8091800080688093EB
:10CB50008000D0938900C0938800EDCF8091800041
:10CB6000806280938000D0938B00C0938A00E3CFD3
:10CB700080918000886080938000D0938D00C09366
:10CB80008C00D9CF8091B00080688093B000C093B2
:10CB9000B300D1CF8091B00080628093B000C09389
:10CBA000B400C9CF80919000806880939000D093AA
:10CBB0009900C0939800BFCF8091900080628093CD
:10CBC0009000D0939B00C0939A00B5CF80919000C5
:10CBD000886080939000D0939D00C0939C00ABCF61
:10CBE0008091A00080688093A0008091A0008F7B3E
:10CBF0008093A000D093A900C093A8009CCF8091FF
:10CC0000A00080628093A000D093AB00C093AA00E4
:10CC100092CF8091A00088608093A000D093AD0057
:10CC2000C093AC0088CF8091200180688093200160
:10CC3000D0932901C09328017ECF8091200180628A
:10CC400080932001D0932B01C0932A0174CF80914F
:10CC50002001886080932001D0932D01C0932C0186
:10CC60006ACFC038D1050CF03ECF33CF4F925F92E0
:10CC70006F927F928F929F92AF92BF92CF92DF92EC
:10CC8000EF92FF920F931F93CF93DF9386B9FA0130
:10CC9000E080F18016161706B4F4E216F30699F454
:10CCA000C701DF91CF911F910F91FF90EF90DF901F
:10CCB000CF90BF90AF909F908F907F906F905F903C
:10CCC0004F900C94CCE489016A01EB01B70190E02C
:10CCD00080E00F9455B52DEB37E346E855E30F940C
:10CCE00096B54B015C01BE010D2E000C880B990B13
:10CCF0000F9457B5A50194010F9496B52B013C01F3
:10CD0000A50194016AE077ED83E29CE30F94F0BC07
:10CD10009B01AC01C301B2010F94F1BB4B015C015B
:10CD20002AE037ED43E25EE30F94E6BC1816DCF52B
:10CD3000A50194016AE077ED83E29CE30F94F0BCD7
:10CD400020E034E244E759E40F9496B520E030E067
:10CD500040E05FE30F94F1BB0F9469BD5B01601786
:10CD6000710708F45801EA14FB0431F4209721F00C
:10CD7000FCF0F1E0AF1AB108C5010E94CCE4F60165
:10CD8000B182A082DF91CF911F910F91FF90EF9020
:10CD9000DF90CF90BF90AF909F908F907F906F90DB
:10CDA0005F904F90089580E1A82E87E2B82EDBCFE8
:10CDB0008FEFA81AB80AE0CF2F923F924F925F925E
:10CDC0006F927F928F929F92AF92BF92CF92DF929B
:10CDD000EF92FF920F931F93CF93DF9300D0CDB7C5
:10CDE000DEB7F901E080F180E114F10409F46BC0D1
:10CDF000161617060CF067C019015B834A836B0196
:10CE00008983FA0100811181B80190E080E00F94DC
:10CE100055B54B015C01B6010D2C000C880B990B2C
:10CE20000F9457B52B013C01A5019401C501B40134
:10CE30000F9496B59B01AC01C301B2010F9496B556
:10CE40009B01AC016AE077ED83EA9BE30F94F0BCB1
:10CE500020E030E040E05FE30F94F1BB0F9469BD48
:10CE60006E157F0528F5F981F6B9EA81FB8180818D
:10CE700091810E94CCE4F10180819181019791839D
:10CE8000808381E00F900F900F90DF91CF911F91E1
:10CE90000F91FF90EF90DF90CF90BF90AF909F9059
:10CEA0008F907F906F905F904F903F902F9008955C
:10CEB000662777276C197D0998014A815B818981F2
:10CEC0000E9436E6D8CF80E0DDCF0F931F93CF933B
:10CED000DF93182F062FD1E0C0E0812F8D2329F09A
:10CEE000602F6D238C2F0F948D3FCF5FDD0FC330EC
:10CEF000A1F7DF91CF911F910F9108958F929F928B
:10CF0000AF92BF92CF92DF92EF92FF9230E020E09B
:10CF100091E0482F492319F1A901440F551F440FEF
:10CF2000551FFA01E55FF84FC080D180E280F380A1
:10CF3000762F7923812C912C54018394772321F02F
:10CF400088248A94982C5401C80CD91CEA1CFB1C18
:10CF5000455F584FFA01C082D182E282F382990F75
:10CF60002F5F3F4F23303105A1F6FF90EF90DF9008
:10CF7000CF90BF90AF909F908F9008952F923F9247
:10CF80004F925F926F927F928F929F92AF92BF92D9
:10CF9000CF92DF92EF92FF920F931F93CF93DF9385
:10CFA00000D000D0CDB7DEB7C0900B07D0900C07F3
:10CFB000E0900D07F0900E077C01EC18FD088091C1
:10CFC0000F0790911007A0911107B0911207681BED
:10CFD000790B8091130790911407A0911507B091D8
:10CFE0001607FA01E81BF90BFA83E983FB01FF0F2F
:10CFF000EE0BFF0FFE2FEE1FE27089819A8188E011
:10D000009802812D990B11248470E82B8F2D881F95
:10D010008827881FE82BE0935F0490910B01987B91
:10D020008AE0E827E0FD9160E1FD9260E2FD946016
:10D03000906490930B01000087E198EC011102C00D
:10D0400090E080E09093E1068093E00630935E04E8
:10D0500020935D0429813A813E832D8337FF05C0EB
:10D060003195219531093E832D838B0177FF03C0D4
:10D07000119501951109F7FE03C0F194E194F108AF
:10D080009801D8010F94E1BB4B015C012D813E81D9
:10D09000D9010F94E1BB860E971EA81EB91E9701F9
:10D0A000D7010F94E1BB680D791D8A1D9B1D0F945C
:10D0B00055B50F94BFBF20E030E040E05FE30F9430
:10D0C000F1BB0F9469BD2B014B015B016B013B016F
:10D0D0001C821B82312C212C1A821982611471044A
:10D0E00009F447C0E091E006F091E1063097E9F5D8
:10D0F00080E0EC14FD0440F0C40CD51C89819A81B9
:10D1000001969A83898381E00A151B0530F08260BD
:10D11000A40CB51C9FEF291A390AED81FE81E81590
:10D12000F90548F08460840C951C2B813C812F5FAD
:10D130003F4F3C832B83CE18DF08A01AB10AED8144
:10D14000FE818E1A9F0A86B9E091DC06F091DD0619
:10D150003097D1F1B201C3011995009711F00E94E7
:10D16000CCE4F1E06F1A7108B9CF1995882309F45E
:10D17000BFCFE091DE06F091DF06309741F030E05E
:10D1800020E04B815C81B10189819A81199581E010
:10D19000672809F480E026960FB6F894DEBF0FBE2C
:10D1A000CDBFDF91CF911F910F91FF90EF90DF9056
:10D1B000CF90BF90AF909F908F907F906F905F9037
:10D1C0004F903F902F90089584EF91E0C8CF8EBD8F
:10D1D0000DB407FEFDCF8EB50895459885E00E94F9
:10D1E000E7E88FEF0E94E7E8459A80FDF6CF0895C3
:10D1F0001F93CF93DF93EA01162F0E94E7E8812F58
:10D200000E94E7E88D2F0E94E7E88C2FDF91CF91F5
:10D210001F910C94E7E845980E94F8E8459A089514
:10D22000EF92FF920F931F93CF93DF937A018901BF
:10D230004598AB01BC0182E00E94F8E8E7010E0DC1
:10D240001F1DC017D10741F4459ADF91CF911F915F
:10D250000F91FF90EF90089589910E94E7E8F1CF38
:10D26000EF92FF920F931F93CF93DF937A0189017F
:10D270004598AB01BC0183E00E94F8E8E7010E0D80
:10D280001F1DC017D10741F4459ADF91CF911F911F
:10D290000F91FF90EF9008958FEF0E94E7E8899338
:10D2A000F0CF0F931F93CF93DF9300D01F92CDB792
:10D2B000DEB78C018CE58CBD1DBC24E030E0AE01F6
:10D2C0004F5F5F4F60E070ED83E090E00E9430E9D7
:10D2D00089819A81AB81BC8187349545A245B5454A
:10D2E00071F40115110549F021E030E0A80165E075
:10D2F00070ED83E090E00E9430E981E001C080E0C1
:10D300000F900F900F900F90DF91CF911F910F9181
:10D310000895459886E00E94E7E8459A08954F925F
:10D320005F926F927F928F929F92AF92BF92EF9295
:10D33000FF920F931F93CF93DF937C014A015B0110
:10D34000E9018CE58CBD1DBC412C80ED582E83E09D
:10D35000682E712C0E9489E9B301A20180E20E942B
:10D360000BE90E94EDE880E1580E611C711C41142C
:10D370005104E4E06E06710469F78DB79EB7F701BA
:10D380009387828700D08F919F91AF91B0E0868381
:10D390009783A087B1870E9489E92CE030E0A7013C
:10D3A00060E070ED83E090E00E9410E90E94EDE8FB
:10D3B0000E9489E94598B501A40182E00E94F8E83D
:10D3C000FE01219680810E94E7E80150110941F099
:10D3D000FFEF8F1A9F0AAF0ABF0AFE018110F1CF3B
:10D3E000459A0E94EDE80115110511F7DF91CF91E3
:10D3F0001F910F91FF90EF90BF90AF909F908F90F3
:10D400007F906F905F904F900895CF93DF93CDB74B
:10D41000DEB72C970FB6F894DEBF0FBECDBF47E442
:10D4200055E562E575E549835A836B837C8391E01A
:10D430009D838E83F89488E19DE00FB6F894A895BB
:10D44000809360000FBE9093600000E012E230E035
:10D4500020E040E051ED63E070E0CE0101960E94D3
:10D460008FE90E94B3560F931F93CF93DF93CDB7ED
:10D47000DEB72C970FB6F894DEBF0FBECDBF87E4A2
:10D4800095E5A2E5B5E589839A83AB83BC831D82CC
:10D490001E8200E010E220E032E040E053ED63E065
:10D4A00070E0CE0101960E948FE92C960FB6F89499
:10D4B000DEBF0FBECDBFDF91CF911F910F910895B9
:10D4C000CF93459A3D9A8CE58CBD1DBC459880E96B
:10D4D0000E94E7E880E00E94E7E880E00E94E7E839
:10D4E00080E00E94E7E88FEF0E94E7E8C82F8FEF07
:10D4F0000E94E7E8982F459ACF3E11F0C83C19F4F6
:10D5000081E0913109F080E0CF910895CF93C82F49
:10D5100086EA9CE00F94C9BAC0956C2F682386EA0E
:10D520009CE0CF910D94EDBA1F93CF93DF9300D081
:10D5300000D01F921F92CDB7DEB7BE016F5F7F4F45
:10D5400080913C040E94F36C80913C041BE0819F1D
:10D55000C00111246FEF7FEF805B924F0F940BBBE4
:10D5600060913C04619FB0011124675B724F47E0FA
:10D5700050E0CE0101960F94DDBA81EA9DE00F9450
:10D58000C9BA90913C0489130AC00E94E56C80E0FE
:10D590000E94D16C8F3F19F480E10E9486EA0E94BC
:10D5A000095328960FB6F894DEBF0FBECDBFDF91AA
:10D5B000CF911F910895CF93C82F86EA9CE00F94D6
:10D5C000C9BA682F6C2B86EA9CE0CF910D94EDBA16
:10D5D000CF93C82F86EA9CE00F94C9BA982F9C235A
:10D5E00081E09C1380E0CF9108950F931F93CF9318
:10D5F000DF93CDB7DEB763970FB6F894DEBF0FBEEB
:10D60000CDBF8091000481113AC081E08093000475
:10D610000E94077181EA9DE00F94C9BA182F0E94F9
:10D62000C36C8111EAC0109202041092010480E1DF
:10D630000E94E8EA811104C01092020410920104D1
:10D640006091010470910204072E000C880B990B65
:10D650000F9457B52091230E3091240E4091250E42
:10D660005091260E0F94F0BC609303047093040451
:10D67000809305049093060481E080936D0280916D
:10D68000C8069091C9060097F1F1209101043091EC
:10D690000204280F391F309302042093010421361D
:10D6A00040EF34070CF0B6C081E690EF909302048F
:10D6B000809301046091010470910204072E000C14
:10D6C000880B990B0F9457B52091230E3091240E9F
:10D6D0004091250E5091260E0F94F0BC60930304E8
:10D6E00070930404809305049093060462E370E051
:10D6F00080E090E00F9451211092C9061092C80664
:10D7000081E080936D0280916D028823B9F181EAF6
:10D710009DE00F94C9BA2BE0829FC0011124BE0185
:10D720006F5F7F4F875B924F0E942E520E94F7607F
:10D73000CE0101960E945F6761E080E00E94F55F84
:10D74000809106048F93809105048F938091040447
:10D750008F93809103048F938CE490E39F938F9336
:10D760001F9280E28F9380E092E49F938F930E94B8
:10D77000A65F0FB6F894DEBF0FBECDBF8091FF034A
:10D78000811104C080913104882351F181EA9DE028
:10D790000F94C9BA9BE0899F800111246091010414
:10D7A00070910204C801805B924F0F940BBB609193
:10D7B000CA06C8018E5A924F0F94EDBA6091F003D9
:10D7C0007091F1038091F2039091F3030F9469BD7E
:10D7D000C8018D5A924F0F94EDBA80E10E94DBEAA6
:10D7E0000E94056A63960FB6F894DEBF0FBECDBFE8
:10D7F000DF91CF911F910F9108952BE0129FC001EF
:10D800001124805B924F0F94D7BA909302048093B7
:10D8100001040DCF121613062CF41092020410927C
:10D82000010448CF2FB7F8944091EC035091ED03D9
:10D83000840F951F9093ED038093EC032FBF3ACF95
:10D84000EF92FF921F93CF93DF9300D000D01F92EF
:10D85000CDB7DEB78091FF03811118C081EA9DE04A
:10D860000F94C9BA182F0E94C36C882379F080E105
:10D870000E94E8EA882351F02BE0129FC001112496
:10D88000805B924F0F94D7BA892BF1F480910004FA
:10D89000882371F081EA9DE00F94C9BA2BE0829F42
:10D8A000C00111246FEF7FEF805B924F0F940BBB91
:10D8B0000E94506821E0811120E041E070E060E0CA
:10D8C00083EE98EF0E94A5522091C8063091C906B8
:10D8D0002115310559F081E0121613060CF080E095
:10D8E000809300041092C9061092C80681EA9DE058
:10D8F0000F94C9BA1BE0819FB0011124675B724F7E
:10D9000047E050E0CE0101967C010F94B9BA0E9425
:10D91000F76081EA9DE00F94C9BA819FC00111248C
:10D92000805B924F0F94D7BABC01990F880B990B6B
:10D930000F9457B52091230E3091240E4091250E5F
:10D940005091260E0F94F0BC20910004222319F16F
:10D950003EE320E21F923F931F922F939F938F935A
:10D960007F936F93FF92EF9288EB91E39F938F9356
:10D970000E94A65F0FB6F894DEBF0FBECDBF2796FC
:10D980000FB6F894DEBF0FBECDBFDF91CF911F91D0
:10D99000FF90EF90089530E22EE3DCCF60913C04DD
:10D9A00081EA9DE00F94EDBA0C9420EC61E088EAE6
:10D9B0009DE00E94836C80935B048091100E88230D
:10D9C00041F082E080935B0462E088EA9DE00F947E
:10D9D000EDBA68E287EA9DE00E94836C8093590467
:10D9E00060E971E085EA9DE00E946B6C61E084EA89
:10D9F0009DE00E94836C8093580461E083EA9DE07F
:10DA00000E94836C8093570461E082EA9DE00E944B
:10DA1000836C8093560461E080E29CE00E94836CFA
:10DA200080935C0408950F931F938B010E9493C809
:10DA3000FC0120812E3211F080E034C0B8016E5F0D
:10DA40007F4F01960E9493C8FC0120812E32A1F7DE
:10DA5000B8016C5F7F4F01960E9493C820E430E0CC
:10DA6000F80137832683FC01DF019191892F8F7D97
:10DA7000C1F187EF890F8230A0F19D3091F19D3285
:10DA800099F711969C919234E1F07CF49134A1F6CF
:10DA90000A5F1F4F28E030E045E06DEC74E4CF01F1
:10DAA0000E94C3C91F910F910895943491F092354B
:10DAB00019F60A5F1F4F20E230E042E061EC74E4A7
:10DAC000EECF0A5F1F4F20E130E044E068EC74E4E1
:10DAD000E6CF0A5F1F4F30E020E043E064EC74E4DF
:10DAE000DECF81E0DFCF8091100E811102C00C9457
:10DAF000E3C881E00895DF92EF92FF920F931F93A6
:10DB0000CF93DF930E940B6A10926D0580916D0593
:10DB1000843008F05CC0109270050E941452882373
:10DB2000E9F0C4E5D5E007EF1EE0FE0188818E3103
:10DB300008F4188221966081C8010F94EDBA015053
:10DB40001109033F8EE0180781F70E9473EDE894F6
:10DB5000D0F880FBD1F88D2D0F945E2084EF9CE3EC
:10DB60000E94A466F12CE12C08EC10E02DE130E0DD
:10DB700048E064E575E08CE199E30E9409602DE1DD
:10DB800030E048E065E575E082E199E30E940960D4
:10DB90002DE130E048E066E575E088E099E30E9419
:10DBA00009602DE130E048E067E575E08EEF98E32D
:10DBB0000E9409600E94715280916D058F5F809371
:10DBC0006D0580916F058F5F80936F059FCFDF910B
:10DBD000CF911F910F91FF90EF90DF90089544E156
:10DBE00050E0662389F0BC018AE795E00F94B6B84F
:10DBF00010928E051092790585EE9CE20E94F370DA
:10DC000081E080936D020895BC018AE795E00F944E
:10DC100049C1EECF90912C04891780F4913061F4C2
:10DC200080918F05882351F040E25EE460E070E06F
:10DC30008FE895E00D94682280E0089581E00895D2
:10DC4000EF92FF921F93CF93DF93EC01162F862F55
:10DC50000E940AEE8823E9F0BE018AE795E00F945E
:10DC600077B87C018FE895E00F94152410932C046D
:10DC700010921C0710925104EF2859F061E0CE0178
:10DC80000E94EFEDDF91CF911F91FF90EF900D94E7
:10DC90009319DF91CF911F91FF90EF900895CF934B
:10DCA000DF93EC0180E00E940AEE882321F060E01F
:10DCB000CE010E94EFEDCE01DF91CF910C946182F5
:10DCC000CF93DF93EC0180E00E940AEE882331F0CD
:10DCD00061E0CE01DF91CF910C94EFEDDF91CF9118
:10DCE000089561E082ED9CE60E94ED8682E08093DB
:10DCF0001C0786E893E60E9460EE0F94931983E078
:10DD000080936D020895CF93DF93EC0180E00E9431
:10DD10000AEE882331F060E0CE01DF91CF910C94C0
:10DD2000EFEDDF91CF910895CF93DF93C82FDFB749
:10DD3000662389F1F8940F943E2781E080930D0EBD
:10DD400010923D040E9414540F94AF670E94757E98
:10DD50001092FD030F94E231DFBF10923E040F9446
:10DD6000AB3180917C17882321F01092E9140F9435
:10DD70000C7D86E99CE20E94F37010921B14C11185
:10DD800010926C0581E080930C0E1092110EDF91C1
:10DD9000CF910D949319F89481E080930D0E109219
:10DDA0003D040E9414540F94AF670E94757E109238
:10DDB000FD030F94E231DFBFD4CF60E081E00C942B
:10DDC00094EE80934104809307050D9445510F9480
:10DDD000931910922C0480917605811132C08091A4
:10DDE0003802811102C081E008958FEF0E94E1EEB8
:10DDF00083E00E94D56B0F9484216093191870936F
:10DE00001A1880931B1890931C1881E08093C70602
:10DE100068EE73E080E090E00F9451210F9445513B
:10DE200081E00E94D56B80E00E94E1EE80912004A9
:10DE30009091210445973CF462E08EE39CE20E94BD
:10DE400020EE80E00895809122049091230445976C
:10DE500054F662E08AE29CE2F2CF0E94E7EE882369
:10DE600041F11092FD0386E893E60E9460EE0F9464
:10DE70006D5388E080931C070E945B6B81E00E94D9
:10DE8000D56B10926C0560E070E080E89FE30E9423
:10DE9000F35810923E048091F403823011F40F94F1
:10DEA00087310E942A5683E59CE20E94F37010920B
:10DEB0001C0708950E94E7EE882321F084E69CE287
:10DEC0000C94F3700895CF92DF92EF92FF920F932C
:10DED0001F93CF93DF93D82F6B017A01C22F40E2BB
:10DEE000811101C04EE363E080E00E94AE60C60194
:10DEF0000E94B85F40E2D13009F44EE363E08C2F1A
:10DF00000E94AE60C7010E94B85F0115110519F1AA
:10DF1000C8010F9487B8D82EC7010F9487B8CE5F79
:10DF200093E19D198C0F891708F4892F833108F02C
:10DF300082E140E2D23009F44EE363E00E94AE6039
:10DF4000C801DF91CF911F910F91FF90EF90DF906B
:10DF5000CF900C94B85FDF91CF911F910F91FF90FC
:10DF6000EF90DF90CF9008954F925F926F927F92E3
:10DF70008F929F92AF92BF92CF92DF92EF92FF92D9
:10DF80006C010F94842128EE33E040E050E00F94C0
:10DF90003CBB29013A010E944B6884E08093BF0298
:10DFA000F12CE12C0F94455181E00E94B4890F942B
:10DFB000842128EE33E040E050E00F943CBB49015F
:10DFC0005A0184189508A608B7080E945068811164
:10DFD00007C0C814D904EA04FB0420F781E007C095
:10DFE00081E0C814D904EA04FB0408F080E092E060
:10DFF0009093BF0291E08927FF90EF90DF90CF9040
:10E00000BF90AF909F908F907F906F905F904F9058
:10E0100008950F931F93CF93DF930E94FE6081E0DA
:10E020000E9417568DE59FE00F94D7BAEC018BE55F
:10E030009FE00F94D7BA182F092F8CEF9DE30E9411
:10E04000B85F61E080E00E94F55FDF93CF9382E4E8
:10E0500093E49F938F930E94A65F82E08093BF0218
:10E0600080E00E941CD90F900F900F900F90882392
:10E0700009F442C08DE59FE00F94D7BAEC0161E04E
:10E080008AE00E94F55FBE0190E080E04AE00E94D5
:10E0900009654CEE5DE362E080E00E94A26063E00F
:10E0A00080E00E94F55F0F931F9385E393E49F93B5
:10E0B0008F930E94A65F81E00E941CD90F900F9061
:10E0C0000F900F908823C1F08BE59FE00F94D7BA93
:10E0D000EC0163E08AE00E94F55FBE0190E080E021
:10E0E0004AE00E94096543E863E083E10E94AE6074
:10E0F0008AE090E00E94B4EF80E00E94175681E031
:10E100008093BF02DF91CF911F910F910C94056A0C
:10E11000AF92BF92CF92DF92EF92FF920F931F9335
:10E12000CF93DF936C010E94825FE601F12CE12C1A
:10E130006F2D80E00E94F55FC6010E94C3C888234E
:10E1400029F08FEFC81AD80A09F449C0C6010F9404
:10E1500087B88431910510F084E190E0E601C80FA2
:10E16000D91FE3E0FE120AC0843141F4FE0184911C
:10E17000E12C882319F02297EE24E394FE01849188
:10E18000882309F440C0CE010E94C3C881113BC05E
:10E19000FE01849192ED980F9230A8F18C3299F1A2
:10E1A00096EC980F923078F18F3369F1813259F102
:10E1B0008E01C016D10658F45801F1E0AF1AB1082B
:10E1C000C5010E94C3C881111DC08501F2CFC016D0
:10E1D000D106C9F0E801F39484E0F812A9CFEE204B
:10E1E000F9F048E863E083E10E94AE60CE01DF9180
:10E1F000CF911F910F91FF90EF90DF90CF90BF9044
:10E20000AF900895E801CC16DD0628F7F601849159
:10E210008A3009F30E943564FFEFCF1ADF0AF3CF8B
:10E22000D0E0C0E0E3CFCF93DF93EC0180E00E9429
:10E23000C8630E94FE60CE01DF91CF910C9488F0FC
:10E240008091FB0381113AC081E08093FB036091D0
:10E25000FB038FEF9FE00F94EDBA9091FD0D80913D
:10E26000FE0D981731F08DE991E30E9413F10F94A0
:10E270006D530F94778FF89481E09091FB03911187
:10E2800001C080E08093E4060F9496540E9473EDE1
:10E29000880F82700F945E200F94E231789489E6A3
:10E2A0009FE00F94C9BA882361F08091FB03882313
:10E2B00041F060E081EC90ED0C94CB521092FB03A6
:10E2C000C6CF0895CF92DF92EF92FF920F931F93E4
:10E2D000CF93DF9300D01F92CDB7DEB70F943E27C8
:10E2E000D09041048FEF8093410485E5E82E83E4CC
:10E2F000F82E0FE413E420E030E048E452E46091AB
:10E30000080E7091090E80910A0E90910B0E0F94D9
:10E310007ABE18168CF020E030E048E452E46091B8
:10E32000490570914A0580914B0590914C050F94D9
:10E330007ABE18160CF040C08CE39DE30E9413F1E6
:10E3400042E864E080E00E94AE606091080E709147
:10E35000090E80910A0E90910B0E0F9462BD7F936F
:10E360006F93FF92EF920E94A65F81E80E94BC5FCC
:10E3700040E864E089E00E94AE60609149057091D8
:10E380004A0580914B0590914C050F9462BD7F9397
:10E390006F931F930F930E94A65F81E80E94BC5F5A
:10E3A00088EE93E00E94EF8B0E94DA6E0FB6F8942D
:10E3B000DEBF0FBECDBF9FCFD092410481E00E944F
:10E3C000C8630E94FE604BE65DE360E080E00E946F
:10E3D000A26081E00E94175681E00E944E8960EDA4
:10E3E00077E080E090E00F94512182E08093BF02BB
:10E3F00000ED17E021E043E060E080E00E9436CFCE
:10E40000F82E83E00E94D56B80E00E94E1EE62E08E
:10E4100082E00F9411A880E00E94D56BC090200488
:10E42000D090210494E1C916D1045CF121E043E0CD
:10E430006F2D81E00E9436CFF82E8FEF0E94E1EE23
:10E4400063E085E00F9411A880E00E94E1EE8091E6
:10E4500022049091230484319105CCF469EF72E099
:10E4600085E00F94C7A696E4C916D1049CF408E889
:10E4700013E121E043E06F2D8DE00E9436CFE12CC7
:10E4800049C169EF72E086E00F94C7A6F0CF8634E9
:10E49000910554F460E081E00F948EA7811166C16C
:10E4A00069EF72E089E0F0CF86E4C816D10494F7F2
:10E4B00000ED17E021E043E06F2D82E00E9436CFAF
:10E4C000F82E1C9B18C01C9B16C020E030E040E2D8
:10E4D00051E46091F2067091F3068091F4069091F8
:10E4E000F5060F94F1BB6093F2067093F3068093E8
:10E4F000F4069093F50660E070E084E392E40F94F4
:10E500007C670F946D531C9B3BC11A8219821C823D
:10E510001B821C9B06C066EE72E0CE0101960F9432
:10E5200015C1BE016F5F7F4F82E00F94C7A610E058
:10E530000F94455181E00E94B489112309F497CFCB
:10E5400000ED17E021E043E06F2D84E00E9436CF1C
:10E55000F82E80E00E941CD9882309F488CF10E0AF
:10E5600000E021E043E06F2D84E00E9436CF0CED07
:10E5700015E021E043E0682F85E00E9436CFF82EB9
:10E5800081E00E941CD9882309F471CF10E000E0DB
:10E5900021E043E06F2D86E00E9436CFF82E0F94E5
:10E5A000A71F1092B802EEE6FEE685919591A5911F
:10E5B000B4918093EA069093EB06A093EC06B09397
:10E5C000ED06E2E7FEE6659175918591949120E074
:10E5D00030E040E850E40F94F1BB6093EE06709396
:10E5E000EF068093F0069093F10660E070E080E221
:10E5F00091E40E94CF5E0E94A2570CED15E021E04D
:10E6000043E06F2D86E00E9436CF50E040E061E0AD
:10E6100082E00E94097260E070E080EA91E40E946A
:10E62000CF5E60E070E080E291E40E94CF5E10E097
:10E6300000E021E042E060E08EE00E9436CF80E022
:10E640000F94991CE82E21E042E061E08EE00E94E8
:10E6500036CF81E00F94991CE82221E042E062E08D
:10E660008EE00E9436CFF82EEE2009F400CF61E054
:10E6700088EF9EE00F94EDBA00ED17E021E043E053
:10E680006F2D87E00E9436CFF82E81E00E941ED8C1
:10E69000882309F4ECCE08EE13E021E043E06F2D6F
:10E6A00088E00E9436CFF82E80E00E941ED8E82E27
:10E6B000882309F4DCCE00ED17E021E043E06F2D64
:10E6C00089E00E9436CF21E043E0682F8AE00E9473
:10E6D00036CFF82E0F94978380910318833029F456
:10E6E00069EF72E08AE00F94C7A680910318833027
:10E6F00009F4BDCE00ED17E021E043E06F2D8BE083
:10E700000E9436CF08E813E121E043E0682F8CE057
:10E710000E9436CF10922C0461E086EA9CE20E94AF
:10E72000ED8681E00E94C863EE2061F181E00E94E5
:10E73000DBEA8FE59DE30E9460EE0F94931980E081
:10E740000E94175680E00E944E8981E08093BF02AC
:10E750008E2D0F900F900F900F90DF91CF911F9102
:10E760000F91FF90EF90DF90CF90089561E080E0EF
:10E770000F948EA781119CCE69EF72E085E084CE64
:10E7800011E0D6CE62E08AE796E60E9420EED7CF6F
:10E790000C9462F1CF92DF92EF92FF92CF936B01D4
:10E7A0007C0182E080931C0783E393E60E9460EE85
:10E7B0000F94128F20E030E044E352E46091F606BB
:10E7C0007091F7068091F8069091F9060F94F0BBCE
:10E7D0006093F6067093F7068093F8069093F90617
:10E7E0006AE077E58DEA92E40F947C670F946D53AD
:10E7F00020E030E04CE052E46091F6067091F706BC
:10E800008091F8069091F9060F94F0BB6093F6069C
:10E810007093F7068093F8069093F90669E27CE519
:10E8200085E891E40F947C670F946D5320E030E00D
:10E83000A901C701B6010F94E6BC8823E1F0A70146
:10E8400096016091F6067091F7068091F806909116
:10E85000F9060F94F1BB6093F6067093F706809368
:10E86000F8069093F90660E070E080E291E40F947E
:10E870007C670F946D538FED9AE30E9413F1149A05
:10E8800064E670E080E090E00F94512182E00F9404
:10E89000A73CC3E30E945068811107C0C15029F012
:10E8A00084E690E00E94EF8BF5CF0F946D530E94A9
:10E8B0005068882329F084E690E00E94EF8BF7CF20
:10E8C00081E00E94C8638AE59CE60E9460EE109297
:10E8D0001C070F948A1ACF91FF90EF90DF90CF9092
:10E8E0000D945083CF92DF92EF92FF9280E090E000
:10E8F000A8ECB2E48093F2069093F306A093F4069A
:10E90000B093F50665E575E585E591E40F947C67C0
:10E9100080ED97E00E94EF8B8AE592E30E9413F16D
:10E9200060910E0E70910F0E072E000C880B990B44
:10E930000F9457B59B01AC016091080E7091090EC0
:10E9400080910A0E90910B0E0F94F0BB9F7720E000
:10E9500030E040EA50E40F947ABE1816A4F58AE538
:10E9600092E30E9413F164E080E00E94F55F609101
:10E970000E0E70910F0E072E000C880B990B0F9442
:10E9800057B520E030E040E05FE30F94F1BB0F9417
:10E9900062BD6B0120E030E040E05FE36091080E73
:10E9A0007091090E80910A0E90910B0E0F94F1BB9D
:10E9B0000F9462BDA60182E80F947C1B88EE93E061
:10E9C0000E94EF8BADCFFF90EF90DF90CF90089536
:10E9D0002F923F924F925F926F927F928F929F926F
:10E9E000AF92BF92CF92DF92EF92FF920F931F935D
:10E9F000CF93DF9300D000D0CDB7DEB75C016C833E
:10EA0000342E3B832A8348012C2C009709F051C0F7
:10EA10008701222DA4016A817B81832D0E9463EFEF
:10EA2000D12CC12C0F9484212B013C010E944B68F6
:10EA300084E08093BF02DE82CD8224E6298382E3D4
:10EA400090E00E94EF8B3C8131113AC08091C80662
:10EA50009091C906009709F042C00E94506888232F
:10EA600009F467C08D819E81892B09F05EC082E028
:10EA70008093BF0291E090936E0280936D02832D8C
:10EA800026960FB6F894DEBF0FBECDBFDF91CF91B3
:10EA90001F910F91FF90EF90DF90CF90BF90AF90BC
:10EAA0009F908F907F906F905F904F903F902F90AE
:10EAB00008950E9413F16C01892B09F0B3CFA8CF00
:10EAC0000F94842164197509860997096133754784
:10EAD0008105910508F4BACF33243A94C8CF2D812B
:10EAE0003E81232BF9F4E114F104B1F097FF0FC03C
:10EAF00031103A948701222DA4016A817B81832DF4
:10EB00000E9463EF1092C9061092C806A6CF32E0A9
:10EB1000331681F33394EECF392E3094331C3324E3
:10EB2000331CE8CF87E00F94A73CC114D10479F4DB
:10EB300084CF998191509983911181CFC114D104CF
:10EB400061F02D813E81232B11F4BE82AD828D8137
:10EB50009E810E9413F19E838D838D819E81892BDE
:10EB600009F06BCF8701222DA4016A817B81832D5F
:10EB70000E9463EF62CF4F925F926F927F928F926B
:10EB80009F92AF92BF92CF92DF92EF92FF920F933C
:10EB90001F93CF93DF93CDB7DEB72D970FB6F894C1
:10EBA000DEBF0FBECDBF80910004813051F130F047
:10EBB000823009F475C210920004FDC080913815AE
:10EBC000882349F01092381510926E020F94F08449
:10EBD00081E080936E020F940A82909308048093E0
:10EBE00007048091100E8111E0C089E09FE00F942E
:10EBF000C9BA80930A0481E0809300048FEF809368
:10EC0000090480910B04811107C08BE094E00F94FC
:10EC1000E52181E080936D0280916D02811121C018
:10EC200064EF71E08BE094E00F94B6218823A1F0AB
:10EC3000809109048F3F81F082E08093000410925C
:10EC4000010410920404109203048BE094E00F94EA
:10EC5000E52181E080936D0280916D02882309F4A3
:10EC6000A6C08FEF809309048BE094E00F94E52118
:10EC70000E940B6A10926D05CE0101965C019BED1E
:10EC8000492E9CE6592E80916D05843008F093C082
:10EC90001092700580913B04882309F4A3C087E398
:10ECA0009DE30E94A4666BEE74E184E995E10F9404
:10ECB000EA458091EB148F3209F097C080915A1782
:10ECC000882331F067E17BED8EE29DE30E9473665D
:10ECD00080900704909008047724739491E0891A37
:10ECE000910808F4D0C18091700590916F05891347
:10ECF000C6C160910A04C4010F94648D80917005AF
:10ED000090E02091C8063091C906609035158217B1
:10ED1000930751F4909206048092050460920204D5
:10ED200040916D054093090440916D02662009F4FD
:10ED300061C04423C9F0409100150BEE14E1442357
:10ED400011F000E015E160916D054EE38217930725
:10ED500009F040E280E00E94AE6085E80E94BC5F5E
:10ED600062E1C8010E94F7668091700590916E057E
:10ED7000992309F484C12091C8063091C9068217ED
:10ED8000130609F07CC110926E0261E08BEE94E1F3
:10ED90000F9474861092C9061092C8060E949D5264
:10EDA00070926E020E94615299CF82E022CF0E943F
:10EDB0005068811156CF2D960FB6F894DEBF0FBE66
:10EDC000CDBFDF91CF911F910F91FF90EF90DF901A
:10EDD000CF90BF90AF909F908F907F906F905F90FB
:10EDE0004F9008958BE29EE35CCF61E27BED81E37F
:10EDF00093E46CCF4423B1F0409100150BEE14E185
:10EE0000442311F000E015E160916D054EE3821797
:10EE1000930709F040E280E00E94AE6063E1C80120
:10EE20000E94F7668091700590916E05992309F410
:10EE300026C12091C8063091C9068217130609F031
:10EE40001EC110926E028091FE038111A9CF6BEE5C
:10EE500074E1C5010F9434C1750105E91FE0F701A4
:10EE600061917F01662319F06E3209F044C060E0C1
:10EE7000C8010F94EDBA6EE270E0C5010F9420C195
:10EE80007C01892B19F02FEFE21AF20A670101E9E0
:10EE90001CE0E114F10421F0F6016081611101C070
:10EEA00060E0C8010F94EDBA0F5F1F4FFFEFCF1A5C
:10EEB000DF0A04392CE0120761F7C09089166C2D27
:10EEC0008AE59FE00F94EDBA87EE94E10AE01FE037
:10EED000D12C7C01E9E0EE0EF11CDC14B9F048E025
:10EEE00050E0B8018E5A9F4F0F94DDBAD394085F5B
:10EEF0001F4FC701EECFC8010F94EDBA0F5F1F4F30
:10EF00000D39FFE01F0709F0AACFB5CF8091100E91
:10EF1000882391F0BF92AF925F924F920E94BB877D
:10EF200061E087ED9CE60E94ED860F900F900F90B8
:10EF30000F900F94931934CF61E0C5010F94AB8704
:10EF4000C090F617D090F717E090F817F090F917E7
:10EF50009C2D8D2DF1E0CF16F8E7DF06E104F104DA
:10EF600010F090E088E7092F182F21E0C21628E75B
:10EF7000D206E104F10408F45CC088E7D81AE1087D
:10EF8000F108C092FD17D092FE17E092FF17F092A1
:10EF90000018C701B6010F94D27D0E94757E709251
:10EFA000FD036FE07DE3C8010E94E7658091FD17D6
:10EFB0009091FE17A091FF17B09100184091F6179D
:10EFC0005091F7176091F8177091F917841795070A
:10EFD000A607B70790F5611030C020917C1721116A
:10EFE00003C080E090E0DC018C199D090E94DA6486
:10EFF0007092E9140E9465828091FC109091FD103E
:10F00000892BA1F286EA9CE20F94F553811106C088
:10F010008CE293E40F94F553882311F066246394F3
:10F020008091FB10811102C00E943E6D1092FB1076
:10F03000E3CFC12CD12C7601B0CF0E94FB6410929B
:10F04000FD030F94E3888AE59CE60E9460EE611060
:10F0500061CF8AE0C82EF12CE12C08EC1EE32FECE6
:10F060003EE341E060E08DE19DE30E94E8F4182F6B
:10F0700081E00E94C863112309F44CCF5ACF8F5FFF
:10F08000809370052BCE0E94715280916D058F5F29
:10F0900080936D0580916F058F5F80936F05F3CD31
:10F0A0008091FF0311E0811105C080916D028111F3
:10F0B00001C010E08091030490910404892B91F425
:10F0C00060910A0480910504909106040F94648D68
:10F0D00080910015811146C08BEE94E19093040459
:10F0E000809303041111109201046CE271E08BE033
:10F0F00094E00F94B621811103C0112309F45BCE73
:10F100008091020402E1811101C003E14EE36091AC
:10F11000090480E00E94AE6080910204882319F007
:10F1200085E80E9435642091010480910304909148
:10F130000404602F820F911D0E94F766811115C093
:10F140008BE094E00F94E521809101048F5F809320
:10F150000104112309F42FCE10920B0481E0809357
:10F16000000429CE80E095E1B9CF10920B04F1CFD5
:10F17000CF92EF92FF920F931F932AE0C22EF12CB1
:10F18000E12C01E01DE32DEF3CE30E94E8F41F9128
:10F190000F91FF90EF90CF90089541E061E08EEFE6
:10F1A00092E40E94B8F8811107C061E08AEF92E40E
:10F1B0000E94ED860F94931981E00E94C86382E05B
:10F1C00080936D020895CF93809113148130A1F440
:10F1D00088EC9EE30E94AEE0853080F58093540475
:10F1E0008AE08093FE0320E041E070E060E08FE37E
:10F1F00091E0CF910C94A5528FE59FE00F94C9BA8E
:10F200008111EECF809103188230D9F480911018CB
:10F210008111E6CF89EE91E30E9413F10E944B68C1
:10F22000C4E184E690E00E94EF8B0E945068811157
:10F2300002C0C150B1F781E080936E02CF910C946F
:10F24000095341E060E080E996E30E94B8F891E05C
:10F25000811190E081E080936E029111C1CFDACFED
:10F2600040E0682F8BE193E30E94B8F8811102C05F
:10F270000C94ACC90895DF92EF92FF920F931F9305
:10F28000CF93DF9300D01F92CDB7DEB78CEA9DE01D
:10F290000F94C9BAE82E8BEA9DE00F94C9BA182FD3
:10F2A0008AEA9DE00F94C9BA082F0E940B6A109257
:10F2B0006D0580E3F82EF10E98E7D92E005D809160
:10F2C0006D05843008F047C0109270050E941452FA
:10F2D000882329F0173019F481E00E9430F984EF77
:10F2E0009CE30E94A466F982DA82FB821C8220E001
:10F2F00047E35AECBE016F5F7F4F8DEB9CE30E94AA
:10F300006B6709831A8220E048E25AECBE016F5F06
:10F310007F4F81EB9CE30E946B676FE97CE31730C2
:10F3200031F462ED7BE6EE2011F066ED7BE622E043
:10F3300043E45AEC83EA9CE30E946B670E9471529B
:10F3400090916D059F5F90936D0590916F059F5F04
:10F3500090936F05B4CF0F900F900F900F90DF91A7
:10F36000CF911F910F91FF90EF90DF900895CF9272
:10F37000DF92EF92FF920F931F93CF93DF93D82EDC
:10F38000C92E01E080916E02811101C000E010924F
:10F390006E028D2D9C2D0E9413F17C010E944B6802
:10F3A00084E08093BF02E701209729F449E863E0F5
:10F3B00083E10E94AE6014E682E390E00E94EF8B4E
:10F3C0000E945068882381F0209781F482E0809326
:10F3D000BF0200936E02DF91CF911F910F91FF90BA
:10F3E000EF90DF90CF900895115031F7E114F104C0
:10F3F000D9F2209711F4CD2DDC2DCE010E9413F10E
:10F40000EC01D2CFCF92EF92FF920F931F93413036
:10F41000A9F42AE0C22EF12CE12C08EC1EE32FEC1B
:10F420003EE340E061E00E94E8F4813069F41F911E
:10F430000F91FF90EF90CF900C94DDEE423021F4CD
:10F44000CB010E94B7F9F3CF1F910F91FF90EF907E
:10F45000CF9008958CEA9CE00F94C9BA811118C02E
:10F46000809103188823A1F080911018811110C099
:10F4700040915C04442361F06BE47FE3CB010E9484
:10F4800002FA81E090910C0E913019F480E0089519
:10F4900081E008951F93CF93DF9310915B041123B4
:10F4A000E9F0EC0185EA9DE00F94D7BA8C179D072F
:10F4B000A9F0412F65ED7EE382E29FE30E9402FA0C
:10F4C0008091100E81110AC010925A0460E08FE7FB
:10F4D0009CECDF91CF911F910C94CB52DF91CF9197
:10F4E0001F91089580910318882351F0809110187E
:10F4F000882331F080E999E30E94B7F90D949319BC
:10F5000086E080930C0EFACF80911314813061F461
:10F5100084EC92E30E94B7F984E08093FE0361E0FB
:10F520008BE992E40C94ED868AE792E30E94B7F9A6
:10F5300080E00E94C8630E94FE604EE35BE662E0EA
:10F5400080E00E94A26081E0E8CFAF92BF92CF92AC
:10F55000DF92EF92FF920F931F93CF93C82F8823D0
:10F5600029F061E08FE59FE00F94EDBA81E00E9401
:10F570004E8983EAE82E82E4F82E97EDC92ED12C2D
:10F580002CE3A22EB12C0C2F10E01F92CF93FF92F0
:10F59000EF920F948BB90F900F900F900F90CF3088
:10F5A000A0F7F8018827E852F5408F4F0D94D9BB9A
:10F5B000E7FA24FB4AFB54FB5CFB8EFB98FBB0FB99
:10F5C000C5FBBFFBC9FBE7FBFDFB0DFC0DFC10926F
:10F5D000010E8FE59FE00F94C9BA823029F48BE5C4
:10F5E00098E30E94B7F90DC040E060E088EF97E330
:10F5F0000E94B8F8811107C061E08FE59FE00F9489
:10F60000EDBAC1E0C0CF60E08FE59FE00F94EDBAA6
:10F6100010E000E080E00E944E891F930F9388ED78
:10F620009BE29F938F930F948BB90F900F900F9045
:10F630000F90CD3009F40AC1CE3009F4F4C0C111E5
:10F64000F6C081E395E3F1C010922C0481E00E94A2
:10F65000E8EAC2E0882309F496CF82E00E94E8EA53
:10F66000C3E0882309F48FCF84E00E94E8EAC4E075
:10F67000882309F488CF88E00E94E8EAC5E088235F
:10F6800009F481CF80E10E94E8EACDE081117BCFCF
:10F69000C6E079CF81EB97E30E94B7F90E9462F14F
:10F6A0008111AFCFCEE06FCF85E797E30E94B7F926
:10F6B00080E00F940495F4CF8FE497E30E94B7F9AC
:10F6C00083E297E30E94B7F985E097E30E94B7F9D8
:10F6D00081E00F940495882329F360E070E088EDC1
:10F6E00091E40E944E5F80911314813009F489CF18
:10F6F000D0920F0EC0920E0E82EE96E30E9413F18E
:10F700000E9472F460E070E0CB010E94CAF30E9494
:10F7100084FA10920F0E10920E0E73CF84EA96E3C5
:10F720000E94B7F985E080930C0E05E010E072CFDF
:10F73000D0920F0EC0920E0EB092CB06A092CA06C7
:10F7400041E060E080E996E30E94B8F88823F9F090
:10F7500080911314C7E0813009F015CFC8E013CFB2
:10F7600020E041E070E060E087ED91E00E94A5526A
:10F7700081E596E30E94B7F907E010E04BCF0E94C5
:10F7800072F40E9484FACBE0FECE0E9484FACAE0B2
:10F79000FACE87E694E30E94B7F980911314813082
:10F7A00099F480E194E30E94B7F982E493E30E9424
:10F7B000B7F920E041E070E060E083EE98EF0E944E
:10F7C000A5520AE010E026CF80EE93E3ECCF87E667
:10F7D00094E30E94B7F980911314813021F480E101
:10F7E00094E30E94B7F982E493E30E94B7F984E0BE
:10F7F00080930C0E0BE010E00DCF41E060E080E064
:10F8000096E30E94B8F8811105C082ED95E30E944D
:10F81000B7F9BDCF8EE695E3E4CE60E08FE59FE0DB
:10F820000F94EDBAF7CE84EB94E30E94B7F981E030
:10F830000E94C86382E0CF911F910F91FF90EF90DB
:10F84000DF90CF90BF90AF900C94945F10922C04F7
:10F850008AE59CE60E9460EE0F94931984E195E39B
:10F86000E4CFCF93DF93CDB7DEB767970FB6F894A9
:10F87000DEBF0FBECDBF789484B5826084BD84B5F1
:10F88000816084BD85B5826085BD85B5816085BD9B
:10F8900080916E00816080936E0010928100809153
:10F8A00081008260809381008091810081608093DB
:10F8B0008100809180008160809380008091B10000
:10F8C00084608093B1008091B00081608093B0002B
:10F8D000809191008260809391008091910081607D
:10F8E000809391008091900081608093900080913E
:10F8F000A10082608093A1008091A100816080932B
:10F90000A1008091A00081608093A00080912101DE
:10F910008260809321018091210181608093210187
:10F920008091200181608093200180917A00846021
:10F9300080937A0080917A00826080937A0080912F
:10F940007A00816080937A0080917A008068809349
:10F950007A001092C1009FB7F894A89584B7877F6A
:10F9600084BF0FB6F894A895809160008861809359
:10F970006000109260000FBE9FBF9FB7F894109276
:10F98000B00084E08093B10080917000816080932A
:10F990007000809170008D7F809370008091700066
:10F9A0008B7F809370001092B3009FBF6B98739A07
:10F9B0006AE070E080E090E00F9451219CB181E01A
:10F9C000292F287093FD80E080936204211122C0CA
:10F9D00062E082E39DE00E94836C80934F0262E8C4
:10F9E00084E39DE00E94836C8093610462E383E37F
:10F9F0009DE00E94836C809360046FE070E080E380
:10FA00009DE00E946B6C90934E0280934D026B9A26
:10FA10000E9467898F98559A879A859A9C9A8091B7
:10FA200001018068809301019B9A80917104886034
:10FA3000809371042FEF80E792E021508040904046
:10FA4000E1F700C0000081E00E94F16386E498E6DF
:10FA500090936C0480936B0410926E0410926D046A
:10FA600012E0109366041092700410926F040E94CA
:10FA700032648AE292ED90937804809377048BEA63
:10FA800092E0909376048093750487EE92E09093D1
:10FA9000740480937304809104018B7F809304012C
:10FAA000809104018D7F809304019FB7F894809129
:10FAB00005018460809305019FBF9FB7F8948091F2
:10FAC00005018260809305019FBF809101018F7BBA
:10FAD000809301019FB7F894809102018064809324
:10FAE00002019FBF809104018E7F809304019FB724
:10FAF000F894809105018160809305019FBFAFE973
:10FB0000BFE01197F1F700C00000809103018095DC
:10FB100081708093720444E150E06AE57CE68AE7F4
:10FB200095E00F94B6B80E94E44B0E94FE6083E219
:10FB300096E49F938F938AE296E49F938F930E941B
:10FB4000A65F8091010184608093010160E087EDF0
:10FB50009EE00E94836C80933F0560E088E09FE018
:10FB60000E94836C809394050E947FC787EC9EE679
:10FB70009093610580936005109263051092620571
:10FB800010935B05109265051092640588E595E079
:10FB900090932618809325180E9460EAD82E0F9023
:10FBA0000F900F900F9001E0882319F00E941061D0
:10FBB000082F60E084EC9FE00E94836C8093100E1D
:10FBC000882389F011E01093790488E00F9471493B
:10FBD000109394050E947FC71092041861E087E893
:10FBE0009FE00F94EDBA0E9473ED882351F064E218
:10FBF00086E692E00E94825764E286E692E00E94E6
:10FC00007A5744E150E065E17DE0FE0131967F01E5
:10FC1000CF010F94B9BA8C8981110AC044E050E039
:10FC200061E577E4C7010F94A8B8892B09F450C0A7
:10FC3000C09094051D8A1F8A1E8A10929405CE01D9
:10FC400045960F94E52162E370E080E090E00F9428
:10FC500051218091FC049091FD049093FB048093CA
:10FC6000FA048DE596E40E94F370570110E0133119
:10FC7000A1F06AEF70E0CE0145960F94B621811194
:10FC8000C0C00E948B6D181619068CF70E940C5389
:10FC9000D5018D935D011F5FEACF1C8A44E050E0DF
:10FCA00068E576E4C7010F94A8B8892B61F681E076
:10FCB000C0929405882309F4A6C044E150E065E1B0
:10FCC0007DE0C7010F94DDBA86E497E40F94B2B9E2
:10FCD000011104C080919405882321F08FE297E4FC
:10FCE0000E94F37081E494E70E94CC6E88E197E46F
:10FCF0000F94B2B960E08CEA9CE00E94836C8111A1
:10FD00000E943BE00F94197D80E696E40E94CC6E41
:10FD100062E086ED9EE00E94836C813009F076C03F
:10FD200086ED9BE60E94F37014B710FF04C08BEEC3
:10FD30009EE20F94B2B911FF04C08BED9EE20F94C6
:10FD4000B2B912FF04C08AEC9EE20F94B2B913FF5D
:10FD500004C08AEB9EE20F94B2B915FF04C08AEA90
:10FD60009EE20F94B2B914BE81E494E70E94CC6E77
:10FD70008AE99EE20E94CC6E84E097E40E94CC6EF9
:10FD80008EE89EE20E94CC6E85EF96E40E94F370AE
:10FD900081E494E70E94CC6E8FE79EE20E94CC6ED5
:10FDA00080911F1890912018B701009791F1681B5E
:10FDB000790B072E000C880B990B0E94326E88E697
:10FDC0009EE20E94CC6E80EE96E00F942B7D6CE25A
:10FDD00071E08EEE9EE00E946B6C8C0166E371E038
:10FDE0008CEE9EE00E946B6C0C32114009F0A9C7AA
:10FDF00001E08633914009F400E00E941C8DC82E7A
:10FE0000A8C780E055CF85E397E460CF82ED9BE6FD
:10FE100089CF69527841CDCF81E391E09093570229
:10FE20008093560280910205909103050F9444A897
:10FE300020E030E848E953E40F947ABE181654F4F1
:10FE4000809102059091030540969093030580935D
:10FE50000205E8CF80915202909153020F94DC2C5E
:10FE600020E030E040E251E40F94E6BC87FF0AC096
:10FE70008091520290915302409790935302809345
:10FE80005202E8CF80910005909101050F94DC2C7F
:10FE900020E030E04AEF52E40F947ABE181654F492
:10FEA0008091000590910105409690930105809303
:10FEB0000005E8CF80915002909151020F94472C99
:10FEC00020E030E040EF51EC0F94E6BC87FF0AC021
:10FED00080915002909151024097909351028093EB
:10FEE0005002E8CF8091FE049091FF040F94472CBC
:10FEF00020E030E040EA52E40F947ABE181654F441
:10FF00008091FE049091FF0440969093FF048093AB
:10FF1000FE04E8CF9FB7F89416BC8FEF88BD83E34B
:10FF200084BD12E015BD80916E00816080936E00EB
:10FF30009FBF80E88093B4008091700084608093BC
:10FF400070002FB7F89480910101846080930101C3
:10FF50009FB7F894809102018B7F809302019FBF2D
:10FF60008091010180628093010181E08093A00073
:10FF700085E18093A1008FEF90E09093A90080939A
:10FF8000A8009093AB008093AA009093AD0080935B
:10FF9000AC00109272002FBF8EE696E40F94B2B9B7
:10FFA0008FE580937E0010937D0080917C008064BB
:10FFB00080937C008FE980937A000E94FF8C9FB72A
:10FFC000F894809121018F7E8093210180912101FD
:10FFD000886080932101809120018D7F8093200192
:10FFE000809120018E7F80932001809120018F736A
:10FFF00080932001809120018F7C8093200180914B
:020000022000DC
:100000002101846080932101809121018D7F809363
:100010002101809121018E7F809321011092250181
:10002000109224012BEE31E4309329012093280112
:10003000D19A809173008260809373009FBF109269
:10004000FD0D1092FE0D80E1EBEFF6E0DF01282FB1
:100050001D922A95E9F7EEE2F5E0DF01282F1D92C7
:100060002A95E9F7EEE1F5E0DF011D928A95E9F7BF
:1000700010921A0510921B0510921C0510921D0576
:10008000109219051092180584E08093BF028091A8
:10009000000186FDC3C0BFEFE3EDF0E3B150E040E7
:1000A000F040E1F700C000008091000186FDB6C07D
:1000B0000E94FE6088EC96E40E94B85F8091010186
:1000C00084608093010180913F05823041F09FB7A9
:1000D000F894809102018460809302019FBF809117
:1000E000000186FFFCCF9FB7F894809102018B7FBF
:1000F000809302019FBF2FEF87EA91E62150804055
:100100009040E1F700C000008EEA96E49A8389836C
:1001100083EA96E49C838B8385E996E49E838D83B2
:1001200088E896E498878F838FE796E49A87898793
:100130000E94FE604EE360E080E00E94AE600E949C
:100140004B6810E0B12CA12C80913E05F501E80F21
:10015000F11D87FDFA95EE0FFF1FEE0DFF1D40818B
:1001600051816A2D81E00E94A260AFEFAA1ABA0AFB
:10017000B4E0AB16B10441F70F94455181E00E9401
:10018000B4898091C8069091C906009771F197FFD4
:1001900012C0115014300CF4A7C087E00F94A73C94
:1001A00080913E0518162CF08F5F80933E050E94CB
:1001B000FE6013E003C01F5F143078F747E756E492
:1001C00060E080E00E94A260612F80E00E94F55F05
:1001D0008EE30E94BC5F1092C9061092C80664E6C6
:1001E00070E080E090E00F9451210E9450688823D5
:1001F00009F4A8CF80913E05180F0E94FE6040E0F0
:1002000070E060E084E690E00F94B73E123009F4AD
:100210009FC008F07AC0113009F495C082E0809345
:10022000BF0260E08FEF9FE00E94836C61E08FE58A
:100230009FE00E94836C8FEF9FE00F94C9BA182F44
:100240008F3F09F410E01092E40661E08091100EF7
:10025000811160E089E69FE00E94836C91E081114A
:1002600001C090E090935C02882309F4A8C083E564
:100270009EE20F94B2B987EF9EE00F94C9BAB82EF0
:100280008093540586EF9EE00F94C9BAE82E8093C0
:10029000550585EF9EE00F94C9BAF82E8093560558
:1002A00084EF9EE00F94C9BA80935705FFEFBF1209
:1002B00002C0109254052FEFE21202C010925505B1
:1002C0009FEFF91202C0109256058F3F11F4109261
:1002D00057058091D30E90E028E09695879500977A
:1002E00009F470C02150F9CF1F3F09F067CF87E0B4
:1002F0000F94A73C80913E0518162CF481508093F2
:100300003E050E94FE6010E059CF133019F1143001
:1003100009F084CF67EB76E480E090E10E94E76526
:1003200010E000E06FEFC8010F94EDBAC8010E9421
:10033000DA640F5F1F4F0115E0E11E0799F70E9475
:10034000FB640E94B3560E9478560E9473DF66CF0A
:100350000E94785684E00E9486EA62E08FE59FE082
:100360000F9411BB1092100E60E084EC9FE00F948C
:10037000EDBA81E00E94496B11E01093041861E02E
:1003800087E09FE00F94EDBA1093051861E085EDCA
:100390009EE00F94EDBA109311188091E80E9091A1
:1003A000E90E90931318809312180F9448831092BB
:1003B000181861E08DEA9CE00F94EDBA2FCF8EE320
:1003C0009EE257CF209350058091D40E90E028E014
:1003D00096958795009711F02150FACF20935105FB
:1003E0008091D50E90E028E096958795009711F0C2
:1003F0002150FACF209352058091D60E90E028E04C
:1004000096958795009711F02150FACF20935305C8
:100410000E9473ED880F82700F945E2080910A0114
:10042000816080930A0180910A01826080930A01B1
:1004300080910A01846080930A0180910A0180649E
:1004400080930A010F9A179A0E9A169A0D9A159A86
:100450000C9A149A26982E9A25982D9A24982C9ABC
:10046000809107018B7F809307019FB7F89480915B
:1004700008018460809308019FBF809107018F77F6
:10048000809307019FB7F89480910801806880935A
:1004900008019FBF0998119A6E98389A4098179A48
:1004A0001092E706399A4198169A1092E8063A9AFD
:1004B00042983B9A4398149A809181008F7E809352
:1004C000810080918100886080938100809180000C
:1004D0008D7F80938000809180008E7F809380004C
:1004E000809180008F7380938000809180008F7C4A
:1004F0008093800080918100887F8260809381005A
:1005000080E090E4909389008093880010928500A9
:100510001092840010924705109246058FEF9FEFCE
:10052000909345058093440590934305809342053D
:10053000109241051092400581E08093B8028091AD
:100540006F00826080936F00789481E0111101C088
:1005500080E08093E4060F9496540E9473ED880F18
:1005600082700F945E200E94BC518AEE96E00E9439
:10057000B75C0F942263D11008C08BE99DE20F9401
:10058000B2B98FE49DE20E94B7F984E99CE00F9430
:10059000C9BA823459F46FEF84E99CE00F9411BB1F
:1005A00085E99CE00F94D7BA0E94B7F90F9497831E
:1005B000159888E00F9471498BEB9FE00F94C9BAAE
:1005C00091E0813009F090E090935A1781E00F9408
:1005D000228960E084E69FE00E94836C60E086E60A
:1005E0009FE00E94836C60E088E69FE00E94836C3D
:1005F00060E085E69FE00E94836C70E060E08FEF32
:100600009EE00E946B6C70E060E085E09FE00E94DD
:100610006B6C70E060E083E09FE00E946B6C70E0C8
:1006200060E081E09FE00E946B6C70E060E083ED31
:100630009EE00E946B6C70E060E080ED9EE00E94A6
:100640006B6C60E082ED9EE00E94836C60E08FEC5A
:100650009EE00E94836C88EA9CE00F94938281EA7A
:100660009DE00F94C9BA8F3F71F460E081EA9DE08C
:100670000F94EDBA88EF9FE00F94D7BABC0180E5E4
:100680009DE00F940BBB49E4E42E4DE0F42E10E006
:10069000BE016F5F7F4F812F0E94F36CAE014F5FF1
:1006A0005F4F67E070E0C7010E944C6C1F5FABE0DA
:1006B000EA0EF11C183061F781EA9DE00F94C9BA87
:1006C0000E94C36C811102C00E94E56C0E940771F8
:1006D00080E89CE00F94C9BA8F3F41F44FE050E0AE
:1006E00060E87CE088EE92E00F94DDBA85E09DE062
:1006F0000F9493828DEE9FE00F94938281EF9FE0A1
:100700000F94938260E08EEC9EE00E94836C61E027
:1007100087EA9CE00E94836C60E08FEA9FE00E9481
:10072000836C86EA9FE00F94C9BA8F3FD9F461E0E9
:1007300086EA9FE00F94EDBA30EBE32E3FE0F32E14
:1007400070E060E0C7010F940BBBB2E0EB0EF11C50
:10075000EAEBEE16EFE0FE0699F760E08FEA9FE025
:100760000F94EDBA60E085EA9FE00E94836C60E040
:100770008FE79CE00E94836C60E089E09FE00E942C
:10078000836C61E08CEA9DE00E94836C63E08BEAFD
:100790009DE00E94836C63E08AEA9DE00E94836C86
:1007A00061E089EA9DE00E94836C6F987798809160
:1007B0006A008F7B80936A0080916A0080688093D2
:1007C0006A00EF9A84E08093BF028091100E81113D
:1007D00023C0809107018E7F809307019FB7F89413
:1007E000809108018160809308019FBF8FE891E0AC
:1007F0000197F1F700C00000909106012FB7F8941F
:10080000809108018E7F809308012FBF90FD04C066
:1008100088E69FE30E94B7F9023071F0033009F4D3
:1008200030C1013099F488E891E40E94B7F966E399
:1008300071E08CEE9EE008C089E691E40E94B7F971
:100840006CE271E08EEE9EE00F9427BBC11006C0F3
:1008500086EF90E40E94B7F90E94D98180E80E9457
:10086000E8EA8823B9F087EF9FE00F94C9BA60E007
:10087000813061F48DEE96E40E940BCB67E1882312
:1008800029F086EB90E40E94B7F966E186EA9CE0E5
:100890000F94EDBA85EE96E40E940BCB182F8823B7
:1008A00029F08FE10E94E8EA11E01827F12CE12CF1
:1008B000F701EA52F94B6491C7010F94EDBA9FEF2B
:1008C000E91AF90AAAE0EA16F10491F7E5EEF6E46E
:1008D000659174918AE090E00F940BBBE7EEF6E42B
:1008E000659174918CE090E00F940BBBE9EEF6E417
:1008F000659174918EE090E00F940BBBEBEEF6E403
:100900006591749180E190E00F940BBB8FE59FE0BF
:100910000F94C9BA882309F4BFC080E00E94A5FAE9
:1009200083E08093BF0281E00E94C8630E94FE6062
:1009300082E00E94945F60E08EEF9EE00E94836CF4
:1009400080934E0560E38DEF9EE00E94836C809360
:100950005A0260E38CEF9EE00E94836C8093580201
:1009600060E08BEF9EE00E94836C80934F0560E314
:100970008AEF9EE00E94836C80935B0260E389EFC4
:100980009EE00E94836C8093590260E088EF9EE0B5
:100990000E94836C80934D05CE0101960E9451E91F
:1009A000882389F086E29EE20F94B2B98981882378
:1009B00051F083E09DE00F94C9BA8F3F21F082EBA4
:1009C0009DE20E94B7F96FEF83E09DE00F94EDBACE
:1009D0000E94F7568823D9F10F9445518CE89FE087
:1009E0000F94C9BA182F80936A02C0904905D0901D
:1009F0004A05E0904B05F0904C058BE89FE00F9482
:100A0000C9BA682F70E090E080E00F9455B520E0FF
:100A100030E040EA50E40F94F0BB4B015C0101E090
:100A2000AC019B01C701B6010F947ABE18160CF0F9
:100A300000E000934805A5019401C701B6010F9499
:100A40007ABE18160CF052C081E00F942F646C9897
:100A5000749880916A00816080936A0080916A0036
:100A60008D7F80936A00EC9A64994FC00E94F7567C
:100A7000882309F44AC080EE96E40E94F3700F9434
:100A8000095480E391E40E94B7F96CE271E08EEEC4
:100A90009EE00F9427BBCBCE81E011113FCF0E9487
:100AA000E8EA811105C088E490E40E94B7F938CFE4
:100AB00084E00E94E8EA811103C082ED9FE3F5CF54
:100AC00080E10E94E8EA811104C08BE599E60E946A
:100AD000B7F988E00E94E8EA811122CF8091780579
:100AE000882309F41DCF80EB9FE3DFCF113011F491
:100AF00080E0ABCF41E060E08EE89FE30E94B8F871
:100B00008823B1F30E941454A2CF0E94D6EC81E056
:100B10008093BF0288E198E20FB6F894A89580937D
:100B200060000FBE909360008091600080648093AD
:100B3000600085E0D82E90E0E92E90E0F92ECC24DC
:100B4000C39424E0B22E1092040E80916C05882389
:100B500009F4C2C0B092BF020E940157882309F471
:100B6000BEC080916A02813009F0B9C089E695E083
:100B70000F94E5210E94658280916902882389F0A3
:100B800068E873E18AEF97E10F94B621811109C0FB
:100B9000109269028091EA14882309F4ACC00F9482
:100BA000ED7D8091FC109091FD10892B09F45FC0C0
:100BB0001092FB108091E7148823C1F10091EB1291
:100BC0001091EC120F5F1E4E67E877E4C8010F9496
:100BD000D0B8892B09F09CC010927917F8010190C8
:100BE0000020E9F73197BF01601B710BC8010F941A
:100BF000C48B62E070E087EF92E00F94C48B809129
:100C00007917882341F089E194E70E94CC6E83EF45
:100C10009EE20E94F3708091E814882309F473C067
:100C20008091FC109091FD10892B11F00E94EB8EA9
:100C30008091FB10811119C08091FC109091FD10E2
:100C4000892B99F0E091EB12F091EC12E250FF4EFB
:100C50008081823009F061C0F894D08281819281D4
:100C60000F943B5478940E943E6D0E94D87E0F945E
:100C700045510E9401570E94B489809166058111F7
:100C80001092660580E00E94945F0F941F2280916D
:100C90006805882379F010926805823009F449C00C
:100CA000833009F44AC0813029F461E087E797E492
:100CB0000E94ED8680916705811107C0C09267058B
:100CC00081E00F942AAE10926705E114F10409F453
:100CD0003ACF0E94000037CFC092BF023DCF60E103
:100CE00077E289E695E00F94B621882309F442CF94
:100CF000B092110E3FCF81E00F9422898091EA14C7
:100D000081114DCF4ECF8BE19FE20E94F37090CFC7
:100D10000F940C7D89E09FE2F8CF863009F0A3CFD5
:100D20008091E91481119FCFF894D08281E090E006
:100D300097CF61E087E697E4BBCF61E086E597E473
:100D4000B7CF02E08633914009F003E00E94C181F1
:100D5000C12C82EA92EAA0E0B0E080934918909317
:100D60004A18A0934B18B0934C1810921405109287
:100D7000150510921605109217052091830E3091DB
:100D8000840E4091850E5091860E60E070E08FE7F2
:100D900093E40F94F0BC6093100570931105809359
:100DA00012059093130510920C0510920D051092E8
:100DB0000E0510920F0520918F0E3091900E4091EC
:100DC000910E5091920E60E070E08FE793E40F94E3
:100DD000F0BC609308057093090580930A05909311
:100DE0000B056D9A9D9A80910101886080930101A5
:100DF0008091070590E0B4E095958795BA95E1F765
:100E0000809306058AE090E09093050580930405A1
:100E100080915402909155020F9444A820E030E054
:100E200040E251E40F94E6BC87FD02C00C940CFF35
:100E3000809154029091550240979093550280936F
:100E40005402E6CF2F923F924F925F926F927F9221
:100E50008F929F92AF92BF92CF92DF92EF92FF92CA
:100E60000F931F93CF93DF9380910C0E813009F085
:100E70005FC09091FD0D8091FE0D981359C0809137
:100E8000FF0D811155C010921C078AEB9EE30E9452
:100E900060EE10920C0E82E08093110E10925504B9
:100EA0000F94AB310E94865560E070E080E291E4DF
:100EB0000E94CF5E8091E706882321F18091E806A9
:100EC000882301F180E090E0A8E4B2E48093EA0690
:100ED0009093EB06A093EC06B093ED0680E090E0D3
:100EE000AEE3B3E48093EE069093EF06A093F00692
:100EF000B093F10660E070E084E392E40F947C67C5
:100F00000F946D5380917605882309F4C6C09FB76E
:100F1000F894809102018B7F809302019FBF0F9410
:100F200053270E949D8188E080933F0410923E04E5
:100F300080910C0E823009F068C09091FD0D809177
:100F4000FE0D981362C08091FF0D81115EC08091EB
:100F50001C07873031F010921C078DEA9EE30E9437
:100F600060EE10920C0E82E08093110E10925504E8
:100F70000F946D5310923D0410920F0E10920E0EAE
:100F800060914702709148028091490290914A0213
:100F90000E94CF5E8091E706882351F18091E80698
:100FA000882331F180913F0290914002A09141024B
:100FB000B09142028093EA069093EB06A093EC0670
:100FC000B093ED068091430290914402A0914502B6
:100FD000B09146028093EE069093EF06A093F00640
:100FE000B093F10660E070E088E492E40F947C67CF
:100FF00080917605882309F47AC09FB7F894809190
:1010000002018B7F809302019FBF80910C0E843080
:1010100009F0A7C085EA9DE00F94D7BA3091FD0D85
:101020002091FE0D321370C12091FC103091FD1003
:10103000232B09F069C1C091010EC11165C1209136
:101040005504211157C02CE0209355044496BC014F
:1010500090E080E00F9455B520E030E04AE754E49A
:101060000F94F0BC4B015C01E0915504E150EC3071
:1010700008F077C0F0E08827EF5BF74F8E4F0D94B4
:10108000D9BB7B02B5015D015D015D015D01A70278
:10109000EF017702A101D3020302109241040E94E2
:1010A0005B6B81E00E94D56B80911314813009F055
:1010B00036CF8091E913882309F431CF8091400421
:1010C000823009F42CCF0E94015781110E943054C4
:1010D00020910E0E30910F0E80916B0290916C0258
:1010E000281739070CF41BCF0F9460B418CF109257
:1010F00041048BCF2150A8CF65E089E294E40E949F
:101100009C872FC080911314813049F5D0915404ED
:1011100061E080E49DE20E94ED8661E08EE194E46E
:101120000E94ED8661E087E194E40E94ED860F94D1
:10113000E27CD817A1F08F3F29F061E08BE39DE2BC
:101140000E94ED861F92DF9383E194E49F938F9337
:101150000E94BB870F900F900F900F90C1E0C0933B
:10116000530480910C0E833009F0CEC09091550449
:10117000911109C080931C0791E0909351048093D2
:101180006D028093550480915504833009F5909148
:10119000FD0D8091FE0D98131BC00F943E271092F9
:1011A0003E0280914C028F9380914B028F9384EB8F
:1011B00094E49F938F930E94BB8784EA9EE30E94EE
:1011C00060EE82E0809355040F900F900F900F9087
:1011D00080915504823009F078C080913E028823C6
:1011E00009F473C01092510482E99EE30E9460EEFC
:1011F00010920F0E10920E0EC0914D04D0914E041D
:1012000010914F040091500420E030E0A901F80152
:101210006C2F7D2F8F2F9E2F0F94E6BC81111FC046
:1012200020E030E0A9016091490470914A04809166
:101230004B0490914C040F94E6BC811110C020E047
:1012400030E0A90160914504709146048091470403
:10125000909148040F94E6BC882309F47EC28091E3
:1012600048048F93809147048F93809146048F9315
:10127000809145048F9380914C048F9380914B040F
:101280008F9380914A048F93809149048F930F9399
:101290001F93DF93CF938DE994E49F938F930E94E4
:1012A000BB8761E08AE49DE20E94ED868DB79EB720
:1012B0000E960FB6F8949EBF0FBE8DBF82E494E0E9
:1012C0000F94E52181E0809355048091550481308D
:1012D000D9F460ED77E082E494E00F94B62188239E
:1012E00099F08AE59CE60E9460EE10921C0782ED60
:1012F00090E090934C0280934B0210925504109210
:101300000C0E82E08093110E90910C0E953099F4A2
:101310002091FC103091FD10232B79F5809155041C
:10132000823009F443C208F01DC2882309F42EC29A
:10133000813009F446C280910C0E8630F1F4909110
:10134000FD0D8091FE0D981318C08091FC109091B6
:10135000FD10892B91F48091010E81110EC08091B6
:101360005504813009F481C208F445C2823009F481
:101370006BC2CFEF833009F442C2DF91CF911F914E
:101380000F91FF90EF90DF90CF90BF90AF909F9024
:101390008F907F906F905F904F903F902F90089527
:1013A0000E94FE601092520461E085EF9AEE0E9466
:1013B000CB52809113148130B9F48091530410E022
:1013C000811101C012E0C12FD0E0CC0FDD1FCF5F33
:1013D000DB4BFE018591949161E00E94ED861F5FD9
:1013E00022961930B1F7BDCE61E089EF93E40E94F7
:1013F000ED8620E030E040E850E4C501B4010F94F0
:1014000096B520E030E040E752E40F94258F9F939B
:101410008F937F936F9382E48F9380E78F931F92D4
:101420001F92CCEED3E4DF93CF930E94BB8720E0E2
:1014300030E040E051E4C501B4010F9496B520E0DE
:1014400030E84EE053E40F94258F9F938F937F9362
:101450006F9383E48F938AE48F9380E88F931F9236
:10146000DF93CF930E94BB878DB79EB744960FB68C
:10147000F8949EBF0FBE8DBF74CE66E080EE93E4FD
:101480003ECE61E086ED93E40E94ED868EE38F937D
:101490008CE48F938CEC8F938DEC8F938EEC93E494
:1014A0009F938F930E94BB8761E089EF93E40E9432
:1014B000ED8661E087E39DE20E94ED8620E030E06A
:1014C00040E850E4C501B4010F9496B520E030E047
:1014D00048EC51E40F94258F9F938F937F936F93E4
:1014E00001E40F9318EC1F931F921F92CCEED3E4EC
:1014F000DF93CF930E94BB87A5019401C501B4017E
:101500000F94F1BB20E030E048EC51E40F94258FBC
:101510009F938F937F936F930F931F931F921F92AD
:10152000DF93CF930E94BB8720E030E048EC52E489
:10153000C501B4010F94258F9F938F937F936F9371
:1015400082E48F931F931F921F92DF93CF930E9489
:10155000BB878DB79EB784960FB6F8949EBF0FBE1B
:101560008DBF20E030E040EA51E4C501B4010F94A2
:10157000258F9F938F937F936F9381EC8F9380EA56
:101580008F931F921F9281EC93E49F938F930E94FD
:10159000BB878DB79EB70A960FB6F8949EBF0FBE55
:1015A0008DBFDFCD20E030E046E153E4C501B4015A
:1015B0000F94258F762E672E582E492E20E030E08E
:1015C00040EA51E4C501B4010F94258FB62EA72E31
:1015D000982E892EC5E0DFEF2CEEE22E23E4F22ECA
:1015E00031ECC32E40EAD42E01EC13E44F925F920B
:1015F0006F927F926D2F0D2E000C770B880B990B3D
:101600000F9457B520E030E046E153E40F9496B5CF
:101610009F938F937F936F93FF92EF920E94BB876C
:101620008F929F92AF92BF92CF92DF921F921F92A2
:101630001F930F930E94BB87D195C1508DB79EB762
:1016400044960FB6F8949EBF0FBE8DBFC111CECF8A
:1016500088CD23E43DEC4FE25DE3C501B4010F9476
:10166000F0BB6B017C0120E030E040EA51E4C501B1
:10167000B4010F94258F662E572E482E392EA701C0
:101680009601C501B4010F94258F262EA72E982E02
:10169000892E84E0B82E90EA792E0CEE13E4F7FA46
:1016A000F094F7F8F094C1ECD3E43F924F925F923C
:1016B0006F9291E49F937F921F921F921F930F93BB
:1016C0000E94BB878F929F92AF922F92FF92EF92D0
:1016D000DF92CF92DF93CF930E94BB873F924F92CE
:1016E0005F926F9281EC8F937F921F921F921F9354
:1016F0000F930E94BB878F929F92AF922F92FF927F
:10170000EF92DF92CF92DF93CF930E94BB87BA9480
:101710008DB79EB788960FB6F8949EBF0FBE8DBF4B
:10172000B110C3CF1ECD69E08FEA93E4E8CC8AE51F
:101730009CE60E9460EE1092550410920C0E82E01E
:101740008093110E8FE59FE00F94C9BA882309F4A6
:10175000DBCD8CE00E94A5FA04CD8DE694E40E94D6
:10176000CC6EACCD8430A9F0C0F0853009F0E3CD6B
:1017700061E084E49DE20E94ED8661E087E594E407
:101780000E94ED8684E080935504D5CD9093550456
:10179000EFCF0F946D5383E0F6CF10923D0261E0DE
:1017A0008DE494E40E94ED8682E0EDCF80913C02CE
:1017B000811105C061E08AE49DE20E94ED8681E02E
:1017C000E2CF1092550410920C0E92E09093110EFD
:1017D00080933D028FE59FE00F94C9BA882309F4F6
:1017E000CCCD80913C02811104C081E00E94A5FA19
:1017F000A2CD8EE0FBCF83E080935504BECD6091F7
:10180000080E7091090E80910A0E90910B0E0F94A4
:1018100062BD6932710564F0C09341040F943E27A4
:1018200040E061E080E79EE30E94B8F8813039F73C
:1018300061E084E49DE20E94ED8661E08AE394E445
:101840000E94ED8682E0D8CF61E083E394E40E94B9
:10185000ED8641E060E080E69EE30E94B8F88111E9
:101860008CCD1092410481E0C7CF109255041092A4
:101870000C0E82E08093110E20E041E062E070E007
:101880008FE79CEC0E94A55283E08093520475CDB3
:101890000F931F9380910301809581709091720442
:1018A0008917A1F180917304909174048B5B954F1B
:1018B00011F40E94095382E080936D02809103012C
:1018C00080958170809372040E94326480E00E944F
:1018D000728980917204882309F488C08091EA1487
:1018E000811105C00F94228981E0809338158AE523
:1018F0009CE60E9460EE10923B0461E08BEB95EF5A
:101900000E94CB5286E394E00F9415240F94842117
:101910000091320410913304209134043091350445
:101920000617170728073907E8F580916D02882305
:1019300031F086E394E00F9415240E94825FE091D9
:101940007304F09174041995809173049091740458
:10195000855F9A4E09F45BC0809173049091740482
:1019600022E0873E920709F073C080916D028230B9
:1019700021F40E9432641092790580916D028823CF
:1019800019F0815080936D020F9484216C597F4F20
:101990008F4F9F4F609332047093330480933404CD
:1019A000909335048091100E882399F080917904EA
:1019B000882379F060E177E28EE294E00F94B6211B
:1019C000882339F088E00F9471498EE294E00F94F7
:1019D000E52180910C0E843009F051C08091040EF5
:1019E00081114DC01F910F910D9422071092E9149F
:1019F0001092EA1481E494E70E94CC6E88EF9CE296
:101A00000E94F3708EE19EE30E9460EE7FCF0E9401
:101A10001B5781110EC0E0917304F091740430974C
:101A200039F50E94FE600F94931982E080936D0255
:101A30009CCF80910C0E81118FCF40E95FE561E072
:101A400070E086E394E00F9468228111E4CF84CFA4
:101A5000855F9A4E09F489CF40E355E760E070E076
:101A600086E394E00F946822882309F47ECFD3CFD5
:101A700081E080933104199510923104D2CF1F91E7
:101A80000F910895CF92EF92FF920F931F938FE1E2
:101A90000E94E8EA81110BC08FE10E9486EA80E093
:101AA0001F910F91FF90EF90CF900C94A5FA8AE0D0
:101AB000C82EF12CE12C08EC1EE32FEC3EE341E0B4
:101AC00060E085E092E30E94E8F4882329F30F9414
:101AD000931981E00E94C86382E01F910F91FF90EB
:101AE000EF90CF900C94945FCF93C82F10921C0767
:101AF000179A1092E706169A1092E806149A109216
:101B0000CB061092CA06682F86EA9FE00F94EDBAC2
:101B10006C2F8FEA9FE00F94EDBACC2379F080E52B
:101B200092E40E94F3708EEB90E30E94B7F981E09B
:101B30000E94C86382E0CF910C94945F85E192E4A7
:101B40000E94F37085EA90E3F0CF2F923F924F927C
:101B50005F926F927F928F929F92AF92BF92CF923D
:101B6000DF92EF92FF920F931F93CF93DF93CDB746
:101B7000DEB767970FB6F894DEBF0FBECDBF082F54
:101B8000CE0146969F8B8E8B83E0F82E95E1292E11
:101B90000E946E4C0093FB13402F64E5CE0101962A
:101BA0000E944C4C49815A816B817C818D810F94BC
:101BB0007AAC61E081E00F9499B3182F811107C0CE
:101BC0000E94AE6C0F9439B30F9427B4E1CF0F94F9
:101BD0006D530E94944C813079F10F9427B492E0B8
:101BE000F91209C08EEC9EE00F94C9BA813019F445
:101BF000802F0F940AB5FA94F110CACF8091040E89
:101C0000882309F4EFC067960FB6F894DEBF0FBEC5
:101C1000CDBFDF91CF911F910F91FF90EF90DF909B
:101C2000CF90BF90AF909F908F907F906F905F907C
:101C30004F903F902F9008956091F01370E090E0E6
:101C400080E00F9457B59B01AC0166E676E68DE91E
:101C500092E40F94F0BB362E872E982EE92E262F75
:101C6000372F482F592F60E070E080E291E40F9405
:101C7000F0BC2B013C01EAE7F5E0822D11928A9538
:101C8000E9F710927905832D982DA92DBE2DBC0161
:101C9000CD01912C312CE12C5B016C01D7FAD09451
:101CA000D7F8D09420E030E048E452E40E94704C31
:101CB0009091FD0D8091FE0D981709F449C01123F4
:101CC00031F00E94944C11E0813009F010E083E083
:101CD0000F94CE312091F6063091F7064091F80628
:101CE0005091F9060F94F0BBA30192010F9496B5A1
:101CF0000F94CFBC0F9469BD862EE616C1F0E32D7C
:101D0000E43108F0E3E1332433943E0E8FEF1111F8
:101D100001C08DE2F0E0E658FA4F808391E09093A5
:101D20006D0280916E02811102C00F94AB2290E08F
:101D300080E00E94EF8BE82C8091040E882309F448
:101D4000B7CF10E037C0C601B50199249394AACF4C
:101D500091E09912F8CF0E946E4C111108C08FECDF
:101D60009EE00E94A26C80ED9EE00E94956C44E192
:101D700050E06AE775E0CE0101960F9449C1FE017B
:101D80003196819187FD2CC080E3DF0111978C9300
:101D90008E899F898E179F07A1F71D8A81E494E79A
:101DA0000E94CC6E82EE97E40E94CC6ECE0101962A
:101DB0000E9461828FE895E00F941524112309F4A5
:101DC0000CCF802F0F94628F0093A2138091171471
:101DD000909118140196909318148093171413CFB0
:101DE00081E3D3CF8AE290E89093A5138093A41364
:101DF00061E081E00F9499B3C7CECF93DF93D82FE2
:101E00000F94E38FC82F882339F188EC90E00E946B
:101E1000128C82E00F94A73C6D2F8EE39BE60E940C
:101E2000AE650F94598F0F94128F8091FA138336F9
:101E300029F062E18FE89FE60F94BA8F8D2F0F94FF
:101E4000A50D0E94F3C883E00F94A73C0F94508324
:101E50000F94D88F0E94EE638C2FDF91CF9108955D
:101E60000F94FD0E0E94FA530F946D530F94931923
:101E70000F94C7538AE59CE60E9460EE10921C07FF
:101E80000D948A1ACF93DF93D82F0F94E38FC82F26
:101E90008823B9F08091FA138D1799F00E945D574D
:101EA000811102C00F9460B40F94598F0F94128F58
:101EB0000F946D538D2F0F94A50D0F9450830F9495
:101EC000D88F8C2FDF91CF9108951F93CF93DF93FD
:101ED000C82F162F0F94E38FD82F882389F00F94E3
:101EE000128FC33601F1C83781F0CF3339F484E65D
:101EF00090E00E94128C812F0F94FD0E0F9450835E
:101F00008D2FDF91CF911F91089510926C02109246
:101F10006B02812F0F94420F8FEA90E090936C0236
:101F200080936B02EBCF84E690E00E94128C0E94BB
:101F3000F3C8E4CFCF93C82F682F8BEA91E40E94B7
:101F4000AE658C2F0F94420F0F946D530F9460B4B5
:101F50000E94EE6381E0CF91089580E00F949A0F84
:101F600081E00F949A0F82E00F949A0F83E00F9410
:101F70009A0F84E00F949A0F0D948A1A0F949A0F77
:101F80000D948A1ACF93DF9300D01F921F92CDB782
:101F9000DEB7482F68E5CE0101960E944C4C49817E
:101FA0005A816B817C818D810F947AAC0F900F9058
:101FB0000F900F900F90DF91CF91089580E00D94D6
:101FC000C20F1F93CF93DF9300D01F921F92CDB704
:101FD000DEB7182F0F94E38F8823D9F0412F62E5E5
:101FE000CE0101960E944C4C49815A816B817C81C3
:101FF0008D810F947AAC60E080E00F9499B38823D0
:1020000069F32091BF133091C013309310142093C3
:102010000F140F900F900F900F900F90DF91CF91B2
:102020001F910895FF920F931F93CF93DF931F92F9
:10203000CDB7DEB7CE0101960F94C02910E000E0C5
:1020400085E0F82ED19911C00F9445510E3D110530
:10205000C9F7CE0101960F94B329C8010F90DF9103
:10206000CF911F910F91FF900895D19A809177059C
:10207000882361F3109277050E94FF8C0F94DF2D67
:102080008091760581111BC0F09EF001F19EF00D4C
:102090001124E35EF84F8091720590917305A09131
:1020A0007405B091750580839183A283B383809179
:1020B000710584830F5F1F4F0F941E53C7CF10E02D
:1020C00000E0C7CF883E23E0920710F087EE93E050
:1020D000089590919705809196052FEF3FEF89170E
:1020E00071F0E92FF0E0E756FA4F208130E09F5F72
:1020F00080919505981708F090E090939705C90195
:1021000008959091D00095FFFCCF8093D60090E089
:1021100080E00895CF92DF92EF92FF920F931F938A
:10212000CF93DF938C01EA0190E050E06150770B90
:10213000292F30E0261737072CF0552319F190E0AE
:1021400050E0F6CF7801E20EF31EF7018081D9014D
:1021500011966801CA0EDB1EF6014081481780F413
:10216000F7014083F6018083209749F0FE01E20FDA
:10217000F31F8081AC0FBD1F2C9120838C9351E005
:102180009F5FD6CFDF91CF911F910F91FF90EF907E
:10219000DF90CF900895813041F028F0823039F0FF
:1021A000833071F00895A09A0895A29A08959FB778
:1021B000F894809108018062809308019FBF089580
:1021C0009FB7F894809108018061F6CF813041F08B
:1021D00028F0823039F0833071F00895A098089586
:1021E000A29808959FB7F894809108018F7D8093FD
:1021F00008019FBF08959FB7F894809108018F7ED2
:10220000F6CF8EBD0DB407FEFDCF8EB508952F928B
:102210003F924F925F926F927F928F929F92AF9276
:10222000BF92CF92DF92EF92FF920F931F93CF93C3
:10223000DF93CDB7DEB72E970FB6F894DEBF0FBE93
:10224000CDBF20908006309081064090720550905E
:10225000730560907405709075052114310439F48C
:1022600081E080935706812C912C5401F9C0B10173
:10227000032C000C880B990B0F9457B5A301920106
:102280000F94F0BB6B017C0180915706882391F07D
:10229000109253061092540610925506109256064C
:1022A00010924F061092500610925106109252064C
:1022B0001092570620917F0E3091800E4091810E32
:1022C0005091820EC701B6010F9496B569837A8347
:1022D0008B839C8320915306309154064091550680
:1022E00050915606C701B6010F94F1BB4B015C013A
:1022F000209114052D873091150539871091160509
:1023000000911705412F502F0F94E6BC87FD17C091
:10231000809110058D879091110599871091120574
:10232000009113059C01412F502FB401C5010F945A
:102330007ABE181624F08D8699861A2D0B2D8D8560
:102340009985A12FB02F8093530690935406A093A4
:102350005506B09356062091830E3091840E40911D
:10236000850E5091860EBC01812F902F0F9496B54B
:102370006D837E838F83988720914B0630914C0626
:1023800040914D0650914E06C301B2010F94F0BB2F
:102390002091870E3091880E4091890E50918A0EBF
:1023A0000F9496B520ED3CEC4CE45DE30F9496B5AC
:1023B0004B015C0123E333E343E75FE360914F06A6
:1023C0007091500680915106909152060F9496B5E7
:1023D0009B01AC01C501B4010F94F1BB4B015C0141
:1023E00080924F0690925006A0925106B0925206EB
:1023F0002D813E814F81588569817A818B819C81B5
:102400000F94F1BBA50194010F94F0BB4B015C014B
:1024100020E030E04FE753E40F947ABE20E030E054
:10242000A90118160CF06DC1C701B6010F947ABE50
:10243000181684F4A70196016D857985812F902F58
:102440000F94F0BB60935306709354068093550627
:1024500090935606812C912C3FE7A32E33E4B32EA4
:1024600040924B0650924C0660924D0670924E067A
:102470006091560270915702072E000C880B990B41
:102480000F9457B59B01AC01C301B2010F94E6BC98
:1024900087FF57C1232809F454C1C501B4010F9423
:1024A00062BD7595679560937105209179063091AD
:1024B0007A063A83298340907B0650907C06609090
:1024C0007D0670907E06B901330F880B990B0F942F
:1024D00057B5A30192010F94F0BB6B017C012091D1
:1024E0008B0E30918C0E40918D0E50918E0E0F946C
:1024F00096B56D837E838F83988720916006309197
:1025000061064091620650916306C701B6010F94BF
:10251000F1BB5B018C0130910C053E8780910D056C
:102520008D8730900E0520900F05232F382F432DD7
:10253000522DB501C8010F94E6BC87FD18C09091DB
:1025400008059E87209109052D8730900A05209067
:102550000B05292F3D85432D522DB501C8010F9440
:102560007ABE181624F0AE86BD86302E212E8E85BA
:102570009D85A32DB22D8093600690936106A09354
:102580006206B093630620918F0E3091900E4091B9
:10259000910E5091920EBC01832D922D0F9496B501
:1025A00069877A878B879C8720915C0630915D06CE
:1025B00040915E0650915F06C301B2010F94F0BBDB
:1025C0002091930E3091940E4091950E5091960E5D
:1025D0000F9496B520ED3CEC4CE45DE30F9496B57A
:1025E0004B015C0123E333E343E75FE3609158066B
:1025F0007091590680915A0690915B060F9496B59A
:102600009B01AC01C501B4010F94F1BB4B015C010E
:102610008092580690925906A0925A06B0925B0694
:1026200040925C0650925D0660925E0670925F0674
:1026300029853A854B855C856D817E818F81988562
:102640000F94F1BBA50194010F94F0BB4B015C0109
:1026500020E030E04FE753E40F947ABE20E030E012
:10266000A90118160CF070C0C701B6010F947ABE0C
:10267000181684F4A70196016E857D85832D922D11
:102680000F94F0BB609360067093610680936206BE
:1026900090936306812C912C9FE7A92E93E4B92E89
:1026A00020E030E04AEF52E4C301B2010F94E6BCEF
:1026B00087FF6DC0C501B4010F9462BD7595679524
:1026C00060937F0689819A81892B11F410927F068D
:1026D0002E960FB6F894DEBF0FBECDBFDF91CF911F
:1026E0001F910F91FF90EF90DF90CF90BF90AF9030
:1026F0009F908F907F906F905F904F903F902F9022
:102700000895C501B4010F94E6BC87FFA9CE20E06F
:1027100030E0A901C701B6010F94E6BC87FFA3CD45
:10272000A70196016D857985812F902F0F94F0BBBD
:102730006093530670935406809355069093560603
:1027400092CD10927105B1CEC501B4010F94E6BCD3
:1027500087FFA6CF20E030E0A901C701B6010F94A2
:10276000E6BC87FF10C0A70196016E857D85832D8D
:10277000922D0F94F0BB6093600670936106809376
:10278000620690936306812C912C540189CF10929C
:102790007F0698CF80910E0E90910F0E9093810638
:1027A000809380068091CA069091CB0690937A061A
:1027B000809379060895813041F120F0823009F448
:1027C00045C00895179880910901817091E06927AB
:1027D000861759F090910B01662389F091609093D0
:1027E0000B01EBE4F0E03197F1F791E096B9882323
:1027F00041F080910B01816080930B0108959E7FD1
:10280000EECF80910B018E7FF7CF16989091090142
:1028100081E0292F227091FF80E0861759F0809186
:102820000B01662379F0826080930B018BE490E0CA
:102830000197F1F782E086B980910B01222321F004
:102840008260DACF8D7FF0CF8D7FD6CF15989091B3
:10285000090181E0292F247092FF80E091E069272F
:10286000861759F090910B01662391F09460909334
:102870000B01EBE4F0E03197F1F794E096B986179D
:1028800009F4BCCF80910B01222321F08460B4CFE6
:102890009B7FEDCF8B7FB0CF80919405811125C0B8
:1028A0008091C00087FF3DC08091C00084FF03C0BD
:1028B0008091C60008954091C6002091FA0430919D
:1028C000FB04C90101968F7799276091FC047091F0
:1028D000FD048617970729F126583B4FF9014083DD
:1028E0009093FB048093FA041CC08091C80087FF7A
:1028F00018C08091C80084FF03C08091CE00089565
:102900004091CE002091FA043091FB04C901019658
:102910008F7799276091FC047091FD0468177907FF
:10292000D9F6089523E0811121E080E06BE173E0A6
:102930004BEC57E03FB7F89490910201946090936C
:1029400002013FBFFB013197F1F73FB7F894909137
:1029500002019B7F909302013FBFFA013197F1F78B
:102960008F5F8213E7CF08958AE02BE831E04FB7FD
:10297000F894909102019460909302014FBFF90185
:102980003197F1F74FB7F894909102019B7F9093A4
:1029900002014FBFF9013197F1F7815041F70895D6
:1029A00081E59DE40E9488F00C94056A87EA9CE02A
:1029B0000F94C9BA811105C08091FE0381508830FF
:1029C00010F080E0089581E008950E940B6A109253
:1029D0006D0580916D058430F8F41092700587E3E1
:1029E0009DE30E94A46669EF71E08BE09CE40E9485
:1029F000C96663EF70E085E09CE40E94C9660E94AE
:102A0000715280916D058F5F80936D0580916F0588
:102A10008F5F80936F05DDCF08950E940B6A10923F
:102A20006D0580916D05843028F51092700587E35F
:102A30009DE30E94A4666DE671E08BE09CE40E9439
:102A4000C96663E672E085E09CE40E94C9666DE8B1
:102A500072E08FEA9BE40E94C9660E9471528091E5
:102A60006D058F5F80936D0580916F058F5F8093FB
:102A70006F05D7CF08958091C506811103C082E00C
:102A80000C94ED5281E0FCCF8EEC9EE00F94C9BA1D
:102A900060E0813009F061E08EEC9EE00D94EDBACB
:102AA0006091380281E068276093380287E89FE0F0
:102AB0000F94EDBA80913802811102C01092400447
:102AC000089586ED9EE00F94C9BA61E0823009F066
:102AD00062E086ED9EE00D94EDBA109236040E94FD
:102AE000F760E0E2F4E0428153812CE3249FC001CF
:102AF000259F900D11249F938F938AE79DE39F93C9
:102B00008F9340815181249FC001259F900D1124F6
:102B10009F938F9385E89DE39F938F9385E89EE530
:102B20009F938F930E94A65F8DB79EB70A960FB6AC
:102B3000F8949EBF0FBE8DBF0C94056ACF92DF92B2
:102B4000EF92FF920F931F93CF93DF93109236046F
:102B50006091BE067091BF06072E000C880B990B82
:102B60000F9457B520E030EC4FE756E40F94F0BCDB
:102B700020E030E040EA50E40F9496B527ED30E3D2
:102B800044E45EE30F94F0BCEB01182F092F609131
:102B9000BC067091BD06072E000C880B990B0F9494
:102BA00057B520E030EC4FE756E40F94F0BC20E03E
:102BB00030E040EA50E40F9496B527ED30E344E46A
:102BC0005EE30F94F0BCF62EE72ED82EC92E0E949D
:102BD000F760CF92DF92EF92FF920F931F93DF93F4
:102BE000CF938BE29FE59F938F930E94A65F8DB753
:102BF0009EB70A960FB6F8949EBF0FBE8DBFDF91A9
:102C0000CF911F910F91FF90EF90DF90CF900C9498
:102C1000056ACF93DF93CDB7DEB72F970FB6F89441
:102C2000DEBF0FBECDBFFC01DE01119690E09D011D
:102C3000849141E0490F882329F08D933196942F98
:102C40004D30B1F7F901E90FF11D8AE380839F5FF1
:102C5000F901E90FF11D80E29E3019F081939F5F29
:102C6000FBCF1F867F936F933F932F9381E29FE566
:102C70009F938F930E94A65F0F900F900F900F90DD
:102C80000F900F902F960FB6F894DEBF0FBECDBFFA
:102C9000DF91CF910895109236040E94F760609101
:102CA000080E7091090E80910A0E90910B0E0F94F0
:102CB00062BD89E899E30F94091660914905709106
:102CC0004A0580914B0590914C050F9462BD84E7B5
:102CD00099E30F9409166091B8067091B906809136
:102CE000BA069091BB060F9462BD86E19CE40F94F6
:102CF00009166091F0037091F1038091F2039091B5
:102D0000F3030F9462BD82ED9BE20F9409160C94BD
:102D1000056A0F931F93CF93DF931092360484E6D6
:102D20009FE00F94C9BAC82F85E69FE00F94C9BAF7
:102D3000D82F86E69FE00F94C9BA182F88E69FE047
:102D40000F94C9BA082F0E94F7601F920F931F9229
:102D50001F938FEC9BE49F938F931F92DF9385EDDE
:102D60009BE49F938F931F92CF9382EE9BE49F935C
:102D70008F9381EF9BE49F938F938CEE9EE59F93BF
:102D80008F930E94A65F8DB79EB742960FB6F894B8
:102D90009EBF0FBE8DBFDF91CF911F910F910C94FD
:102DA000056ACF93DF93109236040E94F7608FEC90
:102DB0009EE00F94C9BA90E00F946210EC0182ED8E
:102DC0009EE00F94C9BA90E00F946210DF93CF9306
:102DD00026E93BE43F932F939F938F9385EA9BE4EF
:102DE0009F938F9381EF9BE49F938F9380EA9EE55F
:102DF0009F938F930E94A65F8DB79EB70C960FB6D8
:102E0000F8949EBF0FBE8DBFDF91CF910C94056AE1
:102E1000CF93DF930E94F7608BE59FE00F94D7BAC2
:102E2000EC018DE59FE00F94D7BADF93CF939F938A
:102E30008F9384E39CE49F938F938FE49FE59F930C
:102E40008F930E94A65F8DB79EB708960FB6F89431
:102E50009EBF0FBE8DBFDF91CF910C94056AEF929C
:102E6000FF920F931F93CF93DF93109236040E942B
:102E7000F76083E09FE00F94D7BA0F946210F82EAA
:102E8000E92E85E09FE00F94D7BA0F946210182FB7
:102E9000092F81E09FE00F94D7BA0F946210EC01E4
:102EA0008FEF9EE00F94D7BA0F946210EF92FF92CB
:102EB0000F931F932FEC3BE43F932F93DF93CF931C
:102EC00025ED3BE43F932F939F938F9382EE9BE4FA
:102ED0009F938F9380EC9BE49F938F938CEE9EE562
:102EE0009F938F930E94A65F8DB79EB742960FB6B1
:102EF000F8949EBF0FBE8DBFDF91CF911F910F91B0
:102F0000FF90EF900C94056A0F931F93CF93DF937C
:102F1000109236040E94F7608091191490911A144F
:102F20000F946210182F092F80ED9EE00F94D7BAEE
:102F30000F946210EC0183ED9EE00F94D7BA0F94CA
:102F400062100F931F9326E83BE43F932F93DF9388
:102F5000CF9326E93BE43F932F939F938F9385EA8A
:102F60009BE49F938F9380EC9BE49F938F938FEBD5
:102F70009EE59F938F930E94A65F8DB79EB7409664
:102F80000FB6F8949EBF0FBE8DBFDF91CF911F91FA
:102F90000F910C94056AEF92FF920F931F93CF93BA
:102FA000DF9380910004882329F090916D02923084
:102FB00009F06CC181E08093000480915A178093DE
:102FC0000104882321F082E094E00F94328E0E9465
:102FD0000B6A10926D058FE8E82E8FE5F82ECEE58E
:102FE000DFE506E014E080916D05843008F073C1E0
:102FF0001092700587E39DE30E94A46687EF9FE52A
:103000000E94A4668AEE9FE50E94A46685ED9FE576
:103010000E94A46685EC9FE50E94A4668AED99E46F
:103020000E94A46688EC99E40E94A46687EB99E468
:103030000E94A4668CE793E40E94A4668AEB9FE555
:103040000E94A46680EB9FE50E94A46688EA9FE543
:103050000E94A4668CE793E40E94A46682E99CE443
:103060000E94A4668DE99FE50E94A4668CE793E424
:103070000E94A46680911314813009F027C184E86E
:103080009CE40E94A46688E99FE50E94A466809162
:1030900070058150990B20916F052817190649F585
:1030A00080916D02882329F160916D0586E00E9470
:1030B000F55F80911314813009F003C18091F313FF
:1030C0009091F4132091F513882309F4FAC01F920C
:1030D0002F931F929F931F928F93FF92EF920E94C4
:1030E000A65F8DB79EB708960FB6F8949EBF0FBE29
:1030F0008DBF80910104882309F440C08CE793E4DC
:103100000E94A4668EE69FE50E94A4668CE69FE579
:103110000E94A466809170058150990B20916F05E3
:103120002817190659F580916D02882339F16091AD
:103130006D0582E00E94F55F809105041F928F93D8
:10314000809104041F928F93809103041F928F93A8
:10315000809102041F928F93DF93CF931F930F935D
:103160000F94E0B986E094E00E945F678DB79EB748
:103170000C960FB6F8949EBF0FBE8DBF8091C0060F
:103180009091C106A091C206B091C306892B8A2BEB
:103190008B2B09F440C08CE793E40E94A4668BE675
:1031A0009CE40E94A4668AE69FE50E94A466809142
:1031B00070058150990B20916F052817190659F554
:1031C00080916D02882339F160916D0582E00E9443
:1031D000F55F8091C3061F928F938091C2061F9264
:1031E0008F938091C1061F928F938091C0061F928A
:1031F0008F93DF93CF931F930F930F94E0B986E0E3
:1032000094E00E945F678DB79EB70C960FB6F89456
:103210009EBF0FBE8DBF8CE793E40E94A46669EC4D
:1032200070ED8AE59CE40E94C96661E872E08CE476
:103230009CE40E94C96668EC7EEC80E49CE40E94F9
:10324000C9666FE271E084E39CE40E94C9666BEB9F
:1032500072E087E29CE40E94C96663E172E08EE15D
:103260009CE40E94C96669E872E08BEA99E40E94D6
:1032700073660E94715280916D058F5F80936D051A
:1032800080916F058F5F80936F05ADCE90910104A3
:10329000992309F49CCE409102045091030460915B
:1032A000040470910504452B462B472B09F08FCE63
:1032B0008F5F803119F08093000489CE1092000452
:1032C00086CE8CE79CE40E94B85F13CF80E89FE530
:1032D0000E94A4660ECFDF91CF911F910F91FF90B6
:1032E000EF90089580910004811117C00E94FE6044
:1032F0008FEA9BE40E94B85F8AE30E94BC5F61E0B2
:103300008AE00E94F55F88EA9CE00F94D1BA4AE017
:103310000E94096581E0809300040C94056A8CE9A1
:1033200099E40C94F3700E9432641092790520E0C5
:1033300041E070E060E087EE92E00E94A5521092BA
:1033400052041092FE03089589ED9DE40C94CC6E16
:10335000CF93C82F83ED9DE40E94CC6E8C2F0E94EA
:10336000B96D8DE5CF910C94B96DCF93C82F8CE9D1
:103370009DE40E94CC6E8C2F0E94B96D8DE50E9459
:10338000B96DCF910D94A4190F931F93CF93DF9331
:10339000EC01CB01BA014A81413029F088F042307A
:1033A00009F14330D1F48B81811125C082E08A83F9
:1033B00063E08EE79CE50E9420EE85E08B830DC0E4
:1033C000A90198010F947ABE18163CF463E0888135
:1033D00099810E9420EE81E08A83DF91CF911F9135
:1033E0000F9108958B81811106C08881998123E016
:1033F0002A8363E0E0CF8150E1CF8CEF9DE40E940F
:10340000CC6E60910E0E70910F0E072E000C880B83
:10341000990B0E94326E85EF9DE40E94CC6E609104
:10342000CA067091CB06072E000C880B990B0E94E0
:10343000326E8EEE9DE40E94CC6E6091080E70910B
:10344000090E80910A0E90910B0E42E00E944E6E82
:1034500087EE9DE40E94CC6E6091490570914A050B
:1034600080914B0590914C0542E00E944E6E8DE597
:103470000C94B96D82E00E9472899FB7F894E2E0E3
:10348000F1E08081846080839FBF2FEF89E698E11F
:10349000215080409040E1F700C000009FB7F894B1
:1034A00080818B7F80839FBF089581EE9DE40E9481
:1034B000CC6E85EA9DE00F94D7BABC0190E080E025
:1034C0004AE00E94CD6D8DE50C94B96D1F93CF93AA
:1034D000DF9364E670E00F9492BBEB0110E04EE2E4
:1034E00063E0812F0E94AE60CE010E94EF8BCE017F
:1034F0000E94EF8BCE010E94EF8BCE010E94EF8BDA
:10350000CE010E94EF8B1F5F143149F7DF91CF91FD
:103510001F9108951092FE030895CF930E940B6AA5
:1035200010926D0580916D05843008F0ADC0109249
:1035300070058FE59FE00F94C9BA81110DC00E94FC
:10354000145281110F948A1A8091FE038A3089F1F6
:1035500087E39DE30E94A4668091100E882361F1A9
:1035600065E371E086E291E60E9473666FE771E0C1
:1035700086E191E60E9473668FE59FE00F94C9BAD9
:1035800081110AC08091FE03893031F465EC71E04D
:1035900089E19DE40E9473660E94715280916D05DD
:1035A0008F5F80936D0580916F058F5F80936F05AE
:1035B000B9CF8BE29EE3CECF0F94D614C82F8BEFFA
:1035C00090E6CC2311F08AE091E665E672E00E9475
:1035D000C96680EE90E6CC2311F08FEE90E665E2AE
:1035E00071E00E94C96684EC90E6CC2311F084ED72
:1035F00090E669E271E00E94C96688EA90E6CC2311
:1036000011F088EB90E669EE72E00E94C9668DE8E1
:1036100090E6CC2311F08CE990E663EE70E00E9416
:10362000C96682E790E6CC2311F081E890E665E474
:1036300071E00E94C96686E590E6CC2311F086E62B
:1036400090E669E272E00E94C9668AE390E6CC23C4
:1036500011F08AE490E667E072E00E94C9668EE1AC
:1036600090E6CC2311F08EE290E663E372E00E94D4
:10367000C96683E090E6CC2311F082E190E66FE525
:1036800072E00E94C96678CFCF91089589E0809357
:10369000FE030D948D1A81E00E94C35F0F94E27CBB
:1036A0009091FB13933609F49FEF89130EC086E4C3
:1036B0000E94BC5F0F94E27C8F3F29F08F5C0E94D8
:1036C000BC5F83E008958FE3FACF8F3F89F08F5C72
:1036D0000E94BC5F8EE30E94BC5F8091FB13833627
:1036E00049F08F3F39F08F5C0E94BC5F84E0089501
:1036F0008FE3EECF8FE3F8CF5F934F937F936F937A
:10370000282F082E000C330B3F938F9381E399E40D
:103710009F938F930E94A65F2DB73EB7285F3F4FC0
:103720000FB6F8943EBF0FBE2DBF99E0981B892FAE
:103730000C94C35FCF93DF930E94F760C0910E0E8D
:10374000D0910F0E6091080E7091090E80910A0EB3
:1037500090910B0E0F9462BDAE0182E80F947C1B1A
:1037600060E08AE00E94F55FC091CA06D091CB0666
:10377000209781F06091490570914A0580914B0531
:1037800090914C050F9462BDAE0180E8DF91CF911E
:103790000D947C1B8AE0DF91CF910C94C35F109253
:1037A00036040F949A1B4CEB5CE461E080E00E94CD
:1037B000A26062E080E00E94F55F8091FE038330AA
:1037C00071F138F4813050F08BEA9CE40E94B85FCC
:1037D00005C0853021F1C0F38830B1F30E945068F4
:1037E000811109C08091FE038150823028F58091BB
:1037F0000718882309F18091C506811113C083E061
:103800000E94ED528091FE03823071F0833081F08E
:10381000813091F461E086EE99E40C94ED8688E9BC
:103820009CE4D4CF82E0ECCF81E08093FE03F2CF22
:1038300061E08BE39DE2F1CF08951F920F920FB6E6
:103840000F9211240BB60F922F933F934F935F93D8
:103850006F937F938F939F93AF93BF93EF93FF9358
:103860002091D6008091960590919705E82FF0E081
:10387000E756FA4F20838F5F20919505821708F055
:1038800080E0981317C082E49EE50F94B2B9FF91CF
:10389000EF91BF91AF919F918F917F916F915F91C8
:1038A0004F913F912F910F900BBE0F900FBE0F9035
:1038B0001F90189580939605EACF1F920F920FB62E
:1038C0000F9211240BB60F928F939F93EF93FF9358
:1038D0009FB7F894E2E0F1E080818B7F80839FBF07
:1038E000FF91EF919F918F910F900BBE0F900FBEA4
:1038F0000F901F9018951F920F920FB60F921124E0
:103900000BB60F928F939F93EF93FF939FB7F8940B
:10391000E2E0F1E08081846080839FBFFF91EF91BE
:103920009F918F910F900BBE0F900FBE0F901F9025
:1039300018956F927F928F929F92AF92BF92DF9273
:10394000EF92FF920F931F93CF93DF93CDB7DEB724
:10395000E0970FB6F894DEBF0FBECDBFD82EAE01F4
:103960004F5F5F4F60E10E94097250E040E060E10C
:10397000CE0101960F948A1082E39EE50F94B2B9AE
:103980009E012F5F3F4F590110E000E021E2E22E3F
:103990002EE5F22ED5018D915D011F928F931F931D
:1039A0000F93FF92EF920F948BB90F5F1F4F0F9001
:1039B0000F900F900F900F900F900031110551F75D
:1039C000098110E05E01B2E0AB0EB11CEE24E3947D
:1039D000F12CEC0EFD1EE0E1EE0EF11CE0E021E02A
:1039E000D5013D915D01622F70E0C8010F9492BB3B
:1039F000462F431B361710F0432F461B832F90E0B2
:103A0000423008F047C02F5F080F191FAE14BF04E3
:103A100039F7AE2EB12CA1E1B0E0AC0FBD1FAA0D5D
:103A2000BB1D2C937E01B1E2EB0EF11CAE0CBF1C52
:103A3000622F70E0C8010F9492BBD5016C9311E026
:103A40001E0F87E19EE50F94B2B9FE0171963F010A
:103A500057018FEF882E8DE5982E8A2D8E198117AC
:103A600070F5C5018E199F09D5013D915D01F301E6
:103A700021913F011F923F931F922F939F938F930A
:103A80009F928F920F948BB90FB6F894DEBF0FBE42
:103A9000CDBFE3CF4E2F50E0A1E1B0E0AC0FBD1F92
:103AA000A40FB51FEF5F2C9321E230E02C0F3D1FD8
:103AB000420F531FDA016C938C0121E0A7CFA701BD
:103AC000612FCE0141960F948A10FE01E10FF11D86
:103AD00080A1ED2DF0E0E25BFA4F80831F928F937F
:103AE0008DEE9DE59F938F930F948BB90F900F9060
:103AF0000F900F9060914E058EEF9EE0DD2021F03B
:103B000060914F058BEF9EE00F94EDBA81E0E09657
:103B10000FB6F894DEBF0FBECDBFDF91CF911F91DE
:103B20000F91FF90EF90DF90BF90AF909F908F909C
:103B30007F906F900895813049F028F0823041F0F5
:103B4000833041F0089581E086B9089582E0FCCF8A
:103B500084E0FACF88E0F8CF8130D1F048F08230AD
:103B600021F1833079F18BE490E00197F1F708952A
:103B70009FB7662341F0F89480910B018160809398
:103B80000B019FBFF0CFF89480910B018E7FF7CF90
:103B90009FB7611105C0F89480910B018260EFCF4F
:103BA000F89480910B018D7FEACF9FB7662329F0AF
:103BB000F89480910B018460E2CFF89480910B011E
:103BC0008B7FDDCF9FB7611105C0F89480910B0109
:103BD0008064D5CFF89480910B018F7BD0CFCF92AA
:103BE000DF92EF92FF920F931F93CF93DF93182FE3
:103BF000F62EEA010CE50CBD1DBC0F94E6108F2DCE
:103C00000F94011180E00F94011180E00F940111D5
:103C100080E00F94011180E00F940111812F0F9427
:103C2000CB100CBD1DBC812F0F94E61080E00F94CB
:103C30000111082F80E00F94011190E0B0E0A0E0A6
:103C4000CC24D82EE92EFA2E80E00F940111C82A38
:103C5000FE2CED2CDC2CCC2480E00F940111C82A22
:103C6000FE2CED2CDC2CCC2480E00F940111C82A12
:103C7000812F0F94CB10C882D982EA82FB82802FD9
:103C8000DF91CF911F910F91FF90EF90DF90CF9038
:103C90000895EF92FF920F931F93CF93DF93C82F56
:103CA000E62ED22F132F042FF52E8CE58CBD1DBCD4
:103CB0008C2F0F94E6108E2D0F9401118F2D0F94E1
:103CC0000111802F0F940111812F0F9401118D2F5D
:103CD0000F9401118C2FDF91CF911F910F91FF90C5
:103CE000EF900D94CB10CF93DF9300D01F92CDB700
:103CF000DEB719821A821B821C82AE014F5F5F4FB2
:103D00006AE60F94EF1D89819A8193700F900F904E
:103D10000F900F90DF91CF910895FF920F931F9313
:103D2000CF93DF93F82EEA01E82FF0E083E0F89ECE
:103D300080011124035A1D4FD8018C9130E0377F48
:103D40003F7E3F7D3F7B40E080FB41F94370562F33
:103D50005F7050625F7B5F7781E0611101C080E03E
:103D600080FB54F9BF01660F771FFB01EB55FD4F38
:103D70002081922F991F9927991F81818770880F21
:103D8000892B80FB27F986958770387F382B6A55F9
:103D90007D4FFB01808186958695869580FB37F95E
:103DA00081FB40F96CEE8F2D0F94491E209709F48A
:103DB000E80119818A81C12F811708F4C82F1817CB
:103DC00040F481E494E70E94CC6E8BE099E40E9479
:103DD000F3702C2F2F71312F3F714FE050E060E9CD
:103DE0008F2DDF91CF911F910F91FF900D94491E60
:103DF000E82FF0E098E0769567956115710511F070
:103E00009150F9CFE05BFA4F908350E040E0692F8A
:103E10000D948D1E0F931F93CF93DF93C82F082F00
:103E200010E0F801E05BFA4F50E040E060810F9451
:103E30008D1E20E030E0A90161E98C2F0F94491E0E
:103E4000D091E406C230E1F520E030E044E051E0FA
:103E50006DEE82E00F94491E24EF31E040E050E027
:103E6000D13019F420E030E0A90164E982E00F9438
:103E7000491E24E831E040E050E0D13021F424E054
:103E800030E040E050E060E882E00F94491E28EC0A
:103E900034E046E050E060EF82E00F94491E20EFEE
:103EA0003FEF4FE050E0D13019F420E030E0A901BD
:103EB00063E982E0DF91CF911F910F910D94491E2C
:103EC000F801E65EFC4F208130E050E040E0A901BF
:103ED0003327222751606DEE8C2F0F94491E20E06E
:103EE00030E0A901D13061F02EEA31E0C23030F08B
:103EF00024EF31E0C23011F030E020E050E040E04B
:103F000064E98C2F0F94491E20E831E040E050E036
:103F1000D13021F424E030E040E050E060E88C2F24
:103F20000F94491E000F111F000F111FF801E65FCB
:103F3000FC4F208131814281538160EF8C2F0F949F
:103F4000491E20E030E0A90163E98C2FB3CF1F9315
:103F5000CF93DF938091A5061F928F9387EB9DE50A
:103F60009F938F930F948BB98091A50683700F90C8
:103F70000F900F900F9011F00F94778F1091A5066E
:103F8000112371F0D1E0C0E0812F8D2319F08C2F27
:103F90000F940A1FCF5FDD0FC330B1F71092A50653
:103FA00010926805DF91CF911F910895DF92EF92F3
:103FB000FF920F931F93CF93DF9300D0CDB7DEB75F
:103FC000D82E1F928F9381E99DE59F938F930F9435
:103FD0008BB98D2D83700F900F900F900F9011F073
:103FE0000F94778F10E000E0FF24F394E02E8D2DE6
:103FF0008F2109F446C08091A5068F298093A506DC
:1040000020E030E0A90160E8802F0F94491EF801FC
:10401000E65EFC4F208130E050E040E0A90133270C
:1040200022276DEE802F0F94491E82E024EF31E0AD
:10403000081711F02EEA31E050E040E064E98E2DDF
:104040000F94491EB801660F771F600F711F6B57E1
:10405000724A43E050E0CE0101960F9463B8AE017E
:104060004F5F5F4FF801E05BFA4F60818E2D0F9438
:104070008D1E20E831E040E050E060E88E2D0F9486
:10408000491EFF0C0F5F1F4F0330110509F0AECF23
:104090000F900F900F90DF91CF911F910F91FF9094
:1040A000EF90DF90089589E69FE00F94C9BA91E000
:1040B000811101C090E090935C020895CF93C82FC6
:1040C000A09AA29A9FB7F894809108018062809389
:1040D00008019FBF9FB7F894809108018061809389
:1040E00008019FBF989A9A9A8091070180628093F5
:1040F000070180910701806180930701809107018A
:104100008B7F80930701809107018F778093070150
:10411000809107018F7B8093070180910701877F42
:10412000809307019FB7F894809108018460809381
:1041300008019FBF9FB7F894809108018068809321
:1041400008019FBF9FB7F894809108018064809315
:1041500008019FBF9FB7F894809108018860809301
:1041600008019FBF80E00F940A1F81E00F940A1F8F
:1041700082E00F940A1F50E040E06091530583E015
:104180000F948D1E20E030E0A90161E983E00F94D7
:10419000491EC1FD1DC020E831E040E050E060E86C
:1041A00083E00F94491E6091540580E00F94EB8FDB
:1041B0006091550581E00F94EB8F6091560582E088
:1041C0000F94EB8F6091570583E0CF910D94EB8FA7
:1041D00020E030E043E050E06DEE83E00F94491EB4
:1041E00020E030E0A90164E983E00F94491E24E057
:1041F00030E040E050E060E883E00F94491E2BE29D
:1042000034E542E050E060EF83E00F94491E23E97B
:1042100031E040E050E063E983E00F94491E85E619
:104220009DE50E94F370BFCFFC0120819281492F50
:1042300050E0211102C0440F551F8181211101C09E
:10424000880F8417150631F02CF0892F211102C038
:10425000880F089508953FB7F8948091A106909132
:10426000A206A091A306B091A4062091B200B89B2B
:1042700005C02F3F19F00196A11DB11D3FBFBA2FF8
:10428000A92F982F8827BC01CD01620F711D811DB8
:10429000911D42E0660F771F881F991F4A95D1F73D
:1042A00008958F929F92AF92BF92CF92DF92EF923A
:1042B000FF926B017C010F942B214B015C01C11417
:1042C000D104E104F104B9F00F942B2168197909A4
:1042D0008A099B09683E73408105910580F321E0BE
:1042E000C21AD108E108F10888EE880E83E0981E12
:1042F000A11CB11CE4CFFF90EF90DF90CF90BF9056
:10430000AF909F908F9008952FB7F89460919D067D
:1043100070919E0680919F069091A0062FBF0895F0
:1043200020E030E040E85FEB60E070E0CB010E940D
:104330003C888CE899E40E94F37081E080933E040D
:104340008091F403813069F482E08093F4030F9448
:1043500084216093B4067093B5068093B60690935B
:10436000B70682E080930C0E0D949319FF920F9381
:104370001F93CF93DF93FC01F080F11008C0F12C64
:104380008F2DDF91CF911F910F91FF9008958B0199
:10439000EC010F94842189819A81080F191F081755
:1043A000190740F06017710718F46817790738F794
:1043B0001882E6CF60177107C0F7E1CFFC012081BA
:1043C00021110D94B62181E00895CF93DF93EC0184
:1043D0000F9484217A83698381E08883DF91CF9170
:1043E00008951F93CF93DF9300D0CDB7DEB7182F7A
:1043F00019821B821A82CE0101960F94E5218091C9
:10440000BC0087FD0AC06AE070E0CE0101960F94FF
:10441000B6218823A1F382E009C08091B900887F8A
:10442000181759F084E98093BC0081E00F900F9039
:104430000F90DF91CF911F91089580E0F7CF1F93E8
:10444000CF93DF9300D01F92CDB7DEB768EE73E055
:1044500086EA96E00F94DE21882391F110E019821C
:104460001A821B821C82AE014F5F5F4F6FE6812F65
:104470000F94EF1D89819A81AB81BC81B2FF19C075
:1044800087EF98E40E94CC6E812F0E94B96D0E9444
:10449000C46E10E020E030E041E050E06CEE812F8F
:1044A0000F94491E1F5F1430A9F787EF98E40E940C
:1044B000AA711F5F143099F686EA96E00F94E52101
:1044C0000F900F900F900F90DF91CF911F91089553
:1044D0008F929F92AF92BF92CF92DF92EF92FF9214
:1044E0001F93CF93DF93FC01108111110EC010E0D8
:1044F000812FDF91CF911F91FF90EF90DF90CF90B0
:10450000BF90AF909F908F9008956A017B01EC015E
:104510000F9484214B015C0189819A81AB81BC811C
:10452000C80ED91EEA1EFB1EC816D906EA06FB06EF
:1045300060F08C149D04AE04BF0428F4881699061C
:10454000AA06BB06A0F61882D3CF8C149D04AE0435
:10455000BF04A0F7CCCF0F931F93CF9380913D045E
:10456000882309F446C08091AD068F5F8E30B0F489
:104570008093AD0663E087E00E94F55F8DE00E94C6
:10458000C35FC0E08091AD06C81758F44EE263E007
:1045900087E08C0F0E94AE60CF5FF4CF1092AD0623
:1045A000E9CF80913D048230C1F040F44EE75BE4F6
:1045B0008130C1F0CF911F910F910895833081F028
:1045C0004BE55BE48430B1F763E080E00E94A260D9
:1045D00010923D041092AD06EDCF40E75BE4F4CFBE
:1045E00044E65BE463E080E0CF911F910F910C946F
:1045F000A2608091E914882361F180911C078111E8
:1046000028C080912C04823020F580918F05811183
:1046100016C080910015882309F435C080E095E12B
:104620002091120E64E1820F911D0E94F7668111A4
:104630002DC08091120E8F5F8093120EBBCF40E28F
:104640005EE460E070E08FE895E00F9468228111ED
:10465000E0CF80911C0781111CC0E0911C07EA305B
:1046600008F0A8CFF0E08827E75CFC4D8E4F0D9452
:10467000D9BB0B01DB000B015901E50239020B012B
:104680000B0177010B018BEE94E1CACF1092120E51
:1046900091CF80918F05882301F30F94842100919D
:1046A0009005109191052091920530919305601B22
:1046B000710B820B930B603A7F408105910568F680
:1046C00079CF63E0809179050E94F55F809179054B
:1046D000C4E16C2F681B90E086589A4F0E94F766E1
:1046E000C81BC093790566CF809151048B30F0F0E0
:1046F00063E080E00E94F55F84E10E94C35F4DE4C7
:104700005BE463E080E00E94A2608EE69EE50E948A
:10471000B85F609151046A50770B072E000C880B2C
:10472000990BCF911F910F910C946E65833031F4EA
:104730008AE59CE60E9460EE10921C07809151046D
:104740008450873008F036CF63E080E00E94F55F48
:1047500083E10E94C35F4CE35BE463E080E00E947E
:10476000A2608091510481508093510423CF64E171
:104770008AE795E00E94F7662091AB063091AC067F
:104780008091A9069091AA06821793070CF412CF84
:1047900080915104882309F40DCF63E08AE00E94E0
:1047A000F55F8091AA068F938091A9068F938091DF
:1047B000AC068F938091AB068F9385E69EE59F9321
:1047C0008F930E94A65F0F900F900F900F900F9005
:1047D0000F90F0CE63E080E00E94F55F809151047D
:1047E0001F928F9381E59AE39F938F9387E59EE5D0
:1047F000E6CF4EE25BE463E080E00E94A26080913D
:104800005104893708F0D6CE84E59EE50E94B85F52
:10481000809151040E94356480E2CF911F910F91E5
:104820000C9435644FE15BE4DDCECF93DF93EC0174
:104830000F94842169837A838B839C8381E08883AE
:10484000DF91CF910895CF92DF92FF920F931F9344
:10485000CF93DF93CDB7DEB764970FB6F894DEBF82
:104860000FBECDBF8C01F62E68E67CE5CE01019629
:104870000F9480B8B801CE0101960F946CB883E014
:104880000E940AEE8823E1F0BE016F5F7F4F8AE746
:1048900095E00F942BC16C018FE895E00F941524DF
:1048A00083E080932C0410921C0710925104CD28B1
:1048B00039F060E0CE0101960E94EFED0F9493195C
:1048C00089E194E70E94CC6E81E0F81649F060E03F
:1048D00070E0CB010E94326E85E69CE50E94CC6EB2
:1048E0008EE49CE50E94CC6EC8010E94CC6E82E4EE
:1048F0009CE50E94F37064960FB6F894DEBF0FBE7D
:10490000CDBFDF91CF911F910F91FF90DF90CF909E
:1049100008951F920F920FB60F9211242F933F9379
:104920008F939F93AF93BF9380919D0690919E0626
:10493000A0919F06B091A00630919C0623E0230F22
:104940002D3758F50196A11DB11D20939C0680932B
:104950009D0690939E06A0939F06B093A00680911B
:10496000A1069091A206A091A306B091A40601967B
:10497000A11DB11D8093A1069093A206A093A3064A
:10498000B093A406BF91AF919F918F913F912F91CA
:104990000F900FBE0F901F90189526E8230F0296D8
:1049A000A11DB11DD2CF2F923F924F925F926F9275
:1049B0007F928F929F92AF92BF92CF92DF92EF92AF
:1049C000FF920F931F93CF93DF9300D000D01F92DD
:1049D000CDB7DEB79C838B830D8326013701FB01A6
:1049E000208331834283538320913F1330914013BE
:1049F000409141135091421361E77DE38AE89EE3C1
:104A00000F94F0BC60939613709397138093981350
:104A10009093991321E73DE34AE85EE360918D139B
:104A200070918E1380918F13909190130F9496B57F
:104A300060939A1370939B1380939C1390939D1390
:104A400021E73DE34AE85EE3609191137091921390
:104A500080919313909194130F9496B560939E1345
:104A600070939F138093A0139093A1138091471389
:104A7000909148136EE071E00F9492BB60932913FC
:104A8000E9E0F3E180E090E0A0ECBFE7819391934F
:104A9000A193B19323E1E932F207C1F710922A13EF
:104AA00010922B1310922C1310922D1310922E1380
:104AB00080932F1390933013A0933113B09332133C
:104AC000809195138E7F809395138DE197E09F835E
:104AD0008E83E1E0F0E0FA83E983312C212C812CF4
:104AE000912C540129813A818B819C8128173907A7
:104AF000C8F5EE81FF81258136814781508583018C
:104B000072016D8181850E947CE1C0902B13D09051
:104B10002C13E0902D13F0902E13A7019601C701DE
:104B2000B6010F94FFBF811111C0A7019601C70103
:104B3000B6010F9496B59B01AC01C501B4010F9469
:104B4000F1BB4B015C01FFEF2F1A3F0A29813A812B
:104B50002F5F3F4F3A8329838E819F8105969F83E4
:104B60008E83C0CF60E070E080EC9FE721143104B9
:104B700059F0B10190E080E00F9455B59B01AC0174
:104B8000C501B4010F94F0BC27960FB6F894DEBFB0
:104B90000FBECDBFDF91CF911F910F91FF90EF908E
:104BA000DF90CF90BF90AF909F908F907F906F904D
:104BB0005F904F903F902F900895CF93C82F0E9401
:104BC0005B6BC0934104C0930705CF910895CF92CA
:104BD000DF92EF92FF920F931F93CF93DF9381E4C5
:104BE00094E70E94CC6E8DE09DE50E94F370C9E4CD
:104BF000D3E110E000E081E4E82E84E7F82E99EF9D
:104C0000C92E9CE5D92E888199812A813B812496E1
:104C10003F932F939F938F931F930F93FF92EF9246
:104C2000DF92CF920F948BB90F5F1F4F8DB79EB756
:104C30000A960FB6F8949EBF0FBE8DBF00311105C6
:104C400011F780918C138F9380918B138F938091A8
:104C50008A138F93809189138F93809190138F93F0
:104C600080918F138F9380918E138F9380918D13EA
:104C70008F93809194138F93809193138F9380914E
:104C800092138F93809191138F9380913D021F9285
:104C90008F93809178051F928F93809148138F9303
:104CA000809147138F93809146138F938091451382
:104CB0008F93809144138F93809143138F938091AE
:104CC00042138F93809141138F93809140138F9360
:104CD00080913F138F9380913E138F9380913D136A
:104CE0008F9380913C138F9380913B138F9380918E
:104CF0003A138F93809139138F93809138138F9348
:104D0000809137138F93809136138F938091351351
:104D10008F93809134138F93809133138F93FF92ED
:104D2000EF9283EB9CE59F938F930F948BB98DB794
:104D30009EB78A960FB6F8949EBF0FBE8DBFDF91C7
:104D4000CF911F910F91FF90EF90DF90CF9008953A
:104D500089579F4F6EE071E00F9492BB611571050A
:104D600099F06930710510F068E070E02EE031E0F4
:104D7000629FC001639F900D729F900D11249093CC
:104D8000481380934713089561E070E0EFCFCF930D
:104D9000DF9320E030E0A901609133137091341368
:104DA00080913513909136130F947ABE18160CF03B
:104DB00054C06091371370913813809139139091DA
:104DC0003A139B01AC010F94FFBF811146C0609163
:104DD0003B1370913C1380913D1390913E139B01C6
:104DE000AC010F94FFBF811138C020E030E0A90171
:104DF00060913F1370914013809141139091421341
:104E00000F947ABE18164CF56091431370914413B9
:104E100080914513909146139B01AC010F94FFBF05
:104E200081111BC08091471390914813892BA9F0E1
:104E3000C9E4D3E1699179918991999120E030E0B9
:104E4000A9010F947ABE87FD08C083E1C938D8074D
:104E500089F781E0DF91CF91089580E0FBCF0F9437
:104E6000C726811102C01092780581E080939513C6
:104E700080919B068D7F80939B060895CF9310921F
:104E80000F0E10920E0E1092CB061092CA06CFB7DC
:104E9000F8940F94CA130F94071175981092E506B1
:104EA000CFBFCF9108950F943E27109241040D94E7
:104EB00093191F93CF93DF93C82F162FD42F809170
:104EC000760580FD18C08091010E811114C080917B
:104ED000CA0680931006E62FF0E0EE0FFF1FE25F98
:104EE000F14F8081918190930F0680930E068091FF
:104EF000410480930D060F943E270E945B6B83E074
:104F00000E94D56B809101018860809301018FEF31
:104F100080930705809341048091760580FF07C048
:104F200080917605829586958770D817C0F4C370F6
:104F3000CC0FCC0F80917605837F8C2B80937605E8
:104F40008091760510FB84F980937605D295DD0F6C
:104F5000D07E409176054F714D2B40937605809120
:104F600076058160809376058091760582608093D6
:104F70007605DF91CF911F91089520916B063091B6
:104F80006C068091520290915302281739072CF039
:104F900041E060E081E00D945927089520916D066D
:104FA00030916E068091540290915502281739076E
:104FB0002CF041E060E080E00D94592708952F9295
:104FC0003F924F925F926F927F928F929F92AF9299
:104FD000BF92CF92DF92EF92FF920F931F93CF93E6
:104FE000DF93CDB7DEB72C970FB6F894DEBF0FBEB8
:104FF000CDBF282E49835A836B837C8328013901D6
:105000003A2C0F948421022D10E09801220F331FB7
:10501000220F331F3C872B87F901E55DF94F808014
:105020009180A280B380681979098A099B09613D42
:1050300077408105910508F4EAC0332009F475C072
:1050400088E691E09A87898780E090E0A0EAB0E462
:105050008D839E83AF83B8870F948421EB85FC8575
:10506000E55DF94F608371838283938320E030E0B4
:10507000A901C701B6010F94E6BC811107C0F80170
:10508000EE0FFF1FE95DF94F11821082AB85BC85E1
:10509000A15EB94F5D0129813A814B815C816D919F
:1050A0007D918D919C910F94E6BC882309F491C069
:1050B00020E030E0A90169817A818B819C810F9485
:1050C0007ABEF801E35EF94F1816C4F581E08083DB
:1050D00089819A81AB81BC81F50180839183A28310
:1050E000B383EB85FC85EB5EF94F4082518262828F
:1050F0007382F801ED5EF94F1082A3019201BC01A9
:10510000CD010F947ABE18161CF5F801ED5EF94F2B
:1051100080818F5F80833110C7C08930C8F0812CB7
:10512000912CA12C50E4B52EE8C0ADE2B0E0BA87D6
:10513000A98780E090E0A0E7B1E48ACF108289815E
:105140009A81AB81BC81F50180839183A283B38373
:105150002D813E814F81588569817A818B819C8127
:105160000F94F0BBA30192010F94E6BC87FF46C0E9
:10517000F801E35EF94F8081813049F482E0808359
:10518000F801EE0FFF1FE95DF94F1182108220E058
:1051900030E0A901C701B6010F947ABE1816BCF51C
:1051A00029813A814B815C816D817E818F819885D7
:1051B0000F94F1BBA30192010F947ABE18160CF064
:1051C0003FC0000F111FF801E95DF94F11821082F5
:1051D0001EC0A301920169817A818B819C810F9409
:1051E0007ABE18160CF0B4CFF801E35EF94F808157
:1051F000813009F0ADCF89CF108297C020E030E038
:10520000A901C701B6010F947ABE1816CCF02C96EE
:105210000FB6F894DEBF0FBECDBFDF91CF911F91C7
:105220000F91FF90EF90DF90CF90BF90AF909F9045
:105230008F907F906F905F904F903F902F90089548
:10524000F801E35EF94F8081823008F3000F111FEF
:10525000F801E95DF94F8081918101969183808306
:10526000880F991FE985FA85E817F90780F643E06A
:10527000622D832D2C960FB6F894DEBF0FBECDBFE6
:10528000DF91CF911F910F91FF90EF90DF90CF9022
:10529000BF90AF909F908F907F906F905F904F9056
:1052A0003F902F900D945927813108F451CF20E081
:1052B00030E044EB52E4C301B2010F947ABE812C7A
:1052C000912CE0E4AE2EBA2C18162CF4812C912CE3
:1052D000A12C70E4B72E20E030E042ED52E4C3018F
:1052E000B2010F947ABE181644F46AE9862E69E971
:1052F000962E69E1A62E6FE3B62EEB85FC85EB5E5C
:10530000F94F2081318142815381C301B2010F9451
:10531000F0BBA50194010F94E6BCF801EF5EF94FD4
:1053200087FF6ACF80818F5F8083808190E031101A
:1053300004C006974CF080E003C004972CF081E095
:1053400042E0622D0F9459272B853C852B5E394F07
:10535000D9014D925D926D927C921397F801ED5EAA
:10536000F94F1082F5CEFC019FB7F8948081882315
:1053700029F0809173008260809373009FBF08952D
:10538000DC012FB7F894E3E7F0E0908196959170F7
:105390009C9380818D7F80832FBF0895CF93DF936F
:1053A0001F92CDB7DEB7CE0101960F94C02980E0E1
:1053B00090E0A0E2B2E48093331390933413A0936F
:1053C0003513B093361384E390E8A7EBBAEB8093E0
:1053D000371390933813A0933913B0933A1386E69A
:1053E00096E6A6E8BFE380933B1390933C13A0930B
:1053F0003D13B0933E138CEE91E5ACE0B1E48093A5
:105400003F1390934013A0934113B09342138AE942
:1054100099E9A9E1BEE38093431390934413A093C9
:105420004513B09346138EE091E090934813809318
:10543000471385E29DE5A9E4B3E1FC01459155914F
:10544000659174914D935D936D937D93049623E1E3
:10545000A938B20791F780E090E0A0EEB0EC80931D
:10546000891390938A13A0938B13B0938C138AE9BA
:1054700099E9A9E5BFE380938D1390938E13A093D0
:105480008F13B093901384EA90E7ADE9BFE3809364
:10549000911390939213A0939313B093941381E07C
:1054A00080933D02809378058093951380919B06AD
:1054B0008D7F80939B06CE0101960F94B3290F90A8
:1054C000DF91CF9108951F93CF93DF931F92CDB7B4
:1054D000DEB7182FCE0101960F94C02910937805DE
:1054E0000F942F27CE0101960F94B329112341F079
:1054F00080917805811104C08DE89CE50E94F370CD
:105500000F90DF91CF911F9108951F93CF93DF9359
:105510001F92CDB7DEB7182FCE0101960F94C02988
:105520001093780581E080939513EBE9F6E0808194
:105530008D7F8083CE0101960F94B3290F90DF9168
:10554000CF911F910895CF93DF931F92CDB7DEB710
:10555000CE0101960F94C029809172059091730538
:10556000A0917405B09175058093080E9093090E73
:10557000A0930A0EB0930B0E80917B0690917C064F
:10558000A0917D06B0917E068093490590934A05CF
:10559000A0934B05B0934C058091650690916606EB
:1055A000A0916706B09168068093F0039093F10391
:1055B000A093F203B093F303809182069091830647
:1055C000A0918406B09185068093B8069093B906A1
:1055D000A093BA06B093BB0680917605811102C0F4
:1055E0000F94CA1310926406CE0101960F94B3294A
:1055F0000F90DF91CF9108951F920F920FB60F92E7
:1056000011240BB60F92FF920F931F932F933F938A
:105610004F935F936F937F938F939F93AF93BF93BA
:10562000CF93DF93EF93FF93809170008B7F8093F4
:10563000700078948091000186FDC8C068EC70E02D
:1056400081E496E00F94DE218823B9F081E496E0AE
:105650000F94E5218CE396E00F94152480913B068E
:105660008111A5C080913A068111A1C087E396E01F
:105670000F94E52181E080933B068091030182FB3A
:10568000882780F991E089279091030191FF82603A
:10569000E0913406E817E1F024E0E29FF0011124E4
:1056A000E82BE259F34AE49190913306E90FE09335
:1056B00033060E2E000CFF0BF7FF03C0F195E195AA
:1056C000F10934971CF091E09093350680933406ED
:1056D0008091A402811108C08091710580934A06CF
:1056E000882309F487C0759A8091A4028F70A9F469
:1056F0008091070590E024E0959587952A95E1F73C
:1057000080930605892B09F477C09FB7F8948091A0
:1057100002018860809302019FBF90914A068091A8
:10572000A402981708F475988091A4028F70909144
:105730000605981740F49FB7F89480910201877F7F
:10574000809302019FBF8091A4028F5F8F77809327
:10575000A40210E000E0E801CC0FDD1FC851DC4FCF
:1057600088819981181619060CF04CC0FFB6F89480
:1057700061E0802F0F94DB138881998101979983D1
:105780008883FFBE0F5F1F4F0330110521F7809103
:10579000491890914A18A0914B18B0914C18823A30
:1057A000924AA105B105D9F181E00E94D45668EE74
:1057B00073E087E396E00F94B621882309F45DCF68
:1057C00081E080933A068093360657CF80913B065E
:1057D000882309F452CF10923B0680913A0681113A
:1057E00003C081E08093FF0381E08093350610922F
:1057F0003A0643CF759878CF9FB7F894809102010D
:10580000877F88CF892B09F4BDCFFFB6F89460E07D
:10581000802F0F94DB13888199810196B0CF9CB1C2
:105820008091480696FB992790F9981791F09091EE
:10583000C706992351F020914406309145062F5F09
:105840003F4F309345062093440691E0892780938B
:105850004806F89480917000846080937000FF91F6
:10586000EF91DF91CF91BF91AF919F918F917F91F8
:105870006F915F914F913F912F911F910F91FF90E9
:105880000F900BBE0F900FBE0F901F9018954F9268
:105890005F926F927F92AF92BF92CF92DF92EF9220
:1058A000FF920F931F93CF93DF9324E030E041E00A
:1058B00050E0D901A050B54AFD0165917491861759
:1058C00097070CF066C041505109440F551F440F13
:1058D000551FEA01CE5FD44AFE0105911491405054
:1058E000554AFA0165917491F901EE5FF44AE59029
:1058F000F490FE01C590D490FD01C591D491FA01B8
:10590000A590B490861B970BBC01990F880B990B3F
:105910000F9457B52B013C01B7016C197D09072E77
:10592000000C880B990B0F9457B59B01AC01C30178
:10593000B2010F9496B56B017C01BE016A197B0917
:10594000072E000C880B990B0F9457B59B01AC01E7
:10595000C701B6010F94F0BC6B017C01B801110FB7
:10596000880B990B0F9457B59B01AC01C701B60189
:105970000F94F1BBDF91CF911F910F91FF90EF90AA
:10598000DF90CF90BF90AF907F906F905F904F90DF
:1059900008954F5F5F4F2C5F3F4F2838310509F066
:1059A00088CFE6E8FBE565917491072E000C880B23
:1059B000990B0F9457B5DECF4F925F926F927F9203
:1059C000AF92BF92CF92DF92EF92FF920F931F930D
:1059D000CF93DF9324E030E041E050E0D901A45FB1
:1059E000B54AFD0165917491861797070CF080C048
:1059F00041505109440F551F440F551F8A01025F42
:105A0000154AF801C590D490445F554AFA01659152
:105A10007491F901E25FF54AC591D491F8010591BD
:105A20001491FD01E590F490FA01A590B490861BC5
:105A3000970BBC01990F880B990B0F9457B52B014D
:105A40003C01BE01601B710B072E000C880B990BEB
:105A50000F9457B59B01AC01C301B2010F9496B5E9
:105A60002B013C01B7016A197B09072E000C880B3A
:105A7000990B0F9457B59B01AC01C301B2010F9470
:105A8000F0BC2B013C01B601DD0C880B990B0F9487
:105A900057B59B01AC01C301B2010F94F1BB6B017F
:105AA0007C0120E030E040E252E4C701B6010F94EF
:105AB0007ABE87FD30C020E030E048E452E4C70100
:105AC000B6010F94E6BC181634F120E030E040E255
:105AD00052E4C701B6010F94F0BB20E030E040E093
:105AE0005FE30F9496B59B01AC01C701B60143C0BB
:105AF0004F5F5F4F2C5F3F4F243F310509F06ECF62
:105B0000EEEFFAE565917491072E000C880B990B66
:105B10000F9457B5C4CF20E030E048E452E4C70109
:105B2000B6010F947ABE1816DCF520E030E048ECA0
:105B300052E4C701B6010F94E6BC18168CF120E0C0
:105B400030E040EA50E4C701B6010F94F1BB2B01ED
:105B50003C0120E030E048E452E4C701B6010F9474
:105B6000F0BB2DEC3CEC4CEC5DE30F9496B59B0147
:105B7000AC01C301B2010F94F1BB6B017C01C70101
:105B8000B601DF91CF911F910F91FF90EF90DF90C1
:105B9000CF90BF90AF907F906F905F904F9008959F
:105BA00020E030E048EC52E4C701B6010F947ABE21
:105BB00018162CF720E030E040E251E496CF4F92E7
:105BC0005F926F927F92AF92CF92DF92EF92FF92AD
:105BD0000F931F93CF93DF9380916D0690916E0684
:105BE0000F9444A8609372057093730580937405B5
:105BF0009093750560906B0670906C06C3010F94CE
:105C0000DC2C6B017C01C0927B06D0927C06E0927A
:105C10007D06F0927E068091690690916A060F9447
:105C2000DC2C6093650670936606809367069093FC
:105C30006806C0917706D0917806CE010F94472C64
:105C40006093820670938306809384069093850602
:105C500081E080936406809176058D7F8093760540
:105C600020916D0630916E0680910205909103059A
:105C7000821793072CF040E060E080E00F945927F2
:105C80008091000590910105861597052CF040E064
:105C900060E081E00F9459278091FE049091FF0409
:105CA0008C179D072CF040E060E082E00F945927AC
:105CB0008091500290915102C817D9072CF041E011
:105CC00060E082E00F945927C13ADE430CF4CDC165
:105CD0006091040570910505809180069091810680
:105CE000681779070CF055C0C0917606C11118C02D
:105CF0006B5F7F4F072E000C880B990B0F9457B5E5
:105D00009B01AC01C1E060917205709173058091B7
:105D10007405909175050F947ABE18160CF0C0E0CA
:105D2000C093760668E97AE383E796E00F94DE2174
:105D3000811102C0CC2329F081E0809376060F9474
:105D4000CE278091790690917A060B974CF1C091FD
:105D50007206C1110CC0C1E020E030E040E751E420
:105D6000C701B6010F947ABE18160CF0C0E0C093BC
:105D7000720660E573EC8FE696E00F94DE218111E8
:105D800002C0CC2399F081E0809372060F94BD2766
:105D90000DC083E796E00F94E52110927606D1CFEF
:105DA0008FE696E00F94E5211092720660917105DE
:105DB00070E090E080E00F9455B56B017C0140905D
:105DC0007205509073056090740570907505609130
:105DD000800670918106072E000C880B990B0F949A
:105DE00057B5AB01BC01A12C9301820181E00F9456
:105DF000DF2760917F0670E090E080E00F9455B55A
:105E00006B017C0140907B0650907C0660907D0683
:105E100070907E066091790670917A06072E000CCC
:105E2000880B990B0F9457B5AB01BC01AA24A3941E
:105E30009301820180E00F94DF2780917805882309
:105E400009F4BCC0C0917105D0910605409072055F
:105E5000509073056090740570907505C09082062F
:105E6000D0908306E0908406F0908506809195138B
:105E700080FF72C020913F13309140134091411335
:105E80005091421361E77DE38AE89EE30F94F0BCF2
:105E9000609396137093971380939813909399132C
:105EA00021E73DE34AE85EE360918D1370918E1324
:105EB00080918F13909190130F9496B560939A13DD
:105EC00070939B1380939C1390939D1321E73DE364
:105ED0004AE85EE36091911370919213809193135D
:105EE000909194130F9496B560939E1370939F13A3
:105EF0008093A0139093A11380914713909148131E
:105F00006EE071E00F9492BB60932913E9E0F3E136
:105F100089E293E140E050E060EC7FE741935193E8
:105F2000619371938E179F07C9F710922A131092ED
:105F30002B1310922C1310922D1310922E134093AA
:105F40002F13509330136093311370933213809159
:105F500095138E7F8093951387017601A30192019B
:105F60006D2F8C2F0E947CE18091951381FF05C0DD
:105F700044E060E080E00F94592790919513809160
:105F80009B0692FB81F980939B0680919B0681FF83
:105F900015C080919B06816080939B0680912B1396
:105FA00090912C13A0912D13B0912E1380939706EE
:105FB00090939806A0939906B0939A0680919606BE
:105FC000882309F43FC00F948421C0908606D090A6
:105FD0008706E0908806F0908906609386067093A5
:105FE0008706809388069093890620918B062F5F01
:105FF00020938B066C196E5060938A068091710510
:1060000080938C068091720590917305A091740520
:10601000B091750580938D0690938E06A0938F06A0
:10602000B09390068091820690918306A091840699
:10603000B09185068093910690939206A093930663
:10604000B093940680913E02882391F0DF91CF9126
:106050001F910F91FF90EF90DF90CF90AF907F90C6
:106060006F905F904F900D9407110F94CE278ECEB6
:10607000DF91CF911F910F91FF90EF90DF90CF9024
:10608000AF907F906F905F904F9008951F920F9206
:106090000FB60F9211240BB60F922F933F934F938D
:1060A0005F936F937F938F939F93AF93BF93EF9380
:1060B000FF9380917705882391F0109277050E94D5
:1060C000FF8C809173008D7F8093730078940F9480
:1060D000DF2DF89480917300826080937300FF91AC
:1060E000EF91BF91AF919F918F917F916F915F9150
:1060F0004F913F912F910F900BBE0F900FBE0F90BD
:106100001F9018952091830E3091840E4091850E3A
:106110005091860E60E070E08FE793E40F94F0BC3E
:1061200060931005709311058093120590931305E9
:1061300020918F0E3091900E4091910E5091920EC1
:1061400060E070E08FE793E40F94F0BC6093080583
:106150007093090580930A0590930B0508950F939A
:106160001F938091F403813019F50F9484210091DD
:10617000090610910A0620910B0630910C06601B4F
:10618000710B820B930B28EE33E040E050E00F944C
:106190003CBB6091050670910606809107069091C0
:1061A0000806620F731F841F951F1F910F9108959A
:1061B0006091B4067091B5068091B6069091B706CD
:1061C000D6CFCF93C82F8BE70E94B96D8C2F0F9439
:1061D000A8190F94A4198DEC9DE40E94CC6E6091D7
:1061E000E4037091E5038091E6039091E7034AE0B0
:1061F0000E94CD6D86EC9DE40E94CC6E80917C1750
:10620000882309F45EC08091F6179091F717A0914A
:10621000F817B091F9170097A105B10509F451C01D
:10622000BC01CD016D597F4F8F4F9F4F24E630E069
:1062300040E050E00F943CBB6091FD177091FE1759
:106240008091FF17909100180F943CBB622F70E073
:1062500090E080E00E94326E8FEB9DE40E94CC6E55
:106260006091390270913A02072E000C880B990B4D
:106270000E94326E88EB9DE40E94CC6E80910015E6
:10628000811121C08BEE94E10E94558281EB9DE447
:106290000E94CC6E8091F4038130C1F40F94AF3032
:1062A0004AE00E94CD6D8AEA9DE40E94CC6E83EAAA
:1062B0009DE40E94CC6E8DE50E94B96DCF910D9446
:1062C000551A20E0C3CF80E095E1DECF60E070E0BA
:1062D000CB010E94326EE7CF1092F40310920906B0
:1062E00010920A0610920B0610920C061092B40639
:1062F0001092B5061092B6061092B70610920506D7
:1063000010920606109207061092080608958091D2
:10631000F4038130F1F08230C9F40F94AF30609310
:10632000050670930606809307069093080681E0A1
:106330008093F4030F9484216093090670930A06F6
:1063400080930B0690930C0681E008950F946C31B6
:10635000EECF80E008958091F4038150823070F494
:106360001092F4030F9484216093B4067093B506E1
:106370008093B6069093B70681E0089580E0089573
:106380002FB7F89494E0899FF0011124E55FF84F4E
:1063900060817181828193812FBF0895CF93C82F2F
:1063A0000F94C0310F9457B524E0C29FF00111241F
:1063B000E55EF14F20813181428153810F94F0BC21
:1063C000CF910895B19A109285001092840080EDCB
:1063D00097E090938900809388001092470510926F
:1063E0004605809144059091450501978E3F9F4F4A
:1063F00020F4109245051092440508951F920F92C3
:106400000FB60F9211240BB60F926F927F928F925C
:10641000CF92DF92EF92FF920F931F932F933F93B0
:106420004F935F936F937F938F939F93AF93BF939C
:10643000CF93DF93EF93FF938091440590914505AF
:106440009C01215031092E3F3F4F90F4209188004C
:10645000309189002817390708F0F9C02091880089
:1064600030918900821B930B9093450580934405DE
:1064700020918800309189008091460590914705D0
:106480002817390708F0E8C020918800309189006A
:10649000821B930B90934705809346058091460598
:1064A00090914705892B11F00D944E3BE091030626
:1064B000F0910406309709F087C19091FD0D80910D
:1064C000FE0D981709F4F9C1C091FE0D2C2F30E094
:1064D0005EE6C59FE0011124C35ED84FFE01E95B73
:1064E000FF4F41E04083D0930406C09303062097FA
:1064F00009F4E3C11092FF05109200061092010604
:10650000109202061092FE058AAD9BAD9093FD0598
:106510008093FC058134ECE99E0708F0A2C081322B
:10652000FEE49F0708F4A0C09695879596958795F9
:1065300044E04093FB0580978115E8E09E0708F44E
:10654000A4C0E92FFF27EE0FFF1FEE0FFF1FAF01C3
:10655000455B5B4AFA013296A591B491FA014591E7
:106560005491B89FB001A89F000C611D1124711DAA
:10657000CA01861B970B8436910510F484E690E0DF
:10658000B0E0A0E08093F7059093F805A093F9059B
:10659000B093FA054EE6429FC001439F900D11242F
:1065A000835E984FFC01E45BFF4F4081442349F038
:1065B000815B9F4FFC01808191819093F6058093D0
:1065C000F5051092F4058FEF9FEF909345058093AA
:1065D00044058093F3058EE6829FF001839FF00DC2
:1065E0001124E35EF84F85A984FF08C010921707B5
:1065F000109218071092190710921A0783FF66C0AD
:106600008EE6829FF001839FF00D1124E35EF84F28
:106610008089918996958795919581959109909317
:10662000E4058093E3059093E8058093E705909354
:10663000EC058093EB059093F0058093EF0581E0E6
:1066400024853585232B09F082C080E080C010921C
:106650004505109244050CCF10924705109246054F
:106660001DCF80E49CE960CF813157E2950720F08F
:106670009695879542E05DCF4093FB05803291056A
:1066800008F059CF80E290E056CFAC01569547957F
:106690004C7F455B5F4AFA0165917491FA0132962D
:1066A000A591B491AC01477055274A9FC0014B9FFB
:1066B000900D5A9F900D1124E3E096958795EA95E9
:1066C000E1F7AB01481B590BCA0155CF8EE6829FFB
:1066D000F001839FF00D1124E35EF84F80899189CA
:1066E000A289B389B695A79597958795B095A095FA
:1066F000909581959F4FAF4FBF4F8093E305909347
:10670000E405A093E505B093E6058093E705909333
:10671000E805A093E905B093EA058093EB05909313
:10672000EC05A093ED05B093EE058093EF059093F3
:10673000F005A093F105B093F20581E044855585FD
:1067400066857785452B462B472B09F47ECF8093B2
:10675000E2051092DE051092DF051092E00510921E
:10676000E105888D8093DD0580FF90C080910B014D
:10677000816080930B018FEF809397028091DD05FC
:1067800081FF8BC080910B018D7F80930B018FEF78
:10679000809398028091DD0582FF86C080910B0175
:1067A000846080930B018FEF809399028091DD05C7
:1067B00083FF81C08FEF80939A02E0910306F091EE
:1067C0000406309709F43DC78091B8025091DA056C
:1067D000882309F4CBC0209166058091DC05909157
:1067E000DB053091DD054091060130FF87C042FD99
:1067F00083C08160492F41704823B1F0C080D180AF
:10680000E280F3801C141D041E041F046CF421603C
:10681000C088D188E288F388C092DE05D092DF0577
:10682000E092E005F092E1054091060131FF70C071
:1068300047FD6CC08260492F42704823B1F0C4808C
:10684000D580E680F7801C141D041E041F046CF420
:106850002260C088D188E288F388C092DE05D09299
:10686000DF05E092E005F092E10532FF94C051119E
:1068700077C03091E406313009F052C03091A5065E
:1068800032FD4EC01C9B52C0846051C080910B01F0
:106890008E7F80930B0181E06FCF80910B0182602E
:1068A00080930B0181E074CF80910B018B7F8093EB
:1068B0000B0181E079CF81E07ECF80ED97E090936E
:1068C00047058093460590934305809342058FEFDB
:1068D0009FEF90934505809344051092F4058091B5
:1068E000400590914105009709F467CF0197909377
:1068F00041058093400561CF8E7F7CCF42FD04C06F
:106900008061492F407178CF8F7EFBCF8D7F93CFF1
:1069100047FD04C08062492F40728FCF8F7DFBCF2F
:106920001C99B2CF3091060136FFAECF8B7F9470A9
:106930009823B1F0C084D184E284F3841C141D0434
:106940001E041F046CF42460C088D188E288F38898
:10695000C092DE05D092DF05E092E005F092E105FD
:106960008093DC058093DB0520936605552309F4AD
:1069700040C0209166058091DC059091DB05309147
:10698000E4063130C9F43091A50632FD15C01C9BD8
:1069900019C0846018C03091E406313031F4309170
:1069A000A50632FD02C08F7B05C03091060136FD81
:1069B000FACF80649074BCCF1C99EBCF3091060164
:1069C00036FFE7CF8B7F9470982369F0246040896D
:1069D0005189628973894093DE055093DF05609386
:1069E000E0057093E1058093DC058093DB0520933F
:1069F000660585A9C0E0D1E012E004E083FF08C18C
:106A00008091FB05C81708F072C20F944C14E091F6
:106A10000306F0910406808191812091E305309175
:106A2000E405820F931F9093E4058093E305181605
:106A3000190664F5D6B9E0910306F0910406809139
:106A4000E3059091E40520893189821B930B909393
:106A5000E4058093E3059091970240910B075091D4
:106A60000C0760910D0770910E07892F990F990BF4
:106A7000AA0BBB0B840F951FA61FB71F80930B0794
:106A800090930C07A0930D07B0930E07E0910306B7
:106A9000F0910406848195812091E7053091E80505
:106AA000820F931F9093E8058093E7051816190647
:106AB00044F516B9E0910306F09104062089318966
:106AC000821B930B9093E8058093E70590919802C1
:106AD00040910F07509110076091110770911207B4
:106AE000892F990F990BAA0BBB0B840F951FA61F1B
:106AF000B71F80930F0790931007A0931107B093CF
:106B00001207E0910306F09104068085918520919B
:106B1000EB053091EC05820F931F9093EC05809369
:106B2000EB051816190644F506B9E0910306F09135
:106B3000040620893189821B930B9093EC05809386
:106B4000EB059091990240911307509114076091C1
:106B5000150770911607892F990F990BAA0BBB0B7C
:106B6000840F951FA61FB71F8093130790931407D8
:106B7000A0931507B0931607E0910306F091040661
:106B80008091EF059091F00524853585820F931F44
:106B90009093F0058093EF05208931891816190626
:106BA00044F5821B930B9093F0058093EF05909131
:106BB0009A02409117075091180760911907709138
:106BC0001A07892F990F990BAA0BBB0B840F951FDE
:106BD000A61FB71F8093170790931807A093190754
:106BE000B0931A0790919A028091F405890F8093CF
:106BF000F4058091DE059091DF0501969093DF0505
:106C00008093DE058217930708F071C1CF5FF8CE3D
:106C10008091FB05C81708F06AC10F944C14E091ED
:106C20000306F091040680819181A281B381409195
:106C3000E3055091E4056091E5057091E605840F48
:106C4000951FA61FB71F8093E3059093E405A093BB
:106C5000E505B093E605181619061A061B06C4F5D5
:106C6000D6B9E0910306F09104068091E305909176
:106C7000E405A091E505B091E60540895189628956
:106C80007389841B950BA60BB70B8093E305909338
:106C9000E405A093E505B093E60590919702409135
:106CA0000B0750910C0760910D0770910E07892F0B
:106CB000990F990BAA0BBB0B840F951FA61FB71F2B
:106CC00080930B0790930C07A0930D07B0930E07CA
:106CD000E0910306F091040684819581A681B78135
:106CE0004091E7055091E8056091E9057091EA054A
:106CF000840F951FA61FB71F8093E7059093E805A3
:106D0000A093E905B093EA05181619061A061B06A2
:106D100084F516B9E0910306F09104064089518983
:106D200062897389841B950BA60BB70B8093E705CB
:106D30009093E805A093E905B093EA059091980235
:106D400040910F0750911007609111077091120741
:106D5000892F990F990BAA0BBB0B840F951FA61FA8
:106D6000B71F80930F0790931007A0931107B0935C
:106D70001207E0910306F091040680859185A285B3
:106D8000B3854091EB055091EC056091ED05709154
:106D9000EE05840F951FA61FB71F8093EB059093F8
:106DA000EC05A093ED05B093EE05181619061A062A
:106DB0001B0684F506B9E0910306F09104064089AC
:106DC000518962897389841B950BA60BB70B80933D
:106DD000EB059093EC05A093ED05B093EE05909133
:106DE0009902409113075091140760911507709113
:106DF0001607892F990F990BAA0BBB0B840F951FB0
:106E0000A61FB71F8093130790931407A09315072D
:106E1000B0931607E0910306F09104068091EF0508
:106E20009091F005A091F105B091F205448555854A
:106E300066857785840F951FA61FB71F8093EF0582
:106E40009093F005A093F105B093F2054089518924
:106E500062897389181619061A061B0674F5841BB5
:106E6000950BA60BB70B8093EF059093F005A093BD
:106E7000F105B093F20590919A02C0901707D09057
:106E80001807E0901907F0901A07892F990F990BAE
:106E9000AA0BBB0B8C0D9D1DAE1DBF1D809317074C
:106EA00090931807A0931907B0931A0790919A022C
:106EB0008091F405890F8093F4058091DE0590910F
:106EC000DF05A091E005B091E1050196A11DB11D7E
:106ED0008093DE059093DF05A093E005B093E10574
:106EE00084179507A607B70710F4CF5F91CE80915E
:106EF000F405882339F087FDEEC080910B01806492
:106F000080930B014091DE055091DF056091E00513
:106F10007091E105C0910306D0910406898D9A8D88
:106F2000AB8DBC8D84179507A607B70708F434C14D
:106F30004091F7055091F8056091F9057091FA05B7
:106F4000CC88DD88EE88AA274D9DB12D5E9DC001BD
:106F50006E9D900D6D9D800D911D4E9DB00D811DFE
:106F60009A1F5D9DB00D811D9A1F6C9DB00D811DF6
:106F70009A1F5C9DB10D8A1F9A1FBB0F8A1F9A1F13
:106F800011242AAD3BAD820F931F9093FD05809392
:106F9000FC052EA93FA92817390720F43093FD05D9
:106FA0002093FC058091FC059091FD058134FCE95E
:106FB0009F0708F094C081322EE4920708F492C033
:106FC000969587959695879524E02093FB05809765
:106FD0008115F8E09F0708F497C0E92FFF27EE0F0F
:106FE000FF1FEE0FFF1F9F01255B3B4AF901329601
:106FF000A591B491F90125913491B89FF001A89F12
:10700000000CE11D1124F11DC9018E1B9F0B84365C
:10701000910510F484E690E090934705809346052F
:107020009093430580934205480F591F611D711DC0
:107030004093F7055093F8056093F9057093FA05AE
:10704000FE01E45BFF4F808181117DC080E080FF05
:1070500016C09FEF9093F305E0914005F091410534
:107060002091F5053091F605E217F30709F024C2E7
:107070008FEF9FEF909345058093440580E080FD5E
:1070800007C08091440590914505019609F4B2C26C
:10709000E0914205F09143058091D4059091D5058A
:1070A000A091D605B091D7058E0F9F1FA11DB11DD0
:1070B000C35BDF4F0881198130E020E060E080177A
:1070C0009107A207B30708F427C26F5F801B910BDB
:1070D000A20BB30BF4CF80910B018F7B11CF80E417
:1070E0009CE96ECF8131E7E29E0720F09695879567
:1070F00022E06BCF21E02093FB058032910508F060
:1071000066CF80E290E063CF9C01369527952C7F77
:10711000255B3F4AF901A591B491F9013296059199
:10712000149187709927809F9001819F300D909FC7
:10713000300D1124F3E036952795FA95E1F7CD014E
:10714000821B930B64CF4091DE055091DF05609167
:10715000E0057091E1058091FB0590E0B0E0A0E0D2
:1071600084179507A607B70708F470CF8091E2054A
:10717000811102C083E06BCF809140059091410561
:107180002091F5053091F6052817390798F7909367
:10719000F6058093F505EECF8091DE059091DF0531
:1071A000A091E005B091E1054D8D5E8D6F8D78A1C8
:1071B000481759076A077B0708F0E3C0C090FF052E
:1071C000D0900006E0900106F09002066C887D8861
:1071D0008E88AA27C79CB12DD89CF001E89CF00DA1
:1071E000E79CE00DF11DC89CB00DE11DFA1FD79C76
:1071F000B00DE11DFA1FE69CB00DE11DFA1FD69CF3
:10720000B10DEA1FFA1FBB0FEA1FFA1F11242091CC
:10721000FC053091FD058EAD9FAD2E173F0730F078
:107220002E1B3F0B8217930708F4C90181342CE908
:10723000920708F075C08132EEE49E0708F473C02F
:10724000969587959695879524E02093FB058097E2
:10725000811528E0920708F478C0E92FFF27EE0F88
:10726000FF1FEE0FFF1F9F01255B3B4AF90132967E
:10727000A591B491F90125913491B89FF001A89F8F
:10728000000CE11D1124F11D2E1B3F0BC9012436FA
:10729000310510F484E690E090934705809346050D
:1072A0009093430580934205C80ED91EE11CF11C42
:1072B000C092FF05D0920006E0920106F09202060D
:1072C000FE01E45BFF4F8081882309F4BFCE8091EB
:1072D000DE059091DF05A091E005B091E1052091D8
:1072E000FB05420F511D611D711D481759076A07A3
:1072F0007B0708F4ABCE3596208131813093F605BB
:107300002093F5058091E205882309F433CF80911D
:107310004005909141058217930708F02BCF37CF96
:1073200080E49CE98DCF8131F7E29F0720F09695AC
:10733000879522E08ACF21E02093FB0580329105DA
:1073400008F085CF80E290E082CFDC01B695A7956A
:10735000AC7FA55BBF4AFD0125913491FD013296BA
:10736000A591B491877099278A9FF0018B9FF00DAA
:107370009A9FF00D1124A3E0F695E795AA95E1F701
:1073800083CF8091FE05882371F080E02091D8059D
:107390003091D90530934705209346053093430536
:1073A0002093420554CE8EA99FA981344CE99407BD
:1073B00008F04EC081325EE4950708F44CC0969503
:1073C00087959695879524E02093FB0580978115F6
:1073D000F8E09F0708F451C0E92FFF27EE0FFF1FC9
:1073E000EE0FFF1F9F01255B3B4AF9013296659125
:1073F0007491F90125913491789FA001689F000C48
:10740000411D1124511DC901841B950B8436910522
:1074100010F484E690E09093D9058093D80580918C
:10742000FB058093FE05FE01E45BFF4F808188230E
:1074300009F4ABCF8091E205882341F080914005AB
:10744000909141059093F6058093F50581E09ECFDC
:1074500080E49CE9B4CF8131E7E29E0720F0969565
:10746000879522E0B1CF21E02093FB058032910582
:1074700008F0ACCF80E290E0A9CF9C01369527952B
:107480002C7F255B3F4AF90145915491F9013296D1
:107490006591749187709927869F9001879F300D21
:1074A000969F300D1124A3E036952795AA95E1F714
:1074B000CA01821B930BAACFDE01A35BBF4F4D9184
:1074C0005C91119770E060E04093D4055093D5052E
:1074D0006093D6057093D70516969C919093D3052B
:1074E000982F927009F4CBCD9091E205992309F47D
:1074F000C6CD2E173F0708F0C2CD440F551F661F9B
:10750000771F4093D4055093D5056093D6057093AB
:10751000D7051092F305B3CD8093D4059093D5058C
:10752000A093D605B093D70561111BC0F093D20587
:10753000E093D105F0934505E09344058091F30570
:1075400087FD58C08091FB051091D30528813981B2
:10755000811335C081E02E173F0708F449C080E051
:1075600047C0643028F56F5F6330A9F06695AF01BE
:1075700002C0569547956A95E2F7BA017093D20515
:107580006093D1058091D1059091D20590934505E6
:1075900080934405D3CF9F01ABEABAEA0F9469BB4D
:1075A00041E196958795779567954A95D1F7E6CF0E
:1075B00070E06F5F7F4FCF010F9492BBDFCF8330BE
:1075C00009F4CFC08695A90102C0569547958A95C2
:1075D000E2F7133009F4D3C01695BF0102C07695C7
:1075E00067951A95E2F781E04617570708F0B7CF7D
:1075F0008093F3050F944C144091DE055091DF0504
:107600006091E0057091E105E0910306F0910406B8
:1076100080899189A289B389481759076A077B072E
:1076200080F010920406109203069091FD0D809157
:10763000FE0D981731F08091FE0D8F5F8F70809353
:10764000FE0D8091E406813049F180915C0288232F
:1076500029F18091A506811121C09091060181E058
:10766000292F247092FD80E090910601826097FF9F
:1076700003C0211113C081E08093680510925C0261
:1076800060914702709148028091490290914A02AC
:1076900020E030E040E85FEB0E943C8860914405C8
:1076A000709145056115710509F046C0409140058E
:1076B000509141052091F5053091F6058091F40532
:1076C0002417350708F06CC09091D305913041F034
:1076D000421B530B9417150619F010F04093D30575
:1076E0009091D305891B8093F405882339F087FD99
:1076F00053C080910B01806480930B012091D305CE
:107700008091400590914105821B9109909341051C
:107710008093400520914005309141058091F50509
:107720009091F6052817390709F066C08FEF9FEF93
:1077300090934505809344054091F405411161C043
:10774000809144059091450520914605309147056B
:107750008F3F980709F098C03093890020938800E4
:107760009EC0ABEABAEA0F9469BBAB01BC0131E140
:1077700076956795579547953A95D1F72ACF9F010A
:10778000ABEABAEA0F9469BB21E1969587957795A4
:1077900067952A95D1F727CF80910B018F7BACCFCE
:1077A0004217530708F0B6CF9091D305913041F0BE
:1077B000241B350B9217130619F010F02093D305F4
:1077C0009091D305890F8093F405882339F087FDC4
:1077D0000FC080910B01806480930B018091D305D1
:1077E0002091400530914105820F932F911D8ECF3E
:1077F00080910B018F7BF0CF8091D1059091D205C4
:1078000097CF8091F30587FD0EC0082E000C990BD1
:1078100021E030E06115710511F030E020E08217C1
:10782000930709F08DCF2091D305672B11F020919C
:10783000FB05842F042E000C990B97FF03C0919534
:107840008195910930E0281739070CF4C90147FFE9
:1078500017C061E04FEF5FEF78E076B99091F405E3
:10786000960F9093F4052091141830911518240F59
:10787000351F3093151820931418815071F760CF7D
:107880006FEF41E050E0E8CFAC01485D5F4F421739
:10789000530708F061CF909389008093880020916E
:1078A00088003091890080918400909185004096F5
:1078B0002817390748F480918400909185004096FC
:1078C0009093890080938800FF91EF91DF91CF9191
:1078D000BF91AF919F918F917F916F915F914F91E8
:1078E0003F912F911F910F91FF90EF90DF90CF90DC
:1078F0008F907F906F900F900BBE0F900FBE0F90E8
:107900001F9018959091DA058093DA052FB7F894B7
:10791000809166058B7F809366052FBF892F089520
:10792000809166052FB7F894909166059B7F9093A0
:1079300066052FBF82FB882780F908959091660520
:107940001092660581E0911101C080E00895909148
:107950003F059130A1F028F09230A9F09330C1F0AA
:107960000895811102C00D94B414823011F40D9465
:107970003A1A853009F050C080E00D9492148823A3
:1079800091F38230A1F3853009F046C081E0F5CF54
:10799000882349F3823059F3853071F38630E1F45E
:1079A00085E027E231E04FB7F894909102019460AE
:1079B000909302014FBFF9013197F1F74FB7F89457
:1079C000909102019B7F909302014FBFF901319783
:1079D000F1F7815041F708958730F1F481E00E947A
:1079E000728984E123E731E04FB7F8949091020166
:1079F0009460909302014FBFF9013197F1F74FB7AF
:107A0000F894909102019B7F909302014FBFF9017E
:107A10003197F1F7815041F708950F931F93CF935A
:107A2000DF938C01EB0190930F0E80930E0E0F9459
:107A3000D614811104C0D093CB06C093CA06C0915E
:107A4000FE0387EF8C0F8230F8F40F949319CA303D
:107A500041F484E080930C0EDF91CF911F910F9140
:107A6000089560E070E080E291E40E944E5F8FE54F
:107A70009FE00F94C9BA882379F389E0DF91CF9111
:107A80001F910F910C94A5FA109236048091C606AE
:107A9000811112C06091080E7091090E80910A0E3A
:107AA00090910B0E0F9462BD601B710B6C5F7F4F4A
:107AB0006930710508F060C0C150C83088F5EC2FFE
:107AC000F0E08827E959F24C8E4F0D94D9BB19028A
:107AD000190219026F015B02C701F1016702C8E1D7
:107AE000DDED8091C406882329F082E00F94A73C45
:107AF0001092C406209709F4AFCF0F943B1561E0B4
:107B0000CE01DF91CF911F910F910C94CB528091B8
:107B1000C406882341F061E083E591E00E94CB52E6
:107B2000D0E0C0E0DECF0F943B158091FE038230A1
:107B300019F481E08093FE038091FE03813031F4DB
:107B400061E086EE99E40E94ED86EACF833041F74A
:107B500061E08BE39DE2F7CFCEE9DCEDC2CF0F947D
:107B60003B150F9460B40F948A1ADACFC2E1DDEDB1
:107B7000B8CFCCE0DDEDB5CF8091C406882321F0ED
:107B800080916D02882379F181E08093C40680930F
:107B90006D020E94FE6041E050E663E080E00E94DA
:107BA000A26048EC5EE363E081E00E94A26061E0D5
:107BB00080E00E94F55FE091FE03E150E83098F428
:107BC000F0E08827E951F24C8E4F0D94D9BB4F025B
:107BD0004F02AF014F02AF01CB01A3014F0286E07C
:107BE0009DE40E94B85F8091C40681110F949A1B96
:107BF0000E945068882309F42FCF1092C406809108
:107C0000C50681110EC010920F0E10920E0E0E942A
:107C10000157811104C01092CB061092CA060E942F
:107C200009530E940953DF91CF911F910F910D9439
:107C30008A1A81EF9CE4D5CF8DED9CE4D2CF8BECFA
:107C40009CE4CFCF8093FE034091131420910E0E3D
:107C500030910F0E413059F01092C60680916B02A0
:107C600090916C02281739075CF40D948D1A90914D
:107C7000E9139111F1CF8650823070F74093C60618
:107C800081E08093C5066091CA067091CB06C90158
:107C90000F940D3D1092C606089583E00D94223E88
:107CA0001092C50660E570E08AEF90E00D940D3DFE
:107CB0001092C50670E060E08AEF90E00D940D3DF3
:107CC0001092C5066CE370E087ED90E00D940D3DD9
:107CD0001092C50665E570E086EE90E00D940D3DCE
:107CE0001092C50669E670E084E091E00D940D3DC8
:107CF0001092C5066EE670E083E191E00D940D3DB3
:107D00001092C5066BE470E087ED90E00D940D3D98
:107D10001092C5066AE570E083E191E00D940D3D97
:107D20001092C50664E670E08FEF90E00D940D3D73
:107D30001092C50664E670E08CED90E00D940D3D68
:107D40001092C50664E670E08EEF90E00D940D3D54
:107D50001092C50662E370E080EF90E00D940D3D57
:107D600080E00F94A73C0E9433EA0D949319CF92C0
:107D7000DF92EF92FF92411104C020913F05223023
:107D8000D1F09B016C01F12CE12C672BC9F49FB75A
:107D9000F894809102018460809302019FBFC70123
:107DA000B6010F9451219FB7F894809102018B7F07
:107DB000809302019FBFFF90EF90DF90CF900895D6
:107DC000220F331F50E040E060E074E284EF90E067
:107DD0000F94BABB91E02115310581E048075105A8
:107DE00044F086E056954795379527958A95D1F7C3
:107DF00093E0215031094FB7F8948091A100887F1A
:107E0000892B8093A1006091AC007091AD00269FFA
:107E1000C001279F900D369F900D11245091720044
:107E20006FEF70E051FF04C06091A8007091A9004D
:107E30000F9492BB7093AD006093AC003093A90097
:107E40002093A800809172008360809372004FBFDE
:107E5000C701B6010F9451212FB7F8948091A1006A
:107E6000887F85608093A1004091AC005091AD0067
:107E70003FEF349FC001359F900D11243091720067
:107E80006FEF70E031FF04C06091A8007091A9000D
:107E90000F9492BB7093AD006093AC008FEF90E0B5
:107EA0009093A9008093A800809172008C7F8093AA
:107EB00072002FBF78CFCF93C0913F05C23059F1E8
:107EC000C13069F48091D005811125C040E070E097
:107ED00060E080E590E00F94B73EC093D00560ED80
:107EE00077E08DEC95E00F94DE218823A1F08DECF6
:107EF00095E00F94E52180913F05811108C040E095
:107F000070E060E080E590E0CF910D94B73E80E0B6
:107F1000CF910D94A73CCF9108958230B9F0833072
:107F2000E9F0813059F080910B01613029F48160D2
:107F300080930B01000008958E7FFACF80910B0192
:107F4000611102C08260F4CF8D7FF2CF80910B016E
:107F5000613011F48460ECCF8B7FEACF80910B010C
:107F6000611102C08064E4CF8F7BE2CF8EBD0DB47F
:107F700007FEFDCF08958FEF8EBD0DB407FEFDCF38
:107F80008EB508958F929F92AF92BF92EF92FF921B
:107F90000F931F93CF937C01C62F49015A01FC0117
:107FA0009181892F806A86958CBD90FD03C081E008
:107FB000963009F480E08DBD9FB7F894809105015B
:107FC0008F7B809305019FBF8CE291E00F94F17C41
:107FD0008C2F80640F94B63F08E110E0D501C401F6
:107FE000002E04C0B695A795979587950A94D2F769
:107FF0000F94B63F08501109083FFFEF1F0771F7B4
:1080000085E9CC2321F087E8C83009F08FEF0F9481
:10801000B63FCC3011F40F94BB3FC0E00F94BB3F90
:10802000F701828387FF04C0CF3F11F0CF5FF6CF07
:10803000CF911F910F91FF90EF90BF90AF909F90C5
:108040008F9008950F931F93CF93DF93EC018901D5
:108050008B81833039F089E0440F551F661F771FED
:108060008A95D1F79A01AB0168E1CE010F94C23F26
:10807000882319F086E0888339C08EEF8EBDF80121
:10808000C8019E5F0DB407FEFDCF20812EBD0DB44B
:1080900007FEFDCF21812EBD3296E817F90791F733
:1080A0000DB407FEFDCF8FEF0F94B63F8FEF0F9407
:1080B000B63F0F94BB3F8A838F71853099F488E572
:1080C00092E00F94F17C182F87E11123A1F220E0B8
:1080D00030E0A9016DE0CE010F94C23F882351F03A
:1080E00086E1C9CF83E188830F94E87C0F94E87C14
:1080F00010E006C00F94BB3F8111F2CF0F94E87CD3
:10810000812FDF91CF911F910F910895CF9380918F
:10811000F20EC1E08823A1F04091EA0E5091EB0EDF
:108120006091EC0E7091ED0E26EF3EE08091F30E23
:108130009091F40E0F942240C82F811104C0C0E02A
:108140008C2FCF9108954091EE0E5091EF0E6091DB
:10815000F00E7091F10E411551056105710591F018
:1081600026EF3EE08091F30E9091F40E0F942240A2
:10817000882329F31092EE0E1092EF0E1092F00E5B
:108180001092F10E1092F20EDBCF2F923F924F928F
:108190005F926F927F928F929F92AF92BF92CF9297
:1081A000DF92EF92FF920F931F93CF93DF93EC0137
:1081B0002A013B0169018B81833039F069E0440C6D
:1081C000551C661C771C6A95D1F743E0942E560126
:1081D00081E0A81A8EEFB80A1601EEEF3E1A54E0BD
:1081E000852E9A94A301920161E1CE010F94C23FC2
:1081F000882379F08882992009F47AC00F94E87C6A
:1082000020E030E0A9016CE0CE010F94C23F18825B
:10821000E8CF0F9484218B010F94BB3F8A838F3F5B
:1082200091F40F948421601B710B6D327140A0F3A7
:1082300081E188830F94E87C8C818823E1F28FEFC1
:108240000F94B63FD8CF8E3F11F08FE0F2CF8FEF73
:108250008EBDD601F6010DB407FEFDCF9EB59193FC
:108260008EBDEA15FB05B9F70DB407FEFDCF8EB53F
:10827000F5018083F12CE12C8D91EF2DFF27E8276C
:10828000EE0FFF1FEE5BF14B85919491FE2CEE24D7
:10829000E826F9262A163B0679F70F94BB3F082FEC
:1082A00010E0102F00270F94BB3F082B0E151F0561
:1082B00019F0F0E2F883BECF0F94E87CCC81CC2398
:1082C000D9F08FEF0F94B63F8C2FDF91CF911F9194
:1082D0000F91FF90EF90DF90CF90BF90AF909F9065
:1082E0008F907F906F905F904F903F902F90089568
:1082F0000F94E87CC0E0E8CFC1E0E6CFCF92DF92F8
:10830000EF92FF92CF936B017C01C42F8091EA0E14
:108310009091EB0EA091EC0EB091ED0E8C159D0599
:10832000AE05BF0501F10F948640811108C0C0E081
:108330008C2FCF91FF90EF90DF90CF90089526EF94
:108340003EE0B701A6018091F30E9091F40E0F94D8
:10835000C540882361F3C092EA0ED092EB0EE09202
:10836000EC0EF092ED0ECC2321F081E08093F20E22
:10837000DFCFC1E0DDCF4F925F926F927F928F92FD
:108380009F92AF92BF92CF92DF92EF92FF920F93A4
:108390001F93CF93DF93EC014230510561057105C6
:1083A00090F480E0DF91CF911F910F91FF90EF90BB
:1083B000DF90CF90BF90AF909F908F907F906F9005
:1083C0005F904F90089589859A85AB85BC8501960D
:1083D000A11DB11D84179507A607B70710F38F8954
:1083E0008031C9F5852E962EA72EBB248B899C89BA
:1083F000AD89BE89880E991EAA1EBB1E28013901AF
:108400006A017B0141E0C501B4010F947E418823DC
:1084100041F29F89903181F5DD24EE24FF24F6019D
:10842000EE0FFF1FEA50F14F118300839A899230BB
:1084300008F4B8CF4D815E816F817885840E951EDA
:10844000A61EB71E8092EE0E9092EF0EA092F00E36
:10845000B092F10EA7CF803209F0A3CF8B899C890F
:10846000AD89BE894A015B01E7E0B694A794979471
:108470008794EA95D1F7BECFE894C7F8DD24EE24BF
:10848000FF24F601EE0FFF1FEE0FFF1FEA50F14F22
:108490004082518262827382C9CFCF92DF92EF9283
:1084A000FF920F931F93CF93DF93FC0181859285F9
:1084B000A385B4850196A11DB11D84179507A60754
:1084C000B70750F480E0DF91CF911F910F91FF909B
:1084D000EF90DF90CF90089587898031A9F5BB2771
:1084E000A72F962F852FC388D488E588F6888C0D12
:1084F0009D1DAE1DBF1DE9016A017B018F014091E9
:10850000EA0E5091EB0E6091EC0E7091ED0E841717
:108510009507A607B70749F5F8018789803169F5FE
:10852000B701A601552766277727440F551F4A50E4
:10853000514FFA0180819181B0E0A0E08883998356
:10854000AA83BB8381E0BFCF803209F0BBCFC38851
:10855000D488E588F688DB01CA01C7E0B695A795FF
:1085600097958795CA95D1F7C2CF40E0BC01CD0160
:108570000F947E418111D0CFA5CFB701A6014F77CF
:10858000552766277727440F551F440F551F4A501C
:10859000514FFA0180819181A281B381BF70CECF0A
:1085A0004F925F926F927F92AF92BF92CF92DF9283
:1085B000EF92FF920F931F93CF93DF9300D01F9200
:1085C000CDB7DEB78C0149835A836B837C83590115
:1085D000C12CD12C7601412C82E0582E612C712CBB
:1085E00049815A816B817C819E012F5F3F4FC80179
:1085F0000F944D42882319F1F8018585A30192015A
:1086000004C0220F331F441F551F8A95D2F7DA0189
:10861000C901C80ED91EEA1EFB1E49815A816B8111
:108620007C8187898031F1F481E0483F5F4F6105AB
:108630007105B0F2F501C082D182E282F3820F901F
:108640000F900F900F90DF91CF911F910F91FF909E
:10865000EF90DF90CF90BF90AF907F906F905F9042
:108660004F90089581E0483F5F4F6F4F7F4008F47F
:10867000B7CFE0CF0F931F93CF93DF93FC012381FC
:10868000222331F080E0DF91CF911F910F91089567
:108690008B01EC01FB018789803139F582E08B8306
:1086A0001D8A1E8A1F8A188E808D918DB0E0A0E0F1
:1086B00025E0880F991FAA1FBB1F2A95D1F7898B28
:1086C0009A8BAB8BBC8B1A8F098F81E089831C82BC
:1086D0001D821E821F82188619861A861B861C869A
:1086E0001D861E861F86188ACECF803259F683E0FB
:1086F0008B83428D538D648D758D4D8B5E8B6F8B0F
:10870000788F9E012F5E3F4FC8010F94D042811198
:10871000DACFB8CFCF92DF92EF92FF921F93CF9331
:10872000DF93EC01EB81E11109C080E0DF91CF9193
:108730001F91FF90EF90DF90CF900895898180FF87
:10874000F4CF488559856A857B859A0131703AA3B3
:1087500029A3898D9A8D6A017B01F9E0F694E7944B
:10876000D794C794FA95D1F7E23079F4FC01828D61
:10877000938DA48DB58D8C0D9D1DAE1DBF1D8D8F50
:108780009E8FAF8FB8A381E0D1CFFC01148111502F
:108790001C21232B71F411110CC0452B462B472BA8
:1087A00031F58D899E89AF89B88D8C839D83AE8389
:1087B000BF83E98DFA8D8C819D81AE81BF81029747
:1087C000A109B109258504C0880F991FAA1FBB1FE5
:1087D0002A95D2F74685578560897189840F951F40
:1087E000A61FB71F810F911DA11DB11DC8CF4C81C0
:1087F0005D816E817F819E012C5F3F4F0F944D42C2
:108800008111D7CF92CF8F929F92AF92BF92CF928A
:10881000DF92EF92FF920F931F93CF93DF93EC01C0
:108820008B8181110EC080E0DF91CF911F910F915C
:10883000FF90EF90DF90CF90BF90AF909F908F9080
:10884000089509891A892B893C8904171507260779
:10885000370748F34A015B01823031F488869986F4
:10886000AA86BB8681E0E0CF81149104A104B10403
:1088700049F41C821D821E821F82188619861A8660
:108880001B86F0CF088519852A853B85E98DFA8DF1
:10889000858590E00996B901A80141505109610907
:1088A0007109082E04C076956795579547950A94E7
:1088B000D2F775016401E1E0CE1AD108E108F108B0
:1088C00004C0F694E794D794C7948A95D2F7C41657
:1088D000D506E606F70620F0012B022B032B11F537
:1088E0008D899E89AF89B88D8C839D83AE83BF832C
:1088F0008E010C5F1F4FC114D104E104F10409F48F
:10890000ADCF4C815D816E817F819801898D9A8D7B
:108910000F944D4291E0C91AD108E108F108811184
:10892000EACF81CFC41AD50AE60AF70AE1CF3F920F
:108930004F925F926F927F928F929F92AF92BF926F
:10894000CF92DF92EF92FF920F931F93CF93DF931B
:10895000CDB7DEB72C970FB6F894DEBF0FBECDBFF4
:108960005C01DC0159968D909C90F4018185928583
:10897000A385B4859C01AD012F5F3F4F4F4F5F4FE3
:1089800029873A874B875C87D50114964D905D9077
:108990006D907C901797411451046104710409F49F
:1089A00059C0BFEF4B1A5B0A6B0A7B0A312C73016B
:1089B00062011D821E821F821886F40181859285C4
:1089C000A385B4852D813E814F81588528173907AD
:1089D0004A075B0708F056C089859A85AB85BC8538
:1089E0008C159D05AE05BF0550F482E0C82ED12C34
:1089F000E12CF12C92E0492E512C612C712C9E011E
:108A00002F5F3F4FB701A601C4010F944D42882349
:108A1000C9F189819A81AB81BC81892B8A2B8B2BEF
:108A200001F1260137019FEF491A590A690A790AAB
:108A30002D813E814F8158852F5F3F4F4F4F5F4FB4
:108A40002D833E834F8358873FEFC31AD30AE30A2F
:108A5000F30AB3CF40805180628073803324339413
:108A6000A6CFC414D504E604F70411F70FEF1FEFE7
:108A70002FEF3FE0B701A601C4010F94BB41782E50
:108A800081111AC0712C872D2C960FB6F894DEBF79
:108A90000FBECDBFDF91CF911F910F91FF90EF904F
:108AA000DF90CF90BF90AF909F908F907F906F900E
:108AB0005F904F903F900895F50144815581668104
:108AC0007781411551056105710539F097018601DE
:108AD000C4010F94BB418823A9F2D5011496CD920D
:108AE000DD92ED92FC921797332051F0D701C60129
:108AF0000196A11DB11DF40180839183A283B383EC
:108B0000F50185899689A789B08D892B8A2B8B2BB6
:108B100009F0B9CFC58AD68AE78AF08E818180684C
:108B20008183B1CFCF93DF93EC01462F41706C85E9
:108B30007D858E859F850F947E41882351F088899D
:108B400020E2829FC00111248A50914FDF91CF9182
:108B5000089590E080E0FACFCF93DF93EC018B8112
:108B6000882349F1898187FF22C061E0CE010F94FB
:108B70009245FC01892BF9F08081853EE1F08B81E3
:108B8000823040F489899A89AB89BC89848F958F1A
:108B9000A68FB78F8D899E89938F828F8D899E89AD
:108BA000AF89B88DB58BA48B89818F778983DF914D
:108BB000CF910D94864081E0888380E0DF91CF9152
:108BC0000895CF93DF93EC010F94AC451B82DF91A6
:108BD000CF910895CF93DF93EB01FC012381211105
:108BE00004C080E0DF91CF9108952250223028F414
:108BF0008FE28883198281E0F5CF60E00F9492457F
:108C0000009779F3DC0160E080E09EE22D91203254
:108C100099F0883031F49E01260F311DF9019083BF
:108C20006F5F9E01260F311DAD0141505109FA01C0
:108C30004081F90140836F5F8F5F8B3039F7FE0110
:108C4000E60FF11D1082D7CF2F923F924F925F9285
:108C50006F927F928F929F92AF92BF92CF92DF924C
:108C6000EF92FF920F931F93CF93DF9300D01F9249
:108C7000CDB7DEB79C838B834B017A01DC01139661
:108C80008C91811119C08FEF9FEF0F900F900F9073
:108C90000F90DF91CF911F910F91FF90EF90DF9098
:108CA000CF90BF90AF909F908F907F906F905F908C
:108CB0004F903F902F900895EB81FC81818180FF40
:108CC000E2CF0189128923893489408551856285E3
:108CD0007385C701B0E0A0E028013901441A550AA4
:108CE000660A770A84159505A605B70518F0780178
:108CF000E41AF50A67018B819C8104969A83898323
:108D0000612C32E0732EC114D10409F4B7C0AB81D9
:108D1000BC8118964D915D916D917C911B975A0184
:108D2000B1E0BB22EB81FC81818D928D1A012B0178
:108D300029E056944794379427942A95D1F72381B4
:108D4000223091F5DC015A966D917D918D919C9127
:108D50005D97620D731D841D951D83010A191B0902
:108D6000C016D10608F486010115B2E01B0771F4A4
:108D70002091EA0E3091EB0E4091EC0E5091ED0EE9
:108D8000621773078407950709F059C040E00F94F4
:108D90007E41882309F477CFB5016A50714FA8014D
:108DA000C4010F94F2C057C0FC011481115012216C
:108DB000A114B10481F411110EC0452B462B472B91
:108DC00079F5EB81FC8185899689A789B08D8483AB
:108DD0009583A683B783AB81BC815996ED91FC91B5
:108DE0005A9714966D917D918D919C911797625031
:108DF000710981099109258504C0660F771F881FB5
:108E0000991F2A95D2F72685378540895189620FA7
:108E1000731F841F951F610F711D811D911D9DCFB3
:108E2000AB81BC8114964D915D916D917C911797AA
:108E300029813A810F944D428111CDCF24CF9401E5
:108E4000AB01BC018091F30E9091F40E0F94C540DC
:108E5000882309F418CF800E911EEB81FC81808558
:108E60009185A285B385800F911FA11DB11D8087BB
:108E70009187A287B387C01AD10A45CFC70105CF12
:108E8000DF92EF92FF920F931F93CF93DF938C01AA
:108E9000EB017A018DE0D82E40E250E0BE01C8011E
:108EA0000F9424468032910571F021E0892B09F45A
:108EB00020E0822F8195DF91CF911F910F91FF903C
:108EC000EF90DF9008952881222309F43FC0253ECA
:108ED00019F32E3209F33B853F733F3099F5E114C6
:108EE000F10481F14A8D5B8D452B61F52F713FEFC8
:108EF000320F343038F52150330BD29EC001D39E4F
:108F0000900D1124F701E80FF91F298120832B818F
:108F100021832D8122832F812383298524832E85FC
:108F20002583288926832A8927832C8920872E89CF
:108F30002187288D22872C8D23872E8D24872881B9
:108F400026FD15862B8523FDA7CFB5CF80E0B3CFB7
:108F50004F925F926F927F92AF92BF92CF92DF92C9
:108F6000EF92FF920F931F93CF93DF931F92CDB792
:108F7000DEB78C017B015A01C22EDB0159968D911F
:108F80009C91F801928F818FCB010E94AE6D712C64
:108F9000F70180859185A285B385418952896389CE
:108FA000748984179507A607B70708F052C055E0E3
:108FB000B695A795979587955A95D1F7F82FFF7095
:108FC000DF2ED70113968C91823010F480E0DBC045
:108FD00041E050E0BE016F5F7F4FC7010F94244610
:108FE0000197A1F7F70180859185A285B3854F96FA
:108FF000A11DB11D80879187A287B387F0E2DF9E14
:10900000B00111246A50714F61157105F9F2DB014D
:109010008C91882341F0853E09F04CC0772029F0DF
:1090200077247394B5CF71100EC08091EA0E9091A1
:10903000EB0EA091EC0EB091ED0EF80184879587B0
:10904000A687B787D08ADB018C918111E9CF77247D
:1090500073948C2D8274823409F0B8CF772009F490
:10906000A2C0F801D08861E0C8010F949245009732
:1090700009F4ACCF20E2DC011D922A95E9F72BE040
:10908000F501DC0101900D922A95E1F721E238E229
:10909000FC01318B208B40E058E057874687338BAB
:1090A000228B318F208F578B468B0F9486408111F6
:1090B00009C08CCF4BE050E0C5010F94E5C0892B6F
:1090C00009F066CFF0E2DF9ED00111249D012A5005
:1090D000314FF9018385817121F08C2D827109F066
:1090E000FCC0F801818D928D4091EA0E5091EB0EFB
:1090F0006091EC0E7091ED0E4487558766877787F7
:10910000D08AFD01EA50F14F44885588712C612CBA
:10911000320155244424D80155964D925D926D92AA
:109120007C925897428D538D70E060E04429552918
:109130006629772955964D935D936D937C93589747
:10914000D9011B962C91287109F0B9C0848D958D99
:10915000A68DB78DF801818B928BA38BB48B81E0A8
:1091600083838C2D8F70F80181831482158216827F
:109170001782108611861286138681E0C4FE03C012
:10918000C8010F94B37E0F90DF91CF911F910F9183
:10919000FF90EF90DF90CF90BF90AF907F906F9057
:1091A0005F904F900895D70113968C91139782305A
:1091B00009F40CCF51968D919D910D90BC91A02DED
:1091C000803E9F4FAF41B10508F000CFC7010F941B
:1091D0009744882309F4FACE0F948640882309F433
:1091E000F5CED7015996ED91FC915A9714964D9072
:1091F0005D906D907C901797B2E04B1A5108610812
:109200007108858504C0440C551C661C771C8A9522
:10921000D2F786859785A089B189480E591E6A1EA6
:109220007B1E81E08093F20E4092EA0E5092EB0E8C
:109230006092EC0E7092ED0EE6EFFEE080E092E0C0
:10924000DF019C011D9221503040E1F7DD24D394D1
:10925000D7015996ED91FC918481D81698F426EFA8
:109260003EE0B301A2014D0D511D611D711D8091A4
:10927000F30E9091F40E0F942240882309F4A6CEA9
:10928000D394E6CF258580E092E0A0E0B0E004C072
:10929000880F991FAA1FBB1F2A95D2F7F701418992
:1092A000528963897489840F951FA61FB71F818B0C
:1092B000928BA38BB48B86EF9EE0D12CDBCE20313A
:1092C00061F498012F5E3F4F0F94D042882329F01C
:1092D00084E0D80113968C9344CFD80113961C9246
:1092E00075CECF939091100E992309F4F6C0C82F34
:1092F000873009F4BEC008F046C0833009F4EDC0E1
:1093000080F5813009F488C008F460C08BE70E94C2
:10931000B96D83E00F94A8190F94A4198DE70E94EA
:10932000B96D0E94C46EC3E0C093CC0581E0809308
:10933000B7028091E914811105C08091FE03882352
:1093400009F478C08BE70E94B96D84E00F94A819E6
:109350000F94A41984E08093CC0581E08093B70238
:109360001EC0853009F471C084E39EE4C63008F461
:109370006EC08DE19EE40E94CC6E0F94A41988E02B
:109380008093CC0574C0863109F49BC070F484319D
:1093900009F480C008F089C0883009F472C08DE7F4
:1093A0000E94B96DCF910C94C46E8B3509F491C0B5
:1093B00030F481E3CA3599F70F94B519F0CF8C35A5
:1093C00009F489C084E3CD35B9F3E9CF8091BF02B8
:1093D000843021F48FE00F94E130E1CF0E940157F7
:1093E000882311F08EE0F7CF8091E914811104C039
:1093F0008091FE03882311F084E0EDCF8BE70E947B
:10940000B96D81E00F94A8190F94A4190F94551AFF
:1094100081E08093CC05C3CF8BE70E94B96D82E0D9
:109420000F94A8190F94A41982E08093CC05C093DF
:10943000B702B5CF8BE70E94B96D83E00F94A819EE
:109440000F94A419C093CC0588CF86E29EE40E94B5
:10945000CC6E60E070E0CB010E94326E8DE50E9420
:10946000B96D8091CC050F94A8190F94A41982E0CE
:1094700075CF84E19EE40E94CC6E0F94A41989E01C
:109480007FCF8BE09EE40E94CC6E0F94A4191092C3
:10949000CC05EDCF8BE70E94B96D8091CC050F9480
:1094A000A8190F94A41984E059CF8BE70E94B96DD5
:1094B0000F94FD190F94A4198091CC050F94A8194D
:1094C0006ECF82E09EE40E94CC6E0F94A41985E0DA
:1094D000A0CF82E371CF83E36FCFCF910895CF9276
:1094E000DF92EF92FF920F931F93CF93DF9300D001
:1094F00000D01F921F92CDB7DEB78091C806909121
:10950000C9060097E1F12091390230913A022436E0
:1095100031054CF4AC01420F531F453651056CF434
:10952000820F931F0CC02436310509F455C0AC01DD
:10953000420F531F443651059CF784E690E0909308
:109540003A02809339028091390290913A0282174F
:109550009307A9F0883E53E0950714F087EE93E057
:109560008A30910514F48AE090E090933A02809357
:1095700039021092C9061092C8060E944A5480917E
:109580006D0281111092B3061091B306112391F16F
:109590002FEF210F2093B30680912D0481110DC070
:1095A0000E945068882349F01092520460E08EEACD
:1095B00092ED0E94CB520E94326428960FB6F89426
:1095C000DEBF0FBECDBFDF91CF911F910F91FF90F6
:1095D000EF90DF90CF9008958B3091051CF0865A64
:1095E0009F4FADCF863F4FEF94070CF0ACCF825921
:1095F0009F4FA5CF6AE06093B3068091B2068F5F5C
:109600008093B2068E3109F09FC01092B2060E947C
:109610003264109279050E94825F0E94F760609127
:109620000E0E70910F0E072E000C880B990B0F94E5
:1096300057B520E030E040E05FE30F94F1BB0F94BA
:1096400062BD6B0120E030E040E05FE36091080E16
:109650007091090E80910A0E90910B0E0F94F1BB40
:109660000F9462BDA60182E80F947C1B83E00E94E8
:10967000C35F80911C07813009F06EC084E499E4D7
:109680000E94B85F61E080E00E94F55F6091CA06C9
:109690007091CB06072E000C880B990B0F9457B5D1
:1096A00020E030E040E05FE30F94F1BB0F9462BD37
:1096B0006B0120E030E040E05FE36091490570918C
:1096C0004A0580914B0590914C050F94F1BB0F9486
:1096D00062BDA60180E80F947C1B83E00E94C35FFB
:1096E00080913A028F93809139028F938DE499E4AF
:1096F0009F938F930E94A65F98E0981B892F0E94EA
:10970000C35F62E080E00E94F55F0F900F900F90C2
:109710000F9080916905E090E91481113EC020E628
:10972000C22E29E4D22EE1103CC084E6C82E89E482
:10973000D82E0E945D57F82E8823D9F18091AE0271
:109740008F3F89F5F12C35C00F9484BB911163CF05
:1097500080E00E94F1635DCF8091E9068823D9F013
:1097600080E21F928F938091F5068F938091F4068B
:109770008F938091F3068F938091F2068F938BE302
:1097800099E49F938F930E94A65F0FB6F894DEBF73
:109790000FBECDBF77CF8FE3E4CF98E6C92E99E413
:1097A000D92EEE2031F280913D04FF24F3948823DA
:1097B00099F181EA9DE00F94C9BA082F0E94D16CFB
:1097C00087FD2AC0081741F19BE00902B00111246E
:1097D000675B724F47E050E08E010F5F1F4FC8017B
:1097E0000F94B9BA18861F930F9386E79EE59F934F
:1097F0008F930E94A65F0F900F900F900F90809113
:109800001314813009F062C00F944B1B95E0981B34
:10981000892F0E94C35F67C0E11004C08091F503E7
:1098200081114AC0DF92CF9282E79EE59F938F938A
:109830000E94A65F0F900F900F900F908091FB03F6
:10984000811104C08091AE028536F0F18091AD02A5
:109850008536D0F180917C17882319F18091F61715
:109860009091F717A091F817B091F9170097A105FB
:10987000B105B9F0BC01CD016D597F4F8F4F9F4F9E
:1098800024E630E040E050E00F943CBB6091FD17CF
:109890007091FE178091FF17909100180F943CBBB8
:1098A000122F212F30E08AE599E4F11002C084E5FF
:1098B00099E43F932F939BCF81E00E94C35F8EEA90
:1098C00096E00E945F67BACF182FEBCF8091100E01
:1098D000882309F4ACC08CE699E49F938F930E948F
:1098E000A65F0F900F900E945D57882309F4BCC0BB
:1098F0008091FB03882309F49CC0C090B502D090EE
:10990000B602E090B302F090B4028091B1068A30C2
:1099100011F41092B1068091B1068F5F8093B10669
:109920002FEFE216F20621F0970113E4863070F46F
:109930003FEFC316D30609F085C00F94AF302CE378
:1099400030E040E050E00F943CBB10E2409139021F
:1099500050913A024436510509F477C0C216D30635
:1099600021F0E216F30609F070C0A4E6B0E00F940F
:1099700069BB9A01550F440B550B0F943CBB4FE349
:10998000E42E042E000CFF08E12F012E000CFF0B2B
:10999000C9016CE370E00F9492BB2037374108F0A7
:1099A00056C0FF924F93FF931F939F938F937F9384
:1099B0006F938DE799E49F938F930E94A65F0FB6F4
:1099C000F894DEBF0FBECDBF98E0981B892F0E9490
:1099D000C35F63E080E00E94F55F0F94AB2280914B
:1099E000100E8823C1F08091B702815009F45CC049
:1099F0008093B7028091B702853009F45CC088304B
:109A000051F485E10F9471498091FE03882319F088
:109A100086E10F94714980910C0E882309F4BCCD26
:109A20008091040E8111B8CD0F942207B5CD85E049
:109A3000F0CEC090B102D090B202E090AF02F090B0
:109A4000B00263CF960112E581CF40E299CFFF9239
:109A50004F93FF931F937F936F9382E799E49F93B4
:109A60008F930E94A65FABCF85EA9DE00F94D7BA93
:109A7000BC0190E080E00F9455B520E030E04AE76B
:109A800054E40F94F0BC9F938F937F936F938BE775
:109A90009EE59F938F930E94A65F0F900F900F906B
:109AA0000F900F900F9090CF8AE08093B70280E0E4
:109AB0000F9471499FCF8091E914882309F4ABCFAB
:109AC00084E1A7CFCF93DF9390916C05911121C0D2
:109AD000C62FD82F882311F182E29CE5662311F06E
:109AE00080E39CE563E00E9420EE89E194E70E9418
:109AF000CC6E8FEF9BE5C11102C08DED9BE50E94FE
:109B0000F37080E00F9471498AE5D1118BE50F94D1
:109B1000714980E0DF91CF910C94507189EB9BE506
:109B2000662311F089EC9BE563E00E9420EE89E159
:109B300094E70E94CC6E80EA9BE5C111E0CF88E8F3
:109B40009BE5DDCF2F923F924F925F926F927F9273
:109B50008F929F92AF92BF92CF92DF92EF92FF923D
:109B60000F931F93CF93DF93CDB7DEB7E0970FB678
:109B7000F894DEBF0FBECDBF6A877B878C879D8739
:109B80001A013AA729A70F943E2710923E0229A551
:109B90003AA53093AA062093A9061092AC0610921B
:109BA000AB060F9484216E837F838887998737FE65
:109BB000FFC03DE23F8F0F9484216CA37DA38EA351
:109BC0009FA382E599E5121413040CF48AC28FE373
:109BD00099E50E94F3706A857B858C859D850F943D
:109BE00062BD2FE72114310409F4E5C020937F06FC
:109BF0007093CB066093CA068E819F81A885B98534
:109C00008E879F87A88BB98B88A399A3AAA3BBA390
:109C10001A8A90E49B8BACE1AC8BB6E4BD8B1E8AB8
:109C20001F8A188E198E6FE7C62ED12CE12CF12CCD
:109C300000E010E018AA1FA61D822FE730E040E0E8
:109C400050E029833A834B835C831B8E1C8E1D8ED0
:109C50001E8E31E03A8FA8954091640648A74423B0
:109C600009F42CC20F94A32A2114310409F0AAC0CC
:109C70000091080E1091090E50910A0E58AB809178
:109C80000B0E8FA72E893F89488D598DB80188A961
:109C90009FA50F94E6BC87FD06C00E8B1F8BB8A94D
:109CA000B88F2FA5298F2A893B894C895D89B801F6
:109CB00088A99FA50F947ABE181634F00A8B1B8BC7
:109CC00038A93C8B4FA54D8B0F9484212CA13DA12D
:109CD0004EA15FA1621B730B840B950B653C794011
:109CE0008105910540F00E94216C0F9484216CA3A2
:109CF0007DA38EA39FA34A8D442309F44CC02A85DB
:109D00003B854C855D85B80188A99FA50F947ABED7
:109D100018160CF0D3C10F9484212E853F854889F5
:109D20005989621B730B840B950B6938734181054C
:109D3000910508F4C3C1D701C60129813A814B813D
:109D40005C81821B930BA40BB50BB595A7959795DA
:109D500087952114310409F440C080937F060F9445
:109D600084216E837F8388879987DC01CB012E85D0
:109D70003F8548895989821B930BA40BB50B8B8FA8
:109D80009C8FAD8FBE8F3A853E8B4B854F8B5C850C
:109D9000588F8D85898F2A853B854C855D85B801D7
:109DA00088A99FA50F94E6BC87FD1AC01A8E86C1AC
:109DB0004AE04F8F00CF2093710570930F0E609390
:109DC0000E0E1ACF0091490510914A0590914B054E
:109DD00098ABA0914C05AFA755CF80937105BFCF2D
:109DE0000F9484212E813F8148855985621B730B16
:109DF000840B950B6938734181059105B8F20F9476
:109E000084216E877F87888B998B8091AB06909198
:109E1000AC06181619060CF02CC18E859F85A889F2
:109E2000B9892E813F8148855985821B930BA40BEC
:109E3000B50B4B8C5C8C6D8C7E8C480E591E6A1E4B
:109E40007B1E2B8D3C8D4D8D5E8D281B390B4A0B57
:109E50005B0B69817A818B819C810F942CBBA30160
:109E600092010F94BABBDA01C9018C0D9D1DAE1D84
:109E7000BF1D84319105A105B1050CF43CC16C01F5
:109E80007D013CEEC316D104E104F1042CF04BEE4D
:109E9000C42ED12CE12CF12C80389105A105B105FF
:109EA0000CF437C18EEF90E0A0E0B0E08C199D0972
:109EB000AE09BF0989839A83AB83BC8387E399E5A5
:109EC0000E94CC6EC701B6010E94326E82E399E512
:109ED0000E94CC6E69817A818B819C810E94326E56
:109EE0008BE299E50E94CC6E42E06A897B898C897D
:109EF0009D890E944E6E84E299E50E94CC6E6E8927
:109F00007F89888D998D0F94DD7C8091AB0690912F
:109F1000AC0603970CF4ADC069817A818B819C817A
:109F20000F9457B520E030E040E850E40F9496B528
:109F30004B015C012A893B894C895D896E897F8947
:109F4000888D998D0F94F0BB20ED3FE049E450E4FB
:109F50000F9496B520E030E040E05FE30F9496B5B3
:109F60009B01AC01C501B4010F94F0BC4B015C0135
:109F7000C301B2010F9457B520E030E04AE754E442
:109F80000F94F0BC2B013C018EE199E50E94CC6E50
:109F900042E0C501B4010E944E6E88E199E50E943D
:109FA000CC6EC301B2010F94DD7C2AE939E949E1A5
:109FB0005FE3C501B4010F9496B54B015C0180923B
:109FC0004D0490924E04A0924F04B0925004AC0104
:109FD0009B010F94F1BBA30192010F94F0BC60931D
:109FE000490470934A0480934B0490934C04A3015A
:109FF0009201C501B4010F9496B520E030E040E035
:10A000005EE30F9496B56093450470934604809385
:10A010004704909348048AE099E50E94F37084E035
:10A0200099E50E94CC6E60914D0470914E04809130
:10A030004F04909150040F94DD7C8EEF98E50E94C0
:10A04000CC6E6091490470914A0480914B049091C8
:10A050004C040F94DD7C88EF98E50E94CC6E6091F3
:10A0600045047091460480914704909148040F94F0
:10A07000DD7C89819A81AB81BC818C0D9D1DAE1DDB
:10A08000BF1DB595A795979587952114310409F4BF
:10A0900045C080937F068091AB069091AC060196F7
:10A0A0009093AC068093AB063A853A8B4B854B8BED
:10A0B0005C855C8B8D858D8B98A59A8F20E030E038
:10A0C00040EA51E46A857B858C859D850F94F1BBC0
:10A0D000980148A95FA50F94E6BC87FF22C08EECCB
:10A0E00098E50E94F37081E080933E021092AC06E6
:10A0F0001092AB0698C034E1C32ED12CE12CF12C88
:10A1000024E130E040E050E029833A834B835C83D4
:10A11000D5CEC982DA82EB82FC82D0CE80937105E3
:10A12000BACF0F94842128A139A14AA15BA1621B57
:10A13000730B840B950B613D77408105910558F1B8
:10A14000A0907F06B12C8BEC98E52114310429F402
:10A15000A0907105B12C88EC98E50E94CC6E42E08D
:10A16000B80188A99FA50E944E6E84EC98E50E94D4
:10A17000CC6EC5010F942B7D4D81442309F46CC036
:10A180005F8D451770F54F5F4D830F94842168A351
:10A1900079A38AA39BA30F9484214B015C010F94A4
:10A1A00084214E805F80688479842E853F8548892C
:10A1B0005989420E531E641E751E84189508A60800
:10A1C000B708860E971EA81EB91E31E883163FE415
:10A1D000930632E1A306B10408F447C087EA98E584
:10A1E00080CF8D819F8D8913D0CF8F5F8D832BA5DD
:10A1F0003CA54DA55EA5B80188A99FA50F94F0BB0D
:10A200009F7720E030E040EA50E40F94E6BC87FFFF
:10A21000BCCF632D661F6627661F80E00F94624DDA
:10A2200081E080933E02E0960FB6F894DEBF0FBE49
:10A23000CDBFDF91CF911F910F91FF90EF90DF90F5
:10A24000CF90BF90AF909F908F907F906F905F90D6
:10A250004F903F902F9008950BA71CA7A8A9ADA7DA
:10A26000BFA5BEA721E02D8390CF8091AB06909132
:10A27000AC0649A55AA5481759071CF48BE498E584
:10A2800030CF80E00E94945FE6CC6F927F928F92F5
:10A290009F92AF92BF92CF92DF92EF92FF920F9375
:10A2A0001F93CF93DF931F92CDB7DEB7A895809110
:10A2B0006406882309F4B9C00F94A32A80919B06F1
:10A2C00080FF4FC010918D1300918E13B0908F13AB
:10A2D000A0909013CE0101960F94C029C0909706CC
:10A2E000D0909806E0909906F0909A06CE010196DB
:10A2F0000F94B329AF92BF920F931F9321E73DE3D1
:10A300004AE85EE3C701B6010F94F0BC9F938F93B8
:10A310007F936F9389EF99E59F938F930F948BB9F8
:10A3200090919B060FB6F894DEBF0FBECDBF809113
:10A330003D0291FF91C09091A302992309F485C039
:10A34000882369F061E08FE09BE40E9420EE9FB7D4
:10A35000F894809102018460809302019FBF109263
:10A36000A30280917605882389F0809176058295F5
:10A3700086958770843008F082C0823008F025C14D
:10A38000882309F4F9C0813009F494C00E94377F12
:10A3900080919606882309F448C080918B067090BE
:10A3A0009506871509F441C0CE0101960F94C02986
:10A3B00000918A0610918B0660908C06C0908D06E5
:10A3C000D0908E06E0908F06F090900680909106D7
:10A3D00090909206A0909306B0909406CE010196BC
:10A3E0000F94B32910939506BF92AF929F928F92CC
:10A3F000FF92EF92DF92CF921F926F92802F000F09
:10A40000990B01969F938F93812F87198150990BF8
:10A410009F938F938CE799E59F938F930F948BB9BC
:10A420000FB6F894DEBF0FBECDBF0F90DF91CF9176
:10A430001F910F91FF90EF90DF90CF90BF90AF9062
:10A440009F908F907F906F900895882309F489CF13
:10A4500084E08093000185CF90919B069E7F90932E
:10A460009B06882341F09FB7F894809102018B7F6F
:10A47000809302019FBF81E08093A30272CF84305A
:10A4800009F084CF8091760581FFBCC080916C0576
:10A49000811104C084EE99E50E94F37081E00E946E
:10A4A00050719FB7F89480910201846080930201FB
:10A4B0009FBF6CCF8091760586958695837081309D
:10A4C000F1F158F0823009F061CF80916C05811173
:10A4D00017C061E086EA99E53DC08091760581FF6D
:10A4E00013C0609176056295617080916C05811151
:10A4F00007C082E999E50F9423248CE50F947149F4
:10A5000080E00E94507142CF609104057091050572
:10A510006B5F7F4F072E000C880B990B0F9457B57C
:10A520008B019C014091080E5091090E60910A0E1A
:10A5300070910B0E8FE992E00F94C41927CF809190
:10A54000760581FF0AC080916C058111D9CF61E049
:10A550008AE999E50F942324D3CF4091490550917E
:10A560004A0560914B0570914C0500E010E020E732
:10A5700031E48BE992E0E0CF80917605869586956F
:10A5800083708130D1F058F0823009F0FFCE809195
:10A590006C058111B5CF61E086EC99E5DBCF609168
:10A5A00076056295617080916C058111A9CF82EB6F
:10A5B00099E50F9423248DE5A1CF80916C0581113D
:10A5C0009FCF61E08AEB99E5C5CF809176058695AE
:10A5D00086958370823008F0D9CE80917605869575
:10A5E000869583709091760592959695977061E027
:10A5F000813009F060E081E0923009F080E00F9452
:10A60000624DC4CE109276059FB7F89480910201F6
:10A610008B7F809302019FBF8091CA069091CB06E9
:10A62000892B39F48091100690E09093CB068093AB
:10A63000CA0682ED99E50E94F370A8CE0F944551A9
:10A640000E94D87E0E94D0700E94377F80E00C94D8
:10A65000945F60910E0E70910F0E65507109072E78
:10A66000000C880B990B0F9457B59B01AC016091BE
:10A67000080E7091090E80910A0E90910B0E0F94A6
:10A68000E6BC87FF07C080917605811103C00F9457
:10A690001E53DFCF0895CF92DF92EF92FF927C019D
:10A6A0000F9484219B01AC012E0D3F1D411D511DB6
:10A6B00069017A010F9484216C157D058E059F0533
:10A6C00038F480917605811103C00F941E53F2CFA8
:10A6D000FF90EF90DF90CF900895CF93DF9300D05D
:10A6E0001F92CDB7DEB79091FD0D8091FE0D9817AA
:10A6F00009F446C00F94455180913B02843038F0F4
:10A7000081E00E94B48980E00E94945FECCF1982BE
:10A710001A821B821C82AE014F5F5F4F6FE60F945F
:10A72000EF1D89819A81AB81BC819370AA27BB27D9
:10A73000409128045091290460912A0470912B04BF
:10A74000840F951FA61FB71F809328049093290498
:10A75000A0932A04B0932B048091240490912504A3
:10A76000A0912604B09127040196A11DB11D8093EC
:10A77000240490932504A0932604B0932704B3CF18
:10A780000F900F900F900F90DF91CF910895CF927F
:10A79000EF92FF920F931F9385E0C82E92E2E92E6D
:10A7A0009DE4F92E01E01DE32DEF3CE340E060E085
:10A7B00088E29DE40E94E8F4813029F40E94FA5373
:10A7C0000F946D53E9CF823051F460E070E0CB011B
:10A7D0001F910F91FF90EF90CF900C94CAF31F91AF
:10A7E0000F91FF90EF90CF9008952091EB12309150
:10A7F000EC12BC01C9018F5F9E4E0F94D0B89C0132
:10A800009093CB058093CA0581E0232B09F480E067
:10A81000089588E19EE00FB6F894A89580936000B3
:10A820000FBE909360009FB7F894809102018460FE
:10A83000809302019FBF0E94FE6044E558E461E0FE
:10A8400080E00E94A260FFCF6091FD0D9091FE0D0F
:10A8500030E020E08EE6961761F0899FF001112428
:10A86000E757F84F40815181240F351F9F5F9F703C
:10A87000F2CFC90108953091FD0D2091FE0D3217E0
:10A8800091F0E091FD0DE11101C0E0E1E1502EE613
:10A89000E29FF0011124E757F84F20813181820FA8
:10A8A000931F9183808308958F929F92AF92BF925E
:10A8B000CF92DF92EF92FF920F931F93CF93DF938C
:10A8C000C0916F02D09170028BE1E82E8EE0F82EDD
:10A8D0000DEA15E06E0180E1C80ED11C69917991F5
:10A8E00089919991F70181909190A190B1907F0108
:10A8F0000F9455B5A50194010F9496B50F9469BDB9
:10A90000F80161937193819391938F01CC15DD05CB
:10A9100029F7DF91CF911F910F91FF90EF90DF907A
:10A92000CF90BF90AF909F908F9008958091E40654
:10A9300081110EC08BE29EE09093720280937102AF
:10A940008BE39EE09093700280936F020D945454B9
:10A950008130E1F783EB9EE0909372028093710265
:10A9600083EC9EE0EFCFFC014081518162817381D5
:10A9700040933A0550933B0560933C0570933D0529
:10A980002091270E3091280E4091290E50912A0EC9
:10A9900060817181828193810F9496B50F942EBF4F
:10A9A000EBEFF6E064877587868797878FB7F89413
:10A9B000448555856685778540931707509318071A
:10A9C0006093190770931A078FBF0895FC014081A7
:10A9D00051816281738140933605509337056093AE
:10A9E0003805709339052091230E3091240E409143
:10A9F000250E5091260E60817181828193810F9482
:10AA000096B50F942EBF609303077093040780934D
:10AA10000507909306070D944C8F2F923F924F920B
:10AA20005F926F927F928F929F92AF92BF92CF92DE
:10AA3000DF92EF92FF920F931F93CF93DF93CDB7E7
:10AA4000DEB7C558D1090FB6F894DEBF0FBECDBF33
:10AA500069A37AA38BA39CA32DA33EA34FA358A7BE
:10AA6000A896ECAEFDAE0EAF1FAFA897AA96DFAECC
:10AA7000CEAEAA9789AA99AEADAEBDAAC556DF4F94
:10AA800008811981CB59D0408091FD0D8F5FA1962F
:10AA90008FAFA197803119F4A1961FAEA197809135
:10AAA000FE0DA1962FADA19782130FC00F944551B3
:10AAB00080E00E94B48980E00E94945F8091FE0D46
:10AAC000A1963FADA197831789F34091040EA296FA
:10AAD0004FAFA297442311F181E494E70E94CC6E1A
:10AAE00087E498E40E94F370CB57DF4F0FB6F894D9
:10AAF000DEBF0FBECDBFDF91CF911F910F91FF90B1
:10AB0000EF90DF90CF90BF90AF909F908F907F900D
:10AB10006F905F904F903F902F9008959091FD0D12
:10AB2000292E312C8EE6989FD0011124A496BFAF18
:10AB3000AEAFA497CD01835E984FFC01E95BFF4F58
:10AB4000108284599F4FFC0111821082011511055A
:10AB500011F40D94016080E1F801AB58B84F0190F9
:10AB60000D928A95E1F78EE6829D8001839D100DFE
:10AB70001124035E184FF801E859FF4FC356DF4F09
:10AB800088819981CD59D0409183808306591F4F88
:10AB90006091B9027091BA028091BB029091BC029F
:10ABA0000F9469BDD8016D937C938091190588231A
:10ABB000A9F0109207071092080710920907109247
:10ABC0000A0710923A0510923B0510923C0510922C
:10ABD0003D051092190581E080931805BE016B5D5B
:10ABE0007F4FCE0181960E94B15AC9A0DAA0EBA096
:10ABF000FCA020911B0E30911C0E40911D0E509117
:10AC00001E0EC701B6010F9496B50F942EBFC25801
:10AC1000DF4F688379838A839B83CE57D0408DA092
:10AC20009EA0AFA0B8A420911F0E3091200E40919D
:10AC3000210E5091220EC501B4010F9496B50F94C8
:10AC40002EBFCE57DF4F688379838A839B83C25898
:10AC5000D04080911B14882311F40D940860A50145
:10AC60009401C701B6010F94D9A8A8962CAD3DADAB
:10AC70004EAD5FADA8970F94F1BB2091230E30919C
:10AC8000240E4091250E5091260E0F9496B50F94E8
:10AC90002EBFE6966CAF7DAF8EAF9FAFE697AA96BC
:10ACA000EEADFFADAA9780809180A280B380209105
:10ACB000270E3091280E4091290E50912A0EC50181
:10ACC000B4010F9496B50F942EBFAE966CAF7DAFC6
:10ACD0008EAF9FAFAE978091070790910807A09124
:10ACE0000907B0910A07AE964CAC5DAC6EAC7FAC78
:10ACF000AE97481A590A6A0A7B0A8091FB0690911E
:10AD0000FC06A091FD06B091FE06C258DF4FC88038
:10AD1000D980EA80FB80CE57D040C81AD90AEA0A07
:10AD2000FB0A8091FF0690910007A0910107B09166
:10AD30000207CE57DF4F288139814A815B81C25893
:10AD4000D040281B390B4A0B5B0B29A73AA74BA70E
:10AD50005CA78091030790910407A0910507B0912B
:10AD60000607E6962CAD3DAD4EAD5FADE697281BD0
:10AD7000390B4A0B5B0B2DA73EA74FA758AB4114CD
:10AD800051046104710409F480C06091080E70914F
:10AD9000090E80910A0E90910B0E0F9462BD2091C6
:10ADA0006B0230916C02621773070CF5AE968CAD96
:10ADB0009DADAEADBFADAE978093070790930807EA
:10ADC000A0930907B0930A0780923A0590923B0539
:10ADD000A0923C05B0923D0581E494E70E94CC6EC0
:10ADE0008DE298E40E94F370412C512C3201C30192
:10ADF000B20177FE07C066277727CB016419750972
:10AE0000860997090F9457B54B015C0120E030EC9F
:10AE10004BEE53E46091270E7091280E8091290E1D
:10AE200090912A0E0F9496B59B01AC01C501B40117
:10AE30000F947ABE18164CF5AE962CAD3DAD4EADC6
:10AE40005FADAE972093070730930807409309073B
:10AE500050930A07AA96EEADFFADAA978081918123
:10AE6000A281B38180933A0590933B05A0933C0562
:10AE7000B0933D0581E494E70E94CC6E8FE098E4A6
:10AE80000E94F370412C512C32018EE6829DF0011C
:10AE9000839DF00D1124E35EF84FD701C601F7FE44
:10AEA00007C088279927DC018C199D09AE09BF09C5
:10AEB00080839183A283B3838EE6829DF001839D7C
:10AEC000F00D1124E35EF84F89A59AA5ABA5BCA5AA
:10AED000B7FF07C0B095A095909581959F4FAF4F54
:10AEE000BF4F84839583A683B7838EE6829DF0014E
:10AEF000839DF00D1124E35EF84F8DA59EA5AFA5AF
:10AF0000B8A9B7FF07C0B095A095909581959F4FC0
:10AF1000AF4FBF4F80879187A287B387B301A2014C
:10AF200077FE07C044275527BA0144195509660919
:10AF300077098EE6829DF001839DF00D1124E35E7A
:10AF4000F84F448755876687778700811181228172
:10AF5000338184819581A681B78180179107A207EB
:10AF6000B30714F4D901C801EEE6BE2EB29CF0017D
:10AF7000B39CF00D1124E35EF84F80849184A28489
:10AF8000B38488159905AA05BB0514F4D501C4013D
:10AF900084179507A607B70714F4DB01CA014EE62C
:10AFA000429DF001439DF00D1124E35EF84F808B2C
:10AFB000918BA28BB38B0697A105B1050CF494CDB0
:10AFC00080914104DF01AA5BBF4F8C93F7FE02C062
:10AFD0000D941860108E89A59AA5ABA5BCA5B7FFE6
:10AFE0000BC08EE6829DF001839DF00D1124E35E7F
:10AFF000F84F808D8260808F8DA59EA5AFA5B8A9E2
:10B00000B7FF0BC08EE6829DF001839DF00D1124E9
:10B01000E35EF84F808D8460808F77FE0BC08EE6F4
:10B02000829DF001839DF00D1124E35EF84F808D29
:10B030008860808F012B022B032B09F017988EE676
:10B04000829DF001839DF00D1124E35EF84F848111
:10B050009581A681B781892B8A2B8B2B09F01698B5
:10B060008EE6829DF001839DF00D1124E35EF84F82
:10B0700080859185A285B385892B8A2B8B2B09F03E
:10B0800015988EE6829DF001839DF00D1124E35EFC
:10B09000F84F84859585A685B785892B8A2B8B2BC0
:10B0A00009F014988EE6829DF001839DF00D112425
:10B0B000E35EF84F24853585468557852A962CAF63
:10B0C0003DAF4EAF5FAF2A97232B242B252B09F0E2
:10B0D000B3C7A090570EB090580E0091590E109122
:10B0E0005A0E29A939AD4DAD5DA9B501C8010F941E
:10B0F0007ABE181624F4A9AAB9AE0DAF1DABC701CC
:10B10000B6010F9457B520911B0E30911C0E409143
:10B110001D0E50911E0E0F94F0BC4B015C018982F4
:10B120009A82AB82BC8269A57AA58BA59CA50F9457
:10B1300057B520911F0E3091200E4091210E509155
:10B14000220E0F94F0BC6B017C01CD82DE82EF8277
:10B15000F8866DA57EA58FA598A90F9457B5209167
:10B16000230E3091240E4091250E5091260E0F94FF
:10B17000F0BC22966CAF7DAF8EAF9FAF22976987F0
:10B180007A878B879C87C301B2010F9457B52091B2
:10B19000270E3091280E4091290E50912A0E0F94BF
:10B1A000F0BC26966CAF7DAF8EAF9FAF26976D87B4
:10B1B0007E878F87988B8EE6829DF001839DF00DB0
:10B1C0001124E35EF84F80819181A281B3812E9694
:10B1D0008CAF9DAFAEAFBFAF2E970697A105B1055F
:10B1E0000CF033C784819581A681B7810697A105AC
:10B1F000B1050CF02AC780859185A285B385069795
:10B20000A105B1050CF021C726968CAD9DADAEAD64
:10B21000BFAD2697BF7785A796A7A7A7B0AB8EE649
:10B22000829DF001839DF00D1124E35EF84F45A44B
:10B2300056A467A470A8A301920160E070E080E8C2
:10B240009FE30F94F0BC29A939AD4DAD5DA90F94D2
:10B2500096B56B017C018091FD0D9091FE0D891BCF
:10B260008F708DAF8250863008F040C0A7019601E4
:10B2700060E074E284E799E40F94F0BC0F942EBF71
:10B280004B015C0180915B0E90915C0EA0915D0E74
:10B29000B0915E0E88169906AA06BB0638F5BC0169
:10B2A000CD01681979098A099B09660F771F881FE4
:10B2B000991FADAD2A2F30E050E040E00F943CBB29
:10B2C000CA01B9010F9455B50F9462BD680D791D7F
:10B2D0008A1D9B1D0F9455B59B01AC0160E074E283
:10B2E00084E799E40F94F0BC6B017C01A301920107
:10B2F000C701B6010F9496B56DAB7EAB8FAB98AF1F
:10B300008EE6829D8001839D100D1124035E184FEF
:10B310002DA93EA94FA958ADD80191962D933D93E3
:10B320004D935C93949750966D917D918D919C91E6
:10B3300053970F9455B569AF7AAF8BAF9CAF9B0114
:10B34000AC01C701B6010F9496B50F94CFBC0F9412
:10B3500069BD62966CAF7DAF8EAF9FAF6297F8010B
:10B3600066AB77AB80AF91AF9E012F5F3F4F6C967E
:10B370003FAF2EAF6C97AE014F5E5F4FA0965FAFB1
:10B380004EAFA09780917102909172029AAB89ABF7
:10B3900040966E969FAF8EAF6E9768965FAF4EAF3A
:10B3A000689719A61DA600E81FE36C96AEADBFAD69
:10B3B0006C972D913D914D915D916C96BFAFAEAF65
:10B3C0006C97C701B6010F9496B56896EEADFFADC8
:10B3D000689761937193819391936896FFAFEEAFF5
:10B3E00068974B015C01E894B7F8A9A9BAA92D9117
:10B3F0003D914D915D91BAABA9AB66962CAF3DAF37
:10B400004EAF5FAF6697C501B4010F947ABE1816B0
:10B41000B4F4A501940166966CAD7DAD8EAD9FAD83
:10B4200066970F94F0BC4B015C0129A53DA5A801CE
:10B430000F947ABE18161CF089A69DA685016E96FB
:10B44000EEADFFAD6E9729A93AA9E217F30709F00F
:10B45000ACCF20E030E040E85FE369A57DA5C801FE
:10B460000F94E6BC87FF50C0A096AEACBFACA097CF
:10B4700030E1A30EB11CA096CEACDFACA097D601F4
:10B480006D917D918D919D916D017D01B4E0EB1ADF
:10B49000F10829A53DA5A8010F9496B5F701608391
:10B4A000718382839383AC14BD0449F72EE6229DF9
:10B4B000C001239D900D11249C01235E384F79011A
:10B4C00029A53DA5A8016DA97EA98FA998AD0F94C6
:10B4D00096B5D70191966D937D938D939C93949798
:10B4E00062966CAD7DAD8EAD9FAD62970F9455B5F4
:10B4F00029A53DA5A8010F9496B50F9469BDF70144
:10B5000066AB77AB80AF91AFA301920169AD7AAD25
:10B510008BAD9CAD0F94F0BC69A77AA78BA79CA7B5
:10B520002E962CAD3DAD4EAD5FAD2E97232B242B2B
:10B53000252B09F0B9C58EE6829D8001839D100DF3
:10B540001124035E184FF80184819581A681B7818B
:10B55000892B8A2B8B2B09F0A7C580859185A28525
:10B56000B385892B8A2B8B2B09F09EC520914F0E1A
:10B570003091500E4091510E5091520E69A57AA50E
:10B580008BA59CA50F9496B50F94CFBC0F9469BD65
:10B590002B013C01F801E45BFF4F10826A961CAE60
:10B5A0001DAE1EAE1FAE6A978EE6829D8001839D02
:10B5B000100D1124035E184FF801EE5BFF4F40821F
:10B5C000518262827382C301B2010F9455B56B013F
:10B5D0007C0129A53AA54BA55CA50F94F0BCE29689
:10B5E0006CAF7DAF8EAF9FAFE297F80161AB72ABEE
:10B5F00083AB94AB2DEB37E346E051E4C701B601D2
:10B600000F9496B50F9469BDD80154966D937D93B0
:10B610008D939C9357979196BC912796BFAF279790
:10B62000F801F2A12B96FFAF2B97D8019396BC910E
:10B630002F96BFAF2F97F801F4A16396FFAF6397E2
:10B640002FE53EE0EE963FAF2EAFEE97A0964EACC4
:10B650005FACA09730E1430E511C0FE51EE0A096B1
:10B660006EAC7FACA09727964FAD279749A72B9636
:10B670005FAD2B975DA7B9ABF9AF1DAAD3018D9034
:10B680009D90AD90BD903D01E894B7F8F801C19050
:10B69000D190E190F1908F01A5019401C701B6010D
:10B6A0000F94E6BC87FF3AC0FDA9FF2309F47EC6CC
:10B6B00029A53DA549A959ADC501B4010F9496B579
:10B6C0004B015C01A701960127966FAD27972B963A
:10B6D0007FAD2B972F968FAD2F9763969FAD639776
:10B6E0000F9496B56B017C01AC019B01C501B401BF
:10B6F0000F947ABE181694F4A5019401C701B601FF
:10B700000F94F0BC9B01AC0169A57DA589A999ADF9
:10B710000F9496B569A77DA789AB99AF46145704D6
:10B7200009F0ACCF8EE6829DF001839DF00D1124CF
:10B73000E35EF84F15AA80911805882321F080E177
:10B7400085AB109218053DAD323008F48FC640919C
:10B750001A056B964FAF6B9750911B056D965FAFB7
:10B760006D9700911C0510911D0527E137EB41ED08
:10B7700058E36B966FAD6B976D967FAD6D97C80173
:10B780000F947ABE18160CF071C66B962FAD6B979E
:10B790006D963FAD6D97A80127966FAD27972B96B5
:10B7A0007FAD2B972F968FAD2F9763969FAD6397A5
:10B7B0000F94E6BC87FF01C66B962FAD6B976D9615
:10B7C0003FAD6D97A80127966FAD27972B967FAD5C
:10B7D0002B972F968FAD2F9763969FAD63970F94FE
:10B7E000F0BCEC966CAF7DAF8EAF9FAFEC97279619
:10B7F0008FAD27978DAF2B969FAD2B979DAB2F9637
:10B80000AFAD2F97AEAF6396BFAD63972396BFAF33
:10B8100023972EE135E0E8963FAF2EAFE897412C15
:10B82000512C30E8632E3FE3732EE896AEADBFADEA
:10B83000E8978D909D90AD90BD90E896BFAFAEAF6C
:10B84000E897A096EEADFFADA097C190D190E190A2
:10B85000F190A096FFAFEEAFA0976B962FAD6B97D0
:10B860006D963FAD6D97A80127966FAD27972B96E4
:10B870007FAD2B972F968FAD2F9763969FAD6397D4
:10B880000F94E6BC87FF0CC0EC962CAD3DAD4EADE1
:10B890005FADEC97C501B4010F9496B54B015C0107
:10B8A000A296FFADA297FF2381F0A3019201C501EB
:10B8B000B4010F9496B54B015C01A3019201C7013D
:10B8C000B6010F9496B56B017C01A7019601C501E5
:10B8D000B4010F947ABE20E030E0A90118160CF0F4
:10B8E000A3C5C701B6010F947ABE18164CF020E02C
:10B8F00030E0A901C501B4010F94E6BC87FF85C5FE
:10B90000A7019601C501B4010F94F0BB6B017C0146
:10B91000EE96AEADBFADEE978D909D90AD90BD9083
:10B92000EE96BFAFAEAFEE97A5019401C701B60189
:10B930000F947ABE181694F4A7019601C501B401BC
:10B940000F94F0BC9B01AC01C301B2010F9496B5FA
:10B950002B013C01B1E0A296BFAFA297EEE2F5E069
:10B96000E8962EAD3FADE897E217F30709F05DCFFB
:10B97000A2963FADA297332381F0A30192016DAD52
:10B980007DA98EAD23969FAD23970F9496B56DAF8D
:10B990007DAB8EAF23969FAF239724EA30E74DE728
:10B9A0005FE36DAD7DA98EAD23969FAD23970F9478
:10B9B00096B56B017C01AC019B016091A90570916A
:10B9C000AA058091AB059091AC050F947ABE18162C
:10B9D000FCF429A53DA549A959ADC701B6010F94AD
:10B9E000E6BC87FF15C08EE6829DF001839DF00DB9
:10B9F0001124E35EF84F85A9846085AB49A54DAF5E
:10BA00005DA55DAB89A98EAF99AD23969FAF2397B6
:10BA10008EE6829D8001839D100D1124035E184FD8
:10BA20008DAD9DA9AEAD2396BFAD2397F80181A73B
:10BA300092A7A3A7B4A729A53DA549A959AD69A572
:10BA40007DA589A999AD0F9496B56B017C01E2960D
:10BA50006CAD7DAD8EAD9FADE29790589B01AC0172
:10BA60000F94F1BBD8019D962D913D914D915C9124
:10BA7000D0970F9496B59B01AC01C701B6010F9406
:10BA8000F0BB0F94BFBFD62EE72E8C012DAD3DA984
:10BA90004EAD23965FAD23970F947ABE181634F0FF
:10BAA000DDAEEDAA0EAF23961FAF23978EE6829DE3
:10BAB000F001839DF00D1124E35EF84F8DAD9DA93B
:10BAC000AEAD2396BFAD239785A396A3A7A3B0A73A
:10BAD000F5A82D2D3E2DA80127966FAD27972B9603
:10BAE0007FAD2B972F968FAD2F9763969FAD639762
:10BAF0000F94E6BC18160CF4CFC483E09EE6929D2A
:10BB00008001939D100D1124035E184FF82AF8014F
:10BB1000F5AA80E1FE017196AEE1B5E001900D92CB
:10BB20008A95E1F727968FAD27972B969FAD2B9798
:10BB30002F96AFAD2F976396BFAD639780931A058D
:10BB400090931B05A0931C05B0931D0589A59DA589
:10BB5000A9A9B9AD8093A9059093AA05A093AB05B7
:10BB6000B093AC05D801D6966D917D918D919C9145
:10BB7000D9970F9455B527962FAD27972B963FADA4
:10BB80002B972F964FAD2F9763965FAD63970F94CA
:10BB9000F0BC2B013C01F801E85BFF4F4082518271
:10BBA0006282738234968081882309F489C020914F
:10BBB000C4053091C5054091C6055091C7056A96E8
:10BBC0006CAD7DAD8EAD9FAD6A970F9496B54B0170
:10BBD0005C01C090270ED090280EE090290EF090C6
:10BBE0002A0E0C5A1F4FA70196010F9496B5A30178
:10BBF00092010F94F0BCF801608371838283938378
:10BC000020E030E0A9016A966CAD7DAD8EAD9FADB0
:10BC10006A970F947ABE18160CF040C4A5019401DF
:10BC2000E2966CAD7DAD8EAD9FADE2970F9496B56B
:10BC3000A70196010F9496B56B017C0120E030E4DA
:10BC40004CE157E40F947ABE18163CF4C12C20E462
:10BC5000D22E2CE1E22E27E4F22EA701960160E01D
:10BC600074E284EF99E40F94F0BC4B015C0120E096
:10BC700030E44CE956E4C701B6010F947ABE1816B9
:10BC80000CF017C48EE6829D8001839D100D112457
:10BC9000035E184F7801FDE4EF0EF11C20E030E068
:10BCA00040E850E4C501B4010F9496B50F9469BD06
:10BCB000D7016D937C93F801ED5AFF4F84E08083A8
:10BCC00009A51DA529A939AD4DAD5DA96EAD239678
:10BCD0007FAD2397A4968EAD9FADA497835E984FBA
:10BCE0000E94C2488EE6829DF001839DF00D1124D2
:10BCF000E35EF84F80899189A289B38981159048C4
:10BD0000A105B10518F485A9886085AB8FB7F894B3
:10BD10009091040E911193C4A1963FADA1973093D9
:10BD2000FD0D8FBFC258DF4F88819981AA81BB81E9
:10BD3000CE57D0408093FB069093FC06A093FD065F
:10BD4000B093FE06CE57DF4F288139814A815B814F
:10BD5000C258D0402093FF0630930007409301075C
:10BD600050930207E6968CAD9DADAEADBFADE697A4
:10BD70008093030790930407A0930507B0930607E9
:10BD8000AE962CAD3DAD4EAD5FADAE97209307079F
:10BD9000309308074093090750930A0789A19AA195
:10BDA000ABA1BCA180932E0590932F05A0933005E5
:10BDB000B09331058DA19EA1AFA1B8A580933205A6
:10BDC00090933305A0933405B0933505A8968CADB8
:10BDD0009DADAEADBFADA897809336059093370566
:10BDE000A0933805B0933905AA96EEADFFADAA979A
:10BDF00080819181A281B38180933A0590933B0524
:10BE0000A0933C05B0933D05F090FE0D8091FD0D93
:10BE10008F198F70833040F11091FD0D111101C009
:10BE200010E11150FEE61F9FC00111249C01235E0A
:10BE3000384F5901111101C010E111503EE6139F16
:10BE4000C0011124AC01435E584F6A019EE6692E81
:10BE5000F11669F0D601D5960C9102FF7EC3809150
:10BE6000FD0D811B8F70F12E823008F4A3C03EE6D9
:10BE7000F39EC0011124AC01435E584F5A01F39464
:10BE800050E1F51201C0F12CAEE6FA9EC00111247A
:10BE9000FC01E35EF84F6F018EE6882ED501D59642
:10BEA0008C91D59781FD5AC095964D905D906D907F
:10BEB0007C909897F60195A0E6A007A110A5292DE2
:10BEC0003E2DA801C301B2010F94E6BC87FF46C016
:10BED000A3019201C301B2010F9496B52B013C015D
:10BEE000D501D1966D917D918D919C91D49790586B
:10BEF0009B01AC010F94F1BBF50125A536A547A523
:10BF000050A90F9496B59B01AC01C301B2010F94E7
:10BF1000F0BB0F94BFBF2B013C019B01AC01692D0D
:10BF20007E2DC8010F94E6BC87FF03C0492C5E2C10
:10BF300038019201A301692D7E2DC8010F94E6BC42
:10BF4000882361F0D601D5962C91C201D301F60168
:10BF500085A396A3A7A3B0A7216025ABD501D5964D
:10BF60008C91D597F60195A9892B80FF14C005A166
:10BF700016A127A130A595964D915D916D917C916B
:10BF80009897C5010E94C248D501D5968C91D59746
:10BF90008E7FD5968C93F394B0E1FB1201C0F12C07
:10BFA000F89CC0011124835E984F2091FD0D56012D
:10BFB000F21243C38091FD0D811101C080E18150D7
:10BFC000EEE68E9FC00111249C01235E384F79015B
:10BFD000D90195964D915D916D917C91989709A5A8
:10BFE0001DA529A939ADC7010E94C248F70185A93D
:10BFF0008E7F85AB80916F00826080936F000D947F
:10C000007455AB58B84F80E1EAEEF6E00D94AF55A9
:10C010002091230E3091240E4091250E5091260E32
:10C02000A8966CAD7DAD8EAD9FADA8970D9445568D
:10C0300081E0808F0D94EB57A090530EB090540E7A
:10C040000091550E1091560E4CC8C501B4010F94C5
:10C0500092B54B015C01C701B6010F9492B59B01EB
:10C06000AC01C501B4010F94F1BB6B017C012296B8
:10C070006CAD7DAD8EAD9FAD22970F9492B59B01B7
:10C08000AC01C701B6010F94F1BB0F94BFBF2EE600
:10C09000229DF001239DF00D1124E35EF84F65A76A
:10C0A00076A787A790ABBBC82A962CAD3DAD4EAD09
:10C0B0005FAD2A97232B242B252B09F40EC1609109
:10C0C0004B0E70914C0E80914D0E90914E0E29A505
:10C0D0003AA54BA55CA50F9496B50F94CFBC0F94D1
:10C0E00069BD2B013C018091C4059091C505A091CB
:10C0F000C605B091C7058DA79EA7AFA7B8AB20E036
:10C1000030E0A901BC01CD010F947ABE18160CF0E5
:10C11000EDC020E030E0A90126966CAD7DAD8EAD7E
:10C120009FAD26970F947ABE87FDE0C022966CAD36
:10C130007DAD8EAD9FAD22979F7720E030E040E04F
:10C140005FE30F94E6BC87FFD1C08EE6829D80013D
:10C15000839D100D11240759184F81E0D8018C934D
:10C1600020912E0530912F054091300550913105D9
:10C1700069A17AA18BA19CA10F94F0BB69AB7AABAA
:10C180008BAB9CAB20913205309133054091340547
:10C19000509135056DA17EA18FA198A50F94F0BB9C
:10C1A0004B015C01209136053091370540913805EF
:10C1B00050913905A8966CAD7DAD8EAD9FADA89719
:10C1C0000F94F0BB6B017C0129A93AA94BA95CA98A
:10C1D000CA01B9010F9496B569AB7AAB8BAB9CAB36
:10C1E000A5019401C501B4010F9496B59B01AC0162
:10C1F00069A97AA98BA99CA90F94F1BB4B015C0199
:10C20000A7019601C701B6010F9496B59B01AC0139
:10C21000C501B4010F94F1BB0F94BFBF6B017C014A
:10C2200020913A0530913B0540913C0550913D05E8
:10C23000AA96EEADFFADAA9760817181828193814C
:10C240000F94F0BBA70196010F94F0BC6A966CAFF7
:10C250007DAF8EAF9FAF6A9720E030E040E450E4BE
:10C260000F947ABE18160CF49EC020E030E0A901AD
:10C270006A966CAD7DAD8EAD9FAD6A970F947ABE18
:10C2800018160CF042C06A962CAD3DAD4EAD5FADB8
:10C290006A976DA57EA58FA598A90F9496B59B0169
:10C2A000AC0160916B0E70916C0E80916D0E90914F
:10C2B0006E0E0F94F0BC29A53AA54BA55CA50F9472
:10C2C00096B50F94CFBC0F9469BD641575058605AE
:10C2D0009705D8F42B013C0118C06091D70E7091DE
:10C2E000D80E8091D90E9091DA0EF1CE8EE6829D15
:10C2F000F001839DF00D1124E759F84F10826A96E2
:10C300001CAE1DAE1EAE1FAE6A9710E000E0A496F4
:10C31000EEADFFADA497E00FF11FE35EF84FC080D4
:10C32000D180E280F380C114D104E104F104A1F1D1
:10C33000F801E355FA4F6081718182819381641520
:10C3400075058605970540F50F9455B529AD3AADAD
:10C350004BAD5CAD0F9496B54B015C01C701B601C6
:10C360000F9457B59B01AC01C501B4010F94F0BC0B
:10C370006B017C01C301B2010F9455B59B01AC0167
:10C38000C701B6010F94E6BC87FF06C0C701B6011E
:10C390000F9469BD2B013C010C5F1F4F003111054B
:10C3A00009F0B5CF01C9D8011C92AFCFC9A6DDA64F
:10C3B000E9AAF9AE21E02DABB1C927962FAD279799
:10C3C0002B963FAD2B972F964FAD2F9763965FAD72
:10C3D00063976B966FAD6B976D967FAD6D97C80148
:10C3E0000F94F0BCEC966CAF7DAF8EAF9FAFEC9727
:10C3F0006B96EFAD6B97EDAF6D96FFAD6D97FDABA7
:10C400000EAF23961FAF239704CAF7FAF094F7F8FC
:10C41000F094A5019401C701B6010F94E6BC87FF13
:10C4200077CA7501640174CAC701B6010F94E6BCEE
:10C4300087FD09C020E030E0A901C501B4010F94D7
:10C440007ABE18162CF4A5019401C701B6015CCA86
:10C45000B7FAB094B7F8B094A7019601C501B4013A
:10C460000F947ABE18160CF053CADBCF8EE6829D6D
:10C47000F001839DF00D1124E35EF84F85A98460DF
:10C4800085ABA9A5ADAFBDA5BDABE9A9EEAFF9AD33
:10C490002396FFAF2397BCCA81E030CB20916B0E6F
:10C4A00030916C0E40916D0E50916E0EC701B60129
:10C4B000C1CB20E030E44CE156E4C701B6010F9453
:10C4C0007ABE1816D4F48EE6829D8001839D100DED
:10C4D0001124035E184F7801BDE4EB0EF11CA50199
:10C4E0009401C501B4010F94F1BB0F9469BDF7012C
:10C4F00071836083369682E0E2CB20E03FEF4FE726
:10C5000057E4C501B4010F94E6BC87FF19C08EE65D
:10C51000829D8001839D100D11240659184FC5017D
:10C52000B4010F9469BDD8016D937C938EE6829D12
:10C53000F001839DF00D1124E059F84F81E0BFCB4D
:10C540008EE6829DF001839DF00D1124E659F84F8F
:10C550008FEF9FEF91838083E9CFF60171A482A4CE
:10C5600093A4E4A4272D382D492D5E2D65A176A135
:10C5700087A190A50F94E6BC882309F451C001FD62
:10C5800044C0D50195962D903D904D905C90989724
:10C59000A2019101672D782D892D9E2D0F94E6BC67
:10C5A00018169CF5A2019101C201B1010F9496B534
:10C5B0001B012C01F60161A972A983A994A99058C5
:10C5C0009B01AC010F94F1BBD6019D962D913D913D
:10C5D0004D915C91D0970F9496B59B01AC01C2012F
:10C5E000B1010F94F0BB0F94BFBF2B015C019B0105
:10C5F000AC01672D782D892D9E2D0F94E6BC87FD0B
:10C6000004C0742C852C9A2CEB2C872D982DA92DE9
:10C61000BE2DF60185A396A3A7A3B0A7016005AB25
:10C62000111101C010E11150169DC00111245601D5
:10C630009C01235E384F69010BCC6C012FCC8FBF5E
:10C640000D9474554F925F926F927F928F929F924A
:10C65000AF92BF92CF92DF92EF92FF92CF93DF9390
:10C66000CDB7DEB72C970FB6F894DEBF0FBECDBFA7
:10C67000C090F206D090F306E090F406F090F50634
:10C680008091EE069091EF06A091F006B091F10630
:10C690004091EA065091EB066091EC067091ED0630
:10C6A0004D835E836F83788789839A83AB83BC8352
:10C6B000BE016F5F7F4FCE0105960E94B15A4D803B
:10C6C0005E806F80788420911B0E30911C0E40910B
:10C6D0001D0E50911E0EC301B2010F9496B50F941A
:10C6E0002EBF6093FB067093FC068093FD0690932B
:10C6F000FE0689809A80AB80BC8020911F0E30910D
:10C70000200E4091210E5091220EC501B4010F94CC
:10C7100096B50F942EBF6093FF0670930007809329
:10C7200001079093020780911B14882309F48CC0A1
:10C73000A5019401C301B2010F94D9A89B01AC01DA
:10C74000C701B6010F94F1BB2091230E3091240E46
:10C750004091250E5091260E0F9496B50F942EBF42
:10C76000609303077093040780930507909306076F
:10C770008091F6069091F706A091F806B091F9061F
:10C7800089879A87AB87BC872091270E3091280E26
:10C790004091290E50912A0EBC01CD010F9496B5FF
:10C7A0000F942EBF609307077093080780930907C3
:10C7B00090930A0740922E0550922F056092300503
:10C7C000709231058092320590923305A092340523
:10C7D000B0923505C0923605D0923705E092380503
:10C7E000F092390589859A85AB85BC8580933A0599
:10C7F00090933B05A0933C05B0933D050F944C8F5F
:10C8000010921A0510921B0510921C0510921D051E
:10C81000EEE1F5E080E1DF011D928A95E9F72C96C3
:10C820000FB6F894DEBF0FBECDBFDF91CF91FF9062
:10C83000EF90DF90CF90BF90AF909F908F907F90C0
:10C840006F905F904F9008952091230E3091240EA9
:10C850004091250E5091260EC701B6017DCF4F9213
:10C860005F926F927F928F929F92AF92BF92CF9280
:10C87000DF92EF92FF920F931F93CF93DF931F925C
:10C880001F92CDB7DEB7A82E8EEF9AE40E9460EE1D
:10C890001092EA061092EB061092EC061092ED064A
:10C8A0001092EE061092EF061092F0061092F1062A
:10C8B0009EEAE92E9DE0F92ED12CC12C27E0B22E64
:10C8C0008C2D6B2D0F9484BB082F992E42E050E0E5
:10C8D000B701CE0101960F94B9BA69817A816115C9
:10C8E000710511F0DD24D3942B2D02038001112456
:10C8F000090D111D97FC1A95000F111F000F111F34
:10C90000055E1B4E072E000C880B990B0F9457B534
:10C910002FE632E143E85AE30F9496B5F8016183BC
:10C92000728383839483F2E0EF0EF11CC39421E3BE
:10C93000C212C6CF8AED9EE00F94D1BA6093F20680
:10C940007093F3068093F4069093F5068EE69FE0CD
:10C950000F94D1BA6093F6067093F7068093F806A9
:10C960009093F9060E948E500E9434718AEE96E0F0
:10C970000E94B75C0E94A2570F9422638BEE99E449
:10C980000E94CC6E8091F5068F938091F4068F9370
:10C990008091F3068F938091F2068F938091F10638
:10C9A0008F938091F0068F938091EF068F93809103
:10C9B000EE068F938091ED068F938091EC068F9316
:10C9C0008091EB068F938091EA068F938CE898E430
:10C9D0009F938F930F948BB981E08093E90615980C
:10C9E00088ED9EE00F94D7BA90930F0E80930E0EB1
:10C9F0008BE89FE00F94C9BA90E09093CB068093A8
:10CA0000CA0688EE9EE00F94D1BA609393027093A9
:10CA1000940280939502909396028EED9EE00F947F
:10CA2000D7BA9093BE028093BD0240E150E067E325
:10CA30007DE083E892E00F94B9BA8CE69FE00F9412
:10CA4000D7BA9093C9058093C8058CE29DE00F94F6
:10CA5000D1BA6093C4057093C5058093C6059093C1
:10CA6000C7058DE79CE00F94D7BA90936C02809332
:10CA70006B0240E150E06DE67CE08BE39EE00F94BA
:10CA8000B9BA40E150E06DE57CE083EC9EE00F94A4
:10CA9000B9BA40E150E06DE47CE08BE29EE00F9497
:10CAA000B9BA40E150E06DE37CE083EB9EE00F9487
:10CAB000B9BA89E39CE00F94D1BA6093530E709396
:10CAC000540E8093550E9093560E85E39CE00F9480
:10CAD000D1BA6093570E7093580E8093590E90936D
:10CAE0005A0E81E39CE00F94D1BA60935B0E709371
:10CAF0005C0E80935D0E90935E0E40E150E061E22B
:10CB00007CE08FE59EE00F94B9BA8FE79CE00F942C
:10CB1000C9BA0FB6F894DEBF0FBECDBF8130B1F4F5
:10CB200020E030E040EA51E46091F2067091F306B3
:10CB30008091F4069091F5060F94F1BB6093F20694
:10CB40007093F3068093F4069093F5068FE79CE0CC
:10CB50000F94C9BA811123C020E030E040EA51E4CB
:10CB60006091F2067091F3068091F4069091F506BB
:10CB70000F94F1BB9F938F937F936F9380EF9AE411
:10CB80009F938F930E94BB8761E08FE79CE00F9497
:10CB9000EDBA0F900F900F900F900F900F9061E0F3
:10CBA00088EE9AE40E94ED8680910F0E8F9380911B
:10CBB0000E0E8F938FED9AE49F938F930E94BB8705
:10CBC0008091CB068F938091CA068F9386ED9AE46D
:10CBD0009F938F930E94BB878CE89FE00F94C9BA04
:10CBE0000FB6F894DEBF0FBECDBF811110C080918B
:10CBF0000F0E8F9380910E0E8F938DEC9AE49F937E
:10CC00008F930E94BB870F900F900F900F9061E061
:10CC100080E49DE20E94ED86A11017C061E082ECE5
:10CC20009AE40E94ED868FE38F9380E88F931F92A2
:10CC30001F9287EE98E49F938F930E94BB870F907B
:10CC40000F900F900F900F900F9081ED98E40F943C
:10CC5000B2B90E94BF6F88E89FE00F94C9BA882ECE
:10CC600089E89FE00F94D7BA8C0185E39DE00F948B
:10CC7000D7BAF82EE92E88EB9AE40E94CC6EB80160
:10CC8000012E000C880B990B0E94326E88EA9AE400
:10CC90000E94CC6E8F2D9E2D0F942B7D80916A0269
:10CCA000811102C00E94E0878DE99FE00F94D1BA04
:10CCB000C62EB72EA82E992E81EA9FE00F94D1BAE6
:10CCC000762E672E582E492E20E030E040E85FEBAC
:10CCD0006C2D7B2D8A2D992D0F94E6BC882399F01D
:10CCE0004F925F926F927F929F92AF92BF92CF923C
:10CCF00081E99AE49F938F930E94BB870FB6F894C3
:10CD0000DEBF0FBECDBFDD2029F061E084E89AE4EC
:10CD10000E94ED868DE89FE00F94D1BA9F938F9388
:10CD20007F936F938AE79AE49F938F930E94BB87C8
:10CD300081E19DE00F94D1BAD62EC72EB82EA92E30
:10CD40008DE09DE00F94D1BA962E772E682E592E45
:10CD500089E09DE00F94D1BA9F938F937F936F9357
:10CD60005F926F927F929F92AF92BF92CF92DF922B
:10CD700080E69AE49F938F930E94BB878FE38F9303
:10CD800080E88F931F921F9287EE98E49F938F9372
:10CD90000E94BB878EE69FE00F94D1BA9F938F933A
:10CDA0007F936F9385E59AE49F938F930E94BB874F
:10CDB0000FB6F894DEBF0FBECDBF82E79FE00F94A1
:10CDC000C9BA882329F061E081E59AE40E94ED86E2
:10CDD0001F930F938AE49AE49F938F930E94BB87DB
:10CDE000EF92FF9283EB98E49F938F930E94BB870F
:10CDF0001F928F9281E49AE49F938F930E94BB8746
:10CE000081E99FE00F94D1BA20916A020FB6F8949D
:10CE1000DEBF0FBECDBF211133C09F938F937F9391
:10CE20006F9388E39AE49F938F930E94BB870F9040
:10CE30000F900F900F900F900F9061E088E29AE4AE
:10CE40000E94ED8661E08DE19AE40E94ED868CEB14
:10CE500098E40F94B2B90E94BF6F0F900F90DF91CA
:10CE6000CF911F910F91FF90EF90DF90CF90BF90E7
:10CE7000AF909F908F907F906F905F904F900895AC
:10CE80002130D9F69F938F937F936F938EE29AE42C
:10CE9000CACF8F929F92AF92BF92CF92DF92EF92C2
:10CEA000FF920F931F934B015C01ECECF6E0E084E2
:10CEB000F184028513852481358146815781608103
:10CEC0007181828193811F921F921F921F92E8EDC0
:10CED000CE2EE6E0DE2E0F940D550F900F900F90A2
:10CEE0000F901F910F91FF90EF90DF90CF90BF9028
:10CEF000AF909F908F9008958F929F92AF92BF9224
:10CF0000CF92DF92EF92FF920F931F934B015C0140
:10CF1000EAEEF6E0E084F184028513852481358110
:10CF20004681578160817181828193811F921F9216
:10CF30001F921F92E6EFCE2EE6E0DE2E0F940D55E7
:10CF40000F900F900F900F901F910F91FF90EF9007
:10CF5000DF90CF90BF90AF909F908F900895809179
:10CF60006F008D7F80936F000E94AC5781E08093AB
:10CF7000040E80916F008D7F80936F009091FD0D66
:10CF80008091FE0D981769F09091FD0D8091FE0D36
:10CF90009817A1F38091FE0D8F5F8F708093FE0D27
:10CFA000EDCF10920406109203068FEF9FEF90933F
:10CFB00045058093440510924105109240050F9459
:10CFC000E23180916F00826080936F0010921A05A9
:10CFD00010921B0510921C0510921D05EEE1F5E064
:10CFE00080E1DF011D928A95E9F7109219051092F0
:10CFF000180508951F920F920FB60F9211240BB6C9
:10D000000F928F929F92AF92BF92CF92DF92EF9248
:10D01000FF920F931F932F933F934F935F936F93C1
:10D020007F938F939F93AF93BF93CF93DF93EF93B0
:10D03000FF93EC9880EE96E40E94F37085EA9FE0FF
:10D040000F94C9BA182F8111DEC20E945D57882340
:10D0500009F4A9C30F9484216B017C01C091010ED6
:10D06000CC2331F0C1E080916A02823009F4C0E043
:10D07000D091000ED11102C0D091FF0D10924F023D
:10D08000109260040E940B89179A1092E706169A74
:10D090001092E80664E183E692E00E947A5764E128
:10D0A00083E692E00E94825750E040E06091520592
:10D0B00082E00F948D1E64E186E692E00E947A572A
:10D0C00064E186E692E00E94825750E040E0609181
:10D0D000530583E00F948D1EC1111BC08091FA0689
:10D0E000811117C08091CA068093100680910E0EA0
:10D0F00090910F0E90930F0680930E0680913F043F
:10D1000083FB882780F98093C30580914104809335
:10D110000D060F943E27C11104C00E94A1540E9425
:10D12000575400911B1410921B140F94AF67C11138
:10D130001BC08091FA06811117C080E1EAEEF6E08B
:10D14000A3E7B2E001900D928A95E1F7DD2361F04B
:10D1500080E090E0A0E8BFEB8093730290937402AC
:10D16000A0937502B093760280907B0290907C022F
:10D17000A0907D02B0907E020023D1F02091770232
:10D18000309178024091790250917A026091730255
:10D190007091740280917502909176020F94D9A8D3
:10D1A0009B01AC01C501B4010F94F0BB4B015C01C4
:10D1B000B501A4018DE89FE00F94FFBA40917F0272
:10D1C0005091800260918102709182028EE69FE010
:10D1D0000F94FFBA6091C305C1E06C2782E79FE01E
:10D1E0000F94EDBA0E94757E1092E914C093010E5F
:10D1F0001092040E789420E030E040E85FE3609104
:10D20000F6067091F7068091F8069091F9060F9452
:10D21000F0BB6093F6067093F7068093F806909340
:10D22000F90660E070E08EEB92E40F947C670F9457
:10D230006D53149A80915205C0E0D1E002C0D6959A
:10D24000C7958A95E2F782E00F94731E60E074E060
:10D25000681B790B90E080E00F9455B54B015C01A1
:10D26000BE0190E080E00F9455B52091230E3091DF
:10D27000240E4091250E5091260E0F9496B59B01D9
:10D28000AC01C501B4010F94F0BC2AE037ED43E2D4
:10D290005FE30F94F1BB2091F2063091F3064091C9
:10D2A000F4065091F5060F94F1BB6093F20670936B
:10D2B000F3068093F4069093F50665E575E585E53C
:10D2C00091E40F947C670F946D534091BF0550918A
:10D2D000C0056091C1057091C20581E99FE00F947E
:10D2E000FFBACEEADDE097E0B92E70E060E00023FF
:10D2F00019F1812F6B2D0F9478BBB89EF00111248A
:10D30000E90FF11DEE0FFF1FEE0FFF1FE55EFB4E55
:10D3100020E030E04AE754E46181728183819481A6
:10D320000F9496B520E030E040E05FE30F94F1BB4E
:10D330000F9498BD0F9462BDCE010F940BBB1F5F7D
:10D340002296113391F64091F2065091F3066091C6
:10D35000F4067091F5068AED9EE00F94FFBA4091B5
:10D3600073025091740260917502709176028DE99A
:10D370009FE00F94FFBA409177025091780260913C
:10D38000790270917A0281EA9FE00F94FFBA60916E
:10D39000BD057091BE0589E89FE00F940BBB6091BD
:10D3A000390270913A0285E39DE00F940BBB6091C6
:10D3B0000E0670910F0688ED9EE00F940BBB6091F6
:10D3C00010068BE89FE00F94EDBA60910D0688E897
:10D3D0009FE00F94EDBA40919302509194026091B6
:10D3E00095027091960288EE9EE00F94FFBA6091CC
:10D3F000BD027091BE028EED9EE00F940BBB40917A
:10D400004B0E50914C0E60914D0E70914E0E81E17D
:10D410009DE00F94FFBA40914F0E5091500E6091D5
:10D42000510E7091520E8DE09DE00F94FFBA409125
:10D43000D70E5091D80E6091D90E7091DA0E89E016
:10D440009DE00F94FFBA40E150E067E37DE083E8A0
:10D4500092E00F94DDBA6091C8057091C9058CE621
:10D460009FE00F940BBB60916A028CE89FE00F94E1
:10D47000EDBA4091C4055091C5056091C605709103
:10D48000C7058CE29DE00F94FFBA60916B0270912A
:10D490006C028DE79CE00F940BBB40E150E06DE621
:10D4A0007CE08BE39EE00F94DDBA40E150E06DE557
:10D4B0007CE083EC9EE00F94DDBA40E150E06DE447
:10D4C0007CE08BE29EE00F94DDBA40E150E06DE33A
:10D4D0007CE083EB9EE00F94DDBA4091530E5091B7
:10D4E000540E6091550E7091560E89E39CE00F9496
:10D4F000FFBA4091570E5091580E6091590E70919D
:10D500005A0E85E39CE00F94FFBA40915B0E509158
:10D510005C0E60915D0E70915E0E81E39CE00F9455
:10D52000FFBA40E150E061E27CE08FE59EE00F94BD
:10D53000DDBA80913E04882329F061E08FE79CE00A
:10D540000F94EDBA61E085EA9FE00F94EDBA84E6AE
:10D550009FE00E94A26C8FEF9EE00E94956C0F945A
:10D560008421DC01CB018C199D09AE09BF09BF9351
:10D57000AF939F938F9389E698E49F938F930F9433
:10D580008BB99FB7F8948091020184608093020167
:10D590009FBF15980F900F900F900F900F900F90C6
:10D5A00020E030E04FEF52E46091EA067091EB0624
:10D5B0008091EC069091ED060F94E6BC87FD1FC0AC
:10D5C00080E090E0AFE7B3E48093EA069093EB0647
:10D5D000A093EC06B093ED0660E070E08AEF93E470
:10D5E0000F947C670F946D5388E19EE00FB6F8941A
:10D5F000A895809360000FBE90936000FFCF80E0FD
:10D6000090E0DC01E1CF0F9484216B017C01179A3B
:10D610001092E706169A1092E806149A64E183E6DF
:10D6200092E00E947A5764E183E692E00E9482577A
:10D6300050E040E06091520582E00F948D1E0F94FF
:10D640003E2710921B140F94AF678090F2069090C3
:10D65000F306A090F406B090F5068AED9EE00F94D4
:10D66000D1BA9B01AC01C501B4010F94F0BB4B01D1
:10D670005C01E894B7F82091230E3091240E40917C
:10D68000250E5091260E60E070E080E89FE30F9435
:10D69000F0BC9B01AC01C501B4010F947ABE87FDBB
:10D6A00061C00E94757E1092E91481E08093010EA2
:10D6B0001092040E789480915205C0E0D1E002C02F
:10D6C000D695C7958A95E2F782E00F94731E60E0C5
:10D6D00074E0681B790B90E080E00F9455B54B0126
:10D6E0005C01BE0190E080E00F9455B52091230EBF
:10D6F0003091240E4091250E5091260E0F9496B530
:10D700009B01AC01C501B4010F94F0BC2AE037EDD8
:10D7100043E25EE30F94F1BB2091F2063091F306F1
:10D720004091F4065091F5060F94F1BB6093F20618
:10D730007093F3068093F4069093F50665E575E51E
:10D7400085E591E40F947C670F946D534091F20648
:10D750005091F3066091F4067091F5068AED9EE013
:10D760000F94FFBA62E085EA9FE00F94EDBA84E679
:10D770009FE00E94A26C8FEF9EE00E94956C0F9438
:10D780008421DC01CB018C199D09AE09BF09BF932F
:10D79000AF939F938F9388E798E49F938F930F9411
:10D7A0008BB90F940954FF91EF91DF91CF91BF9105
:10D7B000AF919F918F917F916F915F914F913F9129
:10D7C0002F911F910F91FF90EF90DF90CF90BF901E
:10D7D000AF909F908F900F900BBE0F900FBE0F9049
:10D7E0001F9018952F923F924F925F926F927F9267
:10D7F0008F929F92AF92BF92CF92DF92EF92FF9261
:10D800000F931F93CF93DF93CDB7DEB7C254D109E7
:10D810000FB6F894DEBF0FBECDBF4C015B016A01AD
:10D82000322E19821C821C8E1F8E672B21F510E070
:10D83000CE014C960E94B36DCE0101960E94B36D4D
:10D84000812FCE5BDF4F0FB6F894DEBF0FBECDBF8A
:10D85000DF91CF911F910F91FF90EF90DF90CF90CC
:10D86000BF90AF909F908F907F906F905F904F9000
:10D870003F902F900895FC0183818111D8CFFA0148
:10D8800080818F32C1F4CA016C010196F6012081BA
:10D890002F32D1F3F50183818250823060F0618DA7
:10D8A000728DCE014C960F943A438E01045E1F4F49
:10D8B000811102C0BCCF8501CE0101967C013C01E3
:10D8C0002E019CE1490E511C2396EFAE23972F2C7D
:10D8D000FE01F796CF010B96AF0120E22193E817E6
:10D8E000F907D9F7960190E067E0D9018D91882377
:10D8F00049F18F3239F1282F8E3239F46A3009F428
:10D9000096CF98E06AE09D01F0CFE2E4F0E5349133
:10D91000332321F031968313FACF89CF691708F4A6
:10D9200086CF3FED380F3E3508F081CF3FE9380F05
:10D930003A3110F420EE280FFA01E90FF11D20838F
:10D940009F5FE1CF8FA9803209F471CF6901F9019E
:10D9500080812F5F3F4F8F32C9F38823D9F021E0B8
:10D96000B801C7010F94A847882309F460CF0A15AE
:10D970001B0519F0C8010F94E145942D852D6E14F7
:10D980007F0421F023969FAD2397822D8701E92EF6
:10D99000F82E9ECF232DB801C4010F94A847182F4D
:10D9A00047CFE1E8F7E14081518162817381480FFF
:10D9B000591F611D711D40835183628373830895D4
:10D9C0002F923F924F925F926F927F928F929F928F
:10D9D000AF92BF92CF92DF92EF92FF920F931F937D
:10D9E000CF93DF9300D01F921F92CDB7DEB71C01FB
:10D9F0002A013B0100E210E019829981892F90E011
:10DA00009B838A83801791079CF5880F991F880F45
:10DA1000991F9D838C83820D931D9B838A83FC01B8
:10DA2000C080D180E280F3808C819D810496820D3C
:10DA3000931D9D838C83FC0180809180A280B380A4
:10DA4000A5019401C701B6010F947ABE181664F4BB
:10DA5000EA81FB8180829182A282B382EC81FD8186
:10DA6000C082D182E282F382F981FF5FF983C5CF60
:10DA70000150110908F6F101E05CFF4F208131816E
:10DA800042815381C301B2010F9496B56B017C01B1
:10DA900020E030E040E05FEB0F94E6BC87FD10C073
:10DAA00020E030E040E05FE3C701B6010F94E6BC40
:10DAB00018165CF4C12CD12CE12C8FE3F82E05C094
:10DAC000C12CD12CE12C9FEBF92EC701B6010F9090
:10DAD0000F900F900F900F90DF91CF911F910F91AA
:10DAE000FF90EF90DF90CF90BF90AF909F908F907E
:10DAF0007F906F905F904F903F902F9008950F947C
:10DB000084216093B3137093B4138093B5139093EF
:10DB1000B61308958091F913882369F08091F81362
:10DB2000882349F088EC93E70E94F3708091F81302
:10DB300081508093F81308959F92AF92BF92CF9235
:10DB4000DF92EF92FF920F931F93CF93DF93CDB7A6
:10DB5000DEB7E0970FB6F894DEBF0FBECDBF8C01E5
:10DB6000E090E113FE01319621E030E05F01F12CFD
:10DB700040E1C42ED12C50E2952EC701821B930B9D
:10DB8000B6010F94A6BBDC01BB27AC55BC4E9D96DD
:10DB90008C91482F50E094E0559547959A95E1F780
:10DBA00096EF940F9630A8F1405D40838F7096EF0A
:10DBB000980F963080F1805D818392822F5F3F4F76
:10DBC000339621313105C9F618AA81E494E70E9401
:10DBD000CC6E8BE394E70E94CC6EC8010E94CC6EA1
:10DBE00083EF93E70E94CC6EC5010E946182E096AC
:10DBF0000FB6F894DEBF0FBECDBFDF91CF911F915E
:10DC00000F91FF90EF90DF90CF90BF90AF909F90DB
:10DC10000895495ACACF895ACFCF9C019091B81321
:10DC20009A3011F46093B71391509093B8139111F7
:10DC30000DC0C9010F949C6D84EE93E70E94F370B0
:10DC40008AE08093B8138091B713089580E0089517
:10DC5000CF93DF93CDB7DEB72E970FB6F894DEBF24
:10DC60000FBECDBF2EE330E03A832983FE01339609
:10DC70002CE0DF011D922A95E9F7DE011296482F6C
:10DC8000FC019D018E2F841B861740F4819190EE3C
:10DC9000980F903608F08EE28D93F4CFF901E60FDD
:10DCA000F11D10824EE050E067E474E7CE0101966A
:10DCB0000F94A8B8892B59F44EE050E0BE016F5F75
:10DCC0007F4F8BEF92E10F943BC1892B61F081E490
:10DCD00094E70E94CC6E8BE394E70E94CC6ECE0159
:10DCE00001960E9461824EE050E0BE016F5F7F4F5F
:10DCF0008BEF92E10F9449C12E960FB6F894DEBFD8
:10DD00000FBECDBFDF91CF910895CF92DF92EF92FA
:10DD1000FF921F93CF93DF93CDB7DEB762970FB615
:10DD2000F894DEBF0FBECDBF4E875F87688B798BBF
:10DD30008A8B4983852F511131C080E38A8311E09A
:10DD4000E1E0E10F81E090E08C0F9D1F8E0F911DAF
:10DD5000FC018A899AE29083811127C080E3818344
:10DD600081E01E5F180FE1E0F0E0EC0FFD1FE10F16
:10DD7000F11D8AE080831F5FFE0131967F016F01F4
:10DD8000C10ED11CEC14FD04B1F0F70181917F01AB
:10DD90006DEE72E190E00F9431B9F4CFBE016E5F89
:10DDA0007F4F0E94FC4B182FCBCFBF016F5F7F4F7F
:10DDB0000E94FC4BD6CF612FCE0101960F94286EA6
:10DDC0000F947F6D62960FB6F894DEBF0FBECDBF85
:10DDD000DF91CF911F91FF90EF90DF90CF9008954A
:10DDE0008F929F92AF92BF92DF92EF92FF920F932A
:10DDF0001F93CF93DF93CDB7DEB767970FB6F89435
:10DE0000DEBF0FBECDBF182F7B01D42E07E50B8BD5
:10DE10008C8B7E8B6D8BCE0143960E94284C8F8B12
:10DE20000E871F87F98AE88ACE010E960E94284C39
:10DE30008A8B0983111127C080E38A8381E0E1E0A6
:10DE4000E80F21E030E02C0F3D1F2E0F311DF901AE
:10DE500090E2908302E0080FAA24A394B12CAC0EA8
:10DE6000BD1EA00EB11CE114F10439F114E0C7018C
:10DE70008827907F892B71F424E0EE0CFF1C2A95F3
:10DE8000E1F71150F4CFBE016E5F7F4F812F0E94EA
:10DE9000FC4BD5CF4501882D8A19811790F48F2D21
:10DEA00082958F7094E0EE0CFF1C9A95E1F70E942A
:10DEB000F24BF40181934F01EECF80E3F5018083B3
:10DEC00011E0100FE1E0F0E0EC0FFD1FE10FF11D9C
:10DED0008A899AE29083811121C080E3818381E065
:10DEE0001F5F180FE1E0F0E0EC0FFD1FE10FF11DE7
:10DEF0008AE080831F5F9E012F5F3F4F79015901A8
:10DF0000A10EB11CEA14FB0479F0F70181917F01A5
:10DF10006DEE72E190E00F9431B9F4CFBF016F5F05
:10DF20007F4F0E94FC4BDCCF612FCE0101960F94F6
:10DF3000286E0F947F6DD092A71367960FB6F89452
:10DF4000DEBF0FBECDBFDF91CF911F910F91FF902C
:10DF5000EF90DF90BF90AF909F908F9008952091A9
:10DF6000F2132F5F2093F213223078F430E0F9019E
:10DF7000EE51FC48849120513C4EF901608170E0E3
:10DF800049E00F94F06E80E0089581E008952F92AB
:10DF90003F924F925F926F927F928F929F92AF9239
:10DFA000BF92CF92DF92EF92FF920F931F93CF9386
:10DFB000DF9300D01F921F92CDB7DEB72B011A015D
:10DFC000F12CE12C1C821D8210E050E06624639449
:10DFD000712C70E060E09701235E384F3A8329830B
:10DFE000862EC980DA80C60ED71EFC0100E040E014
:10DFF00030E020E0AEEFA40FAB83442319F04B30A8
:10E0000009F07DC0AEEFA20FA83008F47AC02F5FF0
:10E010003F4F2C30310589F74F5F20E2C20ED11CF3
:10E0200032964C3029F73C81301718F40C835D830D
:10E03000182D6F5F7F4F6431710591F65F5FA0E22D
:10E04000EA0EF11C543129F6EC816E2F70E090E05D
:10E0500080E00F9457B523EC35EF48EA5FE30F9467
:10E06000F0BC9F938F937F936F93FD816F2F70E030
:10E0700090E080E00F9457B520E030E040EB50E4B2
:10E080000F94F1BB9F938F937F936F93612F70E0F9
:10E0900090E080E00F9457B520E030E040EB50E492
:10E0A0000F94F1BB9F938F937F936F938FE29FE6C3
:10E0B0009F938F930F948BB9F20110832D81F101FF
:10E0C00020830FB6F894DEBF0FBECDBF8C810F90BA
:10E0D0000F900F900F900F90DF91CF911F910F91A4
:10E0E000FF90EF90DF90CF90BF90AF909F908F9078
:10E0F0007F906F905F904F903F902F9008952223D4
:10E1000011F02B3021F4AB81A83008F080CF992496
:10E110009394D601A20FB31FAC91A13108F4912CB6
:10E12000A080B180D301022E02C0AA0FBB1F0A94A7
:10E13000E2F7AA21BB21BB24B394AB2B09F4B12C89
:10E140009B1065CF0F5F63CF8F929F92AF92BF926C
:10E15000CF92DF92EF92FF92CF93DF9326E537E1E4
:10E160003093F40E2093F30E1092721742E050E0B9
:10E1700060E070E040935B1750935C1760935D170D
:10E1800070935E171092F20E1092EE0E1092EF0E38
:10E190001092F00E1092F10E4FEF5FEFBA01409324
:10E1A000EA0E5093EB0E6093EC0E7093ED0E882305
:10E1B00009F470C040E060E070E0CB010F947E4154
:10E1C00081110DC0C0E08C2FDF91CF91FF90EF90B7
:10E1D000DF90CF90BF90AF909F908F9008958091E7
:10E1E000B4108F7779F78091C0109091C110A091F1
:10E1F000C210B091C31084369105A105B10510F38A
:10E20000C090BC10D090BD10E090BE10F090BF1038
:10E21000C114D104E104F104A9F240E0C701B60140
:10E220000F947E41C82F882369F28091010F90914D
:10E23000020F8115924031F6A091060FAA2311F228
:10E240006091040F7091050F6115710509F4BACF43
:10E250002091030F222309F4B5CFA0936D172093CB
:10E260005F1790E080E030E0E1E0F0E0D82FAF0110
:10E27000082E02C0440F551F0A94E2F724173507F1
:10E2800069F041E0480F01968930910579F7409394
:10E29000681798CFC12CD12C7601BFCF8093681717
:10E2A00020910C0F30910D0F50E040E02115310509
:10E2B00041F420911A0F30911B0F40911C0F509187
:10E2C0001D0F20936017309361174093621750938E
:10E2D000631746015701860E971EA11CB11C809240
:10E2E0006E1790926F17A0927017B0927117E0910D
:10E2F000070FF091080FF0937417E0937317B0E0D5
:10E300000F945EBBDC01CB01880D991DAA1DBB1DBE
:10E310008093751790937617A0937717B09378171B
:10E3200025E0EE0FFF1F2A95E1F7E150FE4FEF2F9A
:10E33000FF27E6958E0F9F1FA11DB11D80936917C2
:10E3400090936A17A0936B17B0936C178090090F86
:10E3500090900A0FB12CA12C8114910441F480906B
:10E36000160F9090170FA090180FB090190FC81AA1
:10E37000D90AEA0AFB0AC80CD91CEA1CFB1C04C017
:10E38000F694E794D794C794DA95D2F7C0926417BD
:10E39000D0926517E0926617F092671785EFC8165E
:10E3A0008FE0D806E104F10420F48CE0809372172A
:10E3B00009CF80E125EFC2162FEFD206E104F10468
:10E3C00088F08091220F9091230FA091240FB0919B
:10E3D000250F8093751790937617A0937717B093B6
:10E3E000781780E280937217EECE0F931F9360919F
:10E3F000961770919717809198179091991700919F
:10E40000EA0E1091EB0E2091EC0E3091ED0E60179C
:10E4100071078207930739F140E00F947E4188230A
:10E42000F9F020919A1730919B1740918A175091DB
:10E430008B1760918C1770918D17421B530B6109DC
:10E440007109413092E059076105710520F040E003
:10E4500052E060E070E04A50514F9AE0FA01908338
:10E460001F910F91089581E0FBCF20E030E040EA5A
:10E4700052E460E070E080EA92EC0C94704C909171
:10E48000141491FD17C08823A9F092FD13C00E94B7
:10E490006E4C80910E0E90910F0E90930914809304
:10E4A00008148091141484608093141483E890E716
:10E4B0000C94F77008958091141480FF47C08BE985
:10E4C00090E70E94F7708091001490910114A09140
:10E4D0000214B09103144091FC135091FD1360910C
:10E4E000FE137091FF134093EA065093EB0660937E
:10E4F000EC067093ED068093EE069093EF06A093E2
:10E50000F006B093F10660E070E088E492E40E94C7
:10E51000904C8091041490910514A0910614B09130
:10E5200007148093F2069093F306A093F406B09339
:10E53000F50660E070E080E791E40E94904C109254
:10E54000FA06809114148E7F8093141408950F930B
:10E550001F93CF9390911414911172C0C82F80E72C
:10E5600090E70E94F7700E946E4C0F946D5380915B
:10E57000010E811102C00E94B053CC2309F460C087
:10E58000809114148160809314148091F20690910C
:10E59000F306A091F406B091F5064091EE06509175
:10E5A000EF066091F0067091F1060091EA06109175
:10E5B000EB062091EC063091ED060093FC131093CE
:10E5C000FD132093FE133093FF13409300145093D8
:10E5D00001146093021470930314809304149093B5
:10E5E0000514A0930614B093071460E070E080EA6D
:10E5F00091E40E94CF5E8091E706882309F1809123
:10E60000E8068823E9F080E090E0AAEFB2E4809386
:10E61000EA069093EB06A093EC06B093ED061092F9
:10E62000EE061092EF061092F0061092F10660E0EE
:10E6300070E088E492E4CF911F910F910C94904C7C
:10E64000CF911F910F9108952F923F924F925F9219
:10E650006F927F928F929F92AF92BF92CF92DF92F2
:10E66000EF92FF920F931F93CF93DF93CDB7DEB757
:10E67000CD5BD1400FB6F894DEBF0FBECDBFC35700
:10E68000DE4F99838883CD58D140C157DE4F7983BF
:10E690006883CF58D140CE56DE4F59834883C25944
:10E6A000D14084E1CF56DE4F8883C159D140CE5648
:10E6B000DE4FA881B981C259D1408D919D910D90B5
:10E6C000BC91A02DC656DE4F88839983AA83BB8355
:10E6D000CA59D140C157DE4FA881B981CF58D14026
:10E6E0008D919D910D90BC91A02DCA54DE4F8883D1
:10E6F0009983AA83BB83C65BD140C357DE4FA881F1
:10E70000B981CD58D1408D919D910D90BC91A02D96
:10E71000C654DE4F88839983AA83BB83CA5BD140EA
:10E72000FE01E75FFE4FC855DE4FF983E883C85A04
:10E73000D140CE018B579F4FCA55DE4F99838883B6
:10E74000C65AD140DE011196C856DE4FB983A88360
:10E75000C859D140312C212CB101032C000C880B5D
:10E76000990B0F9457B52AE138EF42E45EE30F941A
:10E7700096B56B017C010F94B1BFC256DE4F688322
:10E7800079838A839B83CE59D140C701B6010F9408
:10E79000EBBCCE55DE4F688379838A839B83C25A54
:10E7A000D1409B01AC01C656DE4F688179818A81D8
:10E7B0009B81CA59D1400F9496B5C654DE4F28812B
:10E7C00039814A815B81CA5BD1400F94F1BB6B01F7
:10E7D0007C0120E030E0A9010F94E6BC18160CF093
:10E7E0007AC2C256DE4F288139814A815B81CE5977
:10E7F000D140C656DE4F688179818A819B81CA5992
:10E80000D1400F9496B5CA54DE4F288139814A8190
:10E810005B81C65BD1400F94F1BB4B015C0120E0F2
:10E8200030E0A9010F94E6BC18160CF054C220E0A9
:10E8300030E048EF51E4C701B6010F947ABE87FF7C
:10E840004AC220E030E048EF51E4C501B4010F9422
:10E850007ABE87FF40C2C701B6010F9498BD9B01E5
:10E86000AC01C701B6010F94F0BB2B013C01C501FF
:10E87000B4010F9498BD9B01AC01C501B4010F9484
:10E88000F0BBCC56DE4F688379838A839B83C4595F
:10E89000D140A301920160E070E080E89FE30F9413
:10E8A000F0BBC255DE4F688379838A839B83CE5A3F
:10E8B000D140CC56DE4F288139814A815B81C459D1
:10E8C000D14060E070E080E89FE30F94F0BBCE544D
:10E8D000DE4F688379838A839B83C25BD140C70103
:10E8E000B6010F9469BD6B01FB013196C655DE4F31
:10E8F000F983E883CA5AD140C501B4010F9469BDB8
:10E900008B0195E0000F111F9A95E1F7C8018096E1
:10E91000C455DE4F99838883CC5AD140F801EC0D61
:10E92000FD1DE35EF84F608170E090E080E00F94A1
:10E9300057B54B015C01CE54DE4F288139814A81A5
:10E940005B81C25BD140C255DE4F688179818A818B
:10E950009B81CE5AD1400F9496B59B01AC01C50165
:10E96000B4010F9496B54B015C01C455DE4FE881AC
:10E97000F981CC5AD140EC0DFD1DE35EF84F60816A
:10E9800070E090E080E00F9457B56B017C01C255B8
:10E99000DE4F288139814A815B81CE5AD140CC56E5
:10E9A000DE4F688179818A819B81C459D1400F945F
:10E9B00096B59B01AC01C701B6010F9496B59B01BA
:10E9C000AC01C501B4010F94F1BB6B017C01C655CC
:10E9D000DE4FA881B981CA5AD1400A0F1B1FF80126
:10E9E000E35EF84F608170E090E080E00F9457B5EF
:10E9F0004B015C01CE54DE4F288139814A815B8115
:10EA0000C25BD140C301B2010F9496B59B01AC012A
:10EA1000C501B4010F9496B59B01AC01C701B601C5
:10EA20000F94F1BB6B017C01C655DE4FE881F98183
:10EA3000CA5AD140C455DE4F88819981CC5AD14001
:10EA4000E80FF91FE35EF84F608170E090E080E02E
:10EA50000F9457B54B015C01CC56DE4F28813981AC
:10EA60004A815B81C459D140C301B2010F9496B56C
:10EA70009B01AC01C501B4010F9496B59B01AC019B
:10EA8000C701B6010F94F1BB20E030E040E052E452
:10EA90000F94F0BB6B017C01AC019B01CE55DE4FA6
:10EAA000688179818A819B81C25AD1400F9496B541
:10EAB000C855DE4FA881B981C85AD1406D937D9366
:10EAC0008D939D93C855DE4FB983A883C85AD14012
:10EAD000A7019601C256DE4F688179818A819B81A8
:10EAE000CE59D1400F9496B5CA55DE4FE881F981D1
:10EAF000C65AD1406193719381939193CA55DE4F69
:10EB0000F983E883C65AD140C856DE4FA881B9813F
:10EB1000C859D140CD92DD92ED92FD92C856DE4F9C
:10EB2000B983A883C859D140BFEF2B1A3B0AE1E251
:10EB30002E16310409F010CE40E050E060E07DE395
:10EB4000CE01875F9E4F0F94E06C9B01AC01C357D1
:10EB5000DE4FA881B981CD58D1406D917D918D91C5
:10EB60009C910F94F1BBC357DE4FE881F981CD58DA
:10EB7000D140608371838283938340E050E060E002
:10EB80007DE3CE018B579F4F0F94E06C9B01AC014E
:10EB9000C157DE4FA881B981CF58D1406D917D9189
:10EBA0008D919C910F94F1BBC157DE4FE881F981A3
:10EBB000CF58D140608371838283938340E050E0DB
:10EBC00060E87CE3CE0101960F94E06CCE56DE4FF8
:10EBD000A881B981C259D1402D913D914D915C914F
:10EBE0000F94F1BB162F072FF82EE92E20E030E00E
:10EBF00040E050E40F94E6BC18162CF010E000E062
:10EC0000F12C80E4E82EA8019701852F902FA32FE7
:10EC1000BE2DCE56DE4FE881F981C259D1408083A6
:10EC20009183A283B383CF56DE4FF881C159D1407F
:10EC3000F150CF56DE4FF883C159D140F11137CD95
:10EC4000EF92FF920F931F93C157DE4FA881B981B6
:10EC5000CF58D14013968C9113978F9312968C9125
:10EC600012978F9311968C9111978F938C918F930C
:10EC7000C357DE4FE881F981CD58D14083818F930E
:10EC800082818F9381818F9380818F9383E59FE62B
:10EC90009F938F930F948BB90FB6F894DEBF0FBE7E
:10ECA000CDBFC354DE4F0FB6F894DEBF0FBECDBF4D
:10ECB000DF91CF911F910F91FF90EF90DF90CF9058
:10ECC000BF90AF909F908F907F906F905F904F908C
:10ECD0003F902F90089560E070E0CB01D5CEEF9289
:10ECE000FF920F931F93CF93DF931F921F92CDB785
:10ECF000DEB7F82EE62E80E197E29A8389838A01B7
:10ED0000169507958F2D0E9465E70150110978F03F
:10ED100028EC30E0AE014F5F5F4F68EE73E08F2D5F
:10ED20000E9436E66E2D8F2D0E947EE7EECF6E2D6F
:10ED30008F2D0E9465E70F900F90DF91CF911F916B
:10ED40000F91FF90EF9008952F923F924F925F9214
:10ED50006F927F928F929F92AF92BF92CF92DF92EB
:10ED6000EF92FF920F931F93CF93DF93CDB7DEB750
:10ED70006C970FB6F894DEBF0FBECDBF6C015B0180
:10ED80004A01190118870F83FA82E982D7018D9110
:10ED90009C9160ED72E00F9492BB9C8F8B8F9F9340
:10EDA0008F933F922F931F9284E68F939F928F921F
:10EDB000BF92AF92DF92CF9281ED9EE69F938F93A9
:10EDC0000F948BB90FB6F894DEBF0FBECDBF2227CC
:10EDD0003327221933093A8F298FC401990CAA0BC2
:10EDE000BB0B89879A87AB87BC879501BB0C440B0B
:10EDF000550B298B3A8B4B8B5C8BC601DD0CAA0B18
:10EE0000BB0B8D8B9E8BAF8BB88F121413040CF041
:10EE1000BAC08B8D9C8D6CE370E00F9492BB10E1B7
:10EE2000161B2B8D3C8DD1010F94E9BB0F9455B56A
:10EE300020E030E044E354E40F94F0BC6B017C012B
:10EE40006F817885EB8DFC8D6E0F7F1F90E080E0E9
:10EE50000F9455B525E33AEF4EE85CE30F9496B571
:10EE60004B015C010F94EBBC6B837C838D839E8391
:10EE7000C501B4010F94B1BF2B013C0169857A85AE
:10EE80008B859C850F9457B54B015C012B8D3C8D78
:10EE9000A4E6B0E00F9469BB0F9457B520E030E0D2
:10EEA00044E354E40F94F0BC9B01AC01C501B401F0
:10EEB0000F94F0BB0F9462BD6D877E878F87988B10
:10EEC00069897A898B899C890F9457B54B015C01BC
:10EED000A3019201C701B6010F9496B59B01AC0145
:10EEE000C501B4010F94F1BB0F9462BD4B016D8954
:10EEF0007E898F89988D0F9457B52B013C01A7010E
:10EF000096016B817C818D819E810F9496B59B01CA
:10EF1000AC01C301B2010F94F1BB0F9462BDCB01F0
:10EF200001E020E431E04D855E85B4010E94BEE73A
:10EF3000212F30E08823B9F14B8D5C8D420F531F98
:10EF40004F5F5F4F5C8F4B8FEB8DFC8DA981BA813A
:10EF5000ED93FC936C960FB6F894DEBF0FBECDBF59
:10EF6000DF91CF911F910F91FF90EF90DF90CF90A5
:10EF7000BF90AF909F908F907F906F905F904F90D9
:10EF80003F902F9008952FEC32E0AB8DBC8D2A1B63
:10EF90003B0BC9016CE370E00F9492BB10E1161BB0
:10EFA000A98DBA8D41CF2F5F3F4FAB8DBC8DA20F86
:10EFB000B31FBC8FAB8FA03DB24008F426CFC4CFA7
:10EFC0002F923F924F925F926F927F928F929F9279
:10EFD000AF92BF92CF92DF92EF92FF920F931F9367
:10EFE000CF93DF93CDB7DEB7CA55D1090FB6F894EA
:10EFF000DEBF0FBECDBF63969FAF8EAF63978B0111
:10F000006A017E0125E4E20EF11C80E197E2F7013E
:10F01000918380838EE19FE69F938F930F948BB9AA
:10F020002DE137E061963FAF2EAF6197C801805E5A
:10F0300093402B969FAF8EAF2B970F900F90E0E4ED
:10F04000F0E02996FFAFEEAF299763962EAD3FAD66
:10F050006397205E334069963FAF2EAF699729963C
:10F060004EAC5FAC2997312C63968EAD9FAD639704
:10F0700080529C4F6B969FAF8EAF6B97609013073B
:10F080007090140780901507909016076B96AEACA1
:10F09000BFAC6B97311004C06996AEACBFAC69973A
:10F0A00080910B0790910C07A0910D07B0910E076E
:10F0B000F501E81BF90BCF0171F0AF01F7FF04C0B8
:10F0C000442755274E1B5F0B692F661F6627661F57
:10F0D00081E00F946F7680910F0790911007A091B7
:10F0E0001107B09112072B964EAD5FAD2B97481BC1
:10F0F000590B57FDB2C060E04115510509F0AEC093
:10F100008091130790911407A0911507B0911607ED
:10F11000681A790A77FCABC060E06114710409F0E9
:10F12000A7C0409113075091140760911507709183
:10F13000160700E028EC30E02B966EAD7FAD2B97E4
:10F14000C5010E94BEE7632D80E00F948D3F5F9262
:10F150004F928AE19FE69F938F930F948BB963E060
:10F1600084E00E94F55F5F924F928BE09FE69F9351
:10F170008F930E94A65F0FB6F894DEBF0FBECDBF7F
:10F1800021E030E0311002C02FEF3FEF40EC4203AE
:10F19000C001439F900D112467969FAF8EAF679774
:10F1A00040EE53E0249F4001259F900C349F900C2B
:10F1B00011246396EEADFFAD63978E0E9F1E9E01E8
:10F1C0002F5F3F4F2D963FAF2EAF2D9761968EAD9F
:10F1D0009FAD61972F969FAF8EAF2F97712C612CAB
:10F1E000E0E1F7E22796FFAFEEAF279780910B079C
:10F1F00090910C07A0910D07B0910E078401081B98
:10F20000190B17FF03C01195019511099801359548
:10F21000279565963FAF2EAF65971C9B33C045E0A1
:10F22000242E6596AEACBFAC6597632D822D0E94EF
:10F2300065E731E0A31AB10840F128EC30E0A701FE
:10F2400068EE73E0822D0E9436E6632D822D0E94C7
:10F250007EE7EFCF3324339411CF62E057FF03C032
:10F2600051954195510982E00F946F7649CF64E042
:10F27000A30177FE03C051954195510984E00F9495
:10F280006F764FCF22242394CCCF6596EEADFFADA1
:10F2900065970E1B1F0B23961FAF0EAF2397632D91
:10F2A000822D0E9465E79E012F5B3F4FA70168EE0C
:10F2B00073E0822D0E94DCE6882329F0632D822DE5
:10F2C0000E947EE7F0CF60E082E00F948D3F20E166
:10F2D00037E227963FAF2EAF279700911307109183
:10F2E00014072091150730911607005A164F17FF83
:10F2F00002C00F5F1F4F15950795809113079091DE
:10F300001407A0911507B091160780179107F4F420
:10F310001C9B1CC028EC30E0A70168EE73E084E081
:10F320000E9436E68091130790911407A09115076B
:10F33000B09116070196A11DB11D809313079093FC
:10F340001407A0931507B0931607D7CF1C9B3FC097
:10F350008091130790911407A0911507B09116079B
:10F36000E0E6F9E0E81BF90BCF01F7FF02C090E0FF
:10F3700080E025969FAF8EAF25971C9B28C080917B
:10F38000130790911407A0911507B09116078036C6
:10F390009940ECF49E012D5B3F4FA70168EE73E0AE
:10F3A00084E00E94DCE68091130790911407A091FD
:10F3B0001507B09116070196A11DB11D8093130783
:10F3C00090931407A0931507B0931607D6CF60E06B
:10F3D00084E00E9465E7F701208131812031F7E266
:10F3E0003F0758F4A70168E17CEF84E00E9436E60D
:10F3F00060E084E00E947EE7EECF61E082E00F945F
:10F400008D3F20E137E2F70131832083009113071C
:10F410001091140720911507309116070C0D1D1D32
:10F4200017FF02C00F5F1F4F1595079580911307B7
:10F4300090911407A0911507B091160708171907A6
:10F440000CF0D9C01C9BBBC000911307109114078E
:10F4500020911507309116071C9928C08091130739
:10F4600090911407A0911507B09116078C199D096A
:10F4700097FF02C090E080E025969FAF8EAF259762
:10F480001C990CC08091130790911407A091150747
:10F49000B0911607C816D9060CF4AFC00091130737
:10F4A00010911407209115073091160780911307CA
:10F4B00090911407A0911507B0911607C816D906A8
:10F4C0003CF4F701808191818031974208F4B2C009
:10F4D0000C191D093110CAC0F301EE0FFF1F21E006
:10F4E00030E02C0F3D1FE20FF31F11830083FFEF6D
:10F4F0006F1A7F0A67962EAD3FAD6797820E931EF7
:10F500002D968EAD9FAD2D9702972D969FAF8EAF06
:10F510002D972F96EEADFFAD2F9731972F96FFAF1A
:10F52000EEAF2F97F0E26F16710409F059CE21E08B
:10F53000421A510831E033128DCE61968EAD9FADE7
:10F540006197809661969FAF8EAF61972B96EEADD7
:10F55000FFAD2B97E05CFF4F2B96FFAFEEAF2B97E5
:10F5600029962EAD3FAD29972250310929963FAFFC
:10F570002EAF2997232B09F072CD89E09FE69F9348
:10F580008F930F948BB90F900F90C65ADF4F0FB621
:10F59000F894DEBF0FBECDBFDF91CF911F910F91C9
:10F5A000FF90EF90DF90CF90BF90AF909F908F90A3
:10F5B0007F906F905F904F903F902F90089528EC30
:10F5C00030E0A70168EE73E084E00E9436E68091A7
:10F5D000130790911407A0911507B0911607019792
:10F5E000A109B1098093130790931407A0931507FD
:10F5F000B09316071BCF86012FCF9E012D5B3F4F87
:10F60000A70168EE73E084E00E94DCE680911307B6
:10F6100090911407A0911507B09116070197A109C1
:10F62000B1098093130790931407A0931507B09323
:10F63000160726CF28EC30E0A70168E17CEF84E0D4
:10F640000E9436E68091130790911407A091150748
:10F65000B09116070197A109B10980931307909300
:10F660001407A0931507B093160720CF2D96EEAD83
:10F67000FFAD2D9786AD97AD012E000C220B330BFD
:10F68000080F191F211D311D3695279517950795D0
:10F690000F3F11052105310529F020F00FEF10E093
:10F6A00020E030E02F96EEADFFAD2F97078F1FCFF4
:10F6B000EF92FF920F931F93CF93DF93CDB7DEB7F7
:10F6C0002F970FB6F894DEBF0FBECDBFE9E0F3E190
:10F6D00010A211A212A213A214A215A216A217A27E
:10F6E00010A611A61092A21304EA13E1EE24E394EB
:10F6F000F12CD8011196FC92EE9212961C92129760
:10F7000082E813968C9340E060E089EA93E10E94DE
:10F710004C4C40E060E08EEA93E10E944C4CF801D2
:10F720001786108A118A128A138A8AE0848B40E035
:10F7300060E0CE0101960E944C4C85E0FE013196BE
:10F74000DE01169601900D928A95E1F785E0FE01A3
:10F750003696A9EBB3E101900D928A95E1F7D801B5
:10F760005A961C925A975C961C921E925B9789EB54
:10F7700093E10E943B4CF801818F158E168E40E07C
:10F7800060E083EC93E10E944C4CD80194961C926B
:10F7900040E060E0CE010B960E944C4C85E0FE01FB
:10F7A0003B96DE01119601900D928A95E1F785E076
:10F7B000FE013196A9ECB3E101900D928A95E1F733
:10F7C000F80112A614A613A689EC93E10E943B4C03
:10F7D000D80199968C939997DD961C92DD9783EAD0
:10F7E00093E1DF969C938E93DE97F092E513E0927F
:10F7F000E4131092E6131FEF1093E7130E94944C4A
:10F800008093E8131092E9131092EA131092EB130D
:10F810001092ED131092EC131092EF131092EE135E
:10F820001092F2131092F3131092F4131092F51336
:10F8300083E08093F8131092F91385E18093F0131D
:10F8400084E18093F11383E68093FA138093FB1392
:10F850001092FC131092FD131092FE131092FF13DE
:10F8600010920014109201141092021410920314BA
:10F87000109204141092051410920614109207149A
:10F88000109209141092081410920A148EE290E853
:10F8900090930C1480930B1410930D1410930E146A
:10F8A0001092101410920F141093111482E0809390
:10F8B0001214109213141092141410921514109222
:10F8C0001614109218141092171410921A14109201
:10F8D00019140F94AC93E7EEF4E110926F151092A7
:10F8E0007215109294151092971589E1809356170E
:10F8F0001092591710925A17109272171092791786
:10F9000010927C171092FA171092FC171092FB17A6
:10F9100010928B1610928A161092F6171092F71703
:10F920001092F8171092F9171092FD171092FE1707
:10F930001092FF1710920018128213821082118207
:10F940001092891610929C17E7EBF5E182EDDF012A
:10F950001D928A95E9F7109238151092371510927A
:10F9600036158AEF97E10F94E521E0EEF4E111827C
:10F97000128213821482158216821083E3E0F8E16A
:10F980001582178216821186138612860F9484219F
:10F990006093191870931A1880931B1890931C1871
:10F9A0002F960FB6F894DEBF0FBECDBFDF91CF917B
:10F9B0001F910F91FF90EF90089542E00E944E6ECC
:10F9C0000C94C46E8091FA13833609F48FEF089576
:10F9D0009FB7F894E5E0F1E08081806480839FBF69
:10F9E00008950F931F93CF93DF93EC010F9484211D
:10F9F0008B010F94BB3F8F3F69F00F948421601BF4
:10FA0000710B6C177D07A8F380E0DF91CF911F91F8
:10FA10000F91089581E0F9CF89E797E10F94AC4504
:10FA200089E797E10F94E145E7EEF4E11082118256
:10FA300008958FE494E70E94CC6E60E08CEA9CE02D
:10FA40000E94836C813021F486ED9BE60C94F37068
:10FA500082ED9BE6FBCFBC01990F880B990B0E94AE
:10FA6000326E0C94C46E0F931F93CF93DF93EC010F
:10FA70000F9487B88C018036910508F085C080917D
:10FA8000FB10811105C00E943E6D81E08093FB1048
:10FA90004091EB125091EC128091F9109091FA1074
:10FAA0004817590741F42091FC103091FD101216AF
:10FAB00013060CF469C02091F7103091F81012165B
:10FAC00013060CF041C09C012F593F4F8417950736
:10FAD000E8F544505109401B510B421753070CF4F1
:10FAE00053C05093EC124093EB128091EB12909123
:10FAF000EC12FC01E250FF4E23E02083BE018F5F39
:10FB00009E4E0F9480B88091FC109091FD1001964C
:10FB10009093FD108093FC1081E494E70E94CC6EDA
:10FB200082E294E70E94CC6E8091EB129091EC12ED
:10FB30008F5F9E4E0E94558280E294E7DF91CF91C5
:10FB40001F910F910C94F3709C01C0CFC8010496D3
:10FB50004817590728F044505109401B510BC1CF99
:10FB600089EE91E0BC01601B710B8B01621773077A
:10FB70005CF070E060E08EEF90E10F94FBC01093BA
:10FB8000EC120093EB12B1CF89E194E70E94CC6EA6
:10FB900082E294E70E94CC6ECE010E94CC6E82E09D
:10FBA00094E7CCCFAB01BC0189E797E10F94034404
:10FBB000811102C080E0089589E797E10F948A439C
:10FBC0008823C1F320919A1730919B172A50314F07
:10FBD000309395172093941708958F929F92AF9228
:10FBE000BF92CF92DF92EF92FF920F931F93CF932A
:10FBF000DF93CDB7DEB7EE970FB6F894DEBF0FBE3A
:10FC0000CDBF809137158F93809136158F938DEBF3
:10FC100093E79F938F938E010F5D1F4F1F930F9359
:10FC20000F94E0B90F900F900F900F900F900F90DE
:10FC3000F12CF80101900020E9F73197E01BF10B5E
:10FC4000FE1684F46801CF0CD11CF7FCDA94F6019F
:10FC50008081082E000C990B0F94DDC0F601808383
:10FC6000F394E7CF8FE695E10E94AE6DA12CCE0113
:10FC700001967C018BEDC82E8CE6D82E80917215F2
:10FC8000823008F450C08091771590917815A0913A
:10FC90007915B0917A158F719927AA27BB27892BDF
:10FCA0008A2B8B2B09F03FC050E040E0B7018FE674
:10FCB00095E10F9440471816B4F5B12CF701019067
:10FCC0000020E9F73197EE19FF09BE1674F44701D9
:10FCD0008B0C911CB7FC9A94F401808190E00F94F6
:10FCE000DDC0F4018083B394E9CF8A858E3731F289
:10FCF00045E050E0B801C7010F943BC1892B09F0E2
:10FD0000BDCF1F930F93DF92CF920E94BB8761E01C
:10FD100087ED9CE60E94ED860F900F900F900F905C
:10FD2000AA24A394ABCF8FEF9FEFAA2029F0809154
:10FD300036159091371501969093371580933615A7
:10FD4000EE960FB6F894DEBF0FBECDBFDF91CF9118
:10FD50001F910F91FF90EF90DF90CF90BF90AF90E9
:10FD60009F908F9008958F929F92AF92BF92CF9263
:10FD7000DF92EF92FF920F931F93CF93DF9300D008
:10FD80001F92CDB7DEB7FC018381813011F080E096
:10FD900060C0818181FFFBCF81899289A389B48969
:10FDA000892B8A2B8B2B09F46EC07F0140E050E039
:10FDB000BA01CF010F940344882349F3F701C18CA2
:10FDC000D28C85889688A788B08C82E090E0A0E0ED
:10FDD000B0E0F60180839183A283B3839E012F5FFD
:10FDE0003F4FB501A401C6010F944D42882379F21B
:10FDF00000E010E09801B501A401C6010F94BB41D9
:10FE0000882329F289809A80AB80BC80F60187899B
:10FE1000803181F5F8EF8F16FFEF9F06A104B10442
:10FE2000E8F2F701158A168A178A108E118A128A4B
:10FE3000138A148A818180688183C7010F94AC453D
:10FE4000882309F4A4CF40E050E0BA01C7010F9421
:10FE500003440F900F900F900F90DF91CF911F915F
:10FE60000F91FF90EF90DF90CF90BF90AF909F9059
:10FE70008F90089588EF88168FEF9806A8068FE078
:10FE8000B80678F6ABCF81E0E4CF2F923F924F9245
:10FE90005F926F927F928F929F92AF92BF92CF921A
:10FEA000DF92EF92FF920F931F93CF93DF93CDB723
:10FEB000DEB7C657D1090FB6F894DEBF0FBECDBF6F
:10FEC0004C016B013A01E5962FAFE597502E2DB608
:10FED0003EB6102F11708091F50E8F5F8093F50E56
:10FEE000FB0180859185A285B3858093FC14909356
:10FEF000FD14A093FE14B093FF14412C5E01F7E6AD
:10FF0000AF0EB11CF6018381823008F4C0C1808538
:10FF10009185A285B3858F719927AA27BB27892B45
:10FF20008A2B8B2B09F0B3C11092001540E055E1EC
:10FF3000BE01695B7F4FC6010F94404718160CF055
:10FF4000A6C18091F50E873008F0A1C128968FAD2B
:10FF50002897882309F49BC1853E09F439C18E3264
:10FF600009F436C1809100158E3209F431C16396CF
:10FF70008FAD6397982F9A7009F02AC1887191E02C
:10FF8000803119F090E0803131F4E596FFADE597CE
:10FF9000FF2309F494C090933515803161F0609689
:10FFA0008FAD6097873409F013C161968FAD61976B
:10FFB0008E3709F40DC1E596FFADE597F13009F4F0
:10FFC0001BC1F23009F425C1BE01695B7F4F8BEE86
:10FFD00094E10E94986DC4010E9455828BEE94E1D9
:10FFE0000E94558280E20E94B96DA7966CAD7DADEE
:10FFF0008EAD9FADA7974AE00E94CD6D51FE45C0E2
:020000023000CC
:10000000A1962EAD3FADA1973093FB142093FA1427
:100010006F964EAD5FAD6F975093F9144093F814FF
:1000200069968EAD9FAD69972817390750F028174C
:10003000390799F467962EAD3FAD6797421753077E
:1000400060F49093FB148093FA1467968EAD9FAD85
:1000500067979093F9148093F8148091FB148F9311
:100060008091FA148F938091F9148F938091F814F2
:100070008F932AE933E73F932F930F948BB90F9017
:100080000F900F900F900F900F90112399F0809187
:100090000015882309F4BAC080E095E19F938F93FF
:1000A000E4E9F3E7FF93EF930F948BB90F900F9070
:1000B0000F900F900E94C46E0F94455189C02DB7C8
:1000C0003EB7E7963FAF2EAFE797BE01695B7F4F24
:1000D000C5010E94986DF4018081882309F486C0CF
:1000E00001900020E9F73197E819F909D5010D9041
:1000F0000020E9F7EA19FB09EA0FFB1F31962DB73B
:100100003EB72E1B3F0B0FB6F8943EBF0FBE2DBF60
:10011000EDB7FEB731967F016EE173E08111B40156
:10012000C7010F9434C1B501C7010F9415C16EE129
:1001300073E0C7010F9415C11123A9F08091001538
:10014000811157C0C5019F938F93FF92EF9229EAC7
:1001500033E73F932F930F948BB90F900F900F902D
:100160000F900F900F901CA21FA221E0A501B601D5
:10017000CE0184960F94F26B83E2FE01B496DE0109
:10018000119601900D928A95E1F710FB50F8052D1C
:1001900020E050E040E0BE016F5F7F4FC7010F9449
:1001A000457FCE0101960E94B36D112321F080EAB4
:1001B00093E70F94B2B9CE0184960E94B36DE7968F
:1001C000EEADFFADE7970FB6F894FEBF0FBEEDBFE3
:1001D000F60180859185A285B3858093FC14909368
:1001E000FD14A093FE14B093FF148CCEE1E0F0E078
:1001F0007DCF80E095E1A7CF809101189091021802
:1002000001969093021880930118E2CF8BEE94E14F
:1002100045CFBE01695B7F4F8BEE94E10E94986DE4
:10022000A1962EAD3FADA1973093FB142093FA1405
:100230006F964EAD5FAD6F975093F9144093F814DD
:1002400069968EAD9FAD69972817390750F028172A
:10025000390799F467962EAD3FAD6797421753075C
:1002600060F49093FB148093FA1467968EAD9FAD63
:1002700067979093F9148093F8146114710459F1FD
:100280006BEE74E1C3010F9402C1892B59F5809183
:10029000F50E81508093F50E0FB6F8943EBE0FBE5A
:1002A0002DBECA58DF4F0FB6F894DEBF0FBECDBFCC
:1002B000DF91CF911F910F91FF90EF90DF90CF9042
:1002C000BF90AF909F908F907F906F905F904F9076
:1002D0003F902F9008958091011890910218481630
:1002E0001906A9F2439474CFCF92DF92EF92FF9256
:1002F0000F93CF93DF93CDB7DEB7A3970FB6F894E4
:10030000DEBF0FBECDBF6C0182E9E82E85E1F82E7D
:1003100084E995E1D7018D939C9310920218109275
:1003200001180E94AE6D00E00E7F0D7FD701ED91A8
:10033000FC9183E2DE01119601900D928A95E1F71E
:1003400022E0A601BE016F5F7F4F89EF92E00F941C
:10035000457FCE0101960E94B36DA3960FB6F89427
:10036000DEBF0FBECDBFDF91CF910F91FF90EF9019
:10037000DF90CF900895EF92FF920F93CF93DF938A
:10038000CDB7DEB7A3970FB6F894DEBF0FBECDBFD3
:1003900022E9E22E25E1F22E24E935E1D7012D9361
:1003A0003C931092021810920118B0E0A0E0AC014A
:1003B000BD01E5E0440F551F661F771FEA95D1F791
:1003C000C9010F94034400E00E7F0D7FD701ED912A
:1003D000FC9183E2DE01119601900D928A95E1F77E
:1003E00022E050E040E0BE016F5F7F4F89EF92E076
:1003F0000F94457FCE0101960E94B36DA3960FB670
:10040000F894DEBF0FBECDBFDF91CF910F91FF906B
:10041000EF900895CF92DF92EF92FF920F93CF93D8
:10042000DF93CDB7DEB7A3970FB6F894DEBF0FBE4C
:10043000CDBF82E9C82E85E1D82E84E995E1D601A9
:100440008D939C9321E0E22E28E1F22EF701118298
:1004500010820E94AE6D00E00E7F0D7FD601ED91FF
:10046000FC9183E2DE01119601900D928A95E1F7ED
:1004700021E050E040E0BE016F5F7F4F89EF92E0E6
:100480000F94457FCE0101960E94B36DF7018081E4
:100490009181A3960FB6F894DEBF0FBECDBFDF915A
:1004A000CF910F91FF90EF90DF90CF900895CF9371
:1004B000DF938FE20E94B96DC0E0D9E08091891688
:1004C000C81760F4CD9FC0011124875C9A4E0E942A
:1004D00055828FE20E94B96DCF5FF0CF80910015F9
:1004E000811106C08BEE94E1DF91CF910C9455827F
:1004F00080E095E1F9CFCF92DF92EF92FF926B010E
:100500007C0188EA9CE00F94D1BAAB01BC014C0D90
:100510005D1D6E1D7F1D88EA9CE0FF90EF90DF90CF
:10052000CF900D941FBBCF93DF93EC010F94D1BA02
:100530006F3F2FEF72078207920749F440E050E0C7
:10054000BA01CE010F941FBB60E070E0CB01DF91D8
:10055000CF9108950F931F93CF93DF930F94F5716D
:10056000882339F12091941730919517E9011BEFF9
:1005700088818B3351F5FE0161916A30E9F7EF0113
:10058000CF01865F9E4081309240E4F0CE01821B15
:10059000930B01970F94D16C89E797E10F948A43ED
:1005A000882339F00F94F57126EF3EE0E9018111BF
:1005B000E2CF86EF90E19093951780939417CFEF59
:1005C000DFEF34C01150C1F52197CE01821B930B90
:1005D00001960F94D16CCE010196C881D0E00091B4
:1005E00081171091821720918317309184174091C1
:1005F0008A1750918B1760918C1770918D17041783
:10060000150726073707A8F69C01265F3E402115EF
:10061000324044F089E797E10F948A43882349F2F6
:1006200086EF9EE09093951780939417CE01DF910B
:10063000CF911F910F91089588818B3309F498CF42
:10064000C3CFCF93DF93D82F84EA8093BC0088E098
:100650000F94F121811116C08AEE8093BB00C4E88B
:10066000C093BC0088E10F94F12181110FC0D09399
:10067000BB00C093BC0088E20F94F121882319F0DD
:1006800083E001C081E0DF91CF91089582E0FBCF4C
:100690008FB7F89410921518109214188FBF089500
:1006A00087E69FE00F94C9BA91E0811101C090E004
:1006B00081E020910318211101C080E098139093EC
:1006C000031887E09FE00F94C9BA91E0811101C03F
:1006D00090E09093041885ED9EE00F94C9BA91E0E4
:1006E000811101C090E09093051887E49DE00F947C
:1006F000C9BA8F3FC9F080930B188DEA9CE00F9424
:10070000C9BA91E0811101C090E0909311188091D5
:10071000E80E9091E90E90931318809312180F949D
:10072000488310921818089510920B18E6CF809104
:100730000318833021F41092031810920F180F94AD
:10074000508320E030E040EA5FE36091270E709133
:10075000280E8091290E90912A0E0F9496B50F9431
:1007600062BD70931718609316185198599A58984B
:10077000509A8AE0589A95E09A95F1F700005898B7
:1007800095E09A95F1F700008150A1F75098589A9A
:100790008091B9008C7F8093B9008CE08093B80081
:1007A00084EA8093BC0088E00F94F121811168C035
:1007B0008AEE8093BB0084E88093BC0088E10F94AC
:1007C000F12181115DC084E98093BC0060E08FE776
:1007D0000E94244B80E00E943F4B8093160E81E0E4
:1007E0000E943F4B8093150E9091160E9133B9F5F0
:1007F0008139A9F567E986E00E94244B8FE99FE0E3
:100800000197F1F700C0000083E893E70E946C4B6A
:100810008823B1F18FE39CE90197F1F700C0000054
:1008200061E08FE70E94244B80E593E70E946C4BC8
:10083000882331F160E08FE70E94244B60E089E07B
:100840000E94244B80E00E943F4B8093160E81E073
:100850000E943F4B8093150E80910601089580E021
:100860000E943F4B8093160E81E00E943F4B809385
:10087000150E9091160E913319F4813909F4BACFFF
:1008800010920F1883E0809303180895CF93DF939D
:1008900080911118882309F462C08FB7F894C09131
:1008A0001418D09115188FBFCE01D7FF04C0882728
:1008B00099278C1B9D0B20911618309117188217C1
:1008C00093074CF10F9448830E948A4B811102C018
:1008D0000F9497832091E80E3091E90E80911818BB
:1008E0004091121850911318B901641B750B41E027
:1008F000161617060CF040E091E01C161D060CF0D1
:1009000090E0491709F463C08F5F80931818309303
:10091000131820931218809118188B3000F1109240
:10092000181810920518109204181092111820E04F
:1009300030E0A901CA01B9010E943C8860E070E082
:10094000CB010E94F35885E69FE00E94A26C81E0F3
:100950009FE00E94956C82ED9CE60F94337D6AE0E7
:1009600070E08CE098E10F94DE21C82F882339F1E4
:100970008CE098E10F94E5210E948A4B811102C01E
:100980000F9497838091140E813130F0C1E08091F3
:10099000130E823308F4C0E080910F1820911018D4
:1009A00030E0C2171306C1F08F5F80930F1880915B
:1009B0000F18853020F010920F18C093101881E0A6
:1009C00090910F18911180E0DF91CF9108958823C5
:1009D00009F49DCF815099CF882349F38150E5CF09
:1009E0002F923F924F925F926F927F928F929F923F
:1009F000AF92BF92CF92DF92EF92FF920F931F932D
:100A0000CF93DF93CDB7DEB7ED970FB6F894DEBF87
:100A10000FBECDBF10928B1610928A1610925517EA
:100A2000109254178091030180FDF1C089E09FE08E
:100A30000F94C9BA382E82E08093BF020F940A82C5
:100A40006C01009709F4E0C08536910570F032E042
:100A5000331641F08091100E811104C081E89BE6AD
:100A60000E94B7F9F4E6CF2ED12CD0928B16C0920B
:100A70008A166CE8662E66E1762EF12CE12C74E97C
:100A8000A72E75E1B72E88248394912C80910301C1
:100A900080FDBDC00F944551E114F10409F0D0C0B0
:100AA00090E080E00F9474818091FC149091FD148B
:100AB000A091FE14B091FF1455E0B695A7959795B7
:100AC00087955A95D1F7F301819391933F01FFEFF9
:100AD000EF1AFF0ACE14DF04C9F621E0E216F10492
:100AE00009F492C032E0331609F48EC02091100E42
:100AF00021118AC09093551780935417EE9CC00122
:100B0000EF9C900D900D112463E77BE696958795F9
:100B10000E94E7653EE8A32E36E1B32E912C812C8E
:100B2000CC24C394D12CC4010E94DA648C0C9D1C8B
:100B3000F5010190F081E02DF9AFE8AFCF010F94FE
:100B4000BB81809100156BEE74E1882311F060E0A9
:100B500075E1CE0101960F9434C16090FA14709043
:100B6000FB142091F8143091F9143BAF2AAF209078
:100B70003515BFAAAEAA86018091030180FD47C04A
:100B80000F944551C80101979DAF8CAFEEA9FFA905
:100B900052904290FFABEEABC2010F94BB818091AB
:100BA00000156BEE74E1882311F060E075E13110FF
:100BB0008AC080913515281283C08091FA149091D3
:100BC000FB146816790609F06CC08091F8149091B6
:100BD000F9142AAD3BAD8217930708F066C0000FE9
:100BE000111FF801E457F94E28AD39AD3183208348
:100BF0003FEFC31AD30A82E0A80EB11CEC14FD0427
:100C000009F091CF0E94FB6481E08093BF02ED96D2
:100C10000FB6F894DEBF0FBECDBFDF91CF911F910D
:100C20000F91FF90EF90DF90CF90BF90AF909F908B
:100C30008F907F906F905F904F903F902F9008958E
:100C40004091FC145091FD146091FE147091FF14BA
:100C5000B0929315A092921590920218809201186A
:100C600084E995E10F9403441E7F1D7FE091921566
:100C7000F091931583E2DE01119601900D928A9511
:100C8000E1F7012F22E050E040E0BE016F5F7F4FAF
:100C900089EF92E00F94457FCE0101960E94B36DDB
:100CA00003CF8615970508F49ACFEEA9FFA95382C2
:100CB00042820CAD1DAD0115110509F05DCF8FCF3E
:100CC000222099F38CCF31E03312EFCF809135158C
:100CD000281207C0CE0101960F9402C197FDE5CFFF
:100CE0007ECF2110E2CF7BCFCF92DF92EF92FF92A7
:100CF0000F931F93CF93DF93CDB7DEB7A3970FB6B4
:100D0000F894DEBF0FBECDBF7C01062F19821C8276
:100D10008091971594E9C92E95E1D92E811104C0CF
:100D20008FE6C82E85E1D82E21E0A701B601CE01BD
:100D300001960F94F26B182F882321F18091891668
:100D4000853000F529E0829FC0011124B701875C3E
:100D50009A4E0F9434C1C7010F9458C180918916DF
:100D6000863080F183E2FE013196A4E9B5E101907D
:100D70000D928A95E1F7002309F44CC00F94F0849A
:100D8000102F0CC081E494E70E94CC6E8CEB9CE6A3
:100D90000E94CC6EC7010E94618210E0CE010196D4
:100DA0000E94B36D812FA3960FB6F894DEBF0FBEDD
:100DB000CDBFDF91CF911F910F91FF90EF90DF900A
:100DC000CF9008958F5F8093891693E28150C8F089
:100DD000282F30E0A9014F5F5F4F949FD001959F6E
:100DE000B00D1124A954BA4E929FF001939FF00DBB
:100DF0001124E954FA4E292F01900D922A95E1F71A
:100E0000E5CF83E2F601A7EBB5E101900D928A955B
:100E1000E1F7A8CF81E080933815C0CF93E2EFE6E9
:100E2000F5E1A4E9B5E101900D929A95E1F71092F0
:100E3000891624E935E13093931520939215811199
:100E40000D94F08481E08093381508958F929F92DD
:100E5000AF92BF92CF92DF92EF92FF920F931F93C8
:100E6000CF93DF93CDB7DEB72D970FB6F894DEBFE3
:100E70000FBECDBF2FE635E1309393152093921529
:100E8000DC01ED91FC913097A1F481E02D960FB635
:100E9000F894DEBF0FBECDBFDF91CF911F910F91B0
:100EA000FF90EF90DF90CF90BF90AF909F908F908A
:100EB000089520812F3209F047C06C0180E00F9423
:100EC0000E87F601008111810F5F1F4F94E9892E73
:100ED00095E1992ED8018C918823B9F26FE270E0E8
:100EE000C8010F9420C15C01009751F10817190740
:100EF00038F57C01E01AF10ABDE0EB16F10418F0B8
:100F00008CE0E82EF12CA701B801CE0101960F94D8
:100F100049C1E1E0F0E0EC0FFD1FEE0DFF1D108276
:100F200060E0CE0101960F947486882309F4AECF59
:100F3000909293158092921585010F5F1F4FCACF33
:100F4000F60111830083A1CF84E995E19093931575
:100F5000809392159ACFBF92CF92DF92EF92FF9239
:100F60000F931F93CF93DF931F921F92CDB7DEB7DE
:100F70002091EA14222309F4EFC07C0180917C17B0
:100F8000882309F404C16111F6C0D0909C17DD20BC
:100F900021F08BE193E70E94AA7181E494E70E941B
:100FA000CC6E82E093E70E94CC6EC7010E9455820E
:100FB00087EF92E70E94CC6E00919C1725E5029F77
:100FC000800111240F55184E8FE2F80181938F0193
:100FD000CC24C39483E2B82E80918916D816B0F43D
:100FE000DB9CC0011124B80189549A4E0F94EA4544
:100FF000C8018C010196F8012081222329F0F4E533
:10100000FC1510F0C394F5CFD394E6CF27E42C154C
:1010100008F4AEC0B80189E797E10F94EA458091E2
:101020009C17F5E58F9FC00111248F55984E0E94A3
:10103000558281EF92E70E94CC6E6091FD1770910E
:10104000FE178091FF17909100184AE00E94CD6D25
:101050000E94C46E80919C1724E0829FF0011124AD
:10106000E356F84E4091FD175091FE176091FF171F
:101070007091001840835183628373838F5F8093E4
:101080009C1789E797E10F94E1451092E914FA82E1
:10109000E982CE0101960F942687882309F45CC06B
:1010A00049815A81609192157091931521E089E7E9
:1010B00097E10F94F26B882309F477C089E797E1F1
:1010C0000F948A43882309F470C080919A179091F5
:1010D0009B178A50914F909395178093941789810D
:1010E0009A810F94748180918A1790918B17A091A7
:1010F0008C17B0918D178093F6179093F717A093E4
:10110000F817B093F91781EC92E70E94CC6E0F9418
:10111000578289EB92E70E94CC6E6091F61770912E
:10112000F7178091F8179091F9174AE00E94CD6D5A
:101130000E94C46E1092FD171092FE171092FF17B6
:10114000109200188BEA92E70E94F3708BEA92E704
:101150000E9460EE1092120E0F900F90DF91CF91CF
:101160001F910F91FF90EF90DF90CF90BF90089567
:10117000F801108254CF81E494E70E94CC6E80EE97
:1011800092E70E94CC6EC7010E9461827ACF1092D2
:101190009C1781E494E70E94CC6E8FEC92E70E944A
:1011A000CC6EC7010E94618270CF88EA9CE60E94E3
:1011B000CC6E89819A810E9455828EE20E94B96D1F
:1011C0000E94C46EC9CF0F946D5389E797E10F94C5
:1011D000E14580919C17882369F1815080939C1789
:1011E00025E5829FC001112461E08F55984E0F9430
:1011F000AB87E0919C1784E0E89FF0011124E3564F
:10120000F84E60817181828193816093FD177093A4
:10121000FE178093FF17909300180F94D27D809152
:10122000EA14882371F081E08093E91485E08093CB
:10123000110E08951092E91483E08093110E0C941E
:101240009D810895CF92DF92EF92FF920F931F93AB
:10125000CF93DF93082F1092EA14809172158823A0
:1012600021F08FE695E10F94E14510925917109205
:1012700056170F948421EB010F94E87C80910401B0
:101280008064809304012398229A219A209A289AB4
:1012900085E08093571782E58CBD1DBC1AE08FEF67
:1012A0000F94B63F1150D9F72B9A20E030E0A901F6
:1012B00060E086E597E10F94C23F80935817813034
:1012C00061F00F9484216C1B7D0B613D774068F3C6
:1012D0002B9881E08093561722C02B980F9484217D
:1012E000EB018EE992E70E94F3708FEF0F94B63F07
:1012F0000F94BB3F809358178F3F59F18FEF0F9496
:10130000B63F0F9484216C1B7D0B6232710580F314
:1013100082E0809356178DE892E70E94F3700F9455
:10132000E87C81E494E70E94CC6E8BE99CE60E9405
:10133000F3708091EA14882309F49AC0802FDF911A
:10134000CF911F910F91FF90EF90DF90CF900D9470
:101350000E872AEA31E040E050E068E086E597E158
:101360000F94C23F82FF2BC081E080935917809178
:101370005917C12CD12C7601823029F4C12CD12CE3
:10138000E12C80E4F82E20E030E0A90167E386E557
:1013900097E10F94C23FA701960169E286E597E1C4
:1013A0000F94C23F809358178823B1F00F94842183
:1013B0006C1B7D0B613D774030F38AE08BCF14E0EE
:1013C0000F94BB3F809358171150D1F78A3A11F010
:1013D00082E080CF82E0C9CF809159178230D1F46A
:1013E00020E030E0A9016AE386E597E10F94C23F6F
:1013F000882311F088E06ECF0F94BB3F807C803C47
:1014000019F483E0809359170F94BB3F0F94BB3FAF
:101410000F94BB3F0F94E87C1092571781E00F9414
:10142000A47081110CC080E00F94A470811107C0DA
:1014300089E194E70E94CC6E88E89CE678CF6BE562
:1014400077E18FE695E10F943A43811107C089E176
:1014500094E70E94CC6E88E79CE669CF81E0809398
:10146000EA1481E494E70E94CC6E8DE69CE65FCF9F
:10147000DF91CF911F910F91FF90EF90DF90CF9070
:1014800008954F925F926F927F928F929F92AF9248
:10149000BF92CF92DF92EF92FF924B015C0160917D
:1014A0000E0E70910F0E072E000C880B990B0F94E7
:1014B00057B520E030E0A9010F94E6BC8823D1F0B5
:1014C00010920D0ECC24CA94DC2C760198EE492E95
:1014D00093E0592E612C712C80910D0E81110AC060
:1014E0002FEFC216D206E206F20689F480910C0EA6
:1014F0008230B9F4FF90EF90DF90CF90BF90AF9023
:101500009F908F907F906F905F904F900895F7FC21
:10151000F1CF0F9484216C197D09683B7B4030F337
:10152000E9CF0F948421681979098A099B09693EDA
:1015300073408105910508F442C08091100E81111D
:101540003AC08AE892E70E94CC6E6091080E7091D2
:10155000090E80910A0E90910B0E41E00E944E6E92
:1015600086E892E70E94CC6E60E070E0CB010E94BA
:10157000326E82E892E70E94CC6EF7FC52C00F9464
:1015800084214601570158EB850E5BE0951EA11C96
:10159000B11CA5019401261B370B480B590BCA013E
:1015A000B901A30192010F943CBBCA01B9010E9489
:1015B000326E0E94C46E0F9484214B015C0190E056
:1015C00080E00E94EF8B3FEFC316D306E306F306DD
:1015D00009F046C08091070E60910E0E70910F0EBB
:1015E000882319F1072E000C880B990B0F9457B51F
:1015F00020E030E040E85FE30F94F0BB9B01AC01DA
:101600006091080E7091090E80910A0E90910B0E58
:101610000F947ABE87FD60CF0F9484216B017C010B
:101620005BCF8FE30E94B96DC4CF072E000C880BEF
:10163000990B0F9457B520E030E040E85FE30F943A
:10164000F1BB9B01AC016091080E7091090E809175
:101650000A0E90910B0E0F94E6BC1816ECF63CCFD8
:10166000F7FC3ACF60910E0E70910F0E072E000C12
:10167000880B990B0F9457B59B01AC016091080E34
:101680007091090E80910A0E90910B0E0F94F0BB91
:101690009F7720E030E040EA50E40F947ABE1816BD
:1016A0000CF01ACFB9CF1F93CF93DF93EC01162F15
:1016B0008091E613833009F44DC08C3109F451C098
:1016C00080910B1490910C148C179D0771F1D0939D
:1016D0000C14C0930B1410930D14CE010E949B4C5C
:1016E000E82FF0E0EE0FFF1FEA54FE488591949139
:1016F0000E94F770C130D105C1F0CC3080E8D80726
:10170000A1F0C93280E8D80781F00E94AE6CCE010A
:1017100088279E77892B49F08091191490911A148B
:10172000019690931A14809319148091F8138823CA
:10173000D9F011E01093060ECE010E94EC4D8F3FC0
:1017400099F01093F91383EA91E7DF91CF911F91FC
:101750000C94F370109216140F94AF671092040E4D
:10176000AFCF10921514F8CF1092F9138091050E97
:10177000811106C0CE01DF91CF911F910C945D685D
:10178000DF91CF911F9108952F923F924F925F92D8
:101790006F927F928F929F92AF92BF92CF92DF9281
:1017A000EF92FF920F931F93CF93DF9300D01F927E
:1017B000CDB7DEB75C014B0180917C17813009F019
:1017C000DEC080917A1781FFDAC082FDBCC074014F
:1017D000212C32E0332E0091811710918217209135
:1017E000831730918417E114F10409F430C180911A
:1017F000921790919317DC0114967C907A94B9011A
:10180000A80129E076956795579547952A95D1F7D0
:1018100074221170711025C00115110511F5409148
:101820007D1750917E1760917F1770918017411539
:1018300051056105710509F0A8C080918E1790913E
:101840008F17A0919017B09191170097A105B1053E
:1018500009F0B4C089E797E10F949744882309F40D
:101860008EC0C101801B910B67018E159F0508F486
:101870006C01E0919217F091931780917D179091F0
:101880007E17A0917F17B09180170297A109B10927
:10189000258504C0880F991FAA1FBB1F2A95D2F760
:1018A0004685578560897189840F951FA61FB71FCC
:1018B0009C01AD01270D311D411D511D29013A012A
:1018C000C11432E0D30609F08AC08091EA0E9091EB
:1018D000EB0EA091EC0EB091ED0E481659066A067B
:1018E0007B0669F41092F20E8FEF9FEFDC0180937C
:1018F000EA0E9093EB0EA093EC0EB093ED0E9501D3
:10190000B301A2018091F30E9091F40E0F94224046
:101910008823A9F18091811790918217A091831754
:10192000B09184178C0D9D1DA11DB11D8093811751
:1019300090938217A0938317B0938417AC0CBD1CAF
:10194000EC18FD0848CF40918A1750918B17609191
:101950008C1770918D178091811790918217A091AB
:101960008317B0918417481759076A077B0709F452
:101970002ECF89E797E10F940344811128CF81E0AE
:10198000809379178FEF9FEF81C09E012F5F3F4FAC
:101990000F944D42882399F389819A81AB81BC8150
:1019A000E0919217F09193172789203181F4883FB5
:1019B000EFEF9E07A105B10508F04CCF80937D178E
:1019C00090937E17A0937F17B09380174ACF883FDC
:1019D000FFEF9F07AF07FFE0BF0780F33BCF011585
:1019E000110569F540918117509182176091831715
:1019F0007091841780918A1790918B17A0918C1702
:101A0000B0918D17481759076A077B07C0F00F94EC
:101A10008640882309F4B3CF81E08093F20E409290
:101A2000EA0E5092EB0E6092EC0E7092ED0EA60153
:101A3000B501C8018A50914F0F94F2C06BCF41E0BD
:101A4000C301B2010F947E418111F1CF98CF8091F3
:101A50008A1790918B17A0918C17B0918D178017D2
:101A60009107A207B30768F480917A1700938A1749
:101A700010938B1720938C1730938D178068809369
:101A80007A1780917A1783FD18C0C4010F900F90C8
:101A90000F900F90DF91CF911F910F91FF90EF90DA
:101AA000DF90CF90BF90AF909F908F907F906F907E
:101AB0005F904F903F902F90089589E797E10F94A2
:101AC000AC458111E2CF5BCF0F93CF93DF93CDB7BE
:101AD000DEB7A3970FB6F894DEBF0FBECDBF20913F
:101AE0008A1630918B1682179307D8F4613031F43F
:101AF00021503109A901481B590BCA01880F991FB0
:101B0000FC01E457F94E808191810F94BB81A3962B
:101B10000FB6F894DEBF0FBECDBFDF91CF910F910E
:101B2000089544E955E15093931540939215821B13
:101B3000930B0196909302188093011840915417CB
:101B40005091551785E0440F551F8A95E1F770E0D5
:101B500060E084E995E10F94034400E00E7F0D7F7F
:101B6000E0919215F091931583E2DE0111960190B8
:101B70000D928A95E1F722E050E040E0BE016F5FF0
:101B80007F4F89EF92E00F94457FCE0101960E942E
:101B9000B36DBDCF0F931F93CF93DF931F921F920F
:101BA000CDB7DEB72091EA14222369F18C01809130
:101BB0007C17882379F18AEC90E70E94F3701092E9
:101BC000E9141A830983CE0101960F94268788238E
:101BD000D1F049815A81609192157091931526E553
:101BE00089E797E10F94F26B811122C088EA9CE6A5
:101BF0000E94CC6E89819A810E9455828EE20E9459
:101C0000B96D0E94C46E0F900F90DF91CF911F911C
:101C10000F91089510929C1781E494E70E94CC6E76
:101C20008FEC92E70E94CC6EC8010E946182C7CF00
:101C300081E08093E71489819A810F94748188EB05
:101C400090E70E94CC6E0F9457820E94C46E8BEA7C
:101C500092E70E94F3708BEA92E70E9460EE109286
:101C6000120ED1CF0F931F93CF93DF93EC0184E03B
:101C7000FE0111928A95E9F723E030EA4AE050E943
:101C800060E386E597E10F94C23F882391F023E05B
:101C900030EA4AE050E961E186E597E10F94C23FFE
:101CA000882339F080E8809356170F94E87C80E011
:101CB0002FC00F9484218B010F94BB3F8093581742
:101CC0008F3F69F40F948421601B710B6D3271405A
:101CD00098F381E1809356170F94E87CE6CF8E3F0E
:101CE00011F08FE0F7CF8E010C5F1F4F0F94BB3FB9
:101CF0008993C017D107D1F7CEEFD1E00F94BB3F46
:101D00002197E1F70F94E87C8FEF0F94B63F81E0C5
:101D1000DF91CF911F910F9108958F929F92AF9273
:101D2000BF92CF92DF92EF92FF920F931F93CF93C8
:101D3000DF931F92CDB7DEB76B017C0149015A01D9
:101D4000033019F48CE58CBD1DBC81149104A104F1
:101D5000B10409F459C08E2D0E94336D8D2D0E945F
:101D6000336D8C2D0E94336D60912518709126186B
:101D700080E290E00F9431B910E119820130B1F1A5
:101D800088F10330B9F18FEFC81AD80AE80AF80AC7
:101D9000609125187091261880E290E00F9431B977
:101DA00089810E94336D115081E0881A9108A10841
:101DB000B1080FB607FE06C0C4019F71892B11F44C
:101DC0000F94455181149104A104B10411F0111133
:101DD000D4CF60912518709126188AE090E00F9476
:101DE00031B9B3CFF60180818983CDCFC6010F947D
:101DF000C9BAFACF21E030E0AE014F5F5F4FC701B3
:101E0000B6010E9430E9BFCF0F90DF91CF911F91B3
:101E10000F91FF90EF90DF90CF90BF90AF909F9089
:101E20008F900895CF93DF93C3E0D8E11A8219828F
:101E30001E868091E80E9091E90E988B8F870F9403
:101E400048831D8ADF91CF910895CF92DF92EF9260
:101E5000FF9269017A012DEC3CEC4CE45EE30F94B7
:101E6000F0BB2DEC3CEC4CE45EE30F9496B52DEF0B
:101E70003DEA40E05DE30F94F1BBA70196010F94AA
:101E800096B524E230EF49E150E40F94F0BCFF90A6
:101E9000EF90DF90CF9008959FB7F89480E1EBEF3B
:101EA000F6E0ABE0B7E001900D928A95E1F79FBFB5
:101EB000089589E080931C07E0EEF0E78591949106
:101EC0000C9460EECF93C82F8093FA1381E494E7CB
:101ED0000E94CC6E82EB90E70E94CC6E88EA90E77D
:101EE0000E94CC6E8C2F90E0CF910D942B7D0F93A0
:101EF0001F93CF93DF9300D000D01F921F92CDB7D6
:101F0000DEB708EE13E01D821E821F82188619823A
:101F10001A821B821C82AE014B5F5F4F6FE680E02E
:101F20000F94EF1DAE014F5F5F4F6FE681E00F949E
:101F3000EF1D8D819E81AF81B885B7FD07C00F94DD
:101F40001F2201501109F9F680E009C089819A81A8
:101F5000AB81BC81B7FFF3CF0F941F2281E028969D
:101F60000FB6F894DEBF0FBECDBFDF91CF911F91AA
:101F70000F9108951F93CF93DF93EC01162F0F94C9
:101F80006D53FE0134962591359145915491FE0192
:101F900065917591859194910E94704C289611508D
:101FA00081F70F946D53DF91CF911F910C946E4C7C
:101FB0000E940C57811104C08AE59CE60E9460EEE5
:101FC00010921C07089580911314882311F081E06A
:101FD000089580E008952F923F924F925F926F9202
:101FE0007F928F929F92AF92BF92CF92DF92EF92A9
:101FF000FF920F931F93CF93DF93CDB7DEB72D974B
:102000000FB6F894DEBF0FBECDBFE82E412C512C89
:1020100032016E3190F0693C08F068EC70E0685174
:102020007C4F90E080E00F9455B520E030E04AE727
:1020300054E40F94F0BC2B013C018091C7029091B5
:10204000C802A091C902B091CA0289839A83AB8366
:10205000BC838091CB029091CC02A091CD028D8364
:102060009E83AF8320E030E047EF50E069EE8E2D95
:102070000F94491E812C912C5401F12C10E001E0A9
:10208000D12C19862F2C312C8F2D8F71888781119F
:1020900003C0812C912C5401B101032C000C880B3E
:1020A000990B0F9457B52BED3FE049EC50E40F949A
:1020B00096B56A877B878C879D8720E030E0A901F1
:1020C000C301B2010F94E6BC81114DC02BED3FE07E
:1020D00049E450E46A857B858C859D850F94F1BB2E
:1020E00020E030E040E85AE30F9496B50F94B1BF7A
:1020F00020E030E048E753E40F9496B520E030E06C
:1021000040E05FE30F94F1BB0F9469BDCC24CA9407
:10211000C60E8C2D9985891B8D15F9F0801709F451
:1021200071C08D150CF053C08823E9F1813009F49A
:1021300044C08F3F09F081C0E2E0F0E0EC0FFD1FEA
:10214000E10FF11D108200E0E5E0F0E0EC0FFD1F73
:10215000E10FF11DF0821F5FD82E143008F456C035
:102160006CC0F82E8FCF20E030E040E85AE36A855B
:102170007B858C859D850F9496B50F94B1BFA30187
:1021800092010F9461BF20E030E047E753E40F94E1
:1021900096B520E030E040E05FE30F94F1BB0F9490
:1021A00069BDC62EB6CFE2E0F0E0EC0FFD1FE10FF7
:1021B000F11D91E0908301E0C7CFE2E0F0E0EC0F89
:1021C000FD1FE10FF11D92E0908302E0BDCF0817E3
:1021D000A4F5823009F480C0833009F488C08130CE
:1021E00061F5E2E0F0E0EC0FFD1FE10FF11D8083EF
:1021F00001E0D12CE5E0F0E0EC0FFD1FE10FF11D57
:10220000F0821F5F1430C8F46894B7F888858F3166
:1022100009F078C0B101E5E075956795EA95E1F7B9
:10222000605A6068A50194018E2D0F94491E81E0CB
:102230008F0DC9869FEFF91294CF2A8130E050E0CC
:1022400040E082E0220F331F441F551F8A95D1F7CB
:102250008B80912CB12CA12C94E0880C991CAA1C89
:10226000BB1C9A95D1F7822A932AA42AB52A898180
:10227000882A8C8190E0B0E0A0E09C01AD0166E08E
:10228000220F331F441F551F6A95D1F7282939297A
:102290004A295B298D81382B8E81482B8F81582BC1
:1022A00068EE8E2D2D960FB6F894DEBF0FBECDBF13
:1022B000DF91CF911F910F91FF90EF90DF90CF9022
:1022C000BF90AF909F908F907F906F905F904F9056
:1022D0003F902F900D94491EE2E0F0E0EC0FFD1FBF
:1022E000E10FF11D808302E0DD24D39483CFE2E08F
:1022F000F0E0EC0FFD1FE10FF11D808303E0F2E041
:10230000DF2E78CFB694A7949794879490CF8F922E
:102310009F92AF92BF92CF92DF92EF92FF929091F5
:10232000E606882309F49DC0911192C00F946D5365
:102330000E94A2576091BD027091BE02072E000C50
:10234000880B990B0F9457B520919A0E30919B0EE4
:1023500040919C0E50919D0E0F9496B52AE037ED5A
:1023600043E25CE30F9496B52091F6063091F706B0
:102370004091F8065091F9060F94F1BB6093F60670
:102380007093F7068093F8069093F90686EF96E02F
:102390000F94B354C090B902D090BA02E090BB023F
:1023A000F090BC0220E030E040E752E460919E0EE5
:1023B00070919F0E8091A00E9091A10E0F9496B5F2
:1023C0006093B9027093BA028093BB029093BC02EF
:1023D00081E08093E60690E080E00E94F65C20E0D9
:1023E00030E0A9016091A20E7091A30E8091A40E1D
:1023F0009091A50E0F94E6BC882311F10F946D53B4
:102400002091A20E3091A30E4091A40E5091A50EE2
:102410006091F2067091F3068091F4069091F506B2
:102420000F94F0BB6093F2067093F3068093F4066A
:102430009093F5060F94226390E080E00E94F65C92
:10244000C092B902D092BA02E092BB02F092BC02F2
:10245000FF90EF90DF90CF90BF90AF909F908F90C4
:1024600008959923A9F30F946D530E94A257809069
:10247000B9029090BA02A090BB02B090BC0220E0DA
:1024800030E040E752E46091AA0E7091AB0E80916B
:10249000AC0E9091AD0E0F9496B56093B902709307
:1024A000BA028093BB029093BC02C090A20ED0905F
:1024B000A30EE090A40EF090A50E20E030E0A9015C
:1024C000C701B6010F94E6BC8823E1F0A70196018D
:1024D0006091F2067091F3068091F4069091F506F2
:1024E0000F94F1BB6093F2067093F3068093F406A9
:1024F0009093F5060F94226390E080E00E94F65CD2
:102500000F946D532091A60E3091A70E4091A80E06
:102510005091A90E60919A0E70919B0E80919C0E25
:1025200090919D0E0F94F1BB6B017C016091BD02F7
:102530007091BE02072E000C880B990B0F9457B5B3
:102540009B01AC01C701B6010F9496B52AE037EDA7
:1025500043E25CE30F9496B59B01AC016091F606F3
:102560007091F7068091F8069091F9060F94F0BBF0
:102570006093F6067093F7068093F8069093F90639
:1025800086EF96E00F94B3541092E60690E080E058
:102590000E94F65C8092B9029092BA02A092BB02AD
:1025A000B092BC0255CFEF92FF920F931F93CF933F
:1025B000C82F8B0180910901C130B9F0C230C1F040
:1025C0008170481721F0642F8C2F0F94AC1D8BE97C
:1025D000E82E8FE0F82E0150110970F08C2F0F9427
:1025E0009B1DC7010197F1F7F6CF86958C27E8CFA1
:1025F00082FB882780F9E5CFCF911F910F91FF9043
:10260000EF9008958F929F92AF92BF92CF92DF92F8
:10261000EF92FF920F931F93CF93C82F8A01C62E7C
:10262000D12C1F934F9383E08F9388EE8F931F924B
:1026300082E08F931F926F931F92CF938FE69FE656
:102640009F938F930F948BB98DB79EB70C960FB64F
:10265000F8949EBF0FBE8DBF90E080E040E051E057
:10266000282FBA01082E02C0769567950A94E2F7E2
:102670000617170729F001968830910589F728E099
:10268000E22EF12C88E090E08E199F0924E030E0E2
:10269000590102C0AA0CBB1C8A95E2F78C2F0F943B
:1026A000731E9C0190E0C43028F4EC2FF0E0EA5D4A
:1026B000FC4F90810E2C02C0369527950A94E2F7C4
:1026C0008601021B130B95013695279561E02017B3
:1026D000310774F1911160E017FF05C081E06827B0
:1026E0001195019511098C2F0F94AC1D8C2F0F940F
:1026F000731EB12CA12C2BE9822E2FE0922E0A15ED
:102700001B05F1F02FEFA21AB20A0E2C02C096950B
:1027100087950A94E2F78C159D0591F08C2F0F9404
:102720009B1DC4010197F1F78C2F0F94731EE7CF07
:10273000911101C060E0C501801B910B8C01CCCFD1
:10274000CF911F910F91FF90EF90DF90CF90BF90AE
:10275000AF909F908F90089510921B14ECE1F4E1DC
:1027600084ECDF011D928A95E9F708952F923F923C
:102770004F925F926F927F928F929F92AF92BF9291
:10278000CF92DF92EF92FF920F931F93CF93DF933D
:1027900000D01F92CDB7DEB74B015C01042F81E062
:1027A0008093E5068091E40610E0813019F40E94E0
:1027B000175611E02091B8022A8381E08093B80275
:1027C00080E00F94823C89830F94903C8092F206C3
:1027D0009092F306A092F406B092F50665E575E5D1
:1027E00085E591E40E94904C0E94BB4E0F94903C72
:1027F0008C83882309F4F9C08091060186FFF5C017
:102800001B82C12CD12C7601312C8B81801708F0D2
:10281000A8C06091F2067091F3068091F406909141
:10282000F50620E030E040E05FE3311004C02DEC1D
:102830003CEC4CE45EE30F94F1BB2B013C01409275
:10284000F2065092F3066092F4067092F50665E582
:1028500075E585E591E40E94904C8092F206909295
:10286000F306A092F406B092F50665E575E585E5F8
:1028700090E40E94904C0E94BB4EA3019201609193
:10288000F2067091F3068091F4069091F5060F948C
:10289000F0BB9F772DEC3CEC4CEC5CE30F94E6BC7A
:1028A00087FF16C060E070E080E09FE30E94CF5E8B
:1028B0008092F2069092F306A092F406B092F5068A
:1028C00065E575E585E590E40E94904C0E94BB4E5D
:1028D0000F94903C282E882309F487C0809106012C
:1028E00086FF83C04090F2065090F3066090F40695
:1028F0007090F5062B812223D9F0622F70E090E0D2
:1029000080E00F9457B59B01AC01C701B6010F944D
:10291000F0BC9B01AC01C301B2010F94F0BB9F77E7
:102920002DEC3CEC4CE45DE30F947ABE181664F099
:10293000A3019201C701B6010F94F1BB6B017C01A9
:102940002B812F5F2B8361CF31104FC084EF91E03B
:102950000E94EF8B322C8FEF8B83C12CD12C760110
:10296000EFCF023068F5C092F206D092F306E09203
:10297000F406F092F5068A818093B80289810F945B
:10298000823C112319F080E00E9417561092E50650
:102990008C810F900F900F900F90DF91CF911F912E
:1029A0000F91FF90EF90DF90CF90BF90AF909F90EE
:1029B0008F907F906F905F904F903F902F900895F1
:1029C000602F70E090E080E00F9455B59B01AC0162
:1029D000C701B6010F94F0BC6093F2067093F30642
:1029E0008093F4069093F506C6CF2A812093B8020F
:1029F00089810F94823C112319F080E00E941756C0
:102A00001092E5061C82C4CF2F923F924F925F92A4
:102A10006F927F928F929F92AF92BF92CF92DF92EE
:102A2000EF92FF920F931F93CF93DF93CDB7DEB753
:102A3000CE5CD1090FB6F894DEBF0FBECDBF182F04
:102A400081E00E94175681E00E944E89111104C056
:102A50000F943E270E941A6D80E00E94C8630F9475
:102A6000AC930E94F5511092E3061092E206E7EE55
:102A7000F6E083E0DF011D928A95E9F781E00E948C
:102A80004F56C755DF4F99838883C95AD04088E194
:102A90009BE60E9413F160E070E080EA90E40E94FF
:102AA0004E5F0E94A25750E040E061E080E00E944B
:102AB000097250E040E061E081E00E9409720F94E9
:102AC00022630F949E3C1092B80220E030E040EA6E
:102AD00050E46091EA067091EB068091EC069091CB
:102AE000ED060F94F1BB6093EA067093EB068093BA
:102AF000EC069093ED0620E030E040EA50E460916F
:102B0000EE067091EF068091F0069091F1060F9419
:102B1000F1BB6093EE067093EF068093F0069093FE
:102B2000F10660E070E080EA91E40F947C670F9416
:102B30006D530E940063E5968FAFE597811104C045
:102B4000E5961FAEE5977AC48EED9AE60E94B7F936
:102B5000112309F450C440E060E080E499E60E944B
:102B6000B8F8882321F08BE199E60E94B7F98EEA44
:102B70009AE60E9413F146E55CE663E080E00E947D
:102B8000A2600E942A56111120C084E08093BF02E7
:102B900041E060E080E499E60E94B8F8811104C049
:102BA00083EF98E60E94B7F988EF99E60E94B7F99B
:102BB00082E08093BF028EE89AE60E9413F14EE411
:102BC0005CE663E080E00E94A2600091B80210928F
:102BD000B80260E070E080E89FEB0E94CF5EC12CFD
:102BE000D12C80EAE82E80E4F82EC092F206D09232
:102BF000F306E092F406F092F50681E08093B802C5
:102C000084E00F94D61F60E070E080EA91E40F94B6
:102C10007C670F946D530F94A71F0093B80282E056
:102C20000F94CE312DEC3CEC44EA50E40F94E6BC1A
:102C300018160CF4E7C382E00F94CE3123E333E39C
:102C40004BE950E40F947ABE87FDDCC31111DFC35A
:102C500080E10E9486EA81EA9DE00F94C9BABBE058
:102C60008B9FC001112470E060E0805B924F0F9455
:102C70000BBB0E942A56ECE1F4E184ECDF011D92CB
:102C80008A95E9F783E99EE60E94CC6E81E090E0A8
:102C90000F942B7D8EE89AE60E9413F1C092F20603
:102CA000D092F306E092F406F092F506B2E0E196D7
:102CB000BFAFE1972EE63EE6CD56DF4F398328833E
:102CC000C359D0404BE154E1CF56DF4F598348837D
:102CD000C159D040A0965FAF4EAFA097E0963FAFEE
:102CE0002EAFE097A7961FAEA797312C212C0E94FC
:102CF0002A5663E080E00E94F55FBFEF2B1A3B0A83
:102D00003F922F92EEE8FEE6FF93EF930E94A65FBC
:102D100065E575E585E591E40E94904CE096EEADA1
:102D2000FFADE09785919591A591B4918093EA06C6
:102D30009093EB06A093EC06B093ED06E096EEAD13
:102D4000FFADE097349685919591A591B4918093CC
:102D5000EE069093EF06A093F006B093F10660E0C4
:102D600070E088E492E40E94904C43EF5CE65F934D
:102D70004F930F948BB942EE5CE663E084E00E94CF
:102D8000A2600F943E270F946D5380916F008D7F4A
:102D900080936F000FB6F894A895809160008861C9
:102DA00080936000109260000FBE1092E1061092B6
:102DB000E00680E298EC9093DF068093DE06ABE1BC
:102DC000B8ECB093DD06A093DC06009113071091D8
:102DD0001407209115073091160740910F07509165
:102DE0001007609111077091120780910B07909165
:102DF0000C07A0910D07B0910E073F932F931F93DF
:102E00000F937F936F935F934F93BF93AF939F9372
:102E10008F93E2E9FDE6FF93EF930F948BB9409017
:102E20000B0750900C0760900D0770900E07B42CA4
:102E3000A52C80910F0790911007A0911107B091D8
:102E40001207A6968CAF9DAFAEAFBFAFA697A39665
:102E50009FACA397A4968FACA497C0901307D09073
:102E60001407E0901507F09016070FB6F894DEBF30
:102E70000FBECDBFB5E0CB16B7EFDB060CF43EC3FB
:102E80001A8219821F921F92E3E0EF93F4E8FF93F6
:102E90001F9224E62F93DF92CF928F929F92AF9250
:102EA000BF9249E05DE65F934F930F948BB90FB6E5
:102EB000F894DEBF0FBECDBF89819A81803D9240DC
:102EC00008F4E7C289819A81803A954010F00D9408
:102ED00049A69E012F5F3F4F790110E000E02CE7EB
:102EE0003CEFA60144565109692D782D8B2D9A2D62
:102EF0000F94A476882311F40D9449A689819A81B0
:102F000080539D4FC0901307D0901407E090150791
:102F1000F090160700910F071091100720911107EC
:102F20003091120740910B0750910C0760910D07EB
:102F300070910E079F938F93DF92CF921F930F9301
:102F40005F934F938EE69DE69F938F930F948BB97B
:102F5000409113075091140760911507709116075F
:102F60004854510900E028EC30E0A3966FADA397D8
:102F7000A4967FADA497C2010E94BEE720910B07E3
:102F800030910C0740910D0750910E076E962CAFB3
:102F90003DAF4EAF5FAF6E9780910F0790911007D6
:102FA000A0911107B0911207AE968CAF9DAFAEAF56
:102FB000BFAFAE97209113073091140740911507CA
:102FC00050911607E9962CAF3DAF4EAF5FAFE99732
:102FD000ADE1BBE00FB6F894DEBF0FBECDBF90E011
:102FE00080E0FC01E75FF149259134912D933D93F9
:102FF000FC01EF50F2492591349157963C932E9362
:10300000569702968831910561F7E7964EAD5FAD10
:10301000E797AC966EAD7FADAC976C968EAD9FADDD
:103020006C970F94E0772DE137E0A4963FAF2EAF79
:10303000A4977901A0E29A2EB4EBCB2EBDE6DB2E4D
:1030400009E01FE65701F0E28F2ED5018D915D0159
:103050001F928F93DF92CF920F948BB98A940F9027
:103060000F900F900F908110F0CF1F930F930F943C
:103070008BB99A94B0E2EB0EF11C0F900F90911067
:10308000E1CF1F930F930F948BB96DE17BE00F900D
:103090000F90EDE1F7E090E080E050E040E021911A
:1030A00021116BC44F5F5F4F6E177F07C1F79A0105
:1030B000280F391F25383340A4F0433351058CF0D5
:1030C0008333910574F020E034E0241B350B281B7A
:1030D000390B241735072CF41DEF281739070CF48A
:1030E0003DC266961FAE669762961FAE62972296A5
:1030F0001FAE22971982AE014F5A5F4FBE016B5A25
:103100007F4F8DE19BE00F94C76F082FAE014F5F9B
:103110005F4FBE016F5B7F4F85E39BE00F94C76FEE
:1031200066966FAD669762961FAD6297801728F01E
:1031300022966FAD22971981082F083508F422C412
:1031400070E090E080E00F9457B520E030E040EB75
:1031500050E40F94F1BB2B013C0165964CAE5DAE83
:103160006EAE7FAE6597612F70E090E080E00F94C7
:1031700057B520E030E040EB50E40F94F1BB4B0139
:103180005C0125968CAE9DAEAEAEBFAE259720E01D
:1031900030E040E950E429833A834B835C83AE01FD
:1031A0004F5F5F4FBE016F5B7F4FCE018F5A9F4FC6
:1031B0000F942473A301920165966CAD7DAD8EAD25
:1031C0009FAD65970F94F0BB6B017C019F7720E06A
:1031D00030E040E450E40F947ABE181634F1A501B3
:1031E000940125966CAD7DAD8EAD9FAD25970F9466
:1031F000F0BB9F7720E030E040E450E40F947ABECB
:1032000018169CF020E030E040EA50E469817A81B1
:103210008B819C810F94F0BB9F7720E030E040E4ED
:1032200050E40F947ABE1816BCF520E030E040EA76
:1032300050E469817A818B819C810F94F0BB9F93CC
:103240008F937F936F93A501940125966CAD7DAD0F
:103250008EAD9FAD25970F94F0BB9F938F937F9377
:103260006F93FF92EF92DF92CF9285ED9DE69F9351
:103270008F930F948BB965964CAE5DAE6EAE7FAEFC
:10328000659725968CAE9DAEAEAEBFAE25970FB6B8
:10329000F894DEBF0FBECDBF20E030E048E751E438
:1032A00065966CAD7DAD8EAD9FAD65970F94F0BB0F
:1032B00020E030E040E852E40F9496B56B017C01C9
:1032C0006C96AEADBFAD6C97BD01BB0F880B990B73
:1032D0000F9457B59B01AC01C701B6010F94F1BB28
:1032E0006B017C016596CCAEDDAEEEAEFFAE6597B0
:1032F00020E030E048E751E425966CAD7DAD8EAD21
:103300009FAD25970F94F0BB20E030E040E852E4F9
:103310000F9496B54B015C01AC96EEADFFADAC974A
:10332000BF01FF0F880B990B0F9457B59B01AC01A0
:10333000C501B4010F94F1BB25966CAF7DAF8EAF84
:103340009FAF25972AE037ED43E25CE30F9496B5F3
:103350009F938F937F936F932AE037ED43E25CE373
:10336000C701B6010F9496B59F938F937F936F9388
:1033700089EB9DE69F938F930F948BB920E030E00B
:1033800040E05FE325966CAD7DAD8EAD9FAD25979A
:103390000F94F1BB0F9462BD6B0120E030E040E080
:1033A0005FE365966CAD7DAD8EAD9FAD65970F9477
:1033B000F1BB0F9462BDCB0100E028EC30E0E79652
:1033C0004EAD5FADE797B6010E94BEE70FB6F89429
:1033D000DEBF0FBECDBF10E08DEF9DE0A496AEAD79
:1033E000BFADA4971D92A496BFAFAEAFA4978A17A6
:1033F0009B07A1F7B3C08EE89AE60E9413F142E55D
:103400005CE6BBCB8FE99EE60E94B7F999CBC75526
:10341000DF4F88819981C95AD0400E9435560E9459
:103420008E500E94CA4E0E94C574E5968FAFE597F4
:10343000882309F485CB84E00E94DBEA81E00E94C6
:10344000C86380E00E94175680E00E944E89E5968E
:103450008FADE597C253DF4F0FB6F894DEBF0FBEB6
:10346000CDBFDF91CF911F910F91FF90EF90DF9033
:10347000CF90BF90AF909F908F907F906F905F9014
:103480004F903F902F900895E1E0E196EFAFE197E4
:1034900011CCFE0131967F0110E000E024E833E01A
:1034A000A601692D782D8B2D9A2D0F94A476882353
:1034B00009F408CD89819A8125CD89819A8180344A
:1034C0009B40B8F4CE0101967C0104EB10E02CE7A0
:1034D0003CEFA6014C525140692D782D8B2D9A2D31
:1034E0000F94A476882329F089819A818059974F77
:1034F00009CD90E9C91A91E0D90ABCCC0091130713
:1035000010911407209115073091160740910F076D
:1035100050911007609111077091120780910B076D
:1035200090910C07A0910D07B0910E073F932F9338
:103530001F930F937F936F935F934F93BF93AF93BB
:103540009F938F9381E49DE69F938F930F948BB904
:103550000FB6F894DEBF0FBECDBF1FEF81E29EE62F
:103560009F938F930F948BB963E084E00E94F55F83
:1035700080E10E94C35F0E94AC5788E198E20FB6D9
:10358000F894A895809360000FBE9093600080919E
:10359000600080648093600080916F0082608093FF
:1035A0006F000F900F901D3F09F4EEC11F3F11F403
:1035B0000D940EA620E030E0A901A096EEADFFAD7F
:1035C000A09761817281838194810F9496B5209137
:1035D000EA063091EB064091EC065091ED060F940F
:1035E000F1BBA096AEADBFADA09711966D937D9344
:1035F0008D939C931497C090EE06D090EF06E090C8
:10360000F006F090F10620E030E0A90115966D91EA
:103610007D918D919C9118970F9496B5A701960175
:103620000F94F1BBA096EEADFFADA09765837683B6
:103630008783908720E030E040E850ECC701B60176
:103640000F94E6BC87FF0CC080E090E0A0E8B0ECEF
:103650008093EE069093EF06A093F006B093F106E8
:1036600020E030E040E450E46091F2067091F3060F
:103670008091F4069091F5060F94F1BB6093F206E9
:103680007093F3068093F4069093F506E0962EADC2
:103690003FADE097285F3F4FE0963FAF2EAFE097FA
:1036A000A0964EAD5FADA097485F5F4FA0965FAF0D
:1036B0004EAFA09754E02516310409F018CBA79619
:1036C0006FADA797662331F0E1968FADE19781301A
:1036D00009F0DACE8DE29CE69F938F930F948BB91D
:1036E00090E080E00E94EF8B0F900F9020E030E0A0
:1036F00040E950EC609120147091211480912214C3
:10370000909123140F94E6BC87FF45C18DE69EE699
:103710000E94F3708BE39EE60E94CC6E60912014B1
:1037200070912114809122149091231442E00E9400
:103730004E6E87E39EE60E94CC6E60E070E080E90A
:1037400090EC0F94DD7C92E0AF969FAFAF97109214
:103750004C1410924D1410924E1410924F1410925B
:103760005014109251141092521410925314A4E653
:10377000E696AFAFE697A2961CAE1DAE1EAE1FAE8C
:10378000A297A6961CAE1DAE1EAE1FAEA697FE015A
:1037900031966896FFAFEEAF68979E012F5B3F4F63
:1037A0006A963FAF2EAF6A97A6966CAD7DAD8EAD93
:1037B0009FADA6970F94EBBC6E966CAF7DAF8EAFAE
:1037C0009FAF6E97A6966CAD7DAD8EAD9FADA69763
:1037D0000F94B1BFCB57DF4F688379838A839B8374
:1037E000C558D040A2966CAD7DAD8EAD9FADA29771
:1037F0000F94EBBCC757DF4F688379838A839B8321
:10380000C958D040A2966CAD7DAD8EAD9FADA2974C
:103810000F94B1BFCB56DF4F688379838A839B8334
:10382000C559D0406896AEADBFAD6897E0E41D9233
:10383000EA95E9F780E16A96AEADBFAD6A971D9251
:103840008A95E9F790E080E00E94EF8B20914C147C
:1038500030914D1440914E1450914F14C555DF4F87
:10386000288339834A835B83CB5AD040809150149C
:1038700090915114A0915214B0915314C155DF4F3F
:1038800088839983AA83BB83CF5AD040DE01AF5B84
:10389000BF4FC756DF4FB983A883C959D040FE0137
:1038A0003196AC96FFAFEEAFAC9700E0CB56DF4F52
:1038B000288139814A815B81C559D0405058ED96A5
:1038C0002CAF3DAF4EAF5FAFED97C757DF4F88814D
:1038D0009981AA81BB81C958D040B058C358DF4FE5
:1038E00088839983AA83BB83CD57D040CB57DF4FC2
:1038F000288139814A815B81C558D0405058CF57C3
:10390000DF4F288339834A835B83C158D040AC960C
:103910002EAC3FACAC9710E07BE1472E74E1572E04
:10392000E4E07E2EC12CD12C7601013011F40D94EF
:10393000BDA6113011F40D946BA6002311F40D9463
:10394000ABA6023061F5D20111962D913D914D91BA
:103950005C911497CF57DF4F688179818A819B8171
:10396000C158D0400F9496B54B015C01111125C090
:1039700060E070E080E89FE335C02F3F09F094CB12
:10398000019692CB1FEF28CDE596BFADE597A796A0
:10399000BFAFA7970FCEAF961FAEAF97D8CEF201AD
:1039A0002581368147815085C358DF4F68817981F1
:1039B0008A819B81CD57D040D5CF123011F00D9424
:1039C000B5A5D20111962D913D914D915C91149721
:1039D000CF57DF4F688179818A819B81C158D04060
:1039E0000F9496B59B01AC01C501B4010F9496B537
:1039F0009B01AC01C701B6010F94F1BB6B017C01C7
:103A000001110D94B9A67A94F8E04F0E511C711073
:103A10008CCFD101CD92DD92ED92FD921D011F5F01
:103A2000143009F079CF4EE6242E4EE6342EEBE129
:103A3000F4E1A896FFAFEEAFA897C357DF4F188207
:103A4000CD58D040C356DF4F1882CD59D040CF5506
:103A5000DF4F1882C15AD04010E0A896AEADBFAD7E
:103A6000A89711962D913D914D915C911497E496F4
:103A70002CAF3DAF4EAF5FAFE49715964D905D9084
:103A80006D907C901897002311F40D94E8A5812C7B
:103A9000912C5401013081F0023011F00D94DCA51D
:103AA000CF57DF4F688179818A819B81C158D0408F
:103AB0000F9496B54B015C01E4962CAD3DAD4EAD37
:103AC0005FADE4976E966CAD7DAD8EAD9FAD6E979C
:103AD0000F9496B56B017C01F101259135914591CB
:103AE0005491CB55DF4F288339834A835B83C55A72
:103AF000D040A3019201CB56DF4F688179818A8142
:103B00009B81C559D0400F9496B59B01AC01C7016C
:103B1000B6010F94F0BBC555DF4F288139814A812A
:103B20005B81CB5AD0400F94F1BBCB55DF4F28813E
:103B300039814A815B81C55AD0400F94F0BBA50101
:103B400094010F9496B5C357DF4F2881CD58D040CC
:103B5000C356DF4F3881CD59D040CF55DF4F488114
:103B6000C15AD040512F0F94F1BBC357DF4F688328
:103B700079838A839B83CD58D040002311F40D9420
:103B8000F0A5013011F40D94F5A5023061F0A30108
:103B90009201ED966CAD7DAD8EAD9FADED970F941E
:103BA00096B56B017C01F101349685909590A590B6
:103BB000B490E4962CAD3DAD4EAD5FADE497CB57E0
:103BC000DF4F688179818A819B81C558D0400F94ED
:103BD00096B5E4966CAF7DAF8EAF9FAFE497A3012F
:103BE0009201C757DF4F688179818A819B81C958CB
:103BF000D0400F9496B59B01AC01E4966CAD7DADC1
:103C00008EAD9FADE4970F94F1BBC155DF4F288176
:103C100039814A815B81CF5AD0400F94F1BBA50115
:103C200094010F94F0BBA70196010F9496B5C3576A
:103C3000DF4F288139814A815B81CD58D0400F9474
:103C4000F1BBC357DF4F6883CD58D040C356DF4F19
:103C50007883CD59D040CF55DF4F8883C15AD040AB
:103C6000192FA8964EAD5FADA897485F5F4FA896F5
:103C70005FAF4EAFA89758E0250E311CABE3B4E11F
:103C8000A896EEADFFADA897AE17BF0709F0E5CE39
:103C90009058C756DF4FA881B981C959D0406D935C
:103CA0007D938D939D93C756DF4FB983A883C959E0
:103CB000D0400F5FAC96EEADFFADAC977096AC9672
:103CC000FFAFEEAFAC97043009F021CE25962CADB6
:103CD0003DAD4EAD5FAD2597AE962CAF3DAF4EAF2F
:103CE0005FAFAE978D819E81AF81B885E4968CAF32
:103CF0009DAFAEAFBFAFE49729853A854B855C8514
:103D0000ED962CAF3DAF4EAF5FAFED978D859E85A5
:103D1000AF85B889C358DF4F88839983AA83BB8353
:103D2000CD57D04029813A814B815C81CF57DF4FFD
:103D3000288339834A835B83C158D04029968CAD50
:103D40009DADAEADBFAD2997CB57DF4F888399832B
:103D5000AA83BB83C558D04029893A894B895C899D
:103D6000C757DF4F288339834A835B83C958D040C4
:103D7000898D9A8DAB8DBC8DCB56DF4F888399830F
:103D8000AA83BB83C559D0402D8D3E8D4F8D58A140
:103D9000C756DF4F288339834A835B83C959D04094
:103DA0008D899E89AF89B88DC357DF4F88839983EA
:103DB000AA83BB83CD58D0402D962CAD3DAD4EADE2
:103DC0005FAD2D97C356DF4F288339834A835B83CA
:103DD000CD59D04089A19AA1ABA1BCA1CF55DF4F4D
:103DE00088839983AA83BB83C15AD0402DA13EA169
:103DF0004FA158A5CB55DF4F288339834A835B8376
:103E0000C55AD0408DA59EA5AFA5B8A9CD54DF4F0A
:103E100088839983AA83BB83C35BD04029A53AA535
:103E20004BA55CA5C954DF4F288339834A835B8344
:103E3000C75BD04061968CAD9DADAEADBFAD619717
:103E4000C554DF4F88839983AA83BB83CB5BD04063
:103E500029A93AA94BA95CA9C154DF4F288339830A
:103E60004A835B83CF5BD0408DA99EA9AFA9B8AD33
:103E7000CD53DF4F88839983AA83BB83C35CD04033
:103E800029AD3AAD4BAD5CADC953DF4F28833983C3
:103E90004A835B83C75CD04021968CAD9DADAEADAF
:103EA000BFAD2197C553DF4F88839983AA83BB8316
:103EB000CB5CD04014E6C12CD12C760146015701D1
:103EC00026013701A3019201E4966CAD7DAD8EAD64
:103ED0009FADE4970F9496B59B01AC01AE966CAD87
:103EE0007DAD8EAD9FADAE970F94F0BB2B013C0125
:103EF000A5019401ED966CAD7DAD8EAD9FADED97B6
:103F00000F9496B59B01AC01C301B2010F94F0BBB5
:103F10002B013C01A7019601C358DF4F68817981CD
:103F20008A819B81CD57D0400F9496B59B01AC01FF
:103F3000C301B2010F94F0BBCF57DF4F2881398105
:103F40004A815B81C158D0400F94F0BC6E966CAF33
:103F50007DAF8EAF9FAF6E97C757DF4F28813981F6
:103F60004A815B81C958D0400F9496B59B01AC0142
:103F7000CB57DF4F688179818A819B81C558D040BA
:103F80000F94F0BB2B013C01A5019401CB56DF4FF0
:103F9000688179818A819B81C559D0400F9496B5FB
:103FA0009B01AC01C301B2010F94F0BB4B015C015A
:103FB000A7019601C756DF4F688179818A819B816D
:103FC000C959D0400F9496B59B01AC01C501B4010D
:103FD0000F94F0BBC357DF4F288139814A815B8141
:103FE000CD58D0400F94F0BC2B013C01CF55DF4F92
:103FF000288139814A815B81C15AD0406E966CAD6F
:104000007DAD8EAD9FAD6E970F9496B59B01AC01C3
:10401000C356DF4F688179818A819B81CD59D04019
:104020000F94F0BB4B015C01CB55DF4F28813981E8
:104030004A815B81C55AD040C301B2010F9496B545
:104040009B01AC01C501B4010F94F0BB4B015C01B5
:10405000A7019601CD54DF4F688179818A819B81C8
:10406000C35BD0400F9496B59B01AC01C501B40170
:104070000F94F0BBC954DF4F288139814A815B819D
:10408000C75BD0400F94F0BC4B015C01C154DF4FC3
:10409000288139814A815B81CF5BD0406E966CADBF
:1040A0007DAD8EAD9FAD6E970F9496B59B01AC0123
:1040B000C554DF4F688179818A819B81CB5BD04079
:1040C0000F94F0BB6B017C01CD53DF4F2881398108
:1040D0004A815B81C35CD040C301B2010F9496B5A5
:1040E0009B01AC01C701B6010F94F0BB6B017C01D1
:1040F000C953DF4F288139814A815B81C75CD04039
:10410000C501B4010F9496B59B01AC01C701B6017E
:104110000F94F0BBC553DF4F288139814A815B8101
:10412000CB5CD0400F94F0BC6B017C01115009F0C6
:10413000C9CE6E962CAD3DAD4EAD5FAD6E97C555FB
:10414000DF4F688179818A819B81CB5AD0400F945F
:10415000F1BB60934C1470934D1480934E14909364
:104160004F14A3019201C155DF4F688179818A8183
:104170009B81CF5AD0400F94F1BB60935014709341
:1041800051148093521490935314A5019401A69650
:104190006CAD7DAD8EAD9FADA6970F94F1BBA6968D
:1041A0006CAF7DAF8EAF9FAFA697A7019601A29689
:1041B0006CAD7DAD8EAD9FADA2970F94F1BBA29675
:1041C0006CAF7DAF8EAF9FAFA297E6969FADE6979F
:1041D0009150E6969FAFE6979111E6CAA6966CAD10
:1041E0007DAD8EAD9FADA6970F94EBBC60933C1454
:1041F00070933D1480933E1490933F14A6966CAD3B
:104200007DAD8EAD9FADA6970F94B1BF6093401466
:10421000709341148093421490934314A2966CAD12
:104220007DAD8EAD9FADA2970F94B1BF90586093B6
:104230004414709345148093461490934714A296A7
:104240006CAD7DAD8EAD9FADA2970F94EBBC60932E
:1042500048147093491480934A1490934B14A69673
:104260002CAD3DAD4EAD5FADA697A2966CAD7DADCC
:104270008EAD9FADA2970F94F0BB4B015C017C010A
:104280006B01E894F7F821EE3EE245E652E4A2968F
:104290006CAD7DAD8EAD9FADA2970F9496B59F93FB
:1042A0008F937F936F9321EE3EE245E652E4C50182
:1042B000B4010F9496B59F938F937F936F9389ED7D
:1042C0009BE69F938F930F948BB9B701A60180E66D
:1042D0009FE00F94FFBA0FB6F894DEBF0FBECDBFBC
:1042E0002FE132E449E05BE3C701B6010F947ABEE7
:1042F00010E0181664F425E33AEF4EE85BE3C701DB
:10430000B6010F947ABE12E018160CF011E025E306
:104310003AEF4EE85BE3A6966CAD7DAD8EAD9FADFA
:10432000A6979F770F947ABE18160CF466C425E3FF
:104330003AEF4EE85BE3A2966CAD7DAD8EAD9FADDE
:10434000A2979F770F947ABE18160CF456C420914A
:104350003C1430913D1440913E1450913F14AE9660
:104360002CAF3DAF4EAF5FAFAE97809144149091AC
:104370004514A0914614B0914714E9968CAF9DAFB7
:10438000AEAFBFAFE99720914C1430914D144091DE
:104390004E1450914F14E4962CAF3DAF4EAF5FAF2B
:1043A000E4978091401490914114A0914214B091EF
:1043B0004314ED968CAF9DAFAEAFBFAFED9720919C
:1043C00048143091491440914A1450914B14C358E9
:1043D000DF4F288339834A835B83CD57D040809158
:1043E000501490915114A0915214B0915314CF577E
:1043F000DF4F88839983AA83BB83C158D040AEE640
:10440000BEE66C96BFAFAEAF6C979BE1292E94E1F0
:10441000392EF101C180D280E380F480458056803E
:10442000678070846C96EEADFFAD6C9725913591E9
:1044300045915491CB57DF4F288339834A835B835F
:10444000C558D0406C96EEADFFAD6C973496859014
:104450009590A590B490ED962CAD3DAD4EAD5FAD71
:10446000ED97C701B6010F9496B5C757DF4F688324
:1044700079838A839B83C958D040C358DF4F2881F2
:1044800039814A815B81CD57D040C301B2010F947D
:1044900096B59B01AC01C757DF4F688179818A814E
:1044A0009B81C958D0400F94F1BBCF57DF4F288173
:1044B00039814A815B81C158D0400F94F1BB9B0187
:1044C000AC01C501B4010F94F0BB4B015C01A70125
:1044D0009601AE966CAD7DAD8EAD9FADAE970F944F
:1044E00096B56B017C01A3019201E9966CAD7DAD9F
:1044F0008EAD9FADE9970F9496B59B01AC01C701B6
:10450000B6010F94F1BBE4962CAD3DAD4EAD5FAD61
:10451000E4970F94F1BB9B01AC01CB57DF4F68814F
:1045200079818A819B81C558D0400F94F0BBA50149
:1045300094010F948DBE2DEC3CEC4CE45FE30F94A2
:104540007ABE18160CF41EEF38E0230E311C6C9660
:104550004EAD5FAD6C97485F5F4F6C965FAF4EAFEF
:104560006C97A8968EAD9FADA8978215930509F01C
:1045700050CF111162C1A2962CAD3DAD4EAD5FADD5
:10458000A297A6966CAD7DAD8EAD9FADA6970F940C
:10459000F1BB20E030E040E05FE30F9496B56B01A3
:1045A0007C010F94EBBCA2966CAF7DAF8EAF9FAF3A
:1045B000A29760933C1470933D1480933E149093A3
:1045C0003F14C701B6010F94B1BFA6966CAF7DAF83
:1045D0008EAF9FAFA6976093401470934114809361
:1045E0004214909343149B01AC015058AA962CAFEF
:1045F0003DAF4EAF5FAFAA9720934414309345145C
:104600004093461450934714A2968CAD9DADAEAD29
:10461000BFADA2978093481490934914A0934A1475
:10462000B0934B1410924C1410924D1410924E14DF
:1046300010924F1410925014109251141092521460
:1046400010925314412C512C3201CF56DF4FA881C8
:10465000B981C159D04011968D909D90AD90BC907C
:10466000149715962D913D914D915C9118976E96EA
:104670002CAF3DAF4EAF5FAF6E97CD56DF4FE881A9
:10468000F981C359D040C590D590E590F490A5012B
:104690009401A2966CAD7DAD8EAD9FADA2970F94A7
:1046A00096B5AE966CAF7DAF8EAF9FAFAE976E9660
:1046B0002CAD3DAD4EAD5FAD6E97AA966CAD7DADA8
:1046C0008EAD9FADAA970F9496B59B01AC01AE96A7
:1046D0006CAD7DAD8EAD9FADAE970F94F1BB9B01E0
:1046E000AC01C701B6010F94F0BB20914C1430917E
:1046F0004D1440914E1450914F140F94F1BB6B0127
:104700007C01C0924C14D0924D14E0924E14F09261
:104710004F1420E030E040E85FE3C301B2010F94A2
:10472000F1BB2B013C01CD56DF4FE881F981C35924
:10473000D04034962591359145915491AE962CAF49
:104740003DAF4EAF5FAFAE97A5019401A6966CAD9D
:104750007DAD8EAD9FADA6970F9496B54B015C01D4
:104760006E962CAD3DAD4EAD5FAD6E97A2966CAD25
:104770007DAD8EAD9FADA2970F9496B59B01AC0118
:10478000C501B4010F94F1BB9B01AC01AE966CADB9
:104790007DAD8EAD9FADAE970F94F0BB20915014C0
:1047A0003091511440915214509153140F94F1BB15
:1047B0004B015C018092501490925114A0925214BB
:1047C000B0925314CF56DF4F48815981C159D04020
:1047D000485F5F4FCF56DF4F59834883C159D04060
:1047E000CD56DF4F88819981C359D0400896CD5668
:1047F000DF4F99838883C359D0402416350609F0CA
:1048000024CFA3019201C701B6010F94F0BC6093BD
:104810004C1470934D1480934E1490934F14A30135
:104820009201C501B4010F94F0BC609350147093D1
:104830005114809352149093531440903C14509010
:104840003D1460903E1470903F14C0904814D09076
:104850004914E0904A14F0904B1420914014309188
:1048600041144091421450914314A2962CAF3DAF95
:104870004EAF5FAFA2978091441490914514A091E0
:104880004614B0914714A6968CAF9DAFAEAFBFAFA4
:10489000A697A7019601C301B2010F9496B54B01EB
:1048A0005C01A6962CAD3DAD4EAD5FADA697A29630
:1048B0006CAD7DAD8EAD9FADA2970F9496B59B016B
:1048C000AC01C501B4010F94F0BB4B015C01AC011C
:1048D0009B01C701B6010F94F0BC6B017C01A69649
:1048E0006CAD7DAD8EAD9FADA6979058A50194019E
:1048F0000F94F0BCA6966CAF7DAF8EAF9FAFA6971E
:10490000A2966CAD7DAD8EAD9FADA2979058A501DE
:1049100094010F94F0BCAA966CAF7DAF8EAF9FAFA1
:10492000AA97A5019401C301B2010F94F0BC4B01F9
:104930005C0140904C1450904D1460904E14709057
:104940004F142091501430915114409152145091B1
:104950005314A2962CAF3DAF4EAF5FAFA297C0925B
:104960003C14D0923D14E0923E14F0923F14AA966B
:104970008CAD9DADAEADBFADAA9780934014909322
:104980004114A0934214B0934314A6962CAD3DADB0
:104990004EAD5FADA69720934414309345144093D9
:1049A0004614509347148092481490924914A09250
:1049B0004A14B0924B14C701B6019058A30192015A
:1049C0000F9496B56B017C01A2962CAD3DAD4EAD1A
:1049D0005FADA297A6966CAD7DAD8EAD9FADA6974F
:1049E0000F9496B59B01AC01C701B6010F94F0BBC3
:1049F00060934C1470934D1480934E1490934F1405
:104A0000AA966CAD7DAD8EAD9FADAA979058A301CF
:104A100092010F9496B56B017C01A2962CAD3DAD31
:104A20004EAD5FADA297C501B4010F9496B59B0141
:104A3000AC01C701B6010F94F0BB609350147093A2
:104A40005114809352149093531490E080E00E948C
:104A5000EF8B17FDD4C087E19CE69F938F930F9453
:104A60008BB94CE454E164E474E18CE394E10E947A
:104A7000454F48E050E065EE7FE08CE494E10F9410
:104A8000DDBA48E050E06DED7FE08CE394E10F94F7
:104A9000DDBA48E050E065ED7FE084E494E10F94F6
:104AA000DDBA0E94CA4E0F900F90C755DF4F888124
:104AB0009981C95AD0400E94355680E090E0A0EA22
:104AC000B0E48093F2069093F306A093F406B093BB
:104AD000F50660E070E080EA91E40F947C670F9443
:104AE0006D5317FD20C01092F2061092F30610923B
:104AF000F4061092F50680E090E0A6E1B3E480931E
:104B0000D4069093D506A093D606B093D70665E554
:104B100075E585E591E40F9449678BE199E60E947C
:104B2000B7F90E94C57481E00E94C86382E00E94C8
:104B3000945F86EB98E61F3F11F40D94049A1E3F94
:104B400009F072C0AF964FADAF9784EF97E644235C
:104B500011F40D94049A84EB97E6423011F40D940D
:104B6000049A8FE697E60D94049AF2012581368126
:104B700047815085C358DF4F688179818A819B8145
:104B8000CD57D0400D94F09CF201258136814781AC
:104B90005085ED966CAD7DAD8EAD9FADED97AFC000
:104BA000F2012581368147815085ED966CAD7DAD52
:104BB0008EAD9FADED97BDC0A3019201C358DF4FED
:104BC000688179818A819B81CD57D0400D94589D11
:104BD000812C912C30E8A32E3FE3B32E0D945C9DE5
:104BE000C12CD12C76010D94D39DC12CD12C20E861
:104BF000E22E2FE3F22E0D94D39D12E0A8CB1E3FA0
:104C000089F4AF963FADAF97323009F04ECF80EFC9
:104C10009BE69F938F930F948BB945CFAF961FAEB2
:104C2000AF9743CF1FEF41CFAF965FADAF97511115
:104C30000FC084EF97E6133040F4E12FF0E0EE0F61
:104C4000FF1FE05EFC4F808191810E94B7F90DC08B
:104C5000AF966FADAF9787E298E6623011F481E7C7
:104C600098E60E94B7F9111624F31F3F11F40D9432
:104C7000A09586E00E94DBEA8FE59FE00F94C9BA19
:104C800081110D941E9A8BE599E60E94B7F90D9457
:104C90001E9A89819A818037984010F00D945D9A10
:104CA000AE014F5F5F4F7A0104EB10E024E833E080
:104CB000A601485C5109692D782D8B2D9A2D0F94F2
:104CC000A476882311F40D945D9A89819A81805687
:104CD0009A4F0D948297002311F40D94039D023096
:104CE00009F052CFD20111962D913D914D915C91D9
:104CF00014976E966CAD7DAD8EAD9FAD6E970F9493
:104D000096B54B015C0160E070E080E89FE31130F4
:104D100091F0123009F044CFD20111962D913D91BE
:104D20004D915C9114976E966CAD7DAD8EAD9FAD3F
:104D30006E970F9496B59B01AC01C501B4010F9419
:104D400096B59B01AC01C701B6010F94F1BB6B0195
:104D50007C010D94039D812C912C60E8A62E6FE3BD
:104D6000B62E11110D94DD9C20E030E040E85FE3A9
:104D7000EACF1111B4CF0D94039D812C912C50E8F2
:104D8000A52E5FE3B52E1111BECF0D94039D1F9389
:104D9000CF93DF93182FEB0180E00F94A73C80E0C6
:104DA0000E944E8910920F0E10920E0E1092CB069A
:104DB0001092CA060F94455180E00E94B4890E9467
:104DC000FE604FE557E660E080E00E94A26041E5AA
:104DD00057E661E080E00E94A26011501A3090F422
:104DE000E12FF0E08827E850F9458E4F0D94D9BBAC
:104DF00067016901A102CB02AF0209021D02830211
:104E0000570293014FE357E662E080E00E94A26000
:104E100041E357E663E080E00E94A26036C046E2CC
:104E200057E662E080E00E94A26049E157E6F2CFD7
:104E300040E157E662E080E00E94A26049E157E667
:104E400063E080E00E94A26063E082E10E94F55F7F
:104E5000CE0119C04AE057E662E080E00E94A260FD
:104E600062E082E10E94F55FCE010E945F6742E04E
:104E700057E663E080E00E94A26063E082E10E9466
:104E8000F55F89EF92E00E945F6768EE73E080E073
:104E900090E00F94512180E00F94A73C64E670E00D
:104EA00080E090E00F9451210F94455180E00E94E2
:104EB000B4890E945068882389F362E08AE796E605
:104EC0000E9420EEDF91CF911F910D94931942EF34
:104ED00056E662E080E00E94A2604AE057E6B0CF6A
:104EE00041EE56E6A7CF40ED56E6A4CF43EC56E69A
:104EF000F0CF47EB56E662E080E00E94A26042EB12
:104F000056E69ECF42EA56E662E080E00E94A2604A
:104F10004AE956E695CF4AE856E683CF1F93CF93EA
:104F2000DF93C82FD62F0E94FE6041E756E660E06F
:104F300080E00E94A26041EE56E6CC2311F040EDE5
:104F400056E661E080E00E94A2608FEF0E94E1EEF1
:104F500064EF71E080E090E00F94512148E656E65E
:104F600062E081E00E94A2604EE363E080E00E9484
:104F7000AE608BE596E60E94B85F6D2F70E070938F
:104F8000C9066093C80684E08093BF020E944B6804
:104F9000DC2F11E01C278091C8069091C90600976C
:104FA00019F197FF0BC0D12F4EE362E080E00E9421
:104FB000AE6040E263E080E00E94AE608091C8068F
:104FC0009091C906181619065CF440E262E080E090
:104FD0000E94AE604EE363E080E00E94AE60DC2F92
:104FE0001092C9061092C8060F94455181E00E94A4
:104FF000B48964E670E080E090E00F9451210E9453
:105000005068882341F282E08093BF0280E00E94D2
:10501000D56B80E00E94E1EE8D2FDF91CF911F9143
:105020000895CF93DF93C82FD62FC15098F04DE24B
:105030006D2F82E10E94AE6084EF91E00E94EF8BC1
:105040004CE76D2F82E10E94AE6084EF91E00E94F8
:10505000EF8BEBCF0F9484216093191870931A187B
:1050600080931B1890931C1881E08093C706809151
:10507000C706882329F084E690E00E94EF8BF7CFE3
:10508000DF91CF910C94EB554F925F926F927F928C
:10509000AF92BF92CF92DF92EF92FF920F931F9346
:1050A000CF93DF9324E030E041E050E0D901A95CE8
:1050B000BE49FD0165917491861797070CF066C093
:1050C00041505109440F551F440F551FEA01C75C59
:1050D000DE49FE0105911491495C5E49FA01659132
:1050E0007491F901E75CFE49E590F490FE01C590EA
:1050F000D490FD01C591D491FA01A590B490861B7E
:10510000970BBC01990F880B990B0F9457B52B0186
:105110003C01B7016C197D09072E000C880B990B17
:105120000F9457B59B01AC01C301B2010F9496B522
:105130006B017C01BE016A197B09072E000C880BEC
:10514000990B0F9457B59B01AC01C701B6010F94A1
:10515000F0BC6B017C01B801110F880B990B0F9407
:1051600057B59B01AC01C701B6010F94F1BBDF91AC
:10517000CF911F910F91FF90EF90DF90CF90BF9054
:10518000AF907F906F905F904F9008954F5F5F4F0B
:105190002C5F3F4F2038310509F088CFE5EBF1E671
:1051A00065917491072E000C880B990B0F9457B5DD
:1051B000DECF2F923F924F925F926F927F928F92AB
:1051C0009F92AF92BF92CF92DF92EF92FF920F9396
:1051D0001F93CF93DF9300D000D000D01F92CDB7A4
:1051E000DEB72B013C0149015A0120E030E040ECE0
:1051F00051E40F94F0BB20E030E048E052E40F941B
:10520000F0BC6B017C010F9498BD0F9462BD312CF2
:10521000212C77FD1EC01B01663071051CF045E096
:10522000242E312C822D0E94A84E20E030E048EB45
:1052300051E40F94F1BB9B01AC01C301B2010F9487
:10524000F0BB20E030E048E052E40F94F0BC6B018A
:105250007C0120E030E040EC50E4C501B4010F9443
:10526000F0BB20E030E048E052E40F94F0BC6983EA
:105270007A838B839C830F9498BD0F9462BD77FDD6
:10528000DAC07A8769876630710524F0E5E0F0E0DE
:10529000FA87E98789850E94A84E20E030E040EA3D
:1052A00050E40F94F1BB9B01AC01C501B4010F9414
:1052B000F0BB20E030E048E052E40F94F0BC69839A
:1052C0007A838B839C83A701960160E070E080E87D
:1052D0009FE30F94F0BB2B013C0191012F5F3F4FE7
:1052E0003E832D8389859A85019698878F8327E051
:1052F000E985FA852E9F80012F9F100D1124F8015A
:10530000E20DF31DEE0FFF1FEE0FFF1FE55EFB4EDC
:105310002181328143815481C301B2010F9496B53A
:105320004B015C01ED81FE81E00FF11FEE0FFF1FCD
:10533000EE0FFF1FE55EFB4E2181328143815481D8
:10534000C701B6010F9496B59B01AC01C501B4012C
:105350000F94F1BB4B015C0129813A814B815C8147
:1053600060E070E080E89FE30F94F0BB9B01AC012C
:10537000C501B4010F9496B54B015C0127E0EF81A4
:10538000F8852E9FC0012F9F900D11249A87898741
:10539000FC01E20DF31DEE0FFF1FEE0FFF1FE55E98
:1053A000FB4E2181328143815481C301B2010F94AC
:1053B00096B52B013C0189859A85ED81FE818E0F82
:1053C0009F1F880F991F880F991F855E9B4EFC01B8
:1053D0002181328143815481C701B6010F9496B572
:1053E0009B01AC01C301B2010F94F1BB29813A8149
:1053F0004B815C810F9496B59B01AC01C501B40152
:105400000F94F1BB2A960FB6F894DEBF0FBECDBF46
:10541000DF91CF911F910F91FF90EF90DF90CF9090
:10542000BF90AF909F908F907F906F905F904F90C4
:105430003F902F9008951A86198645CF2F923F925C
:105440004F925F926F927F928F929F92AF92BF9294
:10545000CF92DF92EF92FF920F931F93CF93DF9340
:1054600000D000D000D0CDB7DEB70BE114E11F8330
:105470000E832E803F801982F101618172818381C8
:1054800094819B01AC010F94FFBF882309F47CC079
:1054900089810E94A84E20E030E048EB51E40F944F
:1054A000F1BB6B017C0120E030E04CEF52E40F9443
:1054B000F0BB2B013C0120E030E044E653E4C7019F
:1054C000B6010F94F0BB4B015C0120E030E040ECF2
:1054D00051E4C701B6010F94F0BB6B017C01EE8172
:1054E000FF812181328143815481C301B2010F9434
:1054F00096B5A50194010F9496B520E030E942EAF3
:1055000056E40F94F0BC6A837B838C839D83EE8189
:10551000FF812585368547855089C701B6010F94DF
:1055200096B5A50194010F9496B520E030E942E2CA
:1055300056EC0F94F0BC9B01AC016A817B818C819D
:105540009D810F94F1BB4B015C01EE81FF81218DA8
:10555000328D438D548DC701B6010F9496B5A301CA
:1055600092010F9496B520E030E942EA56E40F9498
:10557000F0BC9B01AC01C501B4010F94F1BBF1017A
:105580006183728383839483F4E02F0E311C29811D
:105590002F5F2983273009F06FCF8E819F814C9632
:1055A0009F838E838F5D944109F063CF19870887AD
:1055B000F1E0F983C8018B5A9F4F9F838E831801B6
:1055C00099EA290E311CE885F985658D768D878DE0
:1055D00090A19B01AC010F94FFBF882309F479C00F
:1055E00089810E94A84E20E030E040EA50E40F9408
:1055F000F1BB6B017C0120E030E048ED52E40F94F8
:10560000F0BB2B013C0120E030E042E553E4C70150
:10561000B6010F94F0BB4B015C0120E030E040ECA0
:1056200050E4C701B6010F94F0BB6B017C01EE8121
:10563000FF8120813181428153810F9496B5A5016C
:1056400094010F9496B520E030E942E256EC0F94B5
:10565000F0BC6A837B838C839D83F8012181328136
:1056600043815481C301B2010F9496B5A501940101
:105670000F9496B520E030E942EA56E40F94F0BC6E
:105680009B01AC016A817B818C819D810F94F1BB70
:105690004B015C01F1012081318142815381C701BD
:1056A000B6010F9496B5A30192010F9496B520E030
:1056B00030E942EA56E40F94F0BC9B01AC01C5010D
:1056C000B4010F94F1BBE885F985658F768F878FDC
:1056D00090A3888599854C969987888799819F5F43
:1056E0009983963009F06FCF0C5F1F4FE4E10733C9
:1056F0001E0709F05BCF29960FB6F894DEBF0FBEE8
:10570000CDBFDF91CF911F910F91FF90EF90DF9070
:10571000CF90BF90AF909F908F907F906F905F9051
:105720004F903F902F9008951F93CF93DF9300D019
:105730001F921F92CDB7DEB7162F482F62E5CE011C
:1057400001960E944C4C49815A816B817C818D81EC
:105750000F94856E1093A7130F900F900F900F90DA
:105760000F90DF91CF911F9108951092F213EFEDFA
:10577000F3E7849167E00D9494ABE091F213AE2FC0
:10578000B0E0AA0FBB1FA451BC4E2091BF133091B3
:10579000C0132D933C93EF5FE093F213E23040F49B
:1057A000F0E0EA53FC48849168E00F9494AB88E001
:1057B0000895E091F213AE2FB0E0A751BC4E809156
:1057C000BF138C93EF5FE093F213E33040F010923D
:1057D000F213E6ECF3E7849168E00D9494ABF0E00B
:1057E000E152FC48849167E0F8CFCF93DF9300D07B
:1057F00000D000D01F92CDB7DEB78091AE138234B7
:1058000009F446C0B8F5882309F472C084E0809397
:10581000A61385E0EEEAF3E1DE01169601900D9203
:105820008A95E1F785E0FE013696A9EAB3E1019099
:105830000D928A95E1F740E060E0CE0101960E946A
:105840004C4C85E0FE013196AEEAB3E101900D9239
:105850008A95E1F785E08093A7134091A9135091B1
:10586000AA136091AB137091AC138091AD130F9498
:10587000856E2EC08235B1F1873541F66091B01347
:105880007091B1134CE08091AF130F94F06E11C082
:105890004091AF1362E4CE0101960E944C4C4981C5
:1058A0005A816B817C818D810F94856E8AE0809313
:1058B000A71340E060E0CE0101960E944C4C85E0C9
:1058C000FE013196AEEAB3E101900D928A95E1F7BF
:1058D00081E02A960FB6F894DEBF0FBECDBFDF91F0
:1058E000CF9108956BE08091AF130F9494ABE1CF0B
:1058F00080E0EFCFCF93DF9300D01F921F92CDB700
:10590000DEB749835A836B837C838D8385E0FE01F8
:105910003196AEEAB3E101900D928A95E1F780915C
:10592000A71387FF09C00F900F900F900F900F9053
:10593000DF91CF910D94F5AB0F900F900F900F90DA
:105940000F90DF91CF9108951F93CF93DF9300D0F5
:105950001F921F92CDB7DEB7182F482F63E5CE01F7
:1059600001960E944C4C49815A816B817C818D81CA
:105970000F94856E1093A7130F900F900F900F90B8
:105980000F90DF91CF911F910895CF93DF9300D0B7
:105990001F921F92CDB7DEB740E061E5CE010196C0
:1059A0000E944C4C49815A816B817C818D810F947E
:1059B000856E84E08093A7130F900F900F900F9047
:1059C0000F90DF91CF910895CF93DF9300D01F9276
:1059D0001F92CDB7DEB70E94944C8093E813482FF6
:1059E00066E6CE0101960E944C4C49815A816B813A
:1059F0007C818D810F94856E86E08093A7130F9034
:105A00000F900F900F900F90DF91CF910895CF934B
:105A1000DF9300D01F921F92CDB7DEB78091BE13E7
:105A20008534F1F020F4823451F185E011C08634E0
:105A300071F18035D1F78091BF138093E61381E037
:105A400090E09093E5138093E4130F94E4AC80E02E
:105A50000F900F900F900F900F90DF91CF910895BE
:105A60008CE08093E6138091BF139091C0139093C4
:105A7000E5138093E4130F94E4AC87E0E9CF8091C1
:105A8000BF138093E7130F94E4AC8BE0E1CF9091C8
:105A9000A9138091B913981322C09091AA138091F1
:105AA000BA1398131CC01092E61381E090E0909313
:105AB000E5138093E41382E88093A71340E060E04D
:105AC000CE0101960E944C4C85E0FE013196A9EA78
:105AD000B3E101900D928A95E1F782E0B9CF83E0BE
:105AE000B7CF1F93CF93DF9300D01F921F92CDB7F4
:105AF000DEB78091060E81112AC010910E141F3F4F
:105B000091F580910D14811160C01F3FB9F081E0C3
:105B100090E09093A5138093A41390930C1480931A
:105B20000B148FEF80930D14133009F482C0F8F03A
:105B3000163008F47BC0173009F47EC00F900F9028
:105B40000F900F900F90DF91CF911F91089580914A
:105B50000B1490910C140E94EC4D182F1092060E0D
:105B60008F3F79F6CACF8FEF80930E14CACF87E1AB
:105B700092E70E94CC6E812F90E00F942B7D0F94C2
:105B800039B380910D14813089F480E192E70E944D
:105B9000F770412F62E4CE0101960E944C4C49817E
:105BA0005A816B817C818D810F947AAC80910B142A
:105BB00090910C14843020E8920721F089309048AD
:105BC00009F0BCCF0F943572B9CF193008F0B6CFB9
:105BD000E12FF0E08827E051F2458E4F0D94D9BBBC
:105BE000F900F900F90047019F019F017101850249
:105BF000410180910B1490910C14873820E8920792
:105C000021F08730914809F099CF8091A613843014
:105C100021F48091A913811191CF81E08093050E29
:105C200060E08DE29AE60E94CB5288CF1093111467
:105C300085CF0E94594C82CF109213141092C11339
:105C40001092A61360E08CEA9CE00F94EDBA0F94DA
:105C5000197D74CF4F925F926F927F928F929F9235
:105C6000AF92BF92CF92DF92EF92FF920F931F936A
:105C7000CF93DF93CDB7DEB7A0970FB6F894DEBF12
:105C80000FBECDBF082F0F9471AD8091A71387FD74
:105C90000F94F5AB9091A71397FF7DC08091A61349
:105CA0008230B1F008F475C08330E1F1843009F43A
:105CB00054C00F94F5AB81116BC382E08093C11384
:105CC00083E08093A61382E88093A71312E0DBC2DF
:105CD0000F948421AB01BC018091B3139091B41354
:105CE000A091B513B091B61388519C4FAF4FBF4FE1
:105CF000481759076A077B0708F44BC08DEE92E1FD
:105D00000F94F5B80196D1F781E08093C113809389
:105D1000A6131092C81386E08093A81380E00F9416
:105D2000A4AC37C0923829F60F948421AB01BC0192
:105D30008091B3139091B413A091B513B091B613A1
:105D400088519C4FAF4FBF4F481759076A077B07D1
:105D500008F4AFCF0F94C5AC1CC00F948421AB01E5
:105D6000BC018091B3139091B413A091B513B0917D
:105D7000B61388519C4FAF4FBF4F481759076A075A
:105D80007B0740F70E94944C9091E81389130F947D
:105D9000E4AC10E078C2A12CD12CC12C99249394AE
:105DA00055E0B52E63E0862E74E0772EE2E06E2E8D
:105DB00066C0233009F4E0C0243009F083C020ED30
:105DC000280F2A3008F4F8C02FE9280F263008F4ED
:105DD000F3C08A3009F0FAC04090CD1389EC93E10A
:105DE0000E943B4C4812B8C01092C81388E0E9ECFE
:105DF000F3E1DE01519601900D928A95E1F788E07A
:105E0000FE017196DE01599601900D928A95E1F797
:105E100088E0FE017996A9EBB3E101900D928A9595
:105E2000E1F78CE38983FE013296A1EDB3E120E036
:105E3000CF01521609F4CDC03D9140EE430F4036DC
:105E400008F03EE231932F5FF4CF8E3408F056C055
:105E50008B3408F046C0823409F443C0E0F58A3040
:105E600059F08D3049F0B092C813A11005C11F360A
:105E700009F0F9C3AA24A3944FEFC41AD40A8DEEF3
:105E800092E10F94F5B897FD00C1182F2091E1130E
:105E900030E0F901EC55FC4E85A77901EFEFEE1AE1
:105EA000FE0AFFE0EF22FF245E2CE092E113209136
:105EB000C813223009F448C008F07BCF222329F20E
:105EC000213051F11A3009F48FCF1D3009F48CCFF5
:105ED0001092CE13CACF853430F2873410F0883454
:105EE00011F68093C9131092CA131092CC1310921A
:105EF000CB131092CD139092C813BECF893540F4C6
:105F0000873578F720EB280F263008F0ACCFE9CFA3
:105F1000863609F0A8CFE5CF20ED280F2A3050F0C3
:105F20002FE9280F263030F0803209F09CCF6092A4
:105F3000C813A2CF0E941A4C9091CA139295907FD9
:105F4000890F8093CA1398CF873448F4853458F466
:105F50002FEB280F223038F01092CE1384CF8035EB
:105F600011F08235C9F78092C8138093CE13109236
:105F7000D0131092CF1380CF20ED280F2A3048F095
:105F80002FE9280F263028F08A3231F77092C81393
:105F900073CF0E941A4C2091CF133091D01344E05C
:105FA000220F331F4A95E1F7820F932F911D909393
:105FB000D0138093CF1360CF0E941A4C9091CD13D1
:105FC0009295907F890F8093CD1356CF8D3021F617
:105FD00003CFE80EF91EF70110821092E11381E45D
:105FE00094E70E94CC6E8BE394E70E94CC6ECE01C6
:105FF00001960E9461820F947F6D8091A61381307B
:1060000009F474C008F4C5CE833009F4D1C08430DB
:1060100009F04FCE8091A713863009F46CC108F0C7
:1060200093C1843009F409C1853009F0CCC0809156
:10603000BE13813409F496C1823509F0C4C01092B0
:10604000E6138DE290E89093E5138093E41380E8E3
:1060500091E70F949C6D85E08093A7134091A9135D
:106060005091AA136091AB137091AC138091AD1352
:106070000F94856E16E007C11B3609F0F4C281E665
:1060800091E70F949C6D18E0FEC0CD2819F00F9495
:106090007F6D7FCE0F948421AB01BC018091B3133F
:1060A0009091B413A091B513B091B6138053984F4B
:1060B000AF4FBF4F481759076A077B0708F469CEEF
:1060C0008091A613882309F464CE1092C81381E04E
:1060D0008093C1138093A61386E08093A81380E079
:1060E0000F94A4AC64E089E391E779C01091A71301
:1060F0001330B1F160F0163009F450C0193009F0D6
:10610000BECF0F94AF6F882309F443CE40CE809169
:10611000B913833521F48091BA13181711F0812F28
:10612000FECD8091BF13E12FF0E0DF01AD50BC4EFA
:106130008C93E25AFE48E4918E1741F08091A813A7
:1061400081508093A8138111EACF99CF84EE93E711
:106150000E94F3708AE08093B81381E0810FDFCD55
:106160008091B913833521F48091BA13833011F0F3
:1061700083E0D5CD8091BF139091C0139093F71316
:106180008093F6131092F213E2EEF3E7849160919C
:10619000F01370E049E00F94F06EFBCD82E0809345
:1061A000C11383E08093A61382E88093A713D2CD16
:1061B0008091A713883009F4B7C0A8F48430D9F0CF
:1061C000873009F4AEC081E08093C11382E08093F0
:1061D000A61383E88093A71365E08FE491E70F94FB
:1061E0000D6E182F50C08A3009F4A7C060F38D30AF
:1061F00008F45FCDE8CF8091B9138E3460F58B340D
:1062000010F4853401F78091BE13863409F473C00D
:1062100084E08093A61385E0E9EBF3E1DE011196BB
:1062200001900D928A95E1F785E0FE013196A9EA89
:10623000B3E101900D928A95E1F70F9407AD182F05
:10624000853009F208F09CC0823009F432CD8430E8
:1062500009F43BCF18C0843508F4B5CF863598F2E1
:10626000883509F0B0CF8091BE13863489F180352E
:10627000C1F1823409F042C08091BF138093E713CB
:106280000F94B5AB1BE08091A4139091A5138130BE
:10629000910509F0EBC1123009F490C008F07DC0FF
:1062A000112309F418C1002309F4E4C0173009F4DC
:1062B000C1C108F0B5C1143009F4C4C1153009F0EA
:1062C000D9C082E08093131460E08DE290E8B7C1FA
:1062D0008091A913882329F082E88093A71313E003
:1062E000D2CF8091BF138093E61381E090E090932A
:1062F000E5138093E4130F94B5AB4BCD8CE0809302
:10630000E6138091BF139091C0139093E51380938F
:10631000E4130F94B5AB82E791E70F949C6D17E0FF
:10632000B2CF0F94D9AB35CD82E80F94BDAB80933B
:10633000A713823809F02DCDBCCC8091BE138134D7
:10634000D1F60F948A6DD7CF8830B1F050F38A30F0
:1063500009F039CF8091BE13813409F018CD0F9424
:106360008A6D15CD1092E6131092E5131092E41386
:1063700081E88093A7130DCD81E80F94BDABF9CFD1
:10638000873049F208F463CE883009F478CE7BCFA9
:106390008091A71387FD9ACCFCCC133009F46AC016
:1063A0001B3009F080CF8091E71380930E1481E9B0
:1063B00091E70E94F7700F9471AD5CC08091E91372
:1063C000811158C00E940C57882309F453C0809152
:1063D000020E9091030E8835924009F44BC08091D3
:1063E000010E811147C08091000E811143C0809140
:1063F000FF0D81113FC09091FE0D8091FD0D98170A
:10640000C9F18091FE0D90E02EE63091FD0D381718
:1064100089F0289FF0011124E35EF84F44855585EB
:1064200066857785452B462B472B09F09F5F8F5F4D
:106430008F70EBCF9923F1F082E291E70E94F37025
:1064400020E030E0A901CA01B9010E943C8860E067
:1064500070E0CB010E94F35886ED9EE00F94C9BA1C
:10646000813021F40F94E27C8F3F91F582ED9CE620
:106470000F94337D8091C113823019F481E08093B1
:1064800013141093121480911B07882351F08091EC
:10649000050E811106C080910B1490910C140E947E
:1064A0005D68A0960FB6F894DEBF0FBECDBFDF913A
:1064B000CF911F910F91FF90EF90DF90CF90BF9001
:1064C000AF909F908F907F906F905F904F900895C6
:1064D00088E191E7CDCF0091E61380910A14081767
:1064E00009F446C08091A6138430A9F48091A913C1
:1064F000882389F089E080931C07EEEDF0E70E31E8
:1065000030F4E02FF0E0EE0FFF1FE252FF488591DC
:1065100094910E9460EEEEEDF0E70E3130F4E02F42
:10652000F0E0EE0FFF1FE252FF48859194910E9428
:10653000F77000930A14033049F00C3109F09ACF38
:106540000F946D5381E08093151494CF8091A6131E
:10655000843031F48091A9138455823008F48ACFB5
:106560000F946D5381E0809316140F94357282CF8F
:10657000033071F10C3109F07DCF8091151488231F
:1065800009F478CF0E94944C8823B1F1813009F04E
:1065900071CF109215140F94AF671092040E609192
:1065A000F11370E090E080E00F9455B56B017C0131
:1065B0006091F01370E06E5F7F4F072E000C880B28
:1065C000990B0F9457B5A70196010E94704C52CFBA
:1065D00080911614882309F44DCF9091FD0D809180
:1065E000FE0D981347CF0E94944C8150833008F4DD
:1065F000BCCF109216143ECF9091FD0D8091FE0DF0
:10660000981338CF6091F11370E090E080E00F9420
:1066100055B59B01AC0160E070E08FEA93E4D5CF03
:106620001830B9F0193009F025CF60E00F94538B82
:1066300019E020CF61E08091E4139091E5130F946D
:10664000538B18CF82E08093131460E08EE290E8C1
:10665000F6CF109213141092C1131092A61360E09B
:106660008CE290E8ECCF0F947F6DADCD002301F369
:10667000DCCF8091141482FF07C08B7F80931414A9
:106680008CE692E70E94F7708091141481FF50C04D
:106690008091081490910914892B09F449C08EE562
:1066A00092E70E94F77080910814909109140F945A
:1066B0002B7D809114148D7F809314148091081485
:1066C0009091091490930F0E80930E0E8FE49BE629
:1066D0000E9413F14EE252E762E080E00E94A26065
:1066E0006091080E7091090E80910A0E90910B0E28
:1066F0000F9462BD20910E0E30910F0EC901861BC2
:10670000970B06976CF081E00E94B48980E00F94AB
:106710002AAE0E94BA6084E690E00E94EF8BE0CF40
:106720000E94EE6383E492E70E94F7700C94FE608F
:1067300008950F931F93CF93DF9300D01F921F9262
:10674000CDB7DEB7182F062F1092141483E0809374
:10675000BF0219821A821B821C821D8290E080E097
:106760000E94EF8B90911414898192FF37C08111A0
:106770001EC0CE0101960F94152488E590E70E9473
:10678000F770E0911214E250EA3040F7F0E0882709
:10679000E353FC448E4F0D94D9BB9302C30297027E
:1067A00097022F029702BD02F1007B01970240E49D
:1067B00057E76BE170E0CE0101960F9468228823C1
:1067C00001F3809114148B7F8260809314141092D3
:1067D0000F0E10920E0E88E490E7D1CF882389F235
:1067E000198282E390E7CBCF0F9439B30F945B7299
:1067F0008091050E811107C08FE190E70E94F37030
:1068000083E08093F8130F946D5381E00F900F9005
:106810000F900F900F90DF91CF911F910F910895DE
:106820000F9471ADF2CF8091F913811197CF812F21
:106830000F94A772802F0F943F720F9471AD8ECF7B
:106840000F9439B30F945B7289CF80E0DFCFCF9381
:10685000DF9300D01F921F92CDB7DEB70F94128F37
:1068600062E18FE89FE60F94BA8F0E946E4C40E081
:1068700065E5CE0101960E944C4C49815A816B819D
:106880007C818D810F947AAC61E080E00F9499B3A4
:10689000811103C00E94AE6CE8CF83E00F94A73C47
:1068A00083E60F94628F83E68093FB130F945083EB
:1068B0000F900F900F900F900F90DF91CF91089550
:1068C000CF930F94E38FC82F882379F088EC90E062
:1068D0000E94128C82E00F94A73C0F94598F0F9462
:1068E00027B40F94D88F0E94EE638C2FCF91089518
:1068F0000F931F93CF93DF9300D01F921F92CDB7BA
:10690000DEB7082F0F94E38F182F882339F1602FFB
:106910008EE39BE60E94AE650F94598F0E946E4CE9
:10692000402F6CE4CE0101960E944C4C49815A8163
:106930006B817C818D810F947AAC60E080E00F9454
:1069400099B3182F811103C00E94AE6CE7CF83E08A
:106950000F94A73C0F94D88F0E94EE63812F0F9065
:106960000F900F900F900F90DF91CF911F910F918B
:106970000895FF920F931F93CF93DF9300D01F9240
:106980001F92CDB7DEB7082FF62E0F94E38F182F86
:106990008823A1F1FF2029F0602F8FE29BE60E945F
:1069A000AE658091E91381110F9460B40F94598FF3
:1069B0000E946E4C402F65E4CE0101960E944C4C23
:1069C00049815A816B817C818D810F947AAC61E021
:1069D00080E00F9499B3182F811103C00E94AE6C10
:1069E000E7CF83E60F94628F83E68093FB1383E007
:1069F0000F94A73C0F94D88F0E94EE63812F0F90C5
:106A00000F900F900F900F90DF91CF911F910F91EA
:106A1000FF9008951F93CF93DF9300D01F921F9292
:106A2000CDB7DEB7182F0E946E4C412F6BE4CE011C
:106A300001960E944C4C49815A816B817C818D81E9
:106A40000F947AAC61E080E00F9499B3811103C098
:106A50000E94AE6CE8CF0F900F900F900F900F90A8
:106A6000DF91CF911F910895CF93C82F682F82E2B5
:106A70009BE60E94AE658091E91381110F9460B48A
:106A80000F94598F8C2F0F940AB583E60F94628F61
:106A900083E68093FB1383E00F94A73C0F94D88F79
:106AA0000E94EE6381E0CF910895E89409C097FBBE
:106AB0003EF490958095709561957F4F8F4F9F4FD5
:106AC0009923A9F0F92F96E9BB279395F695879519
:106AD00077956795B795F111F8CFFAF4BB0F11F4DC
:106AE00060FF1BC06F5F7F4F8F4F9F4F16C0882383
:106AF00011F096E911C0772321F09EE8872F762FB9
:106B000005C0662371F096E8862F70E060E02AF0F9
:106B10009A95660F771F881FDAF7880F96958795E5
:106B200097F908959B01AC010D9496B50F94A9B502
:106B30000D941AB60F940CB638F00F9413B620F0DB
:106B4000952311F00D9403B60D9409B611240D94FC
:106B50004EB60F942BB670F3959FC1F3950F50E08E
:106B6000551F629FF001729FBB27F00DB11D639FFF
:106B7000AA27F00DB11DAA1F649F6627B00DA11DA5
:106B8000661F829F2227B00DA11D621F739FB00D4B
:106B9000A11D621F839FA00D611D221F749F3327BB
:106BA000A00D611D231F849F600D211D822F762F54
:106BB0006A2F11249F5750409AF0F1F088234AF031
:106BC000EE0FFF1FBB1F661F771F881F915050409D
:106BD000A9F79E3F510580F00D9403B60D944EB673
:106BE0005F3FE4F3983ED4F3869577956795B79524
:106BF000F795E7959F5FC1F7FE2B880F911D96953E
:106C0000879597F9089597F99F6780E870E060E0AD
:106C100008959FEF80EC089500240A941616170635
:106C200018060906089500240A941216130614067D
:106C300005060895092E0394000C11F4882352F0E0
:106C4000BB0F40F4BF2B11F460FF04C06F5F7F4F98
:106C50008F4F9F4F089557FD9058440F551F59F07F
:106C60005F3F71F04795880F97FB991F61F09F3F39
:106C700079F087950895121613061406551FF2CF62
:106C80004695F1DF08C0161617061806991FF1CFB2
:106C900086957105610508940895E894BB276627D9
:106CA0007727CB0197F908953F924F925F926F92A9
:106CB0007F928F929F92AF92BF92CF92DF92EF928C
:106CC000FF920F931F93CF93DF935C016B017A01C7
:106CD0006115710519F0FB0191838083E114F104C2
:106CE00051F0C7010297839730F040E030E020E098
:106CF00090E06BC05E01E5012196F5011081812FC6
:106D000090E00F945AB8892BA9F71D3201F521960E
:106D1000F501118101E0E114F10409F4E6C0F0E1AC
:106D2000EF16F10409F088C0103359F488818F7D83
:106D3000883509F07CC0198122960260F0E1EF2EBF
:106D4000F12C812C912CA12C88E0B82E92C01B3202
:106D500021F4E5012296F501118100E0DCCFEAE0A3
:106D6000EE16F10409F4C7C0F0E1EF16F10409F0E2
:106D700073C0E7CF78E0E72EF12C812C912CA12C69
:106D800060E1B62E76C021E0ADC0302F3170C11465
:106D9000D10431F0222371F12197F601D183C08310
:106DA00027FF2EC060E070E080E090E8311104C061
:106DB0006FEF7FEF8FEF9FE722E230E030931E18F6
:106DC00020931D18462F372F282F642F732F822FC3
:106DD000DF91CF911F910F91FF90EF90DF90CF90B7
:106DE000BF90AF909F908F907F906F905F904F90EB
:106DF0003F90089501FF04C02297F601D183C0831C
:106E0000332341F090958095709561957F4F8F4F1A
:106E10009F4FD8CF97FFD6CF82E290E090931E1875
:106E200080931D186FEF7FEF8FEF9FE7CBCF10E3BD
:106E3000E114F10409F49ECF28E0E216F10409F40C
:106E40009CCF0CF08CCF812C912CA12CE0E4BE2E99
:106E500082E0E816F10469F060E070E080E090E81C
:106E600097010F2C000C440B550B0F943CBB4901B0
:106E70005A0120E060E070E0CB0127010F2C000CEC
:106E800066087708FE0150ED352E310E39E03315D6
:106E900070F43FEB310F49EC342E3A3138F03FE9D2
:106EA000310F3A3108F071CF39EA332E310E3E14EA
:106EB0001F040CF06ACF27FD15C086169706A8069A
:106EC000B90678F0A30192010F942CBB630D711DDC
:106ED000811D911D61307105810520E8920708F43C
:106EE00052CF2FEF21961081CDCF103309F41ECF52
:106EF0002AE0E22EF12C9CEC892E982CA82C9CE008
:106F0000B92EB7CF283008F027E03327DA01990FE0
:106F1000311D87FD916000966105710539F432607D
:106F20002E5F3D9330E32A95E1F708959F3F30F0BF
:106F300080387105610509F03C5F3C5F3D939130FD
:106F400008F08068911DDF93CF931F930F93FF92FA
:106F5000EF92192F987F9695E92F96959695E90FC0
:106F6000FF27E05CF94F99273327EE24FF24A70180
:106F7000E70105900894079428F4360FE71EF81EE1
:106F8000491F511D660F771F881F991F0694A1F78F
:106F90000590079428F4E70EF81E491F561FC11DDF
:106FA000770F881F991F661F0694A1F70590079415
:106FB00028F4F80E491F561FC71FD11D880F991FAF
:106FC000661F771F0694A1F70590079420F4490FD8
:106FD000561FC71FD81F990F661F771F881F06945B
:106FE000A9F784911095177041F0D695C7955795DC
:106FF0004795F794E7941A95C1F7E6EEF5E06894A3
:107000001590159135916591959105907FE2739555
:10701000E118F10A430B560BC90BD009C0F7E10C7C
:10702000F11E431F561FC91FD01D7EF4703311F48B
:107030008A95E6CFE894015030F0080F0AF4002753
:10704000021708F4202F2395022F7A3328F079E3D2
:107050007D932A95E9F710C07D932A9589F60694C9
:1070600097956795379517951794E118F10A430B93
:10707000560BC90BD00998F023957E9173957A33FE
:1070800008F070E37C932013B8F77E9170617D93D4
:1070900030F0839571E37D9370E32A95E1F7112435
:1070A000EF90FF900F911F91CF91DF91992787FD6E
:1070B0009095089591110D94B6BA803219F08950C7
:1070C0008550C8F70895FB01DC0102C005900D92C0
:1070D00041505040D8F70895FB01DC010D9000208D
:1070E000E9F7119705900D920020E1F70895FB0153
:1070F000DC018D91059080190110D9F3990B089549
:10710000FB01DC0105900D920020E1F70895FC01E0
:1071100005900020E9F7809590958E0F9F1F0895A8
:10712000FB01DC014150504088F08D9181341CF00E
:107130008B350CF4805E659161341CF06B350CF47A
:10714000605E861B611171F3990B0895881BFCCF5B
:10715000FB01DC014150504030F08D9105908019C9
:1071600019F40020B9F7881B990B0895FB01DC0185
:107170004150504048F005900D920020C9F701C0E1
:107180001D9241505040E0F70895FC010590615078
:1071900070400110D8F7809590958E0F9F1F08952D
:1071A000FB0155915523A9F0BF01DC014D91451715
:1071B0004111E1F759F4CD010590002049F04D91BE
:1071C00040154111C9F3FB014111EFCF81E090E07F
:1071D00001970895FC016150704001900110D8F7AB
:1071E000809590958E0F9F1F0895CF93DF93EC01AC
:1071F0002B8120FF1AC026FF0CC02F7B2B838E8192
:107200009F8101969F838E838A8190E0DF91CF9149
:10721000089522FF18C0E881F9818081082E000CB2
:10722000990B009729F420622B838FEF9FEFEECF0D
:107230003196F983E8832E813F812F5F3F4F3F8353
:107240002E839927E3CFEA85FB85199597FFF3CF26
:107250002B81019621F080E2822B8B83E6CF80E1A7
:10726000FBCF0F931F93CF93DF93182F092FEB01C1
:107270008B8181FD09C01FEF0FEF812F902FDF91D0
:10728000CF911F910F91089582FF14C02E813F81ED
:107290008C819D81281739073CF4E881F981CF0161
:1072A00001969983888310838E819F8101969F83A5
:1072B0008E83E3CFE885F985812F1995892BA1F37A
:1072C000DACFEF92FF920F931F93CF93DF938C014E
:1072D0007B01DB0113968C91D0E0C0E081FD0FC0F3
:1072E000CFEFDFEF10C0D7011896ED91FC91B701F9
:1072F0001995892B11F0CFEFDFEF0F5F1F4FF801CA
:1073000084918111F0CFCE01DF91CF911F910F9128
:10731000FF90EF9008950F931F93CF93DF93CDB716
:10732000DEB7AE01485F5F4FDA016D917D91AD012F
:1073300003E218E1F80182819381DC0113962C911C
:107340001397286013962C930E94613AD8011296E5
:10735000ED91FC912381277F2383DF91CF911F91B2
:107360000F9108950F931F93CF93DF938C01E091BA
:107370002518F09126188381D0E0C0E081FD0AC075
:10738000CFEFDFEF17C01995892B11F0CFEFDFEFAB
:107390000F5F1F4FF8018491609125187091261896
:1073A000DB011896ED91FC918111EDCF8AE01995E2
:1073B000892B31F7CE01DF91CF911F910F91089565
:1073C0000F931F93CF93DF93CDB7DEB72E970FB6F2
:1073D000F894DEBF0FBECDBF0E891F898EE08C836F
:1073E0001A8309838FEF9FE79E838D83AE01465EEC
:1073F0005F4F688D798DCE0101960E94613A2F8191
:107400003885020F131FF80110822E960FB6F894DC
:10741000DEBF0FBECDBFDF91CF911F910F910895B9
:10742000CF93DF93EC018B8188608B83CE010E9428
:10743000613A2B81277F2B83DF91CF9108950F93A2
:107440001F93CF93DF93CDB7DEB72E970FB6F89487
:10745000DEBF0FBECDBF8C01FA018EE08C831A8394
:10746000098377FF02C060E070E8615071097E8394
:107470006D83A901BF01CE0101960E94613A4D8141
:107480005E8157FD0AC02F813885421753070CF4DF
:107490009A01020F131FF80110822E960FB6F8946E
:1074A000DEBF0FBECDBFDF91CF911F910F91089529
:1074B000FA01AA27283051F1203181F1E8946F9325
:1074C0006E7F6E5F7F4F8F4F9F4FAF4FB1E03ED0CB
:1074D000B4E03CD0670F781F891F9A1FA11D680F69
:1074E000791F8A1F911DA11D6A0F711D811D911D9C
:1074F000A11D20D009F468943F912AE0269F112411
:107500003019305D3193DEF6CF010895462F477074
:10751000405D4193B3E00FD0C9F7F6CF462F4F70CF
:10752000405D4A3318F0495D31FD4052419302D02D
:10753000A9F7EACFB4E0A6959795879577956795D3
:10754000BA95C9F700976105710508959B01AC01D3
:107550000A2E06945795479537952795BA95C9F7FA
:10756000620F731F841F951FA01D089599278827F8
:107570000895DC01CB01FC01F999FECF06C0F2BDF4
:10758000E1BDF89A319600B40D9241505040B8F7E1
:107590000895F999FECF92BD81BDF89A992780B5DB
:1075A0000895A6E1B0E044E050E00D94BBBAA8E134
:1075B000B0E042E050E00D94BBBADC01A40FB51F6F
:1075C0004150504048F0CB01840F951F2E910F94ED
:1075D000EEBA41505040D0F70895262FF999FECFCA
:1075E00092BD81BDF89A019700B4021639F01FBA16
:1075F00020BD0FB6F894FA9AF99A0FBE0895039633
:10760000272F0F94EEBA0F94EDBA252F0F94EEBAF0
:10761000242F0D94EEBA0196272F0F94EEBA0D94F5
:10762000EDBA262FF999FECF1FBA92BD81BD20BDBC
:107630000FB6F894FA9AF99A0FBE01960895242F7E
:107640000F9412BB252F0F9412BB0D9427BB0F94E0
:1076500011BB272F0D9412BBDB018F939F930F94C7
:107660005EBBBF91AF91A29F800D911DA39F900D16
:10767000B29F900D11240895A1E21A2EAA1BBB1BE4
:10768000FD010DC0AA1FBB1FEE1FFF1FA217B307EE
:10769000E407F50720F0A21BB30BE40BF50B661F04
:1076A000771F881F991F1A9469F7609570958095C8
:1076B00090959B01AC01BD01CF0108950F9469BB6A
:1076C000A59F900DB49F900DA49F800D911D112436
:1076D0000895A29FB001B39FC001A39F700D811DAB
:1076E0001124911DB29F700D811D1124911D0895CB
:1076F000991B79E004C0991F961708F0961B881F04
:107700007A95C9F78095089587FB082E062687FD90
:10771000819567FD61950F9478BB0EF4919507FCF8
:1077200081950895AA1BBB1B51E107C0AA1FBB1F6F
:10773000A617B70710F0A61BB70B881F991F5A95FD
:10774000A9F780959095BC01CD01089597FB072E70
:1077500016F4009407D077FD09D00F9492BB07FC74
:1077600005D03EF4909581959F4F08957095619551
:107770007F4F0895052E97FB1EF400940F94D1BB04
:1077800057FD07D00F943CBB07FC03D04EF40D947B
:10779000D1BB50954095309521953F4F4F4F5F4F4E
:1077A000089590958095709561957F4F8F4F9F4F6D
:1077B0000895EE0FFF1F881F8BBF0790F691E02DF5
:1077C00019940F9469BB332312F48A1B9B0B0D94FD
:1077D000EBBB0F9469BBB7FF0895821B930B089511
:1077E0005058BB27AA270F9408BC0D941AB60F94C3
:1077F0000CB638F00F9413B620F039F49F3F19F40B
:1078000026F40D9409B60EF4E095E7FB0D9403B64B
:10781000E92F0F942BB658F3BA1762077307840742
:10782000950720F079F4A6F50D944DB60EF4E09589
:107830000B2EBA2FA02D0B01B90190010C01CA012A
:10784000A0011124FF27591B99F0593F50F4503ED5
:1078500068F11A16F040A22F232F342F4427585FC7
:10786000F3CF469537952795A795F0405395C9F7DF
:107870007EF41F16BA0B620B730B840BBAF0915097
:10788000A1F0FF0FBB1F661F771F881FC2F70EC036
:10789000BA0F621F731F841F48F487957795679509
:1078A000B795F7959E3F08F0B0CF9395880F08F0F5
:1078B0009927EE0F9795879508950F940CB660F071
:1078C00080E891E009F49EEF0F9413B628F040E8A9
:1078D00051E071F45EEF0CC00D9409B60D944DB6F5
:1078E000E92FE0780F942BB640F3092E052AB1F367
:1078F000261737074807590738F00E2E07F8E025F6
:1079000069F0E025E0640AC0EF6307F8009407FA25
:10791000DB01B9019D01DC01CA01AD01EF930F94B8
:1079200007BD0F941AB60F94A0BC5F91552339F090
:107930002BED3FE049E450FD49EC0D94F1BB089577
:10794000DF93DD27B92FBF7740E85FE316161706F0
:1079500048075B0718F4D92F0F94ECBE9F938F93C1
:107960007F936F930F9492B5E4EEF0E00F94FCBD1B
:107970000F941AB62F913F914F915F910F94A9B533
:10798000DD2351F09058A2EA2AED3FE049EC5FE395
:10799000D0785D270F9408BCDF910D941AB60F9430
:1079A00062BE90F09F3748F4911116F40D944EB6D4
:1079B00060E070E080E89FE3089526F01B16611DEB
:1079C000711D811D0D94D3BD0D94EEBD0F94AFBDFF
:1079D00008F481E008950F9425BEE3950D944EBE02
:1079E0000F9404BD0D941AB60F9413B658F00F946B
:1079F0000CB640F029F45F3F29F00D9403B6511105
:107A00000D944EB60D9409B60F942BB668F39923D6
:107A1000B1F3552391F3951B550BBB27AA2762178A
:107A20007307840738F09F5F5F4F220F331F441F97
:107A3000AA1FA9F335D00E2E3AF0E0E832D09150CB
:107A40005040E695001CCAF72BD0FE2F29D0660FB8
:107A5000771F881FBB1F261737074807AB07B0E8FB
:107A600009F0BB0B802DBF01FF2793585F4F3AF001
:107A70009E3F510578F00D9403B60D944EB65F3FCE
:107A8000E4F3983ED4F3869577956795B795F79587
:107A90009F5FC9F7880F911D9695879597F908956F
:107AA000E1E0660F771F881FBB1F6217730784070B
:107AB000BA0720F0621B730B840BBA0BEE1F88F71A
:107AC000E09508950F9469BD6894B1110D944EB678
:107AD00008950F9433B688F09F5798F0B92F9927DF
:107AE000B751B0F0E1F0660F771F881F991F1AF0A9
:107AF000BA95C9F714C0B13091F00F944DB6B1E00A
:107B000008950D944DB6672F782F8827B85F39F008
:107B1000B93FCCF3869577956795B395D9F73EF441
:107B200090958095709561957F4F8F4F9F4F0895E9
:107B30000F9462BE90F09F3748F4911116F00D94A7
:107B40004EB660E070E080E89FEB089526F41B16C7
:107B5000611D711D811D0D94D3BD0D94EEBD990F56
:107B60000008550FAA0BE0E8FEEF16161706E80707
:107B7000F907C0F012161306E407F50798F0621B28
:107B8000730B840B950B39F40A2661F0232B242BFD
:107B9000252B21F408950A2609F4A140A6958FEF1C
:107BA000811D811D0895882371F4772321F0985059
:107BB000872B762F07C0662311F499270DC09051AB
:107BC000862B70E060E02AF09A95660F771F881F79
:107BD000DAF7880F9695879597F908959F3F31F0CA
:107BE000915020F4879577956795B795880F911DEB
:107BF0009695879597F90895DF93CF931F930F93E9
:107C0000FF92EF92DF927B018C01689406C0DA2E1E
:107C1000EF010F94A9B5FE01E894A5912591359146
:107C200045915591A6F3EF010F9408BCFE01970111
:107C3000A801DA9469F7DF90EF90FF900F911F9100
:107C4000CF91DF9108950D9409B60F9433B6D8F310
:107C5000E894E0E0BB279F57F0F02AED3FE049ECC5
:107C600006C0EE0FBB0F661F771F881F28F0B23AC1
:107C700062077307840728F0B25A620B730B840BF8
:107C8000E3959A9572F7803830F49A95BB0F661F8A
:107C9000771F881FD2F790480D94F0BDEF93E0FF57
:107CA00007C0A2EA2AED3FE049EC5FEB0F9408BC65
:107CB0000F941AB60F90039401FC9058E1E1F1E0A3
:107CC0000D9445C00F9433B6A0F0BEE7B91788F401
:107CD000BB279F3860F41616B11D672F782F8827B1
:107CE000985FF7CF869577956795B11D93959639EF
:107CF000C8F308950F94AFBD08F48FEF08950F9463
:107D00000CB629F00F9413B611F00D9409B60D942A
:107D100003B6B901CA010D94EEBD9F775F770F944A
:107D20002BB668F39923A9F35523A9F3FF279517D9
:107D300058F4E52FE91BED3060F75E3B10F0F1E4FD
:107D40001CC09034E0F40AC0E92FE51BED3018F7B1
:107D50009E3B10F0F1E411C0503488F4F9EA882316
:107D60002AF09A95660F771F881FDAF744232AF0C6
:107D70005A95220F331F441FDAF79F1B5F1BFF9397
:107D80001F930F93FF92EF9279018A01BB27AB2FCC
:107D90009B01AC010F94ACB59701A801BF937B0187
:107DA0008C01AA27BA2FB901CA010F94ACB5AF91C3
:107DB0009701A801EF90FF900F911F910F9408BCBD
:107DC0000F941AB60F94BFBF4F9140FF08955527E7
:107DD00047FD50950D94F8BE9B01AC0160E070E04A
:107DE00080E89FE30D94F0BC0D9403B60D94EEBDB6
:107DF0000F9433B6D8F39923C9F3940F511DA3F30D
:107E00009150504094F059F0882332F0660F771F5C
:107E1000881F91505040C1F79E3F51052CF7880FA5
:107E2000911D9695879597F908955F3FACF0983E20
:107E30009CF0BB27869577956795B79508F4B16058
:107E40009395C1F7BB0F58F711F460FFE8CF6F5F50
:107E50007F4F8F4F9F4FE3CF0D944EB60F9433B6A5
:107E600058F19E5760F19851A0F0E9F0983020F554
:107E7000092E9927660F771F881F991F0A94D1F73B
:107E800012C0062E672F782F8827985F11F4000CF8
:107E900007C0993FB4F38695779567959395D9F781
:107EA000611D711D811D3EF49095809570956195C1
:107EB0007F4F8F4F9F4F089568940D944EB60D9449
:107EC0004DB6FA01EE0FFF1F309621053105A1F1E5
:107ED0006115710561F48038BFE39B0749F168942F
:107EE0009038810561F08038BFEF9B0741F09923FE
:107EF0004AF5FF3FE1053105210519F1E8940894A1
:107F0000E795D901AA2329F4AB2FBE2FF85FD0F350
:107F100010C0FF5F70F4A695E0F7F73950F019F044
:107F2000FF3A38F49F779F930DD00F9007FC90583D
:107F3000089546F00D9409B660E070E080E89FE394
:107F400008954FE79F775F934F933F932F930F943D
:107F500061C02F913F914F915F910F9496B50D9411
:107F60000CC09F930F9425BE0F9007FCEE5F0D94FD
:107F70004EBE19F416F40D9409B60D94EEBD0F948F
:107F800033B6B8F39923C9F3B6F39F57550B87FF60
:107F90000F943EC00024A0E640EA90018058569518
:107FA000979528F4805C660F771F881F20F02617AE
:107FB0003707480730F4621B730B840B20293129E3
:107FC0004A2BA69517940794202531254A2758F760
:107FD000660F771F881F20F026173707480730F4F1
:107FE000620B730B840B200D311D411DA09581F791
:107FF000B901842F9158880F9695879508950F940D
:10800000AFBD880B990B089529F416F00D9403B6B3
:108010000D944DB60D9409B60F9433B6A8F3963867
:10802000A0F707F80F92E8942BE33AEA48EB5FE7F2
:108030000F94ACB50F920F920F924DB75EB70F929F
:108040000F94A9C0EFE2F1E00F94FCBD4F915F9156
:10805000EF91FF91E595EE1FFF1F49F0FE57E06895
:108060004427EE0F441FFA95E1F74195550B0F9405
:10807000F8BE0F9007FE0D94ECBE0895915050404D
:10808000660F771F881FD2F708959F938F937F9372
:108090006F93FF93EF939B01AC010F9496B5EF9113
:1080A000FF910F94FCBD2F913F914F915F910D94E3
:1080B00096B516F00D94EEBD0D9409B668940D9426
:1080C00003B60F9433B6A8F39923C1F3AEF3DF934D
:1080D000CF931F930F93FF92C92FDD2788232AF098
:1080E0002197660F771F881FDAF720E030E040E81D
:1080F0005FEB9FE3883920F0803E38F021968F7740
:108100000F94F1BBE7E5F1E004C00F94F1BBE4E8A4
:10811000F1E00F94FCBD8B01BE01EC01FB2E6F570B
:1081200071097595771F880B990B0F9457B528E146
:1081300032E741E35FE30F94A9B5AF2D9801AE019B
:10814000FF900F911F91CF91DF910F9408BC0D9478
:108150001AB6FA01DC01AA0FBB1F9B01AC01BF5785
:1081600028F4222733274427507820C0B75190F4B1
:10817000AB2F0024469537952795011CA395D2F384
:10818000002071F0220F331F441FB395DAF30ED095
:108190000D94F0BB61307105A0E88A07B94630F450
:1081A0009B01AC016627772788279078309621F0CD
:1081B000208331834283538308959111089581541C
:1081C0008A5108F4805E855A0895FB01DC0104C0E1
:1081D0008D910190801921F441505040C8F7881BBF
:1081E000990B0895FB01DC0102C001900D924150F2
:1081F0005040D8F70895DC0101C06D9341505040C4
:10820000E0F70895FB01DC018D9181341CF08B3582
:108210000CF4805E619161341CF06B350CF4605E8F
:10822000861B611189F3990B0895FB01DC010D9008
:108230000020E9F7119701900D920020E1F70895D1
:10824000FC018191861721F08823D9F79927089599
:108250003197CF010895FB01DC018D9101908019C8
:108260000110D9F3990B0895FB01DC0101900D92E7
:108270000020E1F70895FB01DC014150504030F04F
:108280008D910190801919F40020B9F7881B990B82
:108290000895FB01DC014150504048F001900D92DF
:1082A0000020C9F701C01D9241505040E0F70895E9
:1082B0000F931F93CF93DF93E0912518F091261829
:1082C0002381EC0110E000E021FD08C00FEF1FEF5B
:1082D00014C01995892B11F00FEF1FEF8991609150
:1082E000251870912618DB011896ED91FC918111EB
:1082F000F0CF8AE01995892B49F7C801DF91CF911A
:108300001F910F9108951AE3CDE2DAE300E006C071
:10831000802FFE010F94D9BB2196011DCE32D107CB
:0A83200080E00807A9F7F894FFCFEA
:10832A00303132333435363738392E200A4758003F
:10833A00FFFFFFFFFF00007F43008054430000520D
:10834A004300000000000080C09A99193E640002B0
:10835A0040771B0060EA0000016400FF0101010090
:10836A0000484200003E430000A041D2000F000135
:10837A00FF3FFF3FFF3FFF3F303030300101101019
:10838A00011414001111011E1E0102AF0002013B6B
:10839A000E2B0E000080BF0000000000000000004D
:1083AA00000000000080BF00000000000000000084
:1083BA000000000000803F01010101E8470005FAC2
:1083CA004700050101D310D310D310D310FFFFFFCC
:1083DA00FFFFFFFFFFFFFF08010080BB44640001AD
:1083EA007F7F777B777F7F01010101FFFFFF00809D
:1083FA003B4500803B4500004844000000005859B6
:10840A005A45580059005A005072757361206933F1
:10841A00204D4B332D52000D0A0000C0284500C0E4
:10842A00284500007A440000C842E6020600EB0232
:10843A000600C8040600F0040600030304032F0024
:0A844A003B62F861B7610100010018
:00000001FF
