:100000000C945A340C948B340C948B340C948B34A5
:100010000C948B340C948B340C948B340C948B3464
:100020000C948B340C948B340C948B340C948B3454
:100030000C9407690C948B340D942D040D9471016C
:100040000C948B340D94EF0B0C948B340C948B34F8
:100050000C948B340C948B340C948B340C94E258A9
:100060000C948B340C94EE460C948B340C948B349F
:100070000C948B340C94EE9D0C948B340C948B3438
:100080000D947B060C948B340C948B340C948B3431
:100090000C94AA460C948B340C948B340C948B34B3
:1000A0000C948B340C948B340C9466FD0C948B3430
:1000B0000C948B340C9448FD0C948B340C948B343E
:1000C0000C948B340C948B340C948B340C9408FD6E
:1000D0000C948B340C948B340C948B340C948B34A4
:1000E0000C948B34084AD73B3BCE016E84BCBFFDD9
:1000F000C12F3D6C74319ABD56833DDA3D00C77FF8
:1001000011BED9E4BB4C3E916BAAAABE0000008090
:100110003F05A84CCDB2D44EB93836A9020C50B91F
:10012000918688083CA6AAAA2ABE000000803F0744
:10013000634236B79BD8A71A39685618AEBAAB5582
:100140008C1D3CB7CC5763BD6DEDFD753EF6177247
:1001500031BF000000803F08000000BE9224491219
:100160003EABAAAA2ABECDCCCC4C3E00000080BE3D
:10017000ABAAAAAA3E00000000BF000000803F001A
:1001800000000000084178D3BB4387D1133D190E0E
:100190003CC3BD4282AD2B3E68EC8276BED98FE176
:1001A000A93E4C80EFFFBE01C4FF7F3F000000006E
:1001B00000000C94D6AF0C94C2D50C9456F70D9455
:1001C000E9160C94D7B70C94CFC20C94CE9F0C9424
:1001D000AAA10C9498AB0C9477EA0C941E9F0C94F3
:1001E000C7A40C94F29E0C9461A50D9499170C94DD
:1001F00062FC0C946AF30C94D1EA0C94E0A50C9484
:10020000B4A30D94CA170D9433170D9418180C94B9
:1002100081A10C94EEA10D9454760C94D5A60C9467
:10022000E8AF0C94A3AF0C9453590C94ACF30C941A
:10023000EAF20D94263D0C94E39E0C9446A10D9495
:1002400028180C947DA50C943DB00D94D0170D94F6
:10025000F8170C94B2E90C94189F0C94E3AA0C9430
:10026000C89F0D94D0010C9489AB0C940AA30C94F4
:10027000E9B70C9450A10C944EBB0C9423F30D944D
:1002800030170C941FB00D9469170C94DD9E0C94DC
:100290006BF70C944A590C94B0AF0C94A0A10D9438
:1002A0009F000C94B9A40C94CFB40C9412BC0C9481
:1002B000F89E0C9460AB0C948CA10C9409EA0C94FD
:1002C000069F0C94269F0C94B7A60C94EB9E0C945E
:1002D00044A10C946CAB0D9400180C94A9AA0D9435
:1002E000514C0C94E0AA0C94899E0D94E1000C945E
:1002F00036580C9439F70C9488590C9429B00C9406
:100300007EAB0C9426590D947A700C94B4A10D9484
:10031000F0170C940BB00C9429B60C94DAB70C942B
:1003200016DD0D945C000C94DEAF0C9474AA0C9452
:10033000E2A10D9480760C94C3A40D94D8170D946B
:10034000FB6F0C947CF10C94ABAF0C94229F0C943B
:100350009AAB0C940FDC0D9470760C9473EA0D94A8
:10036000C73E0C94EEA90D94E0170C9474E70D941D
:1003700026170D9493170C9425DD0C94FEDC0C9439
:10038000AFA40C9435F20D94D2000C943FD90C9488
:10039000A5A20C9477F10C94E9AA0D9429170C945A
:1003A0009AF50C94A1B70D9408180D9473760C94DB
:1003B0001DE90C9404FB0C94A9FB0D94E9230C9407
:1003C00076590C9415B00C947EAA0D9414700C946C
:1003D000E7BB0C94C4AF0D9449000C945AF70C94ED
:1003E000C8EB0C949DAB0C94BEA40C946FA50C941C
:1003F00062C20C940A9F0C9497F50D9476700C943D
:10040000CEB70C9434590C94FC9E0C94A5A40D9476
:1004100020180C9421E90C94BAAF0C9473A20C949C
:10042000BAFC0C94FCB20C94F2AA0D94BE3E0C944F
:10043000CCEC0C9481A80C94DDAA0C942AF40C94B6
:10044000A0A40C941B590C9403A20C94AAA40C9481
:100450001AA20C944DDD0D9455080C94E6AA0D9447
:1004600056700C947AE70C94B3F20C94B7FD0C948C
:1004700096A10C9446F20C942BDD0C941AB50C94B6
:1004800063DD0C945AF50C94CEAF0C9476A50C94C5
:1004900072AB0C941F580C9473DD0C9460BB0C94DD
:1004A00078C20C947BB50C9433B00C94B4A40C9427
:1004B0001D9F0C9466AB0D94CD170C94FCAF0D945E
:1004C00001170C94EEFE0C94FBA40C949ADC0D9492
:1004D00077760C9460F50D94B53E0D94C7170C9487
:1004E000B0E80C94EE5C0D9473700C9468A50C94B9
:1004F000DAAA0C945B470C94D95A0D94FA000C9428
:10050000029F0C94B4EC0C94E79E0C942FDD0C9499
:10051000149F0C9450BF0C942A9F0C94EAA30C9443
:1005200076A70C948FA20D9485760C94B3B70C9497
:10053000F2AF0C9429F20C9466A10C94F8A10D94DE
:100540000E760C9452F20C9498B70C94C4DC0C9474
:10055000DDB70C9434BB0C946AEC0C9483F20C94CD
:10056000BADC0C94109F0C94E0B70C94EF9E0D94A1
:10057000E8170D9496170C942ED90C9475A10D9430
:1005800010180C9401590C94CCDC0C945AA10C94C6
:10059000F9A50C9498A36E616E00696E6600004028
:1005A0007A10F35A00A0724E18090010A5D4E80082
:1005B00000E87648170000E40B54020000CA9A3B9A
:1005C000000000E1F5050000809698000000404220
:1005D0000F000000A08601000000102700000000AE
:1005E000E803000000006400000000000A000000B2
:1005F00000000100000000002C76D888DC674F085E
:1006000023DFC1DFAE59E1B1B796E5E3E453C63A63
:10061000E651997696E8E6C28426EB898C9B62EDDA
:10062000407C6FFCEFBC9C9F40F2BAA56FA5F49094
:10063000055A2AF75C936B6CF9676DC11BFCE0E40B
:100640000D47FEF520E6B500D0ED902E0300943561
:1006500077050080841E080000204E0A000000C8B4
:100660000C333333330F986E12831141EF8D211405
:10067000893BE65516CFFEE6DB18D1844B381BF7D5
:100680007C1D901DA4BBE424203284725E22810074
:10069000C9F124ECA1E53D272200656E71756569FD
:1006A0006E67202200446F6E65207072696E7469F7
:1006B0006E672066696C65004E6F204C696E652020
:1006C0004E756D6265722077697468206368656332
:1006D0006B73756D2C204C617374204C696E653A98
:1006E00020004E6F20436865636B73756D207769DA
:1006F0007468206C696E65206E756D6265722C2061
:100700004C617374204C696E653A200063686563C0
:100710006B73756D206D69736D617463682C204C0B
:10072000617374204C696E653A20004C696E6520D7
:100730004E756D626572206973206E6F74204C6116
:100740007374204C696E65204E756D6265722B3135
:100750002C204C617374204C696E653A200025751D
:10076000206279746573207772697474656E207481
:100770006F20255320617420616464726573732057
:100780003078253038780A00442564202D205265C1
:1007900061642F57726974652025530A0020436FE6
:1007A000756E7420583A200045303A256420525026
:1007B0004D2050524E313A25642052504D20453044
:1007C000403A25752050524E31403A25750A005264
:1007D0006573656E640025533A20256C640A2553C1
:1007E0000A002F2F616374696F6E3A6E6F746966C9
:1007F00069636174696F6E2025530A0046696C61F4
:100800006D656E742072756E6F75742064657465A5
:1008100063746564210064697361626C656400657A
:100820006E61626C656400454550524F4D005352F5
:10083000414D00442D31202D20456E646C6573734D
:10084000206C6F6F700A004163746976652045788B
:100850007472756465723A203000496E76616C6915
:1008600064206578747275646572004D3232302090
:10087000532564005344207072696E74696E67205A
:10088000627974652000257500556E6B6E6F776E0A
:1008900020636F6D6D616E643A2022004D323030FE
:1008A00020496E76616C6964206578747275646540
:1008B0007220007A5F6D61783A20007A5F6D696E10
:1008C0003A2000795F6D696E3A20005452494747DB
:1008D00045524544006F70656E00785F6D696E3AF1
:1008E00020005265706F7274696E6720656E647364
:1008F000746F7020737461747573004D31313220E0
:1009000063616C6C65642E20456D657267656E630E
:10091000792053746F702E002F2F616374696F6E8E
:100920003A75766C6F5F7265636F766572795F7228
:10093000656164790025533A256C7520636D0A253D
:10094000533A256C75206D696E0A0053494C454E2B
:1009500054004E4F524D414C002553204D4F4445BD
:100960003A2050657263656E7420646F6E653A203C
:10097000256868643B207072696E742074696D65C7
:100980002072656D61696E696E6720696E206D69A0
:100990006E733A2025643B204368616E6765206969
:1009A0006E206D696E733A2025640A005072696E7C
:1009B00074657253746174653A2025640A00456E4B
:1009C000642066696C65206C6973740042656769B0
:1009D0006E2066696C65206C69737400556E6B6E71
:1009E0006F776E20256320636F64653A2025730A54
:1009F000000A50494E44412074656D7065726174FF
:100A00007572653A20252E3166205A207368696612
:100A10007420286D6D293A20252E3366000A537400
:100A200065703A2025642F360A000A537465703ABF
:100A30002025642F362028736B6970706564290A3D
:100A400050494E44412074656D70657261747572D1
:100A5000653A202564205A20736869667420286DE1
:100A60006D293A300A000A5A45524F3A20252E3352
:100A7000660A0073746172742074656D70657261CA
:100A8000747572653A20252E31660A00256420208F
:100A9000252E326600255320583A20252E35662013
:100AA000593A20252E3566205A3A20252E35660AD9
:100AB00000536C6565702E2E2E0045303A2564205B
:100AC00052504D0A50524E303A25642052504D0A31
:100AD00000312F3900002045535000204E53500064
:100AE000204F464600204F4E005056303100205BCC
:100AF0004D505D2000256920686F7572732025694F
:100B0000206D696E757465730052582074696D6547
:100B10006F7574004D333130004D313132004D313D
:100B200031300046756C6C205258204275666665FF
:100B3000720053657474696E67732053746F7265C5
:100B4000640053746F7265642073657474696E67B2
:100B500073207265747269657665640048617264B9
:100B6000636F6465642044656661756C74205365C9
:100B70007474696E6773204C6F61646564005632EB
:100B800000000000C8420000C8420000C843000046
:100B90000543000048430000484300004041000076
:100BA000F042E8030000E8030000C80000008813DA
:100BB000000000409C4400409C44000000000000F5
:100BC0000000204E00000000204100002041CDCC5C
:100BD000CC3E00009040000000000000000000003B
:100BE0000000CDCCCC3E3D0A8141FF08433EB09988
:100BF000AB438F42FC42E65A343F4C62B0450000A2
:100C000000000040400000344200000000000000EE
:100C10000000000041000000E03F00002C43000005
:100C20002C43000040410000F042C0030000C0031C
:100C30000000C800000088130000101010100040D1
:100C40009C440000803F0000003F19140000002079
:100C5000307800203078006572726F723A2000445C
:100C60003233202D20656D657267656E6379207360
:100C7000657269616C2064756D7000437573746F83
:100C80006D004E796C6F6E504100536174696E2037
:100C9000200054657874757200536D6F6F7468002E
:100CA000312E3000312E3500554E4B4E4F574E00F1
:100CB0004C413130433A204C696E65617220416489
:100CC00076616E6365206D6F64653A20004C41313A
:100CD00030433A2041646A757374656420452D4A37
:100CE00065726B3A20003E0FA8AF0048006996007D
:100CF00000DF6025555887680427F2E0005E340362
:100D0000CC1960F33C0EF88F00DB08029492003E91
:100D10001C079A8700E524008528527E06001BE404
:100D2000007E781270787061F812788F884178426E
:100D300070787061782570787061F850788F88D1FC
:100D4000F02527078761F025278F88412C0D27AADA
:100D500050D1BC0707871161BE788F881141785246
:100D600070787061F852788F8841201278887063AB
:100D70002052788870634852788887430311179906
:100D80007064181278F870654412F8F8F04518424B
:100D900078F87065182578F87065185278F87065DD
:100DA000185078F870650C078F872365A20F8F8F16
:100DB00011450012062270690012072227490025FA
:100DC0000622706900250722274900120622276C97
:100DD000026236A2706C40456C44704C0362222261
:100DE000706C43888888F04C7812BC88806E78528A
:100DF000BC88806E38127888706F78127888874F38
:100E000038427888706F38257888706F3A0079ACEE
:100E1000786F3D079AAC786F7850788887EF3949BA
:100E20007888706F0852BC8880729852F88F9852F8
:100E300020127870F07348127863875320527870CC
:100E4000F0734852786387531007870F2473127822
:100E50006387245360699A988BE22304E4443074D6
:100E6000104E444324747C12888960753C508888F5
:100E700070557825288960757949088960753C1214
:100E8000887070790C12885222594412F124F07A39
:100E90004452F124F07A8C52F0368F5A4420F124D7
:100EA000F07A00401454CDCCCC3D0AD7233C17B780
:100EB000D13877CC2B329595E6241FB14F0A00002C
:100EC00020410000C84200401C4620BCBE4CCA1B4A
:100ED0000E5AAEC59D744E414E494E4600007A43AF
:100EE000000052430000524300000000000080C098
:100EF0009A99193E00000000000080C09A99193E9E
:100F000020503A002042403A0020403A00202F0072
:100F10002054303A00202F0020423A00202F005465
:100F20003A00255345786365737369766520626579
:100F300064206C6576656C696E6720636F7272659C
:100F40006374696F6E3A202569206D6963726F6EF4
:100F5000730A00536F6D652070726F626C656D204F
:100F6000656E636F756E74657265642C205A2D6CA6
:100F70006576656C696E6720656E666F7263656421
:100F8000202E2E2E004D65736820626564206C65EE
:100F900076656C696E67206661696C65642E2050A9
:100FA00072696E742063616E63656C65642E0048BF
:100FB000656174696E672064697361626C65642041
:100FC0006279207361666574792074696D65722E2B
:100FD00000472D636F646520736C696365642066E8
:100FE0006F72206120646966666572656E74206C3C
:100FF0006576656C2E20506C656173652072652D79
:10100000736C69636520746865206D6F64656C201E
:10101000616761696E2E00472D636F646520736C94
:101020006963656420666F72206120646966666525
:1010300072656E74206C6576656C2E00472D636F4B
:10104000646520736C6963656420666F722061203B
:101050006E65776572206669726D776172652E20A4
:10106000506C656173652075706461746520746887
:1010700065206669726D776172652E00472D636F1A
:10108000646520736C6963656420666F72206120FB
:101090006E65776572206669726D776172652E0084
:1010A000472D636F646520736C6963656420666FA8
:1010B00072206120646966666572656E7420707264
:1010C000696E74657220747970652E20506C65614C
:1010D00073652072652D736C696365207468652083
:1010E0006D6F64656C20616761696E2E00472D63CA
:1010F0006F646520736C6963656420666F7220613C
:1011000020646966666572656E74207072696E74BB
:10111000657220747970652E005072657373207447
:101120006865206B6E6F6220746F207072656865F1
:101130006174206E6F7A7A6C6520616E6420636FD3
:101140006E74696E75652E00506C656173652070F4
:101150007265737320746865206B6E6F6220746FA4
:1011600020756E6C6F61642066696C616D656E746C
:1011700000616E6420707265737320746865206B03
:101180006E6F6200496E736572742066696C616D82
:10119000656E7400436F6C6F72206E6F7420636FA6
:1011A00072726563740046696C616D656E74206E61
:1011B0006F74206C6F61646564004368616E67657D
:1011C0006420636F72726563746C79004C6F616444
:1011D000696E6720636F6C6F72004368616E67654C
:1011E00020737563636573732100506C656173656B
:1011F000206F70656E2069646C657220616E64207A
:1012000072656D6F76652066696C616D656E7420C0
:101210006D616E75616C6C792E0057617320666923
:101220006C616D656E7420756E6C6F616420737592
:10123000636365737366756C3F00506C65617365BD
:1012400020757067726164652E004E65772066694F
:10125000726D776172652076657273696F6E206159
:101260007661696C61626C653A0057616974696E98
:101270006720666F722050494E44412070726F6241
:101280006520636F6F6C696E6700506C6561736594
:101290002077616974004E6F206D6F76652E005760
:1012A00061697420666F7220757365722E2E2E0030
:1012B000537461626C6520616D6269656E7420743F
:1012C000656D70657261747572652032312D3236CC
:1012D00043206973206E65656465642061207269CE
:1012E000676964207374616E64206973207265712C
:1012F00075697265642E00506C6561736520727546
:101300006E2058595A2063616C6962726174696F0A
:101310006E2066697273742E00426564206C657677
:10132000656C696E67206661696C65642E20536523
:101330006E736F72206469646E27742074726967BB
:101340006765722E20446562726973206F6E206E2D
:101350006F7A7A6C653F2057616974696E672066A1
:101360006F722072657365742E00426564206C652F
:1013700076656C696E67206661696C65642E2054C1
:101380006F6F206D75636820766172696174696F33
:101390006E2066726F6D20656570726F6D206D6571
:1013A000736800426564206C6576656C696E6720C1
:1013B0006661696C65642E2053656E736F7220746C
:1013C000726967676572656420746F6F20736F6FF1
:1013D0006E002020004D6561737572656420706F2A
:1013E000696E74733A005A2073656172636820688D
:1013F00065696768743A20352E3066004E756D2039
:10140000582C593A20372C37004D65736820626597
:1014100064206C6576656C696E67206E6F74206100
:1014200063746976652E0020453A00205A3A002000
:10143000593A0020453A00205A3A0020593A0058BB
:101440003A00202D3E200053706F6F6C4A6F696E1A
:101450003A20002C2000496E6163746976697479C2
:101460002053687574646F776E004B494C4C45444B
:101470002E005072696E7465722068616C746564C8
:101480002E206B696C6C28292063616C6C6564216B
:10149000005A206C6976652061646A757374206FE8
:1014A0007574206F662072616E67652E20536574B7
:1014B00074696E6720746F20302E20436C69636BF3
:1014C00020746F20636F6E74696E75652E005A20EC
:1014D0006C6976652061646A757374206F75742019
:1014E0006F662072616E67652E2053657474696E35
:1014F0006720746F20300020453A3020423A005473
:101500003A00627573793A2070617573656420667C
:101510006F7220696E70757400627573793A20700D
:10152000617573656420666F722075736572006201
:101530007573793A2070726F63657373696E6700B3
:1015400073657269616C2064756D702000496E76F8
:10155000616C6964205420636F64652E004475706B
:101560006C696361746520542D636F6465206967DD
:101570006E6F7265642E00416476616E6365204B08
:101580003D004B206F7574206F6620616C6C6F7727
:1015900065642072616E676521004D4B322E3553B4
:1015A000004D4B322E35534D4D553253001C4FFCE0
:1015B000002533642F2533640025336400200A207E
:1015C0000A200A2000255353746174697374696397
:1015D000733A0A255320204D37382053256C752047
:1015E00054256C750A002553417263205365747449
:1015F000696E67733A20503A4D6178206C656E676A
:101600007468286D6D2920533A4D696E206C656EA3
:1016100067746820286D6D29204E3A436F72726599
:101620006374696F6E7320523A4D696E20736567FB
:101630006D656E747320463A5365676D656E74739D
:101640002F7365632E0A255320204D3231342050EC
:10165000252E32662053252E3266204E25642052D8
:101660002564204625640A00255346696C616D6532
:101670006E742073657474696E67733A204469737D
:1016800061626C65640A00255346696C616D656E24
:10169000742073657474696E67733A0A2553202049
:1016A000204D3230302044252E32660A0025535218
:1016B0006574726163743A20533D4C656E6774685B
:1016C00020286D6D2920463A537065656420286D89
:1016D0006D2F6D29205A3A205A4C69667420286D66
:1016E0006D290A25532020204D3230372053252ED6
:1016F00032662046252E3266205A252E32660A256D
:10170000535265636F7665723A20533D4578747223
:1017100061206C656E67746820286D6D2920463ADB
:10172000537065656420286D6D2F6D290A2553203F
:1017300020204D3230382053252E32662046252E6B
:1017400032660A25534175746F2D52657472616358
:10175000743A20533D3020746F2064697361626C69
:10176000652C203120746F20696E7465727072650B
:101770007420657874727564652D6F6E6C79206D58
:101780006F76657320617320726574726163747320
:10179000206F72207265636F7665726965730A25C2
:1017A000532020204D323039205325640A00255320
:1017B000504944206865617462656420736574747F
:1017C000696E67733A0A25532020204D3330342048
:1017D00050252E32662049252E32662044252E3291
:1017E000660A0025535049442073657474696E6716
:1017F000733A0A25532020204D3330312050252EB6
:1018000032662049252E32662044252E32660A0093
:10181000255353746570732070657220756E6974FA
:101820003A0A255320204D39322058252E32662081
:1018300059252E3266205A252E32662045252E3215
:10184000660A25534D6178696D756D20666565641E
:10185000726174657320286D6D2F73293A0A2553C0
:1018600020204D3230332058252E32662059252E27
:101870003266205A252E32662045252E32660A25EC
:10188000534D6178696D756D20616363656C657238
:101890006174696F6E20286D6D2F7332293A0A25A5
:1018A0005320204D3230312058256C752059256C3D
:1018B00075205A256C752045256C750A25534163A2
:1018C00063656C65726174696F6E3A20503D707229
:1018D000696E742C20523D726574726163742C20A1
:1018E000543D74726176656C0A255320204D323068
:1018F000342050252E32662052252E326620542563
:101900002E32660A2553416476616E6365642076E3
:1019100061726961626C65733A20533D4D696E2056
:10192000666565647261746520286D6D2F73292C5E
:1019300020543D4D696E2074726176656C20666539
:1019400065647261746520286D6D2F73292C2042A7
:101950003D6D696E696D756D207365676D656E743B
:101960002074696D6520287573292C20583D6D61A0
:1019700078696D756D205859206A65726B20286DE5
:101980006D2F73292C20205A3D6D6178696D756D1E
:10199000205A206A65726B20286D6D2F73292C20C8
:1019A00020453D6D6178696D756D2045206A6572D1
:1019B0006B20286D6D2F73290A255320204D32305E
:1019C000352053252E32662054252E32662042259E
:1019D0006C752058252E32662059252E3266205AE5
:1019E000252E32662045252E32660A2553486F6D16
:1019F00065206F666673657420286D6D293A0A2527
:101A00005320204D3230362058252E32662059255D
:101A10002E3266205A252E32660A004361703A251E
:101A2000533A25630A0050525553415F4D4D55328C
:101A300000455854454E4445445F4D3230004155B1
:101A4000544F5245504F52545F504F534954494F91
:101A50004E004155544F5245504F52545F46414EEF
:101A600053004155544F5245504F52545F54454DC9
:101A700050000044656C6574696F6E206661696C26
:101A800065642C2046696C653A200046696C6520C7
:101A900064656C657465643A004E6F74205344202D
:101AA0007072696E74696E67005072696E7420732B
:101AB00061766564005344207072696E74207061B1
:101AC00075736564002533642F25336400667600E2
:101AD0007468780050524E0022283229006E6F2020
:101AE00076616C696420636F6D6D616E64007A6508
:101AF000726F72697A656400666163746F727920CF
:101B0000726573746F72656400696E6465782C2009
:101B100074656D702C2075737465702C20756D0064
:101B200050494E44412063616C2073746174757335
:101B30003A2000503A005761697420666F72205055
:101B4000494E4441207461726765742074656D70FC
:101B5000657261747572653A002041002050002062
:101B60004200204C00205200205A00204E4F5420AA
:101B7000494E495449414C495A45440053686565AA
:101B8000742000205A2056414C5545204F55542072
:101B90004F462052414E474500496E76616C69645C
:101BA0002073686565742049442E20416C6C6F7702
:101BB00065643A20302E2E004155544F004C414E62
:101BC000472053454C20464F524345440020643A39
:101BD0000020693A0020703A0020643A0020693AF7
:101BE0000020703A00256925250A00256925250A67
:101BF0000022283129002F2F00002045585452552B
:101C00004445525F434F554E543A3100204D4143B5
:101C100048494E455F545950453A00312E30002016
:101C20006261736564206F6E204D61726C696E2015
:101C30004649524D574152455F55524C3A6874746B
:101C400070733A2F2F6769746875622E636F6D2FFA
:101C5000707275736133642F50727573612D4669AC
:101C6000726D776172652050524F544F434F4C5FF5
:101C700056455253494F4E3A0066336530646664A8
:101C80003438005F0038323834002B004649524D5A
:101C9000574152455F4E414D453A50727573612D23
:101CA0004669726D7761726520004D313133205382
:101CB000006F6B20006E2F61003F546F7368696284
:101CC0006120466C617368416972204765744950B0
:101CD000206661696C65640A00000125301D0CFFF7
:101CE00024311C0BFF232F1B0A17FF0406222B1A7B
:101CF00003363535382569206D696E2C202569201D
:101D000073656300496E76616C6964204D20636F72
:101D100064653A2025730A0050494E444120707290
:101D20006F62652063616C6962726174696F6E20B5
:101D30007374617274004E6F2050494E4441207498
:101D40006865726D6973746F7200736574006E6F8D
:101D50007A7A6C65004D424C004652004C7A004C39
:101D6000616E6700315F37356D6D5F4D4B323553B6
:101D70002D52414D426F3133612D453344763666E5
:101D8000756C6C0052657600332E31342E312D384F
:101D90003238340046697200534E20696E76616CA9
:101DA000696400534E005245534554004D4D555201
:101DB00045530075766C6F0046414E0046414E50CB
:101DC000494E54535400505255534100252E313042
:101DD00053200025346400457872656D652073706A
:101DE000616E206F6620746865205A2076616C757C
:101DF0006573210025642F39004D31303453300094
:101E0000473158313059313830463430303000475E
:101E1000315A31304631333030004D313430533067
:101E2000004731452D302E303735463231303000C5
:101E30004D32303453313030300047315A35463727
:101E4000323030004731452D312E35463231303079
:101E500000473930004D313037002020300020203D
:101E6000310046494E44410050494E4441005769B3
:101E70007A61726420656E642073746174653A20BF
:101E800025640A0053706F6F6C4A6F696E00466973
:101E9000726D7761726500537570657250494E447A
:101EA000410048426564206F6E206C6F616400469B
:101EB0006C617368416972004572723A484F5445CB
:101EC0004E442046414E204552524F52002F2F6122
:101ED0006374696F6E3A726573756D6564002F2F58
:101EE000616374696F6E3A726573756D65002F2F4B
:101EF000616374696F6E3A7265616479002F2F6156
:101F00006374696F6E3A6E6F745F726561647900B5
:101F10002F2F616374696F6E3A63616E63656C0045
:101F20004D3834004F4B004C43442073746174753A
:101F300073206368616E6765640053442063617257
:101F4000642072656C6561736564002F2F61637432
:101F5000696F6E3A737461727400473931004D379E
:101F60003032004732382057004D35303000426162
:101F70006420696E74657272757074005761746361
:101F800068646F672074696D656F75740053746160
:101F9000746963206D656D6F7279206861730A6280
:101FA00065656E206F7665727772697474656E0010
:101FB0004649524D57415245204352415348210A08
:101FC000437261736820726561736F6E3A0A002014
:101FD00020506C616E6E65724275666665724279FC
:101FE0007465733A20002046726565204D656D6FFB
:101FF00072793A2000207C20417574686F723A2013
:1020000000204C61737420557064617465643A20DB
:102010000020536F66747761726520526573657432
:1020200000205761746368646F672052657365743C
:10203000002042726F776E206F7574205265736551
:1020400074002045787465726E616C20526573650A
:102050007400506F7765725570006572726F7220F0
:1020600077726974696E6720746F2066696C6500A9
:10207000446F6E6520736176696E672066696C6572
:102080002E006F6B0046696C616D656E74004D6566
:1020900061737572656420736B6577733A2025668A
:1020A0002025660A0046697474696E672066616956
:1020B0006C6564203D3E2063616C69627261746985
:1020C0006F6E206661696C65642E0A0043616C69FD
:1020D00062726174696F6E20737563636573732ECA
:1020E0000A00416C6C20342063616C696272617417
:1020F000696F6E20706F696E747320666F756E64A1
:102100002E0A00312F3400312F3400312F3900478F
:10211000315A302E32004731583230322E35453860
:102120004631343030004731592D3246313030306D
:102130000047315832343045323546323230300083
:1021400047315A302E334631303030004731583520
:102150003545384632303030004731583545323910
:1021600046313830300047315835354532394631FF
:1021700030373300473932453000473238004D316F
:102180003039004D313930001000C90210012C01E6
:102190004001220170011801B0010E01F00104019B
:1021A0005002FA00B002F0003003E600D003DC0079
:1021B0009004D2007005C800A006BE000008B4005C
:1021C000B009AA00D00BA000600E960060118C0030
:1021D0000015820020197800C01D6E00A022640046
:1021E000B0275A00902C500000314600E0343C00EB
:1021F00010383200903A2800603C1E00A03D1400C8
:10220000803E0A00203F000058595A2063616C69E3
:1022100062726174696F6E20616C6C2072696768AC
:10222000742E20536B65772077696C6C2062652073
:10223000636F72726563746564206175746F6D613C
:10224000746963616C6C792E0058595A2063616C13
:102250006962726174696F6E20616C6C207269676B
:1022600068742E20582F592061786573206172653B
:1022700020736C696768746C7920736B657765642B
:102280002E20476F6F64206A6F62210058595A20D0
:1022900063616C6962726174696F6E206F6B2E206E
:1022A000582F5920617865732061726520706572BE
:1022B00070656E646963756C61722E20436F6E6722
:1022C000726174756C6174696F6E73210050494E50
:1022D00044412063616C6962726174696F6E20664B
:1022E00061696C65640050494E44412063616C69CA
:1022F00062726174696F6E2069732066696E6973BA
:1023000068656420616E64206163746976652E205F
:1023100049742063616E2062652064697361626C38
:10232000656420696E206D656E75205365747469EF
:102330006E67732D3E50494E44412063616C2E0000
:102340004578747275646572004D6F7665205A0029
:102350004D6F76652059004D6F76652058005368A3
:1023600065657420252E37730A5A206F666673657B
:10237000743A20252B312E33666D6D0A2563436F29
:102380006E74696E75650A256352657365740050D5
:102390006C65617365206C6F61642066696C616D4A
:1023A000656E742066697273742E0052756E6E6964
:1023B0006E672057697A6172642077696C6C20645B
:1023C000656C6574652063757272656E74206361F7
:1023D0006C6962726174696F6E20726573756C747A
:1023E0007320616E642073746172742066726F6D05
:1023F0002074686520626567696E6E696E672E007D
:1024000050726568656174696E67206E6F7A7A6C68
:10241000652E20506C6561736520776169742E00AC
:10242000506C6561736520696E73657274206669AE
:102430006C616D656E7420696E746F2074686520C0
:1024400065787472756465722C207468656E20708E
:102450007265737320746865206B6E6F6220746F91
:10246000206C6F61642069742E00506C6561736527
:1024700020696E736572742066696C616D656E7437
:1024800020696E746F2074686520666972737420A9
:1024900074756265206F6620746865204D4D552CFB
:1024A000207468656E20707265737320746865208F
:1024B0006B6E6F6220746F206C6F61642069742E84
:1024C000005A2063616C6962726174696F6E207278
:1024D00065636F6D6D656E6465642E2052756E2048
:1024E0006974206E6F773F00546865207072696E62
:1024F0007465722077696C6C2073746172742070DB
:1025000072696E74696E672061207A69672D7A61DD
:1025100067206C696E652E20526F7461746520743B
:102520006865206B6E6F6220756E74696C20796FC0
:102530007520726561636820746865206F707469C6
:102540006D616C206865696768742E2043686563F7
:102550006B20746865207069637475726573206997
:102560006E207468652068616E64626F6F6B2028EE
:1025700043616C6962726174696F6E206368617037
:10258000746572292E0053656C6563742074656DE3
:102590007065726174757265207768696368206D13
:1025A00061746368657320796F7572206D617465FD
:1025B0007269616C2E0053656C65637420612066DE
:1025C000696C616D656E7420666F72207468652039
:1025D0004669727374204C617965722043616C693D
:1025E00062726174696F6E20616E642073656C65E0
:1025F000637420697420696E20746865206F6E2D85
:1026000073637265656E206D656E752E004E6F7713
:1026100020492077696C6C2063616C696272617417
:10262000652064697374616E6365206265747765A3
:10263000656E20746970206F6620746865206E6F07
:102640007A7A6C6520616E64206865617462656485
:1026500020737572666163652E00506C65617365E9
:1026600020636865636B206F75722068616E6462B9
:102670006F6F6B20616E64206669782074686520D6
:1026800070726F626C656D2E205468656E20726585
:1026900073756D65207468652057697A617264206E
:1026A0006279207265626F6F74696E672074686505
:1026B000207072696E7465722E00416C6C206973B3
:1026C00020646F6E652E2048617070792070726989
:1026D0006E74696E672100596F752063616E2061A9
:1026E0006C7761797320726573756D6520746865A8
:1026F0002057697A6172642066726F6D2043616C45
:102700006962726174696F6E202D3E2057697A612B
:1027100072642E00496620796F75206861766520A5
:102720006164646974696F6E616C20737465656C53
:10273000207368656574732C2063616C69627261D3
:10274000746520746865697220707265736574734E
:1027500020696E2053657474696E6773202D20485C
:1027600057205365747570202D20537465656C2057
:102770007368656574732E00506C656173652063C2
:102780006C65616E206865617462656420616E6469
:10279000207468656E20707265737320746865209C
:1027A0006B6E6F622E00446F20796F752077616EBB
:1027B0007420746F20726570656174206C6173742D
:1027C000207374657020746F20726561646A75731C
:1027D000742064697374616E6365206265747765E3
:1027E000656E206E6F7A7A6C6520616E6420686514
:1027F00061746265643F0053656C656374206E6F3D
:102800007A7A6C6520707265686561742074656D94
:102810007065726174757265207768696368206D90
:1028200061746368657320796F7572206D6174657A
:102830007269616C2E0049732066696C616D656E0A
:1028400074206C6F616465643F004E6F772049208F
:1028500077696C6C2070726568656174206E6F7A40
:102860007A6C6520666F7220504C412E00492077AB
:10287000696C6C2072756E207A2063616C6962727B
:102880006174696F6E206E6F772E004E6F772072C5
:10289000656D6F766520746865207465737420704B
:1028A00072696E742066726F6D20737465656C203A
:1028B00073686565742E00506C6561736520726580
:1028C0006D6F7665207368697070696E67206865E2
:1028D0006C706572732066697273742E004920777C
:1028E000696C6C2072756E2078797A2063616C69EE
:1028F00062726174696F6E206E6F772E204974204A
:1029000077696C6C2074616B6520757020746F2022
:102910003234206D696E732E0046697273742C20F8
:10292000492077696C6C2072756E2074686520731D
:10293000656C667465737420746F20636865636B7F
:10294000206D6F737420636F6D6D6F6E2061737394
:10295000656D626C792070726F626C656D732E00AC
:1029600048692C204920616D20796F7572204F7263
:102970006967696E616C20507275736120693320DC
:102980007072696E7465722E20576F756C64207951
:102990006F75206C696B65206D6520746F2067759D
:1029A00069646520796F75207468726F7567682037
:1029B0007468652073657475702070726F636573D9
:1029C000733F0048692C204920616D20796F757232
:1029D000204F726967696E616C2050727573612057
:1029E0006933207072696E7465722E204920776990
:1029F0006C6C20677569646520796F7520746872E6
:102A00006F75676820612073686F727420736574D6
:102A100075702070726F636573732C20696E2077F8
:102A20006869636820746865205A2D61786973202D
:102A300077696C6C2062652063616C696272617495
:102A400065642E205468656E2C20796F7520776937
:102A50006C6C20626520726561647920746F2070EF
:102A600072696E742E005061757365004653204183
:102A70006374696F6E00462E206175746F6C6F61B0
:102A80006400462E2072756E6F7574004375747401
:102A90006572004175746F20706F776572004869C8
:102AA000676820706F776572004D6F6465004661DE
:102AB0006E207370656564004265640046616E73E4
:102AC00020636865636B004D6F64656C004E6F7AC0
:102AD0007A6C6500506C6561736520756E6C6F6112
:102AE00064207468652066696C616D656E7420662B
:102AF000697273742C207468656E207265706561EC
:102B000074207468697320616374696F6E2E00436A
:102B10006865636B73004E6F7A7A6C6520642E0073
:102B2000416C7068616265740054696D6500536F33
:102B30007274004E6F726D616C0053442063617259
:102B400064004E6F7A7A6C65206368616E67650019
:102B50004857205365747570004C6F6164696E67E7
:102B600020546573740044697361626C65207374EA
:102B7000657070657273004D6F766520617869735A
:102B80000054656D70657261747572650050494ED0
:102B900044412063616C2E0052657365742058595E
:102BA0005A2063616C6962722E0053686F772065EA
:102BB0006E642073746F7073005049442063616CBD
:102BC0006962726174696F6E00426564206C65763B
:102BD000656C20636F7272656374004D6573682065
:102BE000426564204C6576656C696E670043616C74
:102BF000696272617465205A0043616C6962726136
:102C000074652058595A0053656C66746573740076
:102C100057697A617264004C6F616420416C6C008A
:102C2000506C656173652070756C6C206F757420D5
:102C300066696C616D656E7420696D6D656469614E
:102C400074656C790052657365740052656E616DD0
:102C500065004669727374206C61796572206361E6
:102C60006C2E0053656C65637400537465656C204D
:102C700073686565747300537570706F7274004685
:102C800061696C207374617473204D4D5500466109
:102C9000696C207374617473005374617469737424
:102CA0006963730043616C6962726174696F6E007D
:102CB0004175746F4C6F61642066696C616D656EFF
:102CC00074004C6F61642066696C616D656E7400A0
:102CD000556E6C6F61642066696C616D656E740021
:102CE0004C6F616420746F206E6F7A7A6C6500504F
:102CF00072656C6F616420746F204D4D55004E6F8E
:102D00002053442063617264005072696E742066BF
:102D1000726F6D20534400526573756D652070723B
:102D2000696E74005061757365207072696E74000D
:102D300053657420526561647900536574206E6F29
:102D40007420526561647900507265686561740031
:102D500054756E65004C6976652061646A7573749C
:102D6000205A0052657072696E7400496E666F2059
:102D700073637265656E00417373697374005369A0
:102D80006C656E74004F6E6365004C6F7564005324
:102D90006F756E640046696C2E2073656E736F727A
:102DA000004368616E67652066696C616D656E746D
:102DB00000466C6F77005370656564004E2F4100CC
:102DC0004D61676E65747320636F6D702E005A2DB0
:102DD00070726F6265206E722E004D6573680053CD
:102DE000657474696E677300596573004E6F0053A4
:102DF000746F70207072696E7400436865636B69EC
:102E00006E672066696C650046696C6520696E6353
:102E10006F6D706C6574652E0084526566726573A3
:102E200068004D61696E0057616974696E6720665C
:102E30006F72206E6F7A7A6C6520616E64206265B5
:102E40006420636F6F6C696E670053656C667465B0
:102E50007374204F4B0053656C66746573742073F4
:102E60007461727400537761707065640046726FAC
:102E70006E742F6C6566742066616E7300417869AC
:102E8000730041786973206C656E677468004C6FDD
:102E90006F73652070756C6C657900456E64737432
:102EA0006F70206E6F742068697400456E6473746F
:102EB0006F70004D6F746F7200456E6473746F7045
:102EC0007300576972696E67206572726F72004293
:102ED00065642F486561746572004E6F7420636F7E
:102EE0006E6E6563746564004865617465722F5425
:102EF0006865726D6973746F7200506C656173659B
:102F000020636865636B3A0053656C66746573741F
:102F1000206572726F72210046696C616D656E7416
:102F20002073656E736F72005072696E74206661F3
:102F30006E3A00486F74656E642066616E3A0043B5
:102F4000616C6962726174696E6720686F6D65009B
:102F500053656C6674657374206661696C656400A2
:102F6000416C6C20636F72726563740043686563C3
:102F70006B696E672073656E736F7273004368656B
:102F8000636B696E6720686F74656E640043686583
:102F9000636B696E672062656400436865636B6993
:102FA0006E67205A206178697300436865636B69B6
:102FB0006E672059206178697300436865636B69A7
:102FC0006E672058206178697300436865636B6998
:102FD0006E6720656E6473746F7073004361726412
:102FE0002072656D6F766564004261636B00537497
:102FF00072696374005761726E004E6F6E650048AF
:103000006F74656E64206174203238304321204E25
:103010006F7A7A6C65206368616E67656420616EA3
:1030200064207469676874656E656420746F2073CA
:10303000706563733F00466F722061204E6F7A7A2D
:103040006C65206368616E676520706C656173658F
:1030500020726561640A70727573612E696F2F6EDC
:103060006F7A7A6C652D6D6B337300504944206321
:10307000616C2E2066696E6973686564005049440E
:103080002063616C2E005072696E742070617573DC
:103090006564005072696E742061626F7274656459
:1030A0000043616E63656C00436F6E742E004E6F5B
:1030B0007A7A6C65206469616D65746572206469F3
:1030C00066666572732066726F6D2074686520474E
:1030D0002D636F64652E20506C6561736520636895
:1030E00065636B207468652076616C756520696E18
:1030F0002073657474696E67732E004E6F7A7A6CF4
:1031000065206469616D65746572206469666665D1
:1031100072732066726F6D2074686520472D636F2F
:1031200064652E005468657265206973206E6F2097
:1031300066696C616D656E74206C6F616465642E88
:10314000005468657265206973207374696C6C2023
:1031500061206E65656420746F206D616B65205A17
:103160002063616C6962726174696F6E2E20506CAD
:103170006561736520666F6C6C6F7720746865207D
:103180006D616E75616C2C2063686170746572206E
:1031900046697273742073746570732C2073656351
:1031A00074696F6E2043616C6962726174696F6EDD
:1031B00020666C6F772E005072696E74657220689D
:1031C0006173206E6F74206265656E2063616C6947
:1031D000627261746564207965742E20506C65613B
:1031E000736520666F6C6C6F7720746865206D6105
:1031F0006E75616C2C20636861707465722046691D
:103200007273742073746570732C207365637469B2
:103210006F6E2043616C6962726174696F6E2066C3
:103220006C6F772E0053656C6674657374207769D4
:103230006C6C2062652072756E20746F2063616C07
:10324000696272617465206163637572617465207F
:1032500073656E736F726C657373207265686F6DE2
:10326000696E672E004F6C642073657474696E67B5
:103270007320666F756E642E2044656661756C748C
:10328000205049442C204573746570732065746325
:103290002E2077696C6C206265207365742E005750
:1032A00061726E696E673A20626F7468207072692D
:1032B0006E746572207479706520616E64206D6F24
:1032C00074686572626F61726420747970652063DE
:1032D00068616E6765642E005761726E696E673A49
:1032E000207072696E7465722074797065206368ED
:1032F000616E6765642E005761726E696E673A2071
:103300006D6F74686572626F617264207479706544
:10331000206368616E6765642E0054657374696E1E
:10332000672066696C616D656E74005368656574CD
:10333000004E6F74207370696E6E696E6700537013
:10334000696E6E696E67004C65667420686F74659F
:103350006E642066616E3F0046726F6E74207072FC
:10336000696E742066616E3F0046616E20746573FD
:10337000740053656C6563742066696C616D656E7D
:10338000743A0058595A2063616C696272617469B9
:103390006F6E206661696C65642E2052696768747F
:1033A0002066726F6E742063616C69627261746909
:1033B0006F6E20706F696E74206E6F74207265611D
:1033C000636861626C652E0058595A2063616C69AC
:1033D00062726174696F6E206661696C65642E202B
:1033E00046726F6E742063616C6962726174696F9A
:1033F0006E20706F696E7473206E6F7420726561D9
:10340000636861626C652E0058595A2063616C696B
:1034100062726174696F6E206661696C65642E20EA
:10342000506C6561736520636F6E73756C74207486
:103430006865206D616E75616C2E0058595A206365
:10344000616C6962726174696F6E20636F6D707216
:103450006F6D697365642E205269676874206672A7
:103460006F6E742063616C6962726174696F6E2043
:10347000706F696E74206E6F74207265616368612D
:10348000626C652E0058595A2063616C69627261E2
:1034900074696F6E20636F6D70726F6D69736564B0
:1034A0002E2046726F6E742063616C696272617463
:1034B000696F6E20706F696E7473206E6F74207206
:1034C0006561636861626C652E0058595A206361BA
:1034D0006C6962726174696F6E206661696C6564A3
:1034E0002E204265642063616C6962726174696F49
:1034F0006E20706F696E7420776173206E6F742018
:10350000666F756E642E00506C6561736520726520
:103510006D6F766520737465656C2073686565747E
:103520002066726F6D20686561746265642E00505C
:103530006C6561736520706C61636520737465658B
:103540006C207368656574206F6E206865617462B5
:1035500065642E00497320737465656C207368651B
:103560006574206F6E20686561746265643F004415
:10357000697374616E6365206265747765656E203A
:10358000746970206F6620746865206E6F7A7A6C3B
:103590006520616E642074686520626564207375BF
:1035A000726661636520686173206E6F7420626566
:1035B000656E20736574207965742E20506C65618A
:1035C000736520666F6C6C6F7720746865206D6121
:1035D0006E75616C2C206368617074657220466939
:1035E0007273742073746570732C207365637469CF
:1035F0006F6E204669727374206C61796572206306
:10360000616C6962726174696F6E2E00506C6163E7
:10361000652061207368656574206F662070617035
:10362000657220756E64657220746865206E6F7AAD
:103630007A6C6520647572696E67207468652063B2
:10364000616C6962726174696F6E206F6620666971
:10365000727374203420706F696E74732E20496603
:1036600020746865206E6F7A7A6C6520636174637C
:10367000686573207468652070617065722C2070B5
:103680006F776572206F6666207468652070726956
:103690006E74657220696D6D6564696174656C79BD
:1036A0002E00536561726368696E672062656420ED
:1036B00063616C6962726174696F6E20706F696EAC
:1036C00074004D6561737572696E67207265666519
:1036D00072656E636520686569676874206F66202F
:1036E00063616C6962726174696F6E20706F696E7C
:1036F0007400506C6561736520636C65616E207445
:103700006865206E6F7A7A6C6520666F72206361DF
:103710006C6962726174696F6E2E20436C69636BB1
:10372000207768656E20646F6E652E004175746F3A
:1037300020686F6D650050494E44412063616C699B
:1037400062726174696F6E206661696C65642E20B7
:10375000436F6E74696E7565207769746820707246
:10376000657373696E6720746865206B6E6F622E77
:103770000050494E44412063616C69627261746912
:103780006F6E20646F6E652E20436F6E74696E7568
:10379000652077697468207072657373696E67203D
:1037A000746865206B6E6F622E005A30005A3100CB
:1037B000593000593100583000583100456E6420AE
:1037C00073746F7073206469616700473830004D0F
:1037D0003435004D3435205A00473736004D3730E8
:1037E000312050300057697A6172642073746174BB
:1037F000653A2025640A004578706572696D656ECA
:1038000074616C00302E383000302E363000302E8F
:10381000343000302E32350044697361626C6520AB
:103820006661726D206D6F6465005265736574200A
:103830004D4D55004D4D55004D343400473939003C
:1038400044697361626C65206661726D206D6F649E
:10385000653F00473238205859004D2038340085E4
:103860002E2E002533642F30002533642F30006C5A
:1038700063645F73656C66636865636B5F617869D9
:10388000732025642C2025640A00486F74656E64DB
:1038900000426564005A00590058002D2D2D2D2D31
:1038A0002D2D2D2D2D2D2D2D2D2D2D2D2D2D2D0075
:1038B000537570657250494E44413A00511E551E71
:1038C000211E1A1E0F1E001E5E1FF91D201F4731EC
:1038D00059252E346645252E34660047315A252E4B
:1038E0003266004731583530593135350074215131
:1038F0001E2864441E3A1E301E473158252E346659
:1039000045252E3466004731463130383000662177
:1039100059214C21402174213121262116210F21CA
:103920005425640047315A302E34004731592D3325
:10393000463130303000551E83217E217A2174219A
:103940004D3834205859004D3130392053323830F9
:103950000047312058313235205A3230302046313C
:1039600030303000496E76616C69642050494420E3
:1039700063616C2E20726573756C74732E204E6FAC
:10398000742073746F72656420746F2045455052C3
:103990004F4D2E004D3330312050252E32662049B8
:1039A000252E32662044252E3266004D33303320DA
:1039B000453020532533750052430044455600429C
:1039C00045544100414C5048410000002100240072
:1039D00027002A002D0030003300010100000401FF
:1039E00007010A0100002200250028002B002E00FC
:1039F0003100340002010000050108010B01000044
:103A000020002300260029002C002F003200000196
:103A10000000030106010901050505050705080861
:103A20000808020202020A0A080804040404010148
:103A3000010101010101030303030303030304075D
:103A400007070C0C0C0C0C0C0C0C020202020606F4
:103A50000606060606060B0B0B0B0B0B0B0B0707DC
:103A60000A0A0A0A0A0A05050504040408080102EC
:103A70001020200808102040102040800201020180
:103A80000804020101020408102040808040201038
:103A90000804020180040201804020100804020191
:103AA00008040201010204081020408001020408F9
:103AB000102040801008040880102040044080102E
:103AC0002040048000000A0B02090C0D0E080703B9
:103AD00004010000000000000000000000000000E1
:103AE00000000000000000000000000000000000D6
:103AF0001211100000000000000000000000000093
:103B000000000000000000000000000000000000B5
:103B100000000000000000000000332E31342E3180
:103B2000000A204F726967696E616C20507275736C
:103B3000612069330A20202050727573612052651C
:103B40007365617263680A2532302E323053005338
:103B5000706F6F6C4A6F696E2069732000616463D7
:103B60005F696E697400200A200A200A2000416CF7
:103B70006C204461746100536572766963652070DE
:103B8000726570005368697070696E672070726545
:103B9000700053746174697374696373004C616E6F
:103BA00067756167650045524153494E4720616C16
:103BB0006C206461746100466163746F7279205295
:103BC0004553455400505255534133444657000322
:103BD000000E00010040000300020000000400731A
:103BE000686976616D6D65687461323230003230BB
:103BF00032352D30382D31392030323A35323A35A0
:103C0000310020332E31342E312D383238345F6676
:103C10003365306466643438007374617274004DC7
:103C2000323900252D392E39535B003333294200B8
:103C30000058419A998D4133335340200A200A207D
:103C4000004D4D55323A004D6561737572652063C4
:103C5000656E74657220200078797A63616C5F6D9F
:103C60006561737572655F656E7465720A00787957
:103C70007A63616C5F73706972616C382063783D40
:103C800025642063793D2564207A303D25642064D5
:103C90007A3D2564207261646975733D25642061F5
:103CA000643D25640A0078797A63616C5F736561AD
:103CB0007263685A206E6F207369676E616C0A20A8
:103CC000783D256C6420793D256C64207A3D256C17
:103CD000640A00204F4E2D5349474E414C206174D9
:103CE00020783D256420793D2564207A3D25642097
:103CF00061643D25640A0078797A63616C5F73655D
:103D0000617263685A20783D256C6420793D256C8A
:103D100064207A3D256C640A002530327800205BEF
:103D200025662025665D206D6D2070617474657256
:103D30006E2063656E7465720A00205B256620251F
:103D4000665D5B25665D206D6D20646976657267D2
:103D5000656E63650A000000F000F801FC03FE07D1
:103D6000FE07FE07FE07FC03F801F000000000005C
:103D70000000F000F801FC03FC03FC03FC03F80165
:103D8000F0000000000078797A63616C5F6D656116
:103D9000737572655F6C656176650A00203C200072
:103DA0005741524E494E473A2046726F6E7420700A
:103DB0006F696E74206E6F742072656163686162F2
:103DC0006C652E205920636F6F7264696E61746533
:103DD0003A0000000040410000804000005C4300C9
:103DE00000804000005C430000444300004041006C
:103DF00000444325642F3400497465726174696F0F
:103E00006E3A200043616C6962726174696F6E2062
:103E10006661696C65642120436865636B20746822
:103E200065206178657320616E642072756E206113
:103E30006761696E2E00556E6578706563746564A0
:103E4000206572726F72206F636375727265642E83
:103E5000004D3630302046696C616D656E742043CC
:103E600068616E67652E204C6F61642061206E650D
:103E7000772066696C616D656E74206F7220656A6B
:103E800065637420746865206F6C64206F6E652EA6
:103E90000052656D6F76652074686520656A65639C
:103EA0007465642066696C616D656E742066726FFE
:103EB0006D207468652066726F6E74206F66207462
:103EC0006865204D4D552E0046696C616D656E74B8
:103ED00020646574656374656420756E65787065CB
:103EE000637465646C792E20456E73757265206EFF
:103EF0006F2066696C616D656E74206973206C6FEC
:103F0000616465642E20436865636B207468652076
:103F100073656E736F727320616E64207769726966
:103F20006E672E00496E7465726E616C2072756EDC
:103F300074696D65206572726F722E2054727920DB
:103F4000726573657474696E6720746865204D4D81
:103F500055206F72207570646174696E6720746893
:103F600065206669726D776172652E004D4D552032
:103F700046572076657273696F6E20697320696E8B
:103F8000636F6D70617469626C6520776974682015
:103F90007072696E7465722046572E557064617434
:103FA0006520746F2076657273696F6E20332E30D2
:103FB0002E332E004D4D55204669726D7761726526
:103FC00020696E7465726E616C206572726F722CFE
:103FD00020706C6561736520726573657420746808
:103FE00065204D4D552E005265717565737465647D
:103FF0002066696C616D656E7420746F6F6C2069EA
:1040000073206E6F7420617661696C61626C6520EB
:104010006F6E20746869732068617264776172657D
:104020002E20436865636B2074686520472D636F9D
:10403000646520666F7220746F6F6C20696E6465B2
:1040400078206F7574206F662072616E6765202816
:1040500054302D5434292E0043616E6E6F742070DD
:104060006572666F726D2074686520616374696F34
:104070006E2C2066696C616D656E742069732061B9
:104080006C7265616479206C6F616465642E205583
:104090006E6C6F61642069742066697273742E009F
:1040A0004D4D55206E6F7420726573706F6E64692C
:1040B0006E6720636F72726563746C792E2043683B
:1040C00065636B2074686520776972696E6720612B
:1040D0006E6420636F6E6E6563746F72732E004D35
:1040E0004D55206E6F7420726573706F6E64696ECB
:1040F000672E20436865636B20746865207769725A
:10410000696E6720616E6420636F6E6E6563746FA5
:1041100072732E004D6F72652064657461696C73F3
:10412000206F6E6C696E652E005468652049646C62
:1041300065722063616E6E6F7420686F6D652070AC
:10414000726F7065726C792E20436865636B2066B0
:104150006F7220616E797468696E6720626C6F633C
:104160006B696E6720697473206D6F76656D656E1F
:10417000742E0043616E2774206D6F766520536541
:104180006C6563746F72206F722049646C65722E67
:10419000005468652053656C6563746F72206361B9
:1041A0006E6E6F7420686F6D652070726F706572CF
:1041B0006C792E20436865636B20666F7220616E98
:1041C000797468696E6720626C6F636B696E6720D3
:1041D000697473206D6F76656D656E742E004C6F1B
:1041E0006164696E6720746F2065787472756465A8
:1041F00072206661696C65642E20496E7370656318
:1042000074207468652066696C616D656E742074D5
:1042100069702073686170652E20526566696E65ED
:10422000207468652073656E736F722063616C69BA
:1042300062726174696F6E2C206966206E656564B8
:1042400065642E0053656C6563746F722063616EE4
:104250002774206D6F76652064756520746F204625
:10426000494E444120646574656374696E672061DA
:104270002066696C616D656E742E204D616B6520E2
:1042800073757265206E6F2066696C616D656E7402
:1042900020697320696E2053656C6563746F7220AA
:1042A000616E642046494E444120776F726B7320E3
:1042B00070726F7065726C792E0046696C616D6505
:1042C0006E742073656E736F7220747269676765B0
:1042D00072656420746F6F206561726C79207768F5
:1042E000696C65206C6F6164696E6720746F20650E
:1042F000787472756465722E20436865636B2074F0
:10430000686572652069736E277420616E797468C0
:10431000696E6720737475636B20696E2050544614
:104320004520747562652E20436865636B20746850
:1043300061742073656E736F72207265616473209F
:1043400070726F7065726C792E0050756C6C657947
:10435000206D6F746F72207374616C6C65642E20B5
:10436000456E73757265207468652070756C6C6538
:10437000792063616E206D6F766520616E642063C5
:104380006865636B2074686520776972696E672E53
:104390000046696C616D656E742073656E736F7233
:1043A000206469646E277420737769746368206F72
:1043B0006666207768696C6520756E6C6F616469EC
:1043C0006E672066696C616D656E742E20456E7334
:1043D0007572652066696C616D656E742063616ECF
:1043E000206D6F766520616E64207468652073654A
:1043F0006E736F7220776F726B732E0046696C61FB
:104400006D656E742073656E736F72206469646E7F
:1044100027742074726967676572207768696C65B4
:10442000206C6F6164696E67207468652066696CD2
:10443000616D656E742E20456E73757265207468AB
:10444000652073656E736F722069732063616C6998
:1044500062726174656420616E64207468652066B0
:10446000696C616D656E7420726561636865642056
:1044700069742E0046494E4441206469646E277475
:1044800020737769746368206F6666207768696C4B
:104490006520756E6C6F6164696E672066696C611A
:1044A0006D656E742E2054727920756E6C6F616428
:1044B000696E67206D616E75616C6C792E20456E3A
:1044C000737572652066696C616D656E74206361D9
:1044D0006E206D6F766520616E642046494E4441C2
:1044E00020776F726B732E0046494E4441206469F9
:1044F000646E2774207472696767657220776869D3
:104500006C65206C6F6164696E67207468652066F5
:10451000696C616D656E742E20456E7375726520D1
:104520007468652066696C616D656E742063616E88
:10453000206D6F766520616E642046494E444120AF
:10454000776F726B732E0044697361626C65005300
:10455000746F70004C6F616400556E6C6F61640025
:1045600052657365744D4D550052657472790053F0
:10457000656E736974697669747900446F6E65005D
:10458000526573756D696E67207072696E74005044
:10459000494E44412048656174696E670043616C0F
:1045A0006962726174696F6E20646F6E6500436149
:1045B0006C6962726174696E67205A00426564209A
:1045C000646F6E65004265642048656174696E675A
:1045D0000048656174696E6720646F6E652E0048DF
:1045E000656174696E6700546F74616C004C61732F
:1045F00074207072696E74004D4D5520706F776530
:1046000072206661696C73004D4D55206C6F61645A
:10461000206661696C73004D4D55206661696C734D
:10462000004D6174657269616C206368616E6765D5
:104630007300546F74616C206661696C7572657388
:104640000046696C2E2072756E6F757473004C6134
:104650007374207072696E74206661696C7572651E
:10466000730054656D706572617475726573005383
:10467000656E736F7220696E666F0045787472752F
:1046800064657220696E666F0058595A2063616CC8
:104690002E2064657461696C73005072696E746574
:1046A0007220495020416464723A00756E6B6E6FDF
:1046B000776E004D4D5520636F6E6E656374656453
:1046C00000446174653A00746F20756E6C6F6164AC
:1046D0002066696C616D656E7400746F206C6F612B
:1046E000642066696C616D656E74005072657373E9
:1046F00020746865206B6E6F62005072656865613A
:1047000074696E6720746F206375740050726568F9
:10471000656174696E6720746F20656A65637400F3
:1047200050726568656174696E6720746F20756E7C
:104730006C6F61640050726568656174696E6720B2
:10474000746F206C6F616400436F6F6C646F776E81
:1047500000456A6563740046696C616D656E74201E
:10476000657874727564696E67202620776974684D
:1047700020636F727265637420636F6C6F723F00A9
:104780004175746F6C6F6164696E672066696C61F6
:104790006D656E74206973206163746976652C2081
:1047A0006A75737420707265737320746865206B0A
:1047B0006E6F6220616E6420696E7365727420662C
:1047C000696C616D656E742E2E2E005072696E7468
:1047D0002074696D650046696C616D656E74207545
:1047E00073656400546F74616C207072696E74201C
:1047F00074696D6500546F74616C2066696C616DDD
:10480000656E740050726568656174207468652017
:104810006E6F7A7A6C6521004552524F523A0052BF
:1048200069676874004C6566740059206469737424
:10483000616E63652066726F6D206D696E005365F1
:104840007665726520736B657700536C6967687471
:1048500020736B6577004D656173757265642073B5
:104860006B6577005B303B305D20706F696E742044
:104870006F66667365740041646A757374696E6708
:10488000205A00526561722073696465205BE46D93
:104890005D0046726F6E7420736964655BE46D5DE4
:1048A00000526967687420736964655BE46D5D003C
:1048B0004C6566742073696465205BE46D5D00532C
:1048C00065742074656D70657261747572653A0007
:1048D000417265206C65667420616E642072696740
:1048E0006874205A2D636172726961676573206113
:1048F0006C6C2075703F0043616C69627261746911
:104900006E672058595A2E20526F74617465207456
:104910006865206B6E6F6220746F206D6F76652006
:10492000746865205A2063617272696167652075D9
:104930007020746F2074686520656E642073746FD6
:1049400070706572732E20436C69636B20776865A5
:104950006E20646F6E652E0043616C6962726174D3
:10496000696E67205A2E20526F74617465207468D6
:1049700065206B6E6F6220746F206D6F766520749A
:104980006865205A2063617272696167652075707D
:1049900020746F2074686520656E642073746F7076
:1049A000706572732E20436C69636B207768656E47
:1049B00020646F6E652E004D494E54454D50204287
:1049C0004544206669786564004D494E54454D5014
:1049D00020484F54454E44206669786564004D4D2B
:1049E00055323A002533640018010419020AE844DC
:1049F0007444FC4391434A43BA424442DE419141EC
:104A0000734129417341144114411441144114412B
:104A100014411441144114411441144114411441EE
:104A200014411441144114411441144114411441DE
:104A30001441DF40A0405840E73FB43F6C3F243F63
:104A4000C83E913E513E363E010101010101010285
:104A500071017101323232030303030303030303C1
:104A60000303030303030303030393932438039310
:104A70000301025603650066006700680069006A6A
:104A8000006B006C00730074007D007E00C900D3D1
:104A900000DD00CA00D400DE002D01370141012EE7
:104AA00001380142012F013901430130013A01442B
:104AB0000131013B014501320191019201F501F6FD
:104AC00001F701F801F901FA01FB01FC01840388F7
:104AD0000020746F6F206C6F6E672065787472753C
:104AE00073696F6E2070726576656E746564002000
:104AF000636F6C6420657874727573696F6E207073
:104B0000726576656E746564004D6F7665206162CE
:104B10006F72746564004572723A5052494E542067
:104B200046414E204552524F520025632533642F93
:104B3000256481005A25362E32662563005A2020CE
:104B4000202D2D2D2000862533642525002D2D2D8B
:104B500025250025336425250020534400202020EE
:104B60000020484F002046524D2000872D2D3A2D21
:104B70002D20200087253375682025632563008755
:104B8000253032753A2530327525632563002F2F85
:104B9000616374696F6E3A706175736564002F2F7D
:104BA000616374696F6E3A70617573650044756D09
:104BB0007020746F2073657269616C0068656C7039
:104BC0002E707275736133642E636F6D00666F7241
:104BD000756D2E707275736133642E636F6D007026
:104BE0007275736133642E636F6D004D3730310021
:104BF00025533A0A2531382E32666D200A25533A5C
:104C00000A2531306C646820253032646D202530EF
:104C10003264730025533A0A2531382E32666D20EE
:104C20000A25533A0A2531306C64642025303264F9
:104C30006820253032646D0025362E32666D6D0099
:104C400025530A25530A25533A0A25533A0025339A
:104C50002E32668100252D31342E3134533A0A2507
:104C6000530A252D31342E3134533A25332E3266F2
:104C7000810A252D31342E3134533A25332E3266B4
:104C8000810069457B456045594554455147502D44
:104C90004F454745252E3230530A70727573612E89
:104CA000696F2F3034256875007B5B4552523A009E
:104CB000332E31342E31005D5B4657523A005D5B36
:104CC00054494D3A005D5B464E4D3A005D5B4645AA
:104CD0004D3A005D5B5043443A005B5446553A0000
:104CE0005B50524E3A005B50464E3A305D005B449A
:104CF00049413A005D5B4154423A005D5B415430AA
:104D00003A005D5B5354423A005B5354303A007BA7
:104D10005B50524E3A355D007B5B50524E3A305DEF
:104D2000007B5B50524E3A395D007B5B50524E3AED
:104D3000385D007B5B5245533A305D5B46494C3AE7
:104D4000007B5B5245533A315D5B46494C3A00006B
:104D5000002110422063308440A550C660E77008EF
:104D60008129914AA16BB18CC1ADD1CEE1EFF13176
:104D700012100273325222B5529442F772D662393F
:104D80009318837BB35AA3BDD39CC3FFF3DEE362C6
:104D900024433420040114E664C774A44485546A8F
:104DA000A54BB528850995EEE5CFF5ACC58DD55356
:104DB00036722611163006D776F6669556B4465BDF
:104DC000B77AA719973887DFF7FEE79DD7BCC7C426
:104DD00048E5588668A7784008611802282338CC2F
:104DE000C9EDD98EE9AFF9488969990AA92BB9F5B6
:104DF0005AD44AB77A966A711A500A333A122AFD7F
:104E0000DBDCCBBFFB9EEB799B588B3BBB1AABA685
:104E10006C877CE44CC55C222C033C600C411CAECE
:104E2000ED8FFDECCDCDDD2AAD0BBD688D499D9795
:104E30007EB66ED55EF44E133E322E511E700E9F1E
:104E4000FFBEEFDDDFFCCF1BBF3AAF599F788F88E5
:104E500091A981CAB1EBA10CD12DC14EF16FE180B6
:104E600010A100C230E3200450254046706760B9AD
:104E7000839893FBA3DAB33DC31CD37FE35EF3B106
:104E8000029012F322D2323542145277625672EAFD
:104E9000B5CBA5A89589856EF54FE52CD50DC5E256
:104EA00034C324A01481046674476424540544DB8D
:104EB000A7FAB79987B8975FE77EF71DC73CD7D3A6
:104EC00026F2369106B01657667676154634564C5D
:104ED000D96DC90EF92FE9C899E9898AB9ABA944F6
:104EE00058654806782768C018E1088238A3287DED
:104EF000CB5CDB3FEB1EFBF98BD89BBBAB9ABB7546
:104F00004A545A376A167AF10AD01AB32A923A2EBC
:104F1000FD0FED6CDD4DCDAABD8BADE89DC98D2695
:104F20007C076C645C454CA23C832CE01CC10C1FCC
:104F3000EF3EFF5DCF7CDF9BAFBABFD98FF89F17E5
:104F40006E367E554E745E932EB23ED10EF01E7CB0
:104F50003C3E3F2F2A225C0024F4D43050C38E20E4
:104F6000C2A24017828B7011127A910D816CD90AFE
:104F7000A861E108C7586607615143061E4B5D05ED
:104F8000C145A7041A411104093D98037139310341
:104F90004036DB0265339102D4305402802E1D026C
:104FA000632CEE01752AC501B028A00110278101EC
:104FB0008F2564012B244B01E0223401AC211F0119
:104FC0008D200D01801FFC00841EED00971DDF0069
:104FD000B81CD200E61BC600201BBC00641AB2003D
:104FE000B219A8000A19A0006A189900D1179100F7
:104FF00040178B00B516840031167E00B31579007A
:105000003A157300C7146F0058146A00EE13660057
:105010008813630025135E00C7125B006C125700F3
:1050200015125400C111510070114F0021114B0095
:10503000D61049008D10470046104400021042006F
:10504000C00F4000800F3E00420F3C00060F3B00A7
:10505000CB0E3800930E37005C0E3500270E34005F
:10506000F30D3200C10D3100900D3000600D2E00A7
:10507000320D2D00050D2C00D90C2B00AE0C290093
:10508000850C29005C0C2700350C27000E0C26002F
:10509000E80B2400C40B2400A00B23007D0B23008D
:1050A0005A0B2100390B2100180B2000F80A1F00B1
:1050B000D90A1E00BB0A1E009D0A1D00800A1D00A1
:1050C000630A1C00470A1B002C0A1B00110A1A0065
:1050D000F7091A00DD091900C4091900AB09190004
:1050E000920917007B091800630917004C09160084
:1050F00036091600200916000A091500F5081500E2
:10510000E0081400CC081400B8081400A408140027
:10511000900813007D0812006B0813005808120055
:10512000460812003408110023081100120811006B
:1051300001081100F0071000E0071000D007100070
:10514000C0071000B0070F00A107100091070E0064
:1051500083070F0074070F0065070E0057070E0046
:1051600049070E003B070D002E070E0020070D001B
:1051700013070D0006070D00F9060C00ED060D00E3
:10518000E0060C00D4060C00C8060C00BC060C009F
:10519000B0060C00A4060B0099060C008D060B004F
:1051A00082060B0077060B006C060B0061060A00F6
:1051B00057060B004C060A0042060A0038060A0091
:1051C0002E060A0024060A001A060A001006090024
:1051D00007060A00FD050900F4050900EB050900B2
:1051E000E2050900D9050900D0050900C705090035
:1051F000BE050900B5050800AD050800A5050900B4
:105200009C050800940508008C050800840508002A
:105210007C050800740508006C050700650508009A
:105220005D050700560508004E0507004705070005
:105230004005080038050700310507002A0507006A
:10524000230507001C050600160507000F050700CB
:105250000805060002050700FB040600F504070028
:10526000EE040600E8040600E2040700DB04060082
:10527000D5040600CF040600C9040600C3040600D6
:10528000BD040600B7040600B1040500AC04060026
:10529000A6040600A00405009B0406009504050072
:1052A000900406008A0405008504050080040600B9
:1052B0007A04050075040500700405006B04050000
:1052C00066040500610405005C0405005704050040
:1052D000520405004D040500480405004304050080
:1052E0003E0404003A0405003504050030040400BF
:1052F0002C04050027040400230405001E040400F8
:105300001A04040016040500110404000D0404002E
:10531000090405000404040000040400FC03040064
:10532000F8030400F4030400F0030400EC03040099
:10533000E8030400E4030400E0030400DC030400C9
:10534000D8030400D4030400D0030400CC030400F9
:10535000C8030300C503030024F404D9201BC40CB4
:105360005C0E9804C4095F0265077101F405F90039
:10537000FB04B30048048700C103690058035500CB
:1053800003034500BE023A008402310053022A00A2
:105390002902250004022000E4011C00C8011900B4
:1053A000AF0117009801140084011300710110006F
:1053B0006101100051010E0043010D0036010B0088
:1053C0002B010B0020010B00150109000C01090045
:1053D00003010800FB000800F3000800EB000700D1
:1053E000E4000600DE000600D8000600D200060039
:1053F000CC000500C7000500C2000500BD00040088
:10540000B9000400B5000400B1000400AD000400C0
:10541000A9000400A5000300A20003009F000400EF
:105420009B00030098000300950002009300030016
:10543000900003008D0002008B0003008800020032
:105440008600020084000300810002007F00020049
:105450007D0002007B00020079000200770001005D
:105460007600020074000200720001007100020068
:105470006F0002006D0001006C0002006A00010074
:10548000690002006700010066000100650001007C
:105490006400020062000100610001006000010080
:1054A0005F0002005D0001005C0001005B00010084
:1054B0005A00010059000100580001005700010086
:1054C0005600010055000100540001005300000087
:1054D0005300010052000100510001005000010082
:1054E0004F0001004E0000004E0001004D00010081
:1054F0004C0001004B0000004B0001004A0001007D
:105500004900010048000000480001004700010078
:105510004600000046000100450000004500010073
:10552000440001004300000043000100420000006D
:105530004200010041000000410001004000010064
:105540003F0000003F0001003E0000003E0001005F
:105550003D0000003D0001003C0000003C00000058
:105560003C0001003B0000003B0001003A0000004D
:105570003A00010039000000390001003800000045
:10558000380000003800010037000000370001003B
:105590003600000036000000360001003500000033
:1055A0003500000035000100340000003400000028
:1055B000340001003300000033000000330001001C
:1055C0003200000032000000320001003100000013
:1055D0003100000031000100300000003000000008
:1055E000300001002F0000002F0000002F000000FD
:1055F0002F0001002E0000002E0000002E000100F0
:105600002D0000002D0000002D0000002D000100E5
:105610002C0000002C0000002C0000002C000100D9
:105620002B0000002B0000002B0000002B000100CD
:105630002A0000002A0000002A0000002A000100C1
:1056400029000000290000002900000029000000B6
:1056500029000100280000002800000028000000A8
:10566000280000002800010027000000270000009B
:10567000270000002700000027000100260000008E
:105680002600000026000000260000002600010081
:105690002500000025000000250000002500000076
:1056A0002500000025000100240000002400000067
:1056B000240000002400000024000100230000005A
:1056C000230000002300000023000000230000004E
:1056D000230000002300010022000000220000003F
:1056E0002200000022000000220000002200010031
:1056F0002100000021000000210000002100000026
:105700002100000021000000210001002000000015
:105710002000000020000000200000002000000009
:105720002000000020000000200001001F000000F9
:105730001F0000001F0000001F0000001F000000ED
:105740001F0000001F0001001E0000001E000000DE
:105750001E0000001E00000045303A20005A3A208A
:1057600000593A2000583A20004D53312C4D533205
:105770002050696E7300504944204175746F7475F0
:105780006E652066696E6973686564212050757462
:1057900020746865206C617374204B702C204B69F9
:1057A00020616E64204B6420636F6E7374616E744D
:1057B000732066726F6D2061626F766520696E740A
:1057C0006F20436F6E66696775726174696F6E2EC4
:1057D0006800504944204175746F74756E65206689
:1057E00061696C6564212074696D656F7574002052
:1057F000403A00543A00423A0050494420417574FE
:105800006F74756E65206661696C656421205465EE
:105810006D706572617475726520746F6F20686950
:10582000676800204B643A2000204B693A20002032
:105830004B703A200020436C6173736963205049B8
:105840004420002054753A2000204B753A20002057
:105850006D61783A2000206D696E3A200020643A2C
:10586000200020626961733A20005049442041754C
:10587000746F74756E65207374617274005049445E
:10588000204175746F74756E65206661696C65641E
:105890002E20426164206578747275646572206E92
:1058A000756D6265722E00486F74656E6420666166
:1058B0006E207370656564206973206C6F77657204
:1058C000207468616E20657870656374656400504B
:1058D00072696E742066616E2073706565642069FC
:1058E00073206C6F776572207468616E20657870C4
:1058F0006563746564004D494E54454D50204245E2
:1059000044004D494E54454D50004D415854454D6D
:1059100050004D415854454D5020424544007001BF
:105920002C0190012701B0012201C0011D01F001ED
:1059300018011002130130020E01600209019002E9
:105940000401C002FF000003FA004003F5008003D9
:10595000F000D003EB002004E6007004E100E00456
:10596000DC004005D700C005D2004006CD00D006BF
:10597000C8008007C3003008BE00F008B900C009A5
:10598000B400B00AAF00B00BAA00D00CA500000E06
:10599000A000500F9B00C010960050129100001400
:1059A0008C00C0158700B0178200B0197D00D01B95
:1059B0007800001E730040206E0090226900F024E1
:1059C000640040275F0090295A00E02B5500102EFC
:1059D000500020304B0010324600E033410090353B
:1059E0003C001037370070383200A0392D00B03A33
:1059F0002800A03B2300603C1E00103D1900903D94
:105A00001400103E0F00703E0A00C03E0500003F2B
:105A1000000020484F54454E4420544845524D41C3
:105A20004C2052554E41574159002048454154425F
:105A3000454420544845524D414C2052554E415703
:105A4000415900544845524D414C2052554E415702
:105A500041590042454420544845524D414C205242
:105A6000554E415741590020544845524D414C2014
:105A700052554E41574159202850524548454154AE
:105A800020484F54454E44290020544845524D412A
:105A90004C2052554E4157415920285052454845B7
:105AA00041542048454154424544290050524548FC
:105AB000454154204552524F5200424544205052D5
:105AC0004548454154204552524F52002074726956
:105AD000676765726564210048656174657273204B
:105AE0007377697463686564206F66662E20003A78
:105AF00020004572723A200000FF0102010002FFFF
:105B0000FFFE0001FE01FF00506C656173652072AD
:105B10006573746172740055534152543220727827
:105B20002046756C6C212121003A2000252D313250
:105B30002E313253252D642F36002533642F252D29
:105B4000336400203A200025335300252D3773009D
:105B5000252D31352E313553252D35640A252D312E
:105B6000352E313553252D35640A0025530A20255D
:105B70002D31362E313653252D33640A20252D3113
:105B8000362E313653252D33640025530A20252D1A
:105B900031362E313653252D33640A20252D3136EA
:105BA0002E313653252D33640A20252D31362E31E2
:105BB0003653252D33640025530A20252D31362EEA
:105BC000313653252D33640A25530A20252D3136CD
:105BD0002E313653252D33640A0020257325336476
:105BE00081200A0025752E25752E25752E25750018
:105BF00020002000466C6173684169722049502082
:105C0000416464723A004D4D552020202020202010
:105C1000204E2F410025642E25642E256400204649
:105C2000573A00323032352D30382D313900453376
:105C300044763666756C6C0052414D426F3133616B
:105C400000315F37356D6D5F4D4B32355300204865
:105C50006173683A66336530646664343800205294
:105C600065706F3A73686976616D6D6568746132ED
:105C700032300020332E31342E312D38323834007A
:105C80004669726D776172653A003E00464C455830
:105C9000202D20203234302F353000464C455820FE
:105CA0002D20203234300050502020202D20203252
:105CB00035342F3130300050502020202D2020321C
:105CC00035340048495053202D20203232302F31B6
:105CD00030300048495053202D20203232300041CE
:105CE000425320202D20203235352F3130300041D5
:105CF000425320202D2020323535005041202020D5
:105D00002D20203237352F39300050412020202DD2
:105D100020203237350050564220202D20203231AD
:105D2000352F37350050564220202D202032313576
:105D30000050432020202D20203237352F313035A0
:105D40000050432020202D20203237350041534180
:105D500020202D20203236302F3130350041534164
:105D600020202D20203236300050455420202D2078
:105D7000203233302F38350050455420202D20203C
:105D800032333000504C4120202D20203231352F2D
:105D9000363000504C4120202D2020323135006E0D
:105DA0006F7A7A6C65202D20203235302F300066D6
:105DB00061726D2020202D20203235302F383000A8
:105DC000252D31322E313253252B382E31660045A8
:105DD000787472756465723A0025632531372E3206
:105DE000666D6D00583A00593A005A3A002563250D
:105DF0002D31332E313353252B352E336600253389
:105E0000750046656564696E6720746F204653654A
:105E10006E736F72004D6F76696E672073656C6587
:105E200063746F7200486F6D696E670052657472BB
:105E30006163742066726F6D2046494E444100458F
:105E40006A656374696E672066696C616D656E74FE
:105E5000005061726B696E672073656C6563746F67
:105E6000720052657475726E696E672073656C6539
:105E700063746F7200506572666F726D696E672031
:105E80006375740050757368696E672066696C612C
:105E90006D656E7400507265706172696E67206224
:105EA0006C6164650053656C656374696E67206638
:105EB000696C2E20736C6F7400556E6C6F61646931
:105EC0006E672066696C616D656E74004552522084
:105ED000544D43206661696C656400455252204808
:105EE000656C702066696C616D656E740045525218
:105EF00020496E7465726E616C0045525220576184
:105F0000697420666F7220557365720046696E6908
:105F10007368696E67206D6F76656D656E7473006A
:105F200041766F6964696E67206772696E640046C6
:105F3000656564696E6720746F206E6F7A7A6C6530
:105F40000046656564696E6720746F2065787472B9
:105F5000756465720046656564696E6720746F20BC
:105F600046494E444100556E6C6F6164696E67200E
:105F7000746F2070756C6C657900556E6C6F616420
:105F8000696E6720746F2046494E4441004469732E
:105F9000656E676167696E672069646C657200454C
:105FA0006E676167696E672069646C6572004F4B4C
:105FB00000554E4B4E4F574E204552524F520046C1
:105FC000494C414D454E54204348414E47450046BB
:105FD000494C414D454E5420454A454354454400A3
:105FE000554E4C4F4144204D414E55414C4C59006B
:105FF00046572052554E54494D45204552524F5216
:10600000004D4D5520465720555044415445204E93
:1060100045454445440051554555452046554C4C51
:1060200000494E56414C494420544F4F4C0046497C
:106030004C2E20414C5245414459204C4F4144453F
:106040004400434F4D4D554E49434154494F4E2016
:106050004552524F52004D4D55204E4F54205245FF
:1060600053504F4E44494E47004D4D55204D4355DA
:10607000204552524F52004D4D552053454C4654E9
:10608000455354204641494C454400544D43204417
:1060900052495645522053484F5254454400544D9E
:1060A0004320554E444552564F4C54414745204598
:1060B000525200544D4320445249564552205245B5
:1060C00053455400544D43204452495645522045AF
:1060D00052524F5200544D43204F5645524845416D
:1060E00054204552524F52005741524E494E47207C
:1060F000544D4320544F4F20484F540049444C4581
:10610000522043414E4E4F54204D4F564500494476
:106110004C45522043414E4E4F5420484F4D450070
:1061200053454C4543544F522043414E4E4F54200B
:106130004D4F56450053454C4543544F5220434123
:106140004E4E4F5420484F4D45004C4F4144205433
:106150004F20455854522E204641494C4544004951
:106160004E53504543542046494E44410046534502
:106170004E534F5220544F4F204541524C590050DE
:10618000554C4C45592043414E4E4F54204D4F568F
:1061900045004653454E534F522046494C2E2053FE
:1061A0005455434B004653454E534F5220444944A7
:1061B0004E542054524947472E0046494E444120F0
:1061C00046494C414D2E20535455434B0046494EB1
:1061D0004441204449444E54205452494747455273
:1061E000004375742066696C616D656E7400456A64
:1061F0006563742066726F6D204D4D55004C6F6164
:1062000064696E672066696C616D656E74004D4DE2
:10621000552052657472793A20526573746F7269B1
:106220006E672074656D70657261747572652E2E6F
:106230002E00536F7274696E672066696C65730017
:10624000536F6D652066696C65732077696C6C208F
:106250006E6F7420626520736F727465642E204DBA
:1062600061782E204E6F2E206F662066696C6573F4
:1062700020696E203120666F6C64657220666F72D3
:1062800020736F7274696E67206973203130302E0D
:106290000053544F505045442E004F6666004F6ED9
:1062A0000078797A63616C5F73706972616C322017
:1062B00063783D25642063793D2564207A303D254F
:1062C0006420647A3D2564207261646975733D259C
:1062D000642061643D25640A000A00436F756E7492
:1062E000646F776E3A202564200025640A005363AA
:1062F000616E20636F756E74646F776E3A20005024
:1063000061747465726E2063656E746572205B25BE
:10631000662025665D2C206D6174636820256625E6
:10632000250A00205B25662C2025665D5B25665DC1
:106330002066696E616C20636972636C650A000097
:1063400000A0400000A0400000004000007A430090
:106350000056439AD95143FFFFFF50727573612075
:106360006933204D4B322E3553204F4B2E004D3686
:1063700030300053442063617264206F6B006F7093
:10638000656E526F6F74206661696C656400766F2C
:106390006C756D652E696E6974206661696C6564E3
:1063A00000534420696E6974206661696C006F70E7
:1063B000656E206661696C65642C2046696C653A7F
:1063C000200043616E6E6F7420656E746572207379
:1063D00075626469723A20004D3234004D323320C8
:1063E0002573005072696E7465722073746F7070DB
:1063F00065642064756520746F206572726F7273B6
:106400002E205375706572766973696F6E207265A0
:106410007175697265642E0047312045252D2E3334
:1064200066204632373030004D383300E02D903E44
:106430008988B24111369C3E7777C14129CBB03E65
:10644000EFEEDA41BA49CC3EEFEEFC4161C3F33ED8
:10645000EFEE16429CA2133FCDCC36428AB0113FDC
:10646000ABAA56428863DD3DABAA5642B8AF433F64
:10647000555572421826533F33B38242302A593F52
:10648000EF6E8642000070C10000C8420000C4C127
:106490000000A0410000E0C000002041000060C0FA
:1064A0000000C0400000A0412222F2400000A0C134
:1064B0009A99A14000000CC255550542436F6F6C7C
:1064C000696E672074696D65722073746F70706592
:1064D000640048656174657220636F6F6C646F77E8
:1064E0006E00436F6F6C696E672054696D656F75E0
:1064F00074207374617274656400536176696E67A9
:1065000020616E64207061726B696E67004865611E
:1065100074657220636F6F6C646F776E2070656E48
:1065200064696E6700526573756D696E67205859AE
:106530005A0057726974696E6720746F2066696CBF
:10654000653A200046696C6520616C72656164790A
:10655000206F70656E656400AE5F9F5F8D5F7A5FD0
:10656000665F555F415F2F5F205F0C5F8D5F9F5FB0
:10657000FA5EED5EDB5ECC5EB95EFD61A55E955EAA
:10658000845E755E625E515E3F5E2C5E255E155ECA
:10659000025E4D363030204155544F0046494E443E
:1065A000412066696C616D656E742072756E6F75E1
:1065B000742100436F6D6D756E69636174696F6EF0
:1065C0002074696D656F75740050726F746F636FBE
:1065D0006C204572726F7200030003566572736916
:1065E0006F6E206D69736D6174636800436F6D6DCC
:1065F000616E64204572726F7200436F6D6D616EE3
:10660000642072656A6563746564004D4D5520426F
:106610007574746F6E20707573686564005265746C
:106620007279427574746F6E50726573736564002D
:10663000CD61BA61A56192617F616D615F614A61FF
:10664000356120610E61FC60E860E860E860D5605B
:10665000D560D560C460C460C460B360B360B3602B
:106660009E609E609E608B608B608B6077607760C1
:1066700077606960566042602E602160166001603C
:10668000F05FE05FCF5FBF5FB15F427574746F6EA4
:1066900000436865636B55736572496E7075742D40
:1066A00062746E4C4D52200052657365745265746D
:1066B0007279417474656D7074730046493A202094
:1066C00046533A202020203E202082202020810096
:1066D000486F74656E642074656D70657261747561
:1066E0007265207265616368656400526573756DDB
:1066F000696E672054656D7000436F6F6C646F77CF
:106700006E20666C616720636C6561726564002051
:10671000573A0020453A00543A004E6F20307846F0
:10672000462072656365697665640053656E6469C9
:106730006E6720307846460046696C652073656C4C
:106740006563746564002053697A653A2000466980
:106750006C65206F70656E65643A20004E6F77201F
:1067600066726573682066696C653A20004E6F77C3
:1067700020646F696E672066696C653A200022208C
:10678000706F73002220706172656E743A2200533C
:106790005542524F5554494E452043414C4C20746C
:1067A00061726765743A2200747279696E67207449
:1067B0006F2063616C6C207375622D67636F646515
:1067C0002066696C6573207769746820746F6F2028
:1067D0006D616E79206C6576656C732E00202225C4
:1067E0007322002025236C78004449525F455849A4
:1067F00054004449525F454E5445523A2025732077
:10680000222573220A006175746F25692E670004C2
:106810001A44656372656D656E7452657472794170
:106820007474656D70747300081B1C0B1452535400
:10683000436F6D6D54696D656F7574002C206C61CC
:1068400073742062797465733A200022206661694E
:106850006C65643A204275666665722066756C6C7C
:1068600021002200456E717565696E6720746F2086
:106870007468652066726F6E743A202200457272E9
:106880006F723A004D4D5532746F6F6C3D004D4D37
:1068900055323A004D4D55323A006563686F3A0003
:1068A0003E53302A63362E004D4D5520697320002B
:1068B0006F015B4711241FBECFEFD1E2DEBFCDBF1A
:1068C00000E00CBF13E0A0E0B2E0E2EFF7E003E08D
:1068D0000BBF02C007900D92AA30B107D9F727E18C
:1068E000AAE0B3E001C01D92A730B207E1F714E3BC
:1068F000C9E5D4E300E006C021970109802FFE011D
:106900000F943D7EC835D10780E00807A9F70E94A3
:1069100089DD0D94E7830C94FF682F923F924F928C
:106920005F926F927F928F929F92AF92BF92CF921F
:10693000DF92EF92FF920F931F93CF93DF93CDB728
:10694000DEB72F970FB6F894DEBF0FBECDBF6C0138
:106950001B015A01FC011782168283819E012F5F61
:106960003F4F490181FDD2C08FEF9FEFEEC2F12C66
:10697000512C00E0003238F48B3209F190F480326F
:10698000F9F0833209F107FD34C020ED280F2A30D9
:1069900020F506FF1BC0FAE0FF9E200D1124F22E09
:1069A00005C08D3279F0803371F70160F10193FDFC
:1069B000859193FF81911F018111DCCF1AC0026084
:1069C0000460F4CF0860F2CF0061F0CF3AE0539E4C
:1069D000200D1124522E0062E9CF8E3221F406FDE3
:1069E000B1C20064E3CF8C3611F40068DFCF883683
:1069F000E9F29BEB980F933008F05FC00061805E76
:106A000006FD02C046E0F42E102F1F73853609F0F4
:106A10005BC0106417FF61C08F2D9BE39F1508F4C6
:106A20008BE344244394480E27E03501F4E06F0ED5
:106A3000711CF5016081718182819381042DA40113
:106A40000F94E6795C01F981FC87F0FF03C00DE249
:106A5000F3FF07C00BE211FD04C0012F047012FD0B
:106A600000E22C852C70E22E09F46BC00111D8C213
:106A7000F3E0E12CF515A0F483E0E52CE81A13FD12
:106A800008C0B60180E290E00F94957BEA94E11093
:106A9000F8CF002329F0B601802F90E00F94957B6A
:106AA0003C8526E9A22E25E0B22E33FD04C09AE9EA
:106AB000A92E95E0B92E107122C09BE9980F933052
:106AC00008F047C10F7E9CCF863611F41068A2CF24
:106AD000FF2009F49FCFFA949DCFE7E02F2DEF150B
:106AE00018F427E037E0F32E412C9FCF111180528C
:106AF000B60190E00F94957B8FEFA81AB80AF501C4
:106B000084918111F3CFE11084C25301F601938186
:106B1000F10193FD859193FF81911F01882309F471
:106B200011C2853241F493FD859193FF81911F013C
:106B3000853209F01CCFB60190E00F94957B3501AA
:106B4000E4CF17FF6FC04A0CFC85F4FF04C08A81B4
:106B5000813309F44A9414140CF086C028E02415FB
:106B600010F488E0482E85E090E017FF06C0C501CC
:106B7000B7FE02C090E080E0019601110196FF206F
:106B800031F02F2D30E02F5F3F4F820F931F5816AB
:106B9000190619F014F0E52CE81A812F897011F408
:106BA000E11067C0002329F0B601802F90E00F9418
:106BB000957B13FD02C0E11063C017FF7CC0850107
:106BC000B7FE02C010E000E0C501841991092C0154
:106BD0006F2D70E0EE27FF27E61BF70BFF87EE8790
:106BE0000F3F100729F4B6018EE290E00F94957BD9
:106BF000A016B1060CF44BC0401651060CF047C06D
:106C0000F501E01BF10BE80DF91D8181015011091F
:106C10002E853F8502171307E4F1B60190E00F942B
:106C2000957BDECF16FD9FCFEF2DF0E0EA15FB053B
:106C300034F03CEFA3163FEFB3060CF01068329629
:106C4000E80DF91D01C0FA94FF2019F082918033FC
:106C5000D1F317FF88CF442443944F0CFA141B043C
:106C600031F02CF0FA187FCF442443947CCFF12CE0
:106C70007ACFB60180E290E00F94957BEA9490CFB2
:106C8000B60180E390E00F94957BEA9494CF80E383
:106C9000BDCFA016B10641F49A81963350F49533D6
:106CA00019F43C8534FF05C0B60190E00F94957B44
:106CB0002ACF81E3F9CF8A81813319F09C859F7EA9
:106CC0009C87B60190E00F94957BFF20A9F0B60158
:106CD0008EE290E00F94957BF394F394E2E001E070
:106CE0000E0FE80DF92DF11D8081B60190E00F9493
:106CF000957BE02F0F11F3CF85E690E014FF02C0E3
:106D000085E490E0B6010F94957BB7FC06C0A11412
:106D1000B104C1F4EC85E4FF15C0B194A194B108AD
:106D20008DE2B60190E00F94957B80E32AE0A216F5
:106D3000B10454F4B60190E00F94957BB601C501FF
:106D4000C096B4CF8BE2EDCF8F5FFAE0AF1AB108F7
:106D5000EDCF8336C9F0833771F1833509F05BC01D
:106D60003501F2E06F0E711CF501A080B1806F2D2E
:106D700070E006FD02C06FEF7FEFC5010F94297B25
:106D80009D878C8700680DC0350132E0630E711C51
:106D9000F5018081898321E030E03D872C87540113
:106DA0000F7703FD06C02C853D855216130609F0AA
:106DB000A8F4E52C2BC0350132E0630E711CF501FF
:106DC000A080B1806F2D70E006FD02C06FEF7FEFF5
:106DD000C5010F944E7B9D878C87E2CFB60180E280
:106DE00090E00F94957B5A94DECFF50107FD8591D5
:106DF00007FF81915F01B60190E00F94957BE11050
:106E0000EA948C859D8501979D878C87EC85FD850F
:106E1000EF2B59F778CE843619F0893609F074C013
:106E2000350107FF66C0F4E06F0E711CF50160814B
:106E3000718182819381102F1F7697FF08C09095F2
:106E40008095709561957F4F8F4F9F4F10682AE016
:106E500030E0A4010F94BC7CA82EA818BA2C012FF6
:106E600016FF0AC00E7FAF1438F414FF04C012FDE1
:106E700002C0012F0E7EBF2C04FFA3C0FE01EA0D4D
:106E8000F11D8081803309F095C0097EF02FF870E4
:106E9000EF2E03FDA5C000FF9FC0FA2CB51410F41F
:106EA000F50CFB1804FFA2C0B60180E390E00F943C
:106EB000957B02FF09C088E790E001FF02C088E5EA
:106EC00090E0B6010F94957BAF1408F49BC0AA9490
:106ED0000A2D10E00F5F1F4F080D191DF801829158
:106EE0008F01B60190E00F94957B80169106B1F763
:106EF0000ACEF2E06F0E711CF50160817181072EE0
:106F0000000C880B990B97CF102F8537A9F41F7EA3
:106F10002AE030E0350117FF44C0F4E06F0E711C29
:106F2000F5016081718182819381A4010F94BC7C01
:106F3000A82EA8181F7792CF197F8F3679F1F0F419
:106F4000883539F1F601868197812F960FB6F8942E
:106F5000DEBF0FBECDBFDF91CF911F910F91FF908C
:106F6000EF90DF90CF90BF90AF909F908F907F90E9
:106F70006F905F904F903F902F900895803739F039
:106F8000883701F714FD146020E130E0C3CF1061B1
:106F9000F9CF04FD166020E132E0BCCF28E030E0FC
:106FA000B9CFF2E06F0E711CF5016081718190E044
:106FB00080E0BBCF02FD02C0B39468CFB394B3941A
:106FC00065CF802F867809F461CFF6CFB60180E2D5
:106FD00090E00F94957BB394B514C0F3E12C62CF8D
:106FE000E52CEB18B51408F45DCFF8CF802F867828
:106FF00009F46ACF8BE201FF80E207FD8DE2B60162
:1070000090E060CFB60180E390E00F94957BFA9416
:107010005BCFB60180E290E00F94957BEA9473CD4C
:1070200024E0E12C251508F036CD84E026CD20E0C3
:1070300030E040E85FEB60917E0270917F028091CA
:107040008002909181020F944A7F882321F1E09180
:107050003512F0913612E85BFF4E80818B7F8230D3
:10706000D1F480E1EEE7F2E0AFE5B2E101900D92FC
:107070008A95E1F780E090E0A0E8BFEB80937E0284
:1070800090937F02A0938002B093810280914A1274
:1070900090914B12089581E090E0089580E1EDEF2A
:1070A000F6E0AFE5B2E101900D928A95E1F708951F
:1070B000E5EAFEE0833021F0E82FF0E0EE55F14FF5
:1070C000849108958091190690911A0620911B06CB
:1070D00030911C06821B930B8F7799270895982F68
:1070E0009F7083FF0DC080917B00886080937B0040
:1070F00080917C00887F9770892B80937C00089515
:1071000080917B00877FF2CF4FEF5FEFBA0185EE72
:107110009FE00F94637D4FEF5FEFBA0189EE9FE030
:107120000F94637D4FEF5FEFBA018DED9FE00F94F9
:10713000637D4FEF5FEFBA0181EE9FE00F94637DB7
:107140004FEF5FEFBA0185ED9FE00F94637D4FEF46
:107150005FEFBA0189ED9FE00F94637D4FEF5FEF22
:10716000BA0185EC9FE00F94637D4FEF5FEFBA01AA
:1071700089EC9FE00F94637D4FEF5FEFBA018DECD8
:107180009FE00F94637D4FEF5FEFBA0181ED9FE0C9
:107190000D94637D80369105F8F44091351250913D
:1071A000361220914610309147104217530739F498
:1071B0006091391270913A12161617066CF0B901E7
:1071C000680F791FFB01E359FF4F2417350730F48F
:1071D00081E04E175F0708F480E00895EE3EF1402D
:1071E000F8F06C5F7F4F6E3E714018F449365105E0
:1071F000B8F483599F4F4817590770F34DEE51E08B
:10720000421B530B70E060E0C901885B9F4E0F94F6
:107210005F838FB7F89410924710109246108FBF7B
:1072200081E0089580911B0690911C0690931A06A8
:107230008093190682E890E29F938F9380913B128E
:1072400090913C12A0913D12B0913E120196A11D69
:10725000B11DBF93AF939F938F938FEC97E09F9354
:107260008F9386ED97E09F938F930F94EF7B8DB76D
:107270009EB70A960FB6F8949EBF0FBE8DBF0895B5
:107280000F931F93CF93DF93EC01C60FD71F8C177B
:107290009D0779F08C010F5F1F4F0F942D7D8F3F5D
:1072A00031F081E0DF91CF911F910F910895C801D6
:1072B000EECF80E0F7CF682F880F770B80913512E3
:1072C00090913612855B9F4E0F9484839C0190931E
:1072D00093058093920581E0232B09F480E00895C3
:1072E00080919205909193054AE050E070E060E053
:1072F00001960F94B878862F089580919205909109
:1073000093054AE050E070E060E001960F94B87891
:10731000CB0108950F931F93CF93DF938C01862F9A
:10732000EA010E945B39882319F10E947D399C0192
:1073300097FF03C0319521953109253631059CF021
:107340009F938F938DE798E69F938F9382E29FE0C0
:107350009F938F930F94EF7B0F900F900F900F9050
:107360000F900F9080E0DF91CF911F910F910895C2
:10737000F80180818823B1F3CE01DF91CF911F9175
:107380000F910D942D7D80919205909193054AE087
:1073900050E070E060E001960D94B87860E086E619
:1073A0009FE00F94517D60E088E69FE00F94517D4F
:1073B00060E085E69FE00F94517D60E084E69FE009
:1073C0000F94517D60E082ED9EE00F94517D60E06E
:1073D0008FEC9EE00D94517D2F923F924F925F92E1
:1073E0006F927F928F929F92AF92BF92CF92DF92D5
:1073F000EF92FF920F931F93CF93DF93CDB7DEB73A
:10740000CC58D2400FB6F894DEBF0FBECDBFCB58DC
:10741000DD4F688379838A839B83C557D240FE0101
:10742000E754FE4F88E2DF011D928A95E9F7E85B99
:10743000F1401F0180E991E0DF01FC011D923197CD
:10744000E9F7C75ADD4F19821882C955D2409E010B
:107450002F513E4FC159DD4F39832883CF56D2403B
:107460008E01075A1D4FCE018F5C9D4FC359DD4FD2
:1074700099838883CD56D2403C01490140EBA42E2C
:107480004FE0B42E53E2C52ED12CF12CE12CB601E5
:107490000D2C000C880B990B0F94BB77D4016D93C6
:1074A0007D938D939D934D01F801619171918F01B1
:1074B000072E000C880B990B0F94BB77D3016D93AB
:1074C0007D938D939D933D01BFEFEB1AFB0AE6E0A0
:1074D000EE16F10409F038C3CB58DD4F288139810D
:1074E0004A815B81C557D240C159DD4FA881B9811E
:1074F000CF56D2406D917D918D919C910F94DE80FD
:10750000412C512C320118160CF402C3C359DD4F23
:1075100008811981CD56D2400C5E1F4FC159DD4FF5
:10752000E880F980CF56D240B4E1EB0EF11C6E0139
:10753000EFEDCE1AEDEFDE0A9E012B553E4FCF58F0
:10754000DD4F39832883C157D240D8014D905D90DB
:107550006D907C90F7016081718182819381D70168
:107560005E914E913E912E917D010F94547E4B0180
:107570005C01F80152914291329122918F01C30135
:10758000B2010F94547EA50194010F94547FD6014B
:107590009E938E937E936E936D01CF58DD4FE8815D
:1075A000F981C157D240B292A29292928292CF5860
:1075B000DD4FF983E883C157D240C359DD4F28819D
:1075C0003981CD56D2400217130709F0BECF4E01C4
:1075D0003FE6831A3EEF930A5E0183EFA81A8DEF10
:1075E000B80A61018101EE24E394F12CD4014D909D
:1075F0005D906D907D904D012D913D914D915C91EF
:10760000C301B2010F94557E9B01AC010F94557ECE
:10761000F80164A775A786A797A7F1E0EF16F10414
:1076200061F0D80198964D925D926D927C929B97F5
:10763000F8014482558266827782FFEFEF1AFF0AD3
:10764000F501208131814281538184E0A80EB11C73
:1076500064817581868197810F94547E20E030E0AB
:1076600040EC50E40F94FA77D601DC966D937D934D
:107670008D939C93DF97045D1F4FB8E2CB0ED11C16
:10768000E5E0EE16F10409F0B1CF7E01FDE2EF0E68
:10769000F11C28E2A22EB12C00EB1FEF24E0220EF9
:1076A000311CD7012D913D914D915C911397989686
:1076B0006D917D918D919C919B970F94547F2B019F
:1076C0003C016101C01AD10A88248394912CF601EF
:1076D000E00FF11FEA0DFB1D2081318142815381B2
:1076E000C301B2010F94FA779B01AC01F6016081EE
:1076F0007181828193810F94547ED6016D937D9325
:107700008D939D936D01BFEF8B1A9B0AE6E08E1659
:107710009104E9F63CE2E30EF11C0852110988E2FB
:10772000A80EB11C08339FEF190709F0BACF1E014C
:10773000F5EB2F0E311C6E0121EBC20ED11C7E0128
:1077400037E3E31A3EEFF30A04E010E04801B12CFE
:10775000A12C412C512C3201F601EA0DFB1DD70161
:10776000AA0DBB1D2D913D914D915C916081718160
:10777000828193810F94FA779B01AC01C301B2011E
:107780000F94557E2B013C018FEF881A980A94E0E4
:10779000A90EB11CA5E08A169104F1F6A30192018D
:1077A000F10160817181828193810F94547ED601B1
:1077B0002D913D914D915C910F94547FF701608321
:1077C00071838283938301501109F8E22F1A3108E3
:1077D0002CE2C21AD10834E0E31AF10801151105B0
:1077E00009F0B4CFCB50DE4F88819981AA81BB814B
:1077F000C55FD140CF57DD4F88839983AA83BB8370
:10780000C158D2401E0197E4291A9EEF390A10E0B0
:1078100000E0C159DD4FA881B981CF56D240CD904B
:10782000DD90ED90FD90C159DD4FB983A883CF560F
:10783000D240CB58DD4F288139814A815B81C557C1
:10784000D240C701B6010F944A7F1816B4F0CB5846
:10785000DD4F288139814A815B81C557D240C159AA
:10786000DD4FE881F981CF56D240608171818281FC
:1078700093810F94DE8087FF18C00430110509F052
:1078800030C1CB58DD4F288139814A815B81C55792
:10789000D240CF57DD4F688179818A819B81C15861
:1078A000D2400F944A7F87FF1CC1D10114968D905E
:1078B0009D90AD90BC9017978D919D910D90BC912E
:1078C000A02DCF58DD4F88839983AA83BB83C157EE
:1078D000D240F801EE0FFF1FEE0FFF1F21E931E04C
:1078E0002C0F3D1FE20FF31F408051806280738098
:1078F000C359DD4FA881B981CD56D2408D919D915C
:107900000D90BC91A02DC358DD4F88839983AA8325
:10791000BB83CD57D240A7019601CB58DD4F68817C
:1079200079818A819B81C557D2400F94547E6B0127
:107930007C0120E030E040E450E40F94C581CB5757
:10794000DD4F688379838A839B83C558D240C358AF
:10795000DD4F288139814A815B81CD57D240C3599F
:10796000DD4FE881F981CD56D240648175818681F1
:1079700097810F94547EA30192010F94547FC758AE
:10798000DD4F688379838A839B83C957D240A301E3
:107990009201C301B2010F94557ECF58DD4F28816B
:1079A00039814A815B81C157D2400F94FA77C7571A
:1079B000DD4F688379838A839B83C958D240A301B2
:1079C0009201C501B4010F94FA779B01AC01C7572E
:1079D000DD4F688179818A819B81C958D2400F949B
:1079E000557E20E030E040EC50E40F94547F9B0142
:1079F000AC01C758DD4F688179818A819B81C95765
:107A0000D2400F94547EA70196010F94FA77C7587D
:107A1000DD4F688379838A839B83C957D240CF58CF
:107A2000DD4F288139814A815B81C157D240C50130
:107A3000B4010F94547E4B015C0120E030E040EC37
:107A400050E4C301B2010F94FA779B01AC01C50168
:107A5000B4010F94547FCB57DD4F288139814A817F
:107A60005B81C558D2400F94FA774B015C0120E04E
:107A700030E040E05FE3CF58DD4F688179818A8153
:107A80009B81C157D2400F94FA772B013C01A7018B
:107A90009601C701B6010F94FA779B01AC01C301AF
:107AA000B2010F94FA779B01AC01C501B4010F94A8
:107AB000557E9B01AC01C758DD4F688179818A8171
:107AC0009B81C957D2400F94557EC358DD4F288102
:107AD00039814A815B81CD57D2400F94557E2B016D
:107AE0003C010F5F1F4FF4E02F0E311CC359DD4FD7
:107AF00028813981CD56D2402C5F3F4FC359DD4F8D
:107B000039832883CD56D2400530110509F081CE46
:107B1000C301B201C457DD4F0FB6F894DEBF0FBEEC
:107B2000CDBFDF91CF911F910F91FF90EF90DF902C
:107B3000CF90BF90AF909F908F907F906F905F900D
:107B40004F903F902F900895C5010F943B7DD80131
:107B50008D939C93B5E0CB0ED11CE2E0AE0EB11C30
:107B600096CC0F931F93CF932091FE12213079F57D
:107B70008C0180E50E945B39882349F10E947039AD
:107B8000C82F853020F5013C82E0180749F0023CFF
:107B9000124069F08C2FCF911F910F910D94DC76DC
:107BA00060E08C2FCF911F910F910D941D778EEC7B
:107BB0009EE00F942D7D882351F00F94EA5F882377
:107BC00031F08C2FCF911F910F910D949877CF9119
:107BD0001F910F9108958F929F92AF92BF92CF9273
:107BE000DF92EF92FF920F931F93CF93DF93009159
:107BF0009205109193050F5F1F4F68018FEFC81A10
:107C0000D80AD801DC918D2F90E00F94BE7A7C01C8
:107C1000892B01F5DD3201F56801B2E0CB0ED11CF4
:107C2000F801D181C1E086010150110943E050E023
:107C300069ED7EE0C8010F94F47A892BC1F460E00D
:107C400070E080E89FEFC111DBC060E070E080E889
:107C50009FE7D6C08601D1CFDB3239F46801F2E06C
:107C6000CF0ED11CD8011196DC91C0E0DCCF43E0EF
:107C700050E066ED7EE0C8010F94F47A892B09F498
:107C8000CCC0F60110E000E020E030E0A9016F0177
:107C9000D053DA3060F5BC2E6894B1F88C2F887020
:107CA000C2FF09C0811102C00F5F1F4F3196D6017C
:107CB000DC91CB2DECCF882311F001501109A5E008
:107CC000B0E00F94C27D9B01AC01220F331F441F13
:107CD000551F2D0F311D411D511D2839B9E93B0795
:107CE0004B07B9E15B0710F3C660BC2EDFCFDE3F68
:107CF00031F4C3FD33C0BC2E6894B3F8D7CFD5336D
:107D000069F580818D3231F4C061BF016E5F7F4FB4
:107D1000818105C0BF018B32C9F36F5F7F4F8053F4
:107D20008A30E0F4FB01B0E8EB16BCE0FB065CF443
:107D3000B701660F771F660F771FE60EF71EEE0C72
:107D4000FF1CE80EF11C819180538A3060F3C4FF60
:107D500003C0F194E194F1080E0D1F1DCA01B90191
:107D60000F94B977C370C33009F490584B015C018C
:107D700020E030E0A9010F944A7F882309F43EC037
:107D8000C2EDDEE017FF05C0119501951109CAEBA0
:107D9000DEE06E01E8E1CE1AD10880E2E82EF12C97
:107DA0000DC0FE0125913591459154910E191F0981
:107DB000C501B4010F94FA774B015C01D501C401F0
:107DC0000E151F0574F72497F594E794CC16DD067D
:107DD000A9F78A2F880F8B2F881F8F3F49F020E04B
:107DE00030E0A901C501B4010F944A7F811106C09A
:107DF00082E290E09093FC168093FB16C501B401DB
:107E0000DF91CF911F910F91FF90EF90DF90CF9076
:107E1000BF90AF909F908F90089560E070E080ECED
:107E20009FE7EECF2F923F924F925F926F927F9299
:107E30008F929F92AF92BF92CF92DF92EF92FF927A
:107E40000F931F93CF93DF93CDB7DEB7A1970FB6F4
:107E5000F894DEBF0FBECDBF84EC92E09D8F8C8F77
:107E60008FE5282E82E1382E0DEF16E091E09A8FF3
:107E7000198EEC8DFD8D8191FD8FEC8F0E945B3909
:107E8000E82E882309F454C1F0905512FA8DFF2290
:107E90000E94EB3D2B013C01F8014082518262823D
:107EA0007382F98DF33009F045C0DD24D394F110CD
:107EB00001C0D12C8090100290901102A09012026B
:107EC000B090130220E030E040E85FE3C501B40168
:107ED0000F944A7F882359F1F11015C020916B123D
:107EE00030916C1240916D1250916E12C301B2012B
:107EF0000F94547E6093090770930A0780930B07D1
:107F000090930C07DE2CA5019401609109077091F4
:107F10000A0780910B0790910C070F94FA776093F2
:107F2000090770930A0780930B0790930C07D110F1
:107F300003C05FC0FF2089F0F101208131814281BF
:107F40005381F80160817181828193810F94557E04
:107F5000F8016083718382839383F98DF230D9F5C0
:107F60008091B403823009F0EEC08CE0E0EAF2E0E8
:107F7000DE011D9601900D928A95E1F78CE0ECEA06
:107F8000F2E0DE01119601900D928A95E1F7C09022
:107F90000507D0900607E0900707F090080720E05B
:107FA00030E0A901C701B6010F944A7F87FF52C094
:107FB000CE0101967C01D12CF701619171918191E3
:107FC00091917F010F94C67F8D2D0F94FC0AD3945D
:107FD000F3E0DF12F1CFF98DFF5FF98F8A8D880F03
:107FE0008A8F94E0290E311C0C5F1F4FF43009F08A
:107FF00040CF86E40E945B39882399F00E94EB3DD4
:108000006B017C0120E030E0A9010F94DE8018169E
:1080100044F4C0927A02D0927B02E0927C02F09209
:108020007D02A1960FB6F894DEBF0FBECDBFDF91E3
:10803000CF911F910F91FF90EF90DF90CF90BF9065
:10804000AF909F908F907F906F905F904F903F90F8
:108050002F90089520E030E048E453E4C701B601D2
:108060000F94DE801816A4F4CE010D967C01D12C5D
:10807000F70161917191819191917F010F94C67F78
:108080008D2D0F94FC0AD394F3E0DF12F1CFA3CF30
:10809000CE01019699A388A3FE013D96FF8FEE8F36
:1080A0001B8EE8A1F9A1C190D190E190F190F9A3C4
:1080B000E8A3EE8DFF8D6191719181919191FF8F78
:1080C000EE8FA70196010F94547E20E030E048E443
:1080D00053E40F94547F4B015C01209105073091CC
:1080E000060740910707509108070F94FA772B0174
:1080F0003C0120E030E0A901C501B4010F94FA77FA
:108100009B01AC01C701B6010F94547E9B01AC01E9
:10811000C301B2010F94557E0F94C67F8B8D0F94CF
:10812000FC0AFB8DFF5FFB8FF33009F0BACF53CF12
:10813000F10180819181A281B381F80180839183D3
:10814000A283B38348CFEA8DEE0FEA8FF4E02F0EBF
:10815000311C0C5F1F4F83E0898F8BCE609103171A
:108160007091041790E08A3020F0895A9F4F0D9447
:10817000957BC096FCCF84FF18C05A9A85FF17C024
:10818000A49A2FB786FF15C0F894909102019068C9
:10819000909302012FBF87FF11C0A39A5B9A85E0DD
:1081A0008A95F1F700005B9808955A98E7CFA49854
:1081B000E8CFF894909102019F77EACFA398EECF91
:1081C0000F931F93CF93DF93C82FD62F8A0160FFA1
:1081D00015C05D9A8AE18A95F1F700C08C2F0E9444
:1081E000BB40D1FD04C08C2F82950E94BB40C801CA
:1081F000DF91CF911F910F910C94D8AE5D98EACF8B
:10820000CF92DF92EF92FF92CF93DF93EC016A015E
:108210007B010F94357D6F3F7F4F8F4F9F4F59F4F8
:10822000B701A601CE01DF91CF91FF90EF90DF90D3
:10823000CF900D94837DDF91CF91FF90EF90DF90F1
:10824000CF9008957F928F929F92AF92BF92CF92DC
:10825000DF92EF92FF920F931F93CF93DF93CDB7EF
:10826000DEB760970FB6F894DEBF0FBECDBF5C01DE
:108270006B01742E81E0809378021F930F931F92FD
:108280002F9388E897E09F938F930F94EF7B81E47F
:108290000E945B390F900F900F900F900F900F90EE
:1082A000882389F08091920590919305FC012181AA
:1082B000283709F056C040E150E070E060E00296D7
:1082C0000F94B8785B0183E40E945B39882309F43A
:1082D0004DC00E94C3394B017501CA14DB0408F478
:1082E0007601C4018E0D9F1DC816D90618F08E1593
:1082F0009F0518F446018E189F0888E50E945B3997
:10830000882309F471C020919205309193052F5F65
:108310003F4FCE0101965C01DC01D12CC12CF9014B
:1083200080812F5F3F4F8823B9F190E1C916D104B6
:1083300099F18032A1F38A3079F190ED980F9A305B
:10834000C8F48295807F9F012E5F3F4F918140ED61
:10835000490F4A30B8F4842B8D93EFEFCE1ADE0A22
:10836000DECF0E94EB3D0F94C67FACCF88248A9469
:10837000982CB2CF9FE9980F963058F48295807F61
:108380008057E1CF4FE9490F463018F49755892BB4
:10839000E3CFD194C194D108912C812CC814D90475
:1083A00091F0F50161915F01C4018E0D9F1DF1E017
:1083B0007F1631F0FC016083FFEF8F1A9F0AEECF2A
:1083C0000F94757DF9CFFF92EF921F930F939F92B9
:1083D0008F928EE597E09F938F930F94EF7B0FB66C
:1083E000F894DEBF0FBECDBF472DB401C701609624
:1083F0000FB6F894DEBF0FBECDBFDF91CF911F91B6
:108400000F91FF90EF90DF90CF90BF90AF909F9033
:108410008F907F900D941D5F0F931F93CF93DF93E9
:1084200000D01F92CDB7DEB79B01AC010FE512E182
:10843000F801608571858285938569837A838B8352
:108440009C830F94547EF80160877187828793879D
:1084500065E575E585E591E40F94F33C0F94990B80
:1084600089819A81AB81BC81F80180879187A2873D
:10847000B387CE0101960F947E2D0F900F900F9031
:108480000F90DF91CF911F910F910895682F70E0A9
:1084900090E080E00F94B97720E030E048E052E4CB
:1084A0000F94FA7720E030E040E85FE30F94557EC8
:1084B000089582E00F94850B6093671270936812A1
:1084C0008093691290936A1287E692E10D947E2D53
:1084D0004F925F926F927F928F929F92AF92BF92D4
:1084E000CF92DF92EF92FF920F931F93CF93DF9380
:1084F0000FE512E1C1E7D5E0288139814A815B812E
:10850000F80160817181828193810F94547E4B01C7
:108510005C012C813D814E815F81F8016481758110
:10852000868197810F94547E6B017C01C1E6D5E072
:10853000288139814A815B81C501B4010F94FA77A2
:108540002B013C012C813D814E815F81C701B60129
:108550000F94FA779B01AC01C301B2010F94557ED1
:10856000F8016083718382839383288539854A85E6
:108570005B85C501B4010F94FA774B015C012C8532
:108580003D854E855F85C701B6010F94FA779B0143
:10859000AC01C501B4010F94557EF8016483758365
:1085A00086839783DF91CF911F910F91FF90EF907A
:1085B000DF90CF90BF90AF909F908F907F906F9003
:1085C0005F904F9008954F925F926F927F928F923B
:1085D0009F92AF92BF92CF92DF92EF92FF920F9352
:1085E0001F93CF93DF9300D000D01F921F92CDB77F
:1085F000DEB7DC01CD90DD90ED90FC901397C0923A
:108600007403D0927503E0927603F0927703149688
:108610000D911D912D913C91179709831A832B83FE
:108620003C8300937C0310937D0320937E0330935F
:108630007F03DB010D911D912D913C9113970D83CB
:108640001E832F8338870093780310937903209338
:108650007A0330937B0314964D905D906D907C90DF
:108660001797409280035092810360928203709228
:108670008303FA0160817181828193816093710526
:108680007093720580937305909374058480958030
:10869000A680B7808092750590927605A0927705A6
:1086A000B092780520E030E0A9010F944A7F811153
:1086B000AAC020E030E0A901C501B4010F944A7FAF
:1086C0008111A1C01092790520E030E040E85FE31D
:1086D000C701B6010F944A7F811121C020E030E02C
:1086E000A9016D817E818F8198850F944A7F8111C8
:1086F00016C020E030E0A90169817A818B819C81DC
:108700000F944A7F81110BC020E030E040E85FE326
:10871000C301B2010F944A7F882309F478C0809185
:108720007905826080937905A3019201C701B601A2
:108730000F94FA774B015C012D813E814F81588562
:1087400069817A818B819C810F94FA779B01AC01BE
:10875000C501B4010F94547E4B015C01AC019B0137
:10876000C301B2010F94547F609361057093620559
:1087700080936305909364056D817E818F819885D8
:108780009058A50194010F94547F609365057093F0
:108790006605809367059093680569817A818B816E
:1087A0009C819058A50194010F94547F60936905B2
:1087B00070936A0580936B0590936C05A5019401F5
:1087C000C701B6010F94547F60936D0570936E05D9
:1087D00080936F059093700528960FB6F894DEBFCE
:1087E0000FBECDBFDF91CF911F910F91FF90EF9002
:1087F000DF90CF90BF90AF909F908F907F906F90C1
:108800005F904F90089581E0809379055DCF80E07F
:1088100090E0A0E8BFE38093610590936205A09388
:108820006305B09364051092650510926605109279
:108830006705109268051092690510926A051092FA
:108840006B0510926C0580936D0590936E05A09357
:108850006F05B0937005C0CF4F925F926F927F9279
:108860008F929F92AF92BF92CF92DF92EF92FF9240
:108870001F93CF93DF93CDB7DEB7A8970FB6F894C9
:10888000DEBF0FBECDBF48E050E06DED7FE0CE0112
:1088900001960F941D7D48E050E065ED7FE0CE012C
:1088A00009960F941D7D48E050E065EE7FE0CE0113
:1088B00041960F941D7D89899A89AB89BC8989A3CA
:1088C0009AA3ABA3BCA38F3F9F4FAF4FBF4F09F4F9
:1088D000B1C08D899E89AF89B88D8DA39EA3AFA3AA
:1088E000B8A78F3F9F4FAF4FBF4F09F4A3C08980F8
:1088F0009A80AB80BC808FEF88169806A806B806D1
:1089000009F498C08D819E81AF81B885898F9A8F37
:10891000AB8FBC8F8F3F9F4FAF4FBF4F09F48AC0C3
:10892000C984DA84EB84FC848FEFC816D806E80685
:10893000F80609F47FC08D859E85AF85B8898D8F37
:108940009E8FAF8FB8A38F3F9F4FAF4FBF4F09F49C
:1089500071C0298D3A8D4B8D5C8DC501B4010F948A
:10896000F1802B013C0126E636E646E65FE30F94F4
:108970004A7F11E087FD0BC02DEC3CEC4CE85FE337
:10898000C301B2010F94DE8018160CF010E02D8D9B
:108990003E8D4F8D58A1C701B6010F94F1802B0178
:1089A0003C0126E636E646E65FE30F944A7F87FD04
:1089B0007FC02DEC3CEC4CE85FE3C301B2010F94A7
:1089C000DE8018160CF474C02DA13EA14FA158A54D
:1089D00069A17AA18BA19CA10F94F18020E030E0E5
:1089E00040E751E40F94DE8018160CF411E0A50165
:1089F0009401C701B6010F94FA776B017C012D8DAC
:108A00003E8D4F8D58A1698D7A8D8B8D9C8D0F94E5
:108A1000FA779B01AC01C701B6010F94557E9F7791
:108A20002DEC3CEC4CEC5DE30F94DE80181614F05A
:108A30001123F1F00E94843880E090E0A0E8BFE3C9
:108A400089839A83AB83BC831D821E821F82188612
:108A500019861A861B861C868D879E87AF87B88BE2
:108A6000198A1A8A1B8A1C8A1D8A1E8A1F8A188ED6
:108A7000AE014F5E5F4FBE01675F7F4FCE01019633
:108A80000E94E342A8960FB6F894DEBF0FBECDBF9A
:108A9000DF91CF911F91FF90EF90DF90CF90BF902B
:108AA000AF909F908F907F906F905F904F900895C0
:108AB00011E08ACFCF93DF93CDB7DEB768970FB6BB
:108AC000F894DEBF0FBECDBF80E090E0A0E8BFE32A
:108AD00089839A83AB83BC831D821E821F82188682
:108AE00019861A861B861C868D879E87AF87B88B52
:108AF000198A1A8A1B8A1C8A1D8A1E8A1F8A188E46
:108B0000AE014F5E5F4FBE01675F7F4FCE010196A2
:108B10000E94E34268960FB6F894DEBF0FBECDBF49
:108B2000DF91CF910895809179058823D1F00E943B
:108B30005A450F94990B80E00F94850B60935F1258
:108B400070936012809361129093621281E00F948F
:108B5000850B6093631270936412809365129093F7
:108B60006612089580915C0490915B0489130BC098
:108B700090915A04992339F02091310530913205B2
:108B80008217130639F081E09091BD03911103C063
:108B900080E0089581E008950F931F93CF93DF93B2
:108BA0008C01EB018BE293E39F938F938CEC9DE11F
:108BB0009F938F93DF936F930F94447CC80FD11DC5
:108BC00047E050E0B801CE010F941D7D1F820F9049
:108BD0000F900F900F900F900F90DF91CF911F91FA
:108BE0000F91089520915C04809131059091320598
:108BF0002817190611F080E208958EE3089582E0A7
:108C000080935B0280915C048F5F80935C0484E0BE
:108C10008093590410925B0410925A040895809135
:108C20005904843038F580915C0490E0209131053E
:108C3000309132052817390744F001979093320597
:108C40008093310587E00F9424168091310520919F
:108C50008B0330E02D5F3F4F8217130659F054F01D
:108C60009DEF980F90938B03845080935B048FEF5C
:108C7000809359040895EFE8F3E080E2DF011D924C
:108C80008A95E9F70895CF933FB7F894E091FB03F5
:108C9000F091FC03E817F907C9F0C42F9093FC0387
:108CA0008093FB03709332056093310510928B0320
:108CB00082E080935B023FBF222319F080E00F9493
:108CC0002416CC2321F0CF910C943B463FBFCF918B
:108CD0000895DC01262F9091DD039730D8F4492FB9
:108CE00050E0FA01EE0FFF1FE40FF51FE45AFC4FAE
:108CF0004091FB035091FC035183408380913105E7
:108D00009F5F9093DD03828341E070E060E0CD01DE
:108D10000C9443460895982F8091DD039817A8F48A
:108D2000891B8093DD0390E0FC01EE0FFF1FE80F2D
:108D3000F91FE45AFC4F6281062E000C770B20E0ED
:108D400041E0808191810C94434680E0EACF81E04C
:108D50000C948B461F920F920FB60F9211240BB6F4
:108D60000F922F933F934F936F937F938F939F9384
:108D7000EF93FF938091C80084FF12C08091CE00D2
:108D8000FF91EF919F918F917F916F914F913F91C3
:108D90002F910F900BBE0F900FBE0F901F90189544
:108DA0004091CE0080912F05813051F72091190616
:108DB00030911A06C90101968F77992760911B0699
:108DC00070911C0686179707D9F227563A4FF9017A
:108DD000408390931A0680931906D2CF1F920F9268
:108DE0000FB60F9211240BB60F922F933F934F9310
:108DF0006F937F938F939F93EF93FF938091C00026
:108E000084FF12C08091C600FF91EF919F918F91D6
:108E10007F916F914F913F912F910F900BBE0F90CB
:108E20000FBE0F901F9018954091C60080912F059E
:108E30008111EACF2091190630911A06C9010196D5
:108E40008F77992760911B0670911C0686179707EC
:108E5000D9F227563A4FF901408390931A0680932E
:108E60001906D2CF80E1EFE5F2E1A0E9B2E001908E
:108E70000D928A95E1F780918E0290918F029093E6
:108E80005E1280935D1280915B1290915C129093C0
:108E90005A128093591280915712809356128091E2
:108EA000551283FB882780F98093541280915312C6
:108EB000809352120895CF93DF9384E696E10E9447
:108EC000DA5B82EA94E1892B51F0C4E7D5E1A397FC
:108ED000CE010E94DA5B84E1C23AD807C1F78FE77E
:108EE00094E10E94DA5B8AE594E1DF91CF910C94E2
:108EF000DA5BCF93DF93CFE5D2E120E030E048ECBE
:108F000051E46C857D858E859F850F94557E6C8799
:108F10007D878E879F8763E373E383E590E4DF912A
:108F2000CF910D94F33C60E085EA9FE00F94517D72
:108F300060E08FE79CE00F94517D80E090E0A0E836
:108F4000BFEB80937E0290937F02A0938002B09348
:108F5000810282E0809379021092511208958091EB
:108F6000591290915A1220915B1230915C1228177D
:108F7000390771F090935C1280935B1281E08093CB
:108F8000C9030E94E2FE0F94D15A82E08093C90384
:108F9000089580915112882341F080918E02909122
:108FA0008F0290935E1280935D120895CF92DF92AC
:108FB000EF92FF92C090F504D090F604E090F70491
:108FC000F090F8048091F404882309F44EC020E066
:108FD00030E0A901C701B6010F94DE8018160CF02D
:108FE00044C02BED3FE049E450E4C701B6010F94C3
:108FF000FA77A70196010F94FA7720E030E040E875
:109000005EE30F94FA779B01AC0160E070E080E8CA
:109010009FE30F94547F6B017C0160915902709122
:109020005A0264367105A1F0072E000C880B990BCB
:109030000F94BB772AE037ED43E25CE30F94FA77B5
:109040009B01AC01C701B6010F94FA776B017C015B
:10905000C0921002D0921102E0921202F09213021A
:10906000FF90EF90DF90CF900895C12CD12C80E835
:10907000E82E8FE3F82ED1CF8F929F92AF92BF92BE
:10908000CF92DF92EF92FF9281EF9FE00F94F65420
:109090006B017C018DEE9FE00F94F6544B015C0157
:1090A0000F9423082CE330E040E050E00F94A07DC3
:1090B000BA01A901480D591D6A1D7B1D8DEE9FE067
:1090C0000F94637D6091EE067091EF068091F0063B
:1090D0009091F10628EE33E040E050E00F94A07D3F
:1090E000BA01A9014C0D5D1D6E1D7F1D81EF9FE032
:1090F0000F94637D0F94A8091092EE061092EF066C
:109100001092F0061092F1068091FE12813081F4E7
:10911000609102137091031390E080E00F94DE548D
:10912000109203131092021310920513109204135D
:10913000FF90EF90DF90CF90BF90AF909F908F9077
:109140000895809153121F928F93809143031F9231
:109150008F93E0EBF3E0428153812CE3249FC00125
:10916000259F900D11249F938F9340815181249FBF
:10917000C001259F900D11249F938F9388EA97E05B
:109180009F938F930F94EF7B8DB79EB70A960FB680
:10919000F8949EBF0FBE8DBF08958DE493E00D94AB
:1091A000FD0020E030E040E752E40F94547F089542
:1091B0001092770240913E0350913F03609140032B
:1091C0007091410340937A0250937B0260937C023A
:1091D00070937D0290938F0280938E028DE493E0D2
:1091E0000D94FD001F93CF93DF93182F80917A0287
:1091F00090917B02A0917C02B0917D0280933E030E
:1092000090933F03A0934003B0934103C0918E021B
:10921000D0918F0284E690E090938F0280938E022B
:109220008DE493E00F94FD0010937702CE01DF915F
:10923000CF911F910895CF92DF92EF92FF920F93FB
:109240001F93CF93DF9390E0EC01CC0FDD1FCC0F89
:10925000DD1FFE01EC50F14F259135914591549160
:10926000FE01EB54FB4FC080D180E280F3808E0181
:10927000015A1D4EC701B6010F94557EF801608357
:10928000718382839383FE01E851F14F25913591DB
:10929000459154918E010C5D1D4FC701B6010F948D
:1092A000557EF8016083718382839383FE01E452CB
:1092B000F14F2591359145915491C85EDD4FC7011D
:1092C000B6010F94557E688379838A839B83DF91EF
:1092D000CF911F910F91FF90EF90DF90CF90089565
:1092E00040E050E0BA018DEE9FE00F94637D40E0D6
:1092F00050E0BA0181EF9FE00F94637D0E94CE3968
:1093000070E060E085E09FE00F946F7D70E060E0CA
:1093100083E09FE00F946F7D70E060E081E09FE06C
:109320000F946F7D70E060E08FEF9EE00F946F7D93
:1093300070E060E083ED9EE00F946F7D70E060E090
:1093400080ED9EE00F946F7D40E050E0BA0188EA26
:109350009CE00D94637DF89488E19FE00FB6F8944B
:10936000A895809360000FBE90936000FFCF85EAC0
:109370009FE00F942D7D91E0811101C090E0892F35
:1093800008958091CB03811106C081E09091840300
:10939000923009F080E008958091D41381110AC0C1
:1093A00080913F12811106C081E090918403913039
:1093B00009F080E00895CF93DF93C0916F12C1113F
:1093C0001FC08091701281111CC00E94C14981117F
:1093D00018C0D091320ED43061F480915B1290911C
:1093E0005C12892B91F48091571290915812892B1D
:1093F00061F40E94CC49C82F811103C0C1E0D11192
:10940000C0E08C2FDF91CF910895C1E0FACF0E9488
:10941000DB49882389F020E030E040E050E46091AF
:109420006712709168128091691290916A120F947C
:109430004A7F881F8827881F08950E94CC49811180
:1094400018C00E94C149811114C08091511281112C
:1094500010C08091320E81110BC08091FF128111DA
:1094600007C080916F12811104C08091701208951D
:1094700081E0089580E1EFE5F2E1ADEFB6E0019023
:109480000D928A95E1F708954F925F926F927F92C5
:109490008F929F92AF92BF92CF92DF92EF92FF9204
:1094A0000F931F93CF93DF9300D000D01F921F9292
:1094B000CDB7DEB720915112222309F473C1209158
:1094C000CC03223009F46EC12091CC03213011F479
:1094D0001092CC032B013C011092531210915612A2
:1094E0006091B5037091B6038091B7039091B80372
:1094F0000F94CD7F611731F0812F90E09093581237
:10950000809357120E94AF4780915212809353125A
:1095100090915512809154128195892788708927DE
:1095200080935512A301920160919C0270919D025B
:1095300080919E0290919F020F94547E6D837E8352
:109540008F839887CE0105960F944B2D1092400281
:1095500020E030E040E85FEB609190027091910272
:1095600080919202909193020F944A7F811120C0C2
:1095700080915F1290916012A0916112B09162127D
:109580008093900290939102A0939202B0939302E1
:109590008091631290916412A0916512B09166124D
:1095A0008093940290939502A0939602B0939702B1
:1095B000A301920160919C0270919D0280919E0294
:1095C00090919F020F94547E69837A838B839C834E
:1095D000E0906712F09068120091691210916A127F
:1095E00020919402309195024091960250919702F9
:1095F00060919002709191028091920290919302F9
:109600001F921F921F921F92E2E68E2EE7E29E2E7D
:10961000E6E7AE2EE2E4BE2EFE0131966F010F9416
:10962000A52DA301920160919C0270919D028091F1
:109630009E0290919F020F94547E69837A838B835C
:109640009C83E0909802F090990200919A02109108
:109650009B02209194023091950240919602509184
:109660009702609190027091910280919202909184
:1096700093021F921F921F921F920F94A52DE090AC
:109680009802F090990200919A0210919B02209109
:109690009402309195024091960250919702609108
:1096A00090027091910280919202909193021F9288
:1096B0001F921F921F92812C912CF8EEAF2EF2E494
:1096C000BF2EACE9CA2EA2E0DA2E0F94A52D0F947E
:1096D000990B11E01093400260914C1270914D1261
:1096E00090E080E00F94B97760937A0270937B02E8
:1096F00080937C0290937D0280915D1290915E1226
:1097000090938F0280938E0280E1E0E9F2E0AFE572
:10971000B2E101900D928A95E1F70E943A4A809158
:1097200079020FB6F894DEBF0FBECDBF811151C0D4
:1097300060914212709143128091441290914512AF
:109740006093E8167093E9168093EA169093EB16EF
:109750000F9435508091421290914312A09144127F
:10976000B09145128093461290934712A0934812ED
:10977000B09349121093D41360E085EA9FE00F94F0
:10978000517D60E08FE79CE00F94517D8AE593E680
:109790000E943DBB82E0809379021092511281E0D9
:1097A0008093160E28960FB6F894DEBF0FBECDBF7D
:1097B000DF91CF911F910F91FF90EF90DF90CF90AD
:1097C000BF90AF909F908F907F906F905F904F90E1
:1097D0000895813089F68091421290914312A091B0
:1097E0004412B091451280933B1290933C12A09387
:1097F0003D12B0933E1210924510109244100E94F8
:109800001239BACF3F924F925F926F927F928F92AE
:109810009F92AF92BF92CF92DF92EF92FF920F93FF
:109820001F93CF93DF9330907905332009F480C0E4
:109830008B01EC0131FE54C088809980AA80BB80E6
:10984000FB01C080D180E280F38020917C033091C5
:109850007D0340917E0350917F03C501B4010F94B5
:10986000FA772B013C0120918003309181034091D4
:10987000820350918303C701B6010F94FA779B01CD
:10988000AC01C301B2010F94557E2B013C01209124
:109890007403309175034091760350917703C501AD
:1098A000B4010F94FA774B015C0120917803309159
:1098B000790340917A0350917B03C701B6010F945D
:1098C000FA779B01AC01C501B4010F94557E688302
:1098D00079838A839B83F8014082518262827382FA
:1098E00030FE26C0209171053091720540917305BC
:1098F00050917405688179818A819B810F94557E8E
:10990000688379838A839B832091750530917605DE
:109910004091770550917805F801608171818281CD
:1099200093810F94557EF8016083718382839383C2
:10993000DF91CF911F910F91FF90EF90DF90CF902B
:10994000BF90AF909F908F907F906F905F904F905F
:109950003F9008952F923F924F925F926F927F9225
:109960008F929F92AF92BF92CF92DF92EF92FF922F
:109970000F931F93CF93DF9300D000D01F921F92BD
:10998000CDB7DEB78C011B01FC0180819181A281E2
:10999000B38189839A83AB83BC83FB0180819181EE
:1099A000A281B3818D839E83AF83B887BE016B5F35
:1099B0007F4FCE0101960E94024CC980DA80EB8075
:1099C000FC8020E030E0A901C701B6010F944A7F76
:1099D00087FF35C019821A821B821C82FF24F394F0
:1099E0008D809E80AF80B88420E030E040E850EC6D
:1099F000C501B4010F944A7F87FF35C080E090E035
:109A0000A0E8B0EC8D839E83AF83B887CD80DE80E5
:109A1000EF80F88489809A80AB80BC807090790553
:109A200071104CC0F80180829182A282B382F10150
:109A3000C082D182E282F382FF24F39425C020E029
:109A400030E04AE753E4C701B6010F94DE80F12C01
:109A5000181634F680E090E0AAE7B3E489839A838D
:109A6000AB83BC83BBCF20E030E042E553E4C501CB
:109A7000B4010F94DE8018162CF480E090E0A2E58B
:109A8000B3E4C0CFF110C2CF8F2D28960FB6F89453
:109A9000DEBF0FBECDBFDF91CF911F910F91FF9021
:109AA000EF90DF90CF90BF90AF909F908F907F907E
:109AB0006F905F904F903F902F90089570FE1CC064
:109AC0002091710530917205409173055091740594
:109AD000C501B4010F94547E4B015C0120917505C2
:109AE000309176054091770550917805C701B60110
:109AF0000F94547E6B017C0171FE9ECF2091610515
:109B0000309162054091630550916405C501B4012F
:109B10000F94FA772B013C01209165053091660581
:109B20004091670550916805C701B6010F94FA7717
:109B30009B01AC01C301B2010F94557EF801608313
:109B40007183828393832091690530916A054091E6
:109B50006B0550916C05C501B4010F94FA774B0168
:109B60005C0120916D0530916E0540916F0550911B
:109B70007005C701B6010F94FA779B01AC01C501CE
:109B8000B4010F94557EF1016083718382839383C6
:109B900053CFCF93DF930E94CD48CFE5D2E180E051
:109BA00090E0A0EAB0E488879987AA87BB8765E53B
:109BB00075E585E591E40F9415428DEC9CECACE4E1
:109BC000BEE388839983AA83BB8383E393E3A3E7FC
:109BD000B0EC8C839D83AE83BF8363E672E1CE01DC
:109BE0000E94AA4C60E070E086E193E40F94154275
:109BF0008AE999E9A9E1BEE388879987AA87BB87A3
:109C000065E575E585E591E4DF91CF910D94154209
:109C1000CF92DF92EF92FF92CF93DF93EC01BC01E2
:109C20006C5F7F4F0E94AA4CC0902C02D0902D02F6
:109C3000E0902E02F0902F02A701960168857985A9
:109C40008A859B850F944A7F87FF04C0C886D98682
:109C5000EA86FB86C0902002D0902102E09022028A
:109C6000F0902302A7019601688579858A859B85F6
:109C70000F94DE80181624F4C886D986EA86FB86FF
:109C8000DF91CF91FF90EF90DF90CF9008952F92CA
:109C90003F924F925F926F927F928F929F92AF927C
:109CA000BF92CF92DF92EF92FF920F931F93CF93C9
:109CB000DF93CDB7DEB7A2970FB6F894DEBF0FBE25
:109CC000CDBF1C018DEF96E00E94084E8DE493E01D
:109CD0000F94FD0040905F125090601260906112EE
:109CE00070906212C090FD06D090FE06E090FF06D4
:109CF000F0900007A7019601C301B2010F944A7FBB
:109D000081113FC020910107309102074091030764
:109D100050910407609163127091641280916512F2
:109D2000909166120F944A7F81112BC020E030E0A1
:109D300040E752E460917A0270917B0280917C024C
:109D400090917D020F94547F0F94C03C0E944E3836
:109D5000A2960FB6F894DEBF0FBECDBFDF91CF91B4
:109D60001F910F91FF90EF90DF90CF90BF90AF9039
:109D70009F908F907F906F905F904F903F902F902B
:109D8000089560918E0270918F02072E000C880B4F
:109D9000990B0F94BB7720917A0230917B0240910E
:109DA0007C0250917D020F94FA772EE333EC4EE261
:109DB00059E30F94FA776F83788789879A87809120
:109DC0000613882309F40FC1A3019201C701B6014C
:109DD0000F94547E2B013C01209163123091641248
:109DE00040916512509166126091010770910207CF
:109DF00080910307909104070F94547E6B877C87B2
:109E00008D879E87C301B2019F772B853C854D8549
:109E10005E855F770F94557E6B017C0120E030E01A
:109E2000A9010F94DE8018160CF0DDC020E030E0B0
:109E300040EF51E4C701B6010F94547F0F94337F74
:109E40000F94CD7F7E836D836230710508F4CBC0A3
:109E50002114310409F4C7C02091671230916812AF
:109E60004091691250916A1260910507709106073E
:109E700080910707909108070F94547E6F87788B25
:109E8000898B9A8B20916B1230916C1240916D12DC
:109E900050916E126091090770910A0780910B072B
:109EA00090910C070F94547E6B8B7C8B8D8B9E8BCB
:109EB000AD81BE81CD01B0E0A0E08F8F98A3A9A3B2
:109EC000BAA32D813E812216330608F08CC0B10161
:109ED00090E080E00F94B9776B017C016F8D78A1E1
:109EE00089A19AA10F94B9779B01AC01C701B60172
:109EF0000F94547F6B017C01AC019B016B897C89C1
:109F00008D899E890F94FA779B01AC0160916B1249
:109F100070916C1280916D1290916E120F94557E1B
:109F200069837A838B839C83A70196016F857889E7
:109F300089899A890F94FA77209167123091681273
:109F40004091691250916A120F94557E6F8B788FF1
:109F5000898F9A8FA70196016B857C858D859E855B
:109F60000F94FA7720916312309164124091651238
:109F7000509166120F94557E6B8F7C8F8D8F9E8FC4
:109F8000A7019601C301B2010F94FA7720915F12E5
:109F90003091601240916112509162120F94557E7F
:109FA0003F922F92AFE5B2E1BF93AF938F80988439
:109FB000A984BA84DE0111966D01EF88F88C098DB1
:109FC0001A8D2B8D3C8D4D8D5E8D0F94A52D0F9090
:109FD0000F900F900F908091160E8111B7CEBFEFAA
:109FE0002B1A3B0A6ECFE0900507F0900607009110
:109FF000070710910807209101073091020740914F
:10A000000307509104076091FD067091FE06809150
:10A01000FF06909100071F921F92EFE5F2E1FF9378
:10A02000EF938F809884A984BA84E9E0CE2EE7E08C
:10A03000DE2E0F94A52D0F900F900F900F9086CECF
:10A04000CF92DF92EF92FF92CF93C0906712D090A1
:10A050006812E0906912F0906A12A70196010F94BD
:10A06000557E609367127093681280936912909383
:10A070006A1283B190910F07911102C084FF26C02C
:10A080008FE592E10E94084E6091790470917A0404
:10A0900080917B0490917C040F94F33C0F94990B76
:10A0A000A701960160916712709168128091691200
:10A0B00090916A120F94547E6B017C01C701B60126
:10A0C000CF91FF90EF90DF90CF90089515980F9467
:10A0D000990B81E00F94FF15C82F65E575E585E5BF
:10A0E00091E40F94F33C0F94990B82E00F94850B4D
:10A0F000A70196010F94547E6B017C018C2F0F9465
:10A10000FF15DCCF8F929F92AF92BF92CF92DF92DA
:10A11000EF92FF924B015C01C0906712D0906812E1
:10A12000E0906912F0906A12AC019B01C701B60180
:10A130000F94DE8087FF11C0A5019401C701B6010D
:10A140000F94547E9F77FF90EF90DF90CF90BF9059
:10A15000AF909F908F900C942050FF90EF90DF90E5
:10A16000CF90BF90AF909F908F9008952F923F9285
:10A170004F925F926F927F928F929F92AF92BF9217
:10A18000CF92DF92EF92FF920F931F93CF93DF93C3
:10A1900000D01F921F92CDB7DEB7D82E2A013B0107
:10A1A000322EE982FA820B831C830F94990B81E093
:10A1B00080936F12FC2CE32CD31010C0ED2CDC101C
:10A1C0000DC060E070E080EA90E40E948250FF24BD
:10A1D000F394EE24E3942224239401C02D2C0E94B6
:10A1E0009345809106138D831092061382E00F949D
:10A1F000850B609367127093681280936912909335
:10A200006A12F1100F94AE4581E00E94F2488C0171
:10A210000E943A4A10927A0210927B0210927C02BB
:10A2200010927D02222019F080E00F94F25FEE2060
:10A2300019F081E00F94F25FDD20E9F04114510440
:10A2400061047104C1F0C301B2010F94BB779B019B
:10A25000AC016091B5047091B6048091B7049091FF
:10A26000B8040F94557E60935F12709360128093D0
:10A27000611290936212332001F189819A81AB813E
:10A28000BC810097A105B105C1F0BC01CD010F94BF
:10A29000BB779B01AC016091B9047091BA048091C5
:10A2A000BB049091BC040F94557E6093631270932D
:10A2B00064128093651290936612FF2009F499C08E
:10A2C00060E070E080EA90E40E94825080910D0787
:10A2D000811102C00F94F25F80910E07811103C0BB
:10A2E00081E00F94F25F0E942C44E7EDFDE385913D
:10A2F0009591A591B491E3EDFDE34591559165915B
:10A3000074914093FD065093FE066093FF06709390
:10A3100000078093010790930207A0930307B0936F
:10A32000040761E077E08DEF96E00E94024C0E9406
:10A330005A4520E030E040E850EC60910107709110
:10A34000020780910307909104070F944A7F87FFCB
:10A350000CC080E090E0A0E8B0EC809301079093FF
:10A360000207A0930307B093040780E090E0A6E102
:10A37000B3E480937A0290937B02A0937C02B09323
:10A380007D02109277020F94B33B60917A02709134
:10A390007B0280917C0290917D020F94C03C0F94CF
:10A3A000990B8091FD069091FE06A091FF06B09159
:10A3B000000780935F1290936012A0936112B09394
:10A3C00062128091010790910207A0910307B0915A
:10A3D00004078093631290936412A0936512B09364
:10A3E000661281E0809377020F941B1682E00F942F
:10A3F000F25FCC20E9F081149104A104B104C1F012
:10A40000C501B4010F94BB779B01AC016091BD0401
:10A410007091BE048091BF049091C0040F94557E4A
:10A4200060936712709368128093691290936A1216
:10A430000F94B33BC8010E94D8480F941B160E948A
:10A440002C440E946842D11007C0311005C08B8D8A
:10A45000811102C0CC2039F1F11025C09D819923D2
:10A4600011F181E0809306130F94850B6B017C0141
:10A4700080E00F94850BA70196010F943E6C9B0121
:10A48000AC0160916712709168128091691290918D
:10A490006A120F94547E60936712709368128093CF
:10A4A000691290936A1284E10F94EB220F94990B36
:10A4B00010926F120F900F900F900F900F90DF91EE
:10A4C000CF911F910F91FF90EF90DF90CF90BF90B1
:10A4D000AF909F908F907F906F905F904F903F9044
:10A4E0002F900895E6E3F3E09FE780818F3721F016
:10A4F00087FF08C08F778083319683E0EE33F807BB
:10A50000A1F708959083F8CF90915B02981710F40B
:10A5100080935B0280915C02882339F0E091FD0317
:10A52000F091FE03309709F019940895CF93DF93CB
:10A53000CDB7DEB7AE014A5F5F4FFA01619171910D
:10A54000AF018BEE93E00F94747CDF91CF9108956F
:10A550006BEE73E00D94C57B6BEE73E0082E000C80
:10A56000990B0D94957BCF93C82FC15020F080E2BA
:10A570000E94AC52FACFCF9108950F931F93CF93BF
:10A58000DF93EB01142F052F0E94AC52CE010E94E5
:10A59000A8528AE30E94AC52CE010F94EB7A9EE05F
:10A5A000981B892F0E94B3520F931F9383ED9DE157
:10A5B0009F938F930E9496520F900F900F900F9041
:10A5C000DF91CF911F910F910895CF93C82F862FC0
:10A5D000643008F083E0809335030E9458388C0F74
:10A5E0008093340344E650E060E08068CF910C949F
:10A5F000E0407F928F929F92AF92BF92CF92DF9274
:10A60000EF92FF920F931F93CF93DF93E0915C043F
:10A6100050915B04E51373C0FB01483009F06CC036
:10A62000C081D0E04901742E6B015C0180915B0216
:10A63000882359F06091590480E00E94E5520E94FD
:10A64000F245AE01B5010E94BD5280915A048823A3
:10A6500009F455C090915C04209131053091320588
:10A660009217130609F04BC08091DD038730D8F4B0
:10A67000282F30E0F901EE0FFF1FE20FF31FE45A1D
:10A68000FC4F2091FB033091FC03318320838F5FCB
:10A690008093DD03928320E040E070E060E086E399
:10A6A00098E50E944346B0929003A0928F03D09207
:10A6B0009303C092920370929103D0939503C09339
:10A6C00094039092970380929603109399030093BA
:10A6D0009803F0929B03E0929A03DF91CF911F9130
:10A6E0000F91FF90EF90DF90CF90BF90AF909F9031
:10A6F0008F907F900C94FF45C081D18193CF809142
:10A700005C048F5F80935C04DF91CF911F910F9168
:10A71000FF90EF90DF90CF90BF90AF909F908F9081
:10A720007F900895CF93DF93EA010E94E5526BEE8C
:10A7300073E0CE01DF91CF910D94C57BCF93C42FF1
:10A740000E94E5526BEE73E08C2FCC0F990BCF91EA
:10A750000D94957B60E080E00E94E55210923403F6
:10A76000089540E456E060E081E00E94E0401092ED
:10A7700035031092340348E050E06FE770E086E361
:10A7800093E00D945F8390915C02981709F1809398
:10A790005C028823E9F01092320510923105109284
:10A7A0007B0682EC93E00F94FD000E94E2FE615074
:10A7B0007109810991096093BE037093BF0380936F
:10A7C000C0039093C1030E94B15382E00C94845261
:10A7D0000895CF93C82F109235031092340348E0A8
:10A7E00050E06FE770E086E393E00F945F8344E905
:10A7F00051E162E080E30E94E04046E950E062E01F
:10A8000080E30E94E04046E950E062E080E30E947D
:10A81000E04046E950E062E080E20E94E040809142
:10A82000F90344E650E060E080620E94E04084E08A
:10A830008093330344E650E060E08CE00E94E04007
:10A84000C1110E94B15344E650E060E086E0CF9130
:10A850000C94E04081E00C94E953CF92DF92FF9298
:10A860000F931F93CF93DF9300D000D01F921F92BE
:10A87000CDB7DEB78A30D9F480913503843018F033
:10A880008FEF80933503609135036F5F80E00E9406
:10A89000E55228960FB6F894DEBF0FBECDBFDF910C
:10A8A000CF911F910F91FF90DF90CF90089590E886
:10A8B000980F44E650E061E09A3408F5482F40587C
:10A8C000550B9A0196E0929FA001939F500D112481
:10A8D000FA01E551F34FF490E6E3F3E030E020E0D5
:10A8E0009FEF6191782F76277F7789F4F901EA5CF1
:10A8F000FC4F8083F22E44E650E061E08F2D0E94F1
:10A90000E040809134038F5F80933403C2CF6F3770
:10A9100009F03CC0F901EA5CFC4F8083922FF92ECC
:10A92000FA01EA51F34F8E010F5F1F4FD801959145
:10A9300088E0182E10FE05900294802D9795881FB0
:10A940008D931A94B9F7BF2DE8E0BE02C00111241F
:10A9500044E650E060E080640E94E0406E01F9E06F
:10A96000CF0ED11C44E650E061E0D8018D918D01FD
:10A970000E94E040C016D106A9F78091340344E656
:10A9800050E060E080680E94E040B5CF67FF922F02
:10A990002F5F3F4F2830310509F0A3CF9F3F09F0CB
:10A9A000BECFA9CFCF9324E1AC01249FC001259F46
:10A9B000900D112460917203709173030F94F67DD2
:10A9C000C62F653108F0C4E1809171038C1748F4FB
:10A9D0008FEF0E942D54809171038F5F80937103DC
:10A9E000F3CFCF91089581E090E09093730380932B
:10A9F00072030E94D2546CE271E080E090E00C940B
:10AA000084FD8F929F92AF92BF92EF92FF920F932D
:10AA10001F93CF93DF93CDB7DEB7A0970FB6F8940F
:10AA2000DEBF0FBECDBF611571058105910599F49B
:10AA300080E3A0960FB6F894DEBF0FBECDBFDF91C6
:10AA4000CF911F910F91FF90EF90BF90AF909F908B
:10AA50008F900C942D5400E0842E912CB12CA12CBD
:10AA60009E012F5F3F4F7901A50194010F94A07DB6
:10AA7000F701E00FF11D6083B901CA010F5F611595
:10AA800071058105910581F70E0D1F2D111DE01631
:10AA9000F10659F0F80182918F018A3020F4805D2F
:10AAA0000E942D54F4CF895CFBCFA0960FB6F8948A
:10AAB000DEBF0FBECDBFDF91CF911F910F91FF90F1
:10AAC000EF90BF90AF909F908F900895CF92DF92BC
:10AAD000EF92FF926B017C01F7FE0BC08DE20E94AA
:10AAE0002D54F094E094D094C094C11CD11CE11C6E
:10AAF000F11C4AE0C701B601FF90EF90DF90CF90C4
:10AB00000C9401550F94CC4D8F3FF9F080E00E94DA
:10AB1000C3530E94B15349EB5EE561E080E00E94BF
:10AB2000925380E20E942D540F94CC4D682F70E018
:10AB30006F5F7F4F072E000C880B990B0E946655A4
:10AB40000F94C47681E00C94C35308950F931F9320
:10AB5000CF938C01C62FCC2359F0F80124912223E6
:10AB600039F00F5F1F4F84910E942D54C150F3CFD5
:10AB70008C2F0E94B3528C2FCF911F910F9108956B
:10AB80000F931F93CF93DF938C01EB010E94B1537E
:10AB900010927103109373030093720361E080E0DD
:10ABA0000E94E55264E1CE010E94A65562E080E079
:10ABB000DF91CF911F910F910C94E552EF92FF928C
:10ABC0000F931F93CF93DF9370915C0430915B04DC
:10ABD00073133FC0122FEA01062F7C0180915B02A4
:10ABE0008823D1F00E94F245482F6091590480E0FB
:10ABF0000E949E5361E1C7010E94A655402F6091BB
:10AC0000590493E1981B892F0E949E5340E2609162
:10AC1000590483E10E949E5380915A048823C9F00D
:10AC200020915C0480913105909132052817190616
:10AC300081F410925C02812FFE01199581E08093CE
:10AC40005C02DF91CF911F910F91FF90EF900C94D8
:10AC5000FF4580915C048F5F80935C04DF91CF910E
:10AC60001F910F91FF90EF9008950F931F93CF9333
:10AC7000C82F8B010E94F245482F6091590480E053
:10AC80000E949E5362E1C8010E94A6558C2FCF916D
:10AC90001F910F910C94AC52CF93DF9330915C04D1
:10ACA00020915B04321321C0EB01BC0180915B0257
:10ACB000882319F080E20E94355680915A04882337
:10ACC000A1F020915C048091310590913205281704
:10ACD000190659F410925C02FE01199581E08093E7
:10ACE0005C02DF91CF910C94FF4580915C048F5FF3
:10ACF00080935C04DF91CF91089530915C042091A2
:10AD00005B04321319C0BC0180915B02882319F0E7
:10AD100083E80E94355680915A04882369F0209177
:10AD20005C0480913105909132052817190621F4B1
:10AD30000E94A7460C94FF4580915C048F5F80932E
:10AD40005C040895CF93DF9330915C0420915B0401
:10AD500032131EC0EB01BC0180915B02882319F005
:10AD60008EE70E94355680915A04882389F02091FD
:10AD70005C0480913105909132052817190641F441
:10AD800060E0CE010E946946DF91CF910C94FF45AF
:10AD900080915C048F5F80935C04DF91CF91089574
:10ADA0000F931F93CF938C01C62FCC2349F0F8014A
:10ADB00081918F01882321F00E942D54C150F5CF3D
:10ADC0008C2F0E94B3528C2FCF911F910F91089519
:10ADD0000F931F93CF93DF93CDB7DEB763970FB673
:10ADE000F894DEBF0FBECDBF30915C0420915B04B0
:10ADF000321338C08B0120915B022223A9F0BE01DF
:10AE00006F5F7F4F0E94CC450E94F245482F6091B2
:10AE1000590480E00E949E5362E1CE0101960E9497
:10AE2000D0568EE70E94AC5280915A048823D1F00C
:10AE300020915C0480913105909132052817190604
:10AE400089F460E0C8010E9469460E94FF4563964C
:10AE50000FB6F894DEBF0FBECDBFDF91CF911F912B
:10AE60000F91089580915C048F5F80935C04EFCF15
:10AE7000CF93DF93EC018991882319F00E942D5420
:10AE8000FACFDF91CF9108958F929F92AF92BF92A8
:10AE9000CF92DF92EF92FF920F931F93CF93DF93A6
:10AEA000E0915C0430915B04E31376C0C22F7A0119
:10AEB0006B015C0180915B028823B9F10E94F2452D
:10AEC00001E08E3309F000E00C2B802F8270882E79
:10AED000E60190E2992EC114D10421F48EE7982E58
:10AEE000CCEBDDE2882009F441C0CE010F94EB7A6F
:10AEF00014E0180F4EE300FF40E26091590480E037
:10AF00000E949E5364E1611BC5010E94A6558BE51A
:10AF10000E94AC52CE01882089F10E94A8528DE592
:10AF20000E94AC52892D0E94AC5280915A04882311
:10AF300099F120915C048091310590913205281798
:10AF4000190651F5CD28E9F460E0C7010E94694671
:10AF5000DF91CF911F910F91FF90EF90DF90CF90F5
:10AF6000BF90AF909F908F900C94FF45FE01019091
:10AF70000020E9F7EC1B13E01E0FBCCF0E943857EE
:10AF8000CECF10925C02E114F10411F0F701199593
:10AF900081E080935C02DCCF80915C048F5F8093C2
:10AFA0005C04DF91CF911F910F91FF90EF90DF90A4
:10AFB000CF90BF90AF909F908F900895CF93DF93E5
:10AFC000EC0120E030E04CE852E460916B127091AB
:10AFD0006C1280916D1290916E120F94557E609359
:10AFE0006B1270936C1280936D1290936E1260E0EE
:10AFF00070E080EA91E40F94F33C0E9479470E944C
:10B00000B1534DEF51E660E080E00E949253888199
:10B01000882339F061E080E00E94E552CE010E9471
:10B0200038574AE852E162E080E00E94925383E49C
:10B030009BE20E9482FBDF91CF910D94990B0E94BD
:10B040002D5490E080E0089510928E0310927E06B9
:10B050000895CF9380918E03C1E0811104C0C0E0B8
:10B060008C2FCF9108950E942458FACF80915B02D3
:10B07000882309F452C020919A0330919B03809158
:10B0800096039091970321153105D9F04091310530
:10B090005091320541155105A1F07CF04091940387
:10B0A000509195034817590741F430939503209325
:10B0B0009403109232051092310510929B03109266
:10B0C0009A0320919403309195034091310550915A
:10B0D0003205240F351F10923205109231052817C2
:10B0E000390744F080919803909199032817390704
:10B0F0000CF4C901909395038093940361E080E080
:10B100000E94E552409194035091950360918F0302
:10B110007091900380E20E94BD520E9429588823BA
:10B1200041F1E0919203F091930380919403909107
:10B1300095032091910380832830C9F48091DD0329
:10B140008823B9F081508093DD0390E0FC01EE0F7D
:10B15000FF1FE80FF91FE45AFC4F6281062E000C16
:10B16000770B20E040E0808191810C9443469183ED
:10B17000E5CF08950E94295881110C94A74608959F
:10B18000809131059091320597FF07C010923205EA
:10B190001092310587E00F9424168091310590912B
:10B1A000320520918B032817190619F014F08093AB
:10B1B0008B0380918B0380935B040E9429588093BA
:10B1C0005A0408951F920F920FB60F9211240BB6D6
:10B1D0000F922F938F939F93EF93FF93E0912E0302
:10B1E000E830E8F4F0E08827E750F74A8F4F0D94F5
:10B1F0003D7E01591B59265934594A59535976599C
:10B2000088598091FC0681110AC08091C506880F7B
:10B2100080932D03882319F081E080932E03FF9102
:10B22000EF919F918F912F910F900BBE0F900FBEBA
:10B230000F901F90189580912C038F5F80932C03A3
:10B2400090912D03981758F382E0E7CF83E0809325
:10B250002E038FE080932B038FEF86BD81E085BDA9
:10B2600084B58F7E84BDDBCF80912B038295807F58
:10B27000819588BD80912B03882321F08150809394
:10B280002B03CDCF84E080932E038FEF88BD8EEF0C
:10B2900086BDC5CF85E080932E038FEF88BD86BD28
:10B2A00082E085BDBCCF2FEF28BD8091FC068111C7
:10B2B000B6CF80912C038F5F80932C0390912D0348
:10B2C000891708F4ACCF8091C50690E08F379105BF
:10B2D0000CF0A5CF86E080932E038FE080932B03A4
:10B2E00026BD81E085BD84B58061BCCF80912B03F4
:10B2F0008295807F819588BD80912B038111BECF7F
:10B3000087E080932E0380E886BD8FEF88BD87CFCE
:10B3100010922E0380E886BD8FEF88BDC1CFCF93FA
:10B32000DF93EC0187E69FE00F942D7D91E0811182
:10B3300001C090E081E02881211101C080E08913E3
:10B34000988387E09FE00F942D7D91E0811101C0EB
:10B3500090E0998385ED9EE00F942D7D91E0811121
:10B3600001C090E09A8387E49DE00F942D7D8F3F8C
:10B3700021F08887DF91CF9108951886FBCFCF9376
:10B38000C82F682F87E69FE00F94517DCC2319F0DA
:10B39000CF910D94765F519859981092EE16CF91F7
:10B3A00008951092AF030E94E2FE6093F716709327
:10B3B000F8168093F9169093FA16089580932A034D
:10B3C00080FD1CC010924303209143038FEF820F36
:10B3D0008E3FE8F08091A000877F8093A0001092BC
:10B3E000AD001092AC009FB7222361F0F8948091D9
:10B3F00002018062809302019FBF08958FEF8093C6
:10B400004303E2CFF894809102018F7DF3CFEFB731
:10B41000F8948091A00088608093A00030E0809133
:10B4200072004FEF50E081FF04C04091A80050919E
:10B43000A900249FC001259F900D349F900D1124D9
:10B440006FEF70E00F94F67D7093AD006093AC00E9
:10B45000EFBF08951F93CF93DF93D0912A03D1FDBF
:10B460001DC01091CA03C1E020E030E048E452E47E
:10B4700060912E0E70912F0E8091300E9091310EB2
:10B480000F94DE8018160CF0C0E0DE7FCD2B81E03B
:10B49000111101C080E0C82BC0932A0380912A03B8
:10B4A000DF91CF911F910C94DE59EF92FF920F9391
:10B4B0001F93CF93DF93EC018B017A010E944039F7
:10B4C00081110BC0A801BE01C701DF91CF911F916F
:10B4D0000F91FF90EF900D94417DDF91CF911F91DF
:10B4E0000F91FF90EF9008950F931F93CF93DF93E9
:10B4F0008C01D62FC72F0F943B7D8F3F980739F4CF
:10B500006D2F7C2FC8010F948B7D8D2F9C2FDF9189
:10B51000CF911F910F9108950F931F93CF938C019B
:10B52000C62F0F942D7D8F3F29F46C2FC8010F94E7
:10B53000757D8C2FCF911F910F910895CF93DF933D
:10B54000EC010F943B7DBC016F5F7F4FCE01DF911B
:10B55000CF910D948B7DCF93DF93EC010F942D7DD4
:10B5600061E0680FCE01DF91CF910D94757D2BE0E6
:10B57000829FC0011124805B924F0F943B7D21E09C
:10B58000019609F420E0822F0895CF93DF93C82F0E
:10B59000D8E0CF5FC8300CF0C0E08C2F0E94B75AC3
:10B5A000811103C0D150A9F7CFEF8C2FDF91CF913C
:10B5B000089581EA9DE00F942D7D0E94C55A87FD74
:10B5C00005C0682F81EA9DE00D94517D08950F9389
:10B5D0001F93CF93C82F8B0169E97CE0823070F014
:10B5E00062E97CE0843050F06AE87CE0843031F03D
:10B5F00062E87CE0853011F06BE77CE0C8010F94D5
:10B60000E47A8CEF8C0F823028F0C170CF5CF801A7
:10B61000C6831782CF911F910F91089561E080EC4E
:10B620009FE00F94517D60E08FEB9FE00F94517D80
:10B6300060E08EEB9FE00F94517D60E08DEB9FE02A
:10B640000F94517D60E08CEB9FE00D94517DCF9382
:10B65000C82F82958F700E94AE408C2F8F70CF9133
:10B660000C94AE404091391250913A1290E080E033
:10B6700041155105B1F1209135123091361290E00B
:10B6800080E0F901E85BFF4EA081A23021F46181E6
:10B690007281860F971F4150510919F1F901E55B3D
:10B6A000FF4EA1919F0128543041A111FACFF90119
:10B6B000E85BFF4E2D3EA1E03A0730F4A191A111C5
:10B6C000E0CF2F5F3F4FF6CF2D3EE1E03E07C9F6BA
:10B6D000E8E4F0E19F0128543041A191AA23D1F37D
:10B6E000D0CF08958091391290913A121816190608
:10B6F0000CF043C0019790933A1280933912892B32
:10B70000A1F48091441090914510892B21F410925E
:10B7100047101092461080914610909147109093D8
:10B7200036128093351281E0089580913512909100
:10B7300036120396FC01E85BFF4E20810196211131
:10B74000F9CFFC01E85BFF4E8D3E21E0920740F40B
:10B7500041919C012F5F3F4F4111E1CFC901F4CFCF
:10B76000E8E4F0E18D3E21E09207C9F6CF0188546C
:10B77000904121912223D1F3D2CF80E00895FC01A2
:10B7800020E03EE2DB014D91BD01403249F028301E
:10B7900011F430833196DB0111974C91408331963F
:10B7A0002F5F2B3079F71082089540E050E0BA0106
:10B7B0000D947D1DFC01238121110D945B1F0895C3
:10B7C00090912F05911107C09091C00095FFFCCF7B
:10B7D0008093C6000895913031F49091C80095FF90
:10B7E000FCCF8093CE0008958F929F92AF92BF922C
:10B7F000EF92FF920F931F93CF93DF93CDB7DEB7F6
:10B80000A0970FB6F894DEBF0FBECDBF61157105CE
:10B810008105910599F480E3A0960FB6F894DEBFF8
:10B820000FBECDBFDF91CF911F910F91FF90EF9091
:10B83000BF90AF909F908F900C94E05B00E0842EBF
:10B84000912CB12CA12C9E012F5F3F4F7901A501B6
:10B8500094010F94A07DF701E00FF11D6083B90101
:10B86000CA010F5F611571058105910581F70E0D04
:10B870001F2D111DE016F10659F0F80182918F017C
:10B880008A3020F4805D0E94E05BF4CF895CFBCFBE
:10B89000A0960FB6F894DEBF0FBECDBFDF91CF915B
:10B8A0001F910F91FF90EF90BF90AF909F908F905E
:10B8B0000895CF92DF92EF92FF926B017C01F7FE29
:10B8C0000BC08DE20E94E05BF094E094D094C094B1
:10B8D000C11CD11CE11CF11C4AE0C701B601FF905C
:10B8E000EF90DF90CF900C94F45B8F929F92AF9289
:10B8F000BF92CF92DF92EF92FF92CF936B017C01C8
:10B90000B42E20E030E0A9010F944A7F87FF07C0E2
:10B910008DE20E94E05BF7FAF094F7F8F094C0E053
:10B9200060E070E080E09FE3CB1541F020E030E084
:10B9300040E251E40F94547FCF5FF6CF9B01AC01FE
:10B94000C701B6010F94557E6B017C010F94CD7F2A
:10B950004B015C014AE00E94F45BCC2391F1C501EC
:10B96000B4010F94B9779B01AC01C701B6010F94E4
:10B97000547E6B017C018EE20E94E05BC15008F1B5
:10B9800020E030E040E251E4C701B6010F94FA77BD
:10B990004B015C010F94C67F6B01770FEE08FF0827
:10B9A000C701B6010E94595CC701B6010F94BB776D
:10B9B0009B01AC01C501B4010F94547E6B017C0165
:10B9C000DDCFCF91FF90EF90DF90CF90BF90AF9001
:10B9D0009F908F9008958AE00C94E05B0E94E05B5A
:10B9E00090E080E00895CF93DF93EC01FE01849115
:10B9F000882321F00E94E05B2196F8CFDF91CF9160
:10BA00000895CF92DF92EF92FF92C0902E0ED090C9
:10BA10002F0EE090300EF090310E8FEF94E10E94E7
:10BA2000F35C42E0C701B6010E94755C87EF94E1C8
:10BA30000E94F35C6091B5037091B6038091B703E7
:10BA40009091B80341E00E94755CFF90EF90DF9009
:10BA5000CF900C94EB5C4F925F926F927F928F929B
:10BA60009F92AF92BF92CF92DF92EF92FF920F938D
:10BA70001F93CF93DF93CC24CA94DC2C76010EEA7B
:10BA80001FE093E2892E912CA12CB12C412C512C3A
:10BA90003201D0E0C0E08FEFC81609F45DC0C801E4
:10BAA0000F943B7DEC01BC01990F880B990B0F940F
:10BAB000BB772091690430916A0440916B045091E6
:10BAC0006C040F94547F2B013C01C701B6010E9406
:10BAD000595C83E594E10E94F35CC501B4010E94C6
:10BAE000595C83E594E10E94F35CBE010D2E000CCD
:10BAF000880B990B0E94595C83E594E10E94F35CEA
:10BB000020E030E04AE754E4C301B2010F94FA7731
:10BB10000F94C74D85E0880E911CA11CB11C0E5FCF
:10BB20001F4F8FEFC81AD80AE80AF80A0A3B8FE0BD
:10BB3000180709F0B0CFDF91CF911F910F91FF90BF
:10BB4000EF90DF90CF90BF90AF909F908F907F90BD
:10BB50006F905F904F9008958CEB9DE20E94F35C94
:10BB6000B8CF882371F187E494E10E94F35C60917F
:10BB70008D1270E090E080E00E94595C80918D12FF
:10BB80008430D8F010928D1282E494E10E94F35C2C
:10BB900080918D1290E00F94E44D80918D12209150
:10BBA000591230915A1230935C1220935B120E940A
:10BBB000FAEB0E9479470D94990B8F5F80938D1259
:10BBC000E3CF90E080E00E94EAABE9CFCF93DF9330
:10BBD0008FE394E10E94F35CCFE5D2E16881798143
:10BBE0008A819B8142E00E94755C8BE394E10E9414
:10BBF000F35C6C817D818E819F8142E00E94755C47
:10BC000087E394E10E94F35C688579858A859B854A
:10BC100042E00E94755C83E394E10E94F35C6C85D2
:10BC20007D858E859F8542E00E94755C8DE997E059
:10BC30000E94F35C80E00F94770B0F94BB77CDE507
:10BC4000D4E02C813D814E815F810F94547F42E08E
:10BC50000E94755C8FE294E10E94F35C81E00F9496
:10BC6000770B0F94BB77288539854A855B850F94C0
:10BC7000547F42E00E94755C8BE294E10E94F35C89
:10BC800082E00F94770B0F94BB772C853D854E8512
:10BC90005F850F94547F42E00E94755C87E294E1D7
:10BCA0000E94F35C83E00F94770B0F94BB77288995
:10BCB00039894A895B890F94547FDF91CF910D9424
:10BCC000C74D8FE19FE00E94F35C60912E0E709152
:10BCD0002F0E8091300E9091310E41E00E94755CE4
:10BCE0008CE19FE00E94F35C60915B1270915C12AA
:10BCF000072E000C880B990B0F94BB7741E00E9434
:10BD0000755C88E19FE00E94F35C6091B5037091DF
:10BD1000B6038091B7039091B80341E00E94755C2F
:10BD200085E19FE00E94F35C609157127091581278
:10BD3000072E000C880B990B0F94BB7741E00E94F3
:10BD4000755C80E19FE00E94F35C60912E0E709123
:10BD50002F0E8091300E9091310E41E00E94755C63
:10BD60008DE09FE00E94F35C60915B1270915C1229
:10BD7000072E000C880B990B0F94BB7741E00E94B3
:10BD8000755C89E09FE00E94F35C6091CC0670E0F6
:10BD900090E080E00E94595C84E09FE00E94F35CA8
:10BDA0006091C50670E090E080E00E94595C80E000
:10BDB0009FE00E94F35C6091F8067091F906809113
:10BDC000FA069091FB0641E00E94755C0C94EB5CD6
:10BDD0000E94F35C0C94EB5C8F929F92AF92BF92A7
:10BDE000CF92DF92EF92FF920E94E2FE6B017C0104
:10BDF00020913202222309F1409178024130E9F08A
:10BE00008091140290911502A0911602B091170230
:10BE100046015701881A990AAA0ABB0A30E0A8EE1F
:10BE2000B3E00F94CD7D86169706A806B9066CF090
:10BE3000443031F19CF44230D4F4C0921402D092D8
:10BE40001502E0921602F0921702FF90EF90DF9039
:10BE5000CF90BF90AF909F908F900895453069F735
:10BE60008AE998E60E94F35C82E095E106C08AE9DF
:10BE700098E60E94F35C8FE295E10E94E85EDDCFD8
:10BE80008AE998E60E94F35C89E195E1F6CFCF93C9
:10BE900081EA9DE00F942D7DCBE08C9FC0011124A1
:10BEA000805B924F0F943B7D8156904F803A9F402C
:10BEB000C8F08EEC94E10E94E85E81EA9DE00F9468
:10BEC0002D7D8C9FC001112470E060E0805B924F5B
:10BED0000F948B7D81E994E10E944BC381E0CF9167
:10BEE0000C94C353CF9108952F923F924F925F923B
:10BEF0006F927F928F929F92AF92BF92CF92DF927A
:10BF0000EF92FF920F931F93CF93DF93CDB7DEB7DE
:10BF1000A4970FB6F894DEBF0FBECDBF0F94990B58
:10BF20008091160E811117C081E08093701280916C
:10BF30000D07882349F080910E07882329F020916E
:10BF40000F072F83211120C081E08093501283E6D8
:10BF50009FE10F94964FA4960FB6F894DEBF0FBEE4
:10BF6000CDBFDF91CF911F910F91FF90EF90DF90A8
:10BF7000CF90BF90AF909F908F907F906F905F9089
:10BF80004F903F902F9008958BEA9DE00F942D7D68
:10BF9000182F8EE40E945B39082F0E9470398E831F
:10BFA000002329F0873009F4C9C0833029F0133009
:10BFB00009F0C3C063E06E8380E090E0A0E8BFE3D7
:10BFC0008A839B83AC83BD838AEA9DE00F942D7D99
:10BFD000888F83E40E945B39182F0E9470391123E7
:10BFE00029F0882319F08B3008F4888F88E50E94A7
:10BFF0005B39882309F4ABC00E94EB3D20E030E0C0
:10C0000048E052E40F94547E20E030E048EB51E4E5
:10C010000F94547E6A877B878C879D8789E50E9471
:10C020005B39882309F49CC00E94EB3D20E030E09E
:10C0300048E052E40F94547E20E030E040EA50E4BF
:10C040000F94547E6C8B7D8B8E8B9F8B87E50E942B
:10C050005B39882309F489C00E94EB3D2A853B8522
:10C060004C855D850F94557E20E030E048E852E431
:10C070000F94557E698F7A8F8B8F9C8F88E40E94F6
:10C080005B39882309F47AC00E94EB3D2C893D89F5
:10C090004E895F890F94557E20E030E048E852E4F5
:10C0A0000F94557E6D8F7E8F8F8F98A30F9427628C
:10C0B00080912C0290912D02A0912E02B0912F021E
:10C0C0008093071390930813A0930913B0930A1356
:10C0D0000F94AE4505EC1FE0C8010F943B7D01961F
:10C0E00009F051C00E5F1F4F053D8FE01807A1F703
:10C0F000212CA6E0B3E1BAA3A9A3B987A887512C44
:10C10000412C312C042D842D63E00F94DC7D988B21
:10C110006884798410E0F889F11137C0812F63E0D9
:10C120000F94DC7D911131C021103DC17E817330AF
:10C1300009F470C08F818E8737C01E836AE979E960
:10C1400089E19FE36A837B838C839D833DCF80E07D
:10C1500090E0A0E8BFEF8A879B87AC87BD875ECF62
:10C1600060E070E080E89FEF6DCF80E090E0A0E8B5
:10C17000BFE7898F9A8FAB8FBC8F80CF60E070E074
:10C1800080E89FE78FCF2F80B4CF60E070E080EC35
:10C190009FE7D30111966D937D938D939C93149794
:10C1A000BE81B330C1F11E86812F0E9446424B01F1
:10C1B0005C01802F0E9446426B017C01A501940125
:10C1C0006A857B858C859D850F94DE8018160CF41E
:10C1D0001AC1298D3A8D4B8D5C8DC501B4010F9428
:10C1E000DE8018160CF40FC1A70196016C897D89B9
:10C1F0008E899F890F94DE8018160CF404C12D8D52
:10C200003E8D4F8D58A1C701B6010F94DE801816E0
:10C210000CF4F9C033941F5F24E0620E711C1730D8
:10C2200009F079CF6FEF461A560A888599854C96A2
:10C230009987888797E04916510409F063CF0E94D7
:10C2400026D6A0913107AF83B091DC03B88781E097
:10C25000809331078AE0830D8093DC0381E00E94A4
:10C26000845280E090E0A0EAB0E48093671290935B
:10C270006812A0936912B0936A1265E575E585E5C9
:10C2800091E40F94F33C80E00E94F2489CA38BA3BE
:10C29000312C832D67E00F94DC7DF82E092F682F59
:10C2A00070E07F876E8780FF03C076E0791B072FE1
:10C2B000802F63E00F94DC7D911105C08F2D0F94CA
:10C2C000DC7D11E0911110E0802F0E944642688BC6
:10C2D000798B8A8B9B8B8F2D0E9446424B015C0190
:10C2E0008E81833009F097C01111C6C027E0AE855A
:10C2F000BF852A9FF0012B9FF00D1124E00FF11D47
:10C30000EE0FFF1FEE0FFF1FEA5FFC4E60E070E0D4
:10C3100080EC9FE761837283838394833394E1E3AA
:10C320003E12B7CF80E090E0A0EAB0E480936712BD
:10C3300090936812A0936912B0936A1265E575E54F
:10C3400085E591E40F94F33C0F94990BB1E33B1610
:10C3500009F436C28091420391E0980F9093420312
:10C36000882309F4CFC160E080E00E949EBB85E88D
:10C370009FE00E944BC380E00E94C4C281E0809392
:10C3800078028AE593E60E943DBB2F812093310716
:10C3900068856093DC0382E00E9484520F94990BBD
:10C3A00010927012D8CD011103C0112309F4BECE32
:10C3B000812F63E00F94E87D840D952D911D880FEA
:10C3C000991F8D53904F0F943B7DBC01990F880BA3
:10C3D000990B0F94BB772AE037ED43E25CE30F94AF
:10C3E000FA779B01AC01609107137091081380915B
:10C3F000091390910A130F94557EF30161837283A0
:10C400008383948393CEFE85FF2309F404CF2220F7
:10C4100009F400CF00CF288939894A895B896A8568
:10C420007B858C859D850F94DE80181604F1288904
:10C4300039894A895B89698D7A8D8B8D9C8D0F94A2
:10C440004A7F87FD14C0A50194016C897D898E897E
:10C450009F890F94DE80181654F0A50194016D8D0C
:10C460007E8D8F8D98A10F944A7F87FF05C0112381
:10C4700009F454CF211052CF10E0A7E08E859F859C
:10C48000A89FF001A99FF00D1124E00FF11FEE0FFE
:10C49000FF1FEE0FFF1FEA5FFC4E4180528063805A
:10C4A0007480C12CD12CE0EAEE2EE0E4FE2E222096
:10C4B00051F023E333E343EB5EE3C301B2010F9496
:10C4C000557E6B017C01A701960160916712709106
:10C4D00068128091691290916A120F944A7F87FFC7
:10C4E00010C0C0926712D0926812E0926912F09266
:10C4F0006A1265E575E585E591E40F94F33C0F94C8
:10C50000990B688979898A899B8960935F127093F6
:10C5100060128093611290936212809263129092E3
:10C520006412A0926512B092661263E672E18FE522
:10C5300092E10E94AA4C60E070E086E193E40F94DF
:10C54000F33C0F94990B8091160E882339F07F816C
:10C550007093310788858093DC03FDCC812C912C6E
:10C5600070E2A72E71ECB72E222051F02A813B8178
:10C570004C815D81C301B2010F94547E4B015C017B
:10C58000488DC501B4010F943162811109C089E160
:10C5900093E19F938F930F94EF7B0F900F90C2CEF8
:10C5A00020916712309168124091691250916A127D
:10C5B000C701B6010F94547E20E030E0A9010F942A
:10C5C0004A7F87FF36C060E070E080EA90E46093C5
:10C5D0006712709368128093691290936A1265E5EE
:10C5E00075E585E591E40F94F33C0F94990B488D24
:10C5F000C501B4010F943162882349F2209167127A
:10C60000309168124091691250916A1260E070E0B6
:10C6100080EA90E40F94547E2DEC3CEC4CEC5DE30E
:10C620000F944A7F87FF05C083EA93E10F94167C3D
:10C6300079CEC0906712D0906812E0906912F090A5
:10C640006A122220A1F0A7019601C301B2010F9442
:10C65000547E9B01AC015F776A817B818C819D81D7
:10C660000F944A7F87FF03C08AE693E1DFCF8FEA0A
:10C670009FE00F942D7D882309F440C086EA9FE057
:10C680000F942D7D8823D1F16091F8067091F90601
:10C690008091FA069091FB060E94EC392091690482
:10C6A00030916A0440916B0450916C040F94547F54
:10C6B0009B01AC01E7E0AE85BF85EA9FC001EB9F1F
:10C6C000900D1124080F191F000F111F000F111FCB
:10C6D0000A5F1C4EC701B6010F94547ED801119613
:10C6E0006D937D938D939C9314978091DC0381507F
:10C6F0008093DC0381E00E94845210CE20E030E081
:10C70000A901D8CF85E00F942416C12CD12C90EA32
:10C71000E92E90E4F92E83E59FE00E944EBD90E063
:10C7200080E00E9467BC81E00F94624080E00F943B
:10C73000FF15182F60E070E080E89FEB0E9420500A
:10C7400081E00F94FF15C0926712D0926812E092B8
:10C750006912F0926A1265E575E585E591E40F943A
:10C76000F33C0F94990B812F0F94FF1582E00F94E7
:10C77000850B20E030E040EA50E40F94DE8018168C
:10C7800054F2EF81E0933107F885F093DC0381E008
:10C790000E94C353DD24D394DF92812C912C540149
:10C7A000CC24C394E12CF12C870121E040E050E03F
:10C7B000BA0181E00E94B650D09250120F90CBCBBC
:10C7C000109242038BA19CA10E94D848109255055B
:10C7D0001092540580E10E946EB5882391F00E946A
:10C7E000475F81EA9DE00F942D7D2BE0829FC00181
:10C7F0001124805B924F0F943B7D9093550580935D
:10C8000054056091540570915505072E000C880B56
:10C81000990B0F94BB7790582091690430916A046A
:10C8200040916B0450916C040F94547F0E940C4211
:10C8300080EC9FE00F942D7D91E0813009F090E035
:10C8400099834FEB5FE06CE4CE0101960E948A3938
:10C85000F82E4EEB5FE062E5CE0101960E948A3928
:10C86000082F4DEB5FE066E4CE0101960E948A3905
:10C87000182F4CEB5FE062E4CE0101960E948A39EA
:10C88000212F110F330B082E000C990B5C01A21AFB
:10C89000B30A8F2DFF0C990B280F391F46E0429FDA
:10C8A0006001439FD00C1124F12CE12C002E000CD0
:10C8B000110B081B190BB701695F7C4E3B01460148
:10C8C00077E07A83D3012D903D904D905D903D01AE
:10C8D000FD013497FB87EA87B401092C000C880B13
:10C8E000990B0F94BB772FE333EC4EE259E30F948F
:10C8F000FA77A20191010F94557EAA85BB856D93AD
:10C900007D938D939C931397BA81B150BA83800E17
:10C91000911EB111D7CFCA0CDB1CECE1EE0EF11C5D
:10C92000F4ECEF16F10439F60E9426D68DE40E944D
:10C930005B39882309F484C00E9470392E81273026
:10C9400009F094C0882309F491C0BB24B394AA24AD
:10C95000AA94AB0C09A11AA1612C8EEF882E8B0C26
:10C960006A2D862D0F94794599249394960C811104
:10C970006EC06B2D862D0F947945C12CD12C76017C
:10C98000712C882381F020E030E0A901D8015D9668
:10C990006D917D918D919C9190970F94557E6B0137
:10C9A0007C0177247394682D862D0F947945882314
:10C9B00069F0F8017B972081318142815381C70161
:10C9C000B6010F94557E6B017C0173946A2D892DFD
:10C9D0000F947945882361F0F801258136814781DC
:10C9E0005085C701B6010F94557E6B017C0173948D
:10C9F0006A2D8FEF860D0F947945882331F1F80168
:10CA000033972081318142815381C701B6010F9450
:10CA1000557E6B017C017394672D70E090E080E09F
:10CA20000F94BB779B01AC01C701B6010F94547FF3
:10CA3000D80111966D937D938D939C93149707C0A5
:10CA40008CEA9DE00F942D7D79CF7110E5CF692C94
:10CA50000C5F1F4FB7E09B1283CFB394E9A1FAA1FB
:10CA60007C96FAA3E9A3F8E0BF1271CF81E080932E
:10CA700006138FE40E945B39811103C00E94C94DE7
:10CA80007DCC0E9470398111F9CF0E94CD4876CCBF
:10CA9000EC01F8940F94BB01179A10920D07169AA7
:10CAA00010920E07149A8DE798E60E94F35C82E7D5
:10CAB00094E10E94E85E209779F0CE010E94E85E42
:10CAC000BE0185E99CE00F948B7D62E484E99CE0E3
:10CAD0000F94757D0E94AB49CAE6D4E1F1CF2F9245
:10CAE0003F924F925F926F927F928F929F92AF92FE
:10CAF000BF92CF92DF92EF92FF920F931F93CF934B
:10CB0000DF9300D000D0CDB7DEB7809177028C8361
:10CB10001092770280E00F94FF158B830E94CD481E
:10CB200082EC96E30E944EBD41ED5AE063E080E066
:10CB30000E94925381E08093770280E090E0A0EA27
:10CB4000B0E48093671290936812A0936912B09337
:10CB50006A1265E575E585E591E40F94154210923A
:10CB6000770280E090E0A0E8BFE380935F129093AB
:10CB70006012A0936112B09362128093631290933B
:10CB80006412A0936512B093661263E672E18FE5BA
:10CB900092E10E94AA4C60E070E088E492E40F9475
:10CBA00015420E943A4A82E00F94F25F43E060E04F
:10CBB00070E080E291EC0F943162811104C089E150
:10CBC00093E10E9448658091671290916812A0914C
:10CBD0006912B0916A128093071390930813A0937F
:10CBE0000913B0930A13E2E0F0E0FA83E983C12C61
:10CBF000D12C30EAE32E30E4F32E43E0B42E52E0A1
:10CC0000952E04EF1DE167E0A62E0E94CD48C0924C
:10CC10006712D0926812E0926912F0926A1265E58A
:10CC200075E585E591E40F94154229812150822F05
:10CC30006B2D0F94DC7D892E822F0F94E87D782E4A
:10CC400080FF03C0F92DF8198F2E882D880F880DCD
:10CC50000E94464260935F1270936012809361124B
:10CC600090936212872D880F870D0E944642609331
:10CC7000631270936412809365129093661263E658
:10CC800072E18FE592E10E94AA4C60E070E088E4D6
:10CC900092E40F94154263E080E00E94E5528A819D
:10CCA0008F9399819F931F930F930E94965243E015
:10CCB00060E070E080E291EC0F943162582E0F90AA
:10CCC0000F900F900F90882309F479CFA79CF00163
:10CCD0001124E80DF11DEE0FFF1FEE0FFF1FEA5F9D
:10CCE000FC4E8091671290916812A0916912B091E8
:10CCF0006A1281839283A383B483E981FA81319696
:10CD0000FA83E9833A9709F080CF60900713709017
:10CD100008138090091390900A13462CA72CB82C66
:10CD2000292C1E821D8206E013E18D819E81895F80
:10CD30009C4E9A83898393E0392EE981FA81C190D0
:10CD4000D190E190F190FA83E9839301A401C701A6
:10CD5000B6010F94DE80181614F036014701242D19
:10CD60003A2D4B2D522DC701B6010F944A7F87FDF6
:10CD700004C04C2CAD2CBE2C2F2C3A943110DDCF9E
:10CD80008D819E814C969E838D838435910559F6C5
:10CD90009301A401642D7A2D8B2D922D0F94547E36
:10CDA00020E030E040E450E40F94DE8018162CF5CB
:10CDB00087ED9DE10E94E85E512CFC81F0937702A3
:10CDC0008B810F94FF15852D26960FB6F894DEBF44
:10CDD0000FBECDBFDF91CF911F910F91FF90EF90CC
:10CDE000DF90CF90BF90AF909F908F907F906F908B
:10CDF0005F904F903F902F900895198285ECE82E18
:10CE00008FE0F82E68011D829D81911103C0E98198
:10CE1000EE2329F120910713309108134091091353
:10CE200050910A13F60161817281838194810F947C
:10CE3000547E20E030E048EC52E40F94FA7720E092
:10CE400030E040E05FE30F94557E0F94FC7F0F9439
:10CE5000C67FC7010F946F7DF2E0EF0EF11C84E0F6
:10CE6000C80ED11C9D819F5F9D83933069F6045E3F
:10CE70001F4FE981EF5FE983E33021F60F942762CA
:10CE80000E94C94D9ACF8DE493E00F94FD008091EC
:10CE9000391290913A12892B79F0E0913512F09184
:10CEA0003612E85BFF4E8081813011F0863021F42C
:10CEB00082E890E20C94E85E089580913912909196
:10CEC0003A12892B29F00E9443670E94725BF5CFCA
:10CED000109236121092351210924710109246108E
:10CEE00081E0809350120895EF92FF920F931F9369
:10CEF000CF93DF9380910613882389F18CEF93E120
:10CF00000E94E85E86EE93E10E94E85E85ED93E183
:10CF10000E94E85EC7E0DCE1C15058F1CD9F70018E
:10CF2000112401E010E082ED93E10E94F35CF8012E
:10CF3000EE0FFF1FEE0FFF1FEE0DFF1DED5FFC4E0E
:10CF4000608171818281938145E00E94755C0F5FF1
:10CF50001F4F0830110539F70E94EB5CDDCF89E0E7
:10CF600094E1DF91CF911F910F91FF90EF900C947E
:10CF7000E85EDF91CF911F910F91FF90EF900895A0
:10CF8000CF92DF92EF92FF926B017C01C0922F0350
:10CF9000D0923003E0923103F09232038091480343
:10CFA0008230B1F420E030E040E950E4C7010F9452
:10CFB0004A7F87FF14C080918D0490918E04A091C8
:10CFC0008F04B0919004803D9740A105B10520F5F4
:10CFD000C701B601FF90EF90DF90CF9008952AE946
:10CFE00039E949E95EE3C701B6010F944A7F87FF3B
:10CFF0000AC020E030E048E351E4C701B6010F94D5
:10D00000FA776B017C018DEC9CE00E94F35CC70118
:10D01000B6010F94C74DDCCF2AE939E949E95EE34F
:10D02000C701B6010F944A7F87FDE3CF20E030E0CF
:10D0300040E85EE3C701B6010F94FA7720E030E0E4
:10D0400048E550E40F94557EDCCFCF92DF92EF920B
:10D05000FF92CF93909148039817B9F1C82FC090D1
:10D060002F03D0903003E0903103F090320320E0A2
:10D0700030E0A901C701B6010F944A7F882341F02F
:10D08000C092B104D092B204E092B304F092B4041E
:10D0900080EB9CE00E94F35CC13011F1E0F0C23003
:10D0A00011F1C09348036091B1047091B204809172
:10D0B000B3049091B4040E94C0676093B10470936C
:10D0C000B2048093B3049093B404CF91FF90EF9097
:10D0D000DF90CF90089588EA9CE00E94E85EE1CF5F
:10D0E00084EA9CE0FACF80EA9CE0F7CF0F94990B9A
:10D0F000179AEDE0F7E01082169A1182149A80E0F8
:10D100000E9425688FEF9FEF9093750280937402C1
:10D110002FEF2093710290933E0280933D02209363
:10D120003F02909373028093720290933C0280932B
:10D130003B020895182FF894CDB7DEB700D0CF90FA
:10D14000DF90EF9088E199E20FB6F894A89580936C
:10D1500060000FBE909360009FB7F894E2E0F1E0AA
:10D160008081886080839FBF0F94BB018FE59CE026
:10D170000E94E85E87E59CE00E94F35C612F70E00E
:10D1800090E080E04AE00E94F45B83E59CE00E942E
:10D19000F35C8E2DB60190E040E10E94F45B8FE4D9
:10D1A0009CE00E94F35CBE0190E080E040E10E94C0
:10D1B000F45B0E94EB5C40E060E072E290E080E0B3
:10D1C0000F941D5F82E890E20E94E85E0E94AB49E6
:10D1D000C82F9FB7F8948091020184608093020168
:10D1E0009FBF6C2F83E09DE00F94517D8091E606F8
:10D1F000882319F08C2F0E949A680E94AB491F92D5
:10D200000F920FB60F92112483E00E94E8681F92DC
:10D210000F920FB60F92112482E00E94E86841ED50
:10D2200050E06EE77BE08DE594E00F94C77A0F94B1
:10D23000182D0F94F6070E94D6478AE998E60E94B7
:10D24000F35C8CE59BE00C94E85E44E050E064E124
:10D2500070E08DE594E00F941D7D43E050E06EE7B3
:10D260007BE08DE594E00F940C7B892B09F05DC089
:10D27000E2E4FCE0459155916591749188ED90E070
:10D280000E940041E6E4FCE045915591659174915E
:10D290008CED90E00E940041EAE4FCE0649180EEB5
:10D2A00090E00E948C5AEBE4FCE06591749181EE71
:10D2B00090E00E94745AEDE4FCE06591749183EE75
:10D2C00090E00E94745AEEE3FCE04591559165911F
:10D2D000749184ED90E00E9400414AE15CE060E1DD
:10D2E00070E080EB90E00E94555A4AE25CE060E119
:10D2F00070E080EC90E00E94555A41ED50E064E10E
:10D3000070E08DE594E00F941D7D0E94D6470F9448
:10D31000182D0F94F6078AE998E60E94F35C82E4E0
:10D320009BE00E94E85E81E008950E940F6964E03E
:10D3300070E084E190E00E94403991E089270895EF
:10D340006EE77BE08DE594E00F94E47A41ED50E0E8
:10D3500064E170E08DE594E00F94417D8AE998E600
:10D360000E94F35C82E39BE00C94E85ECF93DF9332
:10D37000EC018991882319F00E94E05BFACFDF91DC
:10D38000CF9108950E94B6690C94EB5C2F923F9266
:10D390004F925F926F927F928F929F92AF92BF92C5
:10D3A000CF92DF92EF92FF920F931F93CF93DF9371
:10D3B000CDB7DEB7A0970FB6F894DEBF0FBECDBFD6
:10D3C0008FE590E00E94CA38882309F4A1C00E942A
:10D3D00062388F37910561F480911B0690911C068D
:10D3E00090931A068093190683E29BE00E94E85E00
:10D3F0006E014FE1C40ED11C992493940E946238AF
:10D40000181619060CF078C080915112882329F063
:10D410000E94C149882309F46FC080918C03811157
:10D420006BC020911B0630911C06809119069091CB
:10D430001A068217930711F3F901E756FA4F808114
:10D440002F5F3F4F2F77332730931C0620931B0607
:10D450008F3F09F079C080912103882309F471C0BE
:10D4600090922003109221031F8E18A28090240313
:10D47000882021F2809122038F8FF1E0F81518F4B3
:10D480008091230388A3109224031601822D8C1906
:10D49000881508F0B3CFF10111911F0187E293E0E5
:10D4A0000E9444FF17FDF2CF8091441090914510E7
:10D4B0001A3009F44BC11D3009F448C18F3591056C
:10D4C0000CF049C11B3311F49092260320912603DE
:10D4D0002111DCCF9C012F5F3F4F309345102093EB
:10D4E00044102091461030914710285B3F4E820F28
:10D4F000931FFC011383CACF809144109091451073
:10D50000181619060CF451C28091D413811167C208
:10D51000A0960FB6F894DEBF0FBECDBFDF91CF91BE
:10D520001F910F91FF90EF90DF90CF90BF90AF9041
:10D530009F908F907F906F905F904F903F902F9033
:10D5400008959092210390CF90912003992309F49C
:10D5500058C0893FE9F170F5863F09F44AC0873F1A
:10D5600009F443C08EEE9AE00E94F35C89EE9AE0E3
:10D570000E94F35C10911F0385EE9AE010FD02C03B
:10D5800080EE9AE00E94F35C012F02708BED9AE02E
:10D5900011FD02C086ED9AE00E94F35C85ED9AE0F1
:10D5A0000E94E85E002349F185E480930B0210920B
:10D5B00020035ACF8A3F41F08B3FA1F680911F0391
:10D5C000816080931F03CECF80911F038E7FF9CFA0
:10D5D000109224031092200310921F0310921E0336
:10D5E0001092210310921D03BDCF80911F03826012
:10D5F000E8CF80911F038D7FE4CF90E290930B02E0
:10D60000D6CF9091210330911F03992331F1E091FE
:10D61000240330FF49C020911D03222309F440C098
:10D6200091E09E0F90932403AE2FB0E0AE5DBC4F0F
:10D63000FFEFFC9340911E03442351F0EE5FE09313
:10D640002403E92FF0E0EE5DFC4F408310921E03AF
:10D65000215020931D0310922103E091240330FFF9
:10D660006CC090911D03992349F121E02E0F209366
:10D670002403AE2FB0E0AE5DBC4F8C9380911E03AF
:10D68000882351F0EE5FE0932403E22FF0E0EE5D9B
:10D69000FC4F808310921E03915090931D03E4CEA3
:10D6A00042E040931D03D7CF91E09E0F9093240357
:10D6B000F0E0EE5DFC4F9FEF9083CDCFA82FAF70D1
:10D6C00030E021E0AF3029F0B0E0A050BE4F3C91F7
:10D6D00020E0482F407F403F59F4226020FF13C0D4
:10D6E00090921D0321FF0CC0E2E0E0931D03BCCE2D
:10D6F00082958F70A82FB0E0A050BE4F9C91EECFC6
:10D7000090931E03B1CE81E08E0F80932403AE2F41
:10D71000B0E0AE5DBC4F3C933A3009F4A5CE21FF9A
:10D7200003C090921D03A0CEEE5FE0932403E82F88
:10D73000F0E0EE5DFC4F908397CE91E09E0F9093CA
:10D740002403F0E0EE5DFC4F80838ECE009719F449
:10D7500010922603DDCE0091461010914710055B14
:10D760001F4E800F911FFC0110821A830983809144
:10D7700026038111FDC0F80180818E3409F084C038
:10D780004AE050E0BE016F5F7F4FC80101960F94E1
:10D79000B8782B013C01E980FA80F7018081803262
:10D7A00031F4FFEFEF1AFF0AFA82E982F4CF809199
:10D7B0003B1290913C12A0913D12B0913E12019605
:10D7C000A11DB11D84159505A605B70549F044E0D6
:10D7D00050E06EE17BE0C7010F940C7B892BA1F434
:10D7E0006AE270E0C7010F9484839093930580935D
:10D7F0009205009709F441C0F801F12C8E179F079C
:10D80000F1F02191F226FACF8DE798E60E94F35CC1
:10D810008BE297E00E94F35C60913B1270913C12A6
:10D8200080913D1290913E120E94595C0E94EB5CE7
:10D830000E941239109245101092441069CE0E9435
:10D840007D39F816190639F08DE798E60E94F35CE9
:10D850008CE097E0DFCFE0919205F0919305108284
:10D86000E980FA8069E17BE0C7010F94DB7A892BBC
:10D8700039F58BEF98E00E9448658DE798E60E94A5
:10D88000F35C82EE96E0C6CF89819A81FC0120810B
:10D89000203221F401969A838983F6CF6AE270E000
:10D8A0000F948483892B39F08DE798E60E94F35C0E
:10D8B00088EB96E0AFCF44244A94542C3201D0CF69
:10D8C00044E050E064E17BE0C7010F940C7B5C0115
:10D8D000F7018081873481F48091350E853061F0C5
:10D8E0008FE392E10E9444FFF6E0F093350E60E092
:10D8F00085EA9FE00F94517DAB2821F0809138128A
:10D90000811198CF26E077FC21E08091461090911C
:10D910004710FC01E85BFF4E208349815A81F801E2
:10D92000DA0140175107A1F501900020E9F79F01A6
:10D93000201B310B0396280F391F2D3EF1E03F07C6
:10D9400079F13093471020934610809139129091CD
:10D950003A12019690933A128093391277FC08C0DC
:10D9600040923B1250923C1260923D1270923E12D5
:10D9700010924510109244100E946238892B09F4CD
:10D98000C7CD8FE590E00E94CA3881117FCDC0CD10
:10D990006D9161939D01241B350B6111F9CFCACFA5
:10D9A0001092471010924610D0CF8091340E60E252
:10D9B00073E0811102C060ED77E087E293E00E949E
:10D9C00015FF882309F4A0CD10922603109245106C
:10D9D0001092441089E09BE00E94E85E99CD80910E
:10D9E0006716882309F494CD8091441090914510D6
:10D9F000892B09F08DCD8091391290913A12892BA3
:10DA000011F41092250312E001E04091E8165091C4
:10DA1000E9166091EA167091EB168091E1169091EB
:10DA2000E216A091E316B091E416481759076A0769
:10DA30007B0708F0C1C0809125038111BDC00F9400
:10DA40000D5540916C1650916D1660916E16709147
:10DA50006F164093E8165093E9166093EA16709398
:10DA6000EB1620914410309145108A3061F08D30D2
:10DA700051F0833209F487C02F35310524F48F3FEC
:10DA8000980709F087C02115310509F441CD80912F
:10DA90006716811103C040E050E0BA018091461240
:10DAA00090914712481B590BA0914610B091471016
:10DAB000FD01E85BFF4E1083418352831396285B80
:10DAC0003F4EF901EA0FFB1F1082A85BBF4EFD011C
:10DAD00001900020E9F73197EA1BFB0BF894809145
:10DAE000391290913A12019690933A12809339121A
:10DAF000EC5F8091461090914710E80FF92FF11DCF
:10DB0000F0934710E093461080916716882309F43C
:10DB10003DC08091E8169091E916A091EA16B09167
:10DB2000EB168093461290934712A0934812B0933D
:10DB30004912ED3EF14021F4109247101092461028
:10DB40007894109226031092451010924410409140
:10DB5000E8165091E9166091EA167091EB168091E3
:10DB6000E1169091E216A091E316B091E4164817E1
:10DB700059076A077B0700F58FE590E00E94CA38D5
:10DB8000811143CFC5CC009325037DCF80E090E089
:10DB9000DC01C7CFA9014F5F5F4F50934510409301
:10DBA00044104091461050914710485B5F4E240F3F
:10DBB000351FF901838329CF4091E8165091E9166A
:10DBC0006091EA167091EB168091E1169091E21641
:10DBD000A091E316B091E416481759076A077B072E
:10DBE00008F496CC0E94325B892B09F091CC0F94FB
:10DBF0001E4E85EA96E00E94E85E0F9423086B01B2
:10DC00007C010E943C488CE3882E912CA12CB12CE5
:10DC1000C701B601A50194010F94A07DCA01B90105
:10DC2000A50194010F94A07D7F936F93C701B60166
:10DC300020E13EE040E050E00F94A07D3F932F9321
:10DC400085EF9AE09F938F938E010F5F1F4F1F9375
:10DC50000F930F94447C8AE998E60E94F35CC80114
:10DC60000E94C269C8010E948DBB0F94775910921F
:10DC700056020FB6F894DEBF0FBECDBF8091D5130C
:10DC8000882359F00F9450508091340E882309F462
:10DC90003FCC86E00F94EB223BCC81E00F94B65949
:10DCA0008091D5138111EECFEFCF0F931F93CF93B8
:10DCB000DF93D82F8091EE16813009F447C082306F
:10DCC00009F44BC00E941D4A8111EAC080915B1289
:10DCD00090915C12009739F42091571230915812AC
:10DCE000232B09F4DDC0409133025091340260913E
:10DCF000350270913602411551056105710509F42F
:10DD0000CFC0892B31F48091571290915812892BF2
:10DD100029F080918406882309F42AC18091340E69
:10DD2000882321F040EE52E369E270E084E896E057
:10DD30000E9450FF882309F4B5C00F94BB018FEAFD
:10DD40009FE00E944BC30E945AF7ACC082E08093D0
:10DD5000EE160E94F6B28093F1161092F2168091A0
:10DD6000EE16823009F0AECF8091F31681113DC0DE
:10DD70000E94F6B2C82F8091F116C81709F4A2CFFD
:10DD8000C093F11683EF96E10E9444FFCC23B1F1DA
:10DD90008091EF16882311F180918D0381111EC0AF
:10DDA0008091FE128130D1F08091120E9091130E6D
:10DDB000891B8F7099F40E94CC4981110FC080910A
:10DDC000320E843059F08FE59FE00F942D7D811144
:10DDD00005C061E08DE692E00E94694681E0809393
:10DDE000F21681E080935B026DCF64E670E083EF12
:10DDF00096E10E9415FF8111BBCF64CF8091F01690
:10DE0000882379F380918D038111EBCF8091120EDD
:10DE10009091130E891B8F7021F40E94CC498823A6
:10DE200001F3809151128111DCCF8091FE1281307B
:10DE3000C1F28091320E8430A1F28FE59FE00F9401
:10DE40002D7D8111CECF8CEF97E09F938F9382EE43
:10DE500097E09F938F930F94EF7B1092F0161092A0
:10DE6000EF160F900F900F900F908091511281112B
:10DE700005C060E070E0CB010F942B4E60E070E0D5
:10DE8000CB010E94444A85E69FE00E94AB5A81E0A4
:10DE90009FE00E949E5A8EE693E60F94964FA1CF84
:10DEA000109284068091391290913A12039714F4DB
:10DEB0000E94C6699091120E8091130E981781F0FE
:10DEC0008091350E863061F468E873E18FE392E16A
:10DED0000E9415FF882321F08FE392E10E9444FF06
:10DEE0004091490350914A0360914B0370914C0358
:10DEF000411551056105710509F03FC04091370298
:10DF0000509138026091390270913A0241155105E1
:10DF100061057105A9F08DE493E00E9450FF88230C
:10DF200079F09091120E8091130E981309C0D111BF
:10DF300007C0179A10920D07169A10920E07149A9E
:10DF4000C09153129091130E8091120E981701F107
:10DF50008091130E9EE6899FF0011124E858F84F36
:10DF6000C0819091120E981799F08F5F8F70F9CF42
:10DF700084E896E00F94FD0095CF8DE493E00E9435
:10DF800050FF882309F4BACF86E594E10E944865E2
:10DF9000CC2309F4BEC08091440390914503A09125
:10DFA0004603B0914703892B8A2B8B2B81F40E9467
:10DFB000E2FE605E7C4F8F4F9F4F609344037093EF
:10DFC00045038093460390934703CFEF0FC00E9411
:10DFD000E2FE0091440310914503209146033091E5
:10DFE0004703601771078207930778F38091AF03A7
:10DFF000882309F497C0C093670280915804811167
:10E0000007C081E0809358040F94887010925804E0
:10E0100080917D068823C9F110927D064FB7F89450
:10E0200080917B06282F082E000C330B37FF03C08E
:10E03000319521953109243031050CF476C0982FA3
:10E0400087FF02C093E0980F959595952091310533
:10E0500030913205290F311D97FD3A9530933205E5
:10E0600020933105837887FF03C081508C6F8F5FC9
:10E0700080937B064FBF86E00F94241680915B024D
:10E08000811103C081E080935B0280917E0688232A
:10E0900061F00E942458E091FF03F0910004309752
:10E0A00021F080915C02811119952091CC1330E010
:10E0B000A8EEB3E00F94CD7DAB01BC018DEC93E1F4
:10E0C0000E9450FF882399F08091CB1380FD0E941D
:10E0D000615E8091CB1382FD0E94E65D8091CB133F
:10E0E00081FD0E94A1488DEC93E10F94FD00809189
:10E0F000340E811102C00E94EC5E40E355E760E0FF
:10E1000070E085E893E0DF91CF911F910F910C941F
:10E1100050FF109244031092450310924603109250
:10E12000470364CFC093300568CF10927B064FBF82
:10E1300080E0A2CFCF93DF93EC010F948E2A81E091
:10E140000E94556E80E00E948452209799F0C2335D
:10E15000D10540F062E370E080E090E00E9484FD31
:10E16000E297EBCFBE0190E080E00E9484FDD0E01A
:10E17000C0E0E3CFDF91CF910895CF93DF93C82F15
:10E18000DFEF0F948E2A81E00E94556E8091FC1281
:10E190008F3FD9F480919112843021F480919412B0
:10E1A0008111EFCF8091CF129091D012019749F752
:10E1B0008091F6129091F7128932904811F360E045
:10E1C00089E290E80F94E35BDCCFD093FC128530BA
:10E1D00039F4CF3FF9F261E08C2F0F941D77D1CF46
:10E1E0008430C1F6DF91CF910895FF920F931F9372
:10E1F000CF93DF93EC01F62E662309F44BC00F9406
:10E20000EB7A8C01C8010E94CA38882309F453C0F4
:10E210008091461090914710FC01E85BFF4E23E08F
:10E220002083855B9F4EBE01FF20E9F10F94E47AC5
:10E230008AE998E60E94F35C8AE996E00E94F35C22
:10E240008091461090914710855B9F4E0E94B66961
:10E2500088E996E00E94E85E809146109091471010
:10E260000496080F191F0D3E81E01807F9F010936E
:10E270004710009346108091391290913A120196FE
:10E2800090933A1280933912DF91CF911F910F91A1
:10E29000FF900895FC0101900020E9F731978F016C
:10E2A000081B190BAFCF0F949883C2CF1092471061
:10E2B00010924610E0CF8DE798E60E94F35C8AE961
:10E2C00096E00E94F35CCE01FF2059F00E94F35CBF
:10E2D0008BE498E6DF91CF911F910F91FF900C9402
:10E2E000E85E0E94B669F4CFCF93DF9330915C046F
:10E2F00020915B04321320C0EB01BC0180915B02D2
:10E30000882319F080E20E94355680915A048823B0
:10E3100099F020915C048091310590913205281785
:10E32000190651F4209721F061E0CE010E94F570AA
:10E33000DF91CF910C94FF4580915C048F5F8093B7
:10E340005C04DF91CF9108950F931F93CF93DF93D8
:10E35000D62F8C01C0E0F801859194912FE18E3584
:10E36000920721F42091FE12213019F461E00E94FD
:10E37000F570CF5F0E5F1F4FDC13EDCFDF91CF91B4
:10E380001F910F910895CF93DF93CDB7DEB76E97AE
:10E390000FB6F894DEBF0FBECDBF9E012C5D3F4F80
:10E3A000F901419151919F016EE170E0CE0101961A
:10E3B0000F94837C60E0CE0101960E94F5706E960A
:10E3C0000FB6F894DEBF0FBECDBFDF91CF91089599
:10E3D0002F923F924F925F926F927F928F929F9275
:10E3E000AF92BF92CF92DF92EF92FF920F931F9363
:10E3F000CF93DF93CDB7DEB7C356D1090FB6F894EC
:10E40000DEBF0FBECDBF82E080937802009135124F
:10E4100010913612055B1F4E45E050E066EC7DE141
:10E42000C8010F940C7B892B09F098C18091340EA0
:10E43000882309F44DC084ED9AE10F94D42C8823ED
:10E4400079F0809194051F928F9386E898E09F93CE
:10E450008F930F94EF7B0F900F900F900F9008C049
:10E4600080ED9AE10F94D42C882341F0109201049E
:10E4700081E0809378020E94436737C28DEC9AE175
:10E480000F94D42C882321F18091920590919305CB
:10E4900061E003960F943F580F940D558C018091C5
:10E4A0006C1690916D16A0916E16B0916F168093B8
:10E4B000E8169093E916A093EA16B093EB16802F16
:10E4C0000E94E05B0A30110539F70F941E4ED0CF41
:10E4D0008CEB9DE10F94D42C8111CACF88EB9DE188
:10E4E0000F94D42C882321F14091B2035091B303AF
:10E4F0002CE3249FC001259F900D11249F938F939F
:10E500004091B0035091B103249FC001259F900D0D
:10E5100011249F938F938AEB9AE09F938F930F948C
:10E52000EF7B0F900F900F900F900F900F90A0CF58
:10E5300083EB9DE10F94D42C882311F18CE89FE0AC
:10E540000F942D7D811110C061E088ED93E60E944B
:10E55000F57060E085EA9FE00F94517D60E08FE701
:10E560009CE00F94517D84CF813009F081CF0F94CE
:10E57000C3098FE392E10E9444FF0E94EEFE78CF30
:10E580008CEA9DE10F94D42C882321F080E00F9435
:10E59000936E6ECF86EA9DE10F94D42C81110E9478
:10E5A000AB4983EA9DE10F94D42C8823A9F044E180
:10E5B00050E065E17DE0CE0101960F941D7D8C89D0
:10E5C000882329F088E99DE10F94167C51CFCE0174
:10E5D00001960F94BC834CCF84E99DE10F94D42C19
:10E5E000882329F088E89DE10E94E85E41CF84E815
:10E5F0009DE10F94D42C882319F084E69DE1F4CF9B
:10E600008FE59DE10F94D42C811132CF8CE59DE1F3
:10E610000F94D42C882379F081EA9DE00F942D7D0E
:10E620002BE0829FC001112470E060E0805B924F7C
:10E630000F946F7D1DCF89E59DE10F94D42C882325
:10E6400051F00E94B15340E070E060E084E690E059
:10E650000F9430180DCF85E59DE10F94D42C8823BD
:10E66000E1F086E50E945B39882309F401CF0E941E
:10E670007D3911E0892B09F410E00F94990B8091FA
:10E68000061390E01817190609F4F2CE109306133A
:10E6900087E692E10F947E2DEBCE8EE49DE10F9400
:10E6A000D42C882309F4E4CE84E40E945B398823C7
:10E6B000A1F00E94EB3D20E030E04AE754E40F94E3
:10E6C000FA7720E030E040E05FE30F94557E0F944E
:10E6D000CD7FCB010E949AD5CBCE8AE49DE10F94E9
:10E6E000D42C882349F18091340E882329F180911C
:10E6F00092059091930502969093930580939205CD
:10E700000E94EB3D6B017C016FEF87EA9DE00F9467
:10E71000517D20E030E04AE754E4C701B6010F9490
:10E72000FA7720E030E040E05FE30F94557E0F94ED
:10E73000CD7F85EA9DE07CCF85EA9DE00F943B7D0F
:10E74000BC0190E080E00F94B97720E030E04AE728
:10E7500054E40F94547F0F94C74D8ACED8018C9106
:10E76000873411F00C94CB7E10939305009392059F
:10E770000E947D3990935B0380935A038B349105FB
:10E7800009F443C60CF049C18430910509F4A8C5C9
:10E790000CF0C5C097FDCFC002970CF0A0C10E943D
:10E7A00017388C010E94123F6091EE067091EF06BF
:10E7B0008091F0069091F1060F94B9776B017C017E
:10E7C00040906B1250906C1260906D1270906E12AF
:10E7D0008090090790900A07A0900B07B0900C0753
:10E7E000A5019401C301B2010F94547E20E030E0F2
:10E7F00048EC52E40F94FA779B01AC01C701B601D3
:10E800000F94DE801816D4F4A3019201C501B4015F
:10E810000F94547E20E030E048EC52E40F94FA77F5
:10E82000A70196010F94557E0F94CD7F6093EE065D
:10E830007093EF068093F0069093F1068091DF04C9
:10E84000882309F444C188E50E945B3981113FC1E6
:10E8500089E50E945B3981113AC18AE50E945B39E2
:10E86000811135C185E40E945B39882309F42FC1E9
:10E8700020916B1230916C1240916D1250916E127A
:10E880006091090770910A0780910B0790910C071E
:10E890000F94547E6B017C012DEC3CEC4CEC5DEB59
:10E8A0000F944A7F87FF05C180912E0581110C943A
:10E8B000AC9D0F94990B8091090790910A07A09144
:10E8C0000B07B0910C0780936B1290936C12A0937E
:10E8D0006D12B0936E128BE692E10F944B2D9091D6
:10E8E0002E0581E089270E944DADCD59DF4F0FB62F
:10E8F000F894DEBF0FBECDBFDF91CF911F910F9176
:10E90000FF90EF90DF90CF90BF90AF909F908F904F
:10E910007F906F905F904F903F902F90089585313A
:10E92000910509F4D7C0FCF48A30910509F421C59A
:10E930000B9709F422C58091351290913612855BB0
:10E940009F4E9F938F931F9287E48F938CED99E056
:10E950009F938F930F94EF7B0F900F900F900F90DA
:10E960000F900F90B7C08C31910509F408C54E97F0
:10E9700011F70F94990B81E080936F120E94F24877
:10E980008C0180E090E0A8E4B4E480937A02909354
:10E990007B02A0937C02B0937D0243E060E070E0D4
:10E9A00080E291EC0F94316280916A128F93809192
:10E9B00069128F93809168128F93809167128F9361
:10E9C000809166128F93809165128F93809164126B
:10E9D0008F93809163128F93809162128F938091B5
:10E9E00061128F93809160128F9380915F128F9349
:10E9F00088EB9AE29F938F9385E99AE09F938F9398
:10EA00000F94EF7BC8010E94D84810926F120FB686
:10EA1000F894DEBF0FBECDBF5DC08835910509F407
:10EA200059C0F4F48135910511F40C94117E5CF415
:10EA30008C34910509F40CC58035910509F07BCF24
:10EA40000E94745F47C08635910511F40C94157EC1
:10EA50008735910509F06FCF80E10E9461B53AC01A
:10EA60008C35910511F40C94217E74F48A3591054E
:10EA700011F40C941A7E8B35910509F05CCF8091CE
:10EA8000551287600C941D7E8236910511F40C940A
:10EA9000B87E8336910509F04ECF1092340E60E0B7
:10EAA00084EC9FE00F94517D82E00E9484520C948C
:10EAB000C77E2DEC3CEC4CEC5DE3C701B6010F9436
:10EAC000DE80181624F480912E058111F2CEC80143
:10EAD0000E94474E10925B0310925A03C9CC0E94C9
:10EAE00017382E969FAF8EAF2E970E94123F89E463
:10EAF0000E945B39882309F4A0C30E94EB3D609318
:10EB000052037093530380935403909355038AE404
:10EB10000E945B39C12CD12C7601882321F00E9400
:10EB2000EB3D6B017C01C0925603D0925703E092FB
:10EB30005803F0925903E0915A03F0915B03A496B5
:10EB4000FFAFEEAFA4978090520390905303A09034
:10EB50005403B0905503A7019601C501B4010F9469
:10EB6000F18024966CAF7DAF8EAF9FAF24976091FC
:10EB70008E0270918F02072E000C880B990B0F9458
:10EB8000BB7720917A0230917B0240917C025091B8
:10EB90007D020F94FA772EE333EC4EE259E30F94A3
:10EBA000FA7768AF79AF8AAF9BAF80E1EFE5F2E12A
:10EBB000DE01119601900D928A95E1F7A50194016D
:10EBC000505828A739A74AA75BA7D701C601B05854
:10EBD0008CA79DA7AEA7BFA729813A814B815C81F5
:10EBE00028962CAF3DAF4EAF5FAF2897C501B4015B
:10EBF0000F94557E62966CAF7DAF8EAF9FAF6297DC
:10EC00008D819E81AF81B8852C968CAF9DAFAEAFC4
:10EC1000BFAF2C979C01AD01C701B6010F94557E83
:10EC200066966CAF7DAF8EAF9FAF669729853A85AC
:10EC30004B855C85609105077091060780910707F9
:10EC4000909108070F94547E6A966CAF7DAF8EAF9B
:10EC50009FAF6A972091FD063091FE064091FF0616
:10EC6000509100076E962CAF3DAF4EAF5FAF6E97E1
:10EC700062962CAD3DAD4EAD5FAD62976E966CADBC
:10EC80007DAD8EAD9FAD6E970F94547E6B017C0170
:10EC90008091010790910207A0910307B0910407AA
:10ECA000A2968CAF9DAFAEAFBFAFA29766962CADCC
:10ECB0003DAD4EAD5FAD6697BC01CD010F94547E66
:10ECC0004B015C0130902105209022059091230595
:10ECD0009CABA0912405ACAFB0912905B8ABA701BE
:10ECE000960168A579A58AA59BA50F94FA772B01B3
:10ECF0003C01A50194016CA57DA58EA59FA50F944F
:10ED0000FA779B01AC01C301B2010F94557E2B0130
:10ED10003C01A501940168A579A58AA59BA50F943E
:10ED2000FA774B015C01A70196016CA57DA58EA524
:10ED30009FA50F94FA779B01AC01C501B4010F9414
:10ED4000547EA30192010F94D47E6B017C0120E0DC
:10ED500030E0A9010F944A7F87FF0AC02BED3FE006
:10ED600049EC50E4C701B6010F94557E6B017C015C
:10ED700060912A0570912B056115710509F461C236
:10ED800090E080E00F94B9779B01AC016BED7FE0E0
:10ED900089EC90E40F94547F24962CAD3DAD4EAD9C
:10EDA0005FAD24970F94FA775B018C0160912C057D
:10EDB00070912D0561157105E1F090E080E00F94F0
:10EDC000B97720E030E040E752E40F94FA779B01F6
:10EDD000AC0168AD79AD8AAD9BAD0F94547F3B011A
:10EDE0004C019501A8010F944A7F87FF02C053018F
:10EDF000840140902505509026056090270570906D
:10EE000028059501A801B201C3010F94DE801816F0
:10EE100084F09501A801632D722D8CA99CAD0F94EF
:10EE20004A7F2501380187FF04C0432C522C6CA86F
:10EE30007CACA496EEADFFADA497329751F42BEDC8
:10EE40003FE049EC50E4C701B6010F94547E6B01DA
:10EE50007C016E962CAD3DAD4EAD5FAD6E972896A4
:10EE60006CAD7DAD8EAD9FAD28970F944A7F81111B
:10EE700023C0A2962CAD3DAD4EAD5FADA2972C96B2
:10EE80006CAD7DAD8EAD9FAD2C970F944A7F8111F7
:10EE900013C020E030E0A901C701B6010F944A7FFA
:10EEA00081110AC02BED3FE049EC50E4C701B601E7
:10EEB0000F94557E6B017C01A701960124966CADE1
:10EEC0007DAD8EAD9FAD24970F94FA776A962CADE9
:10EED0003DAD4EAD5FAD6A970F94F1804B015C0183
:10EEE0002FE632E143E85AE30F944A7F87FD9EC143
:10EEF0009201A301C501B4010F94547F0F94337F95
:10EF00000F94CD7F7DAB6CAB6230710508F45EC1B0
:10EF10002E964EAD5FAD2E97452B09F457C190E06C
:10EF200080E00F94B9774B015C01AC019B01C701F4
:10EF3000B6010F94547F2B013C01A50194016A9600
:10EF40006CAD7DAD8EAD9FAD6A970F94547F2896C2
:10EF50006CAF7DAF8EAF9FAF28972D853E854F85D7
:10EF600058896091090770910A0780910B07909169
:10EF70000C070F94547EA50194010F94547F2C9696
:10EF80006CAF7DAF8EAF9FAF2C97A3019201C301F1
:10EF9000B2010F94FA776B017C01AC019B01C301B4
:10EFA000B2010F94FA7720E030E040EC50E40F9487
:10EFB000547F9B01AC01C301B2010F94547E6CAF2E
:10EFC0007DAF8EAF9FAF20E030E040E05FE3C70150
:10EFD000B6010F94FA779B01AC0160E070E080E825
:10EFE0009FE30F94547E24966CAF7DAF8EAF9FAF9E
:10EFF000249722242394312CD8A8DA9458A95111AB
:10F0000025C1B10190E080E00F94B977A30192018E
:10F010000F94FA776B017C010F944F7F6CA77DA74B
:10F020008EA79FA7C701B6010F9415824B015C0103
:10F03000C0905203D0905303E0905403F0905503D6
:10F04000F7FAF094F7F8F0948091560390915703F3
:10F05000A0915803B091590388AB99ABAAABBBAB55
:10F06000A70196016CA57DA58EA59FA50F94FA77A3
:10F0700068A779A78AA79BA728A939A94AA95BA944
:10F08000C501B4010F94FA779B01AC0168A579A57D
:10F090008AA59BA50F94557E68A779A78AA79BA7E9
:10F0A000A7019601C501B4010F94FA776B017C01A9
:10F0B00028A939A94AA95BA96CA57DA58EA59FA5FC
:10F0C0000F94FA779B01AC01C701B6010F94547EEF
:10F0D0006CA77DA78EA79FA79091290598AB28A51F
:10F0E00039A54AA55BA562966CAD7DAD8EAD9FAD91
:10F0F00062970F94557E69837A838B839C832CA5BA
:10F100003DA54EA55FA566966CAD7DAD8EAD9FAD60
:10F1100066970F94557E6D837E838F83988728969C
:10F120002CAD3DAD4EAD5FAD289769857A858B8559
:10F130009C850F94557E69877A878B879C872C9650
:10F140002CAD3DAD4EAD5FAD2C976D857E858F8529
:10F1500098890F94557E6D877E878F87988BCE0117
:10F1600001960E94084E2E96AEADBFAD2E972A1680
:10F170003B06F8F0E984FA840B851C852D813E81DD
:10F180004F81588569817A818B819C813F922F9232
:10F19000EFE5F2E1FF93EF9388AC99ACAAACBBAC7E
:10F1A000FE013D966F010F94A52D0F900F900F90CB
:10F1B0000F908091160E811139C0FFEF2F1A3F0A70
:10F1C0002CA93DA92215330509F016CF8DEF96E045
:10F1D0000E94084EE0900507F0900607009107078F
:10F1E0001091080720910107309102074091030711
:10F1F000509104076091FD067091FE068091FF0614
:10F20000909100071F921F92EFE5F2E1FF93EF93B9
:10F2100088AC99ACAAACBBACE9E0CE2EE7E0DE2E20
:10F220000F94A52D0F900F900F900F900E944E38C5
:10F230008DE493E00F94FD004DCC60E070E0CB01D5
:10F240005ECCA32CB22C0CA91CADB0CD28A539A541
:10F250004AA55BA56CAD7DAD8EAD9FAD0F94FA77E1
:10F260004B015C012CA53DA54EA55FA524966CAD78
:10F270007DAD8EAD9FAD24970F94FA779B01AC01C5
:10F28000C501B4010F94557E7B018C0128A539A5D9
:10F290004AA55BA524966CAD7DAD8EAD9FAD249740
:10F2A0000F94FA774B015C012CA53DA54EA55FA5F7
:10F2B0006CAD7DAD8EAD9FAD0F94FA779B01AC0127
:10F2C000C501B4010F94547E68A779A78AA79BA7AC
:10F2D000D8AAC701D8018CA79DA7AEA7BFA7FFCE0C
:10F2E00080E50E945B39C12CD12C7601882331F056
:10F2F0000E94EB3D0F94CD7F6B017C0183E50E9462
:10F300005B39882361F00E94EB3D20E030E04AE762
:10F3100054E40F94FA770F94CD7F6B017C01C114F4
:10F32000D104E104F10441F080913107873021F0EC
:10F3300081EB9AE00E943DBB0F94990B0E94E2FE84
:10F34000C60ED71EE81EF91E8DE493E00F94FD0053
:10F350000E94E2FE6C157D058E059F0508F0BACB74
:10F360000F948E2A80E00E94556E80E00E948452A5
:10F37000EFCF81E00E944DADADCB80E0FBCF88E5C3
:10F380000E945B39382E412C512C3201882321F008
:10F390000E94C3392B013C0189E50E945B39282E6C
:10F3A000882371F10E94C3396CA77DA78EA79FA700
:10F3B0008AE50E945B39D82E812C912C5401882338
:10F3C00021F00E94C3394B015C0187E50E945B3943
:10F3D00088A78F93CD2CECA4FDA40EA51FA5222DEC
:10F3E000B301A201832D0E94B6500F90311072CB51
:10F3F000211070CB38A531116DCBD1106BCB20CB48
:10F400001CA61DA61EA61FA6D3CF08E210E09CE8EE
:10F41000E92E9AE0F92E602F70E090E080E00F94E2
:10F42000B9770E94EC399F938F937F936F931F93CB
:10F430000F93FF92EF920F94EF7B0F5F1F4F0FB66A
:10F44000F894DEBF0FBECDBF0F36110521F742CBBA
:10F450000F940E04811105C086E39DE10E94E85ED1
:10F4600039CB82E00E946EB5811105C087EF92E131
:10F470000E944BC32FCB80910D07882341F08091D0
:10F480000E07882321F0D0900F07D11008C081E02B
:10F490008093501283E69FE10F94964F1BCB80EB35
:10F4A00092E10E944BC341E060E084E595E30E9455
:10F4B0004DC281116CC080E090E0A0EAB0E480937E
:10F4C000671290936812A0936912B0936A1260E079
:10F4D00070E088E492E40F94F33C80E090E0A8E4CC
:10F4E000B2E48093671290936812A0936912B0936C
:10F4F0006A1280E090E0A4E3B3E4809363129093F7
:10F500006412A0936512B093661260E070E088E424
:10F5100092E40F94F33C0F94990B87E095E30E94DB
:10F520004BC3E7EDFDE385919591A591B49180934F
:10F53000631290936412A0936512B0936612E3ED88
:10F54000FDE385919591A591B49180935F1290937D
:10F550006012A0936112B093621260E070E088E4E0
:10F5600092E40F94F33C0F94990B81E08F93812CDC
:10F57000912C5401CC24C394E12CF12C870120E080
:10F5800040E050E0BA0180E00E94B6500F9020E0C9
:10F5900030E04CE052E46091F8067091F9068091F9
:10F5A000FA069091FB060F94DE8018160CF074C0DA
:10F5B0008091340E811170C080E090E0A8ECB2E43C
:10F5C0008093671290936812A0936912B0936A12A5
:10F5D00060E070E088E492E40F94F33C0F94BB0188
:10F5E00019821A821B821C821D82CE0101960F9401
:10F5F000FD0083E2F82E05EC1AE120E030E04CE05B
:10F6000052E46091F8067091F9068091FA069091A3
:10F61000FB060F94DE801816B4F58AE692E10E948C
:10F620004EBD42E864E080E00E949E531F92FF922C
:10F630006091F8067091F9068091FA069091FB06A8
:10F640000F94C67F7F936F931F930F930E949652E0
:10F6500081E80E94AC5288EE93E00E949A700E946A
:10F66000015D40E053E567E070E0CE0101960E9445
:10F6700050FF0F900F900F900F900F900F908823D6
:10F6800009F4BBCFD12C81E00E94C353D11004C038
:10F6900080E00E94F5D51ECA0F94990B81E08093FB
:10F6A0006F120E94C35388E19DE10E94E85E809042
:10F6B000F8069090F906A090FA06B090FB0620E0BC
:10F6C00030E040EA50E4C501B4010F94547F0F9438
:10F6D000C67F25E0269FA001279F500D1124BA0167
:10F6E000550F880B990B0F94BB771B017C0120E011
:10F6F00030E04CE052E40F944A7F87FF06C0212C93
:10F70000312C1CE0E12E02E4F02E222D332D4E2D63
:10F710005F2DC501B4010F94DE80181664F420E05B
:10F7200030E040EA50E4622D732D8E2D9F2D0F9412
:10F73000557E1B017C01FF92EF923F922F9283E74F
:10F740009AE09F938F930F94EF7B20E030E040EF9F
:10F7500051E4622D732D8E2D9F2D0F94547E20E049
:10F7600030E04CE852E40F94557E0F94C67F7093BE
:10F7700058126093571284E08093310781E08093A0
:10F78000DC038DE89BE20E943DBB80E090E0A0EAB4
:10F79000B0E48093671290936812A0936912B093BB
:10F7A0006A1260E070E088E492E40F94F33C80E039
:10F7B00090E0A0EAB1E480935F1290936012A0936E
:10F7C0006112B093621280E090E0A0E7B2E480930F
:10F7D000631290936412A0936512B093661260E076
:10F7E00070E088E492E40F94F33C8AE999E9A9E196
:10F7F000BEE38093671290936812A0936912B0934E
:10F800006A1260E070E088E492E40F94F33C0F9495
:10F81000990B0F900F900F900F900F900F902091D9
:10F82000F8063091F9064091FA065091FB06622DD8
:10F83000732D8E2D9F2D0F94DE8018163CF488EECC
:10F8400093E00E949A700E94015DE9CF60E086EA31
:10F850009FE00F94517D80E090E0A0EAB0E48093B7
:10F86000671290936812A0936912B0936A1260E0D5
:10F8700070E088E492E40F94F33CE3EDFDE38591BE
:10F880009591A591B49180935F1290936012A0938B
:10F890006112B0936212E7EDFDE385919591A59118
:10F8A000B4918093631290936412A0936512B09305
:10F8B000661260E070E088E492E40F94F33C0F94E9
:10F8C000990B43E060E070E080E89FEB0F943162B9
:10F8D000811105C00E94F5D510926F12FBC890915E
:10F8E000671298A7A0916812ACA7B0916912B8AB43
:10F8F000E0916A12E8AFEF93BF93AF939F9386E6D0
:10F900009AE09F938F930F94EF7B0F900F900F903F
:10F910000F900F900F90AEEA8A2EAFE09A2EB3E2CE
:10F92000CB2ED12C0FEF1FEFB6010D2C000C880B46
:10F93000990B0F94BB772B013C01DF92CF92C8014A
:10F9400002969F938F932AE23AE03F932F930F946E
:10F95000EF7B58015FEFA51AB50A0F900F900F903B
:10F960000F900F900F9011F40C94BA9D70E060E02E
:10F97000C4010F946F7DA3019201622D732D8E2D12
:10F980009F2D0F944A7F181644F485E0A816B10401
:10F9900011F00C94C69D05E010E0580197E2A91AF9
:10F9A00098EFB90AAA0CBB1C85E0809F1001819FCB
:10F9B000300C11240D5F1F4FEAE94E2EE9E95E2E4F
:10F9C000E9E16E2EEEE37E2EF1EF8F2EF9E09F2E11
:10F9D000C801029705970CF0D4C0B101635D7F4F59
:10F9E000072E000C880B990B0F94BB776B017C01E1
:10F9F0001F930F93ADE1BAE0BF93AF930F94EF7BEA
:10FA00000093DC0320E030E040EF51E4C701B60191
:10FA10000F94547E20E030E040E251E40F94FA77F6
:10FA200020E030E040EA50E40F94547F20E030E0E2
:10FA300048E452E40F94557E0F94C67F7093581299
:10FA40006093571280E090E0A0EAB0E480936712E0
:10FA500090936812A0936912B0936A1260E070E00C
:10FA600088E492E40F94F33C20E030E040EA51E473
:10FA700020935F1230936012409361125093621290
:10FA800080E090E0A0E7B2E4809363129093641268
:10FA9000A0936512B093661260E070E088E492E48F
:10FAA0000F94F33C40926712509268126092691270
:10FAB00070926A1260E070E088E492E40F94F33C84
:10FAC0000F94990B0F900F900F900F902091F806C4
:10FAD0003091F9064091FA065091FB06C701B60134
:10FAE0000F94DE8018163CF488EE93E00E949A7022
:10FAF0000E94015DEBCF80E090E0A0EAB0E480934B
:10FB0000671290936812A0936912B0936A1260E032
:10FB100070E088E492E40F94F33CE3EDFDE385911B
:10FB20009591A591B49180935F1290936012A093E8
:10FB30006112B0936212E7EDFDE385919591A59175
:10FB4000B4918093631290936412A0936512B09362
:10FB5000661260E070E088E492E40F94F33C0F9446
:10FB6000990B43E060E070E080E89FEB0F94316216
:10FB700095E0290E311C0F5F1F4F811104C00E94B8
:10FB8000F5D581E0A7CE78A56CA598A988AD272FDB
:10FB9000362F492F582F609167127091681280910B
:10FBA000691290916A120F94547EF62EE72ED82E89
:10FBB000C92E2091690430916A0440916B045091E0
:10FBC0006C04D701F6016B2F7A2F8F2F9E2F0F9485
:10FBD000FA770F94C67F6CAB7DAB8EAB9FABCF92A9
:10FBE000DF92EF92FF928091FB068F938091FA064D
:10FBF0008F938091F9068F938091F8068F939F924F
:10FC00008F920F94EF7B6CA97DA9C5010F946F7D36
:10FC1000A2E0AA0EB11C0FB6F894DEBF0FBECDBF96
:10FC2000D7CE0E9474670C946A7580E10E940CB56F
:10FC30000C946A7580915512887F809355120C94AC
:10FC40006A7554ECC52E52E0D52E8E010C5D1F4F07
:10FC50005801EE24E394F12CD6018D916D010E94A0
:10FC60005B39F50181935F01882391F00E94EB3DA0
:10FC7000F701EE0FFF1FEE0FFF1F349721E030E07A
:10FC80002C0F3D1FE20FF31F6083718382839383E8
:10FC90003FEFE31AF30A45E0E416F104E9F69FA00A
:10FCA000FCA0992001F120E030E0A9016D857E855E
:10FCB0008F8598890F944A7F811115C0F11013C068
:10FCC0008DA1811110C08EA181110DC010926B12F7
:10FCD00010926C1210926D1210926E1281E080934D
:10FCE0001A040C946A750F94990BCE0101965C016D
:10FCF00025EBC22E24E0D22E3FE5E32E32E1F32E97
:10FD0000380193E0690E711CD8018D918D01882313
:10FD100089F0F6012081318142815381D5016D91B5
:10FD20007D918D919C910F94557EF7016083718335
:10FD300082839383F4E0AF0EB11C24E0C20ED11C89
:10FD400034E0E30EF11C60167106F1F6992061F0C3
:10FD50008D859E85AF85B88980936B1290936C12C8
:10FD6000A0936D12B0936E120F94B33B0C946A750E
:10FD700081E08093340E61E084EC9FE00F94517D2C
:10FD80001092B40360E08FEF9FE00F94517D0E94CA
:10FD900031B60C946A758D3411F00C94C09C10939C
:10FDA000930500939205F801319681918032E9F331
:10FDB0008930D9F380538A3030F01F930F9384E059
:10FDC0009DE10C9427720E947D399093150E8093CB
:10FDD000140E8E3B910511F40C94F8890CF031C38C
:10FDE0008C34910511F40C94E5880CF0DFC18C3152
:10FDF000910511F40C941C870CF0F4C08531910529
:10FE000009F433C70CF05AC08131910509F424C7B5
:10FE1000DCF4029708F48AC680913512909136126C
:10FE2000855B9F4E9F938F931F928DE48F938CEDF4
:10FE300099E09F938F930F94EF7B0F900F900F900B
:10FE40000F900F900F90D5C68231910511F40C944C
:10FE50009F8A449709F781E0809378028CEC99E0BF
:10FE60000E94E85E84E50E945B39182F8CE40E94B2
:10FE70005B3900E080FB00F910FB01F98AE594E1B1
:10FE80000E94D55B83E2EAE5F4E1DE011196019080
:10FE90000D928A95E1F720E050E040E0BE016F5FEF
:10FEA0007F4F80EE92E00F94A851CE0101960E9400
:10FEB000DA5B8EEB99E00E94E85E9BC68831910583
:10FEC00009F4E4C684F48631910509F4D2C6479753
:10FED00009F0A2CF809192059091930561E004967C
:10FEE0000F943F5886C68A31910509F415C70CF066
:10FEF00035C704EC12E0F2E4AF2EF2E0BF2EA4E22C
:10FF0000CA2EA2E0DA2EB8E1EB2EB2E0FB2E87EC8F
:10FF1000882E82E0982EF80181918F010E945B3932
:10FF2000882321F10E94EB3DD6014D905D906D90AC
:10FF30007C90A30192010F944A7F87FD11C00E941B
:10FF4000EB3DF7014080518062807380A3019201F4
:10FF50000F94DE80181624F00E94EB3D2B013C012B
:10FF6000D5014D925D926D927C921397B4E0AB0EE9
:10FF7000B11CE4E0CE0ED11CF4E0EF0EF11C8016B3
:10FF8000910649F683E50E945B39882311F40C94AD
:10FF9000AF960E94703981112CC680E090E0A8E4F1
:10FFA000B2E48093420290934302A0934402B09340
:10FFB000450280E090E0AEE3B3E480934602909384
:10FFC0004702A0934802B093490280E090E0A0EA83
:10FFD000B1E480934A0290934B02A0934C02B093F9
:10FFE0004D0207C68C32910511F40C94ED870CF08C
:10FFF0008FC08F31910509F4C6C70CF052C08D3106
:020000021000EC
:10000000910509F4F6C54E9709F006CF8091D513F6
:10001000882309F4EEC50F941E4E009192051091AD
:1000200093050C5F1F4F8091D513882309F4E1C518
:1000300084E696E10F945B1F1092D4131DA30CA3CA
:10004000CE0184960F94BA57882309F4D2C54CA1E7
:100050005DA160917D1470917E1419821C8222E052
:10006000CE0101960F94C9458111EEC610E0CE0174
:1000700001960E94DA5B112309F4FDC68BE89AE130
:100080000E94F35C8CA19DA10E94C2691092E816A7
:100090001092E9161092EA161092EB160F948455FE
:1000A000A8C58032910509F4F4C68A9709F0B4CE48
:1000B00083E50E945B39882309F49BC50E9470394F
:1000C000082F80E50E945B391DE0882319F00E940B
:1000D0007039182FE9EDFCE18491811709F489C585
:1000E00031963CE1E53FF307B9F7163009F072C7E6
:1000F0000093531261E0812F0E943AAF602F812F4D
:100100000E940CAF602F70E0812F0E946BAF71C511
:100110008F32910509F48AC75CF58D32910509F497
:1001200075C78E9709F078CE80914516882309F41B
:1001300078C7CE0101960F94C25E882309F46CC77C
:1001400089810E94E05B8EE20E94E05B8A810E94CE
:10015000E05B8EE20E94E05B8B810E94E05B8EE2BE
:100160000E94E05B8C810E94E05B0E94EB5C41C5D9
:100170008934910509F483C78B34910511F40C94EB
:10018000DF888834910509F047CE83E50E945B390A
:10019000882309F465C70E947039882309F45DC774
:1001A000813009F026C58093350E23C58B36910525
:1001B00011F40C94968A0CF0ABC08435910511F4BF
:1001C0000C949F8A0CF05DC08F34910511F40C944F
:1001D0002D890CF047C08D34910511F40C94F888EA
:1001E0008E34910509F018CE0E94CC49882311F471
:1001F0000C94FD886091EE067091EF068091F006F8
:100200009091F10628EE33E040E050E00F94A07D9D
:10021000122F032FF42EE52E0F9423082CE330E049
:1002200040E050E00F94A07DB901CA014BEC57E4C7
:1002300026ED37E49F938F937F936F935F934F9354
:10024000EF92FF920F931F933F932F9385E399E0D3
:100250009F938F930F94EF7B0FB6F894DEBF0FBE82
:10026000CDBFC7C48235910511F40C94998A8335AA
:10027000910509F0D1CD8091551288608093551277
:10028000B8C48C35910511F40C94088B34F5853580
:10029000910511F40C94EF8A8635910509F0BCCDD7
:1002A00083E50E945B39882309F4A3C40E94EB3DD7
:1002B00020E030E04AE754E40F94FA770F94CD7FC2
:1002C0006093330270933402809335029093360228
:1002D00084E896E00F94FD008CC48936910511F4F2
:1002E0000C94808914F00C94888A8836910509F062
:1002F00093CD83E50E945B39882309F47AC40E9478
:10030000EB3D0F94C67F70935C1260935B1271C4D7
:100310008537910511F40C94838CBCF580379105D9
:1003200009F4DBC7D4F48D36910511F40C94AC8933
:100330008E36910509F070CD8EE40E945B398823DA
:1003400009F457C40E94C33960933B1270933C1266
:1003500080933D1290933E124CC48237910511F464
:100360000C94808C14F40C94908B8337910509F0D5
:1003700053CD86E50E945B39882311F40C94AF8B32
:1003800080EB9CE40E94E85E34C48B37910511F445
:100390000C94DB8C0CF048C08637910511F40C945A
:1003A000938C8737910509F037CD82EE98E00E9453
:1003B000F35C0E94EB5C8AED98E00E94F35C1E9B6C
:1003C00002C00C94CB8C85ED98E00E94F35C0E94F7
:1003D000EB5C83EC98E00E94F35C1D9B02C00C94E4
:1003E000CF8C85ED98E00E94F35C0E94EB5C8BEB78
:1003F00098E00E94F35C1C9B02C00C94D38C85EDAA
:1004000098E00E94F35C0E94EB5C83EB98E00E9412
:10041000F35C019902C00C94D78C85ED98E00E94A2
:10042000F35C0E94EB5CE5C38C38910509F459C775
:100430008B39910509F470C78D37910509F0ECCC23
:1004400058CD843A41E0940711F40C94FC8F0CF0E1
:1004500044C2823E910511F40C94868E0CF06BC15F
:100460008E3C910511F40C94978D0CF0B1C08B3C2F
:10047000910511F40C94218D5CF5883C910511F4E3
:100480000C94DE8C04EC12E0ADE5EA2EA4E0FA2E2A
:10049000B8ECCB2EB2E0DB2E893C910509F0BCCC48
:1004A000D8018D918D010E945B39882349F00E940B
:1004B000EB3D0F94CD7FF70164A375A386A397A3AB
:1004C000F4E0EF0EF11CC016D10651F70C94858BA9
:1004D0008C3C910511F40C94408D8D3C910509F0F4
:1004E0009BCC83E50E945B39882351F00E94EB3D51
:1004F0006093990470939A0480939B0490939C0456
:1005000084E50E945B39882351F00E94EB3D6093A3
:100510009D0470939E0480939F049093A00482E4B2
:100520000E945B39882361F00E94EB3D0F94CD7FE0
:100530006093A1047093A2048093A3049093A404F5
:1005400088E50E945B39882391F00E94EB3D60931F
:10055000A9047093AA048093AB049093AC046093B5
:10056000A5047093A6048093A7049093A80489E53A
:100570000E945B39882351F00E94EB3D6093A904EF
:100580007093AA048093AB049093AC048AE50E9414
:100590005B39882351F00E94EB3D6093AD0470936A
:1005A000AE048093AF049093B00485E40E945B395D
:1005B000882309F41EC30E94EB3D0E94C06760932C
:1005C000B1047093B2048093B3049093B40411C344
:1005D000813D910511F40C94E48D5CF58F3C9105FF
:1005E00011F40C94B38D803D910509F015CC83E591
:1005F0000E945B39882351F00E94EB3D6093EC042C
:100600007093ED048093EE049093EF0486E40E94CF
:100610005B39882309F4EDC20E94EB3D0E94D1486A
:100620006093F0047093F1048093F2049093F304C8
:10063000E0C28C3D910511F40C94268E8D3D910500
:1006400011F40C94658E863D910509F0E5CB80E5AB
:100650000E945B39882311F40C94128E0E94EB3DAA
:100660002B013C0183E50E945B39882311F40C9433
:100670001C8E0E94EB3D4B015C018EE40E945B39B5
:10068000D0902905882329F00E94EB3D0F94CD7F5F
:10069000D62E82E50E945B39E0902A05F0902B056A
:1006A000882329F00E94EB3D0F94CD7F7B0186E4E7
:1006B0000E945B3900912C0510912D05882329F0AB
:1006C0000E94EB3D0F94CD7F8B0120E030E0A9012B
:1006D000C301B2010F944A7F18160CF08AC220E0C1
:1006E00030E0A901C501B4010F944A7F87FD81C2A2
:1006F000A5019401C301B2010F944A7F87FD79C21D
:1007000040922105509222056092230570922405A3
:100710008092250590922605A0922705B092280583
:10072000D0922905F0922B05E0922A0510932D0511
:1007300000932C055EC28033A1E09A0711F40C945B
:10074000618F0CF078C08D32E1E09E0711F40C94BB
:10075000E88EB4F5803F910509F44BC28C3291408C
:1007600009F05ACB80E50E945B3908EE13E088233C
:1007700089F00E94EB3D20E030EC4AE555E40F940F
:100780004A7F0CEA1DE087FF05C00E94EB3D0F94F5
:10079000CD7F8B0183E50E945B39882311F40C9493
:1007A000E08E0E94EB3D0F94CD7F6115710511F035
:1007B0000C94E28EB80190E080E00E9484FD19C2A2
:1007C0008E3231E0930711F40C94DA8F8F3291401E
:1007D00009F022CB85E40E945B3910E000E0882319
:1007E00059F00E947D398C01C12CD12C5CE8E52E9A
:1007F00052E4F52E97FD06C0C12CD12C66E1E62E01
:1008000063E4F62E83E50E945B39882321F00E9481
:10081000EB3D6B017C0183E40E945B39882311F47A
:100820000C94EA8F0E947D399C01A801C701B60192
:100830000F94EB26DEC1803951E0950711F40C943A
:10084000EE8F04F58E35B1E09B0711F40C94EE9A0F
:100850008F35914009F0E0CA83E50E945B39882317
:1008600071F00E94EB3D0F94C67F6130710511F469
:100870000C94249B6230710511F40C94469B0F94E8
:100880000B0AB7C18539F1E09F0711F40C94F28F80
:10089000863921E0920711F40C94F78F8339914047
:1008A00009F0BACA8091FE12813009F0A2C185E434
:1008B0000E945B3981110E94703986E40E945B3985
:1008C00081110E9470390F94EA5F882309F491C165
:1008D00060E080E00F94F9758CC1803C42E09407A1
:1008E00011F40C94339C0CF055C08832A2E09A07A6
:1008F00011F40C94BB923CF5863FE1E09E0711F4A5
:100900000C9404906CF4843F21E0920711F40C9451
:100910000090853F914009F07FCA0E94256969C116
:10092000873F41E0940711F40C9408908D3F91406B
:1009300009F072CA8AE998E60E94F35C8DEB9BE1AC
:100940000E94F35C56C18A35A2E09A0711F40C9418
:10095000BE965CF48835E2E09E0711F40C94F092A8
:100960008935924009F4C5CA57CA8D3B22E09207E7
:1009700011F40C945F9B8E3B32E0930711F40C94BE
:10098000FF9B8B35924009F047CA60E080E00E94EF
:100990009EBB2FC18C3553E0950711F40C94E09762
:1009A0000CF042C0833CB2E09B0711F40C943F9CD6
:1009B0007CF4813CF2E09F0711F40C94399C823C5A
:1009C000924009F029CA82EC92E00E94B13D11C127
:1009D000853C32E0930711F40C94889C14F40C9439
:1009E0005C9C8235934009F017CA188683E50E9403
:1009F0005B39882311F40C94C6960E947039182F25
:100A0000883010F40C94CB9689E99BE10E94F35C4A
:100A10004AE067E070E080E090E00E94F45B80EEE6
:100A200092E00E94C269E5C08438A3E09A0711F4FD
:100A30000C943F9A0CF046C08D35E3E09E0711F40C
:100A40000C9468988E35934009F0E6C90E94EB3DFE
:100A500020E030E040E251E40F94FA770F94CD7F2C
:100A60006C5A633011F40C94679910F00C9400994F
:100A7000613011F40C942299623009F0BAC080916F
:100A8000FE12EDEAF5E1813011F0EFEAF5E10591B2
:100A9000149180E50E945B39882311F40C945699D7
:100AA0000E94C3394091E303442309F4A2C06017B4
:100AB000710709F49EC060EA70E18DEE90E10E943A
:100AC00052D597C08C3823E0920709F492C0803A3F
:100AD00033E0930709F44CC28B38934009F09CC96A
:100AE00088E50E945B39882339F00E94EB3D0F9422
:100AF000C67F80E00F94FC0A8AE50E945B39882358
:100B000039F00E94EB3D0F94C67F81E00F94FC0A00
:100B100085E40E945B39882309F46BC00E94EB3D99
:100B20000F94C67FCB010F94FC0963C0009192051E
:100B3000109193050E5F1F4F80E50E945B39C12C19
:100B4000D12C7601882321F00E94C3396B017C01EE
:100B500083E50E945B39882351F00E94C3399B01D1
:100B6000AC01A8EEB3E00F94C27D6B017C01C8011B
:100B70000F5F1F4FDC014C914032C9F326E02093F8
:100B80003107C114D104E104F104C9F52C912223E9
:100B9000B1F10E948DBB0F94990B80913712846044
:100BA000809337128DE493E00F94FD00C114D104BB
:100BB000E104F104C9F10E94E2FEC60ED71EE81E50
:100BC000F91E84E0809378020E94E2FE6C157D0598
:100BD0008E059F0500F182E08093780280913712A4
:100BE0008B7F809337128091D413882381F11092E8
:100BF00031071092150E1092140E0C9438728091D9
:100C0000340E811105C08FE992E10E943DBBC3CF34
:100C100010923107C0CF0E9429588111DCCF90E09B
:100C200080E00E949A70D0CF1091780284E0809387
:100C300078020E9424580E942958811105C090E032
:100C400080E00E949A70F7CF10937802C7CF8AE5B0
:100C500093E60E943DBBCDCF86E992E10E943DBB69
:100C60001798169815981498C4CF81E00F94B65928
:100C7000C0CF1092D4131092D5138AE998E60E943F
:100C8000F35C8AE39FE10E94E85EB3CF0E94C14912
:100C9000882319F00E9460BBACCF0E947AD58823CC
:100CA00009F4A7CF80916716882361F08091E81638
:100CB0009091E916A091EA16B091EB16892B8A2B38
:100CC0008B2B69F40E94CE39109246121092471273
:100CD000109248121092491280E00E94256880917B
:100CE000D513882331F081E08093D41385E080937D
:100CF000350E0F94C3098091FE12813009F079CF2F
:100D00008091D412882309F474CF0E94F6B2811125
:100D100070CF0F94C4766DCF8091D513882309F4DA
:100D200068CF83E50E945B39882309F462CF0E9473
:100D3000C3396B017C01C092E816D092E916E092AB
:100D4000EA16F092EB160F943550C0924612D092EC
:100D50004712E0924812F09249124BCF80E50E9470
:100D60005B39182F0E94C149882391F0809151125C
:100D7000882349F080917902811105C085EB9AE1C1
:100D80000E94E85E36CF89EA9AE10E94E85E31CFA0
:100D90008091D413882309F44AC01123E1F10F9400
:100DA000BA540E94EB5C84E798E00E94F35C609187
:100DB000E8167091E9168091EA169091EB164AE0D8
:100DC0000E94F45B8FE20E94E05B6091E1167091FB
:100DD000E2168091E3169091E4164AE00E94F45BDB
:100DE0000E94EB5C0F9423082CE330E040E050E0DD
:100DF0000F94A07DC9016CE370E00F94F67D8C0127
:100E000090E080E00E94595C8AE30E94E05BC801A8
:100E10000F94E44DEECE8091EB13882329F08BEEF6
:100E200093E10E94C269BFCF86ED93E1FACF89E9D1
:100E30009AE10E94E85EDDCE809192059091930543
:100E400004960F945A5ED5CECE0101960F9416519A
:100E5000882309F40BC961E0CE0101960F940C1FA1
:100E6000009709F403C925EEFC0120831C820F942E
:100E7000001A182FFCC883E79AE10E94F35C8CA14A
:100E80009DA10E94B6698EE20E94E05B0E94EB5C2D
:100E9000B0CE8091D41381110F94990B00919205DB
:100EA000109193050C5F1F4F61E270E0C8010F9431
:100EB0008483009719F08C010F5F1F4F80E50E941B
:100EC0005B39F82E809192059091930508171907C8
:100ED00008F4F12C8091D513882309F48ACE61E0BF
:100EE0006F25C8010F943F5883E50E945B39882322
:100EF00099F080919205909193058017910760F485
:100F00000E94C3396093E8167093E9168093EA163D
:100F10009093EB160F9435508091D513882331F0C0
:100F200081E08093D41385E08093350EF11061CE7B
:100F300080916716882361F08091E8169091E916F8
:100F4000A091EA16B091EB16892B8A2B8B2B69F4B2
:100F50000E94CE39109246121092471210924812F7
:100F60001092491280E00E9425680F94C30941CE77
:100F7000809192059091930521E02093D3130596DB
:100F80000F945A5E36CE0F9423082CE330E040E0F5
:100F900050E00F94A07D7F936F933F932F9385EF45
:100FA0009CE19F938F938E010F5F1F4F1F930F93B1
:100FB0000F94447C8AE998E60E94F35CC8010E9481
:100FC000C269C8010E948DBB0FB6F894DEBF0FBE88
:100FD000CDBF0FCE17FD0DCE8DC880E10E940CB5A0
:100FE00081EA9DE00F942D7D4BE0849FC001112488
:100FF00070E060E0805B924F0F946F7D82E00E9412
:101000000CB50E9484380E949345F3CD8AE50E9476
:101010005B390E9496C3EDCD89EB9CE10E94F35CA5
:10102000E8CD85EB9CE10E94E85EE3CD84E080930F
:1010300078020E94B1530E9424580F948E2A81E0B6
:101040000E94556E0E94EBBB0E9429588823A9F389
:101050000E94B1530E945AF7CCCD1092350EC9CDE3
:101060008091350E1F928F938CEA99E09F938F9316
:101070000F94EF7B0F900F900F900F90BACD80E5FB
:101080000E945B39882321F00E947039809371029D
:1010900082E50E945B39882341F00E94EB3D0F946A
:1010A000CD7F709375026093740281E50E945B3975
:1010B000882321F00E94703980933F0283E50E94CB
:1010C0005B39882341F00E94EB3D0F94CD7F7093F4
:1010D0003E0260933D0283E40E945B398823A9F0BD
:1010E0000E94EB3D6B017C0120E030E0A9010F94F0
:1010F0004A7F6FEF7FEF181624F4C701B6010F94F3
:10110000CD7F709373026093720284E40E945B3916
:101110008823A9F00E94EB3D6B017C0120E030E0C8
:10112000A9010F944A7F6FEF7FEF181624F4C701CF
:10113000B6010F94CD7F70933C0260933B02809187
:1011400073028F93809172028F93809175028F93B7
:10115000809174028F9380917102282F082E000CC9
:10116000330B3F938F9382E599E09F938F9309E52B
:1011700019E01F930F930F94EF7B80913C028F93A4
:1011800080913B028F9380913E028F9380913D022C
:101190008F9380913F02282F082E000C330B3F9332
:1011A0008F938BE499E09F938F931F930F930F94EA
:1011B000EF7B0FB6F894DEBF0FBECDBF1ACD0E94F5
:1011C0007AD5882309F415CDD0CE8091840381305F
:1011D00009F00FCD82E0809384030E94E2FE6093C9
:1011E000E2067093E3068093E4069093E50601CD52
:1011F0000F94E7090E943C48FCCC83E50E945B39D0
:10120000882351F00E94EB3D0F94CD7FAB01BC01D0
:1012100081EF9FE00F94637D84E50E945B39882312
:1012200051F00E94EB3D0F94CD7FAB01BC018DEEE0
:101230009FE00F94637D81EF9FE00F94357D162F23
:10124000072FF82EE92E8DEE9FE00F94357D44EEAA
:1012500057E425EF37E40C941A8185E893E00F9466
:10126000FD0083E50E945B39882309F162E270E0AA
:1012700080919205909193050F9484838C01892B22
:10128000B1F00F5F1F4F62E270E0C8010F948483DA
:10129000892B69F0ECEDF6E083E0DF011D928A9581
:1012A000E9F742E050E0B801CF010F94AD838CE83C
:1012B0009FE00F942D7D813009F09BCC0E94B749AF
:1012C000882309F496CC0E94C149882309F491CC63
:1012D00088E199E00E94E85E8CCC8BEF98E00E9458
:1012E000486583E50E945B39882309F482CC0E941B
:1012F000EB3D0F94C67F709358126093571279CCD0
:1013000081EB9CE10E94F35C0E94615E0E94725B33
:1013100081E0809350126DCC83E50E945B39882375
:1013200051F00E9470398093CC13882371F08DECBA
:1013300093E10F94FD0083E40E945B39882341F020
:101340000E9470398093CB1354CC1092CD13F3CFFD
:1013500081E08093CB134DCC8FED95E40E943DBB93
:1013600081E08093C9030F94EB2283E50E945B39EF
:10137000882349F00E94EB3D0F94C67F70935C1266
:1013800060935B1205C082E50E945B398111F2CF48
:101390000E94E2FE6B017C0160915B1270915C1215
:1013A000072E000C880B990B0F94BB7711E020914E
:1013B0002E0E30912F0E4091300E5091310E0F9421
:1013C000DE8018160CF010E010932D0EC701B60148
:1013D0000F94D15A81ED95E40E943DBB82E0809349
:1013E000C9030F94EB228DE493E00F94FD0001CC30
:1013F00085EC95E40E943DBB83E08093C90381E0C6
:101400000F94EB2283E50E945B39182F882349F063
:101410000E94EB3D0F94C67F709358126093571251
:1014200005C082E50E945B398111F2CF0E94E2FE85
:101430006B017C011092330E60915712709158121B
:10144000072E000C880B990B0F94BB7701E02091BD
:10145000B5033091B6034091B7035091B8030F9490
:10146000DE8018160CF000E000932D0E8091330EF4
:1014700081111AC06091571270915812072E000CFA
:10148000880B990B0F94BB772091B5033091B6036D
:101490004091B7035091B803E0912D0EEE2381F0F7
:1014A0000F94DE80181694F08CEB95E40E943DBBFF
:1014B00084E08093C9038DE493E00F94FD0099CB01
:1014C0000F944A7F87FFF0CF1111EECF8091320E3B
:1014D000823051F30E94E2FE6C197D098E099F094A
:1014E000693E73408105910550F08091340E811161
:1014F00002C00E94015D0E94E2FE6B017C010F941C
:101500008E2A80E00E94556E80E00E948452AECF09
:1015100083E50E945B39882329F00E94703980930B
:10152000531267CB8FEF8093531263CB10925312F9
:1015300060CB80915512877F809355125ACB83E5FB
:101540000E945B39882399F00E94EB3D20E030E057
:101550004AE754E40F94FA770F94CD7F60933702F3
:10156000709338028093390290933A0242CB88E517
:101570000E945B398823D1F00F94990B88E50E9473
:101580005B39811128C089E50E945B39882319F0F5
:10159000169A10920E078AE50E945B3985E40E9434
:1015A0005B39882309F425CB149A23CB89E50E9463
:1015B0005B398111E1CF8AE50E945B398111DCCF73
:1015C00085E40E945B398111D7CF0F94990B149A4F
:1015D0000E9476680ECB179A10920D07D4CF83E540
:1015E0000E945B39882309F404CB0E94EB3D20E084
:1015F00030E04AE754E40F94FA770F94CD7F60937C
:10160000490370934A0380934B0390934C03F1CAB0
:1016100084EC882E82E0982E9DE5A92E94E0B92EC8
:1016200010E0F40181914F010E945B39882309F495
:1016300065C00E94EB3D6B017C01133009F068C06E
:1016400020E030E040EA51E40F944A7F87FF4EC02B
:10165000A701960160916D0470916E0480916F04F2
:10166000909170040F94547F2B013C01AC019B01BD
:101670006091B1047091B2048091B3049091B4046C
:101680000F94FA776093B1047093B2048093B3041B
:101690009093B404A301920160917D0470917E0443
:1016A00080917F04909180040F94FA7760937D0479
:1016B00070937E0480937F049093800460918E05E4
:1016C00070918F0580919005909191050F94B97755
:1016D000A30192010F94FA770F94CD7F60938E054A
:1016E00070938F058093900590939105C0926D043F
:1016F000D0926E04E0926F04F0927004B4E0AB0EEE
:10170000B11C1F5F143009F08CCF0F94182D71CAD3
:10171000D5011496CD92DD92ED92FC921797EECF03
:1017200083E50E945B39882329F00E9470398093F9
:1017300032025FCA8AE998E60E94F35CC0903202E6
:10174000D12CF12CE12C8AEA9CE10E94F35C4AE066
:10175000C701B6010E94F45B0E94EB5C4ACA85E5B2
:101760000E945B39882309F457C0009192051091BB
:1017700093050F5F1F4F109393050093920580917F
:10178000E203882309F435CABE016F5F7F4FC801A9
:101790000E946EB6882309F42CCA8FEC9BE3DE010D
:1017A0001196BE01675F7F4FFC01459154912D91C9
:1017B0003D914217530710F40C94CF9D2417350721
:1017C00008F417CA0296A617B70771F712CA4AE3B8
:1017D00052E163E080E00E94925340E068EE73E0E3
:1017E00082E390E00F94301884EF91E00E949A70A9
:1017F00040E068EE73E082E390E00F9430188EE1F1
:1018000090E00E9467BC81E00E94C3530E94B153E4
:1018100080E00E948452EDC941E150E060E87CE044
:10182000CE0101960F941D7D8CE89CE10E94F35C33
:1018300080EB9CE40E94F35C8AE89CE10E94F35CEC
:1018400085E89CE10E94F35C83E89CE10E94F35CE4
:1018500089E79CE10E94F35C8FE19CE10E94F35CCC
:101860008BE19CE10E94F35C8CE09CE10E94F35CC4
:10187000CE0101960E94B6698AEF9BE10E94F35C5B
:1018800089EF9BE10E94E85E1F9201E3F02EFF9238
:1018900082E69AE19F938F930BE11AE11F930F93D6
:1018A0000F94EF7B1F92FF9282E59AE19F938F93B3
:1018B0001F930F930F94EF7B1F92FF928EE39AE199
:1018C0009F938F931F930F930F94EF7B1F92FF9221
:1018D00081E39AE19F938F931F930F930F94EF7B74
:1018E0001F92FF9286E29AE19F938F931F930F932B
:1018F0000F94EF7B0FB6F894DEBF0FBECDBF79C952
:101900000E94E65D76C9E0919205F0919305CF01C2
:1019100004962481203209F401960E948DBB87E051
:101920008093310766C900919205109193050B5F72
:101930001F4F83E0F12C40E08150E9F0D8019C91E9
:10194000292F2B7F2134B9F411962C91213399F44E
:10195000913471F0953409F441E098012E5F3F4FC6
:1019600089012F5F3F4FF80190819032C9F3E4CF96
:10197000FF24F394F2CF442321F08AE998E60E94F1
:10198000F35CFF2021F086EF9BE10E94F35CC8012D
:101990000E94C2692EC98BEC98E00C94E5818BEC17
:1019A00098E00C94F3818BEC98E00C9401828BEC22
:1019B00098E00C940F820E94A1481BC984E50E9404
:1019C0005B39882369F00E947039882349F08AE9DD
:1019D00098E60E94F35C8CE998E00E94B66909C918
:1019E00084E40E945B39882309F403C90E94EB3D1B
:1019F00020E030E0A9010F944A7F811105C01092C8
:101A0000F4040E94D647F5C80E94EB3D6B017C01AF
:101A100020E030E0A9010F944A7F811106C0C12C5B
:101A2000D12C10EEE12E1FE3F12EC092F504D092DE
:101A3000F604E092F704F092F80481E08093F40455
:101A4000E0CF04EC12E0EDE5EE2EE4E0FE2EF8EC43
:101A5000CF2EF2E0DF2ED8018D918D010E945B39EF
:101A6000882339F00E94EB3DF701648B758B868BE0
:101A7000978BF4E0EF0EF11CC016D10661F7B9C8E0
:101A800083E50E945B39882319F10E94EB3D609346
:101A90001D0570931E0580931F059093200560938C
:101AA000910470939204809393049093940484E53A
:101AB0000E945B39882309F49CC80E94EB3D609327
:101AC000950470939604809397049093980491C81A
:101AD00080E50E945B39882351F00E94EB3D6093C2
:101AE000910470939204809393049093940482E5FC
:101AF0000E945B39882351F00E94EB3D609395046E
:101B000070939604809397049093980484E50E94C0
:101B10005B39882309F46DC80E94EB3D60931D0575
:101B200070931E0580931F059093200562C804ECF6
:101B300012E075EBE72E74E0F72ED8018D918D0140
:101B40000E945B39882339F00E94EB3DF7016083E6
:101B5000718382839383F4E0EF0EF11C22E0073C53
:101B6000120759F746C883E50E945B39882351F074
:101B70000E94EB3D6093E0047093E1048093E204E3
:101B80009093E30486E40E945B39882361F00E940D
:101B9000EB3D0E94D1486093E4047093E504809388
:101BA000E6049093E7048AE50E945B39882309F4F0
:101BB00020C80E94EB3D6093E8047093E904809391
:101BC000EA049093EB0415C883E50E945B398823EF
:101BD00009F40FC80E9470398823C1F08130E1F008
:101BE0008AE998E60E94F35C89E898E00E94F35C39
:101BF0008091351290913612855B9F4E0E94B66996
:101C000081EF9BE10E94E85E0C94F9851092DF045D
:101C100010922E050C94F9858093DF0410922E0506
:101C20000C94F98540902105509022056090230581
:101C3000709024050C9432838090250590902605A1
:101C4000A0902705B09028050C943D8382E40E9463
:101C50005B39182F882341F080918E0290918F027A
:101C6000909331028093300283E50E945B39082F04
:101C7000882339F00E947D3990938F0280938E02E1
:101C8000102F82E50E945B39882351F08091300249
:101C90009091310290938F0280938E020C94F9857B
:101CA00011110C94F98580918F028F9380918E028F
:101CB0008F938BEE9BE19F938F930F94EF7B0F900D
:101CC0000F900F900F900C94F98583E50E945B397B
:101CD000882351F00E947D3990935A0280935902D3
:101CE0000E94D6470C94F98580915A028F93809177
:101CF00059028F9385EE9BE19F938F930F94EF7B17
:101D00000F900F900F900F900C94F98580E50E9432
:101D10005B39882311F40C94F9850E947D397C018C
:101D200083E50E945B390FEF1FEF882319F00E94B3
:101D30007D398C01C8010196039710F00C94F98548
:101D4000E9EDFCE125EF3CE18491082E000C990BB4
:101D5000E816F90611F40C94F98531962E173F0711
:101D600099F7F7FE02C00C94F9850F94990BDE2CBD
:101D700060E08E2D0E943AAF0F3F1007B1F00130A6
:101D8000110511F010E000E08D2D0E94E3AE8017E8
:101D9000910711F40C94F9850F948E2A80E00E942B
:101DA000556E80E00E948452EFCF8E2D0E94E3AEEC
:101DB00031E020E0892B09F030E0032F122FE4CF2F
:101DC00070E060E040E0C8010F9430180C94F98591
:101DD00080E50E945B39882351F00E94EB3D6093BF
:101DE000C5047093C6048093C7049093C80489E423
:101DF0000E945B39882381F00E94EB3D2CEA35EC90
:101E000047E25EE30F94FA776093C9047093CA04C3
:101E10008093CB049093CC0484E40E945B398823A4
:101E200081F00E94EB3D2CEA35EC47E25EE30F9433
:101E3000547F6093CD047093CE048093CF0490932D
:101E4000D0040F94F60782E890E20E94F35C81EEE2
:101E50009BE10E94F35C6091C5047091C60480917F
:101E6000C7049091C80442E00E94755C8DED9BE12F
:101E70000E94F35C2CEA35EC47E25EE36091C90412
:101E80007091CA048091CB049091CC040F94547F3C
:101E900042E00E94755C89ED9BE10E94F35C2CEAB4
:101EA00035EC47E25EE36091CD047091CE04809101
:101EB000CF049091D0040F94FA770F94C74D0C94EF
:101EC000F98580E50E945B39882351F00E94EB3D43
:101ED0006093D1047093D2048093D3049093D4047C
:101EE00089E40E945B39882381F00E94EB3D2CEA53
:101EF00035EC47E25EE30F94FA776093D504709374
:101F0000D6048093D7049093D80484E40E945B396C
:101F1000882381F00E94EB3D2CEA35EC47E25EE33A
:101F20000F94547F6093D9047093DA048093DB0498
:101F30009093DC040F94F60782E890E20E94F35C31
:101F400085ED9BE10E94F35C6091D1047091D20415
:101F50008091D3049091D40442E00E94755C81ED9D
:101F60009BE10E94F35C2CEA35EC47E25EE3609172
:101F7000D5047091D6048091D7049091D8040F9421
:101F8000547F42E00E94755C8DEC9BE10E94F35C03
:101F90002CEA35EC47E25EE36091D9047091DA04F3
:101FA0008091DB049091DC040F94FA770F94C74D75
:101FB0000C94F98583E50E945B39882341F00E94E7
:101FC0007D3990935802809357020C94F98590E0E4
:101FD00080E0F7CF85E090E00C9414840F94990B87
:101FE0000C94F98581E00E94BF590C94F98580E03A
:101FF0000E94BF590C94F9850E9474670C94F9856E
:102000000E94A0690C94F9850E940F690C94F985CF
:102010008091C0048F938091BF048F938091BE0400
:102020008F938091BD048F938091BC048F93809196
:10203000BB048F938091BA048F938091B9048F93DE
:102040008091B8048F938091B7048F938091B604E8
:102050008F938091B5048F930AE918E61F930F932D
:102060001F930F938091B4048F938091B3048F9347
:102070008091B2048F938091B1048F938091B004CA
:102080008F938091AF048F938091AE048F93809152
:10209000AD048F938091AC048F938091AB048F93A8
:1020A0008091AA048F938091A9048F938091A804B2
:1020B0008F938091A7048F938091A6048F93809132
:1020C000A5048F938091A4048F938091A3048F9390
:1020D0008091A2048F938091A1048F938091A0049A
:1020E0008F9380919F048F9380919E048F93809112
:1020F0009D048F9380919C048F9380919B048F9378
:1021000080919A048F93809199048F931F930F93DA
:102110001F930F93809120058F9380911F058F93BC
:1021200080911E058F9380911D058F938091980457
:102130008F93809197048F93809196048F938091D1
:1021400095048F93809194048F93809193048F933F
:10215000809192048F93809191048F931F930F939A
:102160001F930F93809190048F9380918F048F938E
:1021700080918E048F9380918D048F9380918C0435
:102180008F9380918B048F9380918A048F93809199
:1021900089048F93809188048F93809187048F9313
:1021A000809186048F93809185048F93809184041D
:1021B0008F93809183048F93809182048F93809179
:1021C00081048F931F930F931F930F93809180042B
:1021D0008F9380917F048F9380917E048F93809161
:1021E0007D048F9380917C048F9380917B048F93E7
:1021F00080917A048F93809179048F9380917804F1
:102200008F93809177048F93809176048F93809140
:1022100075048F93809174048F93809173048F93CE
:10222000809172048F93809171048F931F930F9309
:102230001F930F93809170048F9380916F048F93FD
:1022400080916E048F9380916D048F9380916C04C4
:102250008F9380916B048F9380916A048F93809108
:1022600069048F93809168048F93809167048F93A2
:10227000809166048F93809165048F9380916404AC
:102280008F93809163048F93809162048F938091E8
:1022900061048F931F930F931F930F9380E198E135
:1022A0009F938F930F94EF7B0FB6F894DEBF0FBE12
:1022B000CDBF2CEA35EC47E25EE36091CD0470912E
:1022C000CE048091CF049091D0040F94FA779F931D
:1022D0008F937F936F932CEA35EC47E25EE3609136
:1022E000C9047091CA048091CB049091CC040F94DE
:1022F000547F9F938F937F936F938091C8048F93A4
:102300008091C7048F938091C6048F938091C504F8
:102310008F931F930F931F930F9383EE97E19F93D8
:102320008F930F94EF7B2CEA35EC47E25EE36091EC
:10233000D9047091DA048091DB049091DC040F944D
:10234000FA779F938F937F936F932CEA35EC47E254
:102350005EE36091D5047091D6048091D70490918A
:10236000D8040F94547F9F938F937F936F938091A2
:10237000D4048F938091D3048F938091D2048F9350
:102380008091D1048F931F930F931F930F938EEA25
:1023900097E19F938F930F94EF7B0FB6F894DEBF76
:1023A0000FBECDBF8091DF041F928F931F930F93B9
:1023B0001F930F9320E030E040E752E46091F00477
:1023C0007091F1048091F2049091F3040F94FA77E4
:1023D0009F938F937F936F938091EF048F9380915E
:1023E000EE048F938091ED048F938091EC048F9392
:1023F0001F930F931F930F938091EB048F93809102
:10240000EA048F938091E9048F938091E8048F937D
:1024100020E030E040E752E46091E4047091E5048C
:102420008091E6049091E7040F94FA779F938F933D
:102430007F936F938091E3048F938091E2048F9355
:102440008091E1048F938091E0048F931F930F9309
:102450001F930F938DEA96E19F938F930F94EF7BD9
:102460000FB6F894DEBF0FBECDBF8091F404882371
:1024700009F474C08091F8048F938091F7048F93CE
:102480008091F6048F938091F5048F931F930F939F
:102490001F930F9387E896E19F938F930F94EF7BA1
:1024A0000FB6F894DEBF0FBECDBF80912D058F9380
:1024B00080912C058F9380912B058F9380912A0515
:1024C0008F93809129051F928F93809128058F9378
:1024D000809127058F93809126058F938091250504
:1024E0008F93809124058F93809123058F93809102
:1024F00022058F93809121058F930AE918E61F9397
:102500000F931F930F9386EE95E19F938F930F94F4
:10251000EF7B8DEE9FE00F94357DF62EE72ED82EC3
:10252000C92E81EF9FE00F94357DCF92DF92EF921D
:10253000FF929F938F937F936F931F930F931F939C
:102540000F9385EC95E19F938F930F94EF7B0FB6DC
:10255000F894DEBF0FBECDBF0C94F9851F930F9387
:1025600088E696E19F938F930F94EF7B0F900F90E7
:102570000F900F909ACF80E50E945B39882311F469
:102580000C94F9851092E7061092E8061092E9067D
:102590001092EA0607EE16E03BEEE32E36E0F32E4D
:1025A0004AE2D42EE0919205F0919305D0820E94E8
:1025B0007D39D8018D938D01EA16FB0611F40C9438
:1025C000F9858EE20E945B398111ECCF1092E7060B
:1025D0001092E8061092E9061092EA060C94F9852A
:1025E0000F94990B80915112811102C00E943247C1
:1025F00085E40E945B39812C912CA12C20ECB22E19
:10260000882321F00E94EB3D4B015C018CE40E9489
:102610005B39C12CD12C7601882321F00E94EB3D3F
:102620006B017C018AE50E945B39412C512C98EDAD
:10263000692E91E4792E882331F00E94EB3D2B0125
:102640003C01E89477F888E50E945B39882309F417
:102650009DC10E94EB3D68A779A78AA79BA789E542
:102660000E945B39882309F49AC10E94EB3D6CA754
:102670007DA78EA79FA71A821982FE01339683E158
:10268000DF011D928A95E9F783E40E945B39882374
:10269000F9F062E270E080919205909193050F94B9
:1026A00084838C01892BA1F00F5F1F4F62E270E0E1
:1026B000C8010F948483009759F0801B843108F07F
:1026C00084E1482F50E0B801CE0101960F94568363
:1026D0008091FE1210E0813029F488EB9BE10F9489
:1026E000D42C182F0F94990B86E10F94EB221092A3
:1026F00053120E94C149811157C1A50194016091F3
:102700006B1270916C1280916D1290916E120F94F9
:10271000557E60936B1270936C1280936D12909340
:102720006E1260E070E088EE92E40F94F33C0F9438
:10273000990B8EE89BE40E94E85EC301B2010E94FF
:10274000205028A539A54AA55BA520935F12309398
:10275000601240936112509362128CA59DA5AEA5A4
:10276000BFA58093631290936412A0936512B093F7
:10277000661260E070E088E492E40F94F33C0F94FA
:10278000990BB12CA12C01EB202E05E1302E89EB09
:10279000882E85E1982E8091FE12813009F007C1C4
:1027A0000F94CC4DA82E0E9482550F94990B109235
:1027B000F0161092EF168091FE12813009F4B9C123
:1027C00084E08093780240E060E08AE192E10E9438
:1027D0004DC2082F80E00E94C353013001F50E94D2
:1027E000B1534AE852E162E080E00E94925380E0F7
:1027F00090E0A8ECB2E480935F1290936012A093F3
:102800006112B093621260E070E088E492E40F9489
:10281000F33C0F94990B8AEE91E10E944BC30E9406
:10282000B15344E851E160E080E00E94925361E0DE
:1028300080E00E94E5528981882341F0CE01019613
:102840000E94385762E080E00E94E5528091EF16C6
:10285000811104C081E791E10E94A85284E0809335
:1028600078020E942958811110C00F948E2A81E0AD
:102870000E94556E8091F216882399F340E068EE2D
:1028800073E082E390E00F94301832E030937802E6
:10289000CE0101960E94DE5740E068EE73E082E3CD
:1028A00090E00F943018111181C1B4E0BB2EB092AA
:1028B00078020E94B1534AEB51E160E081E00E944E
:1028C000925346EA51E161E081E00E94925344E96B
:1028D00051E162E081E00E94925340ED5CE263E0EE
:1028E00081E00E9492534EE360E080E00E949E539C
:1028F0000E94245800E00F948E2A81E00E94556EB9
:1029000080913105909132050097D9F097FF1AC157
:10291000002309F41BC101504DEB55E160E080E05C
:102920000E9492534EE3602F80E00E949E531092CB
:1029300032051092310564E670E080E090E00E947C
:1029400084FD0E9429588823B1F20E94B1530E944D
:102950005AF742E040937802023009F400C1033094
:1029600009F4DAC1013009F013C18091FE128130FF
:1029700009F0F0C00F94CC4D082F0E948255802F93
:102980000E94BD7080E00E94B15D91CF20E030E0F8
:1029900043E553E428A739A74AA75BA760CE1CA646
:1029A0001DA61EA61FA667CE0E94AF47C6CE84E016
:1029B000809378020E94E2FE2B013C0188E491E1C1
:1029C0000E944EBD0E942958082F811132C0A301D8
:1029D00092012054384D464F5F4F28A739A74AA788
:1029E0005BA70F948E2A81E00E94556E023009F495
:1029F00061C00F94D41884E090E0013019F10E9476
:102A00009A700E94E2FE28A539A54AA55BA5261763
:102A1000370748075907B0F689E191E10E944EBD9A
:102A200010925C1210925B120F94990B149A01E0B1
:102A3000D8CF1092950510929805C701B6010E9453
:102A40005BBDB3CE0E949A700E942958882349F238
:102A50008091591290915A1290935C1280935B125C
:102A600080E094E20E944EBD42E864E080E00E9473
:102A70009E5380915C128F9380915B128F93609133
:102A80002E0E70912F0E8091300E9091310E0F947A
:102A9000C67F7F936F933F922F920E94965281E858
:102AA0000E94AC520F900F900F900F900F900F90CC
:102AB00002E097CF60915B1270915C12072E000CC0
:102AC000880B990B0F94BB7720912E0E30912F0E0F
:102AD0004091300E5091310E0F94547E9F7720E03C
:102AE00030E040EA50E40F944A7F87FF09C088E451
:102AF00091E10E944EBD0E94E2FE2B013C0162CF9B
:102B000064E081E00E94E55260912E0E70912F0EDC
:102B10008091300E9091310E0F94C67F7F936F930A
:102B20009F928F920E9496520F900F900F900F904D
:102B300058CF111103C08A2D0E94BD70812F0E94B1
:102B4000B15DB1CE033010F40F5FE6CE87E00F9495
:102B50002416E2CECE0101960E94DE57A8CE0F9435
:102B6000990B0E9479470E94B1534CEC51E160E00F
:102B700080E00E9492534AE852E162E080E00E94C5
:102B8000925387E99DE10E9482FB0F94990B8FCEAF
:102B90000E94B1534AED51E162E080E00E949253FD
:102BA000002319F0033009F082CEB12C8EEE96E1AD
:102BB0000E948F59B110EFCD81E00E94C3538091E4
:102BC000521280935312111127C00E94C149C09024
:102BD0006B12D0906C12E0906D12F0906E12882300
:102BE00009F49DC020E030E040E85FE3C701B60192
:102BF0000F94547E60936B1270936C1280936D12DD
:102C000090936E1260E070E088EE92E40F94F33CD3
:102C100010925C1210925B12E0906712F0906812B2
:102C20000091691210916A122091940230919502DC
:102C3000409196025091970260919002709191029A
:102C400080919202909193021F921F921F921F9265
:102C5000812C912CE8E4AE2EE2E4BE2EFBE6CF2ED2
:102C6000F2E1DF2E0F94A52D0F94990BE0909802BE
:102C7000F090990200919A0210919B022091940287
:102C80003091950240919602509197026091900286
:102C90007091910280919202909193021F921F92E3
:102CA0001F921F92812C912CA0E7AA2EA1E4BA2E8C
:102CB0000F94A52D0F94990B8CE992E00F944B2D56
:102CC00080E1E0E9F2E0AFE5B2E101900D928A9592
:102CD000E1F70E943A4A80915D1290915E128093D2
:102CE0008E0290938F029F938F938BE698E09F9331
:102CF0008F930E94C3710E94C1490FB6F894DEBF42
:102D00000FBECDBF882311F186E890E30E943DBB42
:102D1000109231070C94F985BB24B39447CF20E07F
:102D200030E040EA50E4C701B6010F94557E60934D
:102D30006B1270936C1280936D1290936E1260E020
:102D400070E080E090E40F94F33C66CF8AE593E670
:102D50000E943DBB8DEC9EE10E94E85ED9CF0E94AF
:102D6000C14981110C94F9850F94990B0E94436716
:102D70000E94725B0E94EEFE0C94F9850E94C1498C
:102D8000882311F40C94F9850C944A8681EA9DE01D
:102D90000F942D7D182F8AE50E945B39882309F452
:102DA000D7C00E94EB3D2B013C012091690430917A
:102DB0006A0440916B0450916C040F94FA770F945D
:102DC000C67F6B019B012156304F203A3F4030F0C7
:102DD00083E89BE10E94E85E0C94F9855BE0159F17
:102DE00090011124C901805B924F0F946F7D8CE498
:102DF0000E945B39BBE01B9F700111245701E7EB78
:102E0000AE1AE2EFBE0A882309F4BEC0E091920533
:102E1000F09193053196BF0181918032E1F38823CF
:102E200031F047E050E0CE0101960F94AD8347E0CA
:102E300050E0B501CE0101960F94417D82E40E94DD
:102E40005B395701FEEAAF1AF2EFBF0A882309F493
:102E5000A3C00E947039982E682FC5010F94517D30
:102E600080E50E945B392DEAE21A22EFF20A8823FC
:102E700009F497C00E947039B82E682FC7010F94CB
:102E8000517D81E40E945B39882309F48FC00E9440
:102E90007039811106C081EA9DE00F942D7D1813D1
:102EA0008DC0812F0E94B75A082F882329F0612FE7
:102EB00081EA9DE00F94517D8CE79BE10E94F35CD9
:102EC000612F70E090E080E00E94595C812F0E94A9
:102ED000B75A811104C08BE69BE10E94E85E88E648
:102EE0009BE10E94F35C44E0C301B2010E94755C67
:102EF00085E69BE10E94F35CB601DD0C880B990B23
:102F00000E94595C82E69BE10E94F35CCE0101962F
:102F10000E94B6698FE59BE10E94F35C692D70E029
:102F200090E080E00E94595C8CE59BE10E94F35C9C
:102F30006B2D70E090E080E00E94595C89E59BE198
:102F40000E94F35C802F90E00F94E44D0C94F9857F
:102F5000ABE01A9FC0011124805B924F0F943B7D20
:102F60006C01BC01990F880B990B0F94BB772091D2
:102F7000690430916A0440916B0450916C040F9481
:102F8000547F2B013C0133CF47E050E0B501CE0127
:102F900001960F941D7D52CFC5010F942D7D982E63
:102FA0005FCFC7010F942D7DB82E6BCF81EA9DE0D6
:102FB0000F942D7D01E0181709F47ECF00E07CCF3F
:102FC00083E50E945B39882311F40C94F9850E94F3
:102FD0007D398C018AE892E10E943DBB86E39BE14A
:102FE0000E94F35CC8010F94E44D0E94E2FE4B0185
:102FF0005C011092330E80915B1290915C12892BD0
:1030000041F4FF24F3948091571290915812892B28
:1030100009F0F12C2801012E000C66087708F11048
:103020001AC08091330E811110C0C301B2010F94F8
:10303000BB772091F8063091F9064091FA0650913D
:10304000FB060F94DE801816B4F082E890E20E942E
:103050003DBB0C94F985C301B2010F94BB7720915D
:10306000F8063091F9064091FA065091FB060F944C
:103070004A7F87FFEACF0E94E2FE681979098A0930
:103080009B09693E734081059105C8F083E39BE18C
:103090000E94F35C6091F8067091F9068091FA063F
:1030A0009091FB0641E00E94755C8FE20E94E05B1C
:1030B000C8010F94E44D0E94E2FE4B015C010F94A5
:1030C0008E2A80E00E94556E80E00E948452A7CF35
:1030D0008FE30E945B398823C9F080E29BE10E9464
:1030E000F35C86EA9FE00F942D7D21E030E08111B2
:1030F00002C030E020E0C9010F94E44D89E09BE17B
:103100000E94E85E0E942B5D0C94F98581E20E948A
:103110005B39882349F161E086EA9FE00F94517D95
:1031200068E070E080EB9FE00F946F7D68E170E0F5
:1031300082EB9FE00F946F7D60E370E084EB9FE093
:103140000F946F7D60E570E086EB9FE00F946F7DDC
:1031500068E770E088EB9FE00F946F7D88EF9AE15D
:103160000E94E85E0C94F9858AE50E945B39882309
:10317000C1F061E086EA9FE00F94517D00EB1FE013
:1031800070E060E0C8010F946F7D0E5F1F4F0A3B37
:103190004FE01407A9F78EEE9AE10E94E85E0C94C6
:1031A000F98583E50E945B39882321F10E947D39EE
:1031B0008C0189E40E945B39882311F40C94F98511
:1031C0000E947039853010F00C94F98590E0885297
:1031D000984FB801880F991F0F946F7D82E890E295
:1031E0000E94E85E89E09BE10E94E85E0E942B5D00
:1031F0000C94F9858DED9AE10E94E85E0C94F985B6
:10320000643009F4B0C0653011F00C94F98580E5A4
:103210000E945B39882309F425C10E94C33940917B
:10322000E103442311F40C94F9856230710510F424
:103230000C94F98561ED7FE087E190E10E9452D521
:103240000C94F98580E50E945B398823A9F00E94DF
:10325000EB3D20E030E04AE754E40F94FA7720E0B9
:1032600030E040E05FE30F94557E0F94CD7FCB01BB
:103270000E949AD50C94F98581E50E945B398823D8
:1032800011F40C94F98585EA9DE00F943B7DBC0117
:1032900090E080E00F94B97720E030E04AE754E412
:1032A0000F94547F0F94C74D0C94F98581E50E94CB
:1032B0005B39882311F40C94F985B80190E080E023
:1032C0004AE00E94F45B0E94EB5C0C94F9858091CB
:1032D000FE1271EAE72E75E1F72E813021F06AE9DE
:1032E000E62E65E1F62E80E50E945B39882379F1B0
:1032F00062E270E080919205909193050F9484832F
:103300008C01892BD1F00F5F1F4F62E270E0C80182
:103310000F948483009789F0D82ED01AC7010F9498
:10332000EB7AD8120AC0AC015527B701C8010F9437
:103330000C7B892B11F40C94F9854091E30360EA2E
:1033400070E18DEE90E10E9452D50C94F98581E5F3
:103350000E945B39882311F40C94F985C7010E94FF
:10336000E85E0C94F98580E50E945B39882309F4B6
:1033700070C080919205909193050196909393056A
:10338000809392052091E203222311F40C94F98595
:10339000BE016F5F7F4F0E946EB68AE090E00F948F
:1033A0003B7D29813A8112E08217930728F011E0D2
:1033B0002817390708F410E01295110F110F107C2F
:1033C0008CE090E00F943B7DAC012B813C8182E04E
:1033D0004217530728F081E02417350708F480E0EE
:1033E00050E1859FC0011124180F8EE090E00F94EA
:1033F0003B7DAC012D813E8182E04217530728F0CE
:1034000081E02417350708F480E0A4E08A9FC0011A
:103410001124180F80E190E00F943B7DAC012F81C7
:10342000388592E04217530728F091E024173507BA
:1034300008F490E0190F163510F40C94F9854091BA
:10344000E2036CE370E18CE790E10E9452D50C94AA
:10345000F98581E50E945B39882311F40C94F98584
:103460000C94C08181E50E945B39882311F40C948F
:10347000F98581E090E00F94E44D0C94F9858BE49C
:103480000E945B39C12CD12CE12C50ECF52E882305
:1034900049F10E94EB3D6B017C0120E030E0A90185
:1034A0000F944A7F81111EC010927E0510927F05F5
:1034B00010928005109281050E9425688AE998E69D
:1034C0000E94F35C87E795E10E94F35C60917E05C2
:1034D00070917F0580918005909181050F94C74D73
:1034E0000C94F9858091480381111BC020E030E0E5
:1034F000A901C701B6010F944A7F87FF05C082E882
:1035000095E10E94E85EDACF20E030E040E251E44D
:10351000C701B6010F944A7F87FF2CC081E00E944B
:1035200025688091480320E030E0A901813021F531
:10353000C701B6010F94DE8087FDE1CF20E030E0C7
:1035400040E251E4C701B6010F944A7F87FFD7CF0D
:1035500020E030E0A901C701B6010F944A7F87FD42
:10356000CECFC0927E05D0927F05E0928005F0928A
:103570008105A4CF82E0D3CFC701B6010F94DE80CE
:1035800087FDBDCF2FE632E143E05BE3C701B60123
:103590000F94FA772AE037ED43E25CE30F94547E10
:1035A0006B017C0120E030E0A9010F944A7F87FD88
:1035B00011C020E030E040E251E4C701B6010F94B1
:1035C000DE8018162CF6C12CD12C40E2E42E41E40A
:1035D000F42EC7CFC12CD12C7601C3CF83E50E9436
:1035E0005B39882359F010E00E94EB3D0F94CD7FAA
:1035F000812F0F94E50A1F5F1530B1F734ECE32EED
:1036000032E0F32E10E0F70181917F010E945B39D7
:10361000882339F00E94EB3D0F94CD7F812F0F94CA
:10362000E50A1F5F143079F782E40E945B39882332
:1036300039F00E94EB3D0F94CD7F84E00F94E50AB2
:103640000F940B0A0C94F98524ECE22E22E0F22E62
:1036500010E0D7018D917D010E945B39882341F0F4
:103660000E94EB3D0F94C67F4FEF812F0F94660AA7
:103670001F5F143071F782E40E945B39882311F4D4
:103680000C943F840E94EB3D0C943F8494ECE92E13
:1036900092E0F92E10E0F70181917F010E945B39E1
:1036A000882349F00E94EB3D0F94C67F462F6FEFB1
:1036B000812F0F94660A1F5F143069F7DCCF809169
:1036C000FE128130C1F11FEF8CE40E945B39882328
:1036D00009F440C00E94EB3D6B017C018AE50E9429
:1036E0005B398823F1F10E94EB3D9F770E942050C7
:1036F0004B015C018AE50E945B39082F1092F0169D
:103700001092EF1686E10F94EB228091FE12813029
:1037100061F5153018F4812F0E94FAEB10928D0399
:103720008EEE96E10E948F59C501B40190580E9417
:1037300020500C94F98580E50E945B39882321F0A4
:103740000E947039182FC0CF84E50E945B39811127
:10375000F7CFB9CFC12CD12C8CE8E82E82E4F82E1B
:10376000BDCF60E070E0CB01C1CF82E08093310734
:103770008DEF91E60E943DBBA701960160916B120F
:1037800070916C1280916D1290916E120F94557E13
:1037900060936B1270936C1280936D1290936E1203
:1037A00060E070E080EA91E40F94F33C011106C000
:1037B00060E070E08CE092E40E9482500E947947C1
:1037C0000F94990B40E064EF71E082E390E00F9476
:1037D00030188091340E811105C080918D038111C4
:1037E0000F94A50B81E00E94C35382E00E94845293
:1037F0008AE593E60E943DBB109231078FCF85E5A5
:103800000E945B39C12CD12C7601882321F00E94C3
:10381000EB3D6B017C018AE50E945B398823A1F0B6
:103820000E94EB3D9F770E9420504B015C018091EC
:10383000FE12813099F40F94C476C501B4019058FA
:103840000E9420500C94F98560E070E08CE092E4D6
:103850000E94825060E070E0CB01E5CFC701B60165
:103860000E945BBDEACF80EC92E00E94B13D0C94D7
:10387000F98581EC92E00E94B13D0C94F98580912C
:10388000FE12813011F00C94F98581E40E945B39BD
:10389000882311F40C94F9858091920590919305F9
:1038A00040E150E070E060E001960F94B878862F18
:1038B0000E947CEC0C94F9858091FE12813011F00D
:1038C0000C94F98581E40E945B3910E0882361F053
:1038D000809192059091930540E150E070E060E0A6
:1038E00001960F94B878162F88E50E945B398823DB
:1038F00061F00E947D39112311F40C94F985BC010B
:10390000812F0E9499AE0C94F98590E080E0F3CF6E
:1039100083E50E945B39882331F00E947039882347
:10392000A9F08130F9F08091FE12813059F488E5D8
:103930000E945B39882331F00E9470398230D0F0C8
:103940008A32E1F00F94D24D0C94F98560E08CEA54
:103950009CE00F94517D1092FE121092AC121092C6
:103960009112E1CF61E08CEA9CE00F94517D0F94BD
:10397000D06ED9CF80E00F94936EE4CF8AE2FBCF74
:10398000843509F075C0109393050093920581E08A
:1039900080938A030E947039182F209192053091EC
:1039A000930591E07901E90EF11CD7018C918032E9
:1039B00011F0893011F49F5FF5CF082E000C990BA0
:1039C0000F944183F701808390ED980F953058F064
:1039D0008F3369F0883759F08336E1F08DE495E153
:1039E0000E94E85E11C09091FE128F3389F480919D
:1039F000FE12813049F490E080E00E94EAAB682F2B
:103A0000D7018C910E9431EC10928A030C94387289
:103A1000833649F48091FE128130B1F70F94CC4D7A
:103A2000682F83E6EFCF913069F40F94CC4D1813D3
:103A300005C08DE595E10F94167CE6CF812F0E949D
:103A4000F4D8E2CF8AE998E60E94F35C112359F09A
:103A500084E50E94E05B812F90E0C0960F94E44DD6
:103A60008AE598E0BDCF87E498E00E94F35CCCCF74
:103A7000843409F05DC010939305009392050E9471
:103A80007D398230910541F18CF40196E1F080910D
:103A9000351290913612855B9F4E9F938F931F92A4
:103AA00084E48F938CED99E00C948D7283309105B2
:103AB000F9F0479761F785E40E945B39882309F1A3
:103AC00080E00E949A6883E398E09F938F930F941D
:103AD000EF7B0F900F90FFCF0EE218E022E040E066
:103AE00060E072E280E092E00E9422410C94387221
:103AF00007E218E023E041E060E070E190E080E060
:103B0000F3CF82E50E945B3991E089278093E60636
:103B100080E495E10E94F35C8091E606882321F021
:103B20008FE198E00C94F47286E198E00C94F472C2
:103B30008AE998E60E94F35C89E898E00E94F35CC9
:103B40008091351290913612855B9F4E0E94B66926
:103B500088ED9AE10C94F4722DEC3CEC4CEC5DE3B6
:103B6000C701B6010F94DE80181614F40C94597432
:103B70000C946775A3019201622D732D8E2D9F2DDC
:103B80000F944A7F181614F00C94CD7CE5E0CE0E0D
:103B9000D11CF2E08F0E911C85010C94947C8AE478
:103BA00092E10E944EBD42E75AE162E080E00E944D
:103BB0009253F80181918F01982F9F7D11F40C94FD
:103BC000E78B97EF980F923010F40C94E78B8D30C1
:103BD00011F40C94E78B0E94AC52EBCF1F920F9222
:103BE0000FB60F9211240BB60F922F933F934F9362
:103BF0005F936F937F938F939F93AF93BF93EF9355
:103C0000FF932091780030917900E0911C03F0E05F
:103C1000EE0FFF1FE45FFC4F80819181820F931FA5
:103C20009183808380910B038F5F80930B0380319E
:103C3000E9F580911C038F5F80931C03883071F538
:103C400080910C0390910D039093B4068093B3067A
:103C500080911003909111039093B6068093B5065E
:103C600080910E0390910F039093B2068093B1065A
:103C700081E08093CD06FF91EF91BF91AF919F912D
:103C80008F917F916F915F914F913F912F910F9005
:103C90000BBE0F900FBE0F901F90189580910A03D6
:103CA0004FE553E08F5F41F410920A0380917A0050
:103CB000806480937A00DFCF9A01082E02C0359588
:103CC00027950A94E2F720FFEDCF80930A030E9424
:103CD0006F3810920B03EACFCF93DF93CAE7D0E09F
:103CE00088818F7B888310920B0310921C031092A3
:103CF0000A0380E00E946F38ECE0F3E080E1DF012E
:103D00001D928A95E9F7888180648883DF91CF913D
:103D100008958091E8039091E903089522E02093AB
:103D2000C0001092C50090E19093C4008091C10042
:103D300080618093C1008091C10088608093C10040
:103D40008091C10080688093C10080912F058130EF
:103D5000A9F42093C8001092CD009093CC008091DC
:103D6000C90080618093C9008091C90088608093F8
:103D7000C9008091C90080688093C900089581506E
:103D8000823108F05AC0E82FF0E08827E553F14669
:103D90008F4F0D943D7EEB9EEF9EDD9EE39EE79E52
:103DA0001D9FF29EF89EFC9E029F069F0A9F109FF9
:103DB000149F1D9F189F1E9F229F809180008F77C8
:103DC000809380000895809180008F7DF9CF80914D
:103DD0008000877FF5CF84B58F7784BD089584B543
:103DE0008F7DFBCF8091B0008F778093B0000895D6
:103DF0008091B0008F7DF9CF809190008F77809374
:103E000090000895809190008F7DF9CF809190006F
:103E1000877FF5CF8091A0008F778093A0000895D1
:103E20008091A0008F7DF9CF8091A000877FF5CF92
:103E3000809120018F778093200108958091200147
:103E40008F7DF9CF80912001877FF5CF83B1829557
:103E500081700895CF92DF92EF92FF922091EA0352
:103E6000B0E0A0E0C0902007D0902107E0902207AA
:103E7000F090230720FF42C0C81AD90AEA0AFB0AB9
:103E8000C0922007D0922107E0922207F0922307E8
:103E9000CB01B0E0A0E0C0902407D0902507E090CF
:103EA0002607F090270721FF36C0C81AD90AEA0A68
:103EB000FB0AC0922407D0922507E0922607F092D1
:103EC000270770E060E08091280790912907A09172
:103ED0002A07B0912B0722FF2BC0841B950BA60B42
:103EE000B70B8093280790932907A0932A07B093D4
:103EF0002B07FF90EF90DF90CF9008958C0D9D1DC4
:103F0000AE1DBF1D8093200790932107A093220729
:103F1000B0932307BDCF8C0D9D1DAE1DBF1D80939B
:103F2000240790932507A0932607B0932707C9CFAE
:103F3000840F951FA61FB71FD4CFFB0111821082DB
:103F40006AE0DC012C9120532A30A0F44081518199
:103F5000649F9001659F300D1124318320834D9122
:103F6000CD0120533109240F311D47FD3A9531838E
:103F70002083E7CF0895FC018081882321F08130E0
:103F800029F482E001C081E08083089510820895C1
:103F90008BE49FE10E94E85E0C945AF78091350E05
:103FA000813021F48DEF9EE10C94E85E8EEE9EE16F
:103FB000FBCF813021F48EE59EE10C94A8528AE576
:103FC0009EE1FBCF1F93CF93DF93C82FD62F0E9484
:103FD000B15349E653E360E080E00E94925348E524
:103FE00053E3CC2311F047E453E361E080E00E9407
:103FF00092538FEF80935312809330050F948E2A43
:1040000064EF71E080E090E00E9484FD4EE353E3B2
:1040100062E081E00E9492534EE363E080E00E9400
:104020009E5381E393E30E94A8526D2F70E070933A
:1040300032056093310584E0809378020E94245811
:10404000DC2F11E01C2780913105909132050097FB
:1040500019F197FF0BC0D12F4EE362E080E00E9480
:104060009E5340E263E080E00E949E5380913105C0
:1040700090913205181619065CF440E262E080E087
:104080000E949E534EE363E080E00E949E53DC2F2B
:1040900010923205109231050F948E2A81E00E9411
:1040A000556E64E670E080E090E00E9484FD0E941E
:1040B0002958882341F282E08093780280E00E94B0
:1040C000DE5910925312109230050F948E2A8D2FC4
:1040D000DF91CF911F910895CF93DF930F94990BA8
:1040E000CFE5D2E16091DB1270E090E080E00F94C8
:1040F000BB779B01AC016C857D858E859F850F9478
:10410000547E6C877D878E879F8762E08BE29CE37D
:10411000DF91CF910D94C15F0F931F93CF93DF93E6
:10412000982F862F142FE901692F0E94E552113034
:1041300021F0123079F0CE0115C0CE010E94A852B4
:104140008AE30E94AC52802FDF91CF911F910F9193
:104150000C94AC52CE010E94A8528AE30E94AC5249
:1041600084E29FE1DF91CF911F910F910C94A852AF
:10417000DF92EF92FF920F931F93CF93DF93CDB710
:10418000DEB763970FB6F894DEBF0FBECDBF309198
:104190005C0420915B04321371C07C0180915B024E
:1041A000882309F443C08BE293E39F938F9383E2C8
:1041B0009CE39F938F938E010F5F1F4F1F930F936D
:1041C0000F94447CD82E47E050E0B701800F912F28
:1041D000911D0F941D7D0F900F900F900F900F90D9
:1041E0000F9020E0822F8D0D90E0273039F02F5F67
:1041F000F801E80FF91F30813111F4CFF801E80F11
:10420000F91F2DE520838C0F9D1FFC0112820E9457
:10421000F245482F6091590480E00E949E5362E16C
:10422000C8010E94D05680E20E94AC5280915A048C
:10423000882321F120915C04809131059091320511
:1042400028171906D9F410925C0289ED9AE5892B9A
:1042500011F00E94D95A81E080935C020E94FF45D0
:1042600063960FB6F894DEBF0FBECDBFDF91CF913E
:104270001F910F91FF90EF90DF90089580915C0463
:104280008F5F80935C04ECCF0D94765FEEEEF6E1E9
:10429000628181E06827628385ED9EE00D94517D07
:1042A000EEEEF6E1618181E06827618387E09FE0BF
:1042B0000D94517D87EA9CE00F942D7D61E0823062
:1042C00008F4682787EA9CE00D94517D8AEA9DE016
:1042D0000F942D7D65E0833021F061E0853009F099
:1042E00063E08AEA9DE00D94517D8BEA9DE00F9496
:1042F0002D7D63E0833009F467E08BEA9DE00D9447
:10430000517D8CEA9DE00F942D7D61E0811160E08C
:104310008CEA9DE00D94517D87EE93E00E94BB9F57
:104320006091E70380E29CE00D94517D82EE93E082
:104330000E94BB9F6091E20383EA9DE00D94517D52
:1043400083EE93E00E94BB9F6091E30384EA9DE0CB
:104350000D94517D86EE93E00E94BB9F6091E60331
:1043600088EA9DE00D94517DCF93DF938091E40323
:104370008C33E1F0803501F1883291F088E280934E
:10438000E403C0E9D1E06091E40387EA9DE00F9483
:10439000517DBE0185EA9DE0DF91CF910D946F7D47
:1043A0008CE38093E403C8E5D2E0EDCF80E5809311
:1043B000E403C0E2D3E0E7CF89E18093E403CAEFEE
:1043C000D0E0E1CF8091F61660E0811101C061E09C
:1043D0006093F61687E49DE00D94517DE5E4F6E1E7
:1043E000608181E0682760838BEB9FE00D94517DB5
:1043F0008FEA9FE00F942D7D61E0811160E08FEAEC
:104400009FE00D94517D80914004813071F020F047
:10441000823069F483E001C081E0809340046091C0
:10442000400487ED9EE00D94517D82E0F6CF10921E
:104430004004F5CF89E09FE00F942D7D61E0882353
:1044400021F062E0813009F060E089E09FE00F94A4
:10445000517D81E08093231408950F931F93CF9390
:10446000DF9300D000D01F921F92CDB7DEB78C0132
:104470008AE090E00F943B7D9A8389838CE090E002
:104480000F943B7D9C838B838EE090E00F943B7D6B
:104490009E838D8380E190E00F943B7D98878F838E
:1044A000C801DE011196BE01675F7F4FFC012591B7
:1044B00034914D915D914217530748F02417350709
:1044C00020F00296A617B70789F780E001C081E0C7
:1044D00028960FB6F894DEBF0FBECDBFDF91CF9107
:1044E0001F910F9108958CEA9CE00F942D7D8823F5
:1044F00099F01092FE121092AC12109291128CEA66
:104500009CE00F942D7D61E0811160E08CEA9CE0DD
:104510000F94757D0D94D24D0F94D06EF0CF809195
:10452000B403882321F0813069F482E001C081E086
:104530008093B4036091B4038FEF9FE00F94517D9B
:104540000D94220B1092B403F5CF81E09091EE16FA
:10455000911180E00C94BF59282FCB01213039F004
:10456000223049F022E06AEF7FE20C94445722E0C7
:1045700065EF7FE2FACF22E06EEE7FE2F6CF809128
:1045800040026AE972E6882311F06EE972E622E0E1
:1045900045E352EF8CEB9AE20C9444578091340E31
:1045A000811115C08FEF9FE00F942D7D22E04FE821
:1045B00052EA6EE77DE2813031F06EE97AE28230D4
:1045C00011F463E97AE289EA9AE20C944457089577
:1045D00086ED9EE00F942D7D6AE972E6813011F43C
:1045E0006EE972E622E046E452EF84E89EE10E9422
:1045F00044578EEC9EE00F942D7D22E049E252EF6D
:104600006EE972E6813011F06AE972E68CE89AE2AE
:104610000C94445780918F03882321F080915B0292
:10462000882351F081E080938F0360E08AE29DE06F
:104630000E948C5A809390030E94C0581092590493
:1046400080915904843008F072C010925C0480910B
:10465000E503811149C089EE9FE20E947D566DE914
:104660007BEA8AE69CE20E94A2568091E4038C33A6
:1046700009F451C0E0F5893109F443C08832D9F119
:1046800062EC75ED82E49BE20E944C566BEF74EA9B
:104690008FE09BE20E94A25680919003882331F024
:1046A00068E973EA87EF97E30E94A25689E29DE0EA
:1046B0000F942D7D6CEE7DE2882311F068EE7DE293
:1046C00022E040EE55EA87E99EE10E9444570E94AD
:1046D0000F46809159048F5F8093590480915B0449
:1046E0008F5F80935B04ACCF8FED9DE2B6CF8035BA
:1046F000C1F08F3F29F622E044EB51EA6EE078E307
:1047000005C022E044EB51EA63E178E386E19BE2F5
:104710000E944457B5CF22E044EB51EA69E078E3C8
:10472000F5CF22E044EB51EA64E078E3EFCF08955F
:104730000E94C0581092590480915904843098F412
:1047400010925C0489EE9FE20E947D560E940F4603
:10475000809159048F5F8093590480915B048F5F2F
:1047600080935B04E9CF0895CF934FEE5DE260E064
:1047700080E00E9492534AE061E080E00E949E53F4
:104780000E94C05810925904C2E0809159048430AC
:10479000F8F410925C04811102C0C09359046AE5D8
:1047A00077EF8CEE9DE20E944C5667EE7BEB88EE35
:1047B0009DE20E944C560E940F46809159048F5FE3
:1047C0008093590480915B048F5F80935B04DDCFFD
:1047D000CF9108950E94C0581092590480915904B5
:1047E000843008F06EC010925C0489EE9FE20E9453
:1047F0007D568091EE166AE972E6882311F06EE923
:1048000072E622E045EA52EA85E99DE20E944457B9
:104810008091EE16882309F441C08330D9F422E058
:1048200044E451EA6CEB7DE282E89AE20E9444574C
:1048300022E044E451EA6CEB7DE286E79AE20E94D2
:1048400044578091F616882301F18130A1F10E942E
:10485000E2A124C08091F0166AE972E6882311F083
:104860006EE972E622E046E451EA82E89AE20E94AA
:1048700044578091EF166AE972E6882311F06EE9D9
:1048800072E622E040E551EAD8CF22E042EE51EA5A
:1048900068EA70E38CE69AE20E9444570E940F4651
:1048A000809159048F5F8093590480915B048F5FDE
:1048B00080935B0493CF22E042EE51EA66E67AE20F
:1048C000E9CF08950E94C05810925904809159046C
:1048D0008430A8F510925C048AE69CE20E947D5622
:1048E0008091C8030E94B75A882331F069EE7AEAB2
:1048F00083E69CE20E94A2568091320E811106C08E
:1049000069E276EB82E59CE20E94A2566EEE79EABD
:104910008BE49CE20E94A2566AE175EB85E49CE27E
:104920000E944C560E940F46809159048F5F8093DD
:10493000590480915B048F5F80935B04C7CF089517
:1049400087E08093C8030C9462A486E08093C80338
:104950000C9462A485E08093C8030C9462A484E064
:104960008093C8030C9462A483E08093C8030C94E2
:1049700062A482E08093C8030C9462A481E08093D7
:10498000C8030C9462A41092C8030C9462A40E9401
:10499000C0581092590480915904843058F51092EF
:1049A0005C048FED9DE20E947D566FEA71E087E521
:1049B00093E20E94A25665E172E080E593E20E94D4
:1049C000A2566BE672E089E493E20E94A25669E186
:1049D00071E080E493E20E94A2560E940F4680910B
:1049E00059048F5F8093590480915B048F5F80939B
:1049F0005B04D1CF08950E94C05810925904809151
:104A00005904843098F510925C0480E59BE20E9482
:104A10007D564AEA51EA6DEC7AE28091E6030E9403
:104A2000ACA240EA51EA67EC7AE28091E3030E948B
:104A3000ACA246E951EA6EE87EE18091E2030E9471
:104A4000ACA24CE851EA65E870E28091E7030E946D
:104A5000ACA20E940F46809159048F5F8093590445
:104A600080915B048F5F80935B04C9CF0895CF92E0
:104A7000DF92EF92FF920F931F93CF93DF936C011E
:104A80007901C42FD0E0AE010F940C7B892BB9F4CF
:104A9000B801C6018C0F9D1F0E949D9FF8012081C7
:104AA00031812E293F293183208381E0DF91CF910D
:104AB0001F910F91FF90EF90DF90CF90089580E0CD
:104AC000F5CF61E08FEC97E30E94F5700C945AF7F4
:104AD00061E083ED97E30E94F5700C945AF761E072
:104AE0008BEC97E30E94F5700C945AF761E089ED26
:104AF00097E30E94F5700C945AF7EF92FF920F9390
:104B00001F93CF93DF93CDB7DEB76B970FB6F894B3
:104B1000DEBF0FBECDBF8AE59FE00F942D7DE82E4E
:104B20000AE01FE0F12C48E050E0EF1479F0B80102
:104B3000CE010E960F941D7D1E8A60E0CE010E966A
:104B40000F940857F394085F1F4FEDCF65E97FE09E
:104B50008E010F5F1F4FC8010F941D7D19868EE2D5
:104B60008F8B43E050E061E97CE0CE0148960F94E2
:104B70001D7D1B8EBE01695E7F4FC8010F94798336
:104B80001F930F938CED93E69F938F930E94C371B5
:104B900061E088ED93E60E94F5700E945AF70F904D
:104BA0000F900F900F906B960FB6F894DEBF0FBE6C
:104BB000CDBFDF91CF911F910F91FF90EF9008959E
:104BC000CF9389E29DE00F942D7D8150C1E08E3F0F
:104BD00008F4C0E06C2F89E29DE00F94517D80EBDA
:104BE00098E30E94E85E8C2F0E94E05BCF910C94CA
:104BF000EB5CCF93DF9382EC93E00F94FD00809108
:104C00006F12811118C080917012811114C0C0916F
:104C1000FB03D091FC038DEFC73BD80761F082E026
:104C2000CB36D80741F080913712811104C08091B2
:104C30003812882331F082E080935B02DF91CF91BC
:104C4000089583EACA30D80781F482E080935B023A
:104C50008AE29DE00F942D7D61E0811160E08AE29F
:104C60009DE0DF91CF910D94757D9091120E809112
:104C7000130E981304C00E94CC49882361F00E944F
:104C8000074A811110C082E080935B0280E0DF91CF
:104C9000CF910D94241681E0CD3DD807E1F460E07A
:104CA0008BE692E014C081E0CD3DD80759F082EB4D
:104CB000CC3FD80739F086EAC53DD80719F0CA5964
:104CC000D54F09F70E94B15360E087EB9DEFDF916C
:104CD000CF910C94694682EBCC3FD80701F38CEF5F
:104CE000C236D807E1F28FEBC035D807C1F287EAA8
:104CF000C637D807A1F286EAC73BD80781F2CA595E
:104D0000D54F09F0C0CFCBCFEF92FF920F931F93F7
:104D100088ECE82EF12C07E211E030E020E040E1E1
:104D20006BE572E18DEC9AE20E94F95292E3E92E72
:104D3000F12C08E710E030E020E040E167E572E1A7
:104D400088EB9AE20E94F9522FE7E22EF12C0FEF46
:104D500010E030E020E048E063E572E18EEA9AE29C
:104D60000E94F9521F910F91FF90EF9008950E94B9
:104D7000C05810925904809159048430A8F41092BC
:104D80005C048FED9DE20E947D560E9484A60E94E5
:104D90000F46809159048F5F8093590480915B0482
:104DA0008F5F80935B04E7CF0895EF92FF920F939C
:104DB0001F938091590290915A0220919C032111D6
:104DC00081C021E020939C0390939E0380939D03D8
:104DD0008FEF9FE00F942D7D8093B4030E94C05805
:104DE0001092590480915904843008F07AC01092CE
:104DF0005C040E94B24581110E94C94782E29EE292
:104E00000E947D56F12CE12C07EE13E02AE030E001
:104E100040E16EE872E086EB9DE20E94F9520E944A
:104E200084A62AE030E040E169E572E081EB9DE292
:104E30000E94F9528091340E811106C06EE47BEB22
:104E400081EA9DE20E944C560E94C149882331F0BC
:104E500063E578E38CE297E30E9474716AEE73EA8B
:104E600085E99DE20E94A2568091FE12813011F4E4
:104E70000E94E8A20E94BFA20E94CEA2809140049C
:104E800022E043E052EA6EE77DE2823051F067E7CC
:104E90007DE2833031F06AE87DE2813011F465E82B
:104EA0007DE28FE89DE20E9444570E940F46809168
:104EB00059048F5F8093590480915B048F5F8093C6
:104EC0005B0490CF20919D0330919E0328173907F2
:104ED00009F47ECF90939E0380939D030E94D64752
:104EE00077CF1F910F91FF90EF900895CF938FEFA1
:104EF0009FE00F942D7D8093B4030E94C0581092C0
:104F00005904C1E080915904843008F0F8C010922F
:104F10005C0482E29EE20E947D5667EB76EA81E8BD
:104F20009BE20E94A2560E941D4A882321F00E9403
:104F3000C149882361F067EC74EA87E79BE20E942D
:104F4000A25660E27FE186E69BE20E9474716AEEFF
:104F500073EA85E99DE20E94A2568CEA9CE00F94D8
:104F60002D7D6AE972E6882311F06EE972E622E08F
:104F700043E752EA84E398E30E9444578CEA9CE0BA
:104F80000F942D7D882331F06AE97BEA8AE298E369
:104F90000E944C568091FE12813041F40E94E8A29A
:104FA00066EE7AEA89E59BE20E94A2560E94BFA2C1
:104FB0000E94CEA28091340E81119AC0C093E50365
:104FC0006AE073EA80E59BE20E94A2566FEC72EC05
:104FD0008BED9BE20E94A2560F940E04882389F069
:104FE0008FEA9FE00F942D7D6AE972E6882311F025
:104FF0006EE972E622E048EF51EA8DE89BE20E94FA
:1050000044570E94C149811106C067EB7DEF85E5D9
:105010009DE20E94A2568091340E81112AC0809197
:10502000451622E04EEE51EA6FEA7EE1811102C0A0
:1050300063E37BE28AE39BE20E94445789E09FE0BE
:105040000F942D7D22E04AE152EA69E27BE2882357
:1050500061F022E04AE152EA60E27BE2813029F02D
:1050600022E04AE152EA6AEF7FE28EE29BE20E948E
:1050700044578091400422E043E052EA6EE77DE22B
:10508000823051F067E77DE2833031F06AE87DE2FB
:10509000813011F465E87DE28FE89DE20E9444577B
:1050A00087EA9CE00F942D7D6CEE7DE2882311F061
:1050B00068EE7DE222E04AE551EA82EA9EE10E9442
:1050C00044578091340E882331F062E672EC88E117
:1050D00098E30E944C560E940F46809159048F5FBE
:1050E0008093590480915B048F5F80935B040ACFA7
:1050F00062EC75ED82E49BE20E944C5667CFCF9143
:1051000008950E94C0581092590480915904843027
:1051100008F063C010925C0482E29EE20E947D5619
:1051200068EC7BEE80E19CE20E944C568091320E4E
:10513000811106C06BE775EB82E59CE20E94A256E6
:1051400063E67FE18CE297E30E9474716FE07CED8F
:1051500087E09CE20E944C5661E675EA89EF9BE28B
:105160000E944C5668E675EA8DEE9BE20E944C5612
:105170006FE675EA8BED9BE20E94A2566CE771EF39
:1051800089EC9BE20E94A2566BE677EF89EB9BE2EB
:105190000E94A25662E17CEB8AEA9BE20E94A25640
:1051A00068E378E388E99BE20E9474710F940E042F
:1051B000882331F066E775EA8DE89BE20E944C5641
:1051C0000E940F46809159048F5F8093590480910B
:1051D0005B048F5F80935B0498CF0895BF92CF925A
:1051E000DF92EF92FF920F931F93CF93DF93C82F1D
:1051F000F62EE42EB22E680180E00E94C353DCE755
:10520000FE1408F0DDE2BB20E9F00E94B153C111A9
:105210001CC089E693E30E94A85288EF8C0F82306D
:1052200068F58DE79FE20E94A85280E69FE2CC30AD
:1052300049F180E59FE2CD3029F1CE3029F58FE3A9
:105240009FE220C00E94AA53E2CFC13011F3C230C6
:1052500001F38AEC9FE2C330F1F28AEB9FE2C430A3
:10526000D1F28AEA9FE2C530B1F28AE99FE2C63004
:1052700091F2C73091F68DE89FE2CDCFCA3059F553
:105280008CE69FE20E94A8524BE958E361E080E07F
:105290000E949253C33040F543E35FE262E080E056
:1052A0000E94925362E082E10E94E552C11117C050
:1052B0008D2F0E94AC5248E25FE263E080E00E94E2
:1052C000925363E082E10E94E552C23001F18D2FDA
:1052D0000E94AC5220C0CB3009F0A7CFD1CF84E2DE
:1052E0009FE10E94A852E7CF86EF8C0F823068F5CD
:1052F00048E15FE262E080E00E9492538AE30E940C
:10530000AC5262E082E10E94E552CA3001F384E2CD
:105310009FE10E94A852C114D10419F0C6010E9455
:105320009A7081E08F0D4E2D50E0440F551F841769
:1053300015060CF080E0DF91CF911F910F91FF9047
:10534000EF90DF90CF90BF900895CA3020F741E0F2
:10535000C43021F042E0C33009F440E00D2F29E9C8
:1053600038E362E082E00E948CA041E0C53021F089
:1053700042E0C53008F440E00D2F27E938E368E04B
:1053800082E00E948CA041E0C63021F042E0C630AD
:1053900008F440E00D2F25E938E36EE082E00E943A
:1053A0008CA041E0C73021F042E0C73008F440E073
:1053B0000D2F21E938E360E083E00E948CA041E0FA
:1053C000C83021F042E0C83008F440E00D2F2AE850
:1053D00038E369E083E00E948CA09DCFCF93DF93F8
:1053E00080918F03811118C06091C8038BE0689F82
:1053F000B0011124675B724F47E050E081E993E010
:105400000F941D7D8091910390E0909332058093DD
:10541000310581E080938F038091310590913205B1
:10542000809734F480E290E09093320580933105C8
:1054300080913105909132058F3F910539F034F01C
:105440008FEF90E09093320580933105E0919003C7
:10545000F0E0E157FC4F8091310582830E94AA530E
:10546000C1E9D3E089910E94AC5283E0C839D807E2
:10547000C9F74EE561E0809190030E949E538091B0
:105480009003882329F040E261E081500E949E53FE
:105490000E942958882399F0E09190038E2F90E084
:1054A0000196079778F4EF5FE0939003F0E0E157FF
:1054B000FC4F828190E09093320580933105DF911B
:1054C000CF9108956091C8038BE0689FB0011124CB
:1054D000675B724F47E050E081E993E00F94417DB4
:1054E000DF91CF910C94A7460F94845510928B03B3
:1054F00010923205109231050C943B468091741540
:105500008823F9F081508093741593E2E2EAF4E184
:10551000AFE7B4E101900D929A95E1F722EA34E108
:1055200090E0981760F443E2F901B396D901019035
:105530000D924A95E1F79F5F2D5D3F4FF2CF0F949B
:10554000845510928B0310923205109231050C9401
:105550003B46CF930E94C058109259048091590441
:10556000843030F510925C0482E29EE20E947D5607
:1055700069E87BEA87E19CE20E944C56C0E061E367
:105580006C0F2C2F48E95BEA82EC9CE20E94DE550E
:10559000CF5FC530A1F70E940F46809159048F5FFD
:1055A0008093590480915B048F5F80935B04D6CF16
:1055B000CF91089584E00D949C1785E00D949C177D
:1055C00086E00D949C1787E00D949C1788E00D945D
:1055D0009C176091C80381EA9DE00F94517D83E0A0
:1055E0000C948B46CF930E94C0581092590480911E
:1055F0005904843058F510925C040E94B245811120
:105600000E94A6FB82E29EE20E947D566EE279ED48
:1056100087E19CE20E944C56C0E061E36C0F2C2FA6
:105620004FE359ED82EC9CE20E94DE55CF5FC5301E
:10563000A1F70E940F46809159048F5F809359040F
:1056400080915B048F5F80935B04D1CFCF910895ED
:10565000EF92FF920F931F93CF938C017B010E94D7
:10566000C0581092590480915904843018F5109252
:105670005C040E94B24581110E94A6FB82E29EE278
:105680000E947D56C0E061E36C0F2C2FA701C8017A
:105690000E94DE55CF5FC530B1F70E940F46809162
:1056A00059048F5F8093590480915B048F5F8093CE
:1056B0005B04D9CFCF911F910F91FF90EF90089588
:1056C00062E77BEA81EE91E60C9428AB6EE77BEA19
:1056D0008EEE91E60C9428AB6AE67CEE82EC9CE2BE
:1056E0000C9428ABCF93C82F0F94EA5F882321F046
:1056F0008C2FCF910D949877CF910895CF93C82F89
:105700000E94A74661E08C2F0F941D77CF910C94D7
:10571000A6FB80E00F94DC7681E00F94DC7682E0DB
:105720000F94DC7683E00F94DC7684E00D94DC76D5
:105730000D94DC7680E00D94936E0E94C058109218
:10574000590480915904843008F043C010925C04DD
:1057500080E59BE20E947D5663EC74EA89E49DE05B
:105760000E94E8566EEB74EA84E59DE00E94E856DC
:1057700069EB74EA8FE59DE00E94E85664EB74EAF9
:105780008AE69DE00E94E8566FEA74EA85E79DE0AC
:105790000E94E8566AEA74EA80E89DE00E94E856B2
:1057A00065EA74EA8BE89DE00E94E85660EA74EAD4
:1057B00086E99DE00E94E8560E940F4680915904B8
:1057C0008F5F8093590480915B048F5F80935B04AB
:1057D000B8CF08954F925F926F927F92AF92BF922F
:1057E000CF92DF92EF92FF920F931F93CF93DF93AD
:1057F0006C018091FE12C114D10429F0D6E08130F1
:1058000029F0D5E003C0D4E08130D9F30E94B15330
:1058100084E080937802C1E000E08D2F8350990BE3
:105820007C010F948E2A81E00E94556E8091310593
:1058300090913205009709F497C097FF82C0C1503C
:105840001092320510923105C4300CF480C0802FC4
:10585000002E000C990B8E159F050CF074C00F5F85
:105860000E94B153C3E042E753E360E080E00E944E
:105870009253A02E002E000CBB08C114D10421F0BD
:1058800012E0AE14BF0409F013E0D0E0DF5F45E89A
:1058900050E26D2F81E00E9492531D13F7CF402EEE
:1058A000002E000C5508660877089FEF491A590A20
:1058B000690A790A10E01F5F612F8AE00E94E552B1
:1058C000C301B2010E9466558FEF481A580A680A50
:1058D000780AD113F0CFC114D10441F0AE14BF0443
:1058E00029F4A60163E081E00E9492534BE35CE35C
:1058F00061E080E00E9492534EE36C2F80E00E94B2
:105900009E5364E670E080E090E00E9484FD0E9477
:105910002958882309F485CF82E0809378028FEF9D
:105920008C0F800FDF91CF911F910F91FF90EF901F
:10593000DF90CF90BF90AF907F906F905F904F902F
:105940000895CF5F7DCF87E00F9424168BCFC111D0
:105950008ACF10162CF401500E94B153C1E083CFBE
:1059600087E00F942416FACFC4300CF070CF7BCFB1
:105970004F925F926F927F92AF92BF92CF92DF92DF
:10598000EF92FF920F931F93CF93DF9324E030E0C9
:1059900041E050E0D901A857BE4DFD0165917491D9
:1059A000861797070CF066C041505109440F551FE8
:1059B000440F551FEA01C657DE4DFE0105911491B3
:1059C00048575E4DFA0165917491F901E657FE4D15
:1059D000E590F490FE01C590D490FD01C591D4915D
:1059E000FA01A590B490861B970BBC01990F880B08
:1059F000990B0F94BB772B013C01B7016C197D0902
:105A0000072E000C880B990B0F94BB779B01AC0100
:105A1000C301B2010F94FA776B017C01BE016A19D0
:105A20007B09072E000C880B990B0F94BB779B0109
:105A3000AC01C701B6010F94547F6B017C01B80122
:105A4000110F880B990B0F94BB779B01AC01C70119
:105A5000B6010F94557EDF91CF911F910F91FF906A
:105A6000EF90DF90CF90BF90AF907F906F905F905E
:105A70004F9008954F5F5F4F2C5F3F4F20383105A7
:105A800009F088CFE6E0F2E265917491072E000CF0
:105A9000880B990B0F94BB77DECF8F929F92AF92BA
:105AA000BF92CF92DF92EF92FF9290912E058823C2
:105AB00009F49DC0911192C00F94990B0E943A4A2B
:105AC0006091590270915A02072E000C880B990BB5
:105AD0000F94BB772091E0043091E1044091E204FF
:105AE0005091E3040F94FA772AE037ED43E25CE348
:105AF0000F94FA7720916B1230916C1240916D12D5
:105B000050916E120F94557E60936B1270936C12CD
:105B100080936D1290936E128BE692E10F944B2D51
:105B2000C0907A02D0907B02E0907C02F0907D02DF
:105B300020E030E040E752E46091E4047091E50435
:105B40008091E6049091E7040F94FA7760937A02CB
:105B500070937B0280937C0290937D0281E080931E
:105B60002E0590E080E00E94474E20E030E0A90141
:105B70006091E8047091E9048091EA049091EB044B
:105B80000F944A7F882311F10F94990B2091E80418
:105B90003091E9044091EA045091EB04609167125E
:105BA000709168128091691290916A120F94547EDC
:105BB00060936712709368128093691290936A12CF
:105BC0000F94B33B90E080E00E94474EC0927A026F
:105BD000D0927B02E0927C02F0927D02FF90EF90E7
:105BE000DF90CF90BF90AF909F908F9008959923B2
:105BF000A9F30F94990B0E943A4A80907A029090F0
:105C00007B02A0907C02B0907D0220E030E040E773
:105C100052E46091F0047091F1048091F20490914B
:105C2000F3040F94FA7760937A0270937B02809367
:105C30007C0290937D02C090E804D090E904E0904B
:105C4000EA04F090EB0420E030E0A901C701B601BE
:105C50000F944A7F8823E1F0A701960160916712B3
:105C6000709168128091691290916A120F94557E1A
:105C700060936712709368128093691290936A120E
:105C80000F94B33B90E080E00E94474E0F94990B35
:105C90002091EC043091ED044091EE045091EF041A
:105CA0006091E0047091E1048091E2049091E3043A
:105CB0000F94557E6B017C016091590270915A02DC
:105CC000072E000C880B990B0F94BB779B01AC013E
:105CD000C701B6010F94FA772AE037ED43E25CE39F
:105CE0000F94FA779B01AC0160916B1270916C126A
:105CF00080916D1290916E120F94547E60936B128E
:105D000070936C1280936D1290936E128BE692E1F9
:105D10000F944B2D10922E0590E080E00E94474E8C
:105D200080927A0290927B02A0927C02B0927D02D5
:105D300055CFEF92FF920F931F93CF93DF9300D035
:105D40001F921F92CDB7DEB7082F162FF72E0F9494
:105D5000EA5F8823D9F00B3029F1043131F187E56E
:105D6000E82EE9820A831B83FC82CE0101960F9400
:105D7000C2418D8347E5502F612F7F2D0F94696EAF
:105D800060E080E00F94F975882359F30F900F902D
:105D90000F900F900F90DF91CF911F910F91FF9077
:105DA000EF9008951093DB12DACF1093DC12D7CF67
:105DB0008230910538F0880F991F880F991F059739
:105DC0000197F1F70895CF93DF93282F30E0F90181
:105DD000EC53F54C8491F901E259F54CD491F90159
:105DE000E85EF54CC491CC23A1F081110E94BF9EC6
:105DF000EC2FF0E0EE0FFF1FE250F64CA591B491AE
:105E0000EC91ED2381E090E009F480E0DF91CF9107
:105E1000089580E090E0FACF1F93CF93DF93282F6F
:105E200030E0F901EC53F54C8491F901E259F54C5D
:105E3000D491F901E85EF54CC491CC23A9F0162F5A
:105E400081110E94BF9EEC2FF0E0EE0FFF1FEC517E
:105E5000F64CA591B4918FB7F894EC91111108C04C
:105E6000D095DE23DC938FBFDF91CF911F910895F2
:105E7000DE2BF8CFCF93DF9390E0FC01E259F54C95
:105E80002491885E954CFC0184918823D1F090E0A8
:105E9000880F991FFC01E653F64CA591B491FC01C3
:105EA000EC51F64CC591D49161110EC09FB7F89496
:105EB0008C91E22FE0958E238C932881E223E88356
:105EC0009FBFDF91CF9108958FB7F894EC91E22BAB
:105ED000EC938FBFF6CF1F93CF93DF93182FEB0177
:105EE00061E00E943AAF209739F460E0812FDF91A2
:105EF000CF911F910C940CAFCF3FD10511F461E00D
:105F0000F5CFE12FF0E0EC53F54CE491E150E231B4
:105F100008F0B3C0F0E08827EF56F0458F4F0D949E
:105F20003D7EA3AFABAFB0AFBAAFC4AF3DB0CEAF65
:105F3000D6AFDEAFE8AFF2AFFCAF0BB015B03DB0FF
:105F40001FB029B033B084B5806884BDC7BDDF9170
:105F5000CF911F91089584B5806284BDC8BDF7CFED
:105F600080918000806880938000D0938900C093E6
:105F70008800EDCF80918000806280938000D09374
:105F80008B00C0938A00E3CF80918000886080936B
:105F90008000D0938D00C0938C00D9CF8091B00049
:105FA00080688093B000C093B300D1CF8091B000DF
:105FB00080628093B000C093B400C9CF80919000FC
:105FC000806880939000D0939900C0939800BFCFD1
:105FD00080919000806280939000D0939B00C0934A
:105FE0009A00B5CF80919000886080939000D09304
:105FF0009D00C0939C00ABCF8091A00080688093EF
:10600000A0008091A0008F7B8093A000D093A90076
:10601000C093A8009CCF8091A00080628093A000D4
:10602000D093AB00C093AA0092CF8091A00088606B
:106030008093A000D093AD00C093AC0088CF809136
:106040002001806880932001D0932901C09328010A
:106050007ECF80912001806280932001D0932B011C
:10606000C0932A0174CF8091200188608093200121
:10607000D0932D01C0932C016ACFC038D1050CF00C
:106080003ECF33CF4F925F926F927F928F929F92CB
:10609000AF92BF92CF92DF92EF92FF920F931F9336
:1060A000CF93DF93EB016A0179010F940619F60192
:1060B000008111811C161D06B4F40E151F0599F4FC
:1060C000C801DF91CF911F910F91FF90EF90DF906A
:1060D000CF90BF90AF909F908F907F906F905F9088
:1060E0004F900C94D8AEB80190E080E00F94B9774F
:1060F0002DEB37E346E855E30F94FA774B015C014B
:10610000BE010D2E000C880B990B0F94BB77A501D7
:1061100094010F94FA772B013C01A50194016AE0E8
:1061200077ED83E29CE30F94547F9B01AC01C301A4
:10613000B2010F94557E4B015C012AE037ED43E23A
:106140005EE30F944A7F1816DCF5A50194016AE01E
:1061500077ED83E29CE30F94547F20E034E244E740
:1061600059E40F94FA7720E030E040E05FE30F94C9
:10617000557E0F94CD7F5B016E157F0508F45701A6
:106180000A151B0531F4209721F0FCF0F1E0AF1A5D
:10619000B108C5010E94D8AEF601B182A082DF919C
:1061A000CF911F910F91FF90EF90DF90CF90BF9014
:1061B000AF909F908F907F906F905F904F900895D9
:1061C00080E1A82E87E2B82EDBCF8FEFA81AB80A9D
:1061D000E0CF2F923F924F925F926F927F928F9279
:1061E0009F92AF92BF92CF92DF92EF92FF920F9366
:1061F0001F93CF93DF9300D0CDB7DEB7F901E080D6
:10620000F180E114F10409F46CC0161617060CF0C5
:1062100068C019015B834A836B018983FA0100819D
:106220001181B80190E080E00F94B9774B015C01D7
:10623000B6010D2C000C880B990B0F94BB772B012A
:106240003C01A5019401C501B4010F94FA779B01AB
:10625000AC01C301B2010F94FA779B01AC016AE073
:1062600077ED83EA9BE30F94547F20E030E040E039
:106270005FE30F94557E0F94CD7F6E157F0530F54B
:1062800089810F940619EA81FB81808191810E94A6
:10629000D8AEF1018081918101979183808381E063
:1062A0000F900F900F90DF91CF911F910F91FF9062
:1062B000EF90DF90CF90BF90AF909F908F907F90A6
:1062C0006F905F904F903F902F90089566277727AB
:1062D0006C197D0998014A815B8189810E9442B0D5
:1062E000D8CF80E0DDCF0F931F93CF93DF93182F8C
:1062F000062FD1E0C0E0812F8D2329F0602F6D2380
:106300008C2F0F940E19CF5FDD0FC330A1F7DF91F3
:10631000CF911F910F9108958F929F92AF92BF924C
:10632000CF92DF92EF92FF9230E020E091E0482F91
:10633000492319F1A901440F551F440F551FFA01B4
:10634000E05EF84FC080D180E280F380762F792321
:10635000812C912C54018394772321F088248A94F2
:10636000982C5401C80CD91CEA1CFB1C405E584FE9
:10637000FA01C082D182E282F382990F2F5F3F4FF0
:1063800023303105A1F6FF90EF90DF90CF90BF90C2
:10639000AF909F908F9008952F923F924F925F926F
:1063A0006F927F928F929F92AF92BF92CF92DF9225
:1063B000EF92FF920F931F93CF93DF9300D000D003
:1063C000CDB7DEB7C0902007D0902107E09022071C
:1063D000F09023077C01EC18FD0880912407909130
:1063E0002507A0912607B0912707681B790B80919C
:1063F000280790912907A0912A07B0912B07FA014D
:10640000E81BF90BFA83E983FB01FF0FEE0BFF0F8B
:10641000FE2FEE1FE27089819A8188E09802812D1B
:10642000990B11248470E82B8F2D881F8827881FD3
:10643000E82BE093EA0390910B01987B87E0E82733
:10644000E0FD9260E1FD9160E47009F0946090934A
:106450000B01000086E29FE9011102C090E080E09C
:1064600090935305809352053093E9032093E803FA
:1064700029813A813E832D8337FF05C031952195CF
:1064800031093E832D838B0177FF03C01195019560
:106490001109F7FE03C0F194E194F1089801D801C5
:1064A0000F94457E4B015C012D813E81D9010F94F3
:1064B000457E860E971EA81EB91E9701D7010F9420
:1064C000457E680D791D8A1D9B1D0F94B9770F9429
:1064D000238220E030E040E05FE30F94557E0F948C
:1064E000CD7F2B014B015B016B013B011C821B82A9
:1064F000312C212C1A8219826114710409F448C0CC
:10650000E0915205F09153053097F1F580E0EC14DD
:10651000FD0440F0C40CD51C89819A8101969A83B0
:10652000898381E00A151B0530F08260A40CB51C3C
:106530009FEF291A390AED81FE81E815F90548F027
:106540008460840C951C2B813C812F5F3F4F3C83E2
:106550002B83CE18DF08A01AB10AED81FE818E1AB6
:106560009F0A0F940619E0914E05F0914F05309760
:10657000D1F1B201C3011995009711F00E94D8AE74
:10658000F1E06F1A7108B8CF1995882309F4BECFCE
:10659000E0915005F0915105309741F030E020E056
:1065A0004B815C81B10189819A81199581E06728CD
:1065B00009F480E026960FB6F894DEBF0FBECDBF7B
:1065C000DF91CF911F910F91FF90EF90DF90CF90CF
:1065D000BF90AF909F908F907F906F905F904F9003
:1065E0003F902F90089584EF91E0C8CF89B18695B0
:1065F000817091E0892708951F93CF93DF930E94C4
:10660000C058109259041BE0D1E0809159048430A5
:1066100008F0C1C110925C048BE69DE20E947D5699
:106620000E941D4A811117C00E94B749811113C0F1
:106630008091C90381110FC08091350E833009F01C
:1066400053C08091D513882331F06DE775EA83E656
:106650009DE20E944C560E94074A882371F00E94D6
:10666000CC49811104C08091320E843031F467EB43
:106670007DEF85E59DE20E94A2568091340E88232D
:1066800031F06EE47BEB81EA9DE20E944C560E9461
:10669000B74981115AC08091120E9091130E891B37
:1066A0008F7069F50E941D4A811129C08091CC0329
:1066B000823029F180913812811127C062E67CEF87
:1066C00088E49DE20E94A256809185038823E9F028
:1066D0008091350E6EEC7FE9813009F02AC18AE3A2
:1066E0009DE20E944C5611C0843009F0B4CF8091D5
:1066F0008503882309F4AFCF68EC7FE9A8CF65ED67
:1067000076EA80E59DE20E94A256C09170120E9436
:10671000C149C1111AC090916F12911116C0811117
:1067200018C080918A03811110C080913F1266E5E4
:1067300077EF811106C08091D413882331F06EEE7B
:106740007EEF84E29DE20E944C560E94C14988235C
:1067500021F18091CA03811120C08091CC03823045
:10676000E1F080917902823021F4909151129923C5
:10677000A1F090913107983081F060E67BEB88239F
:1067800041F0813051F480918503882331F064E336
:106790007BEB87E19DE20E94A2560E94CC498111C9
:1067A00008C00E94C149811104C00E94B7498823D2
:1067B00071F080913107813051F080918A0381110D
:1067C00006C064EB73EA8FEE9DE20E94A2560E941F
:1067D000B749811185C00E941D4A811181C08091F5
:1067E000CA0381117DC08091CC03823009F478C046
:1067F0008091D513811105C08091320E882309F450
:106800009BC080916716811110C080913F12811149
:106810000CC08091320E811108C0D093C70360E58F
:106820007FEB89E09DE20E94A2568091340E811197
:1068300012C081EA9DE00F942D7DC82F0E94C55A99
:1068400087FD09C0C81739F0C102C0011124875B58
:10685000924F0E94B8A080918D03811141C0809118
:10686000381281113DC08091FE12813009F06BC059
:106870008091D41281110AC00E94F6B2811106C023
:1068800069EA7AEA8FEE9CE20E94A2566AED7AEA01
:1068900080EE9CE20E94A2566DED7AEA80ED9CE2C9
:1068A0000E94A25660EE7AEA8EEE91E60E94A2560F
:1068B0008EEC9EE00F942D7D882331F063EE7AEA12
:1068C00081EE91E60E94A25666E777EA8FED9DE29F
:1068D0000E94A25661E878EA84EA9CE20E94A256ED
:1068E0006BE272E089E99CE20E94A2566AEE72EFC6
:1068F0008EE89CE20E94A2568091FE12813031F413
:1069000060E675EF8FE79CE20E94A2566AE975EF98
:1069100087E79CE20E94A2560E940F46809159048C
:106920008F5F8093590480915B048F5F80935B0439
:106930006CCE80E39DE2D5CED093C7038EEF9CE270
:106940000E947D5672CF8091EE168823E9F08091E7
:10695000EF16811106C061E071E082EC9CE20E94BA
:10696000A2560E94F6B2882329F06BE572E080ED12
:106970009CE2A8CF8091EF16882309F4A5CF6AE5A1
:1069800075EF80EB9CE29ECF61E071E082EC9CE2CF
:106990000E94A256EACFDF91CF911F910895CF9325
:1069A0001092C203C3B148E65EE160E080E00E945D
:1069B000925360E086E00E94E552C4FB882780F98C
:1069C0000E94D99F8091FE12813099F4C1E080919C
:1069D000D412811101C0C0E042E65EE160E08AE0CD
:1069E0000E94925360E081E10E94E5528C2F0E9448
:1069F000D99F0E94F6B2C82F45E95DE261E080E0D0
:106A00000E94925361E081E10E94E5528C2F0E9426
:106A1000D99FCF910C94BA58CF93C82F86EA9CE0A7
:106A20000F942D7DC0956C2F682386EA9CE0CF9152
:106A30000D94517D1F93CF93DF9300D000D01F9210
:106A40001F92CDB7DEB7BE016F5F7F4F8091C80345
:106A50000E94E75A8091C8031BE0819FC001112466
:106A60006FEF7FEF805B924F0F946F7D6091C80353
:106A7000619FB0011124675B724F47E050E0CE0187
:106A800001960F94417D81EA9DE00F942D7D9091B8
:106A9000C80389130AC00E94D95A80E00E94C55ACF
:106AA0008F3F19F480E10E940CB50E94A7462896FA
:106AB0000FB6F894DEBF0FBECDBFDF91CF911F910F
:106AC0000895CF93C82F86EA9CE00F942D7D682F00
:106AD0006C2B86EA9CE0CF910D94517DCF93C82F0B
:106AE00086EA9CE00F942D7D982F9C2381E09C13D7
:106AF00080E0CF910895EF92FF921F93CF93DF93A1
:106B000000D000D01F92CDB7DEB780918E038111E7
:106B100018C081EA9DE00F942D7D182F0E94B75A6E
:106B2000882379F080E10E946EB5882351F02BE034
:106B3000129FC0011124805B924F0F943B7D892BE3
:106B4000F1F480918F03882371F081EA9DE00F9426
:106B50002D7D2BE0829FC00111246FEF7FEF805BC2
:106B6000924F0F946F7D0E94295821E0811120E0FF
:106B700041E070E060E088E792EC0E94434620919B
:106B80003105309132052115310559F081E0121699
:106B900013060CF080E080938F0310923205109260
:106BA000310581EA9DE00F942D7D1BE0819FB001AE
:106BB0001124675B724F47E050E0CE0101967C01E3
:106BC0000F941D7D0E94AA5381EA9DE00F942D7DB4
:106BD000819FC0011124805B924F0F943B7DBC01CB
:106BE000990F880B990B0F94BB7720916904309112
:106BF0006A0440916B0450916C040F94547F20916F
:106C00008F03222319F13EE320E21F923F931F924C
:106C10002F939F938F937F936F93FF92EF928EE5C5
:106C200093E29F938F930E9496520FB6F894DEBF23
:106C30000FBECDBF27960FB6F894DEBF0FBECDBFF7
:106C4000DF91CF911F91FF90EF90089530E22EE3F6
:106C5000DCCF6091C80381EA9DE00F94517D0C94D4
:106C60007BB561E088EA9DE00E948C5A8093E60340
:106C70008091340E882341F082E08093E60362E045
:106C800088EA9DE00F94517D68E287EA9DE00E94CA
:106C90008C5A8093E40360E971E085EA9DE00E94EC
:106CA000745A61E084EA9DE00E948C5A8093E30369
:106CB00061E083EA9DE00E948C5A8093E20361E0E8
:106CC00082EA9DE00E948C5A8093E10361E080E2B9
:106CD0009CE00E948C5A8093E70308950F931F93C2
:106CE0008B010E949D9FFC0120812E3211F080E0DB
:106CF00034C0B8016E5F7F4F01960E949D9FFC01DA
:106D000020812E32A1F7B8016C5F7F4F01960E945F
:106D10009D9F20E430E0F80137832683FC01DF01EA
:106D20009191892F8F7DC1F187EF890F8230A0F17A
:106D30009D3091F19D3299F711969C919234E1F03A
:106D40007CF49134A1F60A5F1F4F28E030E045E063
:106D500064EC79E3CF010E9437A51F910F9108954C
:106D6000943491F0923519F60A5F1F4F20E230E01B
:106D700042E068EB79E3EECF0A5F1F4F20E130E09D
:106D800044E06FEB79E3E6CF0A5F1F4F30E020E08D
:106D900043E06BEB79E3DECF81E0DFCF44E150E00D
:106DA000662389F0BC0184E395E00F941A7B10926E
:106DB00048051092330587E29FE10E94E85E81E07A
:106DC00080935B020895BC0184E395E00F94AD834A
:106DD000EECF9091B903891780F4913061F48091DE
:106DE0004905882351F040E25EE460E070E089E408
:106DF00095E00C9450FF80E0089581E00895EF92B3
:106E0000FF921F93CF93DF93EC01162F862F0E94E2
:106E1000E9B68823E9F0BE0184E395E00F94DB7ABC
:106E20007C0189E495E00F94FD001093B903109262
:106E300031071092DC03EF2859F061E0CE010E9487
:106E4000CEB6DF91CF911F91FF90EF900C945AF73F
:106E5000DF91CF911F91FF90EF900895EF92FF92F5
:106E60001F93CF93DF93182FEB017A0180E00F94EB
:106E7000241610925C1210925B121092581210920B
:106E800057120F948E2A80E00E94556E0E94B153D3
:106E900048E05FE260E080E00E9492534AEF5EE2E9
:106EA00061E080E00E9492531150193088F4E12F84
:106EB000F0E08827E15AF8448F4F0D943D7E98B753
:106EC000A1B7B3B7CEB7D7B7DAB7DDB7E0B7E9B791
:106ED00048EE5EE262E080E00E9492534AED5EE29C
:106EE00063E080E00E94925368EE73E080E090E0FF
:106EF0000E9484FD80E00F94241664E670E080E038
:106F000090E00E9484FD0F948E2A80E00E94556ECE
:106F10000E942958882389F362E080E59FE20E945D
:106F2000FFB6DF91CF911F91FF90EF900C945AF72D
:106F30004FEC5EE262E080E00E94925342EC5EE23F
:106F4000CFCF49EB5EE262E080E00E94925342ECD8
:106F50005EE263E080E00E94925363E082E10E947F
:106F6000E552CE0118C043EB5EE262E080E00E9491
:106F7000925362E082E10E94E552CE010E943857AE
:106F80004BEA5EE263E080E00E94925363E082E1BC
:106F90000E94E552C7010E943857A6CF4BE95EE236
:106FA00062E080E00E94925343EB5EE2D2CF48E57C
:106FB00053E3C9CF47E453E3C6CF4EE85EE2F0CFD8
:106FC00042E85EE262E080E00E9492534DE75EE2BA
:106FD000C0CF4DE65EE262E080E00E94925345E65B
:106FE0005EE2B7CF8F929F92AF92BF92CF92DF9225
:106FF000EF92FF920F931F93CF93DF93F82E609140
:107000002E0E70912F0E8091300E9091310E0F94B4
:10701000C67F4B016B016091B5037091B6038091FF
:10702000B7039091B8030F94C67FEB019CE3A92EA0
:1070300088EC90E0FF2031F06B01E40124EBA22EFC
:1070400090E080E090935C1280935B1284E690E085
:10705000F11002C090E080E0909358128093571294
:107060000F948E2A81E00E94556EE12CB12C85E0B0
:10707000982E8091381281111CC00F948E2A81E0C5
:107080000E94556E00E911E020E042E06B2D87E0A0
:10709000F11001C088E00E94EEA8B82E8E2D692D57
:1070A0000F94DC7D911102C00E94015DE394EA100F
:1070B000E0CF10925C1210925B1210925812109254
:1070C00057120F948E2AB601DD0C880B990B4E01D6
:1070D000DD0FAA08BB08FF2009F44DC00F94BB7751
:1070E0009B01AC016091B5037091B6038091B70329
:1070F0009091B8030F94547E0F94C67FEB01C501A5
:10710000B4010F94BB779B01AC0160912E0E70917E
:107110002F0E8091300E9091310E0F94547E0F946B
:10712000C67F1091381211110CC0F11044C06930A3
:1071300071050CF046C08EE190E011E0C817D90748
:107140003CF440EE52E0BA0180E00E942EB710E01D
:107150000F948E2A81E00E94556E812FDF91CF918E
:107160001F910F91FF90EF90DF90CF90BF90AF9065
:107170009F908F9008950F94BB779B01AC01609115
:107180002E0E70912F0E8091300E9091310E0F9433
:10719000547E0F94C67FEB01C501B4010F94BB77F9
:1071A0009B01AC016091B5037091B6038091B70368
:1071B0009091B803B2CF89E090E06E3171050CF484
:1071C000BCCF40EE52E0BA0181E00E942EB7C0CFA2
:1071D0002F923F924F925F926F927F928F929F92E7
:1071E000AF92BF92CF92DF92EF92FF920F931F93D5
:1071F000CF93DF938C010E94CD4881E00E94556EB1
:107200001801220C331C220C331CE101C15ADD4E43
:1072100088809980AA80BB8020E030E040E050E484
:10722000C501B4010F94557E688379838A839B835B
:1072300060E070E084E392E40F94F33C95E0E92E83
:10724000F12C0E94CD4820E030E048E452E468810F
:1072500079818A819B810F94557E688379838A83A3
:107260009B836CE670E08EE20E946BAF60E070E0A2
:1072700088E493E40F94F33C0F94990B8091B4034A
:1072800062E270E0811102C064E470E08EE20E946C
:107290006BAF20E030E048E452E4688179818A8174
:1072A0009B810F94547E688379838A839B8360E0FB
:1072B00070E088E492E40F94F33C0F94990B1E99CC
:1072C0003AC01D9938C021E0E21AF10809F0B9CF9F
:1072D0000E94E2FE2B013C0124EC420E29E0521EEA
:1072E000611C711C81E00E94556EE101C15ADD4EA6
:1072F000C880D980EA80FB8020E030E040E85FE38E
:107300001E9926C01D9924C0C701B6010F94547E52
:10731000688379838A839B8360E070E084E392E4EE
:107320000F94F33C0F94990B0E94E2FE4616570609
:1073300068067906E8F668EC72E0012B11F06AEC59
:1073400072E040EE52E087E00E942EB780E030C04D
:10735000C501B4010F94547EA70196010F944A7F92
:1073600018164CF320E030E040E85FE3C501B401BB
:107370000F94557EA70196010F94DE8087FDDBCF29
:10738000E101C15ADD4E20E030E040E251E4C701A6
:10739000B6010F94557E688379838A839B8360E06E
:1073A00070E084E392E40F94F33C0F94990B81E036
:1073B000DF91CF911F910F91FF90EF90DF90CF90D1
:1073C000BF90AF909F908F907F906F905F904F9005
:1073D0003F902F9008952F923F924F925F926F921D
:1073E0007F928F929F92AF92BF92CF92DF92EF9255
:1073F000FF920F931F93CF93DF937C013B01CB014F
:107400006AE070E00F940A7E660E771EE114F104C4
:10741000E1F420E030E048E851E4609167127091B7
:1074200068128091691290916A120F94557E609350
:107430006712709368128093691290936A1260E0E9
:1074400070E084E392E40F94F33C10E000E0D0E0BD
:10745000C0E0D12CC12C312C512C5701AA0CBB1CE3
:10746000AA0CBB1CC501815A9D4E4C0194E0292EEB
:107470002E0C20E030E040E85FE3F4016081718190
:10748000828193810F94547EF4016083718382839F
:10749000938360E070E084E392E40F94F33C0F94F4
:1074A000990B1E9904C01D9902C01C9B39C053B092
:1074B000E114F10451F456FA552450F81D998EC088
:1074C000C2E0D0E0442443942CC0F1E0EF16F10474
:1074D00041F455FA552450F81E9BF2CFD0E0C0E09D
:1074E000F1CF54FA552450F883B18295869586954C
:1074F000837021E082278170C82F80E0D82F8F937E
:10750000CF931F925F92EFE6F8E3FF93EF930F9410
:10751000EF7B0F900F900F900F900F900F90D2CFA6
:10752000412C063011050CF04FC00F5F1F4F0F9418
:107530008E2A81E00E94556E6C147D0434F08FEF2A
:10754000C81AD80A442009F494CF511020C06AEC1C
:1075500072E091E0E916F10441F06CEC72E0E2E0D7
:10756000EE16F10411F068EC72E04AEC52E0C13022
:10757000D10531F04CEC52E0229711F048EC52E08A
:1075800084E0C614D7040CF483E00E942EB7F50102
:10759000E15AFD4E10821182128213820F94B33B86
:1075A000852DDF91CF911F910F91FF90EF90DF908C
:1075B000CF90BF90AF909F908F907F906F905F9093
:1075C0004F903F902F90089510E000E020E043E0BE
:1075D000632D822D0E94EEA8382EA9CFC1E0D0E005
:1075E00071CF0E945AF71092B9038091CA0381119A
:1075F00039C080914002811102C081E008958FEF6F
:1076000080935312809330050F948E2A83E00E945A
:10761000DE590E94E2FE6093F7167093F81680938D
:10762000F9169093FA1681E08093AF0368EE73E049
:1076300080E090E00E9484FD0F948E2A81E00E94F9
:10764000DE5910925312109230050F948E2A8091B9
:10765000B0039091B103459784F662E088EB9EE118
:107660000E94FFB680E008950E94F1BA882321F0BD
:107670008EED9EE10C94E85E0895CF93DF93EC01CC
:1076800080E00E94E9B6882331F061E0CE01DF910D
:10769000CF910C94CEB6DF91CF91089561E08EE644
:1076A00093E60E94F57082E0809331078CE09FE5BD
:1076B0000E943DBB0E945AF783E080935B020895CD
:1076C0000E94F1BA882341F110928C038CE09FE56F
:1076D0000E943DBB0F94990B88E0809331070E9474
:1076E000D15981E00E94DE591092381260E070E0BA
:1076F00080E89FE30E94444A1092CB038091840368
:10770000823011F40F94C3090E94CD488DEC9EE1A4
:107710000E94E85E109231070895CF93DF93EC0149
:1077200080E00E94E9B6882331F060E0CE01DF916D
:10773000CF910C94CEB6DF91CF910895CF93DF9384
:10774000C82FDFB7662389F1F8940F94BB0181E05D
:107750008093330E1092C9030E9493470F941740F1
:107760000E945D6710928C030F94D30BDFBF1092C1
:10777000CB030F94E70980916716882321F01092BC
:10778000D4130F941E4E80E19FE10E94E85E109298
:107790000613C1111092381281E08093320E1092BC
:1077A000350EDF91CF910C945AF7F89481E08093D5
:1077B000330E1092C9030E9493470F9417400E9402
:1077C0005D6710928C030F94D30BDFBFD4CF60E0C2
:1077D00081E00C949EBB4CEB57E360E080E00E949C
:1077E00092531E9916C046EB57E361E080E00E9479
:1077F00092531D9B11C043EB57E362E080E00E946F
:1078000092531C9B0CC04DEA57E363E080E00C945C
:10781000925349EB57E3E9CF40EB57E3EECF4AEA07
:1078200057E3F3CF0E94EBBB0C94BA58CF92DF9290
:10783000EF92FF920F931F93CF93DF93D82F6B019B
:107840007A01C22F40E2811101C04EE363E080E083
:107850000E949E53C6010E94A85240E2D13009F412
:107860004EE363E08C2F0E949E53C7010E94A852F2
:107870000115110519F1C8010F94EB7AD82EC70133
:107880000F94EB7ACE5F93E19D198C0F891708F462
:10789000892F833108F082E140E2D23009F44EE3CF
:1078A00063E00E949E53C801DF91CF911F910F9119
:1078B000FF90EF90DF90CF900C94A852DF91CF9182
:1078C0001F910F91FF90EF90DF90CF9008954F920E
:1078D0005F926F927F928F929F92AF92BF92CF9260
:1078E000DF92EF92FF920F931F93CF938C010E9430
:1078F000E2FE28EE33E040E050E00F94A07D690105
:107900007A010E94245884E08093780288EE882EC1
:1079100083E0982EA12CB12C2801712C612C0F949E
:107920008E2A81E00E94556E0E94E2FEA50194011C
:107930000F94A07D2C193D094E095F09421653068C
:107940006406750620F4C1E00115110509F4C0E0D4
:107950000E942958811102C0CC2309F382E0809350
:10796000780281E08C27CF911F910F91FF90EF90CB
:10797000DF90CF90BF90AF909F908F907F906F904F
:107980005F904F900895AF92BF92CF92DF92EF92A7
:10799000FF920F931F93CF93DF936C010E9472525B
:1079A000E601F12CE12C6F2D80E00E94E552C6012A
:1079B0000E9473FB882329F08FEFC81AD80A09F4B4
:1079C00049C0C6010F94EB7A8431910510F084E12F
:1079D00090E0E601C80FD91FE3E0FE120AC084312F
:1079E00041F4FE018491E12C882319F02297EE24C2
:1079F000E394FE018491882309F440C0CE010E94E3
:107A000073FB81113BC0FE01849192ED980F92307F
:107A1000A8F18C3299F196EC980F923078F18F336F
:107A200069F1813259F18E01C016D10658F458011E
:107A3000F1E0AF1AB108C5010E9473FB81111DC0AE
:107A40008501F2CFC016D106C9F0E801F39484E0B5
:107A5000F812A9CFEE20F9F048E863E083E10E9434
:107A60009E53CE01DF91CF911F910F91FF90EF9028
:107A7000DF90CF90BF90AF900895E801CC16DD065F
:107A800028F7F60184918A3009F30E942D54FFEF04
:107A9000CF1ADF0AF3CFD0E0C0E0E3CFCF93DF937C
:107AA000EC0180E00E94C3530E94B153CE01DF91EC
:107AB000CF910C94C3BCCF92DF92EF92FF92CF9301
:107AC0006B017C0182E08093310789EB9EE50E9487
:107AD0003DBB1092F0161092EF1620E030E044E328
:107AE00052E460916B1270916C1280916D129091C2
:107AF0006E120F94547E60936B1270936C1280938D
:107B00006D1290936E126AE077E58DEA92E40F941D
:107B1000F33C0F94990B20E030E04CE052E460918C
:107B20006B1270916C1280916D1290916E120F9485
:107B3000547E60936B1270936C1280936D129093CD
:107B40006E1269E27CE585E891E40F94F33C0F94B2
:107B5000990B20E030E0A901C701B6010F944A7FDC
:107B60008823E1F0A701960160916B1270916C126D
:107B700080916D1290916E120F94557E60936B12EE
:107B800070936C1280936D1290936E1260E070E0AF
:107B900080E291E40F94F33C0F94990B80E29CE215
:107BA0000E944EBD149A64E670E080E090E00E946E
:107BB00084FD82E00F942416C3E30E9429588111AA
:107BC00007C0C15029F084E690E00E949A70F5CF7A
:107BD0000F94990B0E942958882329F084E690E09D
:107BE0000E949A70F7CF81E00E94C3538AE593E622
:107BF0000E943DBB109231070E94A6FB8EEE96E1DB
:107C0000CF91FF90EF90DF90CF900C948F59CF924F
:107C1000DF92EF92FF9280E090E0A8ECB2E48093D4
:107C2000671290936812A0936912B0936A1265E587
:107C300075E585E591E40F94F33C80ED97E00E94B3
:107C40009A7080E094E20E944EBD60915B12709148
:107C50005C12072E000C880B990B0F94BB779B01CD
:107C6000AC0160912E0E70912F0E8091300E90918C
:107C7000310E0F94547E9F7720E030E040EA50E4CC
:107C80000F94DE801816A4F580E094E20E944EBDA9
:107C900064E080E00E94E55260915B1270915C129A
:107CA000072E000C880B990B0F94BB7720E030E077
:107CB00040E05FE30F94557E0F94C67F6B0120E098
:107CC00030E040E05FE360912E0E70912F0E8091C6
:107CD000300E9091310E0F94557E0F94C67FA60101
:107CE00082E80E9467FC88EE93E00E949A70ADCF14
:107CF000FF90EF90DF90CF9008952F923F924F9298
:107D00005F926F927F928F929F92AF92BF92CF922B
:107D1000DF92EF92FF920F931F93CF93DF9300D0E8
:107D200000D0CDB7DEB75C016C83342E3B832A8351
:107D300048012C2C009709F051C08701222DA40185
:107D40006A817B81832D0E9416BCD12CC12C0E949C
:107D5000E2FE2B013C010E94245884E080937802CB
:107D6000DE82CD8224E6298382E390E00E949A702D
:107D70003C8131113AC080913105909132050097D4
:107D800009F042C00E942958882309F467C08D81F8
:107D90009E81892B09F05EC082E08093780291E099
:107DA00090935C0280935B02832D26960FB6F89425
:107DB000DEBF0FBECDBFDF91CF911F910F91FF901E
:107DC000EF90DF90CF90BF90AF909F908F907F907B
:107DD0006F905F904F903F902F9008950E944EBDFE
:107DE0006C01892B09F0B3CFA8CF0E94E2FE641981
:107DF000750986099709613375478105910508F46E
:107E0000BACF33243A94C8CF2D813E81232BF9F485
:107E1000E114F104B1F097FF0FC031103A948701DB
:107E2000222DA4016A817B81832D0E9416BC1092B1
:107E3000320510923105A6CF32E0331681F3339428
:107E4000EECF392E3094331C3324331CE8CF87E037
:107E50000F942416C114D10479F484CF99819150E0
:107E60009983911181CFC114D10461F02D813E819C
:107E7000232B11F4BE82AD828D819E810E944EBD66
:107E80009E838D838D819E81892B09F06BCF870125
:107E9000222DA4016A817B81832D0E9416BC62CFB2
:107EA0004F925F926F927F928F929F92AF92BF920A
:107EB000CF92DF92EF92FF920F931F93CF93DF93B6
:107EC000CDB7DEB72D970FB6F894DEBF0FBECDBF8E
:107ED00080918F03813051F130F0823009F475C206
:107EE00010928F03FDC080912314882349F01092D3
:107EF000231410925C020F94845581E080935C02FD
:107F00000F946D5490939703809396038091340E51
:107F10008111E0C089E09FE00F942D7D809399034B
:107F200081E080938F038FEF8093980380919A0371
:107F3000811107C08AE993E00E9444FF81E08093A9
:107F40005B0280915B02811121C064EF71E08AE9DC
:107F500093E00E9415FF8823A1F0809198038F3F42
:107F600081F082E080938F0310929003109293032C
:107F7000109292038AE993E00E9444FF81E080938B
:107F80005B0280915B02882309F4A6C08FEF809387
:107F900098038AE993E00E9444FF0E94C05810921F
:107FA0005904CE0101965C019CED492E93E6592EB1
:107FB00080915904843008F093C010925C04809141
:107FC000C703882309F4A3C082E29EE20E947D5683
:107FD00066ED73E18FE794E10F94641F8091D613EF
:107FE0008F3209F097C080914516882331F064E7FD
:107FF0007AEA89E19EE20E944C5680909603909026
:1080000097037724739491E0891A910808F4D0C1FA
:1080100080915C0490915B048913C6C160919903BF
:10802000C4010F94F45D80915C0490E020913105CF
:1080300030913205609020148217930751F490928A
:108040009503809294036092910340915904409368
:10805000980340915B02662009F461C04423C9F093
:108060004091EB1306ED13E1442311F00BEE13E105
:10807000609159044EE38217930709F040E280E0D3
:108080000E949E5385E80E94AC5262E1C8010E94A2
:10809000D05680915C0490915A04992309F484C1CC
:1080A00020913105309132058217130609F07CC109
:1080B00010925C0261E086ED93E10F9408571092F4
:1080C0003205109231050E943B4670925C020E947C
:1080D000FF4599CF82E022CF0E942958811156CFC7
:1080E0002D960FB6F894DEBF0FBECDBFDF91CF91B6
:1080F0001F910F91FF90EF90DF90CF90BF90AF90C6
:108100009F908F907F906F905F904F90089589EE31
:108110009FE25CCF6EE77AEA8FE598E36CCF442369
:10812000B1F04091EB1306ED13E1442311F00BEE97
:1081300013E1609159044EE38217930709F040E27E
:1081400080E00E949E5363E1C8010E94D056809156
:108150005C0490915A04992309F426C120913105B9
:10816000309132058217130609F01EC110925C028D
:1081700080918D038111A9CF66ED73E1C5010F9444
:108180009883750105E91FE0F70161917F0166237E
:1081900019F06E3209F044C060E0C8010F94517DBF
:1081A0006EE270E0C5010F9484837C01892B19F085
:1081B0002FEFE21AF20A670101E91CE0E114F10471
:1081C00021F0F6016081611101C060E0C8010F94E7
:1081D000517D0F5F1F4FFFEFCF1ADF0A04392CE0EC
:1081E000120761F7C09074156C2D8AE59FE00F941B
:1081F000517D82ED93E10AE01FE0D12C7C01E9E0A2
:10820000EE0EF11CDC14B9F048E050E0B8018E5AD3
:108210009F4F0F94417DD394085F1F4FC701EECF4E
:10822000C8010F94517D0F5F1F4F0D39FFE01F07ED
:1082300009F0AACFB5CF8091340E882391F0BF9278
:10824000AF925F924F920E94C37161E088ED93E616
:108250000E94F5700F900F900F900F900E945AF7A8
:1082600034CF61E0C5010F943F58C090E116D09023
:10827000E216E090E316F090E4169C2D8D2DF1E0CF
:10828000CF16F8E7DF06E104F10410F090E088E78C
:10829000092F182F21E0C21628E7D206E104F104C5
:1082A00008F45CC088E7D81AE108F108C092E81623
:1082B000D092E916E092EA16F092EB16C701B601E9
:1082C0000F9435500E945D6770928C036AEF7DE2D7
:1082D000C8010E94C0558091E8169091E916A091BE
:1082E000EA16B091EB164091E1165091E2166091BA
:1082F000E3167091E41684179507A607B70790F563
:10830000611030C020916716211103C080E090E019
:10831000DC018C199D090E94D2547092D4130E94E2
:10832000C6698091391290913A12892BA1F280E2AC
:108330009FE10F94D42C811106C08AE598E30F9435
:10834000D42C882311F066246394809150128111FB
:1083500002C00E94725B10925012E3CFC12CD12C4C
:108360007601B0CF0E94F35410928C030F9477598A
:108370008AE593E60E943DBB611061CF8AE0C82E7A
:10838000F12CE12C01EA10E328EA30E341E060E05F
:1083900088E09EE20E947DBE182F81E00E94C353B8
:1083A000112309F44CCF5ACF8F5F80935C042BCEFE
:1083B0000E940F46809159048F5F809359048091E9
:1083C0005B048F5F80935B04F3CD80918E0311E09B
:1083D000811105C080915B02811101C010E0809184
:1083E000920390919303892B91F46091990380916A
:1083F0009403909195030F94F45D8091EB13811198
:1084000046C086ED93E190939303809392031111FC
:10841000109290036CE271E08AE993E00E9415FFEC
:10842000811103C0112309F45BCE8091910302E115
:10843000811101C003E14EE36091980380E00E9446
:108440009E5380919103882319F085E80E942D5452
:10845000209190038091920390919303602F820F5B
:10846000911D0E94D056811115C08AE993E00E94A7
:1084700044FF809190038F5F80939003112309F450
:108480002FCE10929A0381E080938F0329CE8BEE3A
:1084900093E1B9CF10929A03F1CFCF92EF92FF926E
:1084A0000F931F932AE0C22EF12CE12C0CEE1DE25B
:1084B00028EE3DE20E947DBE1F910F91FF90EF904C
:1084C000CF90089541E061E080E498E30E944DC2BE
:1084D000811107C061E08CE398E30E94F5700E946F
:1084E0005AF781E00E94C35382E080935B020895B3
:1084F000CF938091FE128130A1F481EA90E30E9433
:10850000EAAB853088F58093DF038AE080938D03A2
:1085100020E041E070E060E089EA9BEFCF910C94AD
:1085200043468FE59FE00F942D7D8111EECF809122
:10853000EE168230E1F40E94F6B2982F9111E5CF49
:108540008FE893E20E944EBD0E942458C4E184E665
:1085500090E00E949A700E942958811102C0C15077
:10856000B1F781E080935C02CF910C94A74641E083
:1085700060E086E398E20E944DC291E0811190E0B4
:1085800081E080935C02DACF40E0682F81EC94E2D6
:108590000E944DC2811102C00C9468A50895DF921B
:1085A000EF92FF920F931F93CF93DF9300D01F9210
:1085B000CDB7DEB78CEA9DE00F942D7DE82E8BEAD7
:1085C0009DE00F942D7D182F8AEA9DE00F942D7D5C
:1085D000082F0E94C0581092590480E3F82EF10E23
:1085E00098E7D92E005D80915904843008F047C087
:1085F00010925C040E94B245882329F0173019F4C8
:1086000081E00E94C4C28FED9DE20E947D56F982F6
:10861000DA82FB821C8220E045E751EABE016F5FEF
:108620007F4F8AED9DE20E94445709831A8220E021
:1086300046E651EABE016F5F7F4F8EEC9DE20E94DD
:1086400044576CEB7DE2173031F46AE972E6EE20B4
:1086500011F06EE972E622E041E851EA80EC9DE219
:108660000E9444570E940F46909159049F5F909337
:10867000590490915B049F5F90935B04B4CF0F907B
:108680000F900F900F90DF91CF911F910F91FF905E
:10869000EF90DF900895CF92DF92EF92FF920F93C9
:1086A0001F93CF93DF93D82EC92E01E080915C02F7
:1086B000811101C000E010925C028D2D9C2D0E9462
:1086C0004EBD7C010E94245884E080937802E7012B
:1086D000209729F449E863E083E10E949E5314E661
:1086E00082E390E00E949A700E942958882381F0CA
:1086F000209781F482E08093780200935C02DF91FE
:10870000CF911F910F91FF90EF90DF90CF90089540
:10871000115031F7E114F104D9F2209711F4CD2D65
:10872000DC2DCE010E944EBDEC01D2CF2F923F92A4
:108730004F925F926F927F928F929F92AF92BF9271
:10874000CF92DF92EF92FF920F931F93CF93DF931D
:10875000CDB7DEB7CE5CD1090FB6F894DEBF0FBE41
:10876000CDBF182F811104C00F94BB010E940E5B76
:1087700080E00E94C3530F9427620E949345109299
:10878000550510925405EDE0F7E083E0DF011D92FE
:108790008A95E9F781E00E94F248C755DF4F998337
:1087A0008883C95AD0408CE297E30E944EBD60E0B6
:1087B00070E080EA90E40E9482500E943A4A80E091
:1087C0000F94F25F81E00F94F25F0F94B33B0F942C
:1087D0001B161092770220E030E040EA50E46091EE
:1087E0005F127091601280916112909162120F94E9
:1087F000557E60935F127093601280936112909324
:10880000621220E030E040EA50E46091631270911F
:10881000641280916512909166120F94557E609358
:10882000631270936412809365129093661260E0F5
:1088300070E080EA91E40F94F33C0F94990B812F40
:108840000F946240E5968FAFE597811104C0E596DD
:108850001FAEE5970EC382EF96E30E944BC3112330
:1088600009F4E4C240E060E084E595E30E944DC273
:10887000882321F08FE295E30E944BC382EC96E3BC
:108880000E944EBD4BE051E263E080E00E949253B3
:108890000E94CD48111120C084E08093780241E00D
:1088A00060E084E595E30E944DC2811104C087E039
:1088B00095E30E944BC38CE096E30E944BC382E099
:1088C0008093780282EA96E30E944EBD43E051E233
:1088D00063E080E00E949253009177021092770249
:1088E00060E070E080E89FEB0E942050C12CD12C0A
:1088F00080EAE82E80E4F82EC0926712D0926812C7
:10890000E0926912F0926A1281E08093770260E04F
:1089100070E080EA91E40F94F33C0F94990B00937C
:10892000770282E00F94850B2DEC3CEC44EA50E496
:108930000F944A7F18160CF480C282E00F94850BC6
:1089400023E333E34BE950E40F94DE8087FD75C2E7
:10895000111178C280E10E940CB581EA9DE00F946C
:108960002D7DBBE08B9FC001112470E060E0805B37
:10897000924F0F946F7D0E94CD48E7E0F3E184ECC5
:10898000DF011D928A95E9F788EF9DE30E94F35C71
:1089900081E090E00F94E44D82EA96E30E944EBDA0
:1089A000C0926712D0926812E0926912F0926A1235
:1089B000B2E0E196BFAFE19723ED3DE3CD56DF4F47
:1089C00039832883C359D04046E053E1CF56DF4F67
:1089D00059834883C159D040A0965FAF4EAFA0974E
:1089E000E0963FAF2EAFE097A7961FAEA797312C2A
:1089F000212C0E94CD4863E080E00E94E552BFEF49
:108A00002B1A3B0A3F922F92E3EFFDE3FF93EF9384
:108A10000E94965265E575E585E591E40F9415424F
:108A2000E096EEADFFADE09785919591A591B4915B
:108A300080935F1290936012A0936112B0936212C0
:108A4000E096EEADFFADE097349685919591A591B6
:108A5000B4918093631290936412A0936512B093C3
:108A6000661260E070E088E492E40F94154248E5F5
:108A70005CE35F934F930F94EF7B47E45CE363E029
:108A800084E00E9492530F94BB010F94990B809144
:108A90006F008D7F80936F000FB6F894A89580913A
:108AA0006000886180936000109260000FBE109299
:108AB0005305109252058AE29FE9909351058093E5
:108AC0005005A9E8BEE9B0934F05A0934E0500916B
:108AD00028071091290720912A0730912B074091F0
:108AE00024075091250760912607709127078091F0
:108AF000200790912107A0912207B09123073F936F
:108B00002F931F930F937F936F935F934F93BF9315
:108B1000AF939F938F93E7EFFCE3FF93EF930F9453
:108B2000EF7B4090200750902107609022077090C3
:108B30002307B42CA52C8091240790912507A091A0
:108B40002607B0912707A6968CAF9DAFAEAFBFAFFB
:108B5000A697A3969FACA397A4968FACA497C0901A
:108B60002807D0902907E0902A07F0902B070FB62E
:108B7000F894DEBF0FBECDBFB5E0CB16B7EFDB0676
:108B80000CF4D1C11A8219821F921F92E3E0EF9375
:108B9000F4E8FF931F9224E62F93DF92CF928F92F7
:108BA0009F92AF92BF924EE65CE35F934F930F9418
:108BB000EF7B0FB6F894DEBF0FBECDBF89819A81DF
:108BC000803D924008F47AC189819A81803A95402B
:108BD00010F00C94D4D49E012F5F3F4F790110E028
:108BE00000E02CE73CEFA60144565109692D782D91
:108BF0008B2D9A2D0F94026B882311F40C94D4D4EE
:108C000089819A8180539D4FC0902807D090290771
:108C1000E0902A07F0902B07009124071091250778
:108C20002091260730912707409120075091210776
:108C300060912207709123079F938F93DF92CF92C9
:108C40001F930F935F934F9383ED9CE39F938F93B9
:108C50000F94EF7B409128075091290760912A07D4
:108C600070912B074854510900E028EC30E0A3969E
:108C70006FADA397A4967FADA497C2010E94CCB11B
:108C8000209120073091210740912207509123071E
:108C90006E962CAF3DAF4EAF5FAF6E9780912407BD
:108CA00090912507A0912607B0912707AE968CAF2B
:108CB0009DAFAEAFBFAFAE97209128073091290787
:108CC00040912A0750912B07E9962CAF3DAF4EAF4C
:108CD0005FAFE997A2E3BBE00FB6F894DEBF0FBE2B
:108CE000CDBF90E080E0FC01E259F24C2591349137
:108CF0002D933D93FC01EA5AF24C259134915796FD
:108D00003C932E93569702968831910561F7E7962A
:108D10004EAD5FADE797AC966EAD7FADAC976C9600
:108D20008EAD9FAD6C970F948A6722E337E0A496CF
:108D30003FAF2EAFA4977901A0E29A2EB9E1CB2ED6
:108D4000BDE3DB2E09ED12E65701F0E28F2ED501CF
:108D50008D915D011F928F93DF92CF920F94EF7BE5
:108D60008A940F900F900F900F908110F0CF1F9367
:108D70000F930F94EF7B9A94B0E2EB0EF11C0F90DF
:108D80000F909110E1CF1F930F930F94EF7B62E34D
:108D90007BE00F900F90E2E3F7E090E080E050E09E
:108DA00040E021912111FFC24F5F5F4F6E177F0797
:108DB000C1F79A01280F391F25383340A4F04333F7
:108DC00051058CF08333910574F020E034E0241BCE
:108DD000350B281B390B241735072CF41DEF2817EA
:108DE00039070CF4D0C066961FAE669762961FAE28
:108DF000629722961FAE2297198282E397E0892B11
:108E000099F082E39BE00FEF009749F0AE014F5AD3
:108E10005F4FBE016B5A7F4F0F94AD66082F8AE4F7
:108E20009BE0892B09F0C4C28FEFD4C282EA96E39B
:108E30000E944EBD47E051E227CD84E09EE30E94B0
:108E40004BC305CDC755DF4F88819981C95AD040A2
:108E50000E94D8480E942C440E9468420E946F657C
:108E6000E5968FAFE597882309F4F1CC84E00E9462
:108E700061B581E00E94C353E5968FADE597C2537B
:108E8000DF4F0FB6F894DEBF0FBECDBFDF91CF919D
:108E90001F910F91FF90EF90DF90CF90BF90AF9018
:108EA0009F908F907F906F905F904F903F902F900A
:108EB0000895E1E0E196EFAFE1977ECDFE013196B6
:108EC0007F0110E000E024E833E0A601692D782D51
:108ED0008B2D9A2D0F94026B882309F475CE89810E
:108EE0009A8192CE89819A8180349B40B8F4CE01D8
:108EF00001967C0104EB10E02CE73CEFA6014C52FC
:108F00005140692D782D8B2D9A2D0F94026B88235B
:108F100029F089819A818059974F76CE90E9C91AB4
:108F200091E0D90A29CE00912807109129072091B4
:108F30002A0730912B074091240750912507609113
:108F40002607709127078091200790912107A09113
:108F50002207B09123073F932F931F930F937F9383
:108F60006F935F934F93BF93AF939F938F9386EAD3
:108F70009CE39F938F930F94EF7B0FB6F894DEBF23
:108F80000FBECDBF1FEF86E89DE39F938F930F9495
:108F9000EF7B63E084E00E94E55280E10E94B352DF
:108FA0000F94D03E88E198E20FB6F894A89580938C
:108FB00060000FBE90936000809160008064809399
:108FC000600080916F00826080936F000F900F901F
:108FD0001D3F09F464C31F3F11F40C9499D420E0A1
:108FE00030E0A901A096EEADFFADA097618172813E
:108FF000838194810F94FA7720915F1230916012EF
:1090000040916112509162120F94557EA096AEADC0
:10901000BFADA09711966D937D938D939C931497FC
:10902000C0906312D0906412E0906512F0906612C6
:1090300020E030E0A90115966D917D918D919C9174
:1090400018970F94FA77A70196010F94557EA09672
:10905000EEADFFADA097658376838783908720E090
:1090600030E040E850ECC701B6010F944A7F87FF1B
:109070000CC080E090E0A0E8B0EC80936312909385
:109080006412A0936512B093661220E030E040E4D1
:1090900050E460916712709168128091691290910A
:1090A0006A120F94557E60936712709368128093D2
:1090B000691290936A12E0962EAD3FADE097285F5B
:1090C0003F4FE0963FAF2EAFE097A0964EAD5FAD1D
:1090D000A097485F5F4FA0965FAF4EAFA09754E058
:1090E0002516310409F085CCA7966FADA7976623A6
:1090F00031F0E1968FADE197813009F0DACE82EE62
:1091000090E29F938F930F94EF7B90E080E00E941A
:109110009A700F900F9020E030E040E950EC6091A1
:109120000B1370910C1380910D1390910E130F94EB
:109130004A7F87FFBBC282ED9DE30E94E85E80EA22
:109140009DE30E94F35C60910B1370910C1380916E
:109150000D1390910E1342E00E94755C8CE99DE323
:109160000E94F35C60E070E080E990EC0F94C74DE2
:1091700092E0AF969FAFAF971092371310923813CB
:109180001092391310923A1310923B1310923C1321
:1091900010923D1310923E13A4E6E696AFAFE69709
:1091A000A2961CAE1DAE1EAE1FAEA297A6961CAE1A
:1091B0001DAE1EAE1FAEA697FE0131966896FFAF9C
:1091C000EEAF68979E012F5B3F4F6A963FAF2EAF81
:1091D0006A97A6966CAD7DAD8EAD9FADA6970F94A8
:1091E0004F7F6E966CAF7DAF8EAF9FAF6E97A6969A
:1091F0006CAD7DAD8EAD9FADA6970F941582CB570C
:10920000DF4F688379838A839B83C558D040A296B9
:109210006CAD7DAD8EAD9FADA2970F944F7FC757BC
:10922000DF4F688379838A839B83C958D040A29695
:109230006CAD7DAD8EAD9FADA2970F941582CB56D0
:10924000DF4F688379838A839B83C559D0406896B2
:10925000AEADBFAD6897E0E41D92EA95E9F780E115
:109260006A96AEADBFAD6A971D928A95E9F790E018
:1092700080E00E949A70209137133091381340910A
:10928000391350913A13C555DF4F288339834A83E8
:109290005B83CB5AD04080913B1390913C13A091BB
:1092A0003D13B0913E13C155DF4F88839983AA8344
:1092B000BB83CF5AD040DE01AF5BBF4FC756DF4FF5
:1092C000B983A883C959D040FE013196AC96FFAF4F
:1092D000EEAFAC9700E0CB56DF4F288139814A8151
:1092E0005B81C559D0405058ED962CAF3DAF4EAF85
:1092F0005FAFED97C757DF4F88819981AA81BB8106
:10930000C958D040B058C358DF4F88839983AA8387
:10931000BB83CD57D040CB57DF4F288139814A815D
:109320005B81C558D0405058CF57DF4F28833983D1
:109330004A835B83C158D040AC962EAC3FACAC970F
:1093400010E076E0472E73E1572EE4E07E2EC12C2C
:10935000D12C7601013011F40C9444D5113011F464
:109360000C94F6D4002311F40C9436D5023009F095
:10937000A1C1D20111962D913D914D915C9114970F
:10938000CF57DF4F688179818A819B81C158D04056
:109390000F94FA774B015C0111119AC160E070E003
:1093A00080E89FE3AAC12F3F09F000CD0196FECCD3
:1093B000AE014F5F5F4FBE016F5B7F4F8AE49BE062
:1093C0000F94AD6666966FAD669762961FAD629715
:1093D000801728F022966FAD22971981082F083543
:1093E00008F45BC170E090E080E00F94BB7720E070
:1093F00030E040EB50E40F94557E2B013C01659624
:109400004CAE5DAE6EAE7FAE6597612F70E090E0C2
:1094100080E00F94BB7720E030E040EB50E40F9405
:10942000557E4B015C0125968CAE9DAEAEAEBFAEB7
:10943000259720E030E040E950E429833A834B83CC
:109440005C83AE014F5F5F4FBE016F5B7F4FCE010C
:109450008F5A9F4F0F946263A301920165966CAD82
:109460007DAD8EAD9FAD65970F94547E6B017C01F1
:109470009F7720E030E040E450E40F94DE8018163F
:1094800034F1A501940125966CAD7DAD8EAD9FADF7
:1094900025970F94547E9F7720E030E040E450E41D
:1094A0000F94DE8018169CF020E030E040EA50E493
:1094B00069817A818B819C810F94547E9F7720E013
:1094C00030E040E450E40F94DE801816BCF520E054
:1094D00030E040EA50E469817A818B819C810F946D
:1094E000547E9F938F937F936F93A501940125964C
:1094F0006CAD7DAD8EAD9FAD25970F94547E9F933F
:109500008F937F936F93FF92EF92DF92CF928AE3D4
:109510009DE39F938F930F94EF7B65964CAE5DAE6A
:109520006EAE7FAE659725968CAE9DAEAEAEBFAEED
:1095300025970FB6F894DEBF0FBECDBF20E030E018
:1095400048E751E465966CAD7DAD8EAD9FAD6597F6
:109550000F94547E20E030E040E852E40F94FA7714
:109560006B017C016C96AEADBFAD6C97BD01BB0FBE
:10957000880B990B0F94BB779B01AC01C701B60117
:109580000F94557E6B017C016596CCAEDDAEEEAEE0
:10959000FFAE659720E030E048E751E425966CADDA
:1095A0007DAD8EAD9FAD25970F94547E20E030E0C9
:1095B00040E852E40F94FA774B015C01AC96EEADB3
:1095C000FFADAC97BF01FF0F880B990B0F94BB77D2
:1095D0009B01AC01C501B4010F94557E25966CAF7B
:1095E0007DAF8EAF9FAF25972AE037ED43E25CE376
:1095F0000F94FA779F938F937F936F932AE037EDC1
:1096000043E25CE3C701B6010F94FA779F938F930F
:109610007F936F938EE19DE39F938F930F94EF7BE6
:1096200020E030E040E05FE325966CAD7DAD8EAD8F
:109630009FAD25970F94557E0F94C67F6B0120E058
:1096400030E040E05FE365966CAD7DAD8EAD9FADE3
:1096500065970F94557E0F94C67FCB0100E028ECF0
:1096600030E0E7964EAD5FADE797B6010E94CCB112
:109670000FB6F894DEBF0FBECDBF10E082E19EE0D2
:10968000A496AEADBFADA4971D92A496BFAFAEAFEA
:10969000A4978A179B07A1F776CC1FEFEFCFE5962B
:1096A000BFADE597A796BFAFA79799CCAF961FAE72
:1096B000AF9762CDF2012581368147815085C3582D
:1096C000DF4F688179818A819B81CD57D04060CE00
:1096D000123011F00C9440D4D20111962D913D918D
:1096E0004D915C911497CF57DF4F688179818A81C2
:1096F0009B81C158D0400F94FA779B01AC01C50102
:10970000B4010F94FA779B01AC01C701B6010F9425
:10971000557E6B017C0101110C944ED57A94F8E0D2
:109720004F0E511C711016CED101CD92DD92ED92EB
:10973000FD921D011F5F143009F003CE43ED242E6E
:109740004DE3342EE6E0F3E1A896FFAFEEAFA89725
:10975000C357DF4F1882CD58D040C356DF4F188211
:10976000CD59D040CF55DF4F1882C15AD04010E0BC
:10977000A896AEADBFADA89711962D913D914D9194
:109780005C911497E4962CAF3DAF4EAF5FAFE4977A
:1097900015964D905D906D907C901897002311F474
:1097A0000C9473D4812C912C5401013081F002303F
:1097B00011F00C9467D4CF57DF4F688179818A818B
:1097C0009B81C158D0400F94FA774B015C01E4961D
:1097D0002CAD3DAD4EAD5FADE4976E966CAD7DADFD
:1097E0008EAD9FAD6E970F94FA776B017C01F101FE
:1097F0002591359145915491CB55DF4F288339837D
:109800004A835B83C55AD040A3019201CB56DF4FF8
:10981000688179818A819B81C559D0400F94FA77FC
:109820009B01AC01C701B6010F94547EC555DF4FB3
:10983000288139814A815B81CB5AD0400F94557E73
:10984000CB55DF4F288139814A815B81C55AD04091
:109850000F94547EA50194010F94FA77C357DF4FFC
:109860002881CD58D040C356DF4F3881CD59D040E4
:10987000CF55DF4F4881C15AD040512F0F94557EAC
:10988000C357DF4F688379838A839B83CD58D04049
:10989000002311F40C947BD4013011F40C9480D487
:1098A000023061F0A3019201ED966CAD7DAD8EADFD
:1098B0009FADED970F94FA776B017C01F10134961F
:1098C00085909590A590B490E4962CAD3DAD4EADAD
:1098D0005FADE497CB57DF4F688179818A819B81A7
:1098E000C558D0400F94FA77E4966CAF7DAF8EAF39
:1098F0009FAFE497A3019201C757DF4F6881798139
:109900008A819B81C958D0400F94FA779B01AC01A2
:10991000E4966CAD7DAD8EAD9FADE4970F94557E12
:10992000C155DF4F288139814A815B81CF5AD040B0
:109930000F94557EA50194010F94547EA7019601C2
:109940000F94FA77C357DF4F288139814A815B81B1
:10995000CD58D0400F94557EC357DF4F6883CD5804
:10996000D040C356DF4F7883CD59D040CF55DF4F1D
:109970008883C15AD040192FA8964EAD5FADA897E5
:10998000485F5F4FA8965FAF4EAFA89758E0250E8F
:10999000311CA6E2B3E1A896EEADFFADA897AE17D5
:1099A000BF0709F0E5CE9058C756DF4FA881B981AF
:1099B000C959D0406D937D938D939D93C756DF4FCA
:1099C000B983A883C959D0400F5FAC96EEADFFAD07
:1099D000AC977096AC96FFAFEEAFAC97043009F041
:1099E000ABCC25962CAD3DAD4EAD5FAD2597AE967B
:1099F0002CAF3DAF4EAF5FAFAE978D819E81AF81F3
:109A0000B885E4968CAF9DAFAEAFBFAFE497298524
:109A10003A854B855C85ED962CAF3DAF4EAF5FAF81
:109A2000ED978D859E85AF85B889C358DF4F8883B4
:109A30009983AA83BB83CD57D04029813A814B813A
:109A40005C81CF57DF4F288339834A835B83C158BA
:109A5000D04029968CAD9DADAEADBFAD2997CB570B
:109A6000DF4F88839983AA83BB83C558D040298957
:109A70003A894B895C89C757DF4F288339834A83EA
:109A80005B83C958D040898D9A8DAB8DBC8DCB56E8
:109A9000DF4F88839983AA83BB83C559D0402D8D1E
:109AA0003E8D4F8D58A1C756DF4F288339834A8397
:109AB0005B83C959D0408D899E89AF89B88DC357C2
:109AC000DF4F88839983AA83BB83CD58D0402D96DE
:109AD0002CAD3DAD4EAD5FAD2D97C356DF4F288306
:109AE00039834A835B83CD59D04089A19AA1ABA128
:109AF000BCA1CF55DF4F88839983AA83BB83C15A0A
:109B0000D0402DA13EA14FA158A5CB55DF4F2883B2
:109B100039834A835B83C55AD0408DA59EA5AFA5E6
:109B2000B8A9CD54DF4F88839983AA83BB83C35BD5
:109B3000D04029A53AA54BA55CA5C954DF4F288381
:109B400039834A835B83C75BD04061968CAD9DAD02
:109B5000AEADBFAD6197C554DF4F88839983AA83AB
:109B6000BB83CB5BD04029A93AA94BA95CA9C154BE
:109B7000DF4F288339834A835B83CF5BD0408DA935
:109B80009EA9AFA9B8ADCD53DF4F88839983AA832F
:109B9000BB83C35CD04029AD3AAD4BAD5CADC9537E
:109BA000DF4F288339834A835B83C75CD04021968B
:109BB0008CAD9DADAEADBFAD2197C553DF4F888352
:109BC0009983AA83BB83CB5CD04014E6C12CD12CF3
:109BD00076014601570126013701A3019201E4965F
:109BE0006CAD7DAD8EAD9FADE4970F94FA779B0180
:109BF000AC01AE966CAD7DAD8EAD9FADAE970F94C2
:109C0000547E2B013C01A5019401ED966CAD7DAD18
:109C10008EAD9FADED970F94FA779B01AC01C30118
:109C2000B2010F94547E2B013C01A7019601C35849
:109C3000DF4F688179818A819B81CD57D0400F9415
:109C4000FA779B01AC01C301B2010F94547ECF5748
:109C5000DF4F288139814A815B81C158D0400F9400
:109C6000547F6E966CAF7DAF8EAF9FAF6E97C75728
:109C7000DF4F288139814A815B81C958D0400F94D8
:109C8000FA779B01AC01CB57DF4F688179818A81DC
:109C90009B81C558D0400F94547E2B013C01A501F7
:109CA0009401CB56DF4F688179818A819B81C559A8
:109CB000D0400F94FA779B01AC01C301B2010F941D
:109CC000547E4B015C01A7019601C756DF4F6881A6
:109CD00079818A819B81C959D0400F94FA779B0181
:109CE000AC01C501B4010F94547EC357DF4F2881E6
:109CF00039814A815B81CD58D0400F94547F2B012C
:109D00003C01CF55DF4F288139814A815B81C15A9F
:109D1000D0406E966CAD7DAD8EAD9FAD6E970F94BD
:109D2000FA779B01AC01C356DF4F688179818A8144
:109D30009B81CD59D0400F94547E4B015C01CB5593
:109D4000DF4F288139814A815B81C55AD040C301E8
:109D5000B2010F94FA779B01AC01C501B4010F94D5
:109D6000547E4B015C01A7019601CD54DF4F688101
:109D700079818A819B81C35BD0400F94FA779B01E4
:109D8000AC01C501B4010F94547EC954DF4F288142
:109D900039814A815B81C75BD0400F94547F4B016E
:109DA0005C01C154DF4F288139814A815B81CF5BDF
:109DB000D0406E966CAD7DAD8EAD9FAD6E970F941D
:109DC000FA779B01AC01C554DF4F688179818A81A4
:109DD0009B81CB5BD0400F94547E6B017C01CD53B3
:109DE000DF4F288139814A815B81C35CD040C30148
:109DF000B2010F94FA779B01AC01C701B6010F9431
:109E0000547E6B017C01C953DF4F288139814A811F
:109E10005B81C75CD040C501B4010F94FA779B0108
:109E2000AC01C701B6010F94547EC553DF4F2881A2
:109E300039814A815B81CB5CD0400F94547F6B01A8
:109E40007C01115009F0C9CE6E962CAD3DAD4EADE2
:109E50005FAD6E97C555DF4F688179818A819B819F
:109E6000CB5AD0400F94557E6093371370933813BC
:109E70008093391390933A13A3019201C155DF4F98
:109E8000688179818A819B81CF5AD0400F94557E19
:109E900060933B1370933C1380933D1390933E1358
:109EA000A5019401A6966CAD7DAD8EAD9FADA69734
:109EB0000F94557EA6966CAF7DAF8EAF9FAFA697E1
:109EC000A7019601A2966CAD7DAD8EAD9FADA29718
:109ED0000F94557EA2966CAF7DAF8EAF9FAFA297C9
:109EE000E6969FADE6979150E6969FAFE697911163
:109EF00070C9A6966CAD7DAD8EAD9FADA6970F9443
:109F00004F7F6093271370932813809329139093A6
:109F10002A13A6966CAD7DAD8EAD9FADA6970F941E
:109F2000158260932B1370932C1380932D139093B1
:109F30002E13A2966CAD7DAD8EAD9FADA2970F9402
:109F40001582905860932F137093301380933113C0
:109F500090933213A2966CAD7DAD8EAD9FADA2975E
:109F60000F944F7F609333137093341380933513A2
:109F700090933613A6962CAD3DAD4EAD5FADA69732
:109F8000A2966CAD7DAD8EAD9FADA2970F94547E21
:109F90004B015C017C016B01E894F7F821EE3EE295
:109FA00045E652E4A2966CAD7DAD8EAD9FADA29715
:109FB0000F94FA779F938F937F936F9321EE3EE2F6
:109FC00045E652E4C501B4010F94FA779F938F934D
:109FD0007F936F938EE890E29F938F930F94EF7B24
:109FE000B701A60180E69FE00F94637D0FB6F89459
:109FF000DEBF0FBECDBF2FE132E449E05BE3C70116
:10A00000B6010F94DE8010E0181664F425E33AEFF1
:10A010004EE85BE3C701B6010F94DE8012E018162C
:10A020000CF011E025E33AEF4EE85BE3A6966CAD49
:10A030007DAD8EAD9FADA6979F770F94DE801816ED
:10A040000CF466C425E33AEF4EE85BE3A2966CADF0
:10A050007DAD8EAD9FADA2979F770F94DE801816D1
:10A060000CF456C4209127133091281340912913E2
:10A0700050912A13AE962CAF3DAF4EAF5FAFAE9767
:10A0800080912F1390913013A0913113B09132131E
:10A09000E9968CAF9DAFAEAFBFAFE9972091371374
:10A0A000309138134091391350913A13E4962CAF04
:10A0B0003DAF4EAF5FAFE49780912B1390912C137F
:10A0C000A0912D13B0912E13ED968CAF9DAFAEAF36
:10A0D000BFAFED9720913313309134134091351376
:10A0E00050913613C358DF4F288339834A835B83EB
:10A0F000CD57D04080913B1390913C13A0913D13DC
:10A10000B0913E13CF57DF4F88839983AA83BB83D7
:10A11000C158D040A3EDBDE36C96BFAFAEAF6C9716
:10A1200096E0292E93E1392EF101C180D280E3809F
:10A13000F48045805680678070846C96EEADFFADEC
:10A140006C972591359145915491CB57DF4F2883DA
:10A1500039834A835B83C558D0406C96EEADFFAD22
:10A160006C97349685909590A590B490ED962CAD13
:10A170003DAD4EAD5FADED97C701B6010F94FA77D7
:10A18000C757DF4F688379838A839B83C958D04040
:10A19000C358DF4F288139814A815B81CD57D04038
:10A1A000C301B2010F94FA779B01AC01C757DF4F8F
:10A1B000688179818A819B81C958D0400F94557EEE
:10A1C000CF57DF4F288139814A815B81C158D04008
:10A1D0000F94557E9B01AC01C501B4010F94547ED0
:10A1E0004B015C01A7019601AE966CAD7DAD8EADC5
:10A1F0009FADAE970F94FA776B017C01A30192019A
:10A20000E9966CAD7DAD8EAD9FADE9970F94FA7771
:10A210009B01AC01C701B6010F94557EE4962CADAD
:10A220003DAD4EAD5FADE4970F94557E9B01AC0103
:10A23000CB57DF4F688179818A819B81C558D04097
:10A240000F94547EA50194010F94F1802DEC3CEC09
:10A250004CE45FE30F94DE8018160CF41EEF38E038
:10A26000230E311C6C964EAD5FAD6C97485F5F4F0F
:10A270006C965FAF4EAF6C97A8968EAD9FADA897CA
:10A280008215930509F050CF111162C1A2962CAD31
:10A290003DAD4EAD5FADA297A6966CAD7DAD8EADDA
:10A2A0009FADA6970F94557E20E030E040E05FE33D
:10A2B0000F94FA776B017C010F944F7FA2966CAFDD
:10A2C0007DAF8EAF9FAFA297609327137093281333
:10A2D0008093291390932A13C701B6010F94158216
:10A2E000A6966CAF7DAF8EAF9FAFA69760932B13F2
:10A2F00070932C1380932D1390932E139B01AC011C
:10A300005058AA962CAF3DAF4EAF5FAFAA9720939F
:10A310002F13309330134093311350933213A2967E
:10A320008CAD9DADAEADBFADA2978093331390932E
:10A330003413A0933513B093361310923713109241
:10A3400038131092391310923A1310923B13109253
:10A350003C1310923D1310923E13412C512C3201AC
:10A36000CF56DF4FA881B981C159D04011968D9049
:10A370009D90AD90BC90149715962D913D914D9167
:10A380005C9118976E962CAF3DAF4EAF5FAF6E9756
:10A39000CD56DF4FE881F981C359D040C590D590A3
:10A3A000E590F490A5019401A2966CAD7DAD8EADC3
:10A3B0009FADA2970F94FA77AE966CAF7DAF8EAF3C
:10A3C0009FAFAE976E962CAD3DAD4EAD5FAD6E9727
:10A3D000AA966CAD7DAD8EAD9FADAA970F94FA771E
:10A3E0009B01AC01AE966CAD7DAD8EAD9FADAE97D1
:10A3F0000F94557E9B01AC01C701B6010F94547EAA
:10A4000020913713309138134091391350913A13FA
:10A410000F94557E6B017C01C0923713D092381394
:10A42000E0923913F0923A1320E030E040E85FE325
:10A43000C301B2010F94557E2B013C01CD56DF4F75
:10A44000E881F981C359D0403496259135914591E1
:10A450005491AE962CAF3DAF4EAF5FAFAE97A50116
:10A460009401A6966CAD7DAD8EAD9FADA6970F9471
:10A47000FA774B015C016E962CAD3DAD4EAD5FADF4
:10A480006E97A2966CAD7DAD8EAD9FADA2970F94E9
:10A49000FA779B01AC01C501B4010F94557E9B0175
:10A4A000AC01AE966CAD7DAD8EAD9FADAE970F9409
:10A4B000547E20913B1330913C1340913D135091B9
:10A4C0003E130F94557E4B015C0180923B1390929A
:10A4D0003C13A0923D13B0923E13CF56DF4F4881FC
:10A4E0005981C159D040485F5F4FCF56DF4F5983E4
:10A4F0004883C159D040CD56DF4F88819981C359D7
:10A50000D0400896CD56DF4F99838883C359D040F9
:10A510002416350609F024CFA3019201C701B60124
:10A520000F94547F609337137093381380933913CB
:10A5300090933A13A3019201C501B4010F94547F83
:10A5400060933B1370933C1380933D1390933E13A1
:10A5500040902713509028136090291370902A136D
:10A56000C0903313D0903413E0903513F09036132D
:10A5700020912B1330912C1340912D1350912E13B9
:10A58000A2962CAF3DAF4EAF5FAFA29780912F1335
:10A5900090913013A0913113B0913213A6968CAFE5
:10A5A0009DAFAEAFBFAFA697A7019601C301B201A1
:10A5B0000F94FA774B015C01A6962CAD3DAD4EADE4
:10A5C0005FADA697A2966CAD7DAD8EAD9FADA29707
:10A5D0000F94FA779B01AC01C501B4010F94547E2E
:10A5E0004B015C01AC019B01C701B6010F94547F84
:10A5F0006B017C01A6966CAD7DAD8EAD9FADA6972F
:10A600009058A50194010F94547FA6966CAF7DAF2E
:10A610008EAF9FAFA697A2966CAD7DAD8EAD9FAD70
:10A62000A2979058A50194010F94547FAA966CAFFD
:10A630007DAF8EAF9FAFAA97A5019401C301B20170
:10A640000F94547F4B015C014090371350903813A6
:10A650006090391370903A1320913B1330913C1362
:10A6600040913D1350913E13A2962CAF3DAF4EAF9B
:10A670005FAFA297C0922713D0922813E0922913BC
:10A68000F0922A13AA968CAD9DADAEADBFADAA9740
:10A6900080932B1390932C13A0932D13B0932E1310
:10A6A000A6962CAD3DAD4EAD5FADA69720932F1372
:10A6B00030933013409331135093321380923313FD
:10A6C00090923413A0923513B0923613C701B6019D
:10A6D0009058A30192010F94FA776B017C01A29626
:10A6E0002CAD3DAD4EAD5FADA297A6966CAD7DADE8
:10A6F0008EAD9FADA6970F94FA779B01AC01C70171
:10A70000B6010F94547E609337137093381380937F
:10A71000391390933A13AA966CAD7DAD8EAD9FAD73
:10A72000AA979058A30192010F94FA776B017C01CC
:10A73000A2962CAD3DAD4EAD5FADA297C501B40163
:10A740000F94FA779B01AC01C701B6010F94547EB8
:10A7500060933B1370933C1380933D1390933E138F
:10A7600090E080E00E949A7017FDD4C08CEC90E2DB
:10A770009F938F930F94EF7B47E353E16FE273E175
:10A7800087E293E10E94E34248E050E065EE7FE01B
:10A7900087E393E10F94417D48E050E06DED7FE069
:10A7A00087E293E10F94417D48E050E065ED7FE062
:10A7B0008FE293E10F94417D0E9468420F900F90C9
:10A7C000C755DF4F88819981C95AD0400E94D84827
:10A7D00080E090E0A0EAB0E4809367129093681262
:10A7E000A0936912B0936A1260E070E080EA91E48D
:10A7F0000F94F33C0F94990B17FD20C01092671231
:10A80000109268121092691210926A1280E090E021
:10A81000A6E1B3E48093050790930607A09307078A
:10A82000B093080765E575E585E591E40F94C03CB4
:10A830008FE295E30E944BC30E946F6581E00E9406
:10A84000C35382E00E9484528AEC94E31F3F11F4C8
:10A850000C941FC71E3F09F072C0AF964FADAF9763
:10A8600088E094E3442311F40C941FC788EC93E32D
:10A87000423011F40C941FC783E893E30C941FC774
:10A88000F2012581368147815085C358DF4F6881A9
:10A8900079818A819B81CD57D0400C947BCBF2018A
:10A8A0002581368147815085ED966CAD7DAD8EADAD
:10A8B0009FADED97AFC0F20125813681478150856C
:10A8C000ED966CAD7DAD8EAD9FADED97BDC0A30196
:10A8D0009201C358DF4F688179818A819B81CD576E
:10A8E000D0400C94E3CB812C912C30E8A32E3FE395
:10A8F000B32E0C94E7CBC12CD12C76010C945ECCFA
:10A90000C12CD12C20E8E22E2FE3F22E0C945ECC49
:10A9100012E0A8CB1E3F89F4AF963FADAF9732301F
:10A9200009F04ECF85EA90E29F938F930F94EF7BCF
:10A9300045CFAF961FAEAF9743CF1FEF41CFAF9636
:10A940005FADAF9751110FC088E094E3133040F42E
:10A95000E12FF0E0EE0FFF1FEF50FD4F808191815E
:10A960000E944BC30DC0AF966FADAF978BE394E3DE
:10A97000623011F485E894E30E944BC3111624F36E
:10A980001F3F11F40C9427C486E00E9461B58FE547
:10A990009FE00F942D7D81110C9439C78FE695E3CC
:10A9A0000E944BC30C9439C789819A8180379840A3
:10A9B00010F00C9472C7AE014F5F5F4F7A0104EB49
:10A9C00010E024E833E0A601485C5109692D782D98
:10A9D0008B2D9A2D0F94026B882311F40C9472C75F
:10A9E00089819A8180569A4F0C9404C6002311F4F1
:10A9F0000C948ECB023009F052CFD20111962D91DA
:10AA00003D914D915C9114976E966CAD7DAD8EAD80
:10AA10009FAD6E970F94FA774B015C0160E070E098
:10AA200080E89FE3113091F0123009F044CFD20159
:10AA300011962D913D914D915C9114976E966CAD50
:10AA40007DAD8EAD9FAD6E970F94FA779B01AC01F3
:10AA5000C501B4010F94FA779B01AC01C701B6019F
:10AA60000F94557E6B017C010C948ECB812C912C24
:10AA700060E8A62E6FE3B62E11110C9468CB20E08F
:10AA800030E040E85FE3EACF812C912C50E8A52E1E
:10AA90005FE3B52E1111C2CF0C948ECB1111AACF4A
:10AAA0000C948ECBCF92EF92FF920F931F93413075
:10AAB000A9F42AE0C22EF12CE12C01EA10E328EAE5
:10AAC00030E340E061E00E947DBE813069F41F9177
:10AAD0000F91FF90EF90CF900C94E7BB423021F4A0
:10AAE000CB010E944BC3F3CF1F910F91FF90EF90CA
:10AAF000CF9008958CEA9CE00F942D7D882311F06F
:10AB000081E008958091EE168823D1F30E94F6B279
:10AB10008111F6CF4091E703442391F364E271E39E
:10AB2000CB010E9452D581E09091320E913009F410
:10AB300080E008951F93CF93DF931091E6031123D4
:10AB4000E9F0EC0185EA9DE00F943B7D8C179D07B1
:10AB5000A9F0412F6EEA70E38BEF90E30E9452D58B
:10AB60008091340E81110AC01092E50360E08AE002
:10AB700093EADF91CF911F910C946946DF91CF91B9
:10AB80001F9108958091EE16882351F00E94F6B22D
:10AB9000882331F084ED9AE20E944BC30C945AF75B
:10ABA00085E08093320EFACF8091FE12813061F4FD
:10ABB0008AE694E20E944BC384E080938D0361E0B7
:10ABC0008DED97E30C94F57080E294E20E944BC304
:10ABD00080E00E94C3530E94B1534DEF51E662E002
:10ABE00080E00E94925381E0E8CFCF93C82F10926B
:10ABF0003107179A10920D07169A10920E07149AA1
:10AC00001092581210925712682F86EA9FE00F9404
:10AC1000517D6C2F8FEA9FE00F94517DCC2379F00A
:10AC200081E797E30E94E85E86EE92E20E944BC3C2
:10AC300081E00E94C35382E0CF910C94845286E35A
:10AC400097E30E94E85E8DEC92E2F0CF2F923F9264
:10AC50004F925F926F927F928F929F92AF92BF922C
:10AC6000CF92DF92EF92FF920F931F93CF93DF93D8
:10AC700000D000D000D0CDB7DEB706E013E11F83CF
:10AC80000E832E803F801982F10161817281838160
:10AC900094819B01AC010F946382882309F47CC0EA
:10ACA00089810E94464220E030E048EB51E40F9455
:10ACB000557E6B017C0120E030E04CEF52E40F94B4
:10ACC000547E2B013C0120E030E044E653E4C70110
:10ACD000B6010F94547E4B015C0120E030E040EC63
:10ACE00051E4C701B6010F94547E6B017C01EE81E3
:10ACF000FF812181328143815481C301B2010F94CC
:10AD0000FA77A50194010F94FA7720E030E942EA3E
:10AD100056E40F94547F6A837B838C839D83EE81FA
:10AD2000FF812585368547855089C701B6010F9477
:10AD3000FA77A50194010F94FA7720E030E942E216
:10AD400056EC0F94547F9B01AC016A817B818C810E
:10AD50009D810F94557E4B015C01EE81FF81218D19
:10AD6000328D438D548DC701B6010F94FA77A3013C
:10AD700092010F94FA7720E030E942EA56E40F940A
:10AD8000547F9B01AC01C501B4010F94557EF101C4
:10AD90006183728383839483F4E02F0E311C2981B5
:10ADA0002F5F2983273009F06FCF8E819F814C96CA
:10ADB0009F838E838A5C934109F063CF198708874C
:10ADC000F1E0F983C8018B5A9F4F9F838E8318014E
:10ADD00099EA290E311CE885F985658D768D878D78
:10ADE00090A19B01AC010F946382882309F479C080
:10ADF00089810E94464220E030E040EA50E40F940E
:10AE0000557E6B017C0120E030E048ED52E40F9468
:10AE1000547E2B013C0120E030E042E553E4C701C1
:10AE2000B6010F94547E4B015C0120E030E040EC11
:10AE300050E4C701B6010F94547E6B017C01EE8192
:10AE4000FF8120813181428153810F94FA77A501DE
:10AE500094010F94FA7720E030E942E256EC0F9427
:10AE6000547F6A837B838C839D83F80121813281A7
:10AE700043815481C301B2010F94FA77A501940173
:10AE80000F94FA7720E030E942EA56E40F94547FB9
:10AE90009B01AC016A817B818C819D810F94557EE1
:10AEA0004B015C01F1012081318142815381C70155
:10AEB000B6010F94FA77A30192010F94FA7720E07C
:10AEC00030E942EA56E40F94547F9B01AC01C5017E
:10AED000B4010F94557EE885F985658F768F878F4D
:10AEE00090A3888599854C969987888799819F5FDB
:10AEF0009983963009F06FCF0C5F1F4FE3E1023268
:10AF00001E0709F05BCF29960FB6F894DEBF0FBE7F
:10AF1000CDBFDF91CF911F910F91FF90EF90DF9008
:10AF2000CF90BF90AF909F908F907F906F905F90E9
:10AF30004F903F902F9008952F923F924F925F92A3
:10AF40006F927F928F929F92AF92BF92CF92DF9239
:10AF5000EF92FF920F931F93CF93DF93CDB7DEB79E
:10AF600067970FB6F894DEBF0FBECDBF082FCE0196
:10AF700046969F8B8E8B83E0F82E95E1292E0F94B9
:10AF8000F3410093E612402F64E5CE0101960F9441
:10AF9000E64149815A816B817C818D810F94696E74
:10AFA00061E081E00F94F975182F811107C00F94AB
:10AFB0004A410F9499750F948776E1CF0F94990BBE
:10AFC0000F942942813079F10F94877692E0F9123B
:10AFD00009C08EEC9EE00F942D7D813019F4802FF6
:10AFE0000F946E77FA94F110CACF8091160E8823D1
:10AFF00009F4EFC067960FB6F894DEBF0FBECDBF61
:10B00000DF91CF911F910F91FF90EF90DF90CF9044
:10B01000BF90AF909F908F907F906F905F904F9078
:10B020003F902F9008956091DB1270E090E080E0F7
:10B030000F94BB779B01AC0160E070E08CE592E47B
:10B040000F94547E362E872E982EE92E262F372FDA
:10B05000482F592F60E070E080E291E40F94547F14
:10B060002B013C01E4E3F5E0822D11928A95E9F78A
:10B0700010923305832D982DA92DBE2DBC01CD0135
:10B08000912C312CE12C5B016C01D7FAD094D7F8CC
:10B09000D09420E030E048E452E40F94F5419091E0
:10B0A000120E8091130E981709F449C0112331F044
:10B0B0000F94294211E0813009F010E083E00F94F1
:10B0C000850B20916B1230916C1240916D12509152
:10B0D0006E120F94547EA30192010F94FA770F948D
:10B0E000337F0F94CD7F862EE616C1F0E32DE43139
:10B0F00008F0E3E1332433943E0E8FEF111101C0C9
:10B100008DE2F0E0EC5CFA4F808391E090935B027B
:10B1100080915C02811102C00E9493FF90E080E068
:10B120000E949A70E82C8091160E882309F4B7CFFC
:10B1300010E037C0C601B50199249394AACF91E0DD
:10B140009912F8CF0F94F341111108C08FEC9EE0D3
:10B150000E94AB5A80ED9EE00E949E5A44E150E06E
:10B1600064E375E0CE0101960F94AD83FE01319644
:10B17000819187FD2CC080E3DF0111978C938E892C
:10B180009F898E179F07A1F71D8A8AE998E60E947A
:10B19000F35C81E49CE30E94F35CCE0101960E9483
:10B1A000C26989E495E00F94FD00112309F40CCFE6
:10B1B000802F0F94EC4D00938D128091021390918B
:10B1C00003130196909303138093021313CF81E32B
:10B1D000D3CF8AE290E89093901280938F1261E02F
:10B1E00081E00F94F975C7CECF93DF93D82F0F94DA
:10B1F000EA5FC82F8823D9F08091E5128D17B9F046
:10B200000E941D4A811102C00F94C4760F94B85F4A
:10B210001092F0161092EF160F94990B8D2F0E943A
:10B220009CD78EEE96E10E948F590F94DF5F8C2F92
:10B23000DF91CF910895CF93C82F682F8AE193E3D0
:10B240000F942B418C2F0E94F4D80F94990B0F94DC
:10B25000C4760F94284181E0CF91089580E00E9448
:10B260001BD981E00E941BD982E00E941BD983E098
:10B270000E941BD984E00E941BD90C94A6FB0E945B
:10B280001BD90C94A6FBCF92DF92EF92FF920F9303
:10B290001F93CF93DF9300D01F92CDB7DEB70F94EB
:10B2A000BB01D09053128FEF8093531289E6E82EA2
:10B2B00088E3F82E03E618E320E030E048E452E4A7
:10B2C00060912E0E70912F0E8091300E9091310E64
:10B2D0000F94DE8018168CF020E030E048E452E451
:10B2E0006091B5037091B6038091B7039091B80354
:10B2F0000F94DE8018160CF040C087E29EE20E9498
:10B300004EBD42E864E080E00E949E5360912E0EA4
:10B3100070912F0E8091300E9091310E0F94C67F58
:10B320007F936F93FF92EF920E94965281E80E9462
:10B33000AC5240E864E089E00E949E536091B503FE
:10B340007091B6038091B7039091B8030F94C67FB4
:10B350007F936F931F930F930E94965281E80E94F0
:10B36000AC5288EE93E00E949A700E94015D0FB685
:10B37000F894DEBF0FBECDBF9FCFD092531281E0B5
:10B380000E94C3530E94B15346E55EE260E080E054
:10B390000E94925360ED77E080E090E00E9484FD8F
:10B3A00082E08093780200ED17E021E043E060E066
:10B3B00080E00E94EEA8F82E83E00E94DE591092F1
:10B3C0005312109230050F948E2A4DE262E082E112
:10B3D0000E949E5384EF91E00E949A704CE762E0D5
:10B3E00082E10E949E5384EF91E00E949A704DE2A8
:10B3F00062E082E10E949E5384EF91E00E949A7085
:10B400004CE762E082E10E949E5384EF91E00E944B
:10B410009A700E94E2FE6093F7167093F81680937C
:10B42000F9169093FA1681E08093AF038091AF03F1
:10B43000882329F084E690E00E949A70F7CF0E945A
:10B44000A14880E00E94DE59C090B003D090B103C3
:10B4500094E1C916D10454F100ED17E021E043E076
:10B460006F2D81E00E94EEA8F82E60E080E00E943F
:10B47000E29F811138C040EE52E0BA0185E00E949F
:10B480002EB786E4C816D104BCF060E081E00E94CB
:10B49000E29F8823D9F061E080E00E94E29F811161
:10B4A00026C040EE52E0BA0185E004C040EE52E012
:10B4B000BA0186E00E942EB708E813E121E043E0DC
:10B4C0006F2D8DE00E94EEA8E12C82C140EE52E08B
:10B4D000BA0189E0EFCF11E094C062E080E59FE21D
:10B4E0000E94FFB68BC196E4C916D10474F600ED34
:10B4F00017E021E043E06F2D82E00E94EEA8F82ED5
:10B500001E9904C01D9902C01C9B48C01E9B16C0FA
:10B5100020E030E040E251E460915F1270916012EF
:10B5200080916112909162120F94557E60935F1228
:10B530007093601280936112909362121D9B16C0EB
:10B5400020E030E040E251E46091631270916412B7
:10B5500080916512909166120F94557E60936312EC
:10B560007093641280936512909366121C9B16C0B0
:10B5700020E030E040E251E460916712709168127F
:10B580008091691290916A120F94557E60936712B0
:10B59000709368128093691290936A1260E070E071
:10B5A00084E392E40F94F33C0F94990B1E9904C02A
:10B5B0001D9902C01C9B8FCF1A8219821C821B828C
:10B5C0001E9B06C068EC72E0CE0101960F94798351
:10B5D0001D9B06C06AEC72E0CE0101960F94798340
:10B5E0001C9B06C06CEC72E0CE0101960F9479832F
:10B5F00040EE52E0BE016F5F7F4F82E00E942EB7A7
:10B6000010E00F948E2A81E00E94556E112309F4F8
:10B6100053CF00ED17E021E043E06F2D84E00E945E
:10B62000EEA8F82E6AEF70E090E080E00E94EBB99F
:10B63000882309F441CF10E000E021E043E06F2DC2
:10B6400084E00E94EEA8F82E90E080E00E94E8B826
:10B65000882309F431CF0CED15E021E043E06F2D94
:10B6600085E00E94EEA8F82E62ED70E081E090E0A7
:10B670000E94EBB9882309F41FCF10E000E021E01D
:10B6800043E06F2D86E00E94EEA8F82E81E090E066
:10B690000E94E8B8882309F40FCFE3EDFDE385911C
:10B6A0009591A591B49180935F1290936012A093AD
:10B6B0006112B0936212E7EDFDE385919591A5913A
:10B6C000B4918093631290936412A0936512B09327
:10B6D000661260E070E080E291E40E9420500E94D7
:10B6E0003A4A0CED15E021E043E06F2D86E00E9420
:10B6F000EEA8F82E62ED70E082E090E00E94EBB9D7
:10B70000182F60E070E080EA91E40E94205011233D
:10B7100009F4D2CE00ED17E021E043E06F2D87E081
:10B720000E94EEA8F82E81E00E94F2B7882309F467
:10B73000C3CE08EE13E021E043E06F2D88E00E94C5
:10B74000EEA8F82E80E00E94F2B7E82E882309F4D4
:10B75000B3CE00ED17E021E043E06F2D89E00E94B9
:10B76000EEA89091FE12913059F521E043E0682F48
:10B770008AE00E94EEA8F82E90E080E00E94EAABFA
:10B78000D82E10E000E021E041E060E08AE00E9475
:10B79000EEA810925802109257028D2D0E94F4D8F4
:10B7A0000F94C4768FEA90E09093580280935702EA
:10B7B00000ED17E021E043E06F2D8BE00E94EEA842
:10B7C00008E813E121E043E0682F8CE00E94EEA836
:10B7D0001092B90361E080E29FE10E94F57081E080
:10B7E0000E94C353EE2009F478CE81E00E9461B537
:10B7F0008AE49EE20E943DBB0E945AF781E080935A
:10B8000078028E2D0F900F900F900F90DF91CF91B7
:10B810001F910F91FF90EF90DF90CF9008950C94BF
:10B8200043D9AF92BF92CF92DF92EF92FF920F93E4
:10B830001F93CF93C82F882329F061E08FE59FE005
:10B840000F94517D85EEE82E87E3F82E97EDC92EF3
:10B85000D12C2CE3A22EB12C0C2F10E01F92CF93F1
:10B86000FF92EF920F94EF7B0F900F900F900F903D
:10B87000EFEFEC0FED30A0F4F0E08827ED5BF34242
:10B880008F4F0D943D7E9ADCBADCC4DCCCDCFEDC50
:10B8900016DD2BDD25DD2FDD4DDD63DD73DD73DD95
:10B8A000109251128FE59FE00F942D7D823029F484
:10B8B00083EC99E20E944BC30DC040E060E080E65B
:10B8C00099E20E944DC2811107C061E08FE59FE0BF
:10B8D0000F94517DC1E0C0CF60E08FE59FE00F94F1
:10B8E000517DC0E010E000E01F930F938EE69EE1D3
:10B8F0009F938F930F94EF7B0F900F900F900F906B
:10B90000CC3009F4F6C0CD3009F400C187ED96E2E1
:10B91000CC2309F4F8C081E00E94C35382E0CF91A8
:10B920001F910F91FF90EF90DF90CF90BF90AF905D
:10B930000C9484521092B90381E00E946EB5C2E06B
:10B94000882309F489CF82E00E946EB5C3E0882382
:10B9500009F482CF84E00E946EB5C4E0882309F424
:10B960007BCF80E10E946EB5C5E0882309F474CFD7
:10B97000CCE072CF89E199E20E944BC30E9443D987
:10B980008111A8CFCDE068CF8DED98E20E944BC326
:10B9900080E00E9496C3F4CF87EB98E20E944BC3ED
:10B9A0008BE898E20E944BC38DE698E20E944BC35D
:10B9B00081E00E9496C3882329F360E070E088ED5F
:10B9C00091E40E9482508091FE12813009F482CF6E
:10B9D000D0925C12C0925B128AE498E20E944EBD43
:10B9E0000E9407BE60E070E0CB010E945BBD0E9438
:10B9F000D4D510925C1210925B126CCFD0925C1274
:10BA0000C0925B12B0925812A092571241E060E0CF
:10BA100086E398E20E944DC28823F9F08091FE12DD
:10BA2000C7E0813009F418CFC6E016CF20E041E02E
:10BA300070E060E082E69CEF0E94434687EF97E269
:10BA40000E944BC306E010E04FCF0E9407BE0E9449
:10BA5000D4D5CAE001CF0E94D4D5C9E0FDCE8DE097
:10BA600096E20E944BC38091FE12813099F486EBDE
:10BA700095E20E944BC388EE94E20E944BC320E003
:10BA800041E070E060E088E792EC0E94434609E004
:10BA900010E02ACF86E895E2ECCF8DE096E20E9496
:10BAA0004BC38091FE12813021F486EB95E20E9417
:10BAB0004BC388EE94E20E944BC384E08093320E25
:10BAC0000AE010E011CF41E060E086EA97E20E94D0
:10BAD0004DC2811105C088E797E20E944BC3BDCFDC
:10BAE00084E197E2E7CE60E08FE59FE00F94517D1F
:10BAF000FBCE1092B9038AE593E60E943DBB0E94FB
:10BB00005AF78AEB96E20E944BC305CF8AE596E28C
:10BB1000FACFCF93DF9300D000D000D01F92CDB7E3
:10BB2000DEB7789484B5826084BD84B5816084BDBD
:10BB300085B5826085BD85B5816085BD80916E00CB
:10BB4000816080936E0010928100809181008260FC
:10BB50008093810080918100816080938100809139
:10BB600080008160809380008091B1008460809328
:10BB7000B1008091B00081608093B000809191000D
:10BB80008260809391008091910081608093910008
:10BB9000809190008160809390008091A1008260EC
:10BBA0008093A1008091A10081608093A100809189
:10BBB000A00081608093A000809121018260809329
:10BBC00021018091210181608093210180912001D8
:10BBD00081608093200180917A00846080937A0054
:10BBE00080917A00826080937A0080917A008160EF
:10BBF00080937A0080917A00806880937A00109216
:10BC0000C1009FB7F894A89584B7877F84BF0FB60B
:10BC1000F894A895809160008861809360001092EC
:10BC200060000FBE9FBF9FB7F8941092B00084E0F1
:10BC30008093B1008091700081608093700080914A
:10BC400070008D7F80937000809170008B7F809357
:10BC500070001092B3009FBF5B98559A539A529A06
:10BC60009C9A809101018068809301019B9A809148
:10BC7000F90388608093F9032FEF30E782E02150C9
:10BC800030408040E1F700C0000081E00E94E953AD
:10BC90008FE198E59093F4038093F3031092F603F9
:10BCA0001092F50312E01093EE031092F803109235
:10BCB000F7030E942A5489EF95EA90930004809339
:10BCC000FF0381ED9AEE9093FE038093FD038DEDCB
:10BCD00091E09093FC038093FB03809104018B7FA0
:10BCE00080930401809104018D7F809304019FB7AC
:10BCF000F894809105018460809305019FBF9FB7F0
:10BD0000F894809105018260809305019FBF809126
:10BD100001018F7B809301019FB7F894809102010C
:10BD20008064809302019FBF809104018E7F809385
:10BD300004019FB7F894809105018160809305010B
:10BD40009FBFAFE9BFE01197F1F700C000008091FD
:10BD50000301809581708093FA0344E150E06AE525
:10BD600073E684E395E00F941A7B84B1817F84B9F4
:10BD700084B1876084B985B1817F85B9289A80E5CF
:10BD80008CBD1DBC0E94B1538AE19BE39F938F93AE
:10BD900081E29BE39F938F930E94965280910101D1
:10BDA00084608093010160E087ED9EE00E948C5AE0
:10BDB0008093400460E088E09FE00E948C5A80936A
:10BDC0002F050E948E9E8EEE9CE5909352048093E8
:10BDD0005104109254041092530410934C04109286
:10BDE00056041092550489E494E0909304178093CC
:10BDF000031760E084EC9FE00E948C5A8093340E1D
:10BE00000F900F900F900F90882379F081E080932E
:10BE1000010488E00F94EB220E948E9E1092EF1690
:10BE200061E087E89FE00F94517D89E19CE30E94E7
:10BE3000E85E8AE998E60E94F35C82E09CE30F9456
:10BE4000167C60E08CEA9CE00E948C5A81110F9471
:10BE5000D06E0F94D24D8FE49BE30E94F35C62E0BE
:10BE600086ED9EE00E948C5A813009F074C08EE904
:10BE700092E60E94E85E14B710FF04C082E590E2EB
:10BE80000F94167C11FF04C082E490E20F94167C9C
:10BE900012FF04C081E390E20F94167C13FF04C0EC
:10BEA00081E290E20F94167C15FF04C081E190E2DC
:10BEB0000F94167C14BE8AE998E60E94F35C81E038
:10BEC00090E20E94F35C8EEE9BE30E94F35C85EFB0
:10BED0009FE10E94F35C8FED9BE30E94E85E8AE99C
:10BEE00098E60E94F35C86EE9FE10E94F35C8091ED
:10BEF000FD169091FE16FE0131967F01BF0100975D
:10BF000069F1681B790B072E000C880B990B0E94B6
:10BF1000595C8FEC9FE10E94F35C80EE96E00F94F9
:10BF2000E44D6CEF70E08EEE9EE00E94745A8C013E
:10BF30006BEC70E08CEE9EE00E94745A0C3F110591
:10BF400009F0FAC501E08B3C910509F400E00E947C
:10BF50002569B82EF9C58AE992E68BCF67507741FB
:10BF6000D2CF81E391E09093550280935402C09028
:10BF70000404D0900504C6010E94B8AC20E030E86B
:10BF800048E953E40F94DE80181644F420E1C20E11
:10BF9000D11CD0920504C0920404E9CF80915002D4
:10BFA000909151020F94780520E030E040EF51E489
:10BFB0000F944A7F87FF0AC08091500290915102EE
:10BFC00040979093510280935002E8CF80910204F1
:10BFD000909103040F94780520E030E04AEF52E49A
:10BFE0000F94DE80181654F480910204909103049B
:10BFF00040969093030480930204E8CF9FB7F8948F
:10C0000016BC8FEF88BD83E384BD12E015BD80911F
:10C010006E00816080936E009FBF80E88093B400C3
:10C02000809170008460809370002FB7F8948091A5
:10C0300001018460809301019FB7F894809102010F
:10C040008B7F809302019FBF80910101806280936A
:10C05000010181E08093A00085E18093A1008FEF32
:10C0600090E09093A9008093A8009093AB008093F8
:10C07000AA009093AD008093AC00109272002FBF85
:10C080008DE59BE30F94167C8FE580937E001093E3
:10C090007D0080917C00806480937C008FE9809398
:10C0A0007A000E946C9E9FB7F894809191008F7ED9
:10C0B000809391008091910088608093910080919D
:10C0C00090008D7F80939000809190008E7F809370
:10C0D0009000809190008F738093900080919000E9
:10C0E0008F7C809390008091910084608093910078
:10C0F000809191008D7F80939100809191008E7F3F
:10C100008093910010929500109294002BEE31E4F0
:10C110003093990020939800C19A809171008260B9
:10C12000809371009FBF1092120E1092130E80E147
:10C13000E0E1F7E0DF01282F1D922A95E9F7EFE211
:10C14000F4E0DF01282F1D922A95E9F7EFE1F4E0F2
:10C15000DF011D928A95E9F710921B0410921C04CE
:10C1600010921D0410921E0410921A0410921904C9
:10C1700084E0809378028091000186FDC3C0BFEF08
:10C18000E3EDF0E3B150E040F040E1F700C0000023
:10C190008091000186FDB6C00E94B15387EB9BE3FE
:10C1A0000E94A852809101018460809301018091D6
:10C1B0004004823041F09FB7F8948091020184607E
:10C1C000809302019FBF8091000186FFFCCF9FB743
:10C1D000F894809102018B7F809302019FBF2FEF23
:10C1E00037EA81E6215030408040E1F700C000008E
:10C1F0008DE99BE39A83898382E99BE39C838B830C
:10C2000084E89BE39E838D8387E79BE398878F83F6
:10C210008EE69BE39A8789870E94B1534EE360E0E4
:10C2200080E00E949E530E94245810E0D12CC12C23
:10C2300080913F04F601E80FF11D87FDFA95EE0F9E
:10C24000FF1FEE0DFF1D408151816C2D81E00E948A
:10C2500092539FEFC91AD90AA4E0CA16D10441F734
:10C260000F948E2A81E00E94556E80913105909145
:10C270003205009771F197FF12C0115014300CF481
:10C280002BC287E00F94241680913F0418162CF0DF
:10C290008F5F80933F040E94B15313E003C01F5F80
:10C2A000143078F746E65BE360E080E00E9492534A
:10C2B000612F80E00E94E5528EE30E94AC52109202
:10C2C00032051092310564E670E080E090E00E9453
:10C2D00084FD0E942958882309F4A8CF80913F0447
:10C2E000180F0E94B15340E070E060E084E690E0F7
:10C2F0000F943018123009F423C208F0FEC1113037
:10C3000009F419C282E08093780260E08FEF9FE029
:10C310000E948C5A61E08FE59FE00E948C5A0F9436
:10C32000220B85E0E8EBF2E0D70101900D928A95AF
:10C33000E1F7999A989A80910701806880930701A4
:10C340009A9A809107018064809307018091070188
:10C3500080628093070180910701886080930701C4
:10C3600080910701806180930701670110E0F60169
:10C3700061916F01812F0F94E50A1F5F1530B9F7A6
:10C3800080910A01826080930A0180910A01816094
:10C3900080930A0180910A01846080930A01809150
:10C3A0000A01806480930A010F9A179A0E9A169ACE
:10C3B0000D9A159A0C9A149A26982E9A25982D9AC9
:10C3C00024982C9A0998119A3F98479A389A40983D
:10C3D000179A10920D07399A4198169A10920E07E3
:10C3E0003A9A42983B9A4398149A809181008F7EA2
:10C3F000809381008091810088608093810080918A
:10C4000080008D7F80938000809180008E7F80935C
:10C410008000809180008F738093800080918000E5
:10C420008F7C8093800080918100887F82608093E0
:10C43000810080E090E490938900809388001092BE
:10C4400085001092840010924804109247048FEFE8
:10C450009FEF909346048093450490934404809307
:10C460004304109242041092410481E080937702C9
:10C4700080916F00826080936F0078940E945A458B
:10C480008FE592E10E94084E0F94B33B84E99CE053
:10C490000F942D7D823459F46FEF84E99CE00F9462
:10C4A000757D85E99CE00F943B7D0E944BC30F9402
:10C4B000765F159888E00F94EB228BEB9FE00F944A
:10C4C0002D7D91E0813009F090E09093451681E058
:10C4D0000F94B65960E084E69FE00E948C5A60E0B9
:10C4E00086E69FE00E948C5A60E088E69FE00E940A
:10C4F0008C5A60E085E69FE00E948C5A70E060E014
:10C500008FEF9EE00E94745A70E060E085E09FE04B
:10C510000E94745A70E060E083E09FE00E94745AC9
:10C5200070E060E081E09FE00E94745A70E060E09B
:10C5300083ED9EE00E94745A70E060E080ED9EE022
:10C540000E94745A60E082ED9EE00E948C5A60E086
:10C550008FEC9EE00E948C5A88EA9CE00F94F6547F
:10C5600081EA9DE00F942D7D8F3F71F460E081EAB8
:10C570009DE00F94517D88EF9FE00F943B7DBC01BF
:10C5800080E59DE00F946F7D49E4C42E4DE0D42EEC
:10C5900010E0B701812F0E94E75AA70167E070E021
:10C5A000C6010E94555A1F5FFBE0CF0ED11C183008
:10C5B00081F781EA9DE00F942D7D0E94B75A811189
:10C5C00002C00E94D95A0E94475F80E89CE00F9405
:10C5D0002D7D8F3F41F440E150E060E87CE08EEC3F
:10C5E00092E00F94417D60E089E29DE00E948C5AC8
:10C5F00085E09DE00F94F6548DEE9FE00F94F65485
:10C6000081EF9FE00F94F65460E08EEC9EE00E9474
:10C610008C5A61E087EA9CE00E948C5A60E08FEAC5
:10C620009FE00E948C5A86EA9FE00F942D7D8F3FF9
:10C63000D9F461E086EA9FE00F94517D30EBE32E60
:10C640003FE0F32E70E060E0C7010F946F7D22E0C1
:10C65000E20EF11C3AEBE3163FE0F30699F760E0D7
:10C660008FEA9FE00F94517D60E085EA9FE00E9491
:10C670008C5A60E08FE79CE00E948C5A60E089E071
:10C680009FE00E948C5A61E08CEA9DE00E948C5AE7
:10C6900063E08BEA9DE00E948C5A63E08AEA9DE0A9
:10C6A0000E948C5A61E089EA9DE00E948C5A84E0E5
:10C6B00080937802023009F467C0033009F402C1A4
:10C6C000013009F06BC087EF92E30E944BC36BEC23
:10C6D00070E08CEE9EE060C01F3F09F0E3CD87E084
:10C6E0000F94241680913F0418162CF481508093E7
:10C6F0003F040E94B15310E0D5CD133019F114302E
:10C7000009F000CE66EA7BE380E090E10E94C0552C
:10C7100010E000E06FEFC8010F94517DC8010E9446
:10C72000D2540F5F1F4F0115B0E11B0799F70E940C
:10C73000F3540E94AB490E9470490F945508E2CD12
:10C740000E94704984E00E940CB562E08FE59FE092
:10C750000F94757D1092340E60E084EC9FE00F948E
:10C76000517D81E00E94BF5911E01093EF1661E006
:10C7700087E09FE00F94517D1093F01661E085ED06
:10C780009EE00F94517DBECD88ED92E30E944BC395
:10C790006CEF70E08EEE9EE00F948B7DB11006C0C2
:10C7A00085E692E30E944BC30E94A06980E80E9444
:10C7B0006EB58823B9F087EF9FE00F942D7D60E080
:10C7C000813061F487ED9BE30E942DA267E188230D
:10C7D00029F085E292E30E944BC366E186EA9CE081
:10C7E0000F94517D8FEC9BE30E942DA2182F88237C
:10C7F00029F087E10E946EB511E01827F12CE12C99
:10C80000F701EB53F44C6491C7010F94517D8FEF06
:10C81000E81AF80A9AE0E916F10491F7EFECFBE365
:10C82000659174918AE090E00F946F7DE1EDFBE3F8
:10C83000659174918CE090E00F946F7DE3EDFBE3E4
:10C84000659174918EE090E00F946F7DE5EDFBE3D0
:10C850006591749180E190E00F946F7D8FE59FE08A
:10C860000F942D7D8823C9F180E00E9411DC83E0C4
:10C870008093780281E00E94C3530E94B15382E00A
:10C880000E94845283E09DE00F942D7D182F8FEF3E
:10C89000810F8E3F08F045C080E00F9424160E945F
:10C8A000B15380EB9FE10E94A852123091F11330F6
:10C8B00009F412C18DE89FE1113069F1812F0E94C6
:10C8C0002D542BC08FE992E30E944BC36CEF70E0B4
:10C8D0008EEE9EE00F948B7DFACE81E01111C5CFD4
:10C8E0000E946EB5811105C087EB91E30E944BC396
:10C8F000BECF84E00E946EB5811103C081E491E354
:10C90000F5CF80E10E946EB58111B1CF8FE695E33E
:10C91000EDCF8CE79FE10E94A85290E080E00E945A
:10C9200067BC6FEF83E09DE00F94517D0E9431B6AC
:10C9300081E08093780288E198E20FB6F894A89598
:10C94000809360000FBE90936000809160008064CF
:10C950008093600085E0D82E90E0E92E90E0F92EDB
:10C96000CC24C39424E0B22E1092160E809138127B
:10C97000882309F4B4C0B09278020E94C149882388
:10C9800009F4B0C080917902813009F0ABC08FE327
:10C9900092E10E9444FF0E94C6698091560288235A
:10C9A00089F068E873E185EE96E10E9415FF811138
:10C9B00009C0109256028091D513882309F49EC0B5
:10C9C0000F9450508091391290913A12892B09F4AA
:10C9D00063C0109250128091D2138823C1F100914C
:10C9E000351210913612055B1F4E6FE17CE3C801D2
:10C9F0000F94347B892B09F08EC010926416F801D5
:10CA000001900020E9F73197BF01601B710BC8014D
:10CA10000F94545C62E070E08EED92E00F94545CF1
:10CA200080916416882341F08DE798E60E94F35CBC
:10CA30008AE590E20E94E85E8091D313882309F48E
:10CA400065C08091391290913A12892B11F00E94A1
:10CA5000E87180915012811119C080913912909122
:10CA60003A12892B99F0E0913512F0913612E85B79
:10CA7000FF4E8081823009F053C0F894D0828181CA
:10CA800092810F94FF2C78940E94725B8091340EF7
:10CA9000811102C00E94EC5E0F948E2A0E94C1494F
:10CAA0000E94556E8091570481111092570480E0C6
:10CAB0000E94845280915804811107C0C09258048A
:10CAC00081E00F94887010925804E114F10409F485
:10CAD0004BCF0E94000048CF8EE69FE11CCFC09252
:10CAE00078024BCF60E177E28FE392E10E9415FF7D
:10CAF000882309F450CFB092350E4DCF81E00F94CA
:10CB0000B6598091D51381115BCF5CCF82E890E25A
:10CB10000E94E85E9ECF0F941E4E80E790E2F8CF11
:10CB2000863009F0B1CF8091D4138111ADCFF89444
:10CB3000D08281E090E0A5CF02E08B3C910509F026
:10CB400003E00E940F69B12C82EA92EAA0E0B0E013
:10CB50008093271790932817A0932917B0932A172B
:10CB600010921504109216041092170410921804D3
:10CB70002091C9043091CA044091CB045091CC0457
:10CB800060E070E08FE793E40F94547F60931104AA
:10CB900070931204809313049093140410920D0464
:10CBA00010920E0410920F04109210042091D504DC
:10CBB0003091D6044091D7045091D80460E070E0E1
:10CBC0008FE793E40F94547F6093090470930A04F1
:10CBD00080930B0490930C046D9A9D9A80910101AF
:10CBE0008860809301018091300590E064E0959524
:10CBF00087956A95E1F7809308048EE190E0909321
:10CC0000070480930604C0905202D0905302C601DC
:10CC10000E94B8AC20E030E040EF51E40F944A7F2E
:10CC200087FF9FC9F0E1CF1AD108D0925302C0927A
:10CC30005202E9CF2F923F924F925F926F927F9272
:10CC40008F929F92AF92BF92CF92DF92EF92FF921C
:10CC50000F931F93CF93DF938091320E813009F0B1
:10CC60005FC09091120E8091130E981359C080915D
:10CC70006F12811155C01092310783E990E30E9431
:10CC80003DBB1092320E82E08093350E1092E0038D
:10CC90000F94E7090E943C4860E070E080E291E474
:10CCA0000E94205080910D07882321F180910E076A
:10CCB000882301F180E090E0A8E4B2E480935F1261
:10CCC00090936012A0936112B093621280E090E0A2
:10CCD000AEE3B3E48093631290936412A093651261
:10CCE000B093661260E070E084E392E40F94F33C4A
:10CCF0000F94990B8091CA03882309F4C6C09FB78B
:10CD0000F894809102018B7F809302019FBF0F9462
:10CD1000D0010E94766888E0809355121092CB0370
:10CD20008091320E823009F068C09091120E80918D
:10CD3000130E981362C080916F1281115EC08091B2
:10CD40003107873031F01092310786E890E30E9476
:10CD50003DBB1092320E82E08093350E1092E003BC
:10CD60000F94990B1092C90310925C1210925B12EF
:10CD700060914A0270914B0280914C0290914D0259
:10CD80000E94205080910D07882351F180910E0759
:10CD9000882331F18091420290914302A091440294
:10CDA000B091450280935F1290936012A09361123C
:10CDB000B09362128091460290914702A09148027E
:10CDC000B09149028093631290936412A09365120C
:10CDD000B093661260E070E088E492E40F94F33C54
:10CDE0008091CA03882309F47AC09FB7F894809190
:10CDF00002018B7F809302019FBF8091320E8430AD
:10CE000009F0A7C085EA9DE00F943B7D3091120E9A
:10CE10002091130E321370C12091391230913A12C1
:10CE2000232B09F069C1C0915112C11165C1209134
:10CE3000E003211157C02CE02093E0034496BC018D
:10CE400090E080E00F94B97720E030E04AE754E4C6
:10CE50000F94547F4B015C01E091E003E150EC3012
:10CE600008F077C0F0E08827E75CF8418F4F0D9419
:10CE70003D7E77EA73EA09EA09EA09EA09EAB2E9D2
:10CE800021E91DE9B0E87AE774E7109253120E9495
:10CE9000D15981E00E94DE598091FE12813009F063
:10CEA00036CF8091D412882309F431CF8091CC03FE
:10CEB000823009F42CCF0E94C14981110E94AF47F2
:10CEC00020915B1230915C12809157029091580230
:10CED000281739070CF41BCF0F94C47618CF109283
:10CEE00053128BCF2150A8CF65E086E399E30E94CF
:10CEF000A4712FC08091FE12813049F5D091DF03DB
:10CF000061E088E294E60E94F57061E08BE299E3CB
:10CF10000E94F57061E084E299E30E94F5700F943D
:10CF2000CC4DD817A1F08F3F29F061E08EE59FE14D
:10CF30000E94F5701F92DF9380E299E39F938F9395
:10CF40000E94C3710F900F900F900F90C1E0C0939B
:10CF5000DE038091320E833009F0CEC09091E00361
:10CF6000911109C08093310791E09093DC03809385
:10CF70005B028093E0038091E003833009F5909198
:10CF8000120E8091130E98131BC00F94BB011092C8
:10CF9000410280914F028F9380914E028F938BEAD2
:10CFA00099E39F938F930E94C3718DE790E30E9452
:10CFB0003DBB82E08093E0030F900F900F900F90A5
:10CFC0008091E003823009F078C08091410288238B
:10CFD00009F473C01092DC038BE690E30E943DBB22
:10CFE00010925C1210925B12C091D803D091D903B9
:10CFF0001091DA030091DB0320E030E0A901F80191
:10D000006C2F7D2F8F2F9E2F0F944A7F81111FC071
:10D0100020E030E0A9016091D4037091D5038091A4
:10D02000D6039091D7030F944A7F811110C020E05E
:10D0300030E0A9016091D0037091D1038091D203B7
:10D040009091D3030F944A7F882309F466C280919C
:10D05000D3038F938091D2038F938091D1038F93C9
:10D060008091D0038F938091D7038F938091D603C3
:10D070008F938091D5038F938091D4038F930F93D7
:10D080001F93DF93CF9384E999E39F938F930E943B
:10D09000C37161E089E69FE10E94F5708DB79EB78C
:10D0A0000E960FB6F8949EBF0FBE8DBF8DEC93E029
:10D0B0000E9444FF81E08093E0038091E00381308F
:10D0C000D9F460ED77E08DEC93E00E9415FF8823A2
:10D0D00099F08AE593E60E943DBB1092310782EDFC
:10D0E00090E090934F0280934E021092E0031092D2
:10D0F000320E82E08093350E8091320E8530E9F455
:10D100009091120E8091130E981317C080913912CE
:10D1100090913A12892B89F48091511281110DC09E
:10D120008091E003813009F429C208F4FBC1823008
:10D1300009F411C2833009F4F9C1DF91CF911F9135
:10D140000F91FF90EF90DF90CF90BF90AF909F90A6
:10D150008F907F906F905F904F903F902F900895A9
:10D160000E94B1531092DD0361E087EB9DEF0E94B6
:10D1700069468091FE128130B9F48091DE0310E09F
:10D18000811101C012E0C12FD0E0CC0FDD1FC25FC2
:10D19000D64CFE018591949161E00E94F5701F5F6D
:10D1A00022961930B1F7D5CE61E086E099E30E946E
:10D1B000F57020E030E040E850E4C501B4010F9480
:10D1C000FA7720E030E040E752E40F94845F9F93C9
:10D1D0008F937F936F9382E48F9380E78F931F9257
:10D1E0001F92C9EFD8E3DF93CF930E94C37120E071
:10D1F00030E040E051E4C501B4010F94FA7720E03B
:10D2000030E84EE053E40F94845F9F938F937F93B5
:10D210006F9383E48F938AE48F9380E88F931F92B8
:10D22000DF93CF930E94C3718DB79EB744960FB61C
:10D23000F8949EBF0FBE8DBF8CCE66E08DEE98E356
:10D2400056CE61E083EE98E30E94F5708EE38F93F3
:10D250008CE48F938CEC8F938DEC8F938BED98E314
:10D260009F938F930E94C37161E086E099E30E94CF
:10D27000F57061E08AE59FE10E94F57020E030E002
:10D2800040E850E4C501B4010F94FA7720E030E0A3
:10D2900048EC51E40F94845F9F938F937F936F9337
:10D2A00001E40F9318EC1F931F921F92C9EFD8E36C
:10D2B000DF93CF930E94C371A5019401C501B4010E
:10D2C0000F94557E20E030E048EC51E40F94845FE9
:10D2D0009F938F937F936F930F931F931F921F9230
:10D2E000DF93CF930E94C37120E030E048EC52E41A
:10D2F000C501B4010F94845F9F938F937F936F93C5
:10D3000082E48F931F931F921F92DF93CF930E940B
:10D31000C3718DB79EB784960FB6F8949EBF0FBEAB
:10D320008DBF20E030E040EA51E4C501B4010F9424
:10D33000845F9F938F937F936F9381EC8F9380EAA9
:10D340008F931F921F928EEC98E39F938F930E946E
:10D35000C3718DB79EB70A960FB6F8949EBF0FBEE5
:10D360008DBFF7CD20E030E046E153E4C501B401C4
:10D370000F94845F762E672E582E492E20E030E0E1
:10D3800040EA51E4C501B4010F94845FB62EA72E84
:10D39000982E892EC5E0DFEF29EFE22E28E3F22E4A
:10D3A00031ECC32E40EAD42E0EEC18E34F925F927C
:10D3B0006F927F926D2F0D2E000C770B880B990BBF
:10D3C0000F94BB7720E030E046E153E40F94FA7706
:10D3D0009F938F937F936F93FF92EF920E94C371FD
:10D3E0008F929F92AF92BF92CF92DF921F921F9225
:10D3F0001F930F930E94C371D195C1508DB79EB7F3
:10D4000044960FB6F8949EBF0FBE8DBFC111CECF0C
:10D41000A0CD23E43DEC4FE25DE3C501B4010F94E0
:10D42000547E6B017C0120E030E040EA51E4C5010C
:10D43000B4010F94845F662E572E482E392EA70113
:10D440009601C501B4010F94845F262EA72E982E55
:10D45000892E84E0B82E90EA792E09EF18E3F7FAC6
:10D46000F094F7F8F094CEECD8E33F924F925F92AD
:10D470006F9291E49F937F921F921F921F930F933D
:10D480000E94C3718F929F92AF922F92FF92EF9260
:10D49000DF92CF92DF93CF930E94C3713F924F925E
:10D4A0005F926F9281EC8F937F921F921F921F93D6
:10D4B0000F930E94C3718F929F92AF922F92FF920F
:10D4C000EF92DF92CF92DF93CF930E94C371BA9411
:10D4D0008DB79EB788960FB6F8949EBF0FBE8DBFCE
:10D4E000B110C3CF36CD69E08CEB98E300CD8AE56F
:10D4F00093E60E943DBB1092E0031092320E82E050
:10D500008093350E8FE59FE00F942D7D882309F4DD
:10D51000F3CD8BE00E9411DC1CCD84E699E30E94E0
:10D52000F35CC4CD83E08093E00307CE86E390E311
:10D530000E944BC361E083E69FE10E94F57061E0C9
:10D5400081E599E30E94F57061E087E499E30E9428
:10D55000F57082E0E8CF61E080E499E30E94F57025
:10D5600041E060E08FEF9FE20E944DC28111E5CD66
:10D5700010925C1210925B1281E0D5CF1092E00302
:10D580001092320E82E08093350E20E041E062E09E
:10D5900070E08AE093EA0E94434683E08093DD03D3
:10D5A000CCCD0F931F938091030180958170909152
:10D5B000FA03891789F18091FB039091FC03805550
:10D5C0009F4B11F40E94A74682E080935B028091FA
:10D5D0000301809581708093FA030E942A54809100
:10D5E000FA03882309F488C08091D513811105C0FE
:10D5F0000F94B65981E0809323148AE593E60E9444
:10D600003DBB1092C70361E080E59FEB0E94694635
:10D6100082EC93E00F94FD000E94E2FE0091BE03B5
:10D620001091BF032091C0033091C1030617170763
:10D6300028073907E8F580915B02882331F082ECF6
:10D6400093E00F94FD000E947252E091FB03F09171
:10D65000FC0319958091FB039091FC03875B9D4F20
:10D6600009F45BC08091FB039091FC0321E08D3DA8
:10D67000920709F073C080915B02823021F40E940E
:10D680002A541092330580915B02882319F081504F
:10D6900080935B020E94E2FE6C597F4F8F4F9F4F39
:10D6A0006093BE037093BF038093C0039093C10344
:10D6B0008091340E882399F080910104882379F0B9
:10D6C00060E177E28AEB93E00E9415FF882339F04E
:10D6D00088E00F94EB228AEB93E00E9444FF809154
:10D6E000320E843009F051C08091160E81114DC068
:10D6F0001F910F910C941AE61092D4131092D51327
:10D700008AE998E60E94F35C8AE39FE10E94E85E62
:10D710008CED9FE20E943DBB7FCF0E94DB498111CF
:10D720000EC0E091FB03F091FC03309739F50E94A5
:10D73000B1530E945AF782E080935B029CCF8091A4
:10D74000320E81118FCF40E95FE561E070E082EC3D
:10D7500093E00E9450FF8111E4CF84CF875B9D4FFF
:10D7600009F489CF40E355E760E070E082EC93E094
:10D770000E9450FF882309F47ECFD3CF81E08093AD
:10D78000BD0319951092BD03D2CF1F910F9108953B
:10D79000CF92EF92FF920F931F9387E10E946EB595
:10D7A00081110BC087E10E940CB580E01F910F91A1
:10D7B000FF90EF90CF900C9411DC8AE0C82EF12CF2
:10D7C000E12C01EA10E328EA30E341E060E08BEA73
:10D7D00093E20E947DBE882329F30E945AF781E0DC
:10D7E0000E94C35382E01F910F91FF90EF90CF9062
:10D7F0000C948452CF93DF93D82F0F94EA5FC82FF5
:10D80000882359F188EC90E00F945C4582E00F94F6
:10D8100024166D2F8DEF91E60F942B410F94B85F76
:10D820001092F0161092EF168091E512833629F0CF
:10D8300062E18CE294E60F94C15F8D2F0E949CD729
:10D840000E946CA083E00F9424168EEE96E10E9455
:10D850008F590F94DF5F0F9428418C2FDF91CF9168
:10D8600008951F93CF93DF93C82F162F0F94EA5F6D
:10D87000D82F8823A9F01092F0161092EF16C33615
:10D8800011F1C83791F0CF3339F484E690E00F946A
:10D890005C45812F0E94FAEB8EEE96E10E948F5933
:10D8A0008D2FDF91CF911F91089510925802109201
:10D8B0005702812F0E94F4D88FEA90E0909358028B
:10D8C00080935702E9CF84E690E00F945C450E9474
:10D8D0006CA0E2CF0E94FAEB0E9479470F94990B5B
:10D8E0000E945AF70F94A50B8AE593E60E943DBB70
:10D8F000109231070C94A6FB1F93CF93DF9300D0B7
:10D900001F921F92CDB7DEB7182F0F94EA5F8823BE
:10D91000D9F0412F62E5CE0101960F94E64149818D
:10D920005A816B817C818D810F94696E60E080E00B
:10D930000F94F975882369F32091AA123091AB12E4
:10D940003093FB122093FA120F900F900F900F90CC
:10D950000F90DF91CF911F910895883E23E09207A9
:10D9600010F087EE93E0089590911B0E80911A0EAF
:10D970002FEF3FEF891771F0E92FF0E0E35EF14FF1
:10D98000208130E09F5F8091190E981708F090E099
:10D9900090931B0EC90108959091D00095FFFCCF84
:10D9A0008093D60090E080E008953FB7F89480918E
:10D9B000D3069091D406A091D506B091D6062091B9
:10D9C000B200B89B05C02F3F19F00196A11DB11DF3
:10D9D0003FBFBA2FA92F982F8827BC01CD01620F16
:10D9E000711D811D911D42E0660F771F881F991FD1
:10D9F0004A95D1F708952F923F924F925F926F927E
:10DA00007F928F929F92AF92BF92CF92DF92EF92CE
:10DA1000FF920F931F93CF93DF93CDB7DEB72E976F
:10DA20000FB6F894DEBF0FBECDBF2090C606309073
:10DA3000C7064090C8065090C9066090CA0670900C
:10DA4000CB062114310439F481E080939F06812CA8
:10DA5000912C5401F9C0B101032C000C880B990BD7
:10DA60000F94BB77A30192010F94547E6B017C014C
:10DA700080919F06882391F010929B0610929C063D
:10DA800010929D0610929E0610929706109298068C
:10DA90001092990610929A0610929F062091C50442
:10DAA0003091C6044091C7045091C804C701B60123
:10DAB0000F94FA7769837A838B839C8320919B06EA
:10DAC00030919C0640919D0650919E06C701B6017B
:10DAD0000F94557E4B015C01209115042D873091E8
:10DAE000160439871091170400911804412F502F04
:10DAF0000F944A7F87FD17C0809111048D87909104
:10DB00001204998710911304009114049C01412F71
:10DB1000502FB401C5010F94DE80181624F08D86B5
:10DB200099861A2D0B2D8D859985A12FB02F809365
:10DB30009B0690939C06A0939D06B0939E06209111
:10DB4000C9043091CA044091CB045091CC04BC016B
:10DB5000812F902F0F94FA776D837E838F83988720
:10DB60002091930630919406409195065091960627
:10DB7000C301B2010F94547E2091CD043091CE04A4
:10DB80004091CF045091D0040F94FA7720ED3CECF3
:10DB90004CE45DE30F94FA774B015C0123E333E33C
:10DBA00043E75FE36091970670919806809199062C
:10DBB00090919A060F94FA779B01AC01C501B401CC
:10DBC0000F94557E4B015C018092970690929806C7
:10DBD000A0929906B0929A062D813E814F81588578
:10DBE00069817A818B819C810F94557EA501940176
:10DBF0000F94547E4B015C0120E030E04FE753E48A
:10DC00000F94DE8020E030E0A90118160CF06DC101
:10DC1000C701B6010F94DE80181684F4A70196019F
:10DC20006D857985812F902F0F94547E60939B068C
:10DC300070939C0680939D0690939E06812C912C58
:10DC40003FE7A32E33E4B32E4092930650929406FE
:10DC500060929506709296066091540270915502FA
:10DC6000072E000C880B990B0F94BB779B01AC011E
:10DC7000C301B2010F944A7F87FF57C1232809F4DB
:10DC800054C1C501B4010F94C67F75956795609323
:10DC9000CC062091BF063091C0063A83298340907C
:10DCA000C1065090C2066090C3067090C406B901C8
:10DCB000330F880B990B0F94BB77A30192010F943C
:10DCC000547E6B017C012091D1043091D2044091AB
:10DCD000D3045091D4040F94FA776D837E838F839D
:10DCE00098872091A8063091A9064091AA065091E4
:10DCF000AB06C701B6010F94557E5B018C013091D4
:10DD00000D043E8780910E048D8730900F04209083
:10DD10001004232F382F432D522DB501C8010F9425
:10DD20004A7F87FD18C0909109049E8720910A04BC
:10DD30002D8730900B0420900C04292F3D85432D16
:10DD4000522DB501C8010F94DE80181624F0AE865E
:10DD5000BD86302E212E8E859D85A32DB22D8093DC
:10DD6000A8069093A906A093AA06B093AB062091AB
:10DD7000D5043091D6044091D7045091D804BC0109
:10DD8000832D922D0F94FA7769877A878B879C87EA
:10DD90002091A4063091A5064091A6065091A706B1
:10DDA000C301B2010F94547E2091D9043091DA045A
:10DDB0004091DB045091DC040F94FA7720ED3CECA9
:10DDC0004CE45DE30F94FA774B015C0123E333E30A
:10DDD00043E75FE36091A0067091A1068091A206DF
:10DDE0009091A3060F94FA779B01AC01C501B40191
:10DDF0000F94557E4B015C018092A0069092A10683
:10DE0000A092A206B092A3064092A4065092A50644
:10DE10006092A6067092A70629853A854B855C8597
:10DE20006D817E818F8198850F94557EA501940127
:10DE30000F94547E4B015C0120E030E04FE753E447
:10DE40000F94DE8020E030E0A90118160CF070C0BD
:10DE5000C701B6010F94DE80181684F4A70196015D
:10DE60006E857D85832D922D0F94547E6093A80638
:10DE70007093A9068093AA069093AB06812C912CEF
:10DE80009FE7A92E93E4B92E20E030E04AEF52E458
:10DE9000C301B2010F944A7F87FF6DC0C501B40171
:10DEA0000F94C67F759567956093C50689819A81A1
:10DEB000892B11F41092C5062E960FB6F894DEBF8A
:10DEC0000FBECDBFDF91CF911F910F91FF90EF90CB
:10DED000DF90CF90BF90AF909F908F907F906F908A
:10DEE0005F904F903F902F900895C501B4010F941B
:10DEF0004A7F87FFA9CE20E030E0A901C701B60123
:10DF00000F944A7F87FFA3CDA70196016D85798580
:10DF1000812F902F0F94547E60939B0670939C06E4
:10DF200080939D0690939E0692CD1092CC06B1CE22
:10DF3000C501B4010F944A7F87FFA6CF20E030E0EF
:10DF4000A901C701B6010F944A7F87FF10C0A7013E
:10DF500096016E857D85832D922D0F94547E60935E
:10DF6000A8067093A9068093AA069093AB06812C0D
:10DF7000912C540189CF1092C50698CF80915B12E5
:10DF800090915C129093C7068093C60680915712B9
:10DF9000909158129093C0068093BF060895CF9336
:10DFA0009FB7F894C0917100C270809171008D7F0D
:10DFB000809371009FBF8091C8069091C906A0917F
:10DFC000CA06B091CB0680932E0E90932F0EA0938D
:10DFD000300EB093310E8091C1069091C206A0918F
:10DFE000C306B091C4068093B5039093B603A09383
:10DFF000B703B093B8038091AD069091AE06A0919F
:10E00000AF06B091B0068093F8069093F906A093FE
:10E01000FA06B093FB068091CA03811102C00E94E8
:10E02000BEEF1092AC069FB7F894CC2329F08091F4
:10E0300071008260809371009FBFCF9108958130FD
:10E0400061F120F0823009F44BC008951798909147
:10E05000090181E0292F227091FF80E0861759F095
:10E0600080910B016623A9F0826080930B018BE8FD
:10E0700091E00197F1F7409A83E090E00197F1F782
:10E08000409880910B01222331F0826080930B0134
:10E0900008958D7FEACF8D7FF9CF16988091090181
:10E0A0008170861759F090910B01662399F0916069
:10E0B00090930B01EBE8F1E03197F1F7419AE3E03F
:10E0C000F0E03197F1F74198882331F080910B010E
:10E0D0008160DCCF9E7FECCF80910B018E7FD6CF0D
:10E0E00015989091090181E0292F247092FF80E01A
:10E0F000681759F090910B016623B1F094609093EA
:10E100000B01EBE8F1E03197F1F7429AE3E0F0E040
:10E110003197F1F74298681709F4BACF80910B0153
:10E12000222321F08460B2CF9B7FE9CF8B7FAECFDB
:10E1300080912F05811125C08091C00087FF3DC0CF
:10E140008091C00084FF03C08091C6000895409173
:10E15000C6002091190630911A06C90101968F77E1
:10E16000992760911B0670911C068617970729F165
:10E1700027563A4FF901408390931A068093190667
:10E180001CC08091C80087FF18C08091C80084FF20
:10E1900003C08091CE0008954091CE0020911906D1
:10E1A00030911A06C90101968F77992760911B0655
:10E1B00070911C0668177907D9F6089523E081113C
:10E1C00021E080E06BE173E04BEC57E03FB7F8945F
:10E1D000909102019460909302013FBFFB0131973F
:10E1E000F1F73FB7F894909102019B7F9093020161
:10E1F0003FBFFA013197F1F78F5F8213E7CF0895A0
:10E200008AE02BE831E04FB7F894909102019460D6
:10E21000909302014FBFF9013197F1F74FB7F8948E
:10E22000909102019B7F909302014FBFF9013197BA
:10E23000F1F7815041F70895862798E027E0382FBD
:10E24000880F37FD82279150D1F70895CF93DF9340
:10E25000CDB7DEB72F970FB6F894DEBF0FBECDBF98
:10E26000FC01DE01119690E09D01849141E0490F8F
:10E27000882329F08D933196942F4D30B1F7F90111
:10E28000E90FF11D8AE380839F5FF901E90FF11D1A
:10E2900080E29E3019F081939F5FFBCF1F867F93B2
:10E2A0006F933F932F938AED9BE59F938F930E94EB
:10E2B00096520F900F900F900F900F900F902F96F7
:10E2C0000FB6F894DEBF0FBECDBFDF91CF9108959A
:10E2D00087EA9CE00F942D7D811105C080918D030C
:10E2E0008150883010F080E0089581E008950E9408
:10E2F0000E5B10929C030895EF92FF920F931F9371
:10E3000080919C03811135C080EC9FE00F942D7D9E
:10E31000813061F58FEB9FE00F942D7D082E000C6E
:10E32000990B90939E0380939D038EEB9FE00F9437
:10E330002D7D082E000C990B9093A00380939F03D2
:10E340008DEB9FE00F942D7D082E000C990B909380
:10E35000A2038093A1038CEB9FE00F942D7D082EE8
:10E36000000C990B9093A4038093A30381E0809306
:10E370009C030E94C0581092590480915904843023
:10E3800008F062C010925C040E94B2458823E9F054
:10E3900060919D038FEB9FE00F94517D6091A103ED
:10E3A0008DEB9FE00F94517D6091A3038CEB9FE078
:10E3B0000F94517D60919F038EEB9FE00F94517DF0
:10E3C00061E080EC9FE00F94517D89EE9FE20E9416
:10E3D0007D56F12CE12C04E610E02CE93FEF40E102
:10E3E0006DE973E080EB98E40E94F9522CE93FEF6D
:10E3F00040E16FE973E081EA98E40E94F9522CE968
:10E400003FEF40E161EA73E082E998E40E94F9524B
:10E410002CE93FEF40E163EA73E083E898E40E946F
:10E42000F95267E771EF85E49CE20E944C560E9426
:10E430000F46809159048F5F8093590480915B044B
:10E440008F5F80935B0499CF1F910F91FF90EF90A6
:10E4500008958EEC9EE00F942D7D60E0813009F0F0
:10E4600061E08EEC9EE00D94517D6091400281E070
:10E4700068276093400287E89FE00F94517D809168
:10E480004002811102C01092CC03089586ED9EE0F7
:10E490000F942D7D61E0823009F062E086ED9EE010
:10E4A0000D94517D1092C2030E94AA53E0EBF3E059
:10E4B000428153812CE3249FC001259F900D11249C
:10E4C0009F938F9388E29FE29F938F934081518126
:10E4D000249FC001259F900D11249F938F9383E368
:10E4E0009FE29F938F9380E59BE59F938F930E947C
:10E4F00096528DB79EB70A960FB6F8949EBF0FBE80
:10E500008DBF0C94BA581092C2030E94AA53609116
:10E510002E0E70912F0E8091300E9091310E0F942F
:10E52000C67F8DEC9AE20E9426F16091B50370914E
:10E53000B6038091B7039091B8030F94C67F88EB20
:10E540009AE20E9426F16091F8067091F906809196
:10E55000FA069091FB060F94C67F88E69EE10E9422
:10E5600026F10C94BA58CF93DF931092C2030E9405
:10E57000AA538FEC9EE00F942D7D90E00E94ADECAD
:10E58000EC0182ED9EE00F942D7D90E00E94ADECB9
:10E59000DF93CF9328E036E43F932F939F938F939D
:10E5A00087E196E49F938F938EE496E49F938F93F5
:10E5B0008BE69BE59F938F930E9496528DB79EB7F3
:10E5C0000C960FB6F8949EBF0FBE8DBFDF91CF9112
:10E5D0000C94BA581F93CF93DF931092C20385E631
:10E5E0009FE00F942D7DC82F81E09FE00F943B7D2D
:10E5F0000E94ADECD82F192F0E94AA531F93DF93CE
:10E6000081E496E49F938F9322E336E43F932F9324
:10E610001F92CF939F938F938EE496E49F938F9353
:10E6200087EB9BE59F938F930E9496528DB79EB781
:10E630000E960FB6F8949EBF0FBE8DBFDF91CF919F
:10E640001F910C94BA580F931F93CF93DF9310929E
:10E65000C2030E94AA5380910413909105130E9453
:10E66000ADEC182F092F80ED9EE00F943B7D0E94AA
:10E67000ADECEC0183ED9EE00F943B7D0E94ADEC90
:10E680000F931F9328EF35E43F932F93DF93CF939E
:10E6900028E036E43F932F939F938F9387E196E48E
:10E6A0009F938F9382E396E49F938F938AE89BE5F1
:10E6B0009F938F930E9496528DB79EB740960FB648
:10E6C000F8949EBF0FBE8DBFDF91CF911F910F9128
:10E6D0000C94BA58CF93DF9344E658E460E080E0AE
:10E6E0000E9492534BE958E361E080E00E9492530C
:10E6F00062E080E00E94E55285EE9FE00F94357D58
:10E700009F938F937F936F931F9288E58F93C9EDAB
:10E71000DDE5DF93CF930E94965263E080E00E9494
:10E72000E55289EE9FE00F94357D9F938F937F9301
:10E730006F931F9289E58F93DF93CF930E94965238
:10E740008DB79EB740960FB6F8949EBF0FBE8DBF93
:10E75000DF91CF910C94BA58CF92DF92EF92FF9253
:10E7600080E69FE00F94357D6B017C010E94AA53E7
:10E770008EE38F9380E88F931F921F928EE398E42D
:10E780009F938F938DE38F9385EF8F9382EC8F937D
:10E7900080E98F938AE498E49F938F938BE998E3C1
:10E7A0009F938F9386E598E49F938F9385E59CE4F0
:10E7B0009F938F930E94965260E08FE00E94E552F3
:10E7C0008DB79EB742960FB6F8949EBF0FBE8DBF11
:10E7D00020E030E048EC52E4C701B6010F944A7FD4
:10E7E00087FF2EC020E030E044E353E4C701B601C8
:10E7F0000F94FA772BED3FE049E450E40F94547FF7
:10E800009F938F937F936F938EE49CE49F938F935A
:10E810000E9496520F900F900F900F900F900F90B4
:10E820000E942958882389F020E041E070E060E0F0
:10E830008AE693EFFF90EF90DF90CF900C944346E1
:10E840008CEB9DE20E94A852EBCFFF90EF90DF90FF
:10E85000CF9008952F923F924F925F926F927F9246
:10E860008F929F92AF92BF92CF92DF92EF92FF92E0
:10E870000F931F93CF93DF93CDB7DEB7A0970FB65B
:10E88000F894DEBF0FBECDBF48E050E065EE7FE0FC
:10E89000CE0141960F941D7D48E050E06DED7FE084
:10E8A000CE0109960F941D7D48E050E065ED7FE0B4
:10E8B000CE0101960F941D7D8D849E84AF84B8880F
:10E8C000E3EDFDE32591359145915491CD80DE80B6
:10E8D000EF80F884E7EDFDE385919591A591B491E2
:10E8E0008D8F9E8FAF8FB8A38D899E89AF89B88D8C
:10E8F000898F9A8FAB8FBC8FC501B4010F94FA77C3
:10E900002B013C012D8D3E8D4F8D58A1C701B601C5
:10E910000F94FA779B01AC01C301B2010F94557EAD
:10E92000298D3A8D4B8D5C8D0F94557E20E030E023
:10E9300040E950E40F94557E1B018C01EBEDFDE3A3
:10E940002591359145915491EFEDFDE3459055901A
:10E9500065907490C501B4010F94FA774B015C0186
:10E96000A3019201C701B6010F94FA779B01AC0194
:10E97000C501B4010F94557E298D3A8D4B8D5C8D68
:10E980000F94557E20E030E040E950E40F94557E2E
:10E99000F62EE72ED82EC92E0E94AA538FE198E4B6
:10E9A0009F938F9385E298E49F938F938BE998E3ED
:10E9B0009F938F938AE298E49F938F9380E49CE4E3
:10E9C0009F938F930E94965262E08BE00E94E552E3
:10E9D0000FB6F894DEBF0FBECDBF20E030E048E4B4
:10E9E00053E4622D732D802F912F0F94DE8087FFCB
:10E9F00057C01F930F933F922F9288E39CE49F93FD
:10EA00008F930E9496520F900F900F900F900F903F
:10EA10000F9063E08BE00E94E55220E030E048E494
:10EA200053E4D701F6016B2F7E2D8F2F9C2D0F9471
:10EA3000DE8087FF3AC0CF92DF92EF92FF9288E3A9
:10EA40009CE49F938F930E9496520F900F900F908B
:10EA50000F900F900F900E942958882341F020E0DA
:10EA600041E070E060E08CEA93EF0E944346A0969C
:10EA70000FB6F894DEBF0FBECDBFDF91CF911F91CF
:10EA80000F91FF90EF90DF90CF90BF90AF909F904D
:10EA90008F907F906F905F904F903F902F90089550
:10EAA0008CEB9DE20E94A852B4CF8CEB9DE20E94B9
:10EAB000A852D1CF80E897E40E94C3BC0C94BA5806
:10EAC0000E94C0581092590480915904843028F54E
:10EAD00010925C0482E29EE20E947D5663EB72EF2C
:10EAE0008DEE95E40E94A25663E273EF87EE95E403
:10EAF0000E94A25669E377EF81E296E40E94A25653
:10EB00000E940F46809159048F5F80935904809131
:10EB10005B048F5F80935B04D7CF08958091EC06F0
:10EB2000811103C082E00C948B4681E0FCCF80E031
:10EB30000C949A68EF92FF920F931F93CF93DF93F9
:10EB400080918F03882329F090915B02923009F025
:10EB500064C181E080938F03809145168093900378
:10EB6000882321F081E993E00F94C25E0E94C0588F
:10EB70001092590485E1E82E8CE5F82EC4EEDBE511
:10EB800005E913E080915904843008F06BC11092BC
:10EB90005C0482E29EE20E947D5680E89CE50E9431
:10EBA0007D5683E79CE50E947D568EE59CE50E949C
:10EBB0007D568EE49CE50E947D568FED9BE40E947D
:10EBC0007D568DEC9BE40E947D568CEB9BE40E946D
:10EBD0007D568BE998E30E947D5681E49CE50E9476
:10EBE0007D5688E39CE50E947D568EE29CE50E945E
:10EBF0007D568BE998E30E947D5681EC96E40E9455
:10EC00007D5683E29CE50E947D568BE998E30E9445
:10EC10007D568091FE12813009F01FC183EB96E48E
:10EC20000E947D568EE19CE50E947D5680915C0499
:10EC30008150990B20915B042817190649F58091A2
:10EC40005B02882329F16091590486E00E94E55215
:10EC50008091FE12813009F0FBC08091DE1290910C
:10EC6000DF122091E012882309F4F2C01F922F9343
:10EC70001F929F931F928F93FF92EF920E94965242
:10EC80008DB79EB708960FB6F8949EBF0FBE8DBF86
:10EC900080919003882309F440C08BE998E30E9497
:10ECA0007D5684EF9BE50E947D5682EF9BE50E9496
:10ECB0007D5680915C048150990B20915B0428174C
:10ECC000190659F580915B02882339F16091590446
:10ECD00082E00E94E552809194031F928F9380916D
:10ECE00093031F928F93809192031F928F93809131
:10ECF00091031F928F93DF93CF931F930F930F94E2
:10ED0000447C85E993E00E9438578DB79EB70C96F6
:10ED10000FB6F8949EBF0FBE8DBF8091E70690910D
:10ED2000E806A091E906B091EA06892B8A2B8B2B85
:10ED300009F440C08BE998E30E947D568AE996E485
:10ED40000E947D5680EF9BE50E947D5680915C0479
:10ED50008150990B20915B042817190659F5809171
:10ED60005B02882339F16091590482E00E94E552E8
:10ED70008091EA061F928F938091E9061F928F93EC
:10ED80008091E8061F928F938091E7061F928F93E0
:10ED9000DF93CF931F930F930F94447C85E993E007
:10EDA0000E9438578DB79EB70C960FB6F8949EBF49
:10EDB0000FBE8DBF8BE998E30E947D566AE274EF27
:10EDC00089E896E40E94A25662E572EF8BE796E42A
:10EDD0000E94A2566FEC74EB8FE696E40E94A25656
:10EDE00063E872EF82E696E40E94A2568091E606FE
:10EDF000882331F067E975EF8DEA9BE40E944C5659
:10EE00000E940F46809159048F5F8093590480912E
:10EE10005B048F5F80935B04B5CE90919003992340
:10EE200009F4A4CE40919103509192036091930311
:10EE300070919403452B462B472B09F097CE8F5F9B
:10EE4000803119F080938F0391CE10928F038ECE74
:10EE50008BEA96E40E94A8521BCF86E09CE50E94B4
:10EE60007D5616CFDF91CF911F910F91FF90EF90BC
:10EE7000089580918F03811117C00E94B15381E2E0
:10EE800096E40E94A8528AE30E94AC5261E08AE0B4
:10EE90000E94E55288EA9CE00F94357D4AE00E948A
:10EEA000015581E080938F030C94BA588EE99BE45E
:10EEB0000C94E85E0E942A541092330520E041E051
:10EEC00070E060E08DED91E00E9443461092DD031A
:10EED00010928D0308950E94B1534FEB58E460E007
:10EEE00080E00E94925380914E0290914F022091B7
:10EEF000310530913205820F931F823321E0920752
:10EF000050F181E391E090934F0280934E02109272
:10EF100032051092310562E081E00E94E552809155
:10EF20004F028F9380914E028F938EEF9DE59F93BA
:10EF30008F930E9496520E9429580F900F900F9025
:10EF40000F90882371F083E08093320E0E945AF76D
:10EF500082E00C9484528E319105A8F68EE190E007
:10EF6000D2CF089581E00E94B3520F94CC4D90917E
:10EF7000E612933609F49FEF89130EC086E40E94CF
:10EF8000AC520F94CC4D8F3F29F08F5C0E94AC5255
:10EF900083E008958FE3FACF8F3F89F08F5C0E9462
:10EFA000AC528EE30E94AC528091E612833649F057
:10EFB0008F3F39F08F5C0E94AC5284E008958FE35C
:10EFC000EECF8FE3F8CF0F931F93CF93DF93EC0136
:10EFD000CB01BA014A81413029F088F0423009F171
:10EFE0004330D1F48B81811125C082E08A8363E0B4
:10EFF00088E09BE50E94FFB685E08B830DC0A901E8
:10F0000098010F94DE8018163CF463E088819981A2
:10F010000E94FFB681E08A83DF91CF911F910F910B
:10F0200008958B81811106C08881998123E02A830C
:10F0300063E0E0CF8150E1CF86EE9CE40C94F35C7A
:10F040009FB7F894E2E0F1E08081846080839FBF05
:10F050002FEF89E698E1215080409040E1F700C011
:10F0600000009FB7F89480818B7F80839FBF0895B5
:10F0700089E09DE40E94F35C60915B1270915C12E8
:10F08000072E000C880B990B0E94595C82E09DE4CE
:10F090000E94F35C6091571270915812072E000C79
:10F0A000880B990B0E94595C8BEF9CE40E94F35CE7
:10F0B00060912E0E70912F0E8091300E9091310E36
:10F0C00042E00E94755C84EF9CE40E94F35C6091D6
:10F0D000B5037091B6038091B7039091B80342E0F5
:10F0E0000E94755C8DE50C94E05BCF93C82F80EE99
:10F0F0009CE40E94F35C8C2F0E94E05B8DE5CF9135
:10F100000C94E05BCF93C82F89EA9CE40E94F35CE7
:10F110008C2F0E94E05B8DE50E94E05BCF910C9408
:10F120001CF88EEE9CE40E94F35C85EA9DE00F944F
:10F130003B7DBC0190E080E04AE00E94F45B8DE5FD
:10F140000C94E05B2F923F924F925F926F927F926E
:10F150008F929F92AF92BF92CF92DF92EF92FF92E7
:10F160000F931F93CF93DF93CDB7DEB7A1970FB661
:10F17000F894DEBF0FBECDBF1C0148015901FC0150
:10F18000E85BFF4FC080D180E280F3809A01AB0141
:10F19000C701B6010F94FA770F94337F0F94CD7F98
:10F1A0008B018D839983A5019401C701B6010F944A
:10F1B000FA770F94337F0F94CD7F362F272FA80136
:10F1C0006D817981483751056105710520F448E763
:10F1D00050E060E070E0D101D6968D909D90AD90AA
:10F1E000BC90D9978F8A988EA98EBA8E48155905EA
:10F1F0006A057B0520F44F8B588F698F7A8F432FD8
:10F20000522FBC01483751056105710520F448E7CC
:10F2100050E060E070E0182D092DA9A2B8A24815B1
:10F2200059056A057B0520F4142F052F69A378A3DF
:10F23000F101EE5BFF4FC080D180E280F380CD8290
:10F24000DE82EF82F886CD28CE28CF2841F4C12C6B
:10F25000D12C7601C394CD82DE82EF82F8862F898D
:10F26000388D498D5A8DB901CA010F94907D6D87F3
:10F270007E878F87988BA5019401C501B4010F94F7
:10F28000907D2B013C01212F302F49A158A1612FE6
:10F29000702FCA010F94907D698B7A8B8B8B9C8B1E
:10F2A000CD80DE80EF80F884CC0CDD1CEE1CFF1CD2
:10F2B000C986DA86EB86FC86C301B201615071090A
:10F2C00081099109CD84DE84EF84F8886C197D0969
:10F2D0008E099F09C984DA84EB84FC846C0D7D1D42
:10F2E0008E1D9F1DA70196010F94A07D69017A01D3
:10F2F000C301B20129893A894B895C89621B730B6E
:10F30000840B950B29853A854B855C850F94A07DF0
:10F3100029013A01D701C601840D951DA61DB71D0F
:10F320008C8F9D8FAE8FBF8FF101E45BFF4F90817B
:10F330009B8F992309F48DC0612F702F89A198A10B
:10F340000F94B977F101EC5AFF4F2081318142814E
:10F3500053810F94FA770F94CD7F6D8B7E8BD10103
:10F3600050962D913D914D915C91539729833A830D
:10F370004B835C838C8D9D8DAE8DBF8D82179307E3
:10F38000A407B50708F068C029013A01481A590ACC
:10F390006A0A7B0A9B8D40E080E0992389F0C501D1
:10F3A000B4010F94B977F101EC5AFF4F20813181FC
:10F3B000428153810F94FA770F94CD7F462F872F88
:10F3C0003FB7F894F101E95BFF4F2081211127C07D
:10F3D000D1015996CD92DD92ED92FC925C97C40CCE
:10F3E000D51CE61CF71CF101C58ED68EE78EF0A267
:10F3F000CF88C2AED88CD3AEE98CE4AEFA8CF5AE31
:10F40000FE9610830183C9A0C282D8A0D3827396CE
:10F41000ED88E082FE88F1823297408381833FBF8E
:10F42000A1960FB6F894DEBF0FBECDBFDF91CF918E
:10F430001F910F91FF90EF90DF90CF90BF90AF9012
:10F440009F908F907F906F905F904F903F902F9004
:10F4500008951D8A1E8A83CF2D813E814F81588554
:10F4600082E0220F331F441F551F8A95D1F78981EF
:10F470009A81AB81BC8181709927AA27BB278D8394
:10F480009E83AF83B88789809A80AB80BC80B69416
:10F49000A79497948794CD84DE84EF84F888898933
:10F4A0009A89AB89BC898C159D05AE05BF0508F40A
:10F4B0006FC06C017D0191E0C91AD108E108F10823
:10F4C0008D859E85AF85B889C81AD90AEA0AFB0AD4
:10F4D000C701B601620F731F841F951FCD80DE80A8
:10F4E000EF80F884CD28CE28CF2841F0C984DA8473
:10F4F000EB84FC846C0D7D1D8E1D9F1D0F94A07DE3
:10F5000075016401C20ED31EE41EF51E29813A81E5
:10F510004B815C812C153D054E055F0510F469019A
:10F520007A012B8D222309F469C0C114D104E104AE
:10F53000F10409F466C04D898E89411451046104B7
:10F54000710409F43DCFA701960169857A858B8501
:10F550009C850F94907D2D853E854F855889620F3F
:10F56000731F841F951F0F94B9770F942382F101A5
:10F57000EC5AFF4F20813181428153810F94FA77F9
:10F580000F94CD7F462F872F412C512C320118CF5D
:10F590006D857E858F859889C988DA88EB88FC8897
:10F5A0006C197D098E099F09CD80DE80EF80F8847B
:10F5B000CD28CE28CF2841F0C984DA84EB84FC849E
:10F5C0006C0D7D1D8E1D9F1D0F94A07D820E931EC0
:10F5D000A41EB51E49805A806B807C8084149504DB
:10F5E000A604B70410F424013501C980DA80EB8049
:10F5F000FC80C418D508E608F70893CF40E080E007
:10F60000C3CF4D898E89C0CFEF92FF920F931F9386
:10F610001092C20380919C03811123C081E08093EA
:10F620009C0381E090E02091CF123091D0122730DE
:10F63000314811F090E080E0BC01660F771F680F41
:10F64000791F6851764B43E050E08EE993E00F94C8
:10F65000C77A80919E030E947CEC8091FA1280937D
:10F660009D030E94C058109259048091590484301F
:10F67000A8F510925C040E94B245882379F060914D
:10F680009D0370E080919E030E9499AE1092170E28
:10F690001F910F91FF90EF900C945AF78BE795E430
:10F6A0000E947D560091A00310E020919F0330E05E
:10F6B000F12CE12C48E06DE973E08FE695E40E94BF
:10F6C000F9520E940F46809159048F5F809359042C
:10F6D00080915B048F5F80935B04C7CF1F910F9174
:10F6E000FF90EF900895FC019491903249F087EFDC
:10F6F000890F823028F081E09D3019F080E0089574
:10F7000081E008951F93CF93DF9364E670E00F9438
:10F71000F67DEB0110E04EE263E0812F0E949E53E4
:10F72000CE010E949A70CE010E949A70CE010E9472
:10F730009A70CE010E949A70CE010E949A701F5F4B
:10F74000143149F7DF91CF911F91089510928D03E5
:10F750000895CF930E94C058109259048091590483
:10F76000843008F0ADC010925C048FE59FE00F94E8
:10F770002D7D81110DC00E94B24581110E94A6FB12
:10F7800080918D038A3089F182E29EE20E947D564B
:10F790008091340E882361F165E271E08FEA9DE586
:10F7A0000E944C566DE971E08FE99DE50E944C5630
:10F7B0008FE59FE00F942D7D81110AC080918D030C
:10F7C000893031F461E371E088E497E40E944C569B
:10F7D0000E940F46809159048F5F80935904809155
:10F7E0005B048F5F80935B04B9CF89EE9FE2CECF3D
:10F7F0000E9468F1C82F84E89DE5CC2311F083E9CD
:10F800009DE563EB71E00E94A25689E69DE5CC235D
:10F8100011F088E79DE567EB72E00E94A2568DE447
:10F820009DE5CC2311F08DE59DE567E871E00E9430
:10F83000A25681E39DE5CC2311F081E49DE567E2CA
:10F8400071E00E94A25686E19DE5CC2311F085E28D
:10F850009DE56BE671E00E94A2568BEF9CE5CC2300
:10F8600011F08AE09DE563ED71E00E94A2568FEDF4
:10F870009CE5CC2311F08FEE9CE56FEB72E00E94CB
:10F88000A25683EC9CE5CC2311F083ED9CE565E06A
:10F8900071E00E94A25687EA9CE5CC2311F087EB29
:10F8A0009CE567E072E00E94A2568CE89CE5CC23C0
:10F8B00011F08BE99CE56FE171E00E94A25678CFD0
:10F8C000CF91089589E080938D030C94A9FB5F93F9
:10F8D0004F937F936F93282F082E000C330B3F9389
:10F8E0008F938AE29BE49F938F930E9496522DB749
:10F8F0003EB7285F3F4F0FB6F8943EBF0FBE2DBFF7
:10F9000099E0981B892F0C94B352CF93DF930E94F8
:10F91000AA53C0915B12D0915C1260912E0E70912F
:10F920002F0E8091300E9091310E0F94C67FAE0154
:10F9300082E80E9467FC60E08AE00E94E552C09184
:10F940005712D0915812209781F06091B5037091B1
:10F95000B6038091B7039091B8030F94C67FAE01B0
:10F9600080E8DF91CF910C9467FC8AE0DF91CF9122
:10F970000C94B3521092C2030E9485FC4BEE56E4E5
:10F9800061E080E00E94925362E080E00E94E552D4
:10F9900080918D03833071F138F4813050F08AED1D
:10F9A00096E40E94A85205C0853021F1C0F388304A
:10F9B000B1F30E942958811109C080918D038150B3
:10F9C000823028F58091F216882309F18091EC06A7
:10F9D000811113C083E00E948B4680918D03823099
:10F9E00071F0833081F0813091F461E08BEE9BE423
:10F9F0000C94F57087EC96E4D4CF82E0ECCF81E0F4
:10FA000080938D03F2CF61E08EE59FE1F1CF089501
:10FA10001F920F920FB60F9211240BB60F922F93D5
:10FA20003F934F935F936F937F938F939F93AF9386
:10FA3000BF93EF93FF932091D60080911A0E90917F
:10FA40001B0EE82FF0E0E35EF14F20838F5F2091E3
:10FA5000190E821708F080E0981317C087E19BE524
:10FA60000F94167CFF91EF91BF91AF919F918F9171
:10FA70007F916F915F914F913F912F910F900BBEAE
:10FA80000F900FBE0F901F90189580931A0EEACF1B
:10FA90001F920F920FB60F9211240BB60F928F93F5
:10FAA0009F93EF93FF939FB7F894E2E0F1E080819A
:10FAB0008B7F80839FBFFF91EF919F918F910F90DC
:10FAC0000BBE0F900FBE0F901F9018951F920F92B4
:10FAD0000FB60F9211240BB60F928F939F93EF9353
:10FAE000FF939FB7F894E2E0F1E080818460808327
:10FAF0009FBFFF91EF919F918F910F900BBE0F9041
:10FB00000FBE0F901F9018958F929F92AF92BF9249
:10FB1000CF92DF92EF92FF926B017C010E94D5ECB5
:10FB20004B015C01C114D104E104F104B9F00E945D
:10FB3000D5EC681979098A099B09683E73408105EB
:10FB4000910580F321E0C21AD108E108F10888EE9E
:10FB5000880E83E0981EA11CB11CE4CFFF90EF90AB
:10FB6000DF90CF90BF90AF909F908F9008950F93AC
:10FB70001F93CF93DF93CDB7DEB763970FB6F8949B
:10FB8000DEBF0FBECDBF80918F0381113AC081E0EF
:10FB900080938F030E94475F81EA9DE00F942D7D43
:10FBA000182F0E94B75A8111EAC010929103109247
:10FBB000900380E10E946EB5811104C01092910300
:10FBC000109290036091900370919103072E000CA6
:10FBD000880B990B0F94BB772091690430916A04CC
:10FBE00040916B0450916C040F94547F6093920386
:10FBF00070939303809394039093950381E0809393
:10FC00005B0280913105909132050097F1F12091CE
:10FC1000900330919103280F391F30939103209363
:10FC20009003213640EF34070CF0B6C081E690EF28
:10FC3000909391038093900360919003709191034E
:10FC4000072E000C880B990B0F94BB772091690449
:10FC500030916A0440916B0450916C040F94547F6E
:10FC6000609392037093930380939403909395030E
:10FC700062E370E080E090E00E9484FD1092320523
:10FC80001092310581E080935B0280915B028823B2
:10FC9000B9F181EA9DE00F942D7D2BE0829FC00198
:10FCA0001124BE016F5F7F4F875B924F0E94CC454E
:10FCB0000E94AA53CE0101960E94385761E080E06D
:10FCC0000E94E552809195038F93809194038F93C6
:10FCD000809193038F93809192038F9387E798E4A9
:10FCE0009F938F931F9280E28F938DEE9DE59F935C
:10FCF0008F930E9496520FB6F894DEBF0FBECDBF11
:10FD000080918E03811104C08091BD03882351F13D
:10FD100081EA9DE00F942D7D9BE0899F8001112455
:10FD20006091900370919103C801805B924F0F9492
:10FD30006F7D60915712C8018E5A924F0F94517D7A
:10FD40006091F8067091F9068091FA069091FB0691
:10FD50000F94CD7FC8018D5A924F0F94517D80E151
:10FD60000E9461B50E94BA5863960FB6F894DEBF40
:10FD70000FBECDBFDF91CF911F910F9108952BE062
:10FD8000129FC0011124805B924F0F943B7D909392
:10FD90009103809390030DCF121613062CF410924A
:10FDA00091031092900348CF2FB7F8944091F60634
:10FDB0005091F706840F951F9093F7068093F606EF
:10FDC0002FBF3ACF2FB7F8946091CF067091D0062D
:10FDD0008091D1069091D2062FBF08958091511243
:10FDE000811106C060E070E080E89FEB0F942B4E1D
:10FDF0008EE89BE40E94E85E81E08093CB038091D3
:10FE00008403813069F482E0809384030E94E2FEDF
:10FE10006093E2067093E3068093E4069093E50610
:10FE200082E08093320E0C945AF7FF920F931F9347
:10FE3000CF93DF93FC01F080F11008C0F12C8F2DDF
:10FE4000DF91CF911F910F91FF9008958B01EC01ED
:10FE50000E94E2FE89819A81080F191F081719076D
:10FE600040F06017710718F46817790738F718829F
:10FE7000E6CF60177107C0F7E1CFFC0120812111A7
:10FE80000C9415FF81E00895CF93DF93EC010E945D
:10FE9000E2FE7A83698381E08883DF91CF910895C0
:10FEA0008F929F92AF92BF92CF92DF92EF92FF928A
:10FEB0001F93CF93DF93FC01108111110EC010E04E
:10FEC000812FDF91CF911F91FF90EF90DF90CF9026
:10FED000BF90AF909F908F9008956A017B01EC01D5
:10FEE0000E94E2FE4B015C0189819A81AB81BC8159
:10FEF000C80ED91EEA1EFB1EC816D906EA06FB0666
:10FF000060F08C149D04AE04BF0428F48816990692
:10FF1000AA06BB06A0F61882D3CF8C149D04AE04AB
:10FF2000BF04A0F7CCCF0F931F93CF938091C90349
:10FF3000882309F446C08091DB068F5F8E30B0F4D1
:10FF40008093DB0663E087E00E94E5528DE00E942B
:10FF5000B352C0E08091DB06C81758F44EE263E06C
:10FF600087E08C0F0E949E53CF5FF4CF1092DB0688
:10FF7000E9CF8091C9038230C1F040F44FED55E4E0
:10FF80008130C1F0CF911F910F910895833081F09E
:10FF90004CEB55E48430B1F763E080E00E9492536B
:10FFA0001092C9031092DB06EDCF41ED55E4F4CF7A
:10FFB00045EC55E463E080E0CF911F910F910C94E4
:10FFC00092538091D413882361F18091310781117C
:10FFD00028C08091B903823020F5809149058111B4
:10FFE00016C08091EB13882309F435C08BEE93E1A2
:10FFF0002091360E64E1820F911D0E94D05681112E
:020000022000DC
:100000002DC08091360E8F5F8093360EBBCF40E2BD
:100010005EE460E070E089E495E00E9450FF8111A9
:10002000E0CF8091310781111CC0E0913107EA30A7
:1000300008F0A8CFF0E08827EF5DFF4F8E4F0D94BA
:100040003D7EEB019101EB014F01C3017501EB0115
:10005000EB017D02EB0186ED93E1CACF1092360EE3
:1000600091CF80914905882301F30E94E2FE00911F
:100070004A0510914B0520914C0530914D05601BB0
:10008000710B820B930B603A7F408105910568F6F6
:1000900079CF63E0809133050E94E552809133056A
:1000A000C4E16C2F681B90E08C5C9A4F0E94D05684
:1000B000C81BC093330566CF8091DC038B30F0F012
:1000C00063E080E00E94E55284E10E94B3524EEA70
:1000D00055E463E080E00E94925383E49BE50E9434
:1000E000A8526091DC036A50770B072E000C880B36
:1000F000990BCF911F910F910C946655833031F479
:100100008AE593E60E943DBB109231078091DC03A3
:100110008450873008F036CF63E080E00E94E552DB
:1001200083E10E94B3524DE955E463E080E00E9410
:1001300092538091DC0381508093DC0323CF64E1F0
:1001400084E395E00E94D0562091D9063091DA06DA
:100150008091D7069091D806821793070CF412CF9E
:100160008091DC03882309F40DCF63E08AE00E94CC
:10017000E5528091D8068F938091D7068F93809116
:10018000DA068F938091D9068F938AE39BE59F933C
:100190008F930E9496520F900F900F900F900F9098
:1001A0000F90F0CE63E080E00E94E5528091DC0386
:1001B0001F928F938DE89BE29F938F938CE29BE538
:1001C000E6CF4FE855E463E080E00E9492538091CF
:1001D000DC03893708F0D6CE89E29BE50E94A8525D
:1001E0008091DC030E942D5480E2CF911F910F91EA
:1001F0000C942D5440E855E4DDCECF93DF93EC0111
:100200000E94E2FE69837A838B839C8381E08883EA
:10021000DF91CF910895CF92DF92EF92FF921F93DB
:10022000CF93DF93CDB7DEB764970FB6F894DEBFF8
:100230000FBECDBF7C01162F62EF7AE5CE0101968D
:100240000F94E47AB701CE0101960F94D07A83E03F
:100250000E94E9B68823E1F0BE016F5F7F4F84E31F
:1002600095E00F948F836C0189E495E00F94FD0075
:1002700083E08093B903109231071092DC03CD28FC
:1002800039F060E0CE0101960E94CEB60E945AF786
:100290008DE798E60E94F35C113051F0612F70E019
:1002A00090E080E00E94595C8FEE9AE50E94F35C3A
:1002B00088ED9AE50E94F35CC7010E94F35C8CEC28
:1002C0009AE50E94E85E64960FB6F894DEBF0FBE12
:1002D000CDBFDF91CF911F91FF90EF90DF90CF9036
:1002E00008951F920F920FB60F9211242F933F93F0
:1002F0008F939F93AF93BF938091CF069091D00639
:10030000A091D106B091D2063091CE0623E0230F02
:100310002D3758F50196A11DB11D2093CE0680936F
:10032000CF069093D006A093D106B093D2068091C9
:10033000D3069091D406A091D506B091D606019629
:10034000A11DB11D8093D3069093D406A093D5062A
:10035000B093D606BF91AF919F918F913F912F910E
:100360000F900FBE0F901F90189526E8230F02964E
:10037000A11DB11DD2CFCF9310925C1210925B12CF
:100380001092581210925712CFB7F8940E94BEEFF5
:100390000E94FBEC75981092FC06CFBFCF91089598
:1003A0000F94BB01109253120C945AF71F93CF93E2
:1003B000DF93C82F162FD42F8091CA0380FD18C059
:1003C00080915112811114C080915712809356125E
:1003D000E62FF0E0EE0FFF1FE55AFD4E8081918180
:1003E00090935A1280935912809153128093521213
:1003F0000F94BB010E94D15983E00E94DE59809185
:1004000001018860809301018FEF80933005809314
:1004100053128091CA0380FF07C08091CA0382955E
:1004200086958770D817C0F4C370CC0FCC0F80911D
:10043000CA03837F8C2B8093CA038091CA0310FB6D
:1004400084F98093CA03D295DD0FD07E4091CA0310
:100450004F714D2B4093CA038091CA0381608093F2
:10046000CA038091CA0382608093CA03DF91CF914F
:100470001F9108952F923F924F925F926F927F92B9
:100480008F929F92AF92BF92CF92DF92EF92FF92A4
:100490000F931F93CF93DF93CDB7DEB72C970FB693
:1004A000F894DEBF0FBECDBF282E49835A836B83DD
:1004B0007C83280139013A2C0E94E2FE022D10E0D3
:1004C0009801220F331F220F331F3C872B87F9011E
:1004D000ED58F94F80809180A280B3806819790926
:1004E0008A099B09613D77408105910508F4EAC0BE
:1004F000332009F475C088E691E09A87898780E007
:1005000090E0A0EAB0E48D839E83AF83B8870E9419
:10051000E2FEEB85FC85ED58F94F608371838283A1
:10052000938320E030E0A901C701B6010F944A7F10
:10053000811107C0F801EE0FFF1FE159F94F118239
:100540001082AB85BC85A959B94F5D0129813A81DB
:100550004B815C816D917D918D919C910F944A7F2F
:10056000882309F491C020E030E0A90169817A81F3
:100570008B819C810F94DE80F801EB59F94F18169E
:10058000C4F581E0808389819A81AB81BC81F501CA
:1005900080839183A283B383EB85FC85E35AF94F73
:1005A0004082518262827382F801E55AF94F1082CB
:1005B000A3019201BC01CD010F94DE8018161CF539
:1005C000F801E55AF94F80818F5F80833110C7C0F1
:1005D0008930C8F0812C912CA12C50E4B52EE8C0B4
:1005E000ADE2B0E0BA87A98780E090E0A0E7B1E48F
:1005F0008ACF108289819A81AB81BC81F501808389
:100600009183A283B3832D813E814F815885698177
:100610007A818B819C810F94547EA30192010F9467
:100620004A7F87FF46C0F801EB59F94F808181303E
:1006300049F482E08083F801EE0FFF1FE159F94F82
:100640001182108220E030E0A901C701B6010F94A9
:10065000DE801816BCF529813A814B815C816D8161
:100660007E818F8198850F94557EA30192010F940E
:10067000DE8018160CF03FC0000F111FF801E15981
:10068000F94F118210821EC0A301920169817A8103
:100690008B819C810F94DE8018160CF0B4CFF8018A
:1006A000EB59F94F8081813009F0ADCF89CF1082AD
:1006B00097C020E030E0A901C701B6010F94DE80A9
:1006C0001816CCF02C960FB6F894DEBF0FBECDBF37
:1006D000DF91CF911F910F91FF90EF90DF90CF901E
:1006E000BF90AF909F908F907F906F905F904F9052
:1006F0003F902F900895F801EB59F94F8081823097
:1007000008F3000F111FF801E159F94F8081918121
:10071000019691838083880F991FE985FA85E817F0
:10072000F90780F643E0622D832D2C960FB6F894DE
:10073000DEBF0FBECDBFDF91CF911F910F91FF9014
:10074000EF90DF90CF90BF90AF909F908F907F9071
:100750006F905F904F903F902F900D94D601813114
:1007600008F451CF20E030E044EB52E4C301B20181
:100770000F94DE80812C912CE0E4AE2EBA2C18165A
:100780002CF4812C912CA12C70E4B72E20E030E0C9
:1007900042ED52E4C301B2010F94DE80181644F416
:1007A0006AE9862E69E9962E69E1A62E6FE3B62ED8
:1007B000EB85FC85E35AF94F2081318142815381D9
:1007C000C301B2010F94547EA50194010F944A7F96
:1007D000F801E75AF94F87FF6ACF80818F5F8083E6
:1007E000808190E0311004C006974CF080E003C097
:1007F00004972CF081E042E0622D0F94D6012B8506
:100800003C85235A394FD9014D925D926D927C926D
:100810001397F801E55AF94F1082F5CECF9389E28C
:100820009DE00F942D7DC1E08F3F91F420E030E0FA
:1008300040EF51E46091F8067091F9068091FA0654
:100840009091FB060F94DE8087FF04C0C0E002C0D9
:100850008111FCCF8C2FCF9108951F920F920FB66C
:100860000F9211240BB60F92FF920F931F932F93A9
:100870003F934F935F936F937F938F939F93AF9328
:10088000BF93CF93DF93EF93FF93809170008B7FA3
:100890008093700078948091000186FDC8C068EC58
:1008A00070E089E896E00E943DFF8823B9F089E86E
:1008B00096E00E9444FF84E896E00F94FD0080914A
:1008C00083068111A5C0809182068111A1C08FE7A6
:1008D00096E00E9444FF81E08093830680910301AB
:1008E00082FB882780F991E089279091030191FF8D
:1008F0008260E0917C06E817E1F024E0E29FF001DD
:100900001124E82BE850F54AE49190917B06E90F19
:10091000E0937B060E2E000CFF0BF7FF03C0F19552
:10092000E195F10934971CF091E090937D06809356
:100930007C0680917002811108C08091CC06809362
:100940009206882309F487C0759A809170028F708F
:10095000A9F48091300590E024E0959587952A953B
:10096000E1F780930804892B09F477C09FB7F894C6
:10097000809102018860809302019FBF909192064E
:1009800080917002981708F47598809170028F70AA
:1009900090910804981740F49FB7F8948091020151
:1009A000877F809302019FBF809170028F5F8F7756
:1009B0008093700210E000E0E801CC0FDD1FCE5004
:1009C000D94F88819981181619060CF04CC0FFB6D2
:1009D000F89461E0802F0E941FF08881998101972F
:1009E00099838883FFBE0F5F1F4F0330110521F7E6
:1009F0008091271790912817A0912917B0912A1755
:100A0000823A924AA105B105D9F181E00E94E868D5
:100A100068EE73E08FE796E00E9415FF882309F4E3
:100A20005DCF81E08093820680937E0657CF8091D0
:100A30008306882309F452CF1092830680918206A0
:100A4000811103C081E080938E0381E080937D0655
:100A50001092820643CF759878CF9FB7F894809113
:100A60000201877F88CF892B09F4BDCFFFB6F894A8
:100A700060E0802F0E941FF0888199810196B0CF9D
:100A800096B180919006991F9927991F981791F018
:100A90009091AF03992351F020918C0630918D06EF
:100AA0002F5F3F4F30938D0620938C0691E089276E
:100AB00080939006F8948091700084608093700019
:100AC000FF91EF91DF91CF91BF91AF919F918F9166
:100AD0007F916F915F914F913F912F911F910F9156
:100AE000FF900F900BBE0F900FBE0F901F901895A8
:100AF0004F925F926F927F92AF92BF92CF92DF92AE
:100B0000EF92FF920F931F93CF93DF9324E030E097
:100B100041E050E0D901A25EB64AFD0165917491B1
:100B2000861797070CF080C041505109440F551F9C
:100B3000440F551F8A01005E164AF801C590D490F3
:100B4000425E564AFA0165917491F901E05EF64AF7
:100B5000C591D491F80105911491FD01E590F490AF
:100B6000FA01A590B490861B970BBC01990F880BD6
:100B7000990B0F94BB772B013C01BE01601B710BDD
:100B8000072E000C880B990B0F94BB779B01AC01CF
:100B9000C301B2010F94FA772B013C01B7016A1926
:100BA0007B09072E000C880B990B0F94BB779B01D8
:100BB000AC01C301B2010F94547F2B013C01B6017B
:100BC000DD0C880B990B0F94BB779B01AC01C30123
:100BD000B2010F94557E6B017C0120E030E040E2D1
:100BE00052E4C701B6010F94DE8087FD30C020E0DB
:100BF00030E048E452E4C701B6010F944A7F18166A
:100C000034F120E030E040E252E4C701B6010F9435
:100C1000547E20E030E040E05FE30F94FA779B01E0
:100C2000AC01C701B60143C04F5F5F4F2C5F3F4F20
:100C3000243F310509F06ECFE0E1FAE5659174914A
:100C4000072E000C880B990B0F94BB77C4CF20E0C4
:100C500030E048E452E4C701B6010F94DE80181674
:100C6000DCF520E030E048EC52E4C701B6010F9417
:100C70004A7F18168CF120E030E040EA50E4C701CA
:100C8000B6010F94557E2B013C0120E030E048E492
:100C900052E4C701B6010F94547E2DEC3CEC4CECB1
:100CA0005DE30F94FA779B01AC01C301B2010F948D
:100CB000557E6B017C01C701B601DF91CF911F9179
:100CC0000F91FF90EF90DF90CF90BF90AF907F900B
:100CD0006F905F904F90089520E030E048EC52E430
:100CE000C701B6010F94DE8018162CF720E030E023
:100CF00040E251E496CF1F920F920FB60F9211244B
:100D00000BB60F924F925F926F927F928F929F924B
:100D1000AF92BF92CF92DF92EF92FF920F931F9309
:100D20002F933F934F935F936F937F938F939F93F3
:100D3000AF93BF93CF93DF93EF93FF938091CD0653
:100D4000882309F422C11092CD060E946C9E8091E6
:100D500071008D7F8093710078948091B30690919B
:100D6000B4060E94B8AC4B015C018092C806909218
:100D7000C906A092CA06B092CB060091B5061091A2
:100D8000B606C8010F9478056B017C01C092C106BC
:100D9000D092C206E092C306F092C4068091B106DA
:100DA0009091B2060F9478056093AD067093AE06ED
:100DB0008093AF069093B00681E08093AC0680915B
:100DC000CA038D7F8093CA03C091B306D091B40645
:100DD00080910404909105048C179D072CF040E04D
:100DE00060E080E00F94D6018091020490910304AA
:100DF000801791072CF040E060E081E00F94D6016D
:100E000060910604709107048091C6069091C70610
:100E1000681779070CF0DCC01091BE06111112C0E2
:100E20006B5F7F4F072E000C880B990B0F94BB77DD
:100E30009B01AC0111E0C501B4010F94DE801816CE
:100E40000CF010E01093BE0668E97AE38BEB96E0B5
:100E50000E943DFF811102C0112379F081E080934F
:100E6000BE068091520290915302C817D9072CF008
:100E700041E060E080E00F94D6018091BF06909140
:100E8000C0064F970CF4ABC0C091BA06C1110CC09C
:100E9000C1E020E030E04CE052E4C701B6010F941D
:100EA000DE8018160CF0C0E0C093BA0660E573EC63
:100EB00087EB96E00E943DFF811102C0CC2399F0A0
:100EC00081E08093BA062091B5063091B6068091F4
:100ED000500290915102281739072CF041E060E050
:100EE00081E00F94D6016091CC0670E090E080E044
:100EF0000F94B9776B017C014090C8065090C906E9
:100F00006090CA067090CB066091C6067091C706C5
:100F1000072E000C880B990B0F94BB77AB01BC011B
:100F2000A12C9301820181E00F943A026091C506E1
:100F300070E090E080E00F94B9776B017C01409005
:100F4000C1065090C2066090C3067090C4066091BE
:100F5000BF067091C006072E000C880B990B0F94EA
:100F6000BB77AB01BC01AA24A3949301820180E06A
:100F70000F943A028091410281110E94FBECF89497
:100F800080917100826080937100FF91EF91DF91F9
:100F9000CF91BF91AF919F918F917F916F915F9111
:100FA0004F913F912F911F910F91FF90EF90DF9004
:100FB000CF90BF90AF909F908F907F906F905F90F9
:100FC0004F900F900BBE0F900FBE0F901F90189573
:100FD0008BEB96E00E9444FF1092BE064ECF87EB4B
:100FE00096E00E9444FF1092BA067DCF2091C9047A
:100FF0003091CA044091CB045091CC0460E070E081
:101000008FE793E40F94547F60931104709312045C
:1010100080931304909314042091D5043091D60446
:101020004091D7045091D80460E070E08FE793E4DA
:101030000F94547F6093090470930A0480930B0407
:1010400090930C0408950F931F9380918403813033
:1010500019F50E94E2FE009153061091540620916A
:10106000550630915606601B710B820B930B28EED0
:1010700033E040E050E00F94A07D60914F06709106
:1010800050068091510690915206620F731F841F83
:10109000951F1F910F9108956091E2067091E306EC
:1010A0008091E4069091E506D6CF8F929F92AF9201
:1010B000BF92CF92DF92EF92FF920F931F93CF9345
:1010C000DF931092C2030E94CC49882309F462C0C6
:1010D0006091EE067091EF068091F0069091F10616
:1010E0000F94B97720E030E543EC57E40F94547F38
:1010F000EB01182F092F0F9423086B017C010E942C
:10110000AA538CE3882E912CA12CB12CC701B601D7
:10111000A50194010F94A07D7F936F93CA01B9013B
:10112000A50194010F94A07D7F936F93C701B60131
:1011300020E13EE040E050E00F94A07D5F934F93AC
:101140003F932F938BEC97E49F938F930F931F9371
:10115000DF93CF9386ED97E49F938F9380EF9BE48B
:101160009F938F930E9496528DB79EB742960FB66B
:10117000F8949EBF0FBE8DBFDF91CF911F910F914D
:10118000FF90EF90DF90CF90BF90AF909F908F90A7
:101190000C94BA5881EF9FE00F94357D4B015C01B0
:1011A0008DEE9FE00F94357D6B017C010E94AA5368
:1011B000C701B6012CE330E040E050E00F94A07D81
:1011C0007F936F93CA01B90128E130E040E050E01D
:1011D0000F94A07D7F936F93C701B60120EA35E09D
:1011E00040E050E00F94A07D5F934F933F932F9387
:1011F00084EE97E49F938F93C501B4010F94B97760
:1012000020E030E048EC52E40F94547F9F938F939A
:101210007F936F9385EF97E49F938F9384E19CE492
:101220009F938F930E9496528DB79EB742960FB6AA
:10123000F8949EBF0FBE8DBF9FCFCF93C82F8BE773
:101240000E94E05B8C2F0E9475F80E941CF88AEDCA
:101250009CE40E94F35C6091EE067091EF06809131
:10126000F0069091F1064AE00E94F45B83ED9CE465
:101270000E94F35C80916716882309F45EC0809118
:10128000E1169091E216A091E316B091E416009752
:10129000A105B10509F451C0BC01CD016D597F4FC5
:1012A0008F4F9F4F24E630E040E050E00F94A07D48
:1012B0006091E8167091E9168091EA169091EB160C
:1012C0000F94A07D622F70E090E080E00E94595C56
:1012D0008CEC9CE40E94F35C60918E0270918F0212
:1012E000072E000C880B990B0E94595C85EC9CE43E
:1012F0000E94F35C8091EB13811121C086ED93E194
:101300000E94B6698EEB9CE40E94F35C809184039A
:101310008130C1F40F9423084AE00E94F45B87EB0C
:101320009CE40E94F35C80EB9CE40E94F35C8DE5FE
:101330000E94E05BCF910C9491F820E0C3CF8BEE3C
:1013400093E1DECF60E070E0CB010E94595CE7CF13
:101350001092840310925306109254061092550670
:10136000109256061092E2061092E3061092E406DE
:101370001092E50610924F061092500610925106F8
:10138000109252060895809184038130F1F08230EA
:10139000C9F40F94230860934F067093500680930E
:1013A00051069093520681E0809384030E94E2FEEE
:1013B0006093530670935406809355069093560697
:1013C00081E008950F94A809EECF80E00895809100
:1013D00084038150823070F4109284030E94E2FEF4
:1013E0006093E2067093E3068093E4069093E5062B
:1013F00081E0089580E008952FEF30E0DC010F9444
:101400004D7E20ED37E040E050E00F941E7EB901A4
:101410008CE20C946BAFCF93DF9389E697E50E9443
:10142000E85E85E697E50E94F35C62B366956170BD
:1014300070E090E080E00E94595C82B3817090E09F
:101440000F94E44D81E697E50E94F35CC6E0D1E09D
:101450006881062E000C770B880B990B662797FD89
:1014600063957727882799270E94595C82B382FB6E
:10147000882780F990E00F94E44D8DE597E50E9470
:10148000F35C688166FB662760F970E090E080E0BD
:101490000E94595C888185FB882780F990E00F9431
:1014A000E44D88E597E50E94F35C688163FB66275D
:1014B00060F970E090E080E00E94595C888182953C
:1014C000817090E0DF91CF910D94E44D67FD08C0ED
:1014D000813021F1D8F0823099F1833009F442C093
:1014E00047FD4CC0813009F455C008F44DC082302E
:1014F00009F456C0833009F041C09FB7442309F472
:101500005FC0F89480910801806151C0662321F08A
:10151000A19A47FF39C00895A198FBCF9FB76623D2
:1015200051F0F894809108018068809308019FBF72
:1015300047FF30C00895F894809108018F77F5CF68
:101540009FB7662351F0F8948091080180648093DE
:1015500008019FBF47FF24C00895F89480910801B7
:101560008F7BF5CF9FB7662351F0F89480910801E7
:101570008860809308019FBF47FFBFCF0895F8940C
:1015800080910801877FF5CF442311F0A09A089538
:10159000A0980895442311F0A29A0895A29808955E
:1015A0009FB7442341F0F8948091080180628093B2
:1015B00008019FBF0895F894809108018F7DF7CFAF
:1015C000F894809108018F7EF2CF643081F030F47E
:1015D000613049F040E0623069F00895683049F0C8
:1015E000603139F0089540E060E00D94660A41E012
:1015F000FBCF41E061E0F9CFDB0181110EC02FEF9D
:1016000030E00F944D7E20ED37E040E050E00F9445
:101610001E7EB9018EE20C946BAF813069F42FEF1E
:1016200030E00F944D7E20ED37E040E050E00F9425
:101630001E7EB9018DE2EFCF823019F4CB010D94FB
:10164000FC0908958FEF9FE00F942D7D8093B403E4
:1016500090910A01986090930A0190910A0190611B
:1016600090930A0190910A01906290930A01882355
:1016700021F08091340E882359F18CE192E090930F
:101680006202809361028EE393E090936402809300
:10169000630284EF91E0909366028093650260910B
:1016A00061027091620280E00F94FC0A6EE373E0C5
:1016B00081E00F94FC0A80916502909166020F947C
:1016C000FC0980912101887F816080932101089528
:1016D0008EE091E090936202809361028EE393E04A
:1016E000909364028093630282EC91E0D4CF2FB791
:1016F000F89494E0899FF0011124E05EF84F608136
:101700007181828193812FBF0895CF93C82F0F9449
:10171000770B0F94BB7724E0C29FF0011124EF599F
:10172000FB4F20813181428153810F94547FCF91AF
:1017300008959091120E8091130E981729F090E061
:1017400080E00E949A70F5CF0895CF92EF92FF92B9
:101750000F931F9385E0C82E91E5E92E97E4F92EAB
:101760000CEE1DE228EE3DE240E060E087E597E404
:101770000E947DBE813029F40E9479470F94990B15
:10178000E9CF823051F460E070E0CB011F910F91FE
:10179000FF90EF90CF900C945BBD1F910F91FF9045
:1017A000EF90CF900895B19A109285001092840026
:1017B00080ED97E090938900809388001092480410
:1017C00010924704809145049091460401978E3F02
:1017D0009F4F20F4109246041092450408951F92E2
:1017E0000F920FB60F9211240BB60F924F925F9289
:1017F0006F927F928F92CF92DF92EF92FF921F9320
:101800002F933F934F935F936F937F938F939F9308
:10181000AF93BF93CF93DF93EF93FF9380914504F2
:10182000909146049C01215031092E3F3F4F90F486
:1018300020918800309189002817390708F0F9C0F5
:101840002091880030918900821B930B909346046D
:10185000809345042091880030918900809147044D
:10186000909148042817390708F0E8C020918800B3
:1018700030918900821B930B909348048093470416
:101880008091470490914804892B11F00D94DA144B
:10189000E0914E12F0914F12309709F082C1909171
:1018A000120E8091130E981709F435C3C091130ED0
:1018B0002C2F30E05EE6C59FE0011124CE5CD84FAE
:1018C000FE01E95BFF4F41E04083D0934F12C0938C
:1018D0004E12209709F41FC310924B0610924C062B
:1018E00010924D0610924E0610924A068AAD9BAD9C
:1018F00090934906809348068134ACE99A0708F032
:10190000A2C08132BEE49B0708F4A0C096958795DB
:101910009695879544E04093470680978115F8E0B7
:101920009F0708F4A4C0E92FFF27EE0FFF1FEE0F5B
:10193000FF1FAF01485A5C4AFA013296A591B49153
:10194000FA0145915491B89FB001A89F000C611D08
:101950001124711D461B570BCA014436510510F462
:1019600084E690E0B0E0A0E08093430690934406C4
:10197000A0934506B09346064EE6429FC001439FA2
:10198000900D11248E5C984FFC01E45BFF4F408169
:10199000442349F0815B9F4FDC018D919C91909392
:1019A000420680934106109240068FEF9FEF90937E
:1019B00046048093450480933F068EE6829FF001A3
:1019C000839FF00D1124EE5CF84F85A984FF08C0B9
:1019D00010922C0710922D0710922E0710922F07AD
:1019E00083FF61C08EE6829FF001839FF00D11247A
:1019F000EE5CF84F808991899695879591958195B0
:101A000091099093300680932F069093340680932B
:101A10003306909338068093370690933C06809364
:101A20003B0681E024853585232B09F07DC080E0CD
:101A30007BC010924604109245040CCF10924804CB
:101A4000109247041DCF80E49CE960CF8131E7E22A
:101A50009E0720F09695879542E05DCF409347061C
:101A60008032910508F059CF80E290E056CFBC015A
:101A7000769567956C7F685A704BFB014591549140
:101A8000FB013296A591B491877099278A9FB00186
:101A90008B9F700D9A9F700D1124E3E076956795EA
:101AA000EA95E1F757CF8EE6829FF001839FF00D14
:101AB0001124EE5CF84F80899189A289B389B6958B
:101AC000A79597958795B095A095909581959F4FEF
:101AD000AF4FBF4F80932F0690933006A0933106EF
:101AE000B09332068093330690933406A093350664
:101AF000B09336068093370690933806A093390644
:101B0000B0933A0680933B0690933C06A0933D0623
:101B1000B0933E0681E04485558566857785452BE3
:101B2000462B472B09F483CF80932E0610922A066A
:101B300010922B0610922C0610922D06888D809301
:101B4000290680FFD1C180910B018D7F80930B010D
:101B50008FEF80935D028091290681FFCCC1809137
:101B60000B018E7F80930B018FEF80935E0280913B
:101B7000290682FFC7C180910B018B7F80930B01E7
:101B80008FEF80935F028091290683FFC2C18FEFA0
:101B900080936002E0914E12F0914F12309709F459
:101BA00009C78091770250912606882309F46CC0FA
:101BB000209157048091280690912706309129069C
:101BC00030FF1DC01E9BC6C18160492F4170482354
:101BD000B1F0C080D180E280F3801C141D041E048B
:101BE0001F046CF42160C088D188E288F388C09219
:101BF0002A06D0922B06E0922C06F0922D0631FF99
:101C00001DC01D9BA9C18260492F42704823B1F0BD
:101C1000C480D580E680F7801C141D041E041F04B8
:101C20006CF42260C088D188E288F388C0922A06CA
:101C3000D0922B06E0922C06F0922D0632FF90C136
:101C400051111CC01C9B8AC1846094709823B1F010
:101C5000C084D184E284F3841C141D041E041F0478
:101C60006CF42460C088D188E288F388C0922A0688
:101C7000D0922B06E0922C06F0922D068093280637
:101C800080932706209357045523F9F02091570499
:101C900080912806909127061C9B69C184609470EE
:101CA000982369F02460408951896289738940933F
:101CB0002A0650932B0660932C0670932D06809372
:101CC0002806809327062093570485A9C0E083FF48
:101CD00050C180914706C81708F0BDC20E9498F015
:101CE000E0914E12F0914F128081918120912F0648
:101CF00030913006820F931F9093300680932F0609
:101D0000181619066CF5409AE0914E12F0914F1298
:101D100080912F069091300620893189821B930B88
:101D20009093300680932F0690915D02409120079A
:101D3000509121076091220770912307892F990FF5
:101D4000990BAA0BBB0B840F951FA61FB71F80937F
:101D5000200790932107A0932207B0932307409870
:101D6000E0914E12F0914F128481958120913306BB
:101D700030913406820F931F90933406809333067C
:101D8000181619064CF5419AE0914E12F0914F1237
:101D900020893189821B930B9093340680933306FC
:101DA00090915E024091240750912507609126078B
:101DB00070912707892F990F990BAA0BBB0B840FE2
:101DC000951FA61FB71F8093240790932507A09304
:101DD0002607B09327074198E0914E12F0914F12D9
:101DE000808591852091370630913806820F931FA8
:101DF0009093380680933706181619064CF5429AC8
:101E0000E0914E12F0914F1220893189821B930B81
:101E1000909338068093370690915F02409128078F
:101E20005091290760912A0770912B07892F990FEC
:101E3000990BAA0BBB0B840F951FA61FB71F80938E
:101E4000280790932907A0932A07B0932B0742985D
:101E5000E0914E12F0914F1280913B0690913C061A
:101E600024853585820F931F90933C0680933B0613
:101E7000208931891816190644F5821B930B90931B
:101E80003C0680933B069091600240912C07509154
:101E90002D0760912E0770912F07892F990F990BAD
:101EA000AA0BBB0B840F951FA61FB71F80932C078F
:101EB00090932D07A0932E07B0932F079091600267
:101EC00080914006890F8093400680912A06909168
:101ED0002B06019690932B0680932A068217930770
:101EE00008F0B9C1CF5FF5CE80910B01826080937D
:101EF0000B0181E02ECE80910B01816080930B015C
:101F000081E033CE80910B01846080930B0181E0EE
:101F100038CE81E03DCE80ED97E0909348048093E9
:101F2000470490934404809343048FEF9FEF909372
:101F3000460480934504109240068091410490919C
:101F40004204009709F426CE0197909342048093AF
:101F5000410420CE8E7F39CE8D7F56CE8B7F75CEBD
:101F6000019903C08064907471CE8F7BFCCF8B7F0E
:101F700096CE80914706C81708F06DC10E9498F070
:101F8000E0914E12F0914F1280819181A281B38134
:101F900040912F06509130066091310670913206C3
:101FA000840F951FA61FB71F80932F0690933006AE
:101FB000A0933106B0933206181619061A061B06AE
:101FC000CCF5409AE0914E12F0914F1280912F067D
:101FD00090913006A0913106B09132064089518926
:101FE00062897389841B950BA60BB70B80932F0610
:101FF00090933006A0933106B093320690915D0223
:10200000409120075091210760912207709123078A
:10201000892F990F990BAA0BBB0B840F951FA61F35
:10202000B71F8093200790932107A0932207B093B6
:1020300023074098E0914E12F0914F1284819581D0
:10204000A681B781409133065091340660913506E0
:1020500070913606840F951FA61FB71F8093330615
:1020600090933406A0933506B093360618161906D9
:102070001A061B068CF5419AE0914E12F0914F1210
:102080004089518962897389841B950BA60BB70B14
:102090008093330690933406A0933506B0933606AA
:1020A00090915E0240912407509125076091260788
:1020B00070912707892F990F990BAA0BBB0B840FDF
:1020C000951FA61FB71F8093240790932507A09301
:1020D0002607B09327074198E0914E12F0914F12D6
:1020E00080859185A285B385409137065091380649
:1020F0006091390670913A06840F951FA61FB71F8D
:102100008093370690933806A0933906B0933A0629
:10211000181619061A061B068CF5429AE0914E1203
:10212000F0914F124089518962897389841B950B04
:10213000A60BB70B8093370690933806A093390609
:10214000B0933A0690915F02409128075091290779
:1021500060912A0770912B07892F990F990BAA0B71
:10216000BB0B840F951FA61FB71F80932807909362
:102170002907A0932A07B0932B074298E0914E12AB
:10218000F0914F1280913B0690913C06A0913D0644
:10219000B0913E064485558566857785840F951FE9
:1021A000A61FB71F80933B0690933C06A0933D0665
:1021B000B0933E06408951896289738918161906C1
:1021C0001A061B0674F5841B950BA60BB70B8093A0
:1021D0003B0690933C06A0933D06B0933E0690913B
:1021E0006002C0902C07D0902D07E0902E07F09051
:1021F0002F07892F990F990BAA0BBB0B8C0D9D1DD7
:10220000AE1DBF1D80932C0790932D07A0932E0722
:10221000B0932F079091600280914006890F8093C0
:10222000400680912A0690912B06A0912C06B09131
:102230002D060196A11DB11D80932A0690932B06B1
:10224000A0932C06B0932D0684179507A607B70711
:1022500010F4CF5F8ECE80914006882339F087FF3F
:10226000F2C080910B01806480930B0140912A069B
:1022700050912B0660912C0670912D06C0914E1244
:10228000D0914F12898D9A8DAB8DBC8D8417950797
:10229000A607B70708F437C1C0904306D09044069C
:1022A000E0904506F09046062C893D894E89AA2784
:1022B000C39EB12DD49EC001E49E900DE39E800D7F
:1022C000911DC49EB00D811D9A1FD39EB00D811D1E
:1022D0009A1FE29EB00D811D9A1FD29EB10D8A1FDA
:1022E0009A1FBB0F8A1F9A1F11242AAD3BAD820F84
:1022F000931F90934906809348062EA93FA928175B
:10230000390720F430934906209348068091480607
:10231000909149068134BCE99B0708F098C081324E
:10232000EEE49E0708F496C0969587959695879556
:1023300024E0209347068097811528E0920708F44F
:102340009BC0E92FFF27EE0FFF1FEE0FFF1F9F011E
:10235000285A3C4AF901329645915491F901259148
:102360003491589FB001489F000C611D1124711DCC
:10237000261B370BC9012436310510F484E690E0A2
:1023800090934804809347049093440480934304BB
:10239000C80ED91EE11CF11CC0924306D09244061F
:1023A000E0924506F0924606FE01E45BFF4F808115
:1023B000811180C080E080FF16C09FEF90933F06A0
:1023C000E0914104F091420420914106309142068F
:1023D000E217F30709F027C28FEF9FEF90934604AF
:1023E0008093450480E080FD07C080914504909172
:1023F0004604019609F4B7C2E0914304F091440405
:102400008091200690912106A0912206B09123068A
:102410002C013D014E0E5F1E611C711C9E01235B51
:102420003F4FD901CD90DC90F12CE12C60E04C14B1
:102430005D046E047F0408F426C26F5F4C185D08CB
:102440006E087F08F4CF80910B018F7B0DCF80E465
:102450009CE96ACF8131F7E29F0720F09695879536
:1024600022E067CF21E0209347068032910508F0F3
:1024700062CF80E290E05FCFAC01569547954C7FEC
:10248000485A504BFA0125913491FA0132966591E0
:10249000749187709927869FA001879F500D969F02
:1024A000500D112473E0569547957A95E1F7241B5A
:1024B000350B60CF40912A0650912B0660912C0677
:1024C00070912D068091470690E0B0E0A0E084175F
:1024D0009507A607B70708F46DCF80912E068111E6
:1024E00002C083E068CF8091410490914204209122
:1024F0004106309142062817390798F79093420613
:1025000080934106EECF80912A0690912B06A091F0
:102510002C06B0912D064D8D5E8D6F8D78A14817DC
:1025200059076A077B0708F0E3C0C0904B06D090BC
:102530004C06E0904D06F0904E066C887D888E88A3
:10254000AA27C79CB12DD89CF001E89CF00DE79C10
:10255000E00DF11DC89CB00DE11DFA1FD79CB00D18
:10256000E11DFA1FE69CB00DE11DFA1FD69CB10DCE
:10257000EA1FFA1FBB0FEA1FFA1F11242091480619
:10258000309149068EAD9FAD2E173F0730F02E1BC0
:102590003F0B8217930708F4C9018134ACE99A070D
:1025A00008F075C08132BEE49B0708F473C09695AD
:1025B00087959695879524E0209347068097811507
:1025C000F8E09F0708F478C0E92FFF27EE0FFF1F00
:1025D000EE0FFF1F9F01285A3C4AF9013296A59140
:1025E000B491F90125913491B89FF001A89F000C96
:1025F000E11D1124F11D2E1B3F0BC90124363105AD
:1026000010F484E690E090934804809347049093FC
:10261000440480934304C80ED91EE11CF11CC092EF
:102620004B06D0924C06E0924D06F0924E06FE010B
:10263000E45BFF4F8081882309F4BCCE80912A0699
:1026400090912B06A0912C06B0912D062091470663
:10265000420F511D611D711D481759076A077B07FD
:1026600008F4A8CE3596208131813093420620931C
:10267000410680912E06882309F433CF80914104CE
:10268000909142048217930708F02BCF37CF80E454
:102690009CE98DCF8131E7E29E0720F096958795E2
:1026A00022E08ACF21E0209347068032910508F08E
:1026B00085CF80E290E082CFDC01B695A795AC7F14
:1026C000A85AB04BFD0125913491FD013296A59198
:1026D000B491877099278A9FF0018B9FF00D9A9F84
:1026E000F00D1124A3E0F695E795AA95E1F783CFC5
:1026F00080914A06882371F080E020912406309171
:1027000025063093480420934704309344042093D3
:10271000430451CE8EA99FA981342CE9920708F079
:102720004EC081324EE4940708F44CC096958795CC
:102730009695879524E02093470680978115A8E019
:102740009A0708F451C0E92FFF27EE0FFF1FEE0F85
:10275000FF1F9F01285A3C4AF901329665917491F6
:10276000F90125913491789FA001689F000C411DCB
:102770001124511DC901841B950B8436910510F459
:1027800084E690E090932506809324068091470686
:1027900080934A06FE01E45BFF4F8081882309F4A1
:1027A000ABCF80912E06882341F080914104909117
:1027B0004204909342068093410681E09ECF80E4DC
:1027C0009CE9B4CF813157E2950720F09695879523
:1027D00022E0B1CF21E0209347068032910508F036
:1027E000ACCF80E290E0A9CF9C01369527952C7F55
:1027F000285A304BF90145915491F901329665916F
:10280000749187709927869F9001879F300D969FBE
:10281000300D1124A3E036952795AA95E1F7CA015A
:10282000821B930BAACFDE01A35BBF4F4D915C913E
:10283000119770E060E0409320065093210660936A
:1028400022067093230616969C9190931F06982F4C
:10285000927009F4C8CD90912E06992309F4C3CD46
:102860002E173F0708F0BFCD440F551F661F771F77
:10287000409320065093210660932206709323060E
:1028800010923F06B0CD40922006509221066092F1
:1028900022067092230661111DC0F0931E06E0937C
:1028A0001D06F0934604E093450480913F0687FDA2
:1028B0005AC08091470610911F06C35BDF4F2881E5
:1028C0003981811335C081E02E173F0708F449C0D4
:1028D00080E047C0643028F56F5F6330A9F06695EB
:1028E000AF0102C0569547956A95E2F7BA01709319
:1028F0001E0660931D0680911D0690911E06909302
:10290000460480934504D1CF9F01ABEABAEA0F9405
:10291000CD7D41E196958795779567954A95D1F755
:10292000E6CF70E06F5F7F4FCF010F94F67DDFCF72
:10293000833009F4A2C08695A90102C05695479537
:102940008A95E2F7133009F4A6C01695BF0102C0BC
:10295000769567951A95E2F781E04617570708F0D4
:10296000B7CF80933F060E9498F040912A0650917D
:102970002B0660912C0670912D06E0914E12F0917D
:102980004F1280899189A289B389481759076A072C
:102990007B0780F010924F1210924E129091120EFF
:1029A0008091130E981731F08091130E8F5F8F7006
:1029B0008093130E60914504709146046115710572
:1029C00009F046C0409141045091420420914106D3
:1029D00030914206809140062417350708F06CC0FC
:1029E00090911F06913041F0421B530B941715062E
:1029F00019F010F040931F0690911F06891B8093D9
:102A00004006882339F087FF53C080910B01806412
:102A100080930B0120911F06809141049091420404
:102A2000821B9109909342048093410420914104B8
:102A3000309142048091410690914206281739074F
:102A400009F066C08FEF9FEF909346048093450492
:102A500040914006411161C0809145049091460427
:102A600020914704309148048F3F980709F088C0AF
:102A700030938900209388008EC0ABEABAEA0F94A5
:102A8000CD7DAB01BC0131E17695679557954795B2
:102A90003A95D1F757CF9F01ABEABAEA0F94CD7DB3
:102AA00021E196958795779567952A95D1F754CF2B
:102AB00080910B018F7BACCF4217530708F0B6CF44
:102AC00090911F06913041F0241B350B921713068D
:102AD00019F010F020931F0690911F06890F809324
:102AE0004006882339F087FF0FC080910B01806476
:102AF00080930B0180911F06209141043091420484
:102B0000820F932F911D8ECF80910B018F7BF0CF81
:102B100080911D0690911E0697CF80913F0687FDFC
:102B20000EC0082E000C990B21E030E061157105F4
:102B300011F030E020E08217930709F08DCF20914B
:102B40001F06672B11F020914706842F042E000CDE
:102B5000990B97FF03C091958195910930E0281753
:102B600039070CF4C90121E047FF2FEF439A9091F8
:102B70004006920F9093400643988150B9F76CCF6E
:102B8000AC01485D5F4F4217530708F071CF909337
:102B9000890080938800209188003091890080917D
:102BA00084009091850040962817390748F4809159
:102BB00084009091850040969093890080938800CE
:102BC000FF91EF91DF91CF91BF91AF919F918F9145
:102BD0007F916F915F914F913F912F911F91FF9046
:102BE000EF90DF90CF908F907F906F905F904F909D
:102BF0000F900BBE0F900FBE0F901F9018959091E5
:102C00002606809326062FB7F894809157048B7F71
:102C1000809357042FBF892F0895809157042FB7B1
:102C2000F894909157049B7F909357042FBF82FB99
:102C3000882780F90895909157041092570481E0F5
:102C4000911101C080E00895909140049130A1F06D
:102C500028F09230A9F09330C1F00895811102C09C
:102C60000C9400F1823011F40C9420F8853009F0B6
:102C70004DC080E00C94DEF0882391F38230A1F304
:102C8000853009F043C081E0F5CF882349F38230D5
:102C900059F3853071F38630E1F485E027E231E0C5
:102CA0004FB7F894909102019460909302014FBF46
:102CB000F9013197F1F74FB7F894909102019B7F9A
:102CC000909302014FBFF9013197F1F7815041F71D
:102CD00008958730D9F484E123E731E04FB7F894C1
:102CE000909102019460909302014FBFF9013197D6
:102CF000F1F74FB7F894909102019B7F90930201F6
:102D00004FBFF9013197F1F7815041F708950F93C3
:102D10001F93CF93DF938C01EB0190935C12809310
:102D20005B120E9468F1811104C0D0935812C093C5
:102D30005712C0918D0387EF8C0F8230F8F40E94F8
:102D40005AF7CA3041F484E08093320EDF91CF917C
:102D50001F910F91089560E070E080E291E40E947D
:102D600082508FE59FE00F942D7D882379F388E0D2
:102D7000DF91CF911F910F910C9411DC1092C2033F
:102D80008091ED06811112C060912E0E70912F0E70
:102D90008091300E9091310E0F94C67F601B710BA5
:102DA0006C5F7F4F6930710508F060C0C150C8305A
:102DB00088F5EC2FF0E08827EF51F94E8E4F0D94F7
:102DC0003D7E5F025F025F02DF00CD013F01030134
:102DD000B701CCE6DBEA8091EB06882329F082E09C
:102DE0000F9424161092EB06209709F4AFCF0E949F
:102DF0008EF561E0CE01DF91CF911F910F910C9480
:102E000069468091EB06882341F061E08AEB9CEFF4
:102E10000E946946D0E0C0E0DECF0E948EF580912E
:102E20008D03823019F481E080938D0380918D03AE
:102E3000813031F461E08BEE9BE40E94F570EACFC3
:102E4000833041F761E08EE59FE1F7CFC2EFDAEA28
:102E5000C2CF0E948EF50F94C4760E94A6FBDACFF3
:102E6000C6E6DBEAB8CFC0E6DBEAB5CF8091EB0679
:102E7000882321F080915B02882379F181E080939F
:102E8000EB0680935B020E94B1534AE85CE563E085
:102E900080E00E94925341EA50E363E081E00E94A7
:102EA000925361E080E00E94E552E0918D03E15091
:102EB000E83098F4F0E08827EF59F84E8E4F0D94E3
:102EC0003D7E43014301B9014301B901B902F50057
:102ED000430185E397E40E94A8528091EB0681119B
:102EE0000E9485FC0E942958882309F42FCF109254
:102EF000EB068091EC0681110EC010925C121092CC
:102F00005B120E94C149811104C0109258121092A4
:102F100057120E94A7460E94A746DF91CF911F91AA
:102F20000F910C94A6FB80E297E4D5CF8CE097E458
:102F3000D2CF8AEF96E4CFCF80938D034091FE12DB
:102F400020915B1230915C12413059F01092ED06E5
:102F50008091570290915802281739075CF40C941D
:102F6000A9FB9091D4129111F1CF8650823070F765
:102F70004093ED0681E08093EC06609157127091CA
:102F80005812C9010F9487161092ED06089582E039
:102F90000D949C1781E00D949C1783E00D949C1771
:102FA0001092EC0660E570E08AEF90E00D948716D1
:102FB0001092EC0670E060E08AEF90E00D948716C6
:102FC0001092EC066CE370E087ED90E00D948716AC
:102FD0001092EC0665E570E086EE90E00D948716A1
:102FE0001092EC0669E670E084E091E00D9487169B
:102FF0001092EC0669E670E083E191E00D9487168B
:103000001092EC066BE470E087ED90E00D9487166B
:103010001092EC066AE570E083E191E00D9487166A
:103020001092EC0664E670E08FEF90E00D94871646
:103030001092EC0664E670E08CED90E00D9487163B
:103040001092EC0664E670E08EEF90E00D94871627
:103050001092EC0662E370E080EF90E00D9487162A
:10306000CF92DF92EF92FF92411104C02091400471
:103070002230D1F09B016C01F12CE12C672BC9F4BB
:103080009FB7F894809102018460809302019FBFF2
:10309000C701B6010E9484FD9FB7F8948091020198
:1030A0008B7F809302019FBFFF90EF90DF90CF90C6
:1030B0000895220F331F50E040E060E074E284EF97
:1030C00090E00F941E7E91E02115310581E04807C4
:1030D000510544F086E056954795379527958A9592
:1030E000D1F793E0215031094FB7F8948091A100B6
:1030F000887F892B8093A1006091AC007091AD0016
:10310000269FC001279F900D369F900D112450914E
:1031100072006FEF70E051FF04C06091A8007091E1
:10312000A9000F94F67D7093AD006093AC003093CE
:10313000A9002093A80080917200836080937200A0
:103140004FBFC701B6010E9484FD2FB7F89480914C
:10315000A100887F85608093A1004091AC005091D0
:10316000AD003FEF349FC001359F900D1124309189
:1031700072006FEF70E031FF04C06091A8007091A1
:10318000A9000F94F67D7093AD006093AC008FEFB3
:1031900090E09093A9008093A800809172008C7FAA
:1031A000809372002FBF78CFCF93C0914004C2307C
:1031B00059F1C13069F480919805811125C040E032
:1031C00070E060E080E590E00F943018C0939805BF
:1031D00060ED77E085E995E00E943DFF8823A1F04E
:1031E00085E995E00E9444FF80914004811108C068
:1031F00040E070E060E080E590E0CF910D94301801
:1032000080E0CF910D942416CF91089598B1907FCE
:10321000892B88B9000098B9000008958230B9F070
:103220008330E9F0813059F080910B01611105C0C4
:10323000826080930B01000008958D7FFACF80910A
:103240000B01611102C08160F4CF8E7FF2CF8091BB
:103250000B01611102C08460ECCF8B7FEACF8091BB
:103260000B01613011F48064E4CF8F7BE2CF8EBD1F
:103270000DB407FEFDCF08958FEF8EBD0DB407FE90
:10328000FDCF8EB508958F929F92AF92BF92EF922D
:10329000FF920F931F93CF937C01C62F49015A01D0
:1032A000FC019181892F806A86958CBD90FD03C0B9
:1032B00081E0963009F480E08DBD28988CE291E0A1
:1032C0000F94034E8C2F80640F94371908E110E09F
:1032D000D501C401002E04C0B695A7959795879592
:1032E0000A94D2F70F94371908501109083FFFEFDD
:1032F0001F0771F785E9CC2321F087E8C83009F072
:103300008FEF0F943719CC3011F40F943C19C0E0B3
:103310000F943C19F701828387FF04C0CF3F11F05F
:10332000CF5FF6CFCF911F910F91FF90EF90BF909D
:10333000AF909F908F9008950F931F93CF93DF933B
:10334000EC0189018B81833039F089E0440F551FEE
:10335000661F771F8A95D1F79A01AB0168E1CE010C
:103360000F944319882319F086E0888339C08EEFC3
:103370008EBDF801C8019E5F0DB407FEFDCF208110
:103380002EBD0DB407FEFDCF21812EBD3296E8176C
:10339000F90791F70DB407FEFDCF8FEF0F943719A2
:1033A0008FEF0F9437190F943C198A838F718530F2
:1033B00099F488E592E00F94034E182F87E11123CA
:1033C000A1F220E030E0A9016DE0CE010F94431995
:1033D000882351F086E1C9CF83E188830F94014EA1
:1033E0000F94014E10E006C00F943C198111F2CFEA
:1033F0000F94014E812FDF91CF911F910F9108956E
:10340000CF9380913F0EC1E08823A1F04091370E09
:103410005091380E6091390E70913A0E23E43EE0DF
:103420008091400E9091410E0F949C19C82F8111EC
:1034300004C0C0E08C2FCF91089540913B0E509175
:103440003C0E60913D0E70913E0E41155105610597
:10345000710591F023E43EE08091400E9091410E81
:103460000F949C19882329F310923B0E10923C0E66
:1034700010923D0E10923E0E10923F0EDBCF2F9217
:103480003F924F925F926F927F928F929F92AF92F4
:10349000BF92CF92DF92EF92FF920F931F93CF9341
:1034A000DF93EC012A013B0169018B81833039F004
:1034B00069E0440C551C661C771C6A95D1F743E003
:1034C000942E560181E0A81A8EEFB80A1601EEEF8D
:1034D0003E1A54E0852E9A94A301920161E1CE0137
:1034E0000F944319882379F08882992009F47AC0CF
:1034F0000F94014E20E030E0A9016CE0CE010F9462
:1035000043191882E8CF0E94E2FE8B010F943C1908
:103510008A838F3F91F40E94E2FE601B710B6D3233
:103520007140A0F381E188830F94014E8C81882340
:10353000E1F28FEF0F943719D8CF8E3F11F08FE063
:10354000F2CF8FEF8EBDD601F6010DB407FEFDCF91
:103550009EB591938EBDEA15FB05B9F70DB407FE34
:10356000FDCF8EB5F5018083F12CE12C8D91EF2DEF
:10357000FF27E827EE0FFF1FE15BF24B8591949147
:10358000FE2CEE24E826F9262A163B0679F70F943E
:103590003C19082F10E0102F00270F943C19082B1E
:1035A0000E151F0519F0F0E2F883BECF0F94014EFF
:1035B000CC81CC23D9F08FEF0F9437198C2FDF916A
:1035C000CF911F910F91FF90EF90DF90CF90BF9020
:1035D000AF909F908F907F906F905F904F903F90B3
:1035E0002F9008950F94014EC0E0E8CFC1E0E6CFE0
:1035F000CF92DF92EF92FF92CF936B017C01C42FA9
:103600008091370E9091380EA091390EB0913A0EFC
:103610008C159D05AE05BF0501F10F94001A8111AF
:1036200008C0C0E08C2FCF91FF90EF90DF90CF903B
:10363000089523E43EE0B701A6018091400E9091E9
:10364000410E0F943F1A882361F3C092370ED09237
:10365000380EE092390EF0923A0ECC2321F081E040
:1036600080933F0EDFCFC1E0DDCF4F925F926F922C
:103670007F928F929F92AF92BF92CF92DF92EF9202
:10368000FF920F931F93CF93DF93EC0142305105CC
:103690006105710590F480E0DF91CF911F910F914A
:1036A000FF90EF90DF90CF90BF90AF909F908F9062
:1036B0007F906F905F904F90089589859A85AB8534
:1036C000BC850196A11DB11D84179507A607B707F4
:1036D00010F38F898031C9F5852E962EA72EBB2435
:1036E0008B899C89AD89BE89880E991EAA1EBB1E36
:1036F000280139016A017B0141E0C501B4010F9441
:10370000F81A882341F29F89903181F5DD24EE2457
:10371000FF24F601EE0FFF1FED5BF14F11830083D5
:103720009A89923008F4B8CF4D815E816F81788597
:10373000840E951EA61EB71E80923B0E90923C0EE4
:10374000A0923D0EB0923E0EA7CF803209F0A3CFDB
:103750008B899C89AD89BE894A015B01E7E0B694FB
:10376000A79497948794EA95D1F7BECFE894C7F8C9
:10377000DD24EE24FF24F601EE0FFF1FEE0FFF1FE6
:10378000ED5BF14F4082518262827382C9CFCF924A
:10379000DF92EF92FF920F931F93CF93DF93FC0181
:1037A00081859285A385B4850196A11DB11D8417DD
:1037B0009507A607B70750F480E0DF91CF911F91DE
:1037C0000F91FF90EF90DF90CF900895878980311F
:1037D000A9F5BB27A72F962F852FC388D488E58806
:1037E000F6888C0D9D1DAE1DBF1DE9016A017B0190
:1037F0008F014091370E5091380E6091390E7091C3
:103800003A0E84179507A607B70749F5F801878987
:10381000803169F5B701A601552766277727440F40
:10382000551F4D5B514FFA0180819181B0E0A0E0BE
:1038300088839983AA83BB8381E0BFCF803209F05C
:10384000BBCFC388D488E588F688DB01CA01C7E00E
:10385000B695A79597958795CA95D1F7C2CF40E0C1
:10386000BC01CD010F94F81A8111D0CFA5CFB701BB
:10387000A6014F77552766277727440F551F440F1A
:10388000551F4D5B514FFA0180819181A281B38117
:10389000BF70CECF4F925F926F927F92AF92BF92E6
:1038A000CF92DF92EF92FF920F931F93CF93DF930C
:1038B00000D01F92CDB7DEB78C0149835A836B834A
:1038C0007C835901C12CD12C7601412C82E0582EE9
:1038D000612C712C49815A816B817C819E012F5F03
:1038E0003F4FC8010F94C71B882319F1F801858544
:1038F000A301920104C0220F331F441F551F8A9554
:10390000D2F7DA01C901C80ED91EEA1EFB1E498191
:103910005A816B817C8187898031F1F481E0483F55
:103920005F4F61057105B0F2F501C082D182E2827C
:10393000F3820F900F900F900F90DF91CF911F9116
:103940000F91FF90EF90DF90CF90BF90AF907F905E
:103950006F905F904F90089581E0483F5F4F6F4FA9
:103960007F4008F4B7CFE0CF0F931F93CF93DF933F
:10397000FC012381222331F080E0DF91CF911F9160
:103980000F9108958B01EC01FB018789803139F596
:1039900082E08B831D8A1E8A1F8A188E808D918DEE
:1039A000B0E0A0E025E0880F991FAA1FBB1F2A9551
:1039B000D1F7898B9A8BAB8BBC8B1A8F098F81E0E7
:1039C00089831C821D821E821F82188619861A8690
:1039D0001B861C861D861E861F86188ACECF8032C7
:1039E00059F683E08B83428D538D648D758D4D8B9D
:1039F0005E8B6F8B788F9E012F5E3F4FC8010F94B7
:103A00004A1C8111DACFB8CFCF92DF92EF92FF92AA
:103A10001F93CF93DF93EC01EB81E11109C080E0AC
:103A2000DF91CF911F91FF90EF90DF90CF9008959D
:103A3000898180FFF4CF488559856A857B859A0105
:103A400031703AA329A3898D9A8D6A017B01F9E02F
:103A5000F694E794D794C794FA95D1F7E23079F4C5
:103A6000FC01828D938DA48DB58D8C0D9D1DAE1D99
:103A7000BF1D8D8F9E8FAF8FB8A381E0D1CFFC018A
:103A8000148111501C21232B71F411110CC0452BF2
:103A9000462B472B31F58D899E89AF89B88D8C8354
:103AA0009D83AE83BF83E98DFA8D8C819D81AE812C
:103AB000BF810297A109B109258504C0880F991F0C
:103AC000AA1FBB1F2A95D2F7468557856089718941
:103AD000840F951FA61FB71F810F911DA11DB11D3A
:103AE000C8CF4C815D816E817F819E012C5F3F4FED
:103AF0000F94C71B8111D7CF92CF8F929F92AF9215
:103B0000BF92CF92DF92EF92FF920F931F93CF93CA
:103B1000DF93EC018B8181110EC080E0DF91CF91AA
:103B20001F910F91FF90EF90DF90CF90BF90AF90DB
:103B30009F908F90089509891A892B893C890417D1
:103B400015072607370748F34A015B01823031F435
:103B500088869986AA86BB8681E0E0CF811491048D
:103B6000A104B10449F41C821D821E821F821886A2
:103B700019861A861B86F0CF088519852A853B850C
:103B8000E98DFA8D858590E00996B901A80141502B
:103B9000510961097109082E04C0769567955795FA
:103BA00047950A94D2F775016401E1E0CE1AD10875
:103BB000E108F10804C0F694E794D794C7948A9575
:103BC000D2F7C416D506E606F70620F0012B022B25
:103BD000032B11F58D899E89AF89B88D8C839D83C8
:103BE000AE83BF838E010C5F1F4FC114D104E1046B
:103BF000F10409F4ADCF4C815D816E817F81980124
:103C0000898D9A8D0F94C71B91E0C91AD108E108DC
:103C1000F1088111EACF81CFC41AD50AE60AF70A62
:103C2000E1CF3F924F925F926F927F928F929F92DD
:103C3000AF92BF92CF92DF92EF92FF920F931F93BA
:103C4000CF93DF93CDB7DEB72C970FB6F894DEBFD6
:103C50000FBECDBF5C01DC0159968D909C90F401A4
:103C600081859285A385B4859C01AD012F5F3F4F6F
:103C70004F4F5F4F29873A874B875C87D501149652
:103C80004D905D906D907C901797411451046104A4
:103C9000710409F459C0BFEF4B1A5B0A6B0A7B0A27
:103CA000312C730162011D821E821F821886F4016D
:103CB00081859285A385B4852D813E814F8158856C
:103CC000281739074A075B0708F056C089859A8587
:103CD000AB85BC858C159D05AE05BF0550F482E013
:103CE000C82ED12CE12CF12C92E0492E512C612CC4
:103CF000712C9E012F5F3F4FB701A601C4010F94A5
:103D0000C71B8823C9F189819A81AB81BC81892B2A
:103D10008A2B8B2B01F1260137019FEF491A590A93
:103D2000690A790A2D813E814F8158852F5F3F4F67
:103D30004F4F5F4F2D833E834F8358873FEFC31A0A
:103D4000D30AE30AF30AB3CF4080518062807380C4
:103D500033243394A6CFC414D504E604F70411F732
:103D60000FEF1FEF2FEF3FE0B701A601C4010F9443
:103D7000351B782E81111AC0712C872D2C960FB609
:103D8000F894DEBF0FBECDBFDF91CF911F910F9191
:103D9000FF90EF90DF90CF90BF90AF909F908F906B
:103DA0007F906F905F904F903F900895F501448110
:103DB000558166817781411551056105710539F09D
:103DC00097018601C4010F94351B8823A9F2D50100
:103DD0001496CD92DD92ED92FC921797332051F01C
:103DE000D701C6010196A11DB11DF4018083918305
:103DF000A283B383F50185899689A789B08D892B24
:103E00008A2B8B2B09F0B9CFC58AD68AE78AF08E28
:103E1000818180688183B1CFCF93DF93EC01462FFE
:103E200041706C857D858E859F850F94F81A882357
:103E300051F0888920E2829FC00111248D5B914F4F
:103E4000DF91CF91089590E080E0FACFCF93DF9398
:103E5000EC018B81882349F1898187FF22C061E0D1
:103E6000CE010F940C1FFC01892BF9F08081853E57
:103E7000E1F08B81823040F489899A89AB89BC89D1
:103E8000848F958FA68FB78F8D899E89938F828F10
:103E90008D899E89AF89B88DB58BA48B89818F77E9
:103EA0008983DF91CF910D94001A81E0888380E0AF
:103EB000DF91CF910895CF93DF93EC010F94261FEC
:103EC0001B82DF91CF910895CF93DF93EB01FC012B
:103ED0002381211104C080E0DF91CF910895225009
:103EE000223028F48FE28883198281E0F5CF60E0E8
:103EF0000F940C1F009779F3DC0160E080E09EE2F4
:103F00002D91203299F0883031F49E01260F311D19
:103F1000F90190836F5F9E01260F311DAD01415065
:103F20005109FA014081F90140836F5F8F5F8B3047
:103F300039F7FE01E60FF11D1082D7CF2F923F9285
:103F40004F925F926F927F928F929F92AF92BF92A9
:103F5000CF92DF92EF92FF920F931F93CF93DF9355
:103F600000D01F92CDB7DEB79C838B834B017A01C3
:103F7000DC0113968C91811119C08FEF9FEF0F9088
:103F80000F900F900F90DF91CF911F910F91FF90A5
:103F9000EF90DF90CF90BF90AF909F908F907F90E9
:103FA0006F905F904F903F902F900895EB81FC8130
:103FB000818180FFE2CF018912892389348940857C
:103FC000518562857385C701B0E0A0E02801390101
:103FD000441A550A660A770A84159505A605B70599
:103FE00018F07801E41AF50A67018B819C81049628
:103FF0009A838983612C32E0732EC114D10409F4B1
:10400000B7C0AB81BC8118964D915D916D917C914B
:104010001B975A01B1E0BB22EB81FC81818D928D0F
:104020001A012B0129E056944794379427942A9536
:10403000D1F72381223091F5DC015A966D917D9163
:104040008D919C915D97620D731D841D951D83015B
:104050000A191B09C016D10608F486010115B2E041
:104060001B0771F42091370E3091380E4091390EB4
:1040700050913A0E621773078407950709F059C0EB
:1040800040E00F94F81A882309F477CFB5016D5BEF
:10409000714FA801C4010F94568357C0FC011481CD
:1040A00011501221A114B10481F411110EC0452B3D
:1040B000462B472B79F5EB81FC8185899689A78969
:1040C000B08D84839583A683B783AB81BC815996D9
:1040D000ED91FC915A9714966D917D918D919C91E3
:1040E00017976250710981099109258504C0660FEF
:1040F000771F881F991F2A95D2F726853785408913
:104100005189620F731F841F951F610F711D811DDF
:10411000911D9DCFAB81BC8114964D915D916D91A8
:104120007C91179729813A810F94C71B8111CDCFBC
:1041300024CF9401AB01BC018091400E9091410EBF
:104140000F943F1A882309F418CF800E911EEB813B
:10415000FC8180859185A285B385800F911FA11D6B
:10416000B11D80879187A287B387C01AD10A45CF36
:10417000C70105CFDF92EF92FF920F931F93CF936A
:10418000DF938C01EB017A018DE0D82E40E250E004
:10419000BE01C8010F949E1F8032910571F021E08D
:1041A000892B09F420E0822F8195DF91CF911F9117
:1041B0000F91FF90EF90DF9008952881222309F45A
:1041C0003FC0253E19F32E3209F33B853F733F3044
:1041D00099F5E114F10481F14A8D5B8D452B61F570
:1041E0002F713FEF320F343038F52150330BD29E10
:1041F000C001D39E900D1124F701E80FF91F29810A
:1042000020832B8121832D8122832F812383298564
:1042100024832E852583288926832A8927832C8930
:1042200020872E892187288D22872C8D23872E8D0C
:104230002487288126FD15862B8523FDA7CFB5CFA2
:1042400080E0B3CF4F925F926F927F92AF92BF9216
:10425000CF92DF92EF92FF920F931F93CF93DF9352
:104260001F92CDB7DEB78C017B015A01C22EDB0154
:1042700059968D919C91F801928F818FCB010E946C
:10428000D55B712CF70180859185A285B385418925
:1042900052896389748984179507A607B70708F0C0
:1042A00052C055E0B695A795979587955A95D1F741
:1042B000F82FFF70DF2ED70113968C91823010F407
:1042C00080E0DBC041E050E0BE016F5F7F4FC7017F
:1042D0000F949E1F0197A1F7F70180859185A28514
:1042E000B3854F96A11DB11D80879187A287B387A3
:1042F000F0E2DF9EB00111246D5B714F6115710515
:10430000F9F2DB018C91882341F0853E09F04CC025
:10431000772029F077247394B5CF71100EC0809167
:10432000370E9091380EA091390EB0913A0EF801E7
:1043300084879587A687B787D08ADB018C91811106
:10434000E9CF772473948C2D8274823409F0B8CF2E
:10435000772009F4A2C0F801D08861E0C8010F9469
:104360000C1F009709F4ACCF20E2DC011D922A95C6
:10437000E9F72BE0F501DC0101900D922A95E1F7B8
:1043800021E238E2FC01318B208B40E058E0578776
:104390004687338B228B318F208F578B468B0F9420
:1043A000001A811109C08CCF4BE050E0C5010F9479
:1043B0004983892B09F066CFF0E2DF9ED0011124FA
:1043C0009D012D5B314FF9018385817121F08C2D89
:1043D000827109F0FCC0F801818D928D4091370EF9
:1043E0005091380E6091390E70913A0E448755877E
:1043F00066877787D08AFD01ED5BF14F4488558849
:10440000712C612C320155244424D80155964D92CB
:104410005D926D927C925897428D538D70E060E072
:10442000442955296629772955964D935D936D93B7
:104430007C935897D9011B962C91287109F0B9C02B
:10444000848D958DA68DB78DF801818B928BA38B72
:10445000B48B81E083838C2D8F70F801818314826B
:10446000158216821782108611861286138681E0C5
:10447000C4FE03C0C8010F9416510F90DF91CF9175
:104480001F910F91FF90EF90DF90CF90BF90AF9072
:104490007F906F905F904F900895D70113968C9105
:1044A0001397823009F40CCF51968D919D910D9008
:1044B000BC91A02D803E9F4FAF41B10508F000CFC9
:1044C000C7010F94111E882309F4FACE0F94001A25
:1044D000882309F4F5CED7015996ED91FC915A97AE
:1044E00014964D905D906D907C901797B2E04B1AAA
:1044F000510861087108858504C0440C551C661C70
:10450000771C8A95D2F786859785A089B189480E50
:10451000591E6A1E7B1E81E080933F0E4092370E2B
:104520005092380E6092390E70923A0EE3E4FEE03B
:1045300080E092E0DF019C011D9221503040E1F7C4
:10454000DD24D394D7015996ED91FC918481D8163E
:1045500098F423E43EE0B301A2014D0D511D611D0D
:10456000711D8091400E9091410E0F949C198823EB
:1045700009F4A6CED394E6CF258580E092E0A0E0B2
:10458000B0E004C0880F991FAA1FBB1F2A95D2F75D
:10459000F7014189528963897489840F951FA61F89
:1045A000B71F818B928BA38BB48B83E49EE0D12CBD
:1045B000DBCE203161F498012F5E3F4F0F944A1CEF
:1045C000882329F084E0D80113968C9344CFD80136
:1045D00013961C9275CECF939091340E992309F4C3
:1045E000F6C0C82F873009F4BEC008F046C083303B
:1045F00009F4EDC080F5813009F488C008F460C08A
:104600008BE70E94E05B83E00E9475F80E941CF833
:104610008DE70E94E05B0E94EB5CC3E0C0939405D1
:1046200081E0809376028091D413811105C080913E
:104630008D03882309F478C08BE70E94E05B84E057
:104640000E9475F80E941CF884E08093940581E034
:10465000809376021EC0853009F471C081E49DE428
:10466000C63008F46EC08AE29DE40E94F35C0E94AA
:104670001CF888E08093940574C0863109F49BC0CF
:1046800070F4843109F480C008F089C0883009F4DE
:1046900072C08DE70E94E05BCF910C94EB5C8B3590
:1046A00009F491C030F481E3CA3599F70E9482F889
:1046B000F0CF8C3509F489C084E3CD35B9F3E9CF67
:1046C00080917802843021F48FE00F941D09E1CFAE
:1046D0000E94C149882311F08EE0F7CF8091D41356
:1046E000811104C080918D03882311F084E0EDCF07
:1046F0008BE70E94E05B81E00E9475F80E941CF845
:104700000E9491F881E080939405C3CF8BE70E94CB
:10471000E05B82E00E9475F80E941CF882E08093C2
:104720009405C0937602B5CF8BE70E94E05B83E0EF
:104730000E9475F80E941CF8C093940588CF83E30B
:104740009DE40E94F35C60E070E0CB010E94595C44
:104750008DE50E94E05B809194050E9475F80E94AF
:104760001CF882E075CF81E29DE40E94F35C0E9418
:104770001CF889E07FCF88E19DE40E94F35C0E94F1
:104780001CF810929405EDCF8BE70E94E05B8091BE
:1047900094050E9475F80E941CF884E059CF8BE7BD
:1047A0000E94E05B0E9438F80E941CF880919405FA
:1047B0000E9475F86ECF8FE09DE40E94F35C0E942A
:1047C0001CF885E0A0CF82E371CF83E36FCFCF9158
:1047D0000895CF92DF92EF92FF920F931F93CF93A2
:1047E000DF9300D000D01F921F92CDB7DEB780912B
:1047F0003105909132050097E1F120918E023091C0
:104800008F02243631054CF4AC01420F531F45365C
:1048100051056CF4820F931F0CC02436310509F446
:1048200055C0AC01420F531F443651059CF784E636
:1048300090E090938F0280938E0280918E029091EF
:104840008F0282179307A9F0883E53E0950714F072
:1048500087EE93E08A30910514F48AE090E090931B
:104860008F0280938E0210923205109231050E94C1
:10487000C94780915B0281111092E1061091E10617
:10488000112391F12FEF210F2093E1068091371230
:1048900081110DC00E942958882349F01092DD0330
:1048A00060E08CEF92EB0E9469460E942A542896A1
:1048B0000FB6F894DEBF0FBECDBFDF91CF911F9131
:1048C0000F91FF90EF90DF90CF9008958B3091057E
:1048D0001CF0865A9F4FADCF863F4FEF94070CF0E8
:1048E000ACCF82599F4FA5CF6AE06093E1068091DB
:1048F000E0068F5F8093E0068E3109F09FC0109232
:10490000E0060E942A54109233050E9472520E94BF
:10491000AA5360915B1270915C12072E000C880BF9
:10492000990B0F94BB7720E030E040E05FE30F94F9
:10493000557E0F94C67F6B0120E030E040E05FE3DE
:1049400060912E0E70912F0E8091300E9091310E4D
:104950000F94557E0F94C67FA60182E80E9467FCE3
:1049600083E00E94B35280913107813009F06EC01C
:104970008DE39BE40E94A85261E080E00E94E55232
:104980006091571270915812072E000C880B990BEA
:104990000F94BB7720E030E040E05FE30F94557E5A
:1049A0000F94C67F6B0120E030E040E05FE3609150
:1049B000B5037091B6038091B7039091B8030F943B
:1049C000557E0F94C67FA60180E80E9467FC83E0B5
:1049D0000E94B35280918F028F9380918E028F93A9
:1049E00086E49BE49F938F930E94965298E0981BD5
:1049F000892F0E94B35262E080E00E94E5520F903E
:104A00000F900F900F9080913F12E090D41381117E
:104A10003EC029E5C22E2BE4D22EE1103CC08DE52C
:104A2000C82E8BE4D82E0E941D4AF82E8823D9F177
:104A3000809171028F3F89F5F12C35C00F94E87D8C
:104A4000911163CF80E00E94E9535DCF80910F0701
:104A50008823D9F080E21F928F9380916A128F93FE
:104A6000809169128F93809168128F938091671261
:104A70008F9384E39BE49F938F930E9496520FB68B
:104A8000F894DEBF0FBECDBF77CF8FE3E4CF91E6C2
:104A9000C92E9BE4D92EEE2031F28091C903FF2468
:104AA000F394882399F181EA9DE00F942D7D082FDE
:104AB0000E94C55A87FD2AC0081741F19BE00902F0
:104AC000B0011124675B724F47E050E08E010F5F29
:104AD0001F4FC8010F941D7D18861F930F938BE401
:104AE0009BE59F938F930E9496520F900F900F908B
:104AF0000F908091FE12813009F05AC00E94B2F7E7
:104B000095E0981B892F0E94B3525FC0E11004C04A
:104B100080918503811142C0DF92CF9287E49BE5AB
:104B20009F938F930E9496520F900F900F900F902B
:104B3000809171028536D0F180916716882319F132
:104B40008091E1169091E216A091E316B091E416DF
:104B50000097A105B105B9F0BC01CD016D597F4F9A
:104B60008F4F9F4F24E630E040E050E00F94A07D4F
:104B70006091E8167091E9168091EA169091EB1613
:104B80000F94A07D122F212F30E083E59BE4F110DC
:104B900002C08DE49BE43F932F93A3CF81E00E945A
:104BA000B3528CED96E00E943857C2CF182FEBCF4E
:104BB0008091340E882309F4A5C085E69BE49F9379
:104BC0008F930E9496520F900F900E941D4A882347
:104BD00009F4ACC0C0907402D0907502E0907202EB
:104BE000F09073028091DF068A3011F41092DF0694
:104BF0008091DF068F5F8093DF062FEFE216F206CB
:104C000021F0970113E4863070F43FEFC316D3060A
:104C100009F07AC00F9423082CE330E040E050E024
:104C20000F94A07D10E240918E0250918F02443685
:104C3000510509F46CC0C216D30621F0E216F30642
:104C400009F065C0A4E6B0E00F94CD7D9A01550F40
:104C5000440B550B0F94A07D4FE3E42E042E000C63
:104C6000FF08E12F012E000CFF0BC9016CE370E07F
:104C70000F94F67D2037374108F04BC0FF924F93D9
:104C8000FF931F939F938F937F936F938FE79BE483
:104C90009F938F930E9496520FB6F894DEBF0FBE7B
:104CA000CDBF98E0981B892F0E94B35263E080E04B
:104CB0000E94E5520E9493FF8091340E8823B1F048
:104CC000809176028150D9F18093760280917602AC
:104CD0008530E1F1883051F485E10F94EB22809129
:104CE0008D03882319F086E10F94EB228091320E18
:104CF000882309F4CBCD8091160E8111C7CD0E9477
:104D00001AE6C4CD85E0FFCE960112E58CCF40E2D5
:104D1000A4CFFF924F93FF931F937F936F9384E7EA
:104D20009BE49F938F930E949652B6CF8BE69BE4B1
:104D30009F938F930E9496520F900F90B2CF8AE06C
:104D40008093760280E00F94EB22C0CF8091D41341
:104D5000882361F284E1C8CFCF93DF93909138121A
:104D6000911121C0C62FD82F882309F18CEA9AE52A
:104D7000662311F08AEB9AE563E00E94FFB68DE7A7
:104D800098E60E94F35C89E89AE5C11102C087E6C3
:104D90009AE50E94E85E80E00F94EB228AE5D1114B
:104DA0008BE50F94EB22DF91CF910D946F4F83E44D
:104DB0009AE5662311F083E59AE563E00E94FFB669
:104DC0008DE798E60E94F35C8AE29AE5C111E1CF93
:104DD00082E19AE5DECF2F923F924F925F926F92DF
:104DE0007F928F929F92AF92BF92CF92DF92EF927B
:104DF000FF920F931F93CF93DF93CDB7DEB7E0976A
:104E00000FB6F894DEBF0FBECDBF6A877B878C8755
:104E10009D871A013AA729A70F94BB01109241025E
:104E200029A53AA53093D8062093D7061092DA0622
:104E30001092D9060E94E2FE6E837F83888799874D
:104E400037FEFFC03DE23F8F0E94E2FE6CA37DA3D0
:104E50008EA39FA38DE798E5121413040CF48AC265
:104E60008AE698E50E94E85E6A857B858C859D854B
:104E70000F94C67F2FE72114310409F4E5C0209375
:104E8000C50670935812609357128E819F81A88532
:104E9000B9858E879F87A88BB98B88A399A3AAA36E
:104EA000BBA31A8A90E49B8BACE1AC8BB6E4BD8BC0
:104EB0001E8A1F8A188E198E6FE7C62ED12CE12C00
:104EC000F12C00E010E018AA1FA61D822FE730E0A9
:104ED00040E050E029833A834B835C831B8E1C8E19
:104EE0001D8E1E8E31E03A8FA8954091AC0648A7E2
:104EF000442309F42CC20E94CFEF2114310409F09D
:104F0000AAC000912E0E10912F0E5091300E58AB6A
:104F10008091310E8FA72E893F89488D598DB80118
:104F200088A99FA50F944A7F87FD06C00E8B1F8B13
:104F3000B8A9B88F2FA5298F2A893B894C895D890B
:104F4000B80188A99FA50F94DE80181634F00A8B4B
:104F50001B8B38A93C8B4FA54D8B0E94E2FE2CA1E8
:104F60003DA14EA15FA1621B730B840B950B653CA9
:104F700079408105910540F00E942A5A0E94E2FE84
:104F80006CA37DA38EA39FA34A8D442309F44CC038
:104F90002A853B854C855D85B80188A99FA50F941E
:104FA000DE8018160CF0D3C10E94E2FE2E853F85EC
:104FB00048895989621B730B840B950B69387341BF
:104FC0008105910508F4C3C1D701C60129813A8141
:104FD0004B815C81821B930BA40BB50BB595A795F8
:104FE000979587952114310409F440C08093C50634
:104FF0000E94E2FE6E837F8388879987DC01CB0164
:105000002E853F8548895989821B930BA40BB50BCC
:105010008B8F9C8FAD8FBE8F3A853E8B4B854F8B90
:105020005C85588F8D85898F2A853B854C855D856C
:10503000B80188A99FA50F944A7F87FD1AC01A8ED0
:1050400086C14AE04F8F00CF2093CC0670935C124C
:1050500060935B121ACF0091B5031091B603909143
:10506000B70398ABA091B803AFA755CF8093CC06F8
:10507000BFCF0E94E2FE2E813F8148855985621B89
:10508000730B840B950B6938734181059105B8F258
:105090000E94E2FE6E877F87888B998B8091D9066C
:1050A0009091DA06181619060CF02CC18E859F8592
:1050B000A889B9892E813F8148855985821B930B28
:1050C000A40BB50B4B8C5C8C6D8C7E8C480E591EE2
:1050D0006A1E7B1E2B8D3C8D4D8D5E8D281B390BE2
:1050E0004A0B5B0B69817A818B819C810F94907D47
:1050F000A30192010F941E7EDA01C9018C0D9D1D42
:10510000AE1DBF1D84319105A105B1050CF43CC154
:105110006C017D013CEEC316D104E104F1042CF0D6
:105120004BEEC42ED12CE12CF12C80389105A10539
:10513000B1050CF437C18EEF90E0A0E0B0E08C191F
:105140009D09AE09BF0989839A83AB83BC8382E63C
:1051500098E50E94F35CC701B6010E94595C8DE599
:1051600098E50E94F35C69817A818B819C810E9421
:10517000595C86E598E50E94F35C42E06A897B8988
:105180008C899D890E94755C8FE498E50E94F35C90
:105190006E897F89888D998D0F94C74D8091D9062E
:1051A0009091DA0603970CF4ADC069817A818B8106
:1051B0009C810F94BB7720E030E040E850E40F94EE
:1051C000FA774B015C012A893B894C895D896E899C
:1051D0007F89888D998D0F94547E20ED3FE049E4BE
:1051E00050E40F94FA7720E030E040E05FE30F9462
:1051F000FA779B01AC01C501B4010F94547F4B01B8
:105200005C01C301B2010F94BB7720E030E04AE7B4
:1052100054E40F94547F2B013C0189E498E50E94EB
:10522000F35C42E0C501B4010E94755C83E498E53B
:105230000E94F35CC301B2010F94C74D2AE939E91A
:1052400049E15FE3C501B4010F94FA774B015C01BA
:105250008092D8039092D903A092DA03B092DB0334
:10526000AC019B010F94557EA30192010F94547FD2
:105270006093D4037093D5038093D6039093D703A0
:10528000A3019201C501B4010F94FA7720E030E048
:1052900040E05EE30F94FA776093D0037093D103FC
:1052A0008093D2039093D30385E398E50E94E85E50
:1052B0008FE298E50E94F35C6091D8037091D90366
:1052C0008091DA039091DB030F94C74D89E298E552
:1052D0000E94F35C6091D4037091D5038091D60352
:1052E0009091D7030F94C74D83E298E50E94F35C39
:1052F0006091D0037091D1038091D2039091D30338
:105300000F94C74D89819A81AB81BC818C0D9D1D05
:10531000AE1DBF1DB595A7959795879521143104AE
:1053200009F445C08093C5068091D9069091DA06AC
:1053300001969093DA068093D9063A853A8B4B858D
:105340004B8B5C855C8B8D858D8B98A59A8F20E02F
:1053500030E040EA51E46A857B858C859D850F9419
:10536000557E980148A95FA50F944A7F87FF22C008
:1053700089EF97E50E94E85E81E0809341021092F8
:10538000DA061092D90698C034E1C32ED12CE12C54
:10539000F12C24E130E040E050E029833A834B8354
:1053A0005C83D5CEC982DA82EB82FC82D0CE809338
:1053B000CC06BACF0E94E2FE28A139A14AA15BA186
:1053C000621B730B840B950B613D77408105910542
:1053D00058F1A090C506B12C86EF97E52114310451
:1053E00029F4A090CC06B12C83EF97E50E94F35CE2
:1053F00042E0B80188A99FA50E94755C8FEE97E5F1
:105400000E94F35CC5010F94E44D4D81442309F4DF
:105410006CC05F8D451770F54F5F4D830E94E2FEB3
:1054200068A379A38AA39BA30E94E2FE4B015C01BF
:105430000E94E2FE4E805F80688479842E853F85DD
:1054400048895989420E531E641E751E841895089A
:10545000A608B708860E971EA81EB91E31E8831647
:105460003FE4930632E1A306B10408F447C082ED9D
:1054700097E580CF8D819F8D8913D0CF8F5F8D83EE
:105480002BA53CA54DA55EA5B80188A99FA50F94A5
:10549000547E9F7720E030E040EA50E40F944A7F4A
:1054A00087FFBCCF632D661F6627661F80E00F94C1
:1054B000AC2681E080934102E0960FB6F894DEBFFF
:1054C0000FBECDBFDF91CF911F910F91FF90EF9055
:1054D000DF90CF90BF90AF909F908F907F906F9014
:1054E0005F904F903F902F9008950BA71CA7A8A9FD
:1054F000ADA7BFA5BEA721E02D8390CF8091D9068F
:105500009091DA0649A55AA5481759071CF486E771
:1055100097E530CF80E00E948452E6CCCF92DF92B4
:10552000EF92FF920F931F93CF93DF931F921F92DF
:10553000CDB7DEB7A8958091AC06882309F429C2BF
:105540000E94CFEF8091CA03882389F18091CA031A
:10555000829586958770813001F108F4BEC1843050
:1055600030F58091CA038695869583708230F8F471
:105570008091CA038695869583709091CA0392950F
:105580009695977061E0813009F060E081E092309B
:1055900009F080E00F94AC260AC08091CA0386957A
:1055A0008695837009F44BC1813009F479C10E945A
:1055B000E2FE0091F7161091F8162091F91630913D
:1055C000FA16601B710B820B930B693873418105CE
:1055D0009105D0F08091AF03811116C00E94E2FEC8
:1055E0006093F7167093F8168093F9169093FA1655
:1055F00080913005809367028B3418F08FEF809391
:10560000300581E08093AF030E94E2FE0091F7161F
:105610001091F8162091F9163091FA16601B710B53
:10562000820B930B653671058105910508F4A5C1C0
:105630008091AF03882309F4A0C160918C0670911A
:105640008D06072E000C880B990B0F94BB776B010E
:105650007C010E94E2FE0091F7161091F81620914D
:10566000F9163091FA16601B710B820B930B0F9495
:10567000B9779B01AC0160E070E08AE793E40F9496
:10568000547FA70196010F94FA770F94C67F709309
:10569000B1036093B00360918E0670918F06072E60
:1056A000000C880B990B0F94BB776B017C010E9457
:1056B000E2FE0091F7161091F8162091F91630913C
:1056C000FA16601B710B820B930B0F94B9779B0139
:1056D000AC0160E070E08AE793E40F94547FA70187
:1056E00096010F94FA770F94C67F7093B30360937B
:1056F000B20310928D0610928C0610928F061092B3
:105700008E0683E08A8382E0898380914002882329
:1057100051F087E89FE00F942D7D91E0811101C049
:1057200090E0909340028091B0039091B103449730
:105730000CF0F2C020E030E048E452E460912E0E1C
:1057400070912F0E8091300E9091310E0F94DE806B
:1057500018160CF0E1C0809157068F5F80935706B2
:105760008091570681110BC080915806811107C0A6
:105770008091CC03823019F481E08093CC03809136
:10578000CC03813061F40E941D4A811108C010923F
:10579000CC031092B9038AE593E60E943DBB809149
:1057A0004002882309F4D9C08091CC03823009F4E7
:1057B000D4C087E5E82E86E0F82ECE0101966C0174
:1057C00010E002E0F70191917F01F60181916F01F4
:1057D000891780F5F701319710828091CC038230D0
:1057E00049F10093CC030E94CC49882309F49AC064
:1057F0000E94C149811107C080913F12882309F49A
:105800008EC00E9456F7113009F493C087EA98E5DC
:105810000E94E85E8091B90381110CC041E070E004
:1058200060E088EC90E00F94301862E088EB9EE135
:105830000E94FFB6113009F490C011E0C3CF8091EF
:10584000CA0381FF12C06091CA03629561708091A2
:105850003812811107C082E099E50F940B018CE5A5
:105860000F94EB220F946F4FA2CE609106047091BB
:1058700007046B5F7F4F072E000C880B990B0F946A
:10588000BB778B019C0140912E0E50912F0E6091A1
:10589000300E7091310E8CE692E00E94E3F787CED5
:1058A0008091CA0381FF0AC0809138128111DACF3A
:1058B00061E086EF98E50F940B01D4CF4091B503DA
:1058C0005091B6036091B7037091B80300E010E007
:1058D0002CE032E488E692E0E0CF8091CA0386951E
:1058E0008695837059F0813009F061CE809138122D
:1058F0008111B8CF61E082E199E5DDCF6091CA0303
:1059000062956170809138128111ACCF8AE099E57F
:105910000F940B018DE5A4CF1092570621CF0E9462
:10592000EEFE71CF10925C1210925B121092C903BE
:105930006ACF8FEC98E50E94E85E8091B9038111EF
:105940000CC041E070E060E088EC90E00F9430180B
:1059500062E086E19BE40E94FFB68091670280933B
:1059600030050E94E2FE6093F7167093F81680935C
:10597000F9169093FA161092AF030F900F90DF91E3
:10598000CF911F910F91FF90EF90DF90CF900C94EB
:105990002A5A0F900F90DF91CF911F910F91FF9096
:1059A000EF90DF90CF90089520913512309136120C
:1059B000BC01C901855B9F4E0F94347B9C01909381
:1059C00093058093920581E0232B09F480E00895EC
:1059D0006091120E9091130E30E020E08EE6961743
:1059E00061F0899FF0011124E256F84F4081518106
:1059F000240F351F9F5F9F70F2CFC901089530912A
:105A0000120E2091130E321791F0E091120EE11157
:105A100001C0E0E1E1502EE6E29FF0011124E256E0
:105A2000F84F20813181820F931F918380830895E5
:105A3000CF92DF92EF92FF920F931F93CF93DF935A
:105A400001E614E0C2E8D5E082E9C82E85E0D82E50
:105A500078010C5F1F4FF70160A171A182A193A192
:105A60000F94B977F70120813181428153810F94DE
:105A7000FA770F94CD7F6993799389939993CC1694
:105A8000DD0631F7DF91CF911F910F91FF90EF90DD
:105A9000DF90CF900895FC01408151816281738134
:105AA00040933B0450933C0460933D0470933E0448
:105AB00020916D0430916E0440916F0450917004F8
:105AC00060817181828193810F94FA770F94928122
:105AD000E0E1F7E064877587868797878FB7F8944A
:105AE000448555856685778540932C0750932D070F
:105AF00060932E0770932F078FBF0895FC0140819C
:105B000051816281738140933704509338046093CC
:105B1000390470933A042091690430916A044091E9
:105B20006B0450916C0460817181828193810F9428
:105B3000FA770F94928160931807709319078093F6
:105B40001A0790931B070D94AB5F2F923F924F92D1
:105B50005F926F927F928F929F92AF92BF92CF92FD
:105B6000DF92EF92FF920F931F93CF93DF93CDB706
:105B7000DEB7C458D1090FB6F894DEBF0FBECDBF53
:105B800069A37AA38BA39CA32DA33EA34FA358A7DD
:105B9000A796ECAEFDAE0EAF1FAFA797A996DFAEEE
:105BA000CEAEA99789AE99AAADAEBDAAC656DF4FB3
:105BB00008811981CA59D0408091120E8F5FA0963A
:105BC0008FAFA097803119F4A0961FAEA097809157
:105BD000130EA0962FADA09782130FC00F948E2A9C
:105BE00080E00E94556E80E00E9484528091130EE6
:105BF000A0963FADA097831789F34091160EA1960A
:105C00004FAFA197442311F18AE998E60E94F35C13
:105C100089E09BE40E94E85ECC57DF4F0FB6F89412
:105C2000DEBF0FBECDBFDF91CF911F910F91FF90CF
:105C3000EF90DF90CF90BF90AF909F908F907F902C
:105C40006F905F904F903F902F9008959091120E1B
:105C5000292E312C8EE6989FD0011124A396BFAF38
:105C6000AEAFA397CD018E5C984FFC01E95BFF4F6F
:105C7000108284599F4FFC01118210820115110579
:105C800011F40D94923880E1F801A657B84F0190B5
:105C90000D928A95E1F78EE6829D8001839D100D1D
:105CA00011240E5C184FF801E859FF4FC456DF4F1E
:105CB00088819981CC59D0409183808306591F4FA8
:105CC00060917A0270917B0280917C0290917D02BA
:105CD0000F94CD7FD8016D937C9380911A04882313
:105CE000A9F010921C0710921D0710921E07109227
:105CF0001F0710923B0410923C0410923D04109236
:105D00003E0410921A0481E080931904BE016B5D79
:105D10007F4FCE0181960E94024CC9A0DAA0EBA071
:105D2000FCA0209161043091620440916304509181
:105D30006404C701B6010F94FA770F949281C35897
:105D4000DF4F688379838A839B83CD57D0408DA0B2
:105D50009EA0AFA0B8A42091650430916604409144
:105D6000670450916804C501B4010F94FA770F9449
:105D70009281CF57DF4F688379838A839B83C15891
:105D8000D04080910613882311F40D949938A50111
:105D90009401C701B6010F943E6CA7962CAD3DADA2
:105DA0004EAD5FADA7970F94557E20916904309159
:105DB0006A0440916B0450916C040F94FA770F942D
:105DC0009281E5966CAF7DAF8EAF9FAFE597A996B8
:105DD000EEADFFADA99780809180A280B380209125
:105DE0006D0430916E0440916F0450917004C501B0
:105DF000B4010F94FA770F949281AD966CAF7DAF9A
:105E00008EAF9FAFAD9780911C0790911D07A09119
:105E10001E07B0911F07AD964CAC5DAC6EAC7FAC6D
:105E2000AD97481A590A6A0A7B0A80911007909127
:105E30001107A0911207B0911307C358DF4FC88014
:105E4000D980EA80FB80CD57D040C81AD90AEA0A27
:105E5000FB0A8091140790911507A0911607B09145
:105E60001707CF57DF4F288139814A815B81C1589D
:105E7000D040281B390B4A0B5B0B29A73AA74BA72D
:105E80005CA78091180790911907A0911A07B0910B
:105E90001B07E5962CAD3DAD4EAD5FADE597281BDC
:105EA000390B4A0B5B0B2DA73EA74FA758AB4114EC
:105EB00051046104710409F480C060912E0E709148
:105EC0002F0E8091300E9091310E0F94C67F20914D
:105ED000570230915802621773070CF5AD968CADDE
:105EE0009DADAEADBFADAD9780931C0790931D07E0
:105EF000A0931E07B0931F0780923B0490923C042E
:105F0000A0923D04B0923E048AE998E60E94F35CB8
:105F10008FEE9AE40E94E85E412C512C3201C301BD
:105F2000B20177FE07C066277727CB016419750990
:105F3000860997090F94BB774B015C0120E030E0A4
:105F400048EE53E460916D0470916E0480916F048B
:105F5000909170040F94FA779B01AC01C501B401D4
:105F60000F94DE8018164CF5AD962CAD3DAD4EADC0
:105F70005FADAD9720931C0730931D0740931E071C
:105F800050931F07A996EEADFFADA997808191812F
:105F9000A281B38180933B0490933C04A0933D0481
:105FA000B0933E048AE998E60E94F35C81ED9AE49E
:105FB0000E94E85E412C512C32018EE6829DF00158
:105FC000839DF00D1124EE5CF84FD701C601F7FE5A
:105FD00007C088279927DC018C199D09AE09BF09E4
:105FE00080839183A283B3838EE6829DF001839D9B
:105FF000F00D1124EE5CF84F89A59AA5ABA5BCA5C0
:10600000B7FF07C0B095A095909581959F4FAF4F72
:10601000BF4F84839583A683B7838EE6829DF0016C
:10602000839DF00D1124EE5CF84F8DA59EA5AFA5C4
:10603000B8A9B7FF07C0B095A095909581959F4FDF
:10604000AF4FBF4F80879187A287B387B301A2016B
:1060500077FE07C044275527BA0144195509660938
:1060600077098EE6829DF001839DF00D1124EE5C90
:10607000F84F448755876687778700811181228191
:10608000338184819581A681B78180179107A2070A
:10609000B30714F4D901C801EEE6BE2EB29CF0019C
:1060A000B39CF00D1124EE5CF84F80849184A2849F
:1060B000B38488159905AA05BB0514F4D501C4015C
:1060C00084179507A607B70714F4DB01CA014EE64B
:1060D000429DF001439DF00D1124EE5CF84F808B42
:1060E000918BA28BB38B0697A105B1050CF494CDCF
:1060F00080915312DF01AA5BBF4F8C93F7FE02C061
:106100000D94A938108E89A59AA5ABA5BCA5B7FF9B
:106110000BC08EE6829DF001839DF00D1124EE5C94
:10612000F84F808D8260808F8DA59EA5AFA5B8A900
:10613000B7FF0BC08EE6829DF001839DF00D112408
:10614000EE5CF84F808D8460808F77FE0BC08EE60A
:10615000829DF001839DF00D1124EE5CF84F808D3F
:106160008860808F012B022B032B09F017988EE695
:10617000829DF001839DF00D1124EE5CF84F848127
:106180009581A681B781892B8A2B8B2B09F01698D4
:106190008EE6829DF001839DF00D1124EE5CF84F98
:1061A00080859185A285B385892B8A2B8B2B09F05D
:1061B00015988EE6829DF001839DF00D1124EE5C12
:1061C000F84F84859585A685B785892B8A2B8B2BDF
:1061D00009F014988EE6829DF001839DF00D112444
:1061E000EE5CF84F24853585468557852A962CAF79
:1061F0003DAF4EAF5FAF2A97232B242B252B09F001
:10620000ACC7A0909D04B0909E0400919F04109193
:10621000A00429AD39A94DAD5DA9B501C8010F9400
:10622000DE80181624F4A9AEB9AA0DAF1DABC701C4
:10623000B6010F94BB7720916104309162044091C4
:106240006304509164040F94547F4B015C01898274
:106250009A82AB82BC8269A57AA58BA59CA50F9476
:10626000BB7720916504309166044091670450919A
:1062700068040F94547F6B017C01CD82DE82EF8233
:10628000F8866DA57EA58FA598A90F94BB77209160
:10629000690430916A0440916B0450916C040F942E
:1062A000547F22966CAF7DAF8EAF9FAF22976987E8
:1062B0007A878B879C87C301B2010F94BB772091AB
:1062C0006D0430916E0440916F04509170040F94EE
:1062D000547F26966CAF7DAF8EAF9FAF26976D87AC
:1062E0007E878F87988B8EE6829DF001839DF00DCF
:1062F0001124EE5CF84F80819181A281B3812E96AA
:106300008CAF9DAFAEAFBFAF2E970697A105B1057D
:106310000CF02CC784819581A681B7810697A105D1
:10632000B1050CF023C780859185A285B3850697BA
:10633000A105B1050CF01AC726968CAD9DADAEAD8A
:10634000BFAD2697BF7785A796A7A7A7B0AB8EE668
:10635000829DF001839DF00D1124EE5CF84F45A461
:1063600056A467A470A8A301920160E070E080E8E1
:106370009FE30F94547F29AD39A94DAD5DA90F94CA
:10638000FA776B017C018091120E9091130E891B9C
:106390008F708DAF8250863008F040C0A701960103
:1063A00060E074E284E799E40F94547F0F94928143
:1063B0004B015C018091A1049091A204A091A304DF
:1063C000B091A40488169906AA06BB0638F5BC014C
:1063D000CD01681979098A099B09660F771F881F03
:1063E000991FADAD2A2F30E050E040E00F94A07D22
:1063F000CA01B9010F94B9770F94C67F680D791D52
:106400008A1D9B1D0F94B9779B01AC0160E074E27B
:1064100084E799E40F94547F6B017C01A3019201FE
:10642000C701B6010F94FA776DAB7EAB8FAB98AF17
:106430008EE6829D8001839D100D11240E5C184F05
:106440002DA93EA94FA958ADD80191962D933D9302
:106450004D935C93949750966D917D918D919C9105
:1064600053970F94B97769AF7AAF8BAF9CAF9B010D
:10647000AC01C701B6010F94FA770F94337F0F94E4
:10648000CD7F62966CAF7DAF8EAF9FAF6297F80104
:1064900066AB77AB80AF91AF9E012F5F3F4F3AABBA
:1064A00029ABAE014F5E5F4F6E965FAF4EAF6E97FA
:1064B00081E794E068969FAF8EAF68976C965FAF68
:1064C0004EAF6C9719A61DA600E81FE3A9A9BAA9AB
:1064D0002D913D914D915D91BAABA9ABC701B6012C
:1064E0000F94FA776C96EEADFFAD6C976193719354
:1064F000819391936C96FFAFEEAF6C974B015C016B
:10650000E894B7F86896AEADBFAD68972D913D9110
:106510004D915D916896BFAFAEAF689766962CAF10
:106520003DAF4EAF5FAF6697C501B4010F94DE80FB
:106530001816B4F4A501940166966CAD7DAD8EADD0
:106540009FAD66970F94547F4B015C0129A53DA533
:10655000A8010F94DE8018161CF089A69DA685015F
:106560006E96EEADFFAD6E9729A93AA9E217F30733
:1065700009F0ACCF20E030E040E85FE369A57DA5FD
:10658000C8010F944A7F87FF50C06E96AEACBFAC77
:106590006E9730E1A30EB11C6E96CEACDFAC6E9759
:1065A000D6016D917D918D919D916D017D01B4E03C
:1065B000EB1AF10829A53DA5A8010F94FA77F70178
:1065C0006083718382839383AC14BD0449F72EE604
:1065D000229DC001239D900D11249C012E5C384FFB
:1065E000790129A53DA5A8016DA97EA98FA998AD1E
:1065F0000F94FA77D70191966D937D938D939C9329
:10660000949762966CAD7DAD8EAD9FAD62970F9401
:10661000B97729A53DA5A8010F94FA770F94CD7FEE
:10662000F70166AB77AB80AF91AFA301920169AD83
:106630007AAD8BAD9CAD0F94547F69A77AA78BA7D9
:106640009CA72E962CAD3DAD4EAD5FAD2E97232B66
:10665000242B252B09F0B9C58EE6829D8001839DF0
:10666000100D11240E5C184FF80184819581A681CC
:10667000B781892B8A2B8B2B09F0A7C58085918543
:10668000A285B385892B8A2B8B2B09F09EC520917F
:10669000950430919604409197045091980469A50F
:1066A0007AA58BA59CA50F94FA770F94337F0F944E
:1066B000CD7F2B013C01F801E45BFF4F10826A960D
:1066C0001CAE1DAE1EAE1FAE6A978EE6829D800187
:1066D000839D100D11240E5C184FF801EE5BFF4FE7
:1066E0004082518262827382C301B2010F94B977F2
:1066F0006B017C0129A53AA54BA55CA50F94547F9D
:10670000E1966CAF7DAF8EAF9FAFE197F80161ABC3
:1067100072AB83AB94AB2DEB37E346E051E4C7019A
:10672000B6010F94FA770F94CD7FD80154966D93EC
:106730007D938D939C9357979196BC912796BFAF6D
:106740002797F801F2A12B96FFAF2B97D8019396CC
:10675000BC912F96BFAF2F97F801F4A16396FFAFBE
:10676000639725EA34E0ED963FAF2EAFED976E9636
:106770004EAC5FAC6E9730E1430E511C05EA14E05D
:106780006E966EAC7FAC6E9727964FAD279749A754
:106790002B965FAD2B975DA7B9AFF9AB1DAAD301BF
:1067A0008D909D90AD90BD903D01E894B7F8F801B3
:1067B000C190D190E190F1908F01A5019401C701A2
:1067C000B6010F944A7F87FF3AC0FDA9FF2309F461
:1067D0007EC629A53DA549AD59A9C501B4010F94AF
:1067E000FA774B015C01A701960127966FAD2797B9
:1067F0002B967FAD2B972F968FAD2F9763969FADDE
:1068000063970F94FA776B017C01AC019B01C50182
:10681000B4010F94DE80181694F4A5019401C70109
:10682000B6010F94547F9B01AC0169A57DA589AD8C
:1068300099A90F94FA7769A77DA789AF99AB4614F8
:10684000570409F0ACCF8EE6829DF001839DF00DD8
:106850001124EE5CF84F15AA80911904882321F0C9
:1068600080E185AB109219043DAD323008F48FC63B
:1068700040911B046B964FAF6B9750911C046F9621
:106880005FAF6F9700911D0410911E0427E137EB55
:1068900041ED58E36B966FAD6B976F967FAD6F9739
:1068A000C8010F94DE8018160CF071C66B962FADE0
:1068B0006B976F963FAD6F97A80127966FAD27979F
:1068C0002B967FAD2B972F968FAD2F9763969FAD0D
:1068D00063970F944A7F87FF01C66B962FAD6B9726
:1068E0006F963FAD6F97A80127966FAD27972B96B0
:1068F0007FAD2B972F968FAD2F9763969FAD6397A4
:106900000F94547FEB966CAF7DAF8EAF9FAFEB973C
:1069100027968FAD27978DAF2B969FAD2B979DAB6D
:106920002F96AFAD2F97AEAF6396BFAD639723960B
:10693000BFAF23972FE134E0E7963FAF2EAFE79745
:10694000412C512C30E8632E3FE3732EE796AEAD19
:10695000BFADE7978D909D90AD90BD90E796BFAF8E
:10696000AEAFE7976E96EEADFFAD6E97C190D1904A
:10697000E190F1906E96FFAFEEAF6E976B962FADF4
:106980006B976F963FAD6F97A80127966FAD2797CE
:106990002B967FAD2B972F968FAD2F9763969FAD3C
:1069A00063970F944A7F87FF0CC0EB962CAD3DADEB
:1069B0004EAD5FADEB97C501B4010F94FA774B0173
:1069C0005C01A196FFADA197FF2381F0A301920185
:1069D000C501B4010F94FA774B015C01A301920148
:1069E000C701B6010F94FA776B017C01A7019601EC
:1069F000C501B4010F94DE8020E030E0A901181633
:106A00000CF0A3C5C701B6010F94DE8018164CF038
:106A100020E030E0A901C501B4010F944A7F87FF4F
:106A200085C5A7019601C501B4010F94547E6B0181
:106A30007C01ED96AEADBFADED978D909D90AD9084
:106A4000BD90ED96BFAFAEAFED97A5019401C70124
:106A5000B6010F94DE80181694F4A7019601C501C3
:106A6000B4010F94547F9B01AC01C301B2010F9498
:106A7000FA772B013C01B1E0A196BFAFA197EFE2FD
:106A8000F4E0E7962EAD3FADE797E217F30709F084
:106A90005DCFA1963FADA197332381F0A301920171
:106AA0006DAD7DA98EAD23969FAD23970F94FA7798
:106AB0006DAF7DAB8EAF23969FAF239724EA30E76F
:106AC0004DE75FE36DAD7DA98EAD23969FAD239716
:106AD0000F94FA776B017C01AC019B0160917A0500
:106AE00070917B0580917C0590917D050F94DE80EF
:106AF0001816FCF429A53DA549AD59A9C701B60151
:106B00000F944A7F87FF15C08EE6829DF001839D1A
:106B1000F00D1124EE5CF84F85A9846085AB49A582
:106B20004DAF5DA55DAB89AD8EAF99A923969FAFA3
:106B300023978EE6829D8001839D100D11240E5CAB
:106B4000184F8DAD9DA9AEAD2396BFAD2397F8012B
:106B500081A792A7A3A7B4A729A53DA549AD59A987
:106B600069A57DA589AD99A90F94FA776B017C0180
:106B7000E1966CAD7DAD8EAD9FADE19790589B01D8
:106B8000AC010F94557ED8019D962D913D914D916C
:106B90005C91D0970F94FA779B01AC01C701B601C5
:106BA0000F94547E0F942382D62EE72E8C012DADA8
:106BB0003DA94EAD23965FAD23970F94DE80181646
:106BC00034F0DDAEEDAA0EAF23961FAF23978EE60D
:106BD000829DF001839DF00D1124EE5CF84F8DAD88
:106BE0009DA9AEAD2396BFAD239785A396A3A7A37A
:106BF000B0A7F5A82D2D3E2DA80127966FAD27979C
:106C00002B967FAD2B972F968FAD2F9763969FADC9
:106C100063970F944A7F18160CF4CFC483E09EE666
:106C2000929D8001939D100D11240E5C184FF82A3F
:106C3000F801F5AA80E1FE017196AFE1B4E00190A0
:106C40000D928A95E1F727968FAD27972B969FADEA
:106C50002B972F96AFAD2F976396BFAD6397809319
:106C60001B0490931C04A0931D04B0931E0489A5DB
:106C70009DA5A9ADB9A980937A0590937B05A093B2
:106C80007C05B0937D05D801D6966D917D918D914F
:106C90009C91D9970F94B97727962FAD27972B966C
:106CA0003FAD2B972F964FAD2F9763965FAD6397B0
:106CB0000F94547F2B013C01F801E85BFF4F4082A9
:106CC00051826282738234968081882309F489C05C
:106CD00020917E0530917F0540918005509181057E
:106CE0006A966CAD7DAD8EAD9FAD6A970F94FA77C5
:106CF0004B015C01C0906D04D0906E04E0906F0475
:106D0000F09070040C5A1F4FA70196010F94FA7768
:106D1000A30192010F94547FF801608371838283F1
:106D2000938320E030E0A9016A966CAD7DAD8EAD15
:106D30009FAD6A970F94DE8018160CF040C4A50131
:106D40009401E1966CAD7DAD8EAD9FADE1970F9452
:106D5000FA77A70196010F94FA776B017C0120E086
:106D600030E44CE157E40F94DE8018163CF4C12C5B
:106D700020E4D22E2CE1E22E27E4F22EA701960188
:106D800060E074E284EF99E40F94547F4B015C015E
:106D900020E030E44CE956E4C701B6010F94DE80F0
:106DA00018160CF017C48EE6829D8001839D100D8D
:106DB00011240E5C184F7801FDE4EF0EF11C20E069
:106DC00030E040E850E4C501B4010F94FA770F9425
:106DD000CD7FD7016D937C93F801ED5AFF4F84E08E
:106DE000808309A51DA529AD39A94DAD5DA96EAD5D
:106DF00023967FAD2397A3968EAD9FADA3978E5C10
:106E0000984F0E94A2F88EE6829DF001839DF00DBE
:106E10001124EE5CF84F80899189A289B38981158C
:106E20009048A105B10518F485A9886085AB8FB796
:106E3000F8949091160E911193C4A0963FADA0972F
:106E40003093120E8FBFC358DF4F88819981AA817A
:106E5000BB81CD57D0408093100790931107A0932A
:106E60001207B0931307CF57DF4F288139814A812A
:106E70005B81C158D040209314073093150740938D
:106E8000160750931707E5968CAD9DADAEADBFAD1F
:106E9000E5978093180790931907A0931A07B0936A
:106EA0001B07AD962CAD3DAD4EAD5FADAD972093BC
:106EB0001C0730931D0740931E0750931F0789A19D
:106EC0009AA1ABA1BCA180932F0490933004A0930E
:106ED0003104B09332048DA19EA1AFA1B8A58093D7
:106EE000330490933404A0933504B0933604A796EA
:106EF0008CAD9DADAEADBFADA79780933704909399
:106F00003804A0933904B0933A04A996EEADFFADCE
:106F1000A99780819181A281B38180933B04909352
:106F20003C04A0933D04B0933E04F090130E809176
:106F3000120E8F198F70833040F11091120E1111C3
:106F400001C010E11150FEE61F9FC00111249C01F9
:106F50002E5C384F5901111101C010E111503EE66D
:106F6000139FC0011124AC014E5C584F6A019EE68C
:106F7000692EF11669F0D601D5960C9102FF7EC3F9
:106F80008091120E811B8F70F12E823008F4A3C005
:106F90003EE6F39EC0011124AC014E5C584F5A01ED
:106FA000F39450E1F51201C0F12CAEE6FA9EC00157
:106FB0001124FC01EE5CF84F6F018EE6882ED5019E
:106FC000D5968C91D59781FD5AC095964D905D9040
:106FD0006D907C909897F60195A0E6A007A110A56A
:106FE000292D3E2DA801C301B2010F944A7F87FFCE
:106FF00046C0A3019201C301B2010F94FA772B019D
:107000003C01D501D1966D917D918D919C91D49744
:1070100090589B01AC010F94557EF50125A536A52E
:1070200047A550A90F94FA779B01AC01C301B201A7
:107030000F94547E0F9423822B013C019B01AC01E1
:10704000692D7E2DC8010F944A7F87FF03C0492C0C
:107050005E2C38019201A301692D7E2DC8010F9489
:107060004A7F882361F0D601D5962C91C201D301C5
:10707000F60185A396A3A7A3B0A7216025ABD501F0
:10708000D5968C91D597F60195A9892B80FF14C0D0
:1070900005A116A127A130A595964D915D916D9101
:1070A0007C919897C5010E94A2F8D501D5968C9144
:1070B000D5978E7FD5968C93F394B0E1FB1201C0E7
:1070C000F12CF89CC00111248E5C984F2091120E77
:1070D0005601F21243C38091120E811101C080E16A
:1070E0008150EEE68E9FC00111249C012E5C384F2A
:1070F0007901D90195964D915D916D917C9198970B
:1071000009A51DA529AD39A9C7010E94A2F8F7015B
:1071100085A98E7F85AB80916F00826080936F0020
:107120000D940C2EA657B84F80E1EFE5F2E10D94D7
:10713000472E2091690430916A0440916B0450916C
:107140006C04A7966CAD7DAD8EAD9FADA7970D94E9
:10715000DD2E81E0808F0D948330A0909904B09053
:107160009A0400919B0410919C0453C8C501B4017A
:107170000F94F6774B015C01C701B6010F94F677C7
:107180009B01AC01C501B4010F94557E6B017C01DC
:1071900022966CAD7DAD8EAD9FAD22970F94F677A4
:1071A0009B01AC01C701B6010F94557E0F94238259
:1071B0002EE6229DF001239DF00D1124EE5CF84F88
:1071C00065A776A787A790ABC2C82A962CAD3DAD20
:1071D0004EAD5FAD2A97232B242B252B09F40EC12E
:1071E0006091910470919204809193049091940421
:1071F00029A53AA54BA55CA50F94FA770F94337F88
:107200000F94CD7F2B013C0180917E0590917F05ED
:10721000A0918005B09181058DA79EA7AFA7B8ABBF
:1072200020E030E0A901BC01CD010F94DE801816EA
:107230000CF0EDC020E030E0A90126966CAD7DADEC
:107240008EAD9FAD26970F94DE8087FDE0C022961D
:107250006CAD7DAD8EAD9FAD22979F7720E030E085
:1072600040E05FE30F944A7F87FFD1C08EE6829DA6
:107270008001839D100D11240258184F81E0D80120
:107280008C9320912F04309130044091310450911F
:10729000320469A17AA18BA19CA10F94547E69ABA1
:1072A0007AAB8BAB9CAB209133043091340440918A
:1072B0003504509136046DA17EA18FA198A50F943D
:1072C000547E4B015C012091370430913804409189
:1072D000390450913A04A7966CAD7DAD8EAD9FAD4B
:1072E000A7970F94547E6B017C0129A93AA94BA959
:1072F0005CA9CA01B9010F94FA7769AB7AAB8BAB81
:107300009CABA5019401C501B4010F94FA779B01D0
:10731000AC0169A97AA98BA99CA90F94557E4B0150
:107320005C01A7019601C701B6010F94FA779B0192
:10733000AC01C501B4010F94557E0F9423826B01FB
:107340007C0120913B0430913C0440913D045091DC
:107350003E04A996EEADFFADA9976081718182814F
:1073600093810F94547EA70196010F94547F6A96DF
:107370006CAF7DAF8EAF9FAF6A9720E030E040E406
:1073800050E40F94DE8018160CF49EC020E030E02C
:10739000A9016A966CAD7DAD8EAD9FAD6A970F94D5
:1073A000DE8018160CF042C06A962CAD3DAD4EAD95
:1073B0005FAD6A976DA57EA58FA598A90F94FA7702
:1073C0009B01AC016091B1047091B2048091B3044F
:1073D0009091B4040F94547F29A53AA54BA55CA5C0
:1073E0000F94FA770F94337F0F94CD7F6415750552
:1073F00086059705D8F42B013C0118C060911D0546
:1074000070911E0580911F0590912005F1CE8EE6AA
:10741000829DF001839DF00D1124E258F84F1082F7
:107420006A961CAE1DAE1EAE1FAE6A9710E000E05D
:10743000A396EEADFFADA397E00FF11FEE5CF84F02
:10744000C080D180E280F380C114D104E104F10452
:10745000A1F1F801EE57FA4F608171818281938129
:10746000641575058605970540F50F94B97729AD24
:107470003AAD4BAD5CAD0F94FA774B015C01C7019F
:10748000B6010F94BB779B01AC01C501B4010F9409
:10749000547F6B017C01C301B2010F94B9779B014A
:1074A000AC01C701B6010F944A7F87FF06C0C70130
:1074B000B6010F94CD7F2B013C010C5F1F4F0031B3
:1074C000110509F0B5CF01C9D8011C92AFCFC9A6EB
:1074D000DDA6E9AEF9AA21E02DABB1C927962FAD03
:1074E00027972B963FAD2B972F964FAD2F976396EF
:1074F0005FAD63976B966FAD6B976F967FAD6F9730
:10750000C8010F94547FEB966CAF7DAF8EAF9FAFE9
:10751000EB976B96EFAD6B97EDAF6F96FFAD6F97F7
:10752000FDAB0EAF23961FAF239704CAF7FAF09472
:10753000F7F8F094A5019401C701B6010F944A7FB2
:1075400087FF77CA7501640174CAC701B6010F9439
:107550004A7F87FD09C020E030E0A901C501B401E0
:107560000F94DE8018162CF4A5019401C701B60112
:107570005CCAB7FAB094B7F8B094A7019601C501F8
:10758000B4010F94DE8018160CF053CADBCF8EE6E0
:10759000829DF001839DF00D1124EE5CF84F85A9CA
:1075A000846085ABA9A5ADAFBDA5BDABE9ADEEAF20
:1075B000F9A92396FFAF2397BCCA81E030CB209175
:1075C000B1043091B2044091B3045091B404C701A6
:1075D000B601C1CB20E030E44CE156E4C701B6016E
:1075E0000F94DE801816D4F48EE6829D8001839D70
:1075F000100D11240E5C184F7801BDE4EB0EF11C48
:10760000A5019401C501B4010F94557E0F94CD7F5F
:10761000F70171836083369682E0E2CB20E03FEF92
:107620004FE757E4C501B4010F944A7F87FF19C0A3
:107630008EE6829D8001839D100D11240158184F04
:10764000C501B4010F94CD7FD8016D937C938EE674
:10765000829DF001839DF00D1124EB57F84F81E0DE
:10766000BFCB8EE6829DF001839DF00D1124E15881
:10767000F84F8FEF9FEF91838083E9CFF60171A4DC
:1076800082A493A4E4A4272D382D492D5E2D65A155
:1076900076A187A190A50F944A7F882309F451C051
:1076A00001FD44C0D50195962D903D904D905C9084
:1076B0009897A2019101672D782D892D9E2D0F9409
:1076C0004A7F18169CF5A2019101C201B1010F94E5
:1076D000FA771B012C01F60161A972A983A994A96B
:1076E00090589B01AC010F94557ED6019D962D912B
:1076F0003D914D915C91D0970F94FA779B01AC012D
:10770000C201B1010F94547E0F9423822B015C01BE
:107710009B01AC01672D782D892D9E2D0F944A7FFA
:1077200087FD04C0742C852C9A2CEB2C872D982D6A
:10773000A92DBE2DF60185A396A3A7A3B0A701602E
:1077400005AB111101C010E11150169DC0011124AB
:1077500056019C012E5C384F69010BCC6C012FCC7B
:107760008FBF0D940C2E4F925F926F927F928F92EB
:107770009F92AF92BF92CF92DF92EF92FF92CF9300
:10778000DF93CDB7DEB72C970FB6F894DEBF0FBEF0
:10779000CDBFC0906712D0906812E0906912F0904F
:1077A0006A128091631290916412A0916512B09157
:1077B000661240915F125091601260916112709157
:1077C00062124D835E836F83788789839A83AB834C
:1077D000BC83BE016F5F7F4FCE0105960E94024CB5
:1077E0004D805E806F8078842091610430916204C6
:1077F0004091630450916404C301B2010F94FA777D
:107800000F94928160931007709311078093120771
:107810009093130789809A80AB80BC802091650487
:10782000309166044091670450916804C501B40129
:107830000F94FA770F949281609314077093150751
:10784000809316079093170780910613882309F4F5
:107850008CC0A5019401C301B2010F943E6C9B0141
:10786000AC01C701B6010F94557E20916904309197
:107870006A0440916B0450916C040F94FA770F9452
:107880009281609318077093190780931A07909359
:107890001B0780916B1290916C12A0916D12B091A8
:1078A0006E1289879A87AB87BC8720916D043091CF
:1078B0006E0440916F0450917004BC01CD010F948F
:1078C000FA770F94928160931C0770931D07809341
:1078D0001E0790931F0740922F045092300460922D
:1078E0003104709232048092330490923404A09256
:1078F0003504B0923604C0923704D0923804E09236
:107900003904F0923A0489859A85AB85BC858093C9
:107910003B0490933C04A0933D04B0933E040F9429
:10792000AB5F10921B0410921C0410921D04109265
:107930001E04EFE1F4E080E1DF011D928A95E9F792
:107940002C960FB6F894DEBF0FBECDBFDF91CF915E
:10795000FF90EF90DF90CF90BF90AF909F908F906F
:107960007F906F905F904F900895209169043091BF
:107970006A0440916B0450916C04C701B6017DCF3D
:107980008F929F92AF92BF92CF92DF92EF92FF922F
:107990000F931F934B015C01EDEFF6E0E084F1845F
:1079A00002851385248135814681578160817181EB
:1079B000828193811F921F921F921F92E9E0CE2E27
:1079C000E7E0DE2E0F94A52D0F900F900F900F90F3
:1079D0001F910F91FF90EF90DF90CF90BF90AF90ED
:1079E0009F908F9008958F929F92AF92BF92CF9267
:1079F000DF92EF92FF920F931F934B015C01EFE533
:107A0000F2E1E084F1840285138524813581468189
:107A1000578160817181828193811F921F921F9291
:107A20001F92EBE6CE2EE2E1DE2E0F94A52D0F90F5
:107A30000F900F900F901F910F91FF90EF90DF909C
:107A4000CF90BF90AF909F908F90089560912E0E31
:107A500070912F0E8091300E9091310E0F94C67F51
:107A60002091570230915802261737070CF065C055
:107A70008091310590913205892BB9F10E94CD4852
:107A80008091120E8F5F803109F480E09091130E87
:107A9000981759F16091310570913205072E000C4D
:107AA000880B990B0F94BB779B01AC0160916B1213
:107AB00070916C1280916D1290916E120F94557EA0
:107AC00060936B1270936C1280936D1290936E1290
:107AD000109232051092310565E575E585ED9FE35D
:107AE0000F94F33C81E080935B0280915B028823DA
:107AF00011F161E080E00E94E55280916E128F9357
:107B000080916D128F9380916C128F9380916B1284
:107B10008F938FEC9DE59F938F9380EC9DE59F93D2
:107B20008F930E9496528DB79EB708960FB6F89421
:107B30009EBF0FBE8DBF0C94BA580E94B15348E14E
:107B400058E460E080E00E94925344E058E462E030
:107B500080E00E94925360ED77E080E090E00E9428
:107B600084FD0E94B1530C945AF72F923F924F928A
:107B70005F926F927F929F92AF92BF92CF92DF926D
:107B8000EF92FF920F931F93CF93DF9370916F1239
:107B9000711104C070917012772399F0DF91CF9129
:107BA0001F910F91FF90EF90DF90CF90BF90AF901B
:107BB0009F907F906F905F904F903F902F900C948C
:107BC000A74670918F03711109C0709177021092CE
:107BD00077027093900371E070938F0319016A012B
:107BE000C62FD92F982E8091310590913205892B7F
:107BF00009F471C00E94CD488091120E8F5F8031D0
:107C000009F480E09091130E981709F464C084E0A1
:107C1000C89F80011124F801E15AFD4E5F01609177
:107C2000310570913205072E000C880B990B0F94CB
:107C3000BB77F50120813181428153810F94557EBC
:107C40002B013C01B601DD0C880B990B0F94BB771F
:107C50006B017C01AC019B01C301B2010F944A7F0F
:107C6000F50187FD7DC04082518262827382B1013D
:107C7000330C880B990B0F94BB772B013C01C80187
:107C8000815A9D4E7C01A3019201FC0160817181AA
:107C9000828193810F94DE8018162CF4F7014082C4
:107CA000518262827382109232051092310563E62E
:107CB00072E18FE592E10E94AA4CF801EF51FD4F6D
:107CC00060817181828193810E94D1480F94F33C3D
:107CD00081E080935B0280915B02882311F161E077
:107CE00080E00E94E55284E0C89FF0011124E15A2F
:107CF000FD4E83818F9382818F9381818F938081C9
:107D00008F93DF939F9280EC9DE59F938F930E94CA
:107D10009652EDB7FEB738960FB6F894FEBF0FBE79
:107D2000EDBF8091BD03811104C080918E03882333
:107D300021F08091900380937702DF91CF911F9182
:107D40000F91FF90EF90DF90CF90BF90AF909F90FA
:107D50007F906F905F904F903F902F900C94BA5807
:107D6000C082D182E282F38282CF22ED30E050E005
:107D700040E062E08AEE9DE50D94B53D22ED30E0F5
:107D80004CEF5FEF61E087EE9DE50D94B53D2AEF86
:107D900030E050E040E060E084EE9DE50D94B53DBC
:107DA0004F925F926F927F928F929F92AF92BF920B
:107DB000CF92DF92EF92FF92CF9380E00F94770BF8
:107DC0006093100770931107809312079093130725
:107DD00081E00F94770B60931407709315078093DD
:107DE00016079093170782E00F94770B609318079C
:107DF0007093190780931A0790931B0783E00F94E1
:107E0000770B60931C0770931D0780931E07909358
:107E10001F0780E00F94850B60935F1270936012D0
:107E2000809361129093621281E00F94850B6093AE
:107E3000631270936412809365129093661282E0CD
:107E40000F94850B60936712709368128093691288
:107E500090936A1283E00F94850B60936B1270937A
:107E60006C1280936D1290936E128091061388238A
:107E700031F120916312309164124091651250915A
:107E8000661260915F127091601280916112909100
:107E900062120F943E6C9B01AC016091671270916D
:107EA00068128091691290916A120F94547E6093C7
:107EB0006712709368128093691290936A12C0914E
:107EC0007905CC2309F49AC0C0FF34C02091710514
:107ED00030917205409173055091740560915F1265
:107EE0007091601280916112909162120F94547E91
:107EF00060935F127093601280936112909362128C
:107F0000209175053091760540917705509178055F
:107F10006091631270916412809165129091661263
:107F20000F94547E60936312709364128093651271
:107F300090936612C1FF62C080905F1290906012B1
:107F4000A0906112B0906212C0906312D09064123F
:107F5000E0906512F09066122091690530916A05F3
:107F600040916B0550916C05C501B4010F94FA77EF
:107F70002B013C0120916D0530916E0540916F05FC
:107F800050917005C701B6010F94FA779B01AC01BF
:107F9000C301B2010F94557E2B013C012091610574
:107FA000309162054091630550916405C501B401AB
:107FB0000F94FA774B015C012091650530916605BD
:107FC0004091670550916805C701B6010F94FA7793
:107FD0009B01AC01C501B4010F94557E60935F1203
:107FE00070936012809361129093621240926312B8
:107FF0005092641260926512709266120E943A4A20
:1080000080E1EFE5F2E1AFE2B4E001900D928A95F4
:10801000E1F7CF91FF90EF90DF90CF90BF90AF90BE
:108020009F908F907F906F905F904F900895809178
:108030006F008D7F80936F000F94D03E81E080931E
:10804000160E80916F008D7F80936F009091120EBD
:108050008091130E981769F09091120E8091130E73
:108060009817A1F38091130E8F5F8F708093130E7A
:10807000EDCF10924F1210924E128FEF9FEF909310
:1080800046048093450410924204109241040F94D8
:10809000D30B80916F00826080936F0010921B045D
:1080A00010921C0410921D0410921E04EFE1F4E0E3
:1080B00080E1DF011D928A95E9F710921A0410926F
:1080C000190408958F929F92AF92BF92EF92FF9200
:1080D0000F931F93CF93DF93C82F109267121092C4
:1080E00068121092691210926A120F94B33B08E55D
:1080F00019E4C11102C007EF18E4C8010E944EBD87
:108100007C010E94E2FE4B015C011092320510924C
:108110003105E7010F948E2A81E00E94556E80910F
:10812000310590913205892BD9F162E370E080E04E
:1081300090E00E9484FD8091120E8F5F803109F4DF
:1081400080E09091130E981759F16091310570916C
:10815000320577FF03C0719561957109072E000CF8
:10816000880B990B0F94BB7720916712309168129E
:108170004091691250916A120F94557E6093671274
:10818000709368128093691290936A12109232056C
:108190001092310565E575E585E891E40F94F33CAF
:1081A0000E9429588823B1F10F9417401092160E9F
:1081B0000E9429588111FCCF6AE070E080E090E0D5
:1081C0000E9484FD0E9429588111FCCF41E060E0AB
:1081D00080ED98E40E944DC28F3FC1F181118DCF97
:1081E00080E090E0A6E5B3E4809367129093681274
:1081F000A0936912B0936A120F94B33B81E0DF91B0
:10820000CF911F910F91FF90EF90BF90AF909F90F3
:108210008F900895E114F10409F47CCF0E94E2FEEE
:10822000681979098A099B096938734181059105A3
:1082300008F470CF209709F4E801CE010E944EBDEA
:10824000EC010E94E2FE4B015C0164CF80E0D7CFDD
:1082500081E00C94C3530F931F93CF938C01C62FCF
:1082600080E00E94C3530E94B153A80161E080E006
:108270000E94925380E20E942D546C2F70E06F5F39
:108280007F4F072E000C880B990BCF911F910F91F8
:108290000C94665582ED9EE00E94AB5A83ED9EE001
:1082A0000C949E5A41E08091D412811101C040E0AB
:1082B000405D62E083E00E949E530E94F6B240E37C
:1082C000480F62E088E00E949E5362E08AE00E94CC
:1082D000E5520E94B2F762E080E10E94E55220E0A0
:1082E00030E040E05FE360912E0E70912F0E8091A0
:1082F000300E9091310E0F94557E0F94C67F7F9370
:108300006F9384EE99E49F938F930E9496520F90FF
:108310000F900F900F9008958A3020F0803120F454
:10832000895A0895805D089580E008950F931F9302
:10833000CF93DF93082FEB0190E024E0959587958C
:108340002A95E1F711E0009721F00F948C41899371
:1083500012E0802F8F700F948C418883812FDF91E2
:10836000CF911F910F910895803330F08A3330F010
:108370009FE9980F963020F080E00895805308958B
:1083800087550895CF93DF93EC01688180E00E94C8
:108390001CF169810E941CF16A81CB810E941CF151
:1083A0006C2FDF91CF910C941CF1CF93DF93EC01F4
:1083B0000F94C2416D810E941CF16E81CF810E9499
:1083C0001CF16C2FDF91CF910C941CF1CF93DF93B4
:1083D000EC01688349831B821A820F94C2418C830B
:1083E000DF91CF910895149A0895CF92DF92EF9282
:1083F000FF92CF93DF9369017A01CFE5D2E19B0130
:10840000AC016C857D858E859F850F94557E6C872C
:108410007D878E879F87C701B601DF91CF91FF903F
:10842000EF90DF90CF900D94F33C0F94F33C0D94BC
:10843000990BCF93DF93EC018AE998E60E94F35CF5
:108440008EED99E40E94F35CCE01DF91CF910C9404
:10845000E85E0C94F6B2893220E8920709F497C0DE
:1084600008F048C0863060E8960709F49AC030F5F5
:10847000833040E8940709F480C0A8F4813020E8F4
:10848000920709F417C1823040E8940709F473C0D9
:108490009C0186FF8EC02227327C2115324C09F0C8
:1084A0009EC08EE10895843060E8960709F467C0A5
:1084B000853020E8920761F784E208958A3040E829
:1084C000940709F45EC058F4883020E8920709F454
:1084D0006EC0893040E89407D9F685E008958C3065
:1084E00060E8960709F451C08D3020E8920781F6C4
:1084F00081E208958F3240E8940709F456C0E0F411
:108500008C3220E8920709F44EC058F48A3260E8B1
:108510009607C9F18B3220E8920709F0B9CF86E2BD
:1085200008958D3240E89407D1F18E3260E89607C5
:1085300009F0AECF82E20895873820E8920749F12A
:1085400058F4873460E8960729F08B3420E89207C6
:1085500009F09ECF84E00895873041E89407D9F070
:108560008B3061E89607C9F08B3820E8920709F054
:108570008FCF89E0089581E0089582E0089583E037
:10858000089586E0089587E008958AE208958BE2D1
:10859000089588E008958AE008958BE0089583E2C5
:1085A000089585E2089587E2089588E2089589E2B2
:1085B000089587FF07C02227327C2115324CA1F590
:1085C0008FE108952227317090FF52C0AC014427FB
:1085D000527C4115524C09F04BC080E208959C0139
:1085E00022273278232B09F067C09C012227347898
:1085F000232B09F063C09C0122273878232B09F034
:108600005FC09C0122273079232B09F05BC09C01BD
:108610002227307A232B09F057C08827907C892B9A
:1086200009F468C08FE008959C0122273278232B3B
:1086300009F04CC09C0122273478232B09F048C054
:108640009C0122273878232B09F044C09C01222763
:108650003079232B09F040C09C012227307A232B4C
:10866000E9F58827907C892B09F444C080E10895BE
:10867000232B09F43FC09C0122273278232B81F55C
:108680009C0122273478232B69F59C012227387816
:10869000232B51F59C0122273079232B39F59C019E
:1086A0002227307A232B21F58827907C892B11F102
:1086B00081E1089580E0089582E1089585E10895BB
:1086C00088E108958BE108958CE0089583E1089591
:1086D00086E1089589E108958CE108958DE008957B
:1086E00084E1089587E108958AE108958DE1089570
:1086F0008EE008958CE20895FF920F931F93CF931D
:10870000DF932091CF123091D0122130310539F40E
:108710002091F812213019F422E0209360050F9483
:108720002B42D82F80916005813009F457C048F062
:10873000823009F4E5C0DF91CF911F910F91FF9036
:10874000089584E0809378020D2F10E0F801E85B33
:10875000F54BC491FC2EF2944FE0F422CF7080E0F0
:108760000E94C3530E94B153000F111FF801EB5830
:10877000F54B25913491005D1949F801859194914B
:108780003F932F939F938F9384E99CE49F938F93C0
:108790000E9496524BEB56E662E080E00E949253B4
:1087A0000F900F900F900F900F900F90F110BCC092
:1087B00010E000E022E14FEC5AE4EC2FF0E0EE0F85
:1087C000FF1FE058F34B6591749181E0F11001C0F7
:1087D00080E00E9416BC81E08093600581E0809378
:1087E00030070F9452410F94D4180D2F10E0F80168
:1087F000E85BF54BC491DC2FD295DF708091580572
:10880000811109C081E0D11101C080E0809357053A
:1088100081E08093580580915605882341F081E0DE
:10882000D11101C080E08093570510925605209128
:1088300031053091320521153105B9F18091570587
:10884000DD2361F037FF06C0882369F081508093F3
:10885000570509C0823039F08F5FF9CF37FF3FC02D
:10886000811110925705809157054EE3811140E226
:1088700063E080E00E949E5380915705DD23A1F1C3
:108880004EE3813009F040E263E089E00E949E53AC
:1088900080915705823051F54EE363E082E10E94FA
:1088A0009E5310923205109231050E942958882358
:1088B00009F441CF80915705D1111AC0813079F563
:1088C000F801EE0FFF1FE251F64B859194910E9443
:1088D0004BC381E080935605109260052CCF813008
:1088E00009F4C1CF81E0B3CF8130B1F240E2D5CFFE
:1088F000823031F3813099F4D093180E809356056D
:1089000081E00E94C3530E945AF71092950510927D
:1089100098051092300782E080937802DDCFCF7007
:10892000C093180E81E0EACFEF2DF0E0EE0FFF1FAD
:10893000E058F34B459154910FEC1AE429E03DCFF8
:108940000F942B42E82FF0E0EE0FFF1FEB58F54B92
:1089500025913491233381E0380708F041C02D324E
:1089600081E0380778F52E37310509F483C0F0F43B
:108970002C36310509F485C030F42536310508F070
:1089800079C08FEF08952437310509F473C02D376E
:10899000310519F023373105A1F78091180E813088
:1089A00009F46DC0873069F788E00895233D3105EB
:1089B00009F46EC050F4293C310509F469C02A3C21
:1089C0003105F9F68091180E67C02D3D310509F487
:1089D0005FC02E3D3105B1F3243D310591F6F2CF54
:1089E000253F81E0380709F45CC0F8F4263481E0C3
:1089F000380758F4213481E0380720F727533140F5
:108A00002530310508F0BDCFDDCF2159314022306E
:108A1000310508F0B6CF8091180E833009F43FC0BD
:108A2000893009F0AECF87E00895293F81E038070B
:108A300049F270F4273F81E0380721F260F7809116
:108A4000180E833061F1883009F09BCF86E00895DD
:108A50002B3F81E03807A9F068F02C3F314009F046
:108A600090CF8091180E853089F0863009F089CF3B
:108A700085E008958091180E813009F082CF81E061
:108A800008958091180E8230D1F37BCF84E0089551
:108A90008091180E823061F0833009F072CF83E04C
:108AA00008958091180E823029F0843009F069CF42
:108AB00082E0089580E00895CF93DF93EC01609108
:108AC0002E0E70912F0E8091300E9091310E0F94DA
:108AD000C67F20915B1230915C12C901861B970BF7
:108AE000069724F0CE010E949A70E9CFDF91CF91D2
:108AF0000895CF93DF9300D000D01F92CDB7DEB79B
:108B0000873050F5673040F597E0EDEBF2E0DE019D
:108B1000119601900D929A95E1F746E050E0FA0126
:108B2000E61BF10921E030E02C0F3D1FE20FF31F9F
:108B3000208130E0481B5109C90102C095958795F5
:108B40004A95E2F7817027960FB6F894DEBF0FBE04
:108B5000CDBFDF91CF91089580E0F5CF60915405AE
:108B600070915505072E000C880B990B0F94BB775D
:108B70002091690430916A0440916B0450916C0417
:108B80000F94547F0E940C42109255051092540588
:108B900008952F923F924F925F926F927F928F92A1
:108BA0009F92AF92BF92CF92DF92EF92FF920F937C
:108BB0001F93CF93DF93CDB7DEB7C254D1090FB661
:108BC000F894DEBF0FBECDBF4C015B016A01322EAF
:108BD00019821C821C8E1F8E672B21F510E0CE019E
:108BE0004C960E94DA5BCE0101960E94DA5B812FDF
:108BF000CE5BDF4F0FB6F894DEBF0FBECDBFDF9167
:108C0000CF911F910F91FF90EF90DF90CF90BF9089
:108C1000AF909F908F907F906F905F904F903F901C
:108C20002F900895FC0183818111D8CFFA018081B2
:108C30008F32C1F4CA016C010196F60120812F32F6
:108C4000D1F3F50183818250823060F0618D728DA5
:108C5000CE014C960F94B41C8E01045E1F4F8111FF
:108C600002C0BCCF8501CE0101967C013C012E01E2
:108C70009CE1490E511C2396EFAE23972F2CFE0149
:108C8000F796CF010B96AF0120E22193E817F90781
:108C9000D9F7960190E067E0D9018D91882349F1D9
:108CA0008F3239F1282F8E3239F46A3009F496CF99
:108CB00098E06AE09D01F0CFEFE4FFE434913323C4
:108CC00021F031968313FACF89CF691708F486CF44
:108CD0003FED380F3E3508F081CF3FE9380F3A318C
:108CE00010F420EE280FFA01E90FF11D20839F5F99
:108CF000E1CF8FA9803209F471CF6901F901808138
:108D00002F5F3F4F8F32C9F38823D9F021E0B8019C
:108D1000C7010F942221882309F460CF0A151B058F
:108D200019F0C8010F945B1F942D852D6E147F04DC
:108D300021F023969FAD2397822D8701E92EF82EEF
:108D40009ECF232DB801C4010F942221182F47CFA5
:108D5000ECE6F6E14081518162817381480F591F31
:108D6000611D711D408351836283738308952F9227
:108D70003F924F925F926F927F928F929F92AF92AB
:108D8000BF92CF92DF92EF92FF920F931F93CF93F8
:108D9000DF9300D01F921F92CDB7DEB71C012A01CE
:108DA0003B0100E210E019829981892F90E09B83BA
:108DB0008A83801791079CF5880F991F880F991F48
:108DC0009D838C83820D931D9B838A83FC01C080CD
:108DD000D180E280F3808C819D810496820D931D69
:108DE0009D838C83FC0180809180A280B380A5014B
:108DF0009401C701B6010F94DE80181664F4EA816D
:108E0000FB8180829182A282B382EC81FD81C0824B
:108E1000D182E282F382F981FF5FF983C5CF0150ED
:108E2000110908F6F101E05CFF4F20813181428198
:108E30005381C301B2010F94FA776B017C0120E0EA
:108E400030E040E05FEB0F944A7F87FD10C020E0E8
:108E500030E040E05FE3C701B6010F944A7F181687
:108E60005CF4C12CD12CE12C8FE3F82E05C0C12C71
:108E7000D12CE12C9FEBF92EC701B6010F900F907A
:108E80000F900F900F90DF91CF911F910F91FF9056
:108E9000EF90DF90CF90BF90AF909F908F907F909A
:108EA0006F905F904F903F902F9008950E94E2FE48
:108EB00060939E1270939F128093A0129093A112C0
:108EC00008958091E412882369F08091E312882349
:108ED00049F081E198E60E94E85E8091E3128150BA
:108EE0008093E31208959F92AF92BF92CF92DF9248
:108EF000EF92FF920F931F93CF93DF93CDB7DEB71F
:108F0000E0970FB6F894DEBF0FBECDBF8C01E090A6
:108F1000CC12FE01319621E030E05F01F12C40E1FE
:108F2000C42ED12C50E2952EC701821B930BB601A3
:108F30000F940A7EDC01BB27A157BD4E9D968C91F4
:108F4000482F50E094E0559547959A95E1F796EFB4
:108F5000940F9630A8F1405D40838F7096EF980F84
:108F6000963080F1805D818392822F5F3F4F3396F0
:108F700021313105C9F618AA8AE998E60E94F35C06
:108F800084E998E60E94F35CC8010E94F35C8CE3DC
:108F900098E60E94F35CC5010E94C269E0960FB694
:108FA000F894DEBF0FBECDBFDF91CF911F910F911F
:108FB000FF90EF90DF90CF90BF90AF909F9008957B
:108FC000495ACACF895ACFCF9C019091A3129A30A7
:108FD00011F46093A21291509093A31291110DC0BD
:108FE000C9010F9473478DE298E60E94E85E8AE01B
:108FF0008093A3128091A212089580E00895CF93E8
:10900000DF93CDB7DEB72E970FB6F894DEBF0FBE55
:10901000CDBF2EE330E03A832983FE0133962CE066
:10902000DF011D922A95E9F7DE011296482FFC0117
:109030009D018E2F841B861740F4819190EE980F2E
:10904000903608F08EE28D93F4CFF901E60FF11D12
:1090500010824EE050E060EA78E6CE0101960F946F
:109060000C7B892B59F44EE050E0BE016F5F7F4FBF
:109070008FE792E10F949F83892B61F08AE998E64C
:109080000E94F35C84E998E60E94F35CCE010196AD
:109090000E94C2694EE050E0BE016F5F7F4F8FE7D4
:1090A00092E10F94AD832E960FB6F894DEBF0FBEFB
:1090B000CDBFDF91CF910895CF92DF92EF92FF92D3
:1090C0001F93CF93DF93CDB7DEB762970FB6F894B7
:1090D000DEBF0FBECDBF4E875F87688B798B8A8BD3
:1090E0004983852F511131C080E38A8311E0E1E08B
:1090F000E10F81E090E08C0F9D1F8E0F911DFC0110
:109100008A899AE29083811127C080E3818381E07C
:109110001E5F180FE1E0F0E0EC0FFD1FE10FF11D05
:109120008AE080831F5FFE0131967F016F01C10ECF
:10913000D11CEC14FD04B1F0F70181917F0161E7CE
:1091400072E190E00F94957BF4CFBE016E5F7F4F8C
:109150000F949641182FCBCFBF016F5F7F4F0F94B5
:109160009641D6CF612FCE0101960F94FF470F9401
:10917000564762960FB6F894DEBF0FBECDBFDF91A3
:10918000CF911F91FF90EF90DF90CF9008958F9235
:109190009F92AF92BF92DF92EF92FF920F931F9335
:1091A000CF93DF93CDB7DEB767970FB6F894DEBFE6
:1091B0000FBECDBF182F7B01D42E07E50B8B8C8BF8
:1091C0007E8B6D8BCE0143960F94C2418F8B0E87A1
:1091D0001F87F98AE88ACE010E960F94C2418A8BC6
:1091E0000983111127C080E38A8381E0E1E0E80F61
:1091F00021E030E02C0F3D1F2E0F311DF90190E2D0
:10920000908302E0080FAA24A394B12CAC0EBD1EDB
:10921000A00EB11CE114F10439F114E0C701882754
:10922000907F892B71F424E0EE0CFF1C2A95E1F766
:109230001150F4CFBE016E5F7F4F812F0F94964186
:10924000D5CF4501882D8A19811790F48F2D8295ED
:109250008F7094E0EE0CFF1C9A95E1F70F948C410F
:10926000F40181934F01EECF80E3F501808311E09B
:10927000100FE1E0F0E0EC0FFD1FE10FF11D8A8916
:109280009AE29083811121C080E3818381E01F5F96
:10929000180FE1E0F0E0EC0FFD1FE10FF11D8AE097
:1092A00080831F5F9E012F5F3F4F79015901A10EFF
:1092B000B11CEA14FB0479F0F70181917F0161E7A9
:1092C00072E190E00F94957BF4CFBF016F5F7F4F09
:1092D0000F949641DCCF612FCE0101960F94FF478A
:1092E0000F945647D092921267960FB6F894DEBF4D
:1092F0000FBECDBFDF91CF911F910F91FF90EF90E7
:10930000DF90BF90AF909F908F9008952091DD12D5
:109310002F5F2093DD12223078F430E0F901E55D13
:10932000F749849125523D4EF901608170E049E092
:109330000F94C74880E0089581E008958F929F922E
:10934000AF92BF92CF92DF92EF92FF92CF93DF93D3
:1093500021E436E13093410E2093400E10925D16C9
:1093600042E050E060E070E04093461650934716AC
:10937000609348167093491610923F0E10923B0E60
:1093800010923C0E10923D0E10923E0E4FEF5FEF8A
:10939000BA014093370E5093380E6093390E709394
:1093A0003A0E882309F470C040E060E070E0CB0121
:1093B0000F94F81A81110DC0C0E08C2FDF91CF916E
:1093C000FF90EF90DF90CF90BF90AF909F908F90E5
:1093D0000895809101108F7779F780910D10909109
:1093E0000E10A0910F10B091101084369105A105B8
:1093F000B10510F3C0900910D0900A10E0900B1046
:10940000F0900C10C114D104E104F104A9F240E081
:10941000C701B6010F94F81AC82F882369F280910A
:109420004E0E90914F0E8115924031F6A091530E41
:10943000AA2311F26091510E7091520E61157105BF
:1094400009F4BACF2091500E222309F4B5CFA0938E
:10945000581620934A1690E080E030E0E1E0F0E01A
:10946000D82FAF01082E02C0440F551F0A94E2F70F
:109470002417350769F041E0480F019689309105BE
:1094800079F74093531698CFC12CD12C7601BFCFDA
:10949000809353162091590E30915A0E50E040E0BF
:1094A0002115310541F42091670E3091680E4091ED
:1094B000690E50916A0E20934B1630934C164093D0
:1094C0004D1650934E1646015701860E971EA11C4D
:1094D000B11C8092591690925A16A0925B16B092C7
:1094E0005C16E091540EF091550EF0935F16E093E8
:1094F0005E16B0E00F94C27DDC01CB01880D991D92
:10950000AA1DBB1D8093601690936116A0936216EE
:10951000B093631625E0EE0FFF1F2A95E1F7E150A7
:10952000FE4FEF2FFF27E6958E0F9F1FA11DB11D48
:109530008093541690935516A0935616B0935716D1
:109540008090560E9090570EB12CA12C811491044E
:1095500041F48090630E9090640EA090650EB090E0
:10956000660EC81AD90AEA0AFB0AC80CD91CEA1CFA
:10957000FB1C04C0F694E794D794C794DA95D2F70D
:10958000C0924F16D0925016E0925116F092521699
:1095900085EFC8168FE0D806E104F10420F48CE0D2
:1095A00080935D1609CF80E125EFC2162FEFD2061A
:1095B000E104F10488F080916F0E9091700EA091FB
:1095C000710EB091720E8093601690936116A09305
:1095D0006216B093631680E280935D16EECE0F9311
:1095E0001F936091811670918216809183169091DD
:1095F00084160091370E1091380E2091390E30915B
:109600003A0E601771078207930739F140E00F9413
:10961000F81A8823F9F0209185163091861640912A
:109620007516509176166091771670917816421BD8
:10963000530B61097109413092E0590761057105C9
:1096400020F040E052E060E070E04D5B514F9AE066
:10965000FA0190831F910F91089581E0FBCF20E0E4
:1096600030E040EA52E460E070E080EA92EC0D9471
:10967000F5419091FF1291FD17C08823A9F092FD4A
:1096800013C00F94F34180915B1290915C12909300
:10969000F4128093F3128091FF1284608093FF1282
:1096A0008DE095E60D94194208958091FF1280FF98
:1096B00045C085E295E60F9419428091EB12909196
:1096C000EC12A091ED12B091EE124091E712509180
:1096D000E8126091E9127091EA1240935F12509380
:1096E0006012609361127093621280936312909380
:1096F0006412A0936512B093661260E070E088E493
:1097000092E40F9415428091EF129091F012A09183
:10971000F112B091F2128093671290936812A093A5
:109720006912B0936A1260E070E080E791E40F94F0
:1097300015428091FF128E7F8093FF1208950F9340
:109740001F93CF939091FF12911172C0C82F8AEF8F
:1097500094E60F9419420F94F3410F94990B809162
:109760005112811102C00E943247CC2309F460C01B
:109770008091FF1281608093FF1280916712909117
:109780006812A0916912B0916A12409163125091CF
:109790006412609165127091661200915F121091CF
:1097A000601220916112309162120093E7121093BF
:1097B000E8122093E9123093EA124093EB1250938F
:1097C000EC126093ED127093EE128093EF1290936F
:1097D000F012A093F112B093F21260E070E080EA10
:1097E00091E40E94205080910D07882309F1809117
:1097F0000E078823E9F080E090E0AAEFB2E48093BE
:109800005F1290936012A0936112B0936212109253
:10981000631210926412109265121092661260E048
:1098200070E088E492E4CF911F910F910D9415425E
:10983000CF911F910F910895EF92FF920F931F9375
:10984000CF93DF931F921F92CDB7DEB7F82EE62E8F
:1098500080E197E29A8389838A01169507958F2D77
:109860000E9473B10150110978F028EC30E0AE018C
:109870004F5F5F4F68EE73E08F2D0E9442B06E2DF8
:109880008F2D0E948CB1EECF6E2D8F2D0E9473B163
:109890000F900F90DF91CF911F910F91FF90EF905C
:1098A0000895EF92FF920F931F93CF93DF93CDB75D
:1098B000DEB72F970FB6F894DEBF0FBECDBF109264
:1098C0008D120FE812E1EE24E394F12CD8011196E9
:1098D000FC92EE9212961C92129782E813968C9349
:1098E00040E060E084E992E10F94E64140E060E00E
:1098F00089E992E10F94E641F8011786108A118AEE
:10990000128A138A8AE0848B40E060E0CE010196DF
:109910000F94E64185E0FE013196DE011696019036
:109920000D928A95E1F785E0FE013696A4EAB2E150
:1099300001900D928A95E1F7D8015A961C925A9798
:109940005C961C921E925B9784EA92E10F94D5413B
:10995000F801818F158E168E40E060E08EEA92E16C
:109960000F94E641D80194961C9240E060E0CE014D
:109970000B960F94E64185E0FE013B96DE011196C1
:1099800001900D928A95E1F785E0FE013196A4EBF6
:10999000B2E101900D928A95E1F7F80112A614A6A2
:1099A00013A684EB92E10F94D541D80199968C933C
:1099B0009997DD961C92DD978EE892E1DF969C9355
:1099C0008E93DE97F092D012E092CF121092D112C5
:1099D0001FEF1093D2120F9429428093D31210924A
:1099E000D4121092D5121092D6121092D812109250
:1099F000D7121092DA121092D9121092DD12109230
:109A0000DE121092DF121092E01283E08093E312D4
:109A10001092E41285E08093DB1284E18093DC12E3
:109A200083E68093E5128093E6121092E71210927B
:109A3000E8121092E9121092EA121092EB121092B0
:109A4000EC121092ED121092EE121092EF12109290
:109A5000F0121092F1121092F2121092F41210926F
:109A6000F3121092F5128EE290E89093F712809321
:109A7000F6121093F8121093F9121092FB12109232
:109A8000FA121093FC1282E08093FD121092FE12E3
:109A90001092FF12109200131092011310920313F0
:109AA0001092021310920513109204130F94276260
:109AB000E2EDF3E110925A1410925D1410927F14AB
:109AC0001092821489E180934116109244161092EC
:109AD000451610925D161092641610926716109239
:109AE000E5161092E7161092E6161092761510926F
:109AF00075151092E1161092E2161092E31610926C
:109B0000E4161092E8161092E9161092EA161092D6
:109B1000EB16128213821082118210927415109229
:109B20008716E2EAF4E182EDDF011D928A95E9F7FA
:109B300010922314109222141092211485EE96E1B3
:109B40000E9444FFEBECF3E1118212821382148233
:109B5000158216821083EEEEF6E1158217821682C8
:109B60000E94E2FE6093F7167093F8168093F91640
:109B70009093FA162F960FB6F894DEBF0FBECDBFA6
:109B8000DF91CF911F910F91FF90EF90089542E0E8
:109B90000E94755C0C94EB5C8091E512833609F4AD
:109BA0008FEF089588EA98E60E94F35C60E08CEA03
:109BB0009CE00E948C5A813021F48EE992E60C944C
:109BC000E85E8AE992E6FBCFBC01990F880B990BFE
:109BD0000E94595C0C94EB5CCF93C82F8093E512E4
:109BE0008AE998E60E94F35C8EE898E60E94F35CAE
:109BF00084E898E60E94F35C8C2F90E0CF910D945E
:109C0000E44D289A08950F931F93CF93DF93EC01AF
:109C10000E94E2FE8B010F943C198F3F69F00E9475
:109C2000E2FE601B710B6C177D07A8F380E0DF91EB
:109C3000CF911F910F91089581E0F9CF84E696E1CD
:109C40000F94261F84E696E10F945B1FE2EDF3E18B
:109C5000108211820895CF92DF92EF92FF920F93BC
:109C60001F93CF93DF93EB01182F092FF894809166
:109C7000D413882309F4D8C08091461290914712DA
:109C8000A0914812B09149128093421290934312CE
:109C9000A0934412B09345120F94E82CC090421246
:109CA000D0904312E0904412F0904512C81AD90A9D
:109CB000E108F108C0924212D0924312E09244129D
:109CC000F09245120E94325BC81AD90AE108F108E5
:109CD000C0924212D0924312E0924412F092451286
:109CE0001092790220917012F0906F122111F22ED1
:109CF00080914E1290914F12009709F4D1C021111A
:109D0000CFC020916F122111CBC0FC01E85AFF4F48
:109D100020E1AEE7B2E001900D922A95E1F7FC0157
:109D2000E659FF4F2081318130934D1220934C1220
:109D300088599F4FFC018081918190934B128093B1
:109D40004A120F94174080E1EFE5F2E1A0E9B2E09A
:109D500001900D928A95E1F7FF2061F080E090E09C
:109D6000A0E8BFEB8093900290939102A09392029F
:109D7000B093930280918E0290918F0290935E1225
:109D800080935D1280915B1290915C1290935A12B5
:109D900080935912809157128093561280915512D8
:109DA00083FB882780F9809354128091531280930B
:109DB00052120E945D671092D41381E08093511279
:109DC0000F94D30B789420E030E0A901F8016C2FB8
:109DD0007D2F8F2F902F0F944A7F8823E1F0809161
:109DE0005412811105C061E088E294E60E94F5708A
:109DF0000F931F93DF93CF9388E194E69F938F9304
:109E00000E94C37181E0809350120F900F900F90C9
:109E10000F900F900F90DF91CF911F910F91FF90B6
:109E2000EF90DF90CF90089580913F128823B1F199
:109E300080913B1290913C12A0913D12B0913E1244
:109E40008093421290934312A0934412B093451210
:109E50000F94E82C409142125091431260914412A9
:109E600070914512481B510961097109809139129D
:109E700090913A12092E000CAA0BBB0B481B590BF0
:109E80006A0B7B0B4093421250934312609344122F
:109E90007093451281E08093790224CF82E0FBCF5A
:109EA00080E090E0A0E8BFEB80937E0290937F0279
:109EB000A0938002B093810260917A0270917B023C
:109EC00080917C0290917D020F94CD7F70934D1212
:109ED00060934C1210924B1210924A1232CF809122
:109EE0003812811122C081E08093381261E080E055
:109EF0000E949EBB8DE798E60E94F35C83EE93E69A
:109F00000E94E85E81E992E60E943DBB9FB7F8940B
:109F1000809102018460809302019FBF0E945AF7E2
:109F20008091371281608093371208950F931F93A9
:109F3000CF93DF93EC010F94EB7A8C01803691057F
:109F400008F085C080915012811105C00E94725B9B
:109F500081E08093501240913512509136128091D9
:109F60004610909147104817590741F42091391233
:109F700030913A12121613060CF469C02091441065
:109F800030914510121613060CF041C09C012F5958
:109F90003F4F84179507E8F544505109401B510B7A
:109FA000421753070CF453C05093361240933512A6
:109FB0008091351290913612FC01E85BFF4E23E050
:109FC0002083BE01855B9F4E0F94E47A8091391205
:109FD00090913A12019690933A12809339128AE93D
:109FE00098E60E94F35C84E698E60E94F35C809118
:109FF000351290913612855B9F4E0E94B66982E6BB
:10A0000098E6DF91CF911F910F910C94E85E9C012F
:10A01000C0CFC80104964817590728F04450510989
:10A02000401B510BC1CF89EE91E0BC01601B710B4D
:10A030008B01621773075CF070E060E088E490E1E8
:10A040000F945F831093361200933512B1CF8DE7D2
:10A0500098E60E94F35C84E698E60E94F35CCE01E9
:10A060000E94F35C8BE498E6CCCFAB01BC0184E6A4
:10A0700096E10F947D1D811102C080E0089584E671
:10A0800096E10F94041D8823C1F320918516309129
:10A0900086162D5B314F3093801620937F160895DE
:10A0A0008F929F92AF92BF92CF92DF92EF92FF92E8
:10A0B0000F931F93CF93DF93CDB7DEB7EE970FB615
:10A0C000F894DEBF0FBECDBF809122148F93809194
:10A0D00021148F9386E098E69F938F938E010F5DF6
:10A0E0001F4F1F930F930F94447C0F900F900F906E
:10A0F0000F900F900F90F12CF80101900020E9F7DC
:10A100003197E01BF10BFE1684F46801CF0CD11CD3
:10A11000F7FCDA94F6018081082E000C990B0F945D
:10A120004183F6018083F394E7CF8AE594E10E94AE
:10A13000D55BA12CCE0101967C018CEDC82E83E667
:10A14000D82E80915D14823008F450C08091621442
:10A1500090916314A0916414B09165148F71992744
:10A16000AA27BB27892B8A2B8B2B09F03FC050E0F5
:10A1700040E0B7018AE594E10F94BA201816B4F5CF
:10A18000B12CF70101900020E9F73197EE19FF0992
:10A19000BE1674F447018B0C911CB7FC9A94F40121
:10A1A000808190E00F944183F4018083B394E9CFE0
:10A1B0008A858E3731F245E050E0B801C7010F942F
:10A1C0009F83892B09F0BDCF1F930F93DF92CF920E
:10A1D0000E94C37161E088ED93E60E94F5700F90D4
:10A1E0000F900F900F90AA24A394ABCF8FEF9FEF07
:10A1F000AA2029F080912114909122140196909325
:10A20000221480932114EE960FB6F894DEBF0FBE91
:10A21000CDBFDF91CF911F910F91FF90EF90DF9015
:10A22000CF90BF90AF909F908F9008958F929F9204
:10A23000AF92BF92CF92DF92EF92FF920F931F9354
:10A24000CF93DF9300D01F92CDB7DEB7FC0183819F
:10A25000813011F080E060C0818181FFFBCF818976
:10A260009289A389B489892B8A2B8B2B09F46EC020
:10A270007F0140E050E0BA01CF010F947D1D88239B
:10A2800049F3F701C18CD28C85889688A788B08C59
:10A2900082E090E0A0E0B0E0F60180839183A283A9
:10A2A000B3839E012F5F3F4FB501A401C6010F94F8
:10A2B000C71B882379F200E010E09801B501A401E2
:10A2C000C6010F94351B882329F289809A80AB80C0
:10A2D000BC80F6018789803181F5F8EF8F16FFEF9A
:10A2E0009F06A104B104E8F2F701158A168A178ABD
:10A2F000108E118A128A138A148A81818068818360
:10A30000C7010F94261F882309F4A4CF40E050E032
:10A31000BA01C7010F947D1D0F900F900F900F9001
:10A32000DF91CF911F910F91FF90EF90DF90CF9031
:10A33000BF90AF909F908F90089588EF88168FEF11
:10A340009806A8068FE0B80678F6ABCF81E0E4CF98
:10A350002F923F924F925F926F927F928F929F9235
:10A36000AF92BF92CF92DF92EF92FF920F931F9323
:10A37000CF93DF93CDB7DEB7C657D1090FB6F894A8
:10A38000DEBF0FBECDBF4C016B013A01E5962FAF8A
:10A39000E597502E2DB63EB6102F11708091420ECB
:10A3A0008F5F8093420EFB0180859185A285B385E6
:10A3B0008093E7139093E813A093E913B093EA1303
:10A3C000412C5E01F7E6AF0EB11CF60183818230AD
:10A3D00008F4C0C180859185A285B3858F719927C6
:10A3E000AA27BB27892B8A2B8B2B09F0B3C110928C
:10A3F000EB134BEE53E1BE01695B7F4FC6010F9437
:10A40000BA2018160CF0A6C18091420E873008F0D1
:10A41000A1C128968FAD2897882309F49BC1853E5A
:10A4200009F439C18E3209F436C18091EB138E32B2
:10A4300009F431C163968FAD6397982F9A7009F034
:10A440002AC1887191E0803119F090E0803131F4B7
:10A45000E596FFADE597FF2309F494C0909320148F
:10A46000803161F060968FAD6097873409F013C139
:10A4700061968FAD61978E3709F40DC1E596FFADFA
:10A48000E597F13009F41BC1F23009F425C1BE0192
:10A49000695B7F4F86ED93E10E94BF5BC4010E9420
:10A4A000B66986ED93E10E94B66980E20E94E05BA6
:10A4B000A7966CAD7DAD8EAD9FADA7974AE00E948B
:10A4C000F45B51FE45C0A1962EAD3FADA1973093F0
:10A4D000E6132093E5136F964EAD5FAD6F975093E3
:10A4E000E4134093E31369968EAD9FAD69972817E7
:10A4F000390750F02817390799F467962EAD3FAD0C
:10A5000067974217530760F49093E6138093E5131F
:10A5100067968EAD9FAD67979093E4138093E31396
:10A520008091E6138F938091E5138F938091E413CC
:10A530008F938091E3138F9323EE37E63F932F930E
:10A540000F94EF7B0F900F900F900F900F900F9044
:10A55000112399F08091EB13882309F4BAC08BEE94
:10A5600093E19F938F93EDEDF7E6FF93EF930F94B5
:10A57000EF7B0F900F900F900F900E94EB5C0F9469
:10A580008E2A89C02DB73EB7E7963FAF2EAFE7972B
:10A59000BE01695B7F4FC5010E94BF5BF4018081F2
:10A5A000882309F486C001900020E9F73197E81963
:10A5B000F909D5010D900020E9F7EA19FB09EA0F26
:10A5C000FB1F31962DB73EB72E1B3F0B0FB6F894ED
:10A5D0003EBF0FBE2DBFEDB7FEB731967F0167EFCF
:10A5E00072E08111B401C7010F949883B501C701CE
:10A5F0000F94798367EF72E0C7010F947983112379
:10A60000A9F08091EB13811157C0C5019F938F93DF
:10A61000FF92EF9222EF37E63F932F930F94EF7B59
:10A620000F900F900F900F900F900F901CA21FA2F1
:10A6300021E0A501B601CE0184960F94C94583E2BD
:10A64000FE01B496DE01119601900D928A95E1F714
:10A6500010FB50F8052D20E050E040E0BE016F5F98
:10A660007F4FC7010F94A851CE0101960E94DA5B7B
:10A67000112321F089EE97E60F94167CCE01849683
:10A680000E94DA5BE796EEADFFADE7970FB6F89460
:10A69000FEBF0FBEEDBFF60180859185A285B38513
:10A6A0008093E7139093E813A093E913B093EA1310
:10A6B0008CCEE1E0F0E07DCF8BEE93E1A7CF8091EF
:10A6C000EC169091ED1601969093ED168093EC1692
:10A6D000E2CF86ED93E145CFBE01695B7F4F86ED0A
:10A6E00093E10E94BF5BA1962EAD3FADA197309341
:10A6F000E6132093E5136F964EAD5FAD6F975093C1
:10A70000E4134093E31369968EAD9FAD69972817C4
:10A71000390750F02817390799F467962EAD3FADE9
:10A7200067974217530760F49093E6138093E513FD
:10A7300067968EAD9FAD67979093E4138093E31374
:10A740006114710459F166ED73E1C3010F946683DE
:10A75000892B59F58091420E81508093420E0FB69D
:10A76000F8943EBE0FBE2DBECA58DF4F0FB6F89408
:10A77000DEBF0FBECDBFDF91CF911F910F91FF9034
:10A78000EF90DF90CF90BF90AF909F908F907F9091
:10A790006F905F904F903F902F9008958091EC16AE
:10A7A0009091ED1648161906A9F2439474CFCF92F2
:10A7B000DF92EF92FF920F93CF93DF93CDB7DEB787
:10A7C000A3970FB6F894DEBF0FBECDBF6C018DE727
:10A7D000E82E84E1F82E8FE794E1D7018D939C93C6
:10A7E0001092ED161092EC160E94D55B00E00E7FE1
:10A7F0000D7FD701ED91FC9183E2DE01119601906E
:10A800000D928A95E1F722E0A601BE016F5F7F4FAE
:10A8100080EE92E00F94A851CE0101960E94DA5B7F
:10A82000A3960FB6F894DEBF0FBECDBFDF91CF91D8
:10A830000F91FF90EF90DF90CF900895EF92FF92ED
:10A840000F93CF93DF93CDB7DEB7A3970FB6F894EE
:10A85000DEBF0FBECDBF2DE7E22E24E1F22E2FE7A3
:10A8600034E1D7012D933C931092ED161092EC1623
:10A87000B0E0A0E0AC01BD01E5E0440F551F661F4C
:10A88000771FEA95D1F7C9010F947D1D00E00E7F77
:10A890000D7FD701ED91FC9183E2DE0111960190CD
:10A8A0000D928A95E1F722E050E040E0BE016F5F33
:10A8B0007F4F80EE92E00F94A851CE0101960E9446
:10A8C000DA5BA3960FB6F894DEBF0FBECDBFDF9163
:10A8D000CF910F91FF90EF900895CF92DF92EF927A
:10A8E000FF920F93CF93DF93CDB7DEB7A3970FB649
:10A8F000F894DEBF0FBECDBF8DE7C82E84E1D82E01
:10A900008FE794E1D6018D939C932CEEE22E26E105
:10A91000F22EF701118210820E94D55B00E00E7FBB
:10A920000D7FD601ED91FC9183E2DE01119601903D
:10A930000D928A95E1F721E050E040E0BE016F5FA3
:10A940007F4F80EE92E00F94A851CE0101960E94B5
:10A95000DA5BF70180819181A3960FB6F894DEBF90
:10A960000FBECDBFDF91CF910F91FF90EF90DF90A1
:10A97000CF900895CF93DF938FE20E94E05BC0E019
:10A98000D9E080917415C81760F4CD9FC0011124DF
:10A990008C5D9B4E0E94B6698FE20E94E05BCF5FA8
:10A9A000F0CF8091EB13811106C086ED93E1DF912A
:10A9B000CF910C94B6698BEE93E1F9CFCF92DF92F1
:10A9C000EF92FF926B017C0188EA9CE00F94357D49
:10A9D000AB01BC014C0D5D1D6E1D7F1D88EA9CE026
:10A9E000FF90EF90DF90CF900D94837DCF93DF9316
:10A9F000EC010F94357D6F3F2FEF720782079207AE
:10AA000049F440E050E0BA01CE010F94837D60E04C
:10AA100070E0CB01DF91CF9108950F931F93CF93F7
:10AA2000DF930F94EF4A882339F120917F163091FC
:10AA30008016E9011BEF88818B3351F5FE0161918E
:10AA40006A30E9F7EF01CF0183549E408130924094
:10AA5000E4F0CE01821B930B01970F94A84684E685
:10AA600096E10F94041D882339F00F94EF4A23E4F4
:10AA70003EE0E9018111E2CF83E490E190938016FA
:10AA800080937F16CFEFDFEF34C01150C1F52197CF
:10AA9000CE01821B930B01960F94A846CE0101961E
:10AAA000C881D0E000916C1610916D1620916E1641
:10AAB00030916F1640917516509176166091771609
:10AAC000709178160417150726073707A8F69C011A
:10AAD00023543E402115324044F084E696E10F9421
:10AAE000041D882349F283E49EE0909380168093AE
:10AAF0007F16CE01DF91CF911F910F91089588812C
:10AB00008B3309F498CFC3CF2F923F924F925F922D
:10AB10006F927F928F929F92AF92BF92CF92DF926D
:10AB2000EF92FF920F931F93CF93DF93CDB7DEB7D2
:10AB3000ED970FB6F894DEBF0FBECDBF109276151D
:10AB4000109275151092401610923F1680910301D5
:10AB500080FDF1C089E09FE00F942D7D382E82E0CA
:10AB6000809378020F946D546C01009709F4E0C053
:10AB70008536910570F032E0331641F08091340E45
:10AB8000811104C080E492E60E944BC3F4E6CF2E0C
:10AB9000D12CD0927615C092751567E7662E65E1C7
:10ABA000762EF12CE12C7FE7A72E74E1B72E8824B6
:10ABB0008394912C8091030180FDBDC00F948E2A57
:10ABC000E114F10409F0D0C090E080E00F94D75375
:10ABD0008091E7139091E813A091E913B091EA13E3
:10ABE00055E0B695A795979587955A95D1F7F301B6
:10ABF000819391933F01FFEFEF1AFF0ACE14DF0418
:10AC0000C9F621E0E216F10409F492C032E03316ED
:10AC100009F48EC02091340E21118AC09093401601
:10AC200080933F16EE9CC001EF9C900D900D112477
:10AC300062E372E6969587950E94C05539E7A32E88
:10AC400035E1B32E912C812CCC24C394D12CC4019A
:10AC50000E94D2548C0C9D1CF5010190F081E02DD6
:10AC6000F9AFE8AFCF010F941E548091EB1366ED5E
:10AC700073E1882311F06BEE73E1CE0101960F941E
:10AC800098836090E5137090E6132091E313309160
:10AC9000E4133BAF2AAF20902014BFAAAEAA8601CE
:10ACA0008091030180FD47C00F948E2AC80101974F
:10ACB0009DAF8CAFEEA9FFA952904290FFABEEABD7
:10ACC000C2010F941E548091EB1366ED73E188234B
:10ACD00011F06BEE73E131108AC0809120142812BC
:10ACE00083C08091E5139091E6136816790609F008
:10ACF0006CC08091E3139091E4132AAD3BAD8217B1
:10AD0000930708F066C0000F111FF801E958FA4ECA
:10AD100028AD39AD318320833FEFC31AD30A82E0D7
:10AD2000A80EB11CEC14FD0409F091CF0E94F3545D
:10AD300081E080937802ED960FB6F894DEBF0FBEE7
:10AD4000CDBFDF91CF911F910F91FF90EF90DF90DA
:10AD5000CF90BF90AF909F908F907F906F905F90BB
:10AD60004F903F902F9008954091E7135091E81332
:10AD70006091E9137091EA13B0927E14A0927D1451
:10AD80009092ED168092EC168FE794E10F947D1D62
:10AD90001E7F1D7FE0917D14F0917E1483E2DE0121
:10ADA000119601900D928A95E1F7012F22E050E073
:10ADB00040E0BE016F5F7F4F80EE92E00F94A8519C
:10ADC000CE0101960E94DA5B03CF8615970508F441
:10ADD0009ACFEEA9FFA9538242820CAD1DAD011599
:10ADE000110509F05DCF8FCF222099F38CCF31E090
:10ADF0003312EFCF80912014281207C0CE010196A4
:10AE00000F94668397FDE5CF7ECF2110E2CF7BCFF5
:10AE1000CF92DF92EF92FF920F931F93CF93DF9326
:10AE2000CDB7DEB7A3970FB6F894DEBF0FBECDBF88
:10AE30007C01062F19821C82809182149FE7C92E03
:10AE400094E1D92E811104C08AE5C82E84E1D82E60
:10AE500021E0A701B601CE0101960F94C945182F34
:10AE6000882321F180917415853000F529E0829FB7
:10AE7000C0011124B7018C5D9B4E0F949883C701CC
:10AE80000F94BC8380917415863080F183E2FE01BB
:10AE90003196AFE7B4E101900D928A95E1F7002376
:10AEA00009F44CC00F948455102F0CC08AE998E621
:10AEB0000E94F35C82EC93E60E94F35CC7010E945F
:10AEC000C26910E0CE0101960E94DA5B812FA39641
:10AED0000FB6F894DEBF0FBECDBFDF91CF911F91AB
:10AEE0000F91FF90EF90DF90CF9008958F5F809348
:10AEF000741593E28150C8F0282F30E0A9014F5F0C
:10AF00005F4F949FD001959FB00D1124AE55BB4E5D
:10AF1000929FF001939FF00D1124EE55FB4E292FC7
:10AF200001900D922A95E1F7E5CF83E2F601A2EABE
:10AF3000B4E101900D928A95E1F7A8CF81E080936A
:10AF40002314C0CF93E2EAE5F4E1AFE7B4E1019066
:10AF50000D929A95E1F7109274152FE734E1309332
:10AF60007E1420937D1481110D94845581E080938B
:10AF7000231408958F929F92AF92BF92CF92DF9247
:10AF8000EF92FF920F931F93CF93DF93CDB7DEB76E
:10AF90002D970FB6F894DEBF0FBECDBF2AE534E182
:10AFA00030937E1420937D14DC01ED91FC91309759
:10AFB000A1F481E02D960FB6F894DEBF0FBECDBF91
:10AFC000DF91CF911F910F91FF90EF90DF90CF9085
:10AFD000BF90AF909F908F90089520812F3209F0FD
:10AFE00047C06C0180E00F94A257F60100811181E7
:10AFF0000F5F1F4F9FE7892E94E1992ED8018C9106
:10B000008823B9F26FE270E0C8010F9484835C0179
:10B01000009751F10817190738F57C01E01AF10A79
:10B02000BDE0EB16F10418F08CE0E82EF12CA7013E
:10B03000B801CE0101960F94AD83E1E0F0E0EC0F92
:10B04000FD1FEE0DFF1D108260E0CE0101960F94F2
:10B050000857882309F4AECF90927E1480927D1415
:10B0600085010F5F1F4FCACFF60111830083A1CF67
:10B070008FE794E190937E1480937D149ACFBF92D2
:10B08000CF92DF92EF92FF920F931F93CF93DF93B4
:10B090001F921F92CDB7DEB72091D513222309F45A
:10B0A000EFC07C0180916716882309F404C1611107
:10B0B000F6C0D0908716DD2021F088EA97E60E943E
:10B0C00048658AE998E60E94F35C8FE897E60E945B
:10B0D000F35CC7010E94B66984E897E60E94F35CBE
:10B0E0000091871625E5029F800111240457194E0F
:10B0F0008FE2F80181938F01CC24C39483E2B82EB0
:10B1000080917415D816B0F4DB9CC0011124B801ED
:10B110008E559B4E0F94641FC8018C010196F80157
:10B120002081222329F0F4E5FC1510F0C394F5CF1B
:10B13000D394E6CF27E42C1508F4AEC0B80184E61A
:10B1400096E10F94641F80918716F5E58F9FC001EB
:10B1500011248457994E0E94B6698EE797E60E94A3
:10B16000F35C6091E8167091E9168091EA1690916F
:10B17000EB164AE00E94F45B0E94EB5C809187161C
:10B1800024E0829FF0011124E857F94E4091E8161F
:10B190005091E9166091EA167091EB164083518345
:10B1A000628373838F5F8093871684E696E10F94A2
:10B1B0005B1F1092D413FA82E982CE0101960F949C
:10B1C000BA57882309F45CC049815A8160917D1483
:10B1D00070917E1421E084E696E10F94C94588239E
:10B1E00009F477C084E696E10F94041D882309F4DE
:10B1F00070C080918516909186168D5B914F9093CB
:10B20000801680937F1689819A810F94D7538091FD
:10B21000751690917616A0917716B0917816809356
:10B22000E1169093E216A093E316B093E4168EE431
:10B2300097E60E94F35C0F94BA5486E497E60E9466
:10B24000F35C6091E1167091E2168091E3169091A3
:10B25000E4164AE00E94F45B0E94EB5C1092E81650
:10B260001092E9161092EA161092EB1688E397E610
:10B270000E94E85E88E397E60E943DBB1092360E7E
:10B280000F900F90DF91CF911F910F91FF90EF9052
:10B29000DF90CF90BF900895F801108254CF8AE9D3
:10B2A00098E60E94F35C8DE697E60E94F35CC70186
:10B2B0000E94C2697ACF109287168AE998E60E94A6
:10B2C000F35C8CE597E60E94F35CC7010E94C269BB
:10B2D00070CF8EEA93E60E94F35C89819A810E9486
:10B2E000B6698EE20E94E05B0E94EB5CC9CF0F94CE
:10B2F000990B84E696E10F945B1F80918716882353
:10B3000069F181508093871625E5829FC001112441
:10B3100061E08457994E0F943F58E091871684E07E
:10B32000E89FF0011124E857F94E60817181828114
:10B3300093816093E8167093E9168093EA169093D0
:10B34000EB160F9435508091D513882371F081E06E
:10B350008093D41385E08093350E08951092D41312
:10B3600083E08093350E0C9476680895CF92DF9237
:10B37000EF92FF920F931F93CF93DF93082F1092BA
:10B38000D51380915D14882321F08AE594E10F9410
:10B390005B1F10924416109241160E94E2FEEB01D0
:10B3A0000F94014E209A2398229A219A209A289A43
:10B3B00085E08093421682E58CBD1DBC1AE08FEFBC
:10B3C0000F9437191150D9F72B9A20E030E0A901DA
:10B3D00060E081E496E10F94431980934316813035
:10B3E00061F00E94E2FE6C1B7D0B613D774068F3CB
:10B3F0002B9881E08093411622C02B980E94E2FE98
:10B40000EB018BE297E60E94E85E8FEF0F9437190D
:10B410000F943C19809343168F3F59F18FEF0F948F
:10B4200037190E94E2FE6C1B7D0B6232710580F3BE
:10B4300082E0809341168AE197E60E94E85E0F94CD
:10B44000014E8AE998E60E94F35C81EA93E60E9445
:10B45000E85E8091D513882309F49AC0802FDF918C
:10B46000CF911F910F91FF90EF90DF90CF900D94AF
:10B47000A2572AEA31E040E050E068E081E496E13A
:10B480000F94431982FF2BC081E080934416809172
:10B490004416C12CD12C7601823029F4C12CD12C38
:10B4A000E12C80E4F82E20E030E0A90167E381E49C
:10B4B00096E10F944319A701960169E281E496E1B0
:10B4C0000F944319809343168823B1F00E94E2FE43
:10B4D0006C1B7D0B613D774030F38AE08BCF14E02D
:10B4E0000F943C19809343161150D1F78A3A11F00A
:10B4F00082E080CF82E0C9CF809144168230D1F4BF
:10B5000020E030E0A9016AE381E496E10F94431959
:10B51000882311F088E06ECF0F943C19807C803C2A
:10B5200019F483E0809344160F943C190F943C194E
:10B530000F943C190F94014E1092421681E00F9423
:10B540009E4981110CC080E00F949E49811107C073
:10B550008DE798E60E94F35C8EE893E678CF66E488
:10B5600076E18AE594E10F94B41C811107C08DE760
:10B5700098E60E94F35C8EE793E669CF81E08093C2
:10B58000D5138AE998E60E94F35C83E793E65FCFE0
:10B59000DF91CF911F910F91FF90EF90DF90CF90AF
:10B5A00008954F925F926F927F928F929F92AF9287
:10B5B000BF92CF92DF92EF92FF924B015C016091BC
:10B5C0005B1270915C12072E000C880B990B0F9484
:10B5D000BB7720E030E0A9010F944A7F8823D1F0A7
:10B5E0001092330ECC24CA94DC2C760198EE492EAE
:10B5F00093E0592E612C712C8091330E81110AC079
:10B600002FEFC216D206E206F20689F48091320EBE
:10B610008230B9F4FF90EF90DF90CF90BF90AF9061
:10B620009F908F907F906F905F904F900895F7FC60
:10B63000F1CF0E94E2FE6C197D09683B7B4030F33C
:10B64000E9CF0E94E2FE681979098A099B09693EDF
:10B6500073408105910508F442C08091340E811138
:10B660003AC087E197E60E94F35C60912E0E7091DC
:10B670002F0E8091300E9091310E41E00E94755C4A
:10B6800083E197E60E94F35C60E070E0CB010E94EA
:10B69000595C8FE097E60E94F35CF7FC52C00E9471
:10B6A000E2FE4601570158EB850E5BE0951EA11C9A
:10B6B000B11CA5019401261B370B480B590BCA017D
:10B6C000B901A30192010F94A07DCA01B9010E94A2
:10B6D000595C0E94EB5C0E94E2FE4B015C0190E031
:10B6E00080E00E949A703FEFC316D306E306F3068C
:10B6F00009F046C080912D0E60915B1270915C1232
:10B70000882319F1072E000C880B990B0F94BB7737
:10B7100020E030E040E85FE30F94547E9B01AC01F1
:10B7200060912E0E70912F0E8091300E9091310EFF
:10B730000F94DE8087FD60CF0E94E2FE6B017C01EA
:10B740005BCF8FE30E94E05BC4CF072E000C880B19
:10B75000990B0F94BB7720E030E040E85FE30F9453
:10B76000557E9B01AC0160912E0E70912F0E809141
:10B77000300E9091310E0F944A7F1816ECF63CCFA4
:10B78000F7FC3ACF60915B1270915C12072E000CAF
:10B79000880B990B0F94BB779B01AC0160912E0E27
:10B7A00070912F0E8091300E9091310E0F94547E37
:10B7B0009F7720E030E040EA50E40F94DE801816D6
:10B7C0000CF01ACFB9CF1F93CF93DF93EC01162F54
:10B7D0008091D112833009F44DC08C3109F451C0ED
:10B7E0008091F6129091F7128C179D0771F1D0930A
:10B7F000F712C093F6121093F812CE010F942B4259
:10B80000E82FF0E0EE0FFF1FE05DF949859194917C
:10B810000F941942C130D105C1F0CC3080E8D8076F
:10B82000A1F0C93280E8D80781F00F944A41CE01D7
:10B8300088279E77892B49F08091041390910513F6
:10B84000019690930513809304138091E31288234B
:10B85000D9F011E01093180ECE010F94A0448F3F41
:10B8600099F01093E4128DE196E6DF91CF911F914C
:10B870000C94E85E109201130F9417401092160E6C
:10B88000AFCF10920013F8CF1092E4128091170EF0
:10B89000811106C0CE01DF91CF911F910D947C43A1
:10B8A000DF91CF911F9108952F923F924F925F9217
:10B8B0006F927F928F929F92AF92BF92CF92DF92C0
:10B8C000EF92FF920F931F93CF93DF9300D01F92BD
:10B8D000CDB7DEB75C014B0180916716813009F06E
:10B8E000DEC08091651681FFDAC082FDBCC07401A4
:10B8F000212C32E0332E00916C1610916D162091A0
:10B900006E1630916F16E114F10409F430C1809184
:10B910007D1690917E16DC0114967C907A94B90184
:10B92000A80129E076956795579547952A95D1F70F
:10B9300074221170711025C00115110511F5409187
:10B9400068165091691660916A1670916B164115D0
:10B9500051056105710509F0A8C080917916909193
:10B960007A16A0917B16B0917C160097A105B105BF
:10B9700009F0B4C084E696E10F94111E882309F4FF
:10B980008EC0C101801B910B67018E159F0508F4C5
:10B990006C01E0917D16F0917E1680916816909171
:10B9A0006916A0916A16B0916B160297A109B109A8
:10B9B000258504C0880F991FAA1FBB1F2A95D2F79F
:10B9C0004685578560897189840F951FA61FB71F0B
:10B9D0009C01AD01270D311D411D511D29013A0169
:10B9E000C11432E0D30609F08AC08091370E9091DD
:10B9F000380EA091390EB0913A0E481659066A06D3
:10BA00007B0669F410923F0E8FEF9FEFDC0180936D
:10BA1000370E9093380EA093390EB0933A0E9501DD
:10BA2000B301A2018091400E9091410E0F949C1998
:10BA30008823A9F180916C1690916D16A0916E16D5
:10BA4000B0916F168C0D9D1DA11DB11D80936C16BC
:10BA500090936D16A0936E16B0936F16AC0CBD1C30
:10BA6000EC18FD0848CF40917516509176166091FC
:10BA700077167091781680916C1690916D16A09142
:10BA80006E16B0916F16481759076A077B0709F4BD
:10BA90002ECF84E696E10F947D1D811128CF81E0A1
:10BAA000809364168FEF9FEF81C09E012F5F3F4F01
:10BAB0000F94C71B882399F389819A81AB81BC813C
:10BAC000E0917D16F0917E162789203181F4883F20
:10BAD000EFEF9E07A105B10508F04CCF80936816E3
:10BAE00090936916A0936A16B0936B164ACF883F5D
:10BAF000FFEF9F07AF07FFE0BF0780F33BCF0115C4
:10BB0000110569F540916C1650916D1660916E1695
:10BB100070916F168091751690917616A091771698
:10BB2000B0917816481759076A077B07C0F00F9441
:10BB3000001A882309F4B3CF81E080933F0E40922E
:10BB4000370E5092380E6092390E70923A0EA6015E
:10BB5000B501C8018D5B914F0F9456836BCF41E0C7
:10BB6000C301B2010F94F81A8111F1CF98CF8091DF
:10BB7000751690917616A0917716B0917816801769
:10BB80009107A207B30768F48091651600937516B4
:10BB900010937616209377163093781680688093EA
:10BBA00065168091651683FD18C0C4010F900F9033
:10BBB0000F900F90DF91CF911F910F91FF90EF9019
:10BBC000DF90CF90BF90AF909F908F907F906F90BD
:10BBD0005F904F903F902F90089584E696E10F94E8
:10BBE000261F8111E2CF5BCF0F93CF93DF93CDB7A9
:10BBF000DEB7A3970FB6F894DEBF0FBECDBF20917E
:10BC000075153091761582179307D8F4613031F4A9
:10BC100021503109A901481B590BCA01880F991FEE
:10BC2000FC01E958FA4E808191810F941E54A3962D
:10BC30000FB6F894DEBF0FBECDBFDF91CF910F914D
:10BC400008954FE754E150937E1440937D14821B76
:10BC5000930B01969093ED168093EC1640913F164E
:10BC60005091401685E0440F551F8A95E1F770E02A
:10BC700060E08FE794E10F947D1D00E00E7F0D7F63
:10BC8000E0917D14F0917E1483E2DE011196019023
:10BC90000D928A95E1F722E050E040E0BE016F5F2F
:10BCA0007F4F80EE92E00F94A851CE0101960E9442
:10BCB000DA5BBDCF0F931F93CF93DF931F921F9239
:10BCC000CDB7DEB72091D513222369F18C01809185
:10BCD0006716882379F184E495E60E94E85E109265
:10BCE000D4131A830983CE0101960F94BA5788237F
:10BCF000D1F049815A8160917D1470917E1426E5BE
:10BD000084E696E10F94C945811122C08EEA93E63C
:10BD10000E94F35C89819A810E94B6698EE20E943A
:10BD2000E05B0E94EB5C0F900F90DF91CF911F9131
:10BD30000F910895109287168AE998E60E94F35CA5
:10BD40008CE597E60E94F35CC8010E94C269C7CFE8
:10BD500081E08093D21389819A810F94D75382E333
:10BD600095E60E94F35C0F94BA540E94EB5C88E362
:10BD700097E60E94E85E88E397E60E943DBB10923A
:10BD8000360ED1CF0F931F93CF93DF93EC0184E056
:10BD9000FE0111928A95E9F723E030EA4AE050E982
:10BDA00060E381E496E10F944319882391F023E046
:10BDB00030EA4AE050E961E181E496E10F944319E9
:10BDC000882339F080E8809341160F94014E80E07B
:10BDD0002FC00E94E2FE8B010F943C198093431602
:10BDE0008F3F69F40E94E2FE601B710B6D3271405F
:10BDF00098F381E1809341160F94014EE6CF8E3F78
:10BE000011F08FE0F7CF8E010C5F1F4F0F943C199C
:10BE10008993C017D107D1F7CEEFD1E00F943C1929
:10BE20002197E1F70F94014E8FEF0F94371981E0BE
:10BE3000DF91CF911F910F910895CF92DF92EF92F2
:10BE4000FF920F931F93CF93DF93EC018B01E42EAE
:10BE50000115110509F441C08D2F0E94275B8C2F1D
:10BE60000E94275B609103177091041780E290E0B5
:10BE70000F94957B6E0180E1C80ED11C81E0E8161D
:10BE800039F1F8802196609103177091041780E2D0
:10BE900090E00F94957B8F2D0E94275B0150110934
:10BEA0000FB607FE06C0C8019F71892B29F40F94B5
:10BEB0008E2A0115110519F0CC15DD05F9F66091F2
:10BEC0000317709104178AE090E00F94957BC0CF20
:10BED000CE010F942D7DF82ED5CFDF91CF911F91FC
:10BEE0000F91FF90EF90DF90CF9008958091EE1624
:10BEF000833021F4519859981092EE165198599A1E
:10BF00008EEE96E10C948F59CF92DF92EF92FF92D2
:10BF100069017A012DEC3CEC4CE45EE30F94547E15
:10BF20002DEC3CEC4CE45EE30F94FA772DEF3DEA08
:10BF300040E05DE30F94557EA70196010F94FA77D8
:10BF400024E230EF49E150E40F94547FFF90EF90EA
:10BF5000DF90CF9008959FB7F89480E1E0E1F7E09B
:10BF6000A0E2B7E001900D928A95E1F79FBF089596
:10BF700089E080933107EAE5F5E6859194910C9488
:10BF80003DBB1F93CF93DF93EC01162F0F94990BBA
:10BF9000FE0134962591359145915491FE016591AC
:10BFA0007591859194910F94F5412896115081F7E0
:10BFB0000F94990BDF91CF911F910D94F3410E9443
:10BFC000CC49811104C08AE593E60E943DBB1092E2
:10BFD000310708958091FE12882311F081E00895C1
:10BFE00080E008952F923F924F925F926F927F92DE
:10BFF0008F929F92AF92BF92CF92DF92EF92FF9279
:10C000000F931F93CF93DF9300D000D000D01F92E7
:10C010001F92CDB7DEB78B83209177022D8381E00D
:10C02000809377029B81923009F45BC1A92FB0E025
:10C03000BA83A983FD01E95AFC4924912C838D011F
:10C04000000F111F000F111FF801E750FD4F408036
:10C0500051806280738040927A0250927B0260929B
:10C060007C0270927D02C301B2010E94D1484B0153
:10C070005C01C801815A9D4E1C01DC011D921D927C
:10C080001D921C9213970F94B33B0E943A4ABC81B5
:10C090006B2FBB0F770B880B990B0F94BB776B0142
:10C0A0007C01F801E350F94FFB87EA8720E030E09C
:10C0B00040E450EC0F94FA77AA85BB856D937D938D
:10C0C0008D939C931397C501B4010F94C03C0F94BA
:10C0D000990B0F941B1610927702F10110821182B6
:10C0E000128213820F94B33BAA85BB85CD92DD9259
:10C0F000ED92FC921397C501B4010F94C03C0F94CC
:10C10000990BB1E0B0937702F801E55BFC498591AA
:10C110009591A591B4918E839F83A887B9872DECC3
:10C120003CEC4CE85FE3C701B6010F94FA772E812F
:10C130003F81488559850F94FA77AA85BB856D9311
:10C140007D938D939C931397C501B4010F94C03CCC
:10C150000F94990B0F941B1610927702F101108225
:10C160001182128213820F94B33B20E030E040E250
:10C1700051ECC701B6010F94FA77AA85BB856D9380
:10C180007D938D939C931397C501B4010F94C03C8C
:10C190000F94990B0F941B16B1E0B093770220E037
:10C1A00030E040E351E4C701B6010F94FA77EA8525
:10C1B000FB85608371838283938320E030E040E0DD
:10C1C0005FE3C301B2010F94FA7760937A02709330
:10C1D0007B0280937C0290937D020E94D1486B0188
:10C1E0007C010F94C03C0F94990B0F941B16109276
:10C1F00077028B810E941B49E981FA81E35FF84F46
:10C2000021E020838C81992781950CF49095BC01C5
:10C21000072E000C880B990B0F94BB772AE037EDA3
:10C2200043E25CE30F94FA7720E030E040E852E428
:10C230000F94FA774B015C01AC019B01D1016D9128
:10C240007D918D919C910F94547EF1016083718357
:10C25000828393830F94B33BD1012D913D914D91F6
:10C260005C91C501B4010F94557EF1016083718327
:10C2700082839383AA85BB856D937D938D939C93D5
:10C28000139720E030E040E05FE3C701B6010F9470
:10C29000FA770F94C03C0F94990B10927A02109287
:10C2A0007B0210927C0210927D022D8120937702F6
:10C2B0002B960FB6F894DEBF0FBECDBFDF91CF91A6
:10C2C0001F910F91FF90EF90DF90CF90BF90AF90B4
:10C2D0009F908F907F906F905F904F903F902F90A6
:10C2E0000895E9E5F3E6B491B983109267121092CC
:10C2F00068121092691210926A120F94B33BE3E530
:10C30000F3E685909590A590B490E9816E2FEE0F9D
:10C31000770B880B990B0F94BB776B017C0120E0A6
:10C3200030E040EC5FE3C501B4010F94FA77A70158
:10C3300096010F94FA776093050770930607809330
:10C3400007079093080780E090E0A8E4B4E48093A6
:10C350007A0290937B02A0937C02B0937D02BC0191
:10C36000CD010E94D1484B015C010F94C03C0F9459
:10C37000990B109267121092681210926912109223
:10C380006A120F94B33B07E413E6F80165917591C7
:10C39000859194919058A70196010F94FA77609334
:10C3A0000507709306078093070790930807C50158
:10C3B000B4010F94C03C0F94990BF80165917591ED
:10C3C000859194919B01AC010F94557EA701960134
:10C3D0000F94FA7760930507709306078093070719
:10C3E0009093080780E090E0A8ECB3E480937A0291
:10C3F00090937B02A0937C02B0937D02BC01CD019F
:10C400000E94D1480F94C03C0F94990B82E00E9487
:10C410001B498091671290916812A0916912B091A6
:10C420006A128093050790930607A0930707B093BD
:10C43000080710927A0210927B0210927C021092EE
:10C440007D020F941B16F1E0F0930F072ECF109290
:10C450000613E7E0F3E184ECDF011D928A95E9F72A
:10C4600008952F923F924F925F926F927F928F9298
:10C470009F92AF92BF92CF92DF92EF92FF920F9373
:10C480001F93CF93DF9300D0CDB7DEB74B015C0194
:10C49000042F81E08093FC0620917702298380930A
:10C4A000770280E00F94FF15182F0F940D168092DD
:10C4B000671290926812A0926912B0926A1265E5B2
:10C4C00075E585E591E40F9415420E9459420F9459
:10C4D0000D168B83882309F4EBC01A82C12CD12C52
:10C4E0007601312C8A81801708F0A4C06091671210
:10C4F000709168128091691290916A1220E030E088
:10C5000040E05FE3311004C02DEC3CEC4CE45EE312
:10C510000F94557E2B013C01409267125092681295
:10C520006092691270926A1265E575E585E591E49D
:10C530000F9415428092671290926812A09269122D
:10C54000B0926A1265E575E585E590E40F941542B1
:10C550000E945942A3019201609167127091681282
:10C560008091691290916A120F94547E9F772DECFE
:10C570003CEC4CEC5CE30F944A7F87FF16C060E014
:10C5800070E080E09FE30E942050809267129092BA
:10C590006812A0926912B0926A1265E575E585E5A8
:10C5A00090E40F9415420E9459420F940D16282EC4
:10C5B000882309F47DC04090671250906812609003
:10C5C000691270906A129A819923D9F0692F70E0EC
:10C5D00090E080E00F94BB779B01AC01C701B601EE
:10C5E0000F94547F9B01AC01C301B2010F94547EA0
:10C5F0009F772DEC3CEC4CE45DE30F94DE80181645
:10C6000064F0A3019201C701B6010F94557E6B013E
:10C610007C018A818F5F8A8365CF311049C084EFA6
:10C6200091E00E949A70322C2FEF2A83C12CD12CDA
:10C630007601EFCF023038F5C0926712D0926812BF
:10C64000E0926912F0926A12998190937702812F99
:10C650000F94FF151092FC068B810F900F900F9096
:10C66000DF91CF911F910F91FF90EF90DF90CF90CE
:10C67000BF90AF909F908F907F906F905F904F9002
:10C680003F902F900895602F70E090E080E00F942D
:10C69000B9779B01AC01C701B6010F94547F609339
:10C6A0006712709368128093691290936A12CCCFCC
:10C6B000298120937702812F0F94FF151092FC0699
:10C6C0001B82CACF2F923F924F925F926F927F92BE
:10C6D0008F929F92AF92BF92CF92DF92EF92FF9292
:10C6E0000F931F93CF93DF93CDB7DEB7CD5BD140D0
:10C6F0000FB6F894DEBF0FBECDBFC357DE4F998390
:10C700008883CD58D140C157DE4F79836883CF5895
:10C71000D140CE56DE4F59834883C259D14084E17F
:10C72000CF56DE4F8883C159D140CE56DE4FA88107
:10C73000B981C259D1408D919D910D90BC91A02D90
:10C74000C656DE4F88839983AA83BB83CA59D140DA
:10C75000C157DE4FA881B981CF58D1408D919D91AD
:10C760000D90BC91A02DCA54DE4F88839983AA8373
:10C77000BB83C65BD140C357DE4FA881B981CD587A
:10C78000D1408D919D910D90BC91A02DC654DE4F4E
:10C7900088839983AA83BB83CA5BD140FE01E75F8C
:10C7A000FE4FC855DE4FF983E883C85AD140CE0109
:10C7B0008B579F4FCA55DE4F99838883C65AD14005
:10C7C000DE011196C856DE4FB983A883C859D140FF
:10C7D000312C212CB101032C000C880B990B0F94E8
:10C7E000BB772AE138EF42E45EE30F94FA776B01FE
:10C7F0007C010F941582C256DE4F688379838A8349
:10C800009B83CE59D140C701B6010F944F7FCE55BF
:10C81000DE4F688379838A839B83C25AD1409B0110
:10C82000AC01C656DE4F688179818A819B81CA59E5
:10C83000D1400F94FA77C654DE4F288139814A815E
:10C840005B81CA5BD1400F94557E6B017C0120E077
:10C8500030E0A9010F944A7F18160CF07AC2C25634
:10C86000DE4F288139814A815B81CE59D140C6563D
:10C87000DE4F688179818A819B81CA59D1400F94AA
:10C88000FA77CA54DE4F288139814A815B81C65BC1
:10C89000D1400F94557E4B015C0120E030E0A901AE
:10C8A0000F944A7F18160CF054C220E030E048EF95
:10C8B00051E4C701B6010F94DE8087FF4AC220E031
:10C8C00030E048EF51E4C501B4010F94DE8087FFEA
:10C8D00040C2C701B6010F94FC7F9B01AC01C701A8
:10C8E000B6010F94547E2B013C01C501B4010F9495
:10C8F000FC7F9B01AC01C501B4010F94547ECC5662
:10C90000DE4F688379838A839B83C459D140A30116
:10C91000920160E070E080E89FE30F94547EC2557E
:10C92000DE4F688379838A839B83CE5AD140CC566D
:10C93000DE4F288139814A815B81C459D14060E052
:10C9400070E080E89FE30F94547ECE54DE4F6883FE
:10C9500079838A839B83C25BD140C701B6010F9460
:10C96000CD7F6B01FB013196C655DE4FF983E8831D
:10C97000CA5AD140C501B4010F94CD7F8B0195E017
:10C98000000F111F9A95E1F7C8018096C455DE4F3C
:10C9900099838883CC5AD140F801EC0DFD1DEE5CE3
:10C9A000F84F608170E090E080E00F94BB774B011E
:10C9B0005C01CE54DE4F288139814A815B81C25BA4
:10C9C000D140C255DE4F688179818A819B81CE5AE0
:10C9D000D1400F94FA779B01AC01C501B4010F94CB
:10C9E000FA774B015C01C455DE4FE881F981CC5ADE
:10C9F000D140EC0DFD1DEE5CF84F608170E090E0E1
:10CA000080E00F94BB776B017C01C255DE4F28811B
:10CA100039814A815B81CE5AD140CC56DE4F688144
:10CA200079818A819B81C459D1400F94FA779B0107
:10CA3000AC01C701B6010F94FA779B01AC01C501A7
:10CA4000B4010F94557E6B017C01C655DE4FA88161
:10CA5000B981CA5AD1400A0F1B1FF801EE5CF84F8A
:10CA6000608170E090E080E00F94BB774B015C0147
:10CA7000CE54DE4F288139814A815B81C25BD1402F
:10CA8000C301B2010F94FA779B01AC01C501B40157
:10CA90000F94FA779B01AC01C701B6010F94557E44
:10CAA0006B017C01C655DE4FE881F981CA5AD1403D
:10CAB000C455DE4F88819981CC5AD140E80FF91FC7
:10CAC000EE5CF84F608170E090E080E00F94BB77FF
:10CAD0004B015C01CC56DE4F288139814A815B8154
:10CAE000C459D140C301B2010F94FA779B01AC0144
:10CAF000C501B4010F94FA779B01AC01C701B601DF
:10CB00000F94557E20E030E040E052E40F94547ED4
:10CB10006B017C01AC019B01CE55DE4F68817981B0
:10CB20008A819B81C25AD1400F94FA77C855DE4F53
:10CB3000A881B981C85AD1406D937D938D939D93FF
:10CB4000C855DE4FB983A883C85AD140A7019601C2
:10CB5000C256DE4F688179818A819B81CE59D1404E
:10CB60000F94FA77CA55DE4FE881F981C65AD14051
:10CB70006193719381939193CA55DE4FF983E88352
:10CB8000C65AD140C856DE4FA881B981C859D14094
:10CB9000CD92DD92ED92FD92C856DE4FB983A88307
:10CBA000C859D140BFEF2B1A3B0AE1E22E163104DF
:10CBB00009F010CE40E050E060E07DE3CE01875FF9
:10CBC0009E4F0F94B7469B01AC01C357DE4FA8811F
:10CBD000B981CD58D1406D917D918D919C910F94EB
:10CBE000557EC357DE4FE881F981CD58D14060832F
:10CBF00071838283938340E050E060E07DE3CE0167
:10CC00008B579F4F0F94B7469B01AC01C157DE4F26
:10CC1000A881B981CF58D1406D917D918D919C9122
:10CC20000F94557EC157DE4FE881F981CF58D1402E
:10CC3000608371838283938340E050E060E87CE30B
:10CC4000CE0101960F94B746CE56DE4FA881B9812A
:10CC5000C259D1402D913D914D915C910F94557EDB
:10CC6000162F072FF82EE92E20E030E040E050E4A8
:10CC70000F944A7F18162CF010E000E0F12C80E4AD
:10CC8000E82EA8019701852F902FA32FBE2DCE56F9
:10CC9000DE4FE881F981C259D14080839183A2831C
:10CCA000B383CF56DE4FF881C159D140F150CF56F2
:10CCB000DE4FF883C159D140F11137CDEF92FF9289
:10CCC0000F931F93C157DE4FA881B981CF58D14030
:10CCD00013968C9113978F9312968C9112978F9332
:10CCE00011968C9111978F938C918F93C357DE4F30
:10CCF000E881F981CD58D14083818F9382818F93D0
:10CD000081818F9380818F9383E293E69F938F93AA
:10CD10000F94EF7B0FB6F894DEBF0FBECDBFC354A8
:10CD2000DE4F0FB6F894DEBF0FBECDBFDF91CF91BF
:10CD30001F910F91FF90EF90DF90CF90BF90AF9039
:10CD40009F908F907F906F905F904F903F902F902B
:10CD5000089560E070E0CB01D5CE2F923F924F92C4
:10CD60005F926F927F928F929F92AF92BF92CF927B
:10CD7000DF92EF92FF920F931F93CF93DF9300D038
:10CD80001F921F92CDB7DEB72B011A01F12CE12CB7
:10CD90001C821D8210E050E066246394712C70E0C8
:10CDA00060E097012E5C384F3A832983862EC98034
:10CDB000DA80C60ED71EFC0100E040E030E020E043
:10CDC000AEEFA40FAB83442319F04B3009F07DC0C4
:10CDD000AEEFA20FA83008F47AC02F5F3F4F2C307F
:10CDE000310589F74F5F20E2C20ED11C32964C30DC
:10CDF00029F73C81301718F40C835D83182D6F5F81
:10CE00007F4F6431710591F65F5FA0E2EA0EF11C7D
:10CE1000543129F6EC816E2F70E090E080E00F94A1
:10CE2000BB7723EC35EF48EA5FE30F94547F9F9381
:10CE30008F937F936F93FD816F2F70E090E080E080
:10CE40000F94BB7720E030E040EB50E40F94557E28
:10CE50009F938F937F936F93612F70E090E080E0BA
:10CE60000F94BB7720E030E040EB50E40F94557E08
:10CE70009F938F937F936F938FEF92E69F938F9300
:10CE80000F94EF7BF20110832D81F10120830FB607
:10CE9000F894DEBF0FBECDBF8C810F900F900F9026
:10CEA0000F900F90DF91CF911F910F91FF90EF9016
:10CEB000DF90CF90BF90AF909F908F907F906F90BA
:10CEC0005F904F903F902F900895222311F02B30C8
:10CED00021F4AB81A83008F080CF99249394D60137
:10CEE000A20FB31FAC91A13108F4912CA080B180A6
:10CEF000D301022E02C0AA0FBB1F0A94E2F7AA2197
:10CF0000BB21BB24B394AB2B09F4B12C9B1065CF90
:10CF10000F5F63CF2F923F924F925F926F927F92FB
:10CF20008F929F92AF92BF92CF92DF92EF92FF9239
:10CF30000F931F93CF93DF93CDB7DEB7CA55D109B7
:10CF40000FB6F894DEBF0FBECDBF63969FAF8EAF16
:10CF500063978B016A017E0125E4E20EF11C80E1FA
:10CF600097E2F701918380838EEE92E69F938F93F1
:10CF70000F94EF7B22E337E061963FAF2EAF6197CE
:10CF8000C801805E93402B969FAF8EAF2B970F907A
:10CF90000F90E0E4F0E02996FFAFEEAF299763969B
:10CFA0002EAD3FAD6397205E334069963FAF2EAF05
:10CFB000699729964EAC5FAC2997312C63968EAD5C
:10CFC0009FAD639780529C4F6B969FAF8EAF6B97D0
:10CFD000609028077090290780902A0790902B076F
:10CFE0006B96AEACBFAC6B97311004C06996AEAC1B
:10CFF000BFAC69978091200790912107A0912207EB
:10D00000B0912307F501E81BF90BCF0171F0AF01D7
:10D01000F7FF04C0442755274E1B5F0B692F661F7F
:10D020006627661F81E00F941C4C80912407909125
:10D030002507A0912607B09127072B964EAD5FAD2F
:10D040002B97481B590B57FDB2C060E041155105A5
:10D0500009F0AEC08091280790912907A0912A0776
:10D06000B0912B07681A790A77FCABC060E06114B5
:10D07000710409F0A7C040912807509129076091D9
:10D080002A0770912B0700E028EC30E02B966EAD5C
:10D090007FAD2B97C5010E94CCB1632D80E00F942A
:10D0A0000E195F924F928AEE92E69F938F930F94A0
:10D0B000EF7B63E084E00E94E5525F924F928BED3C
:10D0C00092E69F938F930E9496520FB6F894DEBF1C
:10D0D0000FBECDBF21E030E0311002C02FEF3FEF97
:10D0E00040EC4203C001439F900D112467969FAF0F
:10D0F0008EAF679740EE53E0249F4001259F900C30
:10D10000349F900C11246396EEADFFAD63978E0EA5
:10D110009F1E9E012F5F3F4F2D963FAF2EAF2D9745
:10D1200061968EAD9FAD61972F969FAF8EAF2F9773
:10D13000712C612CE0E1F7E22796FFAFEEAF279765
:10D140008091200790912107A0912207B091230799
:10D150008401081B190B17FF03C0119501951109D4
:10D1600098013595279565963FAF2EAF65971C9B27
:10D1700033C045E0242E6596AEACBFAC6597632DF9
:10D18000822D0E9473B131E0A31AB10840F128EC5E
:10D1900030E0A70168EE73E0822D0E9442B0632D5B
:10D1A000822D0E948CB1EFCF3324339411CF62E0F3
:10D1B00057FF03C051954195510982E00F941C4CD3
:10D1C00049CF64E0A30177FE03C051954195510911
:10D1D00084E00F941C4C4FCF22242394CCCF65962F
:10D1E000EEADFFAD65970E1B1F0B23961FAF0EAF65
:10D1F0002397632D822D0E9473B19E012F5B3F4FB9
:10D20000A70168EE73E0822D0E94E9B0882329F01F
:10D21000632D822D0E948CB1F0CF60E082E00F94EC
:10D220000E1920E137E227963FAF2EAF27970091E6
:10D2300028071091290720912A0730912B07005ABF
:10D24000164F17FF02C00F5F1F4F1595079580916E
:10D25000280790912907A0912A07B0912B078017E2
:10D260009107F4F41C9B1CC028EC30E0A70168EE89
:10D2700073E084E00E9442B08091280790912907D2
:10D28000A0912A07B0912B070196A11DB11D809393
:10D29000280790932907A0932A07B0932B07D7CF8D
:10D2A0001C9B3FC08091280790912907A0912A07D5
:10D2B000B0912B07E0E6F9E0E81BF90BCF01F7FF8F
:10D2C00002C090E080E025969FAF8EAF25971C9B13
:10D2D00028C08091280790912907A0912A07B09132
:10D2E0002B0780369940ECF49E012D5B3F4FA70140
:10D2F00068EE73E084E00E94E9B080912807909185
:10D300002907A0912A07B0912B070196A11DB11DF5
:10D310008093280790932907A0932A07B0932B079F
:10D32000D6CF60E084E00E9473B1F70120813181A3
:10D330002031F7E23F0758F4A70168E17CEF84E071
:10D340000E9442B060E084E00E948CB1EECF61E0C8
:10D3500082E00F940E1920E137E2F7013183208338
:10D36000009128071091290720912A0730912B0757
:10D370000C0D1D1D17FF02C00F5F1F4F1595079560
:10D380008091280790912907A0912A07B0912B0737
:10D39000081719070CF0D9C01C9BBBC000912807C7
:10D3A0001091290720912A0730912B071C9928C03A
:10D3B0008091280790912907A0912A07B0912B0707
:10D3C0008C199D0997FF02C090E080E025969FAFE1
:10D3D0008EAF25971C990CC0809128079091290742
:10D3E000A0912A07B0912B07C816D9060CF4AFC03C
:10D3F000009128071091290720912A0730912B07C7
:10D400008091280790912907A0912A07B0912B07B6
:10D41000C816D9063CF4F70180819181803197428A
:10D4200008F4B2C00C191D093110CAC0F301EE0F87
:10D43000FF1F21E030E02C0F3D1FE20FF31F11838F
:10D440000083FFEF6F1A7F0A67962EAD3FAD679797
:10D45000820E931E2D968EAD9FAD2D9702972D9621
:10D460009FAF8EAF2D972F96EEADFFAD2F973197D3
:10D470002F96FFAFEEAF2F97F0E26F16710409F011
:10D4800059CE21E0421A510831E033128DCE619617
:10D490008EAD9FAD6197809661969FAF8EAF61977D
:10D4A0002B96EEADFFAD2B97E05CFF4F2B96FFAFB9
:10D4B000EEAF2B9729962EAD3FAD2997225031091B
:10D4C00029963FAF2EAF2997232B09F072CD89ED16
:10D4D00092E69F938F930F94EF7B0F900F90C65A15
:10D4E000DF4F0FB6F894DEBF0FBECDBFDF91CF91F7
:10D4F0001F910F91FF90EF90DF90CF90BF90AF9072
:10D500009F908F907F906F905F904F903F902F9063
:10D51000089528EC30E0A70168EE73E084E00E94F3
:10D5200042B08091280790912907A0912A07B091D5
:10D530002B070197A109B109809328079093290728
:10D54000A0932A07B0932B071BCF86012FCF9E01F4
:10D550002D5B3F4FA70168EE73E084E00E94E9B0C5
:10D560008091280790912907A0912A07B0912B0755
:10D570000197A109B1098093280790932907A093E7
:10D580002A07B0932B0726CF28EC30E0A70168E1EB
:10D590007CEF84E00E9442B0809128079091290797
:10D5A000A0912A07B0912B070197A109B109809397
:10D5B000280790932907A0932A07B0932B0720CF21
:10D5C0002D96EEADFFAD2D9786AD97AD012E000CDB
:10D5D000220B330B080F191F211D311D369527957E
:10D5E000179507950F3F11052105310529F020F00A
:10D5F0000FEF10E020E030E02F96EEADFFAD2F975B
:10D60000078F1FCF2F923F924F925F926F927F9220
:10D610008F929F92AF92BF92CF92DF92EF92FF9242
:10D620000F931F93CF93DF93CDB7DEB76C970FB6F1
:10D63000F894DEBF0FBECDBF6C015B014A0119013A
:10D6400018870F83FA82E982D7018D919C9160ED52
:10D6500072E00F94F67D9C8F8B8F9F938F933F92F8
:10D660002F931F9284E68F939F928F92BF92AF92D7
:10D67000DF92CF9281EA92E69F938F930F94EF7B94
:10D680000FB6F894DEBF0FBECDBF22273327221975
:10D6900033093A8F298FC401990CAA0BBB0B8987D8
:10D6A0009A87AB87BC879501BB0C440B550B298B24
:10D6B0003A8B4B8B5C8BC601DD0CAA0BBB0B8D8BA5
:10D6C0009E8BAF8BB88F121413040CF0BAC08B8DE5
:10D6D0009C8D6CE370E00F94F67D10E1161B2B8D92
:10D6E0003C8DD1010F944D7E0F94B97720E030E04E
:10D6F00044E354E40F94547F6B017C016F8178857F
:10D70000EB8DFC8D6E0F7F1F90E080E00F94B9775A
:10D7100025E33AEF4EE85CE30F94FA774B015C01A6
:10D720000F944F7F6B837C838D839E83C501B401EF
:10D730000F9415822B013C0169857A858B859C8528
:10D740000F94BB774B015C012B8D3C8DA4E6B0E0C0
:10D750000F94CD7D0F94BB7720E030E044E354E498
:10D760000F94547F9B01AC01C501B4010F94547E0A
:10D770000F94C67F6D877E878F87988B69897A899A
:10D780008B899C890F94BB774B015C01A3019201AB
:10D79000C701B6010F94FA779B01AC01C501B40132
:10D7A0000F94557E0F94C67F4B016D897E898F89BA
:10D7B000988D0F94BB772B013C01A70196016B81DB
:10D7C0007C818D819E810F94FA779B01AC01C3010E
:10D7D000B2010F94557E0F94C67FCB0101E020E487
:10D7E00031E04D855E85B4010E94CCB1212F30E03F
:10D7F0008823B9F14B8D5C8D420F531F4F5F5F4FF4
:10D800005C8F4B8FEB8DFC8DA981BA81ED93FC93DE
:10D810006C960FB6F894DEBF0FBECDBFDF91CF91EF
:10D820001F910F91FF90EF90DF90CF90BF90AF903E
:10D830009F908F907F906F905F904F903F902F9030
:10D8400008952FEC32E0AB8DBC8D2A1B3B0BC90138
:10D850006CE370E00F94F67D10E1161BA98DBA8D74
:10D8600041CF2F5F3F4FAB8DBC8DA20FB31FBC8F3D
:10D87000AB8FA03DB24008F426CFC4CF2F923F9289
:10D880004F925F926F927F928F929F92AF92BF92D0
:10D89000CF92DF92EF92FF920F931F93CF93DF937C
:10D8A00000D000D000D01F92CDB7DEB72B013C01D5
:10D8B00049015A0120E030E040EC51E40F94547EDD
:10D8C00020E030E048E052E40F94547F6B017C018B
:10D8D0000F94FC7F0F94C67F312C212C77FD1EC046
:10D8E0001B01663071051CF045E0242E312C822D81
:10D8F0000E94464220E030E048EB51E40F94557E10
:10D900009B01AC01C301B2010F94547E20E030E0D2
:10D9100048E052E40F94547F6B017C0120E030E03A
:10D9200040EC50E4C501B4010F94547E20E030E097
:10D9300048E052E40F94547F69837A838B839C83FD
:10D940000F94FC7F0F94C67F77FDDAC07A876987D2
:10D950006630710524F0E5E0F0E0FA87E987898513
:10D960000E94464220E030E040EA50E40F94557EA9
:10D970009B01AC01C501B4010F94547E20E030E05E
:10D9800048E052E40F94547F69837A838B839C83AD
:10D99000A701960160E070E080E89FE30F94547E59
:10D9A0002B013C0191012F5F3F4F3E832D838985E1
:10D9B0009A85019698878F8327E0E985FA852E9FBF
:10D9C00080012F9F100D1124F801E20DF31DEE0FC1
:10D9D000FF1FEE0FFF1FEA5FFC4E21813281438162
:10D9E0005481C301B2010F94FA774B015C01ED81C0
:10D9F000FE81E00FF11FEE0FFF1FEE0FFF1FEA5F2A
:10DA0000FC4E2181328143815481C701B6010F94BC
:10DA1000FA779B01AC01C501B4010F94557E4B010F
:10DA20005C0129813A814B815C8160E070E080E893
:10DA30009FE30F94547E9B01AC01C501B4010F9488
:10DA4000FA774B015C0127E0EF81F8852E9FC0013A
:10DA50002F9F900D11249A878987FC01E20DF31DF9
:10DA6000EE0FFF1FEE0FFF1FEA5FFC4E2181328198
:10DA700043815481C301B2010F94FA772B013C0119
:10DA800089859A85ED81FE818E0F9F1F880F991FD2
:10DA9000880F991F8A5F9C4EFC012181328143814E
:10DAA0005481C701B6010F94FA779B01AC01C30101
:10DAB000B2010F94557E29813A814B815C810F948C
:10DAC000FA779B01AC01C501B4010F94557E2A96EB
:10DAD0000FB6F894DEBF0FBECDBFDF91CF911F917F
:10DAE0000F91FF90EF90DF90CF90BF90AF909F90FD
:10DAF0008F907F906F905F904F903F902F90089500
:10DB00001A86198645CF1F93CF93DF9300D01F92BB
:10DB10001F92CDB7DEB7162F482F62E5CE010196D2
:10DB20000F94E64149815A816B817C818D810F94EC
:10DB30005C48109392120F900F900F900F900F90DF
:10DB4000DF91CF911F9108951092DD12E8E2F8E67F
:10DB5000849167E00D94836DE091DD12AE2FB0E00B
:10DB6000AA0FBB1FA952BD4E2091AA123091AB1231
:10DB70002D933C93EF5FE093DD12E23040F4F0E050
:10DB8000E15FF749849168E00F94836D88E0089520
:10DB9000E091DD12AE2FB0E0AC52BD4E8091AA12E2
:10DBA0008C93EF5FE093DD12E33040F01092DD12D2
:10DBB000EFE0F8E6849168E00D94836DF0E0E85DB5
:10DBC000F749849167E0F8CFCF93DF9300D000D07E
:10DBD00000D01F92CDB7DEB780919912823409F43C
:10DBE00046C0B8F5882309F472C084E0809391128E
:10DBF00085E0E9E9F2E1DE01169601900D928A9541
:10DC0000E1F785E0FE013696A4E9B2E101900D92BC
:10DC10008A95E1F740E060E0CE0101960F94E6417D
:10DC200085E0FE013196A9E9B2E101900D928A9555
:10DC3000E1F785E0809392124091941250919512F1
:10DC40006091961270919712809198120F945C488F
:10DC50002EC08235B1F1873541F660919B127091EB
:10DC60009C124CE080919A120F94C74811C04091C9
:10DC70009A1262E4CE0101960F94E64149815A81DD
:10DC80006B817C818D810F945C488AE08093921235
:10DC900040E060E0CE0101960F94E64185E0FE0190
:10DCA0003196A9E9B2E101900D928A95E1F781E000
:10DCB0002A960FB6F894DEBF0FBECDBFDF91CF918D
:10DCC00008956BE080919A120F94836DE1CF80E00C
:10DCD000EFCFCF93DF9300D01F921F92CDB7DEB767
:10DCE00049835A836B837C838D8385E0FE01319663
:10DCF000A9E9B2E101900D928A95E1F78091921223
:10DD000087FF09C00F900F900F900F900F90DF9139
:10DD1000CF910D94E46D0F900F900F900F900F9096
:10DD2000DF91CF910895CF93DF9300D01F921F9280
:10DD3000CDB7DEB7482F68E5CE0101960F94E641D6
:10DD400049815A816B817C818D810F94696E0F901E
:10DD50000F900F900F900F90DF91CF9108951F9328
:10DD6000CF93DF9300D01F921F92CDB7DEB7182F4D
:10DD7000482F63E5CE0101960F94E64149815A810F
:10DD80006B817C818D810F945C48109392120F906F
:10DD90000F900F900F900F90DF91CF911F910895EA
:10DDA0001F93CF93DF93E1E0F1E080818E7F80834A
:10DDB000E2E0F1E0808181608083E9E1FEE090E1D2
:10DDC000908311821282E0EDF0E080818260808396
:10DDD0009093D400E1EDF0E088E180838081806859
:10DDE0008083E1E7F2E18CEC9CEE9187808784EB05
:10DDF0009CEE9387828713E013831586148680E058
:10DE00000F94936E83E60F94EC4D88EA96E60E9499
:10DE1000E85ECFE8D2E11093E3128DE298E60E942B
:10DE2000E85E8AE08C8B82E08093FE1281E08D8F29
:10DE30008A831CA286E08C8380E0DF91CF911F91C2
:10DE40000D94AF6ECF93DF9300D01F921F92CDB78A
:10DE5000DEB740E061E5CE0101960F94E6414981CD
:10DE60005A816B817C818D810F945C4884E0809322
:10DE700092120F900F900F900F900F90DF91CF9113
:10DE80000895CF93DF9300D01F921F92CDB7DEB7D6
:10DE90000F9429428093D312482F66E6CE01019653
:10DEA0000F94E64149815A816B817C818D810F9469
:10DEB0005C4886E0809392120F900F900F900F9025
:10DEC0000F90DF91CF910895CF93DF9300D01F92F1
:10DED0001F92CDB7DEB78091A9128534F1F020F4FE
:10DEE000823451F185E011C0863471F18035D1F76B
:10DEF0008091AA128093D11281E090E09093D01289
:10DF00008093CF120F94416F80E00F900F900F908D
:10DF10000F900F90DF91CF9108958CE08093D112F4
:10DF20008091AA129091AB129093D0128093CF124D
:10DF30000F94416F87E0E9CF8091AA128093D212AB
:10DF40000F94416F8BE0E1CF909194128091A412D5
:10DF5000981322C0909195128091A51298131CC01D
:10DF60001092D11281E090E09093D0128093CF1262
:10DF700082E88093921240E060E0CE0101960F9417
:10DF8000E64185E0FE013196A4E9B2E101900D92EF
:10DF90008A95E1F782E0B9CF83E0B7CF1F93CF93A3
:10DFA000DF9300D01F921F92CDB7DEB78091180E7D
:10DFB00081112AC01091F9121F3F91F58091F8123A
:10DFC000811160C01F3FB9F081E090E09093901202
:10DFD00080938F129093F7128093F6128FEF8093B5
:10DFE000F812133009F482C0F8F0163008F47BC040
:10DFF000173009F47FC00F900F900F900F900F9083
:10E00000DF91CF911F9108958091F6129091F712B0
:10E010000F94A044182F1092180E8F3F79F6CACF94
:10E020008FEF8093F912CACF81E996E60E94F35CE4
:10E03000812F90E00F94E44D0F9499758091F81220
:10E04000813089F48AE896E60F941942412F62E400
:10E05000CE0101960F94E64149815A816B817C8102
:10E060008D810F94696E8091F6129091F712843031
:10E0700020E8920721F08930904809F0BCCF0F9436
:10E080002F4BB9CF193008F0B6CFE12FF0E0882739
:10E09000E35BFF488E4F0D943D7EE501E501E50110
:10E0A000FD01730273029F0183012F028091F6121A
:10E0B0009091F712873820E8920721F08730914835
:10E0C00009F099CF80919112843021F480919412BB
:10E0D000811191CF81E08093170E60E084E09BEF87
:10E0E0000E94694688CF1093FC1285CF80E00F9480
:10E0F000936E81CF1092FE121092AC121092911278
:10E1000060E08CEA9CE00F94517D0F94D24D73CF68
:10E110004F925F926F927F928F929F92AF92BF9237
:10E12000CF92DF92EF92FF920F931F93CF93DF93E3
:10E13000CDB7DEB7A0970FB6F894DEBF0FBECDBF48
:10E14000082F0F94CE6F8091921287FD0F94E46D8B
:10E150009091921297FF7DC0809191128230B1F020
:10E1600008F475C08330E1F1843009F454C00F9491
:10E17000E46D81116BC382E08093AC1283E08093E5
:10E18000911282E88093921212E0DBC20E94E2FEBA
:10E19000AB01BC0180919E1290919F12A091A012A0
:10E1A000B091A11288519C4FAF4FBF4F48175907EC
:10E1B0006A077B0708F44BC081E792E10F94597B13
:10E1C0000196D1F781E08093AC1280939112109266
:10E1D000B31286E08093931280E00F94AF6E37C045
:10E1E000923829F60E94E2FEAB01BC0180919E129A
:10E1F00090919F12A091A012B091A11288519C4FB2
:10E20000AF4FBF4F481759076A077B0708F4AFCFD6
:10E210000F94226F1CC00E94E2FEAB01BC018091F2
:10E220009E1290919F12A091A012B091A1128851BC
:10E230009C4FAF4FBF4F481759076A077B0740F7FE
:10E240000F9429429091D31289130F94416F10E0DB
:10E2500078C2A12CD12CC12C9924939455E0B52ED1
:10E2600063E0862E74E0772EE2E06E2E66C02330E7
:10E2700009F4E0C0243009F083C020ED280F2A30D3
:10E2800008F4F8C02FE9280F263008F4F3C08A30CC
:10E2900009F0FAC04090B81284EB92E10F94D54196
:10E2A0004812B8C01092B31288E0E4EBF2E1DE014C
:10E2B000519601900D928A95E1F788E0FE017196E2
:10E2C000DE01599601900D928A95E1F788E0FE01F2
:10E2D0007996A4EAB2E101900D928A95E1F78CE378
:10E2E0008983FE013296ACEBB2E120E0CF015216F9
:10E2F00009F4CDC03D9140EE430F403608F03EE2B8
:10E3000031932F5FF4CF8E3408F056C08B3408F071
:10E3100046C0823409F443C0E0F58A3059F08D30AC
:10E3200049F0B092B312A11005C11F3609F0FBC32A
:10E33000AA24A3944FEFC41AD40A81E792E10F9460
:10E34000597B97FD00C1182F2091CC1230E0F901C4
:10E35000E157FD4E85A77901EFEFEE1AFE0AFFE0C7
:10E36000EF22FF245E2CE092CC122091B3122230D7
:10E3700009F448C008F07BCF222329F2213051F163
:10E380001A3009F48FCF1D3009F48CCF1092B912D6
:10E39000CACF853430F2873410F0883411F6809378
:10E3A000B4121092B5121092B7121092B6121092C7
:10E3B000B8129092B312BECF893540F4873578F702
:10E3C00020EB280F263008F0ACCFE9CF863609F0D5
:10E3D000A8CFE5CF20ED280F2A3050F02FE9280FE5
:10E3E000263030F0803209F09CCF6092B312A2CF79
:10E3F0000F94B4419091B5129295907F890F8093BC
:10E40000B51298CF873448F4853458F42FEB280F91
:10E41000223038F01092B91284CF803511F0823555
:10E42000C9F78092B3128093B9121092BB12109266
:10E43000BA1280CF20ED280F2A3048F02FE9280F9C
:10E44000263028F08A3231F77092B31273CF0F94CE
:10E45000B4412091BA123091BB1244E0220F331F15
:10E460004A95E1F7820F932F911D9093BB128093F1
:10E47000BA1260CF0F94B4419091B8129295907FE8
:10E48000890F8093B81256CF8D3021F603CFE80E56
:10E49000F91EF70110821092CC128AE998E60E94C8
:10E4A000F35C84E998E60E94F35CCE0101960E9439
:10E4B000C2690F94564780919112813009F474C05B
:10E4C00008F4C5CE833009F4D1C0843009F04FCEB2
:10E4D00080919212863009F46CC108F093C18430A7
:10E4E00009F409C1853009F0CCC08091A9128134AA
:10E4F00009F496C1823509F0C4C01092D1128DE2A0
:10E5000090E89093D0128093CF128AEF95E60F9403
:10E51000734785E080939212409194125091951226
:10E520006091961270919712809198120F945C48A6
:10E5300016E007C11B3609F0F6C28BED95E60F9485
:10E54000734718E0FEC0CD2819F00F9456477FCED0
:10E550000E94E2FEAB01BC0180919E1290919F123D
:10E56000A091A012B091A1128053984FAF4FBF4F0E
:10E57000481759076A077B0708F469CE8091911202
:10E58000882309F464CE1092B31281E08093AC1218
:10E590008093911286E08093931280E00F94AF6E87
:10E5A00064E083EB95E679C0109192121330B1F1DB
:10E5B00060F0163009F450C0193009F0BECF0F9446
:10E5C0008649882309F443CE40CE8091A412833536
:10E5D00021F48091A512181711F0812FFECD8091A2
:10E5E000AA12E12FF0E0DF01A252BD4E8C93E85257
:10E5F000FA49E4918E1741F08091931281508093F3
:10E6000093128111EACF99CF8DE298E60E94E85EDD
:10E610008AE08093A31281E0810FDFCD8091A41264
:10E62000833521F48091A512833011F083E0D5CD9C
:10E630008091AA129091AB129093E2128093E11212
:10E640001092DD12EBE2F8E684916091DB1270E04B
:10E6500049E00F94C748FBCD82E08093AC1283E081
:10E660008093911282E880939212D2CD809192127F
:10E67000883009F4B7C0A8F48430D9F0873009F4A1
:10E68000AEC081E08093AC1282E08093911283E867
:10E690008093921265E089EC95E60F94E447182F79
:10E6A00050C08A3009F4A7C060F38D3008F45FCD04
:10E6B000E8CF8091A4128E3460F58B3410F4853449
:10E6C00001F78091A912863409F473C084E0809325
:10E6D000911285E0E4EAF2E1DE01119601900D92DB
:10E6E0008A95E1F785E0FE013196A4E9B2E1019057
:10E6F0000D928A95E1F70F94646F182F853009F217
:10E7000008F09CC0823009F432CD843009F43BCF4C
:10E7100018C0843508F4B5CF863598F2883509F0ED
:10E72000B0CF8091A912863489F18035C1F182344D
:10E7300009F042C08091AA128093D2120F94A46D66
:10E740001BE080918F12909190128130910509F019
:10E75000EDC1123009F490C008F07DC0112309F416
:10E760001AC1002309F4E6C0173009F4C3C108F048
:10E77000B7C1143009F4C6C1153009F0DBC082E01E
:10E780008093FE1260E08DE290E8B9C1809194120E
:10E79000882329F082E88093921213E0D2CF8091EF
:10E7A000AA128093D11281E090E09093D0128093CE
:10E7B000CF120F94A46D4BCD8CE08093D112809139
:10E7C000AA129091AB129093D0128093CF120F9413
:10E7D000A46D8CEE95E60F94734717E0B2CF0F94BB
:10E7E000C86D35CD82E80F94AC6D8093921282385B
:10E7F00009F02DCDBCCC8091A9128134D1F60F94B3
:10E800006147D7CF8830B1F050F38A3009F039CF63
:10E810008091A912813409F018CD0F94614715CD6C
:10E820001092D1121092D0121092CF1281E88093E0
:10E8300092120DCD81E80F94AC6DF9CF873049F27B
:10E8400008F463CE883009F478CE7BCF80919212A1
:10E8500087FD9ACCFCCC133009F46CC01B3009F056
:10E8600080CF8091D2128093F9128BE096E60F94BC
:10E8700019420F94CE6F5EC08091D41281115AC09C
:10E880000E94CC49882309F455C08091140E9091C0
:10E89000150E8835924009F44DC0809151128111B6
:10E8A00049C080917012811145C080916F12811111
:10E8B00041C09091130E8091120E9817D9F180915A
:10E8C000130E90E02EE63091120E381789F0289F33
:10E8D000F0011124EE5CF84F4485558566857785F7
:10E8E000452B462B472B09F09F5F8F5F8F70EBCF37
:10E8F000992301F18CE995E60E94E85E809151121E
:10E90000811105C060E070E0CB010F942B4E60E0F8
:10E9100070E0CB010E94444A86ED9EE00F942D7D6D
:10E92000813021F40F94CC4D8F3F91F58EE693E624
:10E930000F94964F8091AC12823019F481E080934D
:10E94000FE121093FD1280913007882351F08091C0
:10E95000170E811106C08091F6129091F7120F9454
:10E960007C43A0960FB6F894DEBF0FBECDBFDF91FB
:10E97000CF911F910F91FF90EF90DF90CF90BF90BC
:10E98000AF909F908F907F906F905F904F90089581
:10E9900082E995E6CDCF0091D1128091F51208174A
:10E9A00009F446C0809191128430A9F480919412A8
:10E9B000882389F089E080933107E8E5F5E60E3198
:10E9C00030F4E02FF0E0EE0FFF1FE85AFA4985918E
:10E9D00094910E943DBBE8E5F5E60E3130F4E02F5E
:10E9E000F0E0EE0FFF1FE85AFA49859194910F94D9
:10E9F00019420093F512033049F00C3109F09ACF17
:10EA00000F94990B81E08093001394CF8091911221
:10EA1000843031F4809194128455823008F48ACF86
:10EA20000F94990B81E0809301130F942F4B82CFA9
:10EA3000033071F10C3109F07DCF809100138823F0
:10EA400009F478CF0F9429428823B1F1813009F07D
:10EA500071CF109200130F9417401092160E609110
:10EA6000DC1270E090E080E00F94B9776B017C01DC
:10EA70006091DB1270E06E5F7F4F072E000C880BF9
:10EA8000990B0F94BB77A70196010F94F54152CFD4
:10EA900080910113882309F44DCF9091120E80913B
:10EAA000130E981347CF0F9429428150833008F4F6
:10EAB000BCCF109201133ECF9091120E8091130E95
:10EAC000981338CF6091DC1270E090E080E00F94F2
:10EAD000B9779B01AC0160E070E08FEA93E4D5CF99
:10EAE0001830B9F0193009F025CF60E00F94E35BDE
:10EAF00019E020CF61E08091CF129091D0120F9455
:10EB0000E35B18CF82E08093FE1260E08EE290E833
:10EB1000F6CF1092FE121092AC121092911260E099
:10EB20008CE290E8ECCF0F945647ABCD002301F375
:10EB3000DCCF8091FF1282FF07C08B7F8093FF1292
:10EB400089EF96E60F9419428091FF1281FF50C021
:10EB50008091F3129091F412892B09F449C08BEE45
:10EB600096E60F9419428091F3129091F4120F944B
:10EB7000E44D8091FF128D7F8093FF128091F312FC
:10EB80009091F41290935C1280935B128EE092E667
:10EB90000E944EBD4BEB56E662E080E00E9492532D
:10EBA00060912E0E70912F0E8091300E9091310E4B
:10EBB0000F94C67F20915B1230915C12C901861BB5
:10EBC000970B06976CF081E00E94556E80E00F94E1
:10EBD00088700F94524184E690E00E949A70E0CFD2
:10EBE0000F94284180ED96E60F9419420C94B1538E
:10EBF00008950F931F93CF93DF9300D01F921F921E
:10EC0000CDB7DEB7182F062F1092FF1283E0809346
:10EC1000780219821A821B821C821D8290E080E099
:10EC20000E949A709091FF12898192FF37C08111E2
:10EC30001EC0CE0101960F94FD0082EE94E60F9463
:10EC40001942E091FD12E250EA3040F7F0E08827E7
:10EC5000E35DF9488E4F0D943D7E0B019302D50183
:10EC6000D5019F02D501AB0167029901D50140E4AE
:10EC700057E76BE170E0CE0101960E9450FF8823B8
:10EC800001F38091FF128B7F82608093FF121092BC
:10EC90005C1210925B1282ED94E6D1CF882389F248
:10ECA00019828CEB94E6CBCF0F9499750F94554B4A
:10ECB0008091170E811107C088EA96E60E94E85EEF
:10ECC00083E08093E3120F94990B81E00F900F90F3
:10ECD0000F900F900F90DF91CF911F910F9108959A
:10ECE0000F94CE6FF2CF8091E412811197CF812FD4
:10ECF0000F949F4B802F0F94394B0F94CE6F8ECF74
:10ED00000F9499750F94554B89CF80E0DFCFCF9347
:10ED1000DF9300D01F921F92CDB7DEB71092F0168E
:10ED20001092EF1662E18CE294E60F94C15F0F94AB
:10ED3000F34140E065E5CE0101960F94E64149813B
:10ED40005A816B817C818D810F94696E61E080E0D6
:10ED50000F94F975811103C00F944A41E8CF83E005
:10ED60000F94241683E60F94EC4D83E68093E6120D
:10ED70008EEE96E10E948F590F900F900F900F909A
:10ED80000F90DF91CF910895CF930F94EA5FC82F32
:10ED9000882379F088EC90E00F945C4582E00F9432
:10EDA00024160F94B85F0F9487760F94DF5F0F944B
:10EDB00028418C2FCF9108950F931F93CF93DF930A
:10EDC00000D01F921F92CDB7DEB7082F0F94EA5FD5
:10EDD000182F882339F1602F8DEF91E60F942B4186
:10EDE0000F94B85F0F94F341402F6CE4CE0101966D
:10EDF0000F94E64149815A816B817C818D810F940A
:10EE0000696E60E080E00F94F975182F811103C0DE
:10EE10000F944A41E7CF83E00F9424160F94DF5FED
:10EE20000F942841812F0F900F900F900F900F900B
:10EE3000DF91CF911F910F910895FF920F931F9330
:10EE4000CF93DF9300D01F921F92CDB7DEB7082F6C
:10EE5000F62E0F94EA5F182F8823A1F1FF2029F0E6
:10EE6000602F8EEE91E60F942B418091D412811188
:10EE70000F94C4760F94B85F0F94F341402F65E46C
:10EE8000CE0101960F94E64149815A816B817C81C4
:10EE90008D810F94696E61E080E00F94F975182FF1
:10EEA000811103C00F944A41E7CF83E60F94EC4DE4
:10EEB00083E68093E61283E00F9424160F94DF5FBD
:10EEC0000F942841812F0F900F900F900F900F906B
:10EED000DF91CF911F910F91FF9008951F93CF93D2
:10EEE000DF9300D01F921F92CDB7DEB7182F0F947B
:10EEF000F341412F6BE4CE0101960F94E641498125
:10EF00005A816B817C818D810F94696E61E080E014
:10EF10000F94F975811103C00F944A41E8CF0F9007
:10EF20000F900F900F900F90DF91CF911F91089548
:10EF3000CF93C82F682F81EE91E60F942B418091DB
:10EF4000D41281110F94C4760F94B85F8C2F0F9454
:10EF50006E7783E60F94EC4D83E68093E61283E0B0
:10EF60000F9424160F94DF5F0F94284181E0CF9116
:10EF70000895E89409C097FB3EF4909580957095AC
:10EF800061957F4F8F4F9F4F9923A9F0F92F96E9F5
:10EF9000BB279395F695879577956795B795F1116A
:10EFA000F8CFFAF4BB0F11F460FF1BC06F5F7F4F07
:10EFB0008F4F9F4F16C0882311F096E911C0772319
:10EFC00021F09EE8872F762F05C0662371F096E822
:10EFD000862F70E060E02AF09A95660F771F881FF1
:10EFE000DAF7880F9695879597F908959B01AC01FC
:10EFF0000D94FA770F940D780D947E780F947078B5
:10F0000038F00F94777820F0952311F00D946778FD
:10F010000D946D7811240D94B2780F948F7870F35D
:10F02000959FC1F3950F50E0551F629FF001729FAD
:10F03000BB27F00DB11D639FAA27F00DB11DAA1FBC
:10F04000649F6627B00DA11D661F829F2227B00D09
:10F05000A11D621F739FB00DA11D621F839FA00D94
:10F06000611D221F749F3327A00D611D231F849FE4
:10F07000600D211D822F762F6A2F11249F5750403B
:10F080009AF0F1F088234AF0EE0FFF1FBB1F661FB6
:10F09000771F881F91505040A9F79E3F510580F07F
:10F0A0000D9467780D94B2785F3FE4F3983ED4F303
:10F0B000869577956795B795F795E7959F5FC1F723
:10F0C000FE2B880F911D9695879597F9089597F9CE
:10F0D0009F6780E870E060E008959FEF80EC0895FE
:10F0E00000240A9416161706180609060895002427
:10F0F0000A9412161306140605060895092E0394A1
:10F10000000C11F4882352F0BB0F40F4BF2B11F414
:10F1100060FF04C06F5F7F4F8F4F9F4F089557FD73
:10F120009058440F551F59F05F3F71F04795880F75
:10F1300097FB991F61F09F3F79F08795089512160C
:10F1400013061406551FF2CF4695F1DF08C01616B8
:10F1500017061806991FF1CF869571056105089469
:10F160000895E894BB2766277727CB0197F9089580
:10F170003F924F925F926F927F928F929F92AF9247
:10F18000BF92CF92DF92EF92FF920F931F93CF9394
:10F19000DF935C016B017A016115710519F0FB01C8
:10F1A00091838083E114F10451F0C70102978397A2
:10F1B00030F040E030E020E090E06BC05E01E5011F
:10F1C0002196F5011081812F90E00F94BE7A892B52
:10F1D000A9F71D3201F52196F501118101E0E11435
:10F1E000F10409F4E6C0F0E1EF16F10409F088C07B
:10F1F000103359F488818F7D883509F07CC01981DE
:10F2000022960260F0E1EF2EF12C812C912CA12CA2
:10F2100088E0B82E92C01B3221F4E5012296F50158
:10F22000118100E0DCCFEAE0EE16F10409F4C7C07A
:10F23000F0E1EF16F10409F073C0E7CF78E0E72EB4
:10F24000F12C812C912CA12C60E1B62E76C021E00E
:10F25000ADC0302F3170C114D10431F0222371F1CF
:10F260002197F601D183C08327FF2EC060E070E0B4
:10F2700080E090E8311104C06FEF7FEF8FEF9FE7E0
:10F2800022E230E03093FC162093FB16462F372FF6
:10F29000282F642F732F822FDF91CF911F910F9111
:10F2A000FF90EF90DF90CF90BF90AF909F908F90A6
:10F2B0007F906F905F904F903F90089501FF04C042
:10F2C0002297F601D183C083332341F09095809536
:10F2D000709561957F4F8F4F9F4FD8CF97FFD6CFB7
:10F2E00082E290E09093FC168093FB166FEF7FEF25
:10F2F0008FEF9FE7CBCF10E3E114F10409F49ECF29
:10F3000028E0E216F10409F49CCF0CF08CCF812C9C
:10F31000912CA12CE0E4BE2E82E0E816F10469F005
:10F3200060E070E080E090E897010F2C000C440B47
:10F33000550B0F94A07D49015A0120E060E070E078
:10F34000CB0127010F2C000C66087708FE0150ED59
:10F35000352E310E39E0331570F43FEB310F49ECA7
:10F36000342E3A3138F03FE9310F3A3108F071CF9D
:10F3700039EA332E310E3E141F040CF06ACF27FDFC
:10F3800015C086169706A806B90678F0A301920163
:10F390000F94907D630D711D811D911D613071056C
:10F3A000810520E8920708F452CF2FEF21961081B3
:10F3B000CDCF103309F41ECF2AE0E22EF12C9CECC5
:10F3C000892E982CA82C9CE0B92EB7CF283008F0B5
:10F3D00027E03327DA01990F311D87FD91600096F0
:10F3E0006105710539F432602E5F3D9330E32A9553
:10F3F000E1F708959F3F30F080387105610509F00D
:10F400003C5F3C5F3D93913008F08068911DDF9335
:10F41000CF931F930F93FF92EF92192F987F96959A
:10F42000E92F96959695E90FFF27E850FA4F99270F
:10F430003327EE24FF24A701E701059008940794E1
:10F4400028F4360FE71EF81E491F511D660F771F5F
:10F45000881F991F0694A1F70590079428F4E70EDA
:10F46000F81E491F561FC11D770F881F991F661F61
:10F470000694A1F70590079428F4F80E491F561F2B
:10F48000C71FD11D880F991F661F771F0694A1F70C
:10F490000590079420F4490F561FC71FD81F990FD6
:10F4A000661F771F881F0694A9F78491109517701F
:10F4B00041F0D695C79557954795F794E7941A95D7
:10F4C000C1F7EEE9F5E068941590159135916591D5
:10F4D000959105907FE27395E118F10A430B560B65
:10F4E000C90BD009C0F7E10CF11E431F561FC91FFD
:10F4F000D01D7EF4703311F48A95E6CFE894015064
:10F5000030F0080F0AF40027021708F4202F239583
:10F51000022F7A3328F079E37D932A95E9F710C01A
:10F520007D932A9589F60694979567953795179553
:10F530001794E118F10A430B560BC90BD00998F048
:10F5400023957E9173957A3308F070E37C932013B2
:10F55000B8F77E9170617D9330F0839571E37D9370
:10F5600070E32A95E1F71124EF90FF900F911F911E
:10F57000CF91DF91992787FD9095089591110D9472
:10F580001A7D803219F089508550C8F70895FB0123
:10F59000DC0102C005900D9241505040D8F708950B
:10F5A000FB01DC010D900020E9F7119705900D9209
:10F5B0000020E1F70895FB01DC018D910590801991
:10F5C0000110D9F3990B0895FB01DC0105900D9210
:10F5D0000020E1F70895FC0105900020E9F78095EF
:10F5E00090958E0F9F1F0895FB01DC014150504004
:10F5F00088F08D9181341CF08B350CF4805E659120
:10F6000061341CF06B350CF4605E861B611171F384
:10F61000990B0895881BFCCFFB01DC014150504041
:10F6200030F08D910590801919F40020B9F7881BEE
:10F63000990B0895FB01DC014150504048F00590C2
:10F640000D920020C9F701C01D9241505040E0F7D3
:10F650000895FC010590615070400110D8F7809525
:10F6600090958E0F9F1F0895FB0155915523A9F08A
:10F67000BF01DC014D9145174111E1F759F4CD016E
:10F680000590002049F04D9140154111C9F3FB014F
:10F690004111EFCF81E090E001970895FC016150A6
:10F6A000704001900110D8F7809590958E0F9F1FA4
:10F6B0000895CF93DF93EC012B8120FF1AC026FF22
:10F6C0000CC02F7B2B838E819F8101969F838E831D
:10F6D0008A8190E0DF91CF91089522FF18C0E881E0
:10F6E000F9818081082E000C990B009729F4206283
:10F6F0002B838FEF9FEFEECF3196F983E8832E8136
:10F700003F812F5F3F4F3F832E839927E3CFEA85C9
:10F71000FB85199597FFF3CF2B81019621F080E2AD
:10F72000822B8B83E6CF80E1FBCF0F931F93CF9388
:10F73000DF93182F092FEB018B8181FD09C01FEF8B
:10F740000FEF812F902FDF91CF911F910F9108958F
:10F7500082FF14C02E813F818C819D81281739073B
:10F760003CF4E881F981CF01019699838883108365
:10F770008E819F8101969F838E83E3CFE885F985F3
:10F78000812F1995892BA1F3DACFEF92FF920F9376
:10F790001F93CF93DF938C017B01DB0113968C9138
:10F7A000D0E0C0E081FD0FC0CFEFDFEF10C0D70188
:10F7B0001896ED91FC91B7011995892B11F0CFEFB7
:10F7C000DFEF0F5F1F4FF80184918111F0CFCE0161
:10F7D000DF91CF911F910F91FF90EF9008950F93BC
:10F7E0001F93CF93DF93CDB7DEB7AE01485F5F4F76
:10F7F000DA016D917D91AD0101E017E1F80182819F
:10F800009381DC0113962C911397286013962C9307
:10F810000E948D34D8011296ED91FC912381277FAF
:10F820002383DF91CF911F910F9108950F931F9321
:10F83000CF93DF938C01E0910317F091041783813C
:10F84000D0E0C0E081FD0AC0CFEFDFEF17C019950F
:10F85000892B11F0CFEFDFEF0F5F1F4FF80184917D
:10F860006091031770910417DB011896ED91FC91DC
:10F870008111EDCF8AE01995892B31F7CE01DF9107
:10F88000CF911F910F9108950F931F93CF93DF9303
:10F89000CDB7DEB72E970FB6F894DEBF0FBECDBF43
:10F8A0000E891F898EE08C831A8309838FEF9FE76F
:10F8B0009E838D83AE01465E5F4F688D798DCE014C
:10F8C00001960E948D342F813885020F131FF80195
:10F8D00010822E960FB6F894DEBF0FBECDBFDF911B
:10F8E000CF911F910F910895CF93DF93EC018B81FE
:10F8F00088608B83CE010E948D342B81277F2B83E0
:10F90000DF91CF9108950F931F93CF93DF93CDB7DE
:10F91000DEB72E970FB6F894DEBF0FBECDBF8C01B9
:10F92000FA018EE08C831A83098377FF02C060E0BE
:10F9300070E8615071097E836D83A901BF01CE011A
:10F9400001960E948D344D815E8157FD0AC02F8142
:10F950003885421753070CF49A01020F131FF80160
:10F9600010822E960FB6F894DEBF0FBECDBFDF918A
:10F97000CF911F910F910895FA01AA27283051F1D4
:10F98000203181F1E8946F936E7F6E5F7F4F8F4FD0
:10F990009F4FAF4FB1E03ED0B4E03CD0670F781F2F
:10F9A000891F9A1FA11D680F791F8A1F911DA11D14
:10F9B0006A0F711D811D911DA11D20D009F468944D
:10F9C0003F912AE0269F11243019305D3193DEF6F5
:10F9D000CF010895462F4770405D4193B3E00FD0AB
:10F9E000C9F7F6CF462F4F70405D4A3318F0495D96
:10F9F00031FD4052419302D0A9F7EACFB4E0A69579
:10FA00009795879577956795BA95C9F7009761059A
:10FA1000710508959B01AC010A2E069457954795F0
:10FA200037952795BA95C9F7620F731F841F951FE5
:10FA3000A01D0895992788270895DC01CB01FC01BA
:10FA4000F999FECF06C0F2BDE1BDF89A319600B437
:10FA50000D9241505040B8F70895F999FECF92BDEC
:10FA600081BDF89A992780B50895A6E1B0E044E0F9
:10FA700050E00D941F7DA8E1B0E042E050E00D940D
:10FA80001F7DDC01A40FB51F4150504048F0CB0151
:10FA9000840F951F2E910F94527D41505040D0F706
:10FAA0000895262FF999FECF92BD81BDF89A01974E
:10FAB00000B4021639F01FBA20BD0FB6F894FA9AB6
:10FAC000F99A0FBE08950396272F0F94527D0F9435
:10FAD000517D252F0F94527D242F0D94527D019638
:10FAE000272F0F94527D0D94517D262FF999FECF2B
:10FAF0001FBA92BD81BD20BD0FB6F894FA9AF99A4B
:10FB00000FBE01960895242F0F94767D252F0F9414
:10FB1000767D0D948B7D0F94757D272F0D94767DCA
:10FB2000DB018F939F930F94C27DBF91AF91A29FF2
:10FB3000800D911DA39F900DB29F900D11240895EB
:10FB4000A1E21A2EAA1BBB1BFD010DC0AA1FBB1FE1
:10FB5000EE1FFF1FA217B307E407F50720F0A21B53
:10FB6000B30BE40BF50B661F771F881F991F1A94C0
:10FB700069F760957095809590959B01AC01BD01EA
:10FB8000CF0108950F94CD7DA59F900DB49F900D4A
:10FB9000A49F800D911D11240895A29FB001B39FD1
:10FBA000C001A39F700D811D1124911DB29F700D86
:10FBB000811D1124911D0895991B79E004C0991F9E
:10FBC000961708F0961B881F7A95C9F780950895B7
:10FBD00087FB082E062687FD819567FD61950F94AA
:10FBE000DC7D0EF4919507FC81950895AA1BBB1B43
:10FBF00051E107C0AA1FBB1FA617B70710F0A61B2D
:10FC0000B70B881F991F5A95A9F780959095BC014D
:10FC1000CD01089597FB072E16F4009407D077FDC9
:10FC200009D00F94F67D07FC05D03EF490958195A0
:10FC30009F4F0895709561957F4F0895052E97FB0E
:10FC40001EF400940F94357E57FD07D00F94A07DCD
:10FC500007FC03D04EF40D94357E509540953095B9
:10FC600021953F4F4F4F5F4F089590958095709528
:10FC700061957F4F8F4F9F4F0895EE0FFF1F881F95
:10FC80008BBF0790F691E02D19940F94CD7D33230F
:10FC900012F48A1B9B0B0D944F7E0F94CD7DB7FF02
:10FCA0000895821B930B08955058BB27AA270F94E1
:10FCB0006C7E0D947E780F94707838F00F9477787E
:10FCC00020F039F49F3F19F426F40D946D780EF46A
:10FCD000E095E7FB0D946778E92F0F948F7858F340
:10FCE000BA17620773078407950720F079F4A6F521
:10FCF0000D94B1780EF4E0950B2EBA2FA02D0B01C8
:10FD0000B90190010C01CA01A0011124FF27591B60
:10FD100099F0593F50F4503E68F11A16F040A22F66
:10FD2000232F342F4427585FF3CF469537952795D7
:10FD3000A795F0405395C9F77EF41F16BA0B620BD6
:10FD4000730B840BBAF09150A1F0FF0FBB1F661F1D
:10FD5000771F881FC2F70EC0BA0F621F731F841F60
:10FD600048F4879577956795B795F7959E3F08F086
:10FD7000B0CF9395880F08F09927EE0F9795879548
:10FD800008950F94707860F080E891E009F49EEF98
:10FD90000F94777828F040E851E071F45EEF0CC0E2
:10FDA0000D946D780D94B178E92FE0780F948F78E9
:10FDB00040F3092E052AB1F32617370748075907DC
:10FDC00038F00E2E07F8E02569F0E025E0640AC05F
:10FDD000EF6307F8009407FADB01B9019D01DC012C
:10FDE000CA01AD01EF930F946B7F0F947E780F944F
:10FDF000047F5F91552339F02BED3FE049E450FD3E
:10FE000049EC0D94557E0895DF93DD27B92FBF7718
:10FE100040E85FE31616170648075B0718F4D92F6A
:10FE20000F9450819F938F937F936F930F94F677E6
:10FE3000E4EEF0E00F9460800F947E782F913F9174
:10FE40004F915F910F940D78DD2351F09058A2EA05
:10FE50002AED3FE049EC5FE3D0785D270F946C7E9C
:10FE6000DF910D947E780F94C68090F09F3748F410
:10FE7000911116F40D94B27860E070E080E89FE391
:10FE8000089526F01B16611D711D811D0D9437808C
:10FE90000D9452800F94138008F481E008950F941C
:10FEA0008980E3950D94B2800F94687F0D947E78DD
:10FEB0000F94777858F00F94707840F029F45F3FF2
:10FEC00029F00D94677851110D94B2780D946D78E6
:10FED0000F948F7868F39923B1F3552391F3951B11
:10FEE000550BBB27AA2762177307840738F09F5F5B
:10FEF0005F4F220F331F441FAA1FA9F335D00E2EC8
:10FF00003AF0E0E832D091505040E695001CCAF734
:10FF10002BD0FE2F29D0660F771F881FBB1F2617F7
:10FF200037074807AB07B0E809F0BB0B802DBF01CE
:10FF3000FF2793585F4F3AF09E3F510578F00D949C
:10FF400067780D94B2785F3FE4F3983ED4F38695DA
:10FF500077956795B795F7959F5FC9F7880F911DBE
:10FF60009695879597F90895E1E0660F771F881FAA
:10FF7000BB1F621773078407BA0720F0621B730B5D
:10FF8000840BBA0BEE1F88F7E09508950F94CD7F90
:10FF90006894B1110D94B27808950F94977888F011
:10FFA0009F5798F0B92F9927B751B0F0E1F0660F3D
:10FFB000771F881F991F1AF0BA95C9F714C0B1307E
:10FFC00091F00F94B178B1E008950D94B178672F56
:10FFD000782F8827B85F39F0B93FCCF386957795AD
:10FFE0006795B395D9F73EF4909580957095619596
:10FFF0007F4F8F4F9F4F08950F94C68090F09F378B
:020000023000CC
:1000000048F4911116F00D94B27860E070E080E849
:100010009FEB089526F41B16611D711D811D0D9423
:1000200037800D945280990F0008550FAA0BE0E815
:10003000FEEF16161706E807F907C0F012161306AA
:10004000E407F50798F0621B730B840B950B39F4EA
:100050000A2661F0232B242B252B21F408950A2650
:1000600009F4A140A6958FEF811D811D0895882375
:1000700071F4772321F09850872B762F07C06623E1
:1000800011F499270DC09051862B70E060E02AF0A2
:100090009A95660F771F881FDAF7880F96958795D0
:1000A00097F908959F3F31F0915020F48795779507
:1000B0006795B795880F911D9695879597F908953F
:1000C000DF93CF931F930F93FF92EF92DF927B0109
:1000D0008C01689406C0DA2EEF010F940D78FE01B2
:1000E000E894A5912591359145915591A6F3EF019D
:1000F0000F946C7EFE019701A801DA9469F7DF90F6
:10010000EF90FF900F911F91CF91DF9108950D9483
:100110006D780F949778D8F3E894E0E0BB279F5769
:10012000F0F02AED3FE049EC06C0EE0FBB0F661F72
:10013000771F881F28F0B23A62077307840728F0F8
:10014000B25A620B730B840BE3959A9572F7803861
:1001500030F49A95BB0F661F771F881FD2F790481F
:100160000D945480EF93E0FF07C0A2EA2AED3FE030
:1001700049EC5FEB0F946C7E0F947E780F900394A4
:1001800001FC9058E1E1F1E00D94A9820F94977879
:10019000A0F0BEE7B91788F4BB279F3860F41616A5
:1001A000B11D672F782F8827985FF7CF86957795B1
:1001B0006795B11D93959639C8F308950F941380F0
:1001C00008F48FEF08950F94707829F00F947778E2
:1001D00011F00D946D780D946778B901CA010D94F2
:1001E00052809F775F770F948F7868F39923A9F3F4
:1001F0005523A9F3FF27951758F4E52FE91BED3098
:1002000060F75E3B10F0F1E41CC09034E0F40AC0EB
:10021000E92FE51BED3018F79E3B10F0F1E411C01B
:10022000503488F4F9EA88232AF09A95660F771FEC
:10023000881FDAF744232AF05A95220F331F441FF0
:10024000DAF79F1B5F1BFF931F930F93FF92EF92B1
:1002500079018A01BB27AB2F9B01AC010F94107869
:100260009701A801BF937B018C01AA27BA2FB9017E
:10027000CA010F941078AF919701A801EF90FF90F9
:100280000F911F910F946C7E0F947E780F942382B0
:100290004F9140FF0895552747FD50950D945C817F
:1002A0009B01AC0160E070E080E89FE30D94547F17
:1002B0000D9467780D9452800F949778D8F3992312
:1002C000C9F3940F511DA3F39150504094F059F08D
:1002D000882332F0660F771F881F91505040C1F776
:1002E0009E3F51052CF7880F911D9695879597F99C
:1002F00008955F3FACF0983E9CF0BB2786957795BC
:100300006795B79508F4B1609395C1F7BB0F58F79F
:1003100011F460FFE8CF6F5F7F4F8F4F9F4FE3CFA8
:100320000D94B2780F94977858F19E5760F19851D8
:10033000A0F0E9F0983020F5092E9927660F771F75
:10034000881F991F0A94D1F712C0062E672F782FA5
:100350008827985F11F4000C07C0993FB4F3869585
:10036000779567959395D9F7611D711D811D3EF4B1
:1003700090958095709561957F4F8F4F9F4F089511
:1003800068940D94B2780D94B178FA01EE0FFF1FC6
:10039000309621053105A1F16115710561F48038B0
:1003A000BFE39B0749F168949038810561F080387C
:1003B000BFEF9B0741F099234AF5FF3FE105310567
:1003C000210519F1E8940894E795D901AA2329F4A5
:1003D000AB2FBE2FF85FD0F310C0FF5F70F4A6956F
:1003E000E0F7F73950F019F0FF3A38F49F779F9310
:1003F0000DD00F9007FC9058089546F00D946D783D
:1004000060E070E080E89FE308954FE79F775F9397
:100410004F933F932F930F94C5822F913F914F910C
:100420005F910F94FA770D9470829F930F94898057
:100430000F9007FCEE5F0D94B28019F416F40D9442
:100440006D780D9452800F949778B8F39923C9F37F
:10045000B6F39F57550B87FF0F94A2820024A0E6A6
:1004600040EA900180585695979528F4805C660F75
:10047000771F881F20F026173707480730F4621BC4
:10048000730B840B202931294A2BA69517940794C6
:10049000202531254A2758F7660F771F881F20F03F
:1004A00026173707480730F4620B730B840B200DB7
:1004B000311D411DA09581F7B901842F9158880FF6
:1004C0009695879508950F941380880B990B08953E
:1004D00029F416F00D9467780D94B1780D946D7829
:1004E0000F949778A8F39638A0F707F80F92E8943E
:1004F0002BE33AEA48EB5FE70F9410780F920F92E4
:100500000F924DB75EB70F920F940D83EFE2F1E0BB
:100510000F9460804F915F91EF91FF91E595EE1FF1
:10052000FF1F49F0FE57E0684427EE0F441FFA957D
:10053000E1F74195550B0F945C810F9007FE0D94E8
:100540005081089591505040660F771F881FD2F751
:1005500008959F938F937F936F93FF93EF939B01E6
:10056000AC010F94FA77EF91FF910F9460802F9177
:100570003F914F915F910D94FA7716F00D94528050
:100580000D946D7868940D9467780F949778A8F31C
:100590009923C1F3AEF3DF93CF931F930F93FF9291
:1005A000C92FDD2788232AF02197660F771F881F20
:1005B000DAF720E030E040E85FEB9FE3883920F095
:1005C000803E38F021968F770F94557EE7E5F1E075
:1005D00004C00F94557EE4E8F1E00F9460808B0135
:1005E000BE01EC01FB2E6F5771097595771F880BC3
:1005F000990B0F94BB7728E132E741E35FE30F9457
:100600000D78AF2D9801AE01FF900F911F91CF9102
:10061000DF910F946C7E0D947E78FA01DC01AA0FB5
:10062000BB1F9B01AC01BF5728F422273327442767
:10063000507820C0B75190F4AB2F002446953795E1
:100640002795011CA395D2F3002071F0220F331FD0
:10065000441FB395DAF30ED00D94547E61307105CA
:10066000A0E88A07B94630F49B01AC0166277727DA
:1006700088279078309621F02083318342835383FA
:1006800008959111089581548A5108F4805E855A25
:100690000895FB01DC0104C08D910190801921F4C3
:1006A00041505040C8F7881B990B0895FB01DC01AD
:1006B00002C001900D9241505040D8F70895DC01DE
:1006C00001C06D9341505040E0F70895FB01DC01FB
:1006D0008D9181341CF08B350CF4805E6191613416
:1006E0001CF06B350CF4605E861B611189F3990B6D
:1006F0000895FB01DC010D900020E9F711970190AE
:100700000D920020E1F70895FC018191861721F0F8
:100710008823D9F7992708953197CF010895FB01D0
:10072000DC018D91019080190110D9F3990B089586
:10073000FB01DC0101900D920020E1F70895FB011F
:10074000DC014150504030F08D910190801919F436
:100750000020B9F7881B990B0895FB01DC0141507B
:10076000504048F001900D920020C9F701C01D9241
:1007700041505040E0F708950F931F93CF93DF93BC
:10078000E0910317F09104172381EC0110E000E0E1
:1007900021FD08C00FEF1FEF14C01995892B11F030
:1007A0000FEF1FEF89916091031770910417DB0120
:1007B0001896ED91FC918111F0CF8AE01995892B63
:1007C00049F7C801DF91CF911F910F91089514E36C
:1007D000C9E5D4E300E006C0802FFE010F943D7E02
:1007E0002196011DCA35D10780E00807A9F7F894C2
:0207F000FFCF39
:1007F200303132333435363738392E200A475800F3
:100802000000803FFFFFFFFF00007A4300005243D9
:100812000000524300000000000080C09A99193E77
:1008220064000240771B0060EA0000FFFFFFFFFF49
:1008320001010000484200003E430000A041D200F6
:10084200FF3FFF3FFF3F01AF0064000201010101D2
:10085200010E013E03C201FFB7490005C949000567
:1008620001FFFFFFFFFF080101020080BB440000FF
:1008720080BF0000000000000000000000006400D3
:10088200000080BF00000000000000000000000027
:100892000000074400804F440000FA4300008743F1
:1008A20000804F440000E14310101010107F7F774A
:1008B2007B777F7F58595A45580059005A00507229
:1008C200757361206933204D4B322E3553000D0A6A
:1008D2000000C0284500C0284500007A440000C836
:1008E200428C22492208222F0000803B4500803B97
:0A08F200450000484400000000002B
:00000001FF
