:100000000C945C570C948D570C948D570C948D5711
:100010000C948D570D9453BC0C948D570C94CF7544
:100020000C94EC750C948D570C948D570C948D5743
:100030000C9428680C948D570D941A490D94A24283
:100040000C948D570D94E6590C948D570C948D5744
:100050000C948D570C948D570C948D570C94D6742A
:100060000C948D570D940CD70C948D570C948D5780
:100070000C948D570C9499940C948D570C948D5727
:100080000C948D570C948D570C948D570C948D5760
:100090000D94C8D60C948D570C948D570C948D5795
:1000A0000C948D570C948D570D9438380C948D57B3
:1000B0000C948D570D941A380C948D570D94644EF2
:1000C0000C948D570C948D570C948D570D94DA37F2
:1000D0000C948D570C948D570C948D570C948D5710
:1000E0000C948D570000000000000000000000008C
:1000F0000000000000000000000000000000000000
:100100005F5345435F4C414E470000000000000034
:1001100000000000000000000000000000000000DF
:1001200000000000000000000000000000000000CF
:1001300000000000000000000000000000000000BF
:1001400000000000000000000000000000000000AF
:10015000000000000000000000000000000000009F
:10016000000000000000000000000000000000008F
:10017000000000000000000000000000000000007F
:10018000000000000000000000000000000000006F
:10019000000000000000000000000000000000005F
:1001A000000000000000000000000000000000004F
:1001B000000000000000000000000000000000003F
:1001C000000000000000000000000000000000002F
:1001D000000000000000000000000000000000001F
:1001E000000000000000000000000000000000000F
:1001F00000000000000000000000000000000000FF
:1002000000000000000000000000000000000000EE
:1002100000000000000000000000000000000000DE
:1002200000000000000000000000000000000000CE
:1002300000000000000000000000000000000000BE
:1002400000000000000000000000000000000000AE
:10025000000000000000000000000000000000009E
:10026000000000000000000000000000000000008E
:10027000000000000000000000000000000000007E
:10028000000000000000000000000000000000006E
:10029000000000000000000000000000000000005E
:1002A000000000000000000000000000000000004E
:1002B000000000000000000000000000000000003E
:1002C000000000000000000000000000000000002E
:1002D000000000000000000000000000000000001E
:1002E000000000000000000000000000000000000E
:1002F00000000000000000000000000000000000FE
:1003000000000000000000000000000000000000ED
:1003100000000000000000000000000000000000DD
:1003200000000000000000000000000000000000CD
:1003300000000000000000000000000000000000BD
:1003400000000000000000000000000000000000AD
:10035000000000000000000000000000000000009D
:10036000000000000000000000000000000000008D
:10037000000000000000000000000000000000007D
:10038000000000000000000000000000000000006D
:10039000000000000000000000000000000000005D
:1003A000000000000000000000000000000000004D
:1003B000000000000000000000000000000000003D
:1003C000000000000000000000000000000000002D
:1003D000000000000000000000000000000000001D
:1003E000000000000000000000000000000000000D
:1003F00000000000000000000000000000000000FD
:1004000000000000000000000000000000000000EC
:1004100000000000000000000000000000000000DC
:1004200000000000000000000000000000000000CC
:1004300000000000000000000000000000000000BC
:1004400000000000000000000000000000000000AC
:10045000000000000000000000000000000000009C
:10046000000000000000000000000000000000008C
:10047000000000000000000000000000000000007C
:10048000000000000000000000000000000000006C
:10049000000000000000000000000000000000005C
:1004A000000000000000000000000000000000004C
:1004B000000000000000000000000000000000003C
:1004C000000000000000000000000000000000002C
:1004D000000000000000000000000000000000001C
:1004E000000000000000000000000000000000000C
:1004F00000000000000000000000000000000000FC
:1005000000000000000000000000000000000000EB
:1005100000000000000000000000000000000000DB
:1005200000000000000000000000000000000000CB
:1005300000000000000000000000000000000000BB
:1005400000000000000000000000000000000000AB
:10055000000000000000000000000000000000009B
:10056000000000000000000000000000000000008B
:10057000000000000000000000000000000000007B
:10058000000000000000000000000000000000006B
:10059000000000000000000000000000000000005B
:1005A000000000000000000000000000000000004B
:1005B000000000000000000000000000000000003B
:1005C000000000000000000000000000000000002B
:1005D000000000000000000000000000000000001B
:1005E000000000000000000000000000000000000B
:1005F00000000000000000000000000000000000FB
:1006000000000000000000000000000000000000EA
:1006100000000000000000000000000000000000DA
:1006200000000000000000000000000000000000CA
:1006300000000000000000000000000000000000BA
:1006400000000000000000000000000000000000AA
:10065000000000000000000000000000000000009A
:10066000000000000000000000000000000000008A
:10067000000000000000000000000000000000007A
:10068000000000000000000000000000000000006A
:10069000000000000000000000000000000000005A
:1006A000000000000000000000000000000000004A
:1006B000000000000000000000000000000000003A
:1006C000000000000000000000000000000000002A
:1006D000000000000000000000000000000000001A
:1006E000000000000000000000000000000000000A
:1006F00000000000000000000000000000000000FA
:1007000000000000000000000000000000000000E9
:1007100000000000000000000000000000000000D9
:1007200000000000000000000000000000000000C9
:1007300000000000000000000000000000000000B9
:1007400000000000000000000000000000000000A9
:100750000000000000000000000000000000000099
:100760000000000000000000000000000000000089
:100770000000000000000000000000000000000079
:100780000000000000000000000000000000000069
:100790000000000000000000000000000000000059
:1007A0000000000000000000000000000000000049
:1007B0000000000000000000000000000000000039
:1007C0000000000000000000000000000000000029
:1007D0000000000000000000000000000000000019
:1007E0000000000000000000000000000000000009
:1007F00000000000000000000000000000000000F9
:1008000000000000000000000000000000000000E8
:1008100000000000000000000000000000000000D8
:1008200000000000000000000000000000000000C8
:1008300000000000000000000000000000000000B8
:1008400000000000000000000000000000000000A8
:100850000000000000000000000000000000000098
:100860000000000000000000000000000000000088
:100870000000000000000000000000000000000078
:100880000000000000000000000000000000000068
:100890000000000000000000000000000000000058
:1008A0000000000000000000000000000000000048
:1008B0000000000000000000000000000000000038
:1008C0000000000000000000000000000000000028
:1008D0000000000000000000000000000000000018
:1008E0000000000000000000000000000000000008
:1008F00000000000000000000000000000000000F8
:1009000000000000000000000000000000000000E7
:1009100000000000000000000000000000000000D7
:1009200000000000000000000000000000000000C7
:1009300000000000000000000000000000000000B7
:1009400000000000000000000000000000000000A7
:100950000000000000000000000000000000000097
:100960000000000000000000000000000000000087
:100970000000000000000000000000000000000077
:100980000000000000000000000000000000000067
:100990000000000000000000000000000000000057
:1009A0000000000000000000000000000000000047
:1009B0000000000000000000000000000000000037
:1009C0000000000000000000000000000000000027
:1009D0000000000000000000000000000000000017
:1009E0000000000000000000000000000000000007
:1009F00000000000000000000000000000000000F7
:100A000000000000000000000000000000000000E6
:100A100000000000000000000000000000000000D6
:100A200000000000000000000000000000000000C6
:100A300000000000000000000000000000000000B6
:100A400000000000000000000000000000000000A6
:100A50000000000000000000000000000000000096
:100A60000000000000000000000000000000000086
:100A70000000000000000000000000000000000076
:100A80000000000000000000000000000000000066
:100A90000000000000000000000000000000000056
:100AA0000000000000000000000000000000000046
:100AB0000000000000000000000000000000000036
:100AC0000000000000000000000000000000000026
:100AD0000000000000000000000000000000000016
:100AE0000000000000000000000000000000000006
:100AF00000000000000000000000000000000000F6
:100B000000000000000000000000000000000000E5
:100B100000000000000000000000000000000000D5
:100B200000000000000000000000000000000000C5
:100B300000000000000000000000000000000000B5
:100B400000000000000000000000000000000000A5
:100B50000000000000000000000000000000000095
:100B60000000000000000000000000000000000085
:100B70000000000000000000000000000000000075
:100B80000000000000000000000000000000000065
:100B90000000000000000000000000000000000055
:100BA0000000000000000000000000000000000045
:100BB0000000000000000000000000000000000035
:100BC0000000000000000000000000000000000025
:100BD0000000000000000000000000000000000015
:100BE0000000000000000000000000000000000005
:100BF00000000000000000000000000000000000F5
:100C000000000000000000000000000000000000E4
:100C100000000000000000000000000000000000D4
:100C200000000000000000000000000000000000C4
:100C300000000000000000000000000000000000B4
:100C400000000000000000000000000000000000A4
:100C50000000000000000000000000000000000094
:100C60000000000000000000000000000000000084
:100C70000000000000000000000000000000000074
:100C80000000000000000000000000000000000064
:100C90000000000000000000000000000000000054
:100CA0000000000000000000000000000000000044
:100CB0000000000000000000000000000000000034
:100CC0000000000000000000000000000000000024
:100CD0000000000000000000000000000000000014
:100CE0000000000000000000000000000000000004
:100CF00000000000000000000000000000000000F4
:100D000000000000000000000000000000000000E3
:100D100000000000000000000000000000000000D3
:100D200000000000000000000000000000000000C3
:100D300000000000000000000000000000000000B3
:100D400000000000000000000000000000000000A3
:100D50000000000000000000000000000000000093
:100D60000000000000000000000000000000000083
:100D70000000000000000000000000000000000073
:100D80000000000000000000000000000000000063
:100D90000000000000000000000000000000000053
:100DA0000000000000000000000000000000000043
:100DB0000000000000000000000000000000000033
:100DC0000000000000000000000000000000000023
:100DD0000000000000000000000000000000000013
:100DE0000000000000000000000000000000000003
:100DF00000000000000000000000000000000000F3
:100E000000000000000000000000000000000000E2
:100E100000000000000000000000000000000000D2
:100E200000000000000000000000000000000000C2
:100E300000000000000000000000000000000000B2
:100E400000000000000000000000000000000000A2
:100E50000000000000000000000000000000000092
:100E60000000000000000000000000000000000082
:100E70000000000000000000000000000000000072
:100E80000000000000000000000000000000000062
:100E90000000000000000000000000000000000052
:100EA0000000000000000000000000000000000042
:100EB0000000000000000000000000000000000032
:100EC0000000000000000000000000000000000022
:100ED0000000000000000000000000000000000012
:100EE0000000000000000000000000000000000002
:100EF00000000000000000000000000000000000F2
:100F000000000000000000000000000000000000E1
:100F100000000000000000000000000000000000D1
:100F200000000000000000000000000000000000C1
:100F300000000000000000000000000000000000B1
:100F400000000000000000000000000000000000A1
:100F50000000000000000000000000000000000091
:100F60000000000000000000000000000000000081
:100F70000000000000000000000000000000000071
:100F80000000000000000000000000000000000061
:100F90000000000000000000000000000000000051
:100FA0000000000000000000000000000000000041
:100FB0000000000000000000000000000000000031
:100FC0000000000000000000000000000000000021
:100FD0000000000000000000000000000000000011
:100FE0000000000000000000000000000000000001
:100FF00000000000000000000000000000000000F1
:1010000000000000000000000000000000000000E0
:1010100000000000000000000000000000000000D0
:1010200000000000000000000000000000000000C0
:1010300000000000000000000000000000000000B0
:1010400000000000000000000000000000000000A0
:101050000000000000000000000000000000000090
:101060000000000000000000000000000000000080
:101070000000000000000000000000000000000070
:101080000000000000000000000000000000000060
:101090000000000000000000000000000000000050
:1010A0000000000000000000000000000000000040
:1010B0000000000000000000000000000000000030
:1010C0000000000000000000000000000000000020
:1010D0000000000000000000000000000000000010
:1010E0000000000000000000000000000000000000
:1010F00000000000000000000000000000000000F0
:1011000000000000000000000000000000000000DF
:1011100000000000000000000000000000000000CF
:1011200000000000000000000000000000000000BF
:1011300000000000000000000000000000000000AF
:10114000000000000000000000000000000000009F
:10115000000000000000000000000000000000008F
:10116000000000000000000000000000000000007F
:10117000000000000000000000000000000000006F
:10118000000000000000000000000000000000005F
:10119000000000000000000000000000000000004F
:1011A000000000000000000000000000000000003F
:1011B000000000000000000000000000000000002F
:1011C000000000000000000000000000000000001F
:1011D000000000000000000000000000000000000F
:1011E00000000000000000000000000000000000FF
:1011F00000000000000000000000000000000000EF
:1012000000000000000000000000000000000000DE
:1012100000000000000000000000000000000000CE
:1012200000000000000000000000000000000000BE
:1012300000000000000000000000000000000000AE
:10124000000000000000000000000000000000009E
:10125000000000000000000000000000000000008E
:10126000000000000000000000000000000000007E
:10127000000000000000000000000000000000006E
:10128000000000000000000000000000000000005E
:10129000000000000000000000000000000000004E
:1012A000000000000000000000000000000000003E
:1012B000000000000000000000000000000000002E
:1012C000000000000000000000000000000000001E
:1012D000000000000000000000000000000000000E
:1012E00000000000000000000000000000000000FE
:1012F00000000000000000000000000000000000EE
:1013000000000000000000000000000000000000DD
:1013100000000000000000000000000000000000CD
:1013200000000000000000000000000000000000BD
:1013300000000000000000000000000000000000AD
:10134000000000000000000000000000000000009D
:10135000000000000000000000000000000000008D
:10136000000000000000000000000000000000007D
:10137000000000000000000000000000000000006D
:10138000000000000000000000000000000000005D
:10139000000000000000000000000000000000004D
:1013A000000000000000000000000000000000003D
:1013B000000000000000000000000000000000002D
:1013C000000000000000000000000000000000001D
:1013D000000000000000000000000000000000000D
:1013E00000000000000000000000000000000000FD
:1013F00000000000000000000000000000000000ED
:1014000000000000000000000000000000000000DC
:1014100000000000000000000000000000000000CC
:1014200000000000000000000000000000000000BC
:1014300000000000000000000000000000000000AC
:10144000000000000000000000000000000000009C
:10145000000000000000000000000000000000008C
:10146000000000000000000000000000000000007C
:10147000000000000000000000000000000000006C
:10148000000000000000000000000000000000005C
:10149000000000000000000000000000000000004C
:1014A000000000000000000000000000000000003C
:1014B000000000000000000000000000000000002C
:1014C000000000000000000000000000000000001C
:1014D000000000000000000000000000000000000C
:1014E00000000000000000000000000000000000FC
:1014F00000000000000000000000000000000000EC
:1015000000000000000000000000000000000000DB
:1015100000000000000000000000000000000000CB
:1015200000000000000000000000000000000000BB
:1015300000000000000000000000000000000000AB
:10154000000000000000000000000000000000009B
:10155000000000000000000000000000000000008B
:10156000000000000000000000000000000000007B
:10157000000000000000000000000000000000006B
:10158000000000000000000000000000000000005B
:10159000000000000000000000000000000000004B
:1015A000000000000000000000000000000000003B
:1015B000000000000000000000000000000000002B
:1015C000000000000000000000000000000000001B
:1015D000000000000000000000000000000000000B
:1015E00000000000000000000000000000000000FB
:1015F00000000000000000000000000000000000EB
:1016000000000000000000000000000000000000DA
:1016100000000000000000000000000000000000CA
:1016200000000000000000000000000000000000BA
:1016300000000000000000000000000000000000AA
:10164000000000000000000000000000000000009A
:10165000000000000000000000000000000000008A
:10166000000000000000000000000000000000007A
:10167000000000000000000000000000000000006A
:10168000000000000000000000000000000000005A
:10169000000000000000000000000000000000004A
:1016A000000000000000000000000000000000003A
:1016B000000000000000000000000000000000002A
:1016C000000000000000000000000000000000001A
:1016D000000000000000000000000000000000000A
:1016E00000000000000000000000000000000000FA
:1016F00000000000000000000000000000000000EA
:1017000000000000000000000000000000000000D9
:1017100000000000000000000000000000000000C9
:1017200000000000000000000000000000000000B9
:1017300000000000000000000000000000000000A9
:101740000000000000000000000000000000000099
:101750000000000000000000000000000000000089
:101760000000000000000000000000000000000079
:101770000000000000000000000000000000000069
:101780000000000000000000000000000000000059
:101790000000000000000000000000000000000049
:1017A0000000000000000000000000000000000039
:1017B0000000000000000000000000000000000029
:1017C0000000000000000000000000000000000019
:1017D0000000000000000000000000000000000009
:1017E00000000000000000000000000000000000F9
:1017F00000000000000000000000000000000000E9
:1018000000000000000000000000000000000000D8
:1018100000000000000000000000000000000000C8
:1018200000000000000000000000000000000000B8
:1018300000000000000000000000000000000000A8
:101840000000000000000000000000000000000098
:101850000000000000000000000000000000000088
:101860000000000000000000000000000000000078
:101870000000000000000000000000000000000068
:101880000000000000000000000000000000000058
:101890000000000000000000000000000000000048
:1018A0000000000000000000000000000000000038
:1018B0000000000000000000000000000000000028
:1018C0000000000000000000000000000000000018
:1018D0000000000000000000000000000000000008
:1018E00000000000000000000000000000000000F8
:1018F00000000000000000000000000000000000E8
:1019000000000000000000000000000000000000D7
:1019100000000000000000000000000000000000C7
:1019200000000000000000000000000000000000B7
:1019300000000000000000000000000000000000A7
:101940000000000000000000000000000000000097
:101950000000000000000000000000000000000087
:101960000000000000000000000000000000000077
:101970000000000000000000000000000000000067
:101980000000000000000000000000000000000057
:101990000000000000000000000000000000000047
:1019A0000000000000000000000000000000000037
:1019B0000000000000000000000000000000000027
:1019C0000000000000000000000000000000000017
:1019D0000000000000000000000000000000000007
:1019E00000000000000000000000000000000000F7
:1019F00000000000000000000000000000000000E7
:101A000000000000000000000000000000000000D6
:101A100000000000000000000000000000000000C6
:101A200000000000000000000000000000000000B6
:101A300000000000000000000000000000000000A6
:101A40000000000000000000000000000000000096
:101A50000000000000000000000000000000000086
:101A60000000000000000000000000000000000076
:101A70000000000000000000000000000000000066
:101A80000000000000000000000000000000000056
:101A90000000000000000000000000000000000046
:101AA0000000000000000000000000000000000036
:101AB0000000000000000000000000000000000026
:101AC0000000000000000000000000000000000016
:101AD0000000000000000000000000000000000006
:101AE00000000000000000000000000000000000F6
:101AF00000000000000000000000000000000000E6
:101B000000000000000000000000000000000000D5
:101B100000000000000000000000000000000000C5
:101B200000000000000000000000000000000000B5
:101B300000000000000000000000000000000000A5
:101B40000000000000000000000000000000000095
:101B50000000000000000000000000000000000085
:101B60000000000000000000000000000000000075
:101B70000000000000000000000000000000000065
:101B80000000000000000000000000000000000055
:101B90000000000000000000000000000000000045
:101BA0000000000000000000000000000000000035
:101BB0000000000000000000000000000000000025
:101BC0000000000000000000000000000000000015
:101BD0000000000000000000000000000000000005
:101BE00000000000000000000000000000000000F5
:101BF00000000000000000000000000000000000E5
:101C000000000000000000000000000000000000D4
:101C100000000000000000000000000000000000C4
:101C200000000000000000000000000000000000B4
:101C300000000000000000000000000000000000A4
:101C40000000000000000000000000000000000094
:101C50000000000000000000000000000000000084
:101C60000000000000000000000000000000000074
:101C70000000000000000000000000000000000064
:101C80000000000000000000000000000000000054
:101C90000000000000000000000000000000000044
:101CA0000000000000000000000000000000000034
:101CB0000000000000000000000000000000000024
:101CC0000000000000000000000000000000000014
:101CD0000000000000000000000000000000000004
:101CE00000000000000000000000000000000000F4
:101CF00000000000000000000000000000000000E4
:101D000000000000000000000000000000000000D3
:101D100000000000000000000000000000000000C3
:101D200000000000000000000000000000000000B3
:101D300000000000000000000000000000000000A3
:101D40000000000000000000000000000000000093
:101D50000000000000000000000000000000000083
:101D60000000000000000000000000000000000073
:101D70000000000000000000000000000000000063
:101D80000000000000000000000000000000000053
:101D90000000000000000000000000000000000043
:101DA0000000000000000000000000000000000033
:101DB0000000000000000000000000000000000023
:101DC0000000000000000000000000000000000013
:101DD0000000000000000000000000000000000003
:101DE00000000000000000000000000000000000F3
:101DF00000000000000000000000000000000000E3
:101E000000000000000000000000000000000000D2
:101E100000000000000000000000000000000000C2
:101E200000000000000000000000000000000000B2
:101E300000000000000000000000000000000000A2
:101E40000000000000000000000000000000000092
:101E50000000000000000000000000000000000082
:101E60000000000000000000000000000000000072
:101E70000000000000000000000000000000000062
:101E80000000000000000000000000000000000052
:101E90000000000000000000000000000000000042
:101EA0000000000000000000000000000000000032
:101EB0000000000000000000000000000000000022
:101EC0000000000000000000000000000000000012
:101ED0000000000000000000000000000000000002
:101EE00000000000000000000000000000000000F2
:101EF00000000000000000000000000000000000E2
:101F000000000000000000000000000000000000D1
:101F100000000000000000000000000000000000C1
:101F200000000000000000000000000000000000B1
:101F300000000000000000000000000000000000A1
:101F40000000000000000000000000000000000091
:101F50000000000000000000000000000000000081
:101F60000000000000000000000000000000000071
:101F70000000000000000000000000000000000061
:101F80000000000000000000000000000000000051
:101F90000000000000000000000000000000000041
:101FA0000000000000000000000000000000000031
:101FB0000000000000000000000000000000000021
:101FC0000000000000000000000000000000000011
:101FD0000000000000000000000000000000000001
:101FE00000000000000000000000000000000000F1
:101FF00000000000000000000000000000000000E1
:1020000000000000000000000000000000000000D0
:1020100000000000000000000000000000000000C0
:1020200000000000000000000000000000000000B0
:1020300000000000000000000000000000000000A0
:102040000000000000000000000000000000000090
:102050000000000000000000000000000000000080
:102060000000000000000000000000000000000070
:102070000000000000000000000000000000000060
:102080000000000000000000000000000000000050
:102090000000000000000000000000000000000040
:1020A0000000000000000000000000000000000030
:1020B0000000000000000000000000000000000020
:1020C0000000000000000000000000000000000010
:1020D0000000000000000000000000000000000000
:1020E00000000000000000000000000000000000F0
:1020F00000000000000000000000000000000000E0
:1021000000000000000000000000000000000000CF
:1021100000000000000000000000000000000000BF
:1021200000000000000000000000000000000000AF
:10213000000000000000000000000000000000009F
:10214000000000000000000000000000000000008F
:10215000000000000000000000000000000000007F
:10216000000000000000000000000000000000006F
:10217000000000000000000000000000000000005F
:10218000000000000000000000000000000000004F
:10219000000000000000000000000000000000003F
:1021A000000000000000000000000000000000002F
:1021B000000000000000000000000000000000001F
:1021C000000000000000000000000000000000000F
:1021D00000000000000000000000000000000000FF
:1021E00000000000000000000000000000000000EF
:1021F00000000000000000000000000000000000DF
:1022000000000000000000000000000000000000CE
:1022100000000000000000000000000000000000BE
:1022200000000000000000000000000000000000AE
:10223000000000000000000000000000000000009E
:10224000000000000000000000000000000000008E
:10225000000000000000000000000000000000007E
:10226000000000000000000000000000000000006E
:10227000000000000000000000000000000000005E
:10228000000000000000000000000000000000004E
:10229000000000000000000000000000000000003E
:1022A000000000000000000000000000000000002E
:1022B000000000000000000000000000000000001E
:1022C000000000000000000000000000000000000E
:1022D00000000000000000000000000000000000FE
:1022E00000000000000000000000000000000000EE
:1022F00000000000000000000000000000000000DE
:1023000000000000000000000000000000000000CD
:1023100000000000000000000000000000000000BD
:1023200000000000000000000000000000000000AD
:10233000000000000000000000000000000000009D
:10234000000000000000000000000000000000008D
:10235000000000000000000000000000000000007D
:10236000000000000000000000000000000000006D
:10237000000000000000000000000000000000005D
:10238000000000000000000000000000000000004D
:10239000000000000000000000000000000000003D
:1023A000000000000000000000000000000000002D
:1023B000000000000000000000000000000000001D
:1023C000000000000000000000000000000000000D
:1023D00000000000000000000000000000000000FD
:1023E00000000000000000000000000000000000ED
:1023F00000000000000000000000000000000000DD
:1024000000000000000000000000000000000000CC
:1024100000000000000000000000000000000000BC
:1024200000000000000000000000000000000000AC
:10243000000000000000000000000000000000009C
:10244000000000000000000000000000000000008C
:10245000000000000000000000000000000000007C
:10246000000000000000000000000000000000006C
:10247000000000000000000000000000000000005C
:10248000000000000000000000000000000000004C
:10249000000000000000000000000000000000003C
:1024A000000000000000000000000000000000002C
:1024B000000000000000000000000000000000001C
:1024C000000000000000000000000000000000000C
:1024D00000000000000000000000000000000000FC
:1024E00000000000000000000000000000000000EC
:1024F00000000000000000000000000000000000DC
:1025000000000000000000000000000000000000CB
:1025100000000000000000000000000000000000BB
:1025200000000000000000000000000000000000AB
:10253000000000000000000000000000000000009B
:10254000000000000000000000000000000000008B
:10255000000000000000000000000000000000007B
:10256000000000000000000000000000000000006B
:10257000000000000000000000000000000000005B
:10258000000000000000000000000000000000004B
:10259000000000000000000000000000000000003B
:1025A000000000000000000000000000000000002B
:1025B000000000000000000000000000000000001B
:1025C000000000000000000000000000000000000B
:1025D00000000000000000000000000000000000FB
:1025E00000000000000000000000000000000000EB
:1025F00000000000000000000000000000000000DB
:1026000000000000000000000000000000000000CA
:1026100000000000000000000000000000000000BA
:1026200000000000000000000000000000000000AA
:10263000000000000000000000000000000000009A
:10264000000000000000000000000000000000008A
:10265000000000000000000000000000000000007A
:10266000000000000000000000000000000000006A
:10267000000000000000000000000000000000005A
:10268000000000000000000000000000000000004A
:10269000000000000000000000000000000000003A
:1026A000000000000000000000000000000000002A
:1026B000000000000000000000000000000000001A
:1026C000000000000000000000000000000000000A
:1026D00000000000000000000000000000000000FA
:1026E00000000000000000000000000000000000EA
:1026F00000000000000000000000000000000000DA
:1027000000000000000000000000000000000000C9
:1027100000000000000000000000000000000000B9
:1027200000000000000000000000000000000000A9
:102730000000000000000000000000000000000099
:102740000000000000000000000000000000000089
:102750000000000000000000000000000000000079
:102760000000000000000000000000000000000069
:102770000000000000000000000000000000000059
:102780000000000000000000000000000000000049
:102790000000000000000000000000000000000039
:1027A0000000000000000000000000000000000029
:1027B0000000000000000000000000000000000019
:1027C0000000000000000000000000000000000009
:1027D00000000000000000000000000000000000F9
:1027E00000000000000000000000000000000000E9
:1027F00000000000000000000000000000000000D9
:1028000000000000000000000000000000000000C8
:1028100000000000000000000000000000000000B8
:1028200000000000000000000000000000000000A8
:102830000000000000000000000000000000000098
:102840000000000000000000000000000000000088
:102850000000000000000000000000000000000078
:102860000000000000000000000000000000000068
:102870000000000000000000000000000000000058
:102880000000000000000000000000000000000048
:102890000000000000000000000000000000000038
:1028A0000000000000000000000000000000000028
:1028B0000000000000000000000000000000000018
:1028C0000000000000000000000000000000000008
:1028D00000000000000000000000000000000000F8
:1028E00000000000000000000000000000000000E8
:1028F00000000000000000000000000000000000D8
:1029000000000000000000000000000000000000C7
:1029100000000000000000000000000000000000B7
:1029200000000000000000000000000000000000A7
:102930000000000000000000000000000000000097
:102940000000000000000000000000000000000087
:102950000000000000000000000000000000000077
:102960000000000000000000000000000000000067
:102970000000000000000000000000000000000057
:102980000000000000000000000000000000000047
:102990000000000000000000000000000000000037
:1029A0000000000000000000000000000000000027
:1029B0000000000000000000000000000000000017
:1029C0000000000000000000000000000000000007
:1029D00000000000000000000000000000000000F7
:1029E00000000000000000000000000000000000E7
:1029F00000000000000000000000000000000000D7
:102A000000000000000000000000000000000000C6
:102A100000000000000000000000000000000000B6
:102A200000000000000000000000000000000000A6
:102A30000000000000000000000000000000000096
:102A40000000000000000000000000000000000086
:102A50000000000000000000000000000000000076
:102A60000000000000000000000000000000000066
:102A70000000000000000000000000000000000056
:102A80000000000000000000000000000000000046
:102A90000000000000000000000000000000000036
:102AA0000000000000000000000000000000000026
:102AB0000000000000000000000000000000000016
:102AC0000000000000000000000000000000000006
:102AD00000000000000000000000000000000000F6
:102AE00000000000000000000000000000000000E6
:102AF00000000000000000000000000000000000D6
:102B000000000000000000000000000000000000C5
:102B100000000000000000000000000000000000B5
:102B200000000000000000000000000000000000A5
:102B30000000000000000000000000000000000095
:102B40000000000000000000000000000000000085
:102B50000000000000000000000000000000000075
:102B60000000000000000000000000000000000065
:102B70000000000000000000000000000000000055
:102B80000000000000000000000000000000000045
:102B90000000000000000000000000000000000035
:102BA0000000000000000000000000000000000025
:102BB0000000000000000000000000000000000015
:102BC0000000000000000000000000000000000005
:102BD00000000000000000000000000000000000F5
:102BE00000000000000000000000000000000000E5
:102BF00000000000000000000000000000000000D5
:102C000000000000000000000000000000000000C4
:102C100000000000000000000000000000000000B4
:102C200000000000000000000000000000000000A4
:102C30000000000000000000000000000000000094
:102C40000000000000000000000000000000000084
:102C50000000000000000000000000000000000074
:102C60000000000000000000000000000000000064
:102C70000000000000000000000000000000000054
:102C80000000000000000000000000000000000044
:102C90000000000000000000000000000000000034
:102CA0000000000000000000000000000000000024
:102CB0000000000000000000000000000000000014
:102CC0000000000000000000000000000000000004
:102CD00000000000000000000000000000000000F4
:102CE00000000000000000000000000000000000E4
:102CF00000000000000000000000000000000000D4
:102D000000000000000000000000000000000000C3
:102D100000000000000000000000000000000000B3
:102D200000000000000000000000000000000000A3
:102D30000000000000000000000000000000000093
:102D40000000000000000000000000000000000083
:102D50000000000000000000000000000000000073
:102D60000000000000000000000000000000000063
:102D70000000000000000000000000000000000053
:102D80000000000000000000000000000000000043
:102D90000000000000000000000000000000000033
:102DA0000000000000000000000000000000000023
:102DB0000000000000000000000000000000000013
:102DC0000000000000000000000000000000000003
:102DD00000000000000000000000000000000000F3
:102DE00000000000000000000000000000000000E3
:102DF00000000000000000000000000000000000D3
:102E000000000000000000000000000000000000C2
:102E100000000000000000000000000000000000B2
:102E200000000000000000000000000000000000A2
:102E30000000000000000000000000000000000092
:102E40000000000000000000000000000000000082
:102E50000000000000000000000000000000000072
:102E60000000000000000000000000000000000062
:102E70000000000000000000000000000000000052
:102E80000000000000000000000000000000000042
:102E90000000000000000000000000000000000032
:102EA0000000000000000000000000000000000022
:102EB0000000000000000000000000000000000012
:102EC0000000000000000000000000000000000002
:102ED00000000000000000000000000000000000F2
:102EE00000000000000000000000000000000000E2
:102EF00000000000000000000000000000000000D2
:102F000000000000000000000000000000000000C1
:102F100000000000000000000000000000000000B1
:102F200000000000000000000000000000000000A1
:102F30000000000000000000000000000000000091
:102F40000000000000000000000000000000000081
:102F50000000000000000000000000000000000071
:102F60000000000000000000000000000000000061
:102F70000000000000000000000000000000000051
:102F80000000000000000000000000000000000041
:102F90000000000000000000000000000000000031
:102FA0000000000000000000000000000000000021
:102FB0000000000000000000000000000000000011
:102FC0000000000000000000000000000000000001
:102FD00000000000000000000000000000000000F1
:102FE00000000000000000000000000000000000E1
:102FF00000000000000000000000000000000000D1
:1030000000000000000000000000000000000000C0
:1030100000000000000000000000000000000000B0
:1030200000000000000000000000000000000000A0
:103030000000000000000000000000000000000090
:103040000000000000000000000000000000000080
:103050000000000000000000000000000000000070
:103060000000000000000000000000000000000060
:103070000000000000000000000000000000000050
:103080000000000000000000000000000000000040
:103090000000000000000000000000000000000030
:1030A0000000000000000000000000000000000020
:1030B0000000000000000000000000000000000010
:1030C0000000000000000000000000000000000000
:1030D00000000000000000000000000000000000F0
:1030E00000000000000000000000000000000000E0
:1030F00000000000000000000000000000000000D0
:1031000000000000000000000000000000000000BF
:1031100000000000000000000000000000000000AF
:10312000000000000000000000000000000000009F
:10313000000000000000000000000000000000008F
:10314000000000000000000000000000000000007F
:10315000000000000000000000000000000000006F
:10316000000000000000000000000000000000005F
:10317000000000000000000000000000000000004F
:10318000000000000000000000000000000000003F
:10319000000000000000000000000000000000002F
:1031A000000000000000000000000000000000001F
:1031B000000000000000000000000000000000000F
:1031C00000000000000000000000000000000000FF
:1031D00000000000000000000000000000000000EF
:1031E00000000000000000000000000000000000DF
:1031F00000000000000000000000000000000000CF
:1032000000000000000000000000000000000000BE
:1032100000000000000000000000000000000000AE
:10322000000000000000000000000000000000009E
:10323000000000000000000000000000000000008E
:10324000000000000000000000000000000000007E
:10325000000000000000000000000000000000006E
:10326000000000000000000000000000000000005E
:10327000000000000000000000000000000000004E
:10328000000000000000000000000000000000003E
:10329000000000000000000000000000000000002E
:1032A000000000000000000000000000000000001E
:1032B000000000000000000000000000000000000E
:1032C00000000000000000000000000000000000FE
:1032D00000000000000000000000000000000000EE
:1032E00000000000000000000000000000000000DE
:1032F00000000000000000000000000000000000CE
:1033000000000000000000000000000000000000BD
:1033100000000000000000000000000000000000AD
:10332000000000000000000000000000000000009D
:10333000000000000000000000000000000000008D
:10334000000000000000000000000000000000007D
:10335000000000000000000000000000000000006D
:10336000000000000000000000000000000000005D
:10337000000000000000000000000000000000004D
:10338000000000000000000000000000000000003D
:10339000000000000000000000000000000000002D
:1033A000000000000000000000000000000000001D
:1033B000000000000000000000000000000000000D
:1033C00000000000000000000000000000000000FD
:1033D00000000000000000000000000000000000ED
:1033E00000000000000000000000000000000000DD
:1033F00000000000000000000000000000000000CD
:1034000000000000000000000000000000000000BC
:1034100000000000000000000000000000000000AC
:10342000000000000000000000000000000000009C
:10343000000000000000000000000000000000008C
:10344000000000000000000000000000000000007C
:10345000000000000000000000000000000000006C
:10346000000000000000000000000000000000005C
:10347000000000000000000000000000000000004C
:10348000000000000000000000000000000000003C
:10349000000000000000000000000000000000002C
:1034A000000000000000000000000000000000001C
:1034B000000000000000000000000000000000000C
:1034C00000000000000000000000000000000000FC
:1034D00000000000000000000000000000000000EC
:1034E00000000000000000000000000000000000DC
:1034F00000000000000000000000000000000000CC
:1035000000000000000000000000000000000000BB
:1035100000000000000000000000000000000000AB
:10352000000000000000000000000000000000009B
:10353000000000000000000000000000000000008B
:10354000000000000000000000000000000000007B
:10355000000000000000000000000000000000006B
:10356000000000000000000000000000000000005B
:10357000000000000000000000000000000000004B
:10358000000000000000000000000000000000003B
:10359000000000000000000000000000000000002B
:1035A000000000000000000000000000000000001B
:1035B000000000000000000000000000000000000B
:1035C00000000000000000000000000000000000FB
:1035D00000000000000000000000000000000000EB
:1035E00000000000000000000000000000000000DB
:1035F00000000000000000000000000000000000CB
:103600000000437261736820646574656374656467
:103610002E000100536F6D652070726F626C656DD6
:1036200020656E636F756E74657265642C205A2D0B
:103630006C6576656C696E6720656E666F72636532
:1036400064202E2E2E0002004D6573682062656492
:10365000206C6576656C696E67206661696C65646F
:103660002E205072696E742063616E63656C6564B0
:103670002E00030048656174696E67206469736198
:10368000626C656420627920736166657479207468
:10369000696D65722E00040053544F505045442EFE
:1036A00000050050415553454420544845524D4172
:1036B0004C204552524F52000600472D636F6465FF
:1036C00020736C6963656420666F72206120646991
:1036D00066666572656E74206C6576656C2E000793
:1036E00000472D636F646520736C696365642066B1
:1036F0006F72206120646966666572656E74206C05
:103700006576656C2E20506C656173652072652D41
:10371000736C69636520746865206D6F64656C20E7
:10372000616761696E2E000800472D636F64652034
:10373000736C6963656420666F722061206E6577C3
:103740006572206669726D776172652E00090047A7
:103750002D636F646520736C6963656420666F72A6
:103760002061206E65776572206669726D7761727F
:10377000652E20506C656173652075706461746599
:1037800020746865206669726D776172652E000A23
:1037900000472D636F646520736C69636564206600
:1037A0006F72206120646966666572656E74207050
:1037B00072696E74657220747970652E000B004713
:1037C0002D636F646520736C6963656420666F7236
:1037D000206120646966666572656E742070726926
:1037E0006E74657220747970652E20506C656173FB
:1037F000652072652D736C69636520746865206D42
:103800006F64656C20616761696E2E000C005072F8
:1038100065737320746865206B6E6F6220746F200F
:1038200070726568656174206E6F7A7A6C6520616C
:103830006E6420636F6E74696E75652E000D0050A6
:103840006C656173652070726573732074686520A0
:103850006B6E6F6220746F20756E6C6F6164206692
:10386000696C616D656E74000E00616E642070722B
:1038700065737320746865206B6E6F62000F00497A
:103880006E736572742066696C616D656E7400108C
:1038900000436F6C6F72206E6F7420636F7272657D
:1038A000637400110046696C616D656E74206E6F03
:1038B00074206C6F616465640012004368616E6718
:1038C000656420636F72726563746C790013004CD9
:1038D0006F6164696E6720636F6C6F7200140043E0
:1038E00068616E6765207375636365737321001586
:1038F00000506C65617365206F70656E2069646C43
:10390000657220616E642072656D6F7665206669F0
:103910006C616D656E74206D616E75616C6C792E75
:103920000016005761732066696C616D656E7420C6
:10393000756E6C6F61642073756363657373667510
:103940006C3F001700506C6561736520757067727D
:103950006164652E0018004E6577206669726D7788
:103960006172652076657273696F6E206176616938
:103970006C61626C653A00190057616974696E6721
:1039800020666F722050494E44412070726F62650C
:1039900020636F6F6C696E67001A00506C6561730D
:1039A000652077616974001B004E6F206D6F76652E
:1039B0002E001C005761697420666F722075736554
:1039C000722E2E2E001D00537461626C6520616D95
:1039D0006269656E742074656D706572617475726C
:1039E000652032312D323643206973206E6565645F
:1039F00065642061207269676964207374616E6414
:103A00002069732072657175697265642E001E00ED
:103A1000506C656173652072756E2058595A206329
:103A2000616C6962726174696F6E20666972737429
:103A30002E001F0050494E44412063616C2E00202F
:103A40000052657365742058595A2063616C69622D
:103A5000722E0021005049442063616C69627261DA
:103A600074696F6E002200426564206C6576656C37
:103A700020636F72726563740023004D6573682064
:103A8000426564204C6576656C696E67002400436E
:103A9000616C696272617465205A00250043616C33
:103AA0006962726174652058595A00260053656C2A
:103AB000667465737400270042656C7420746573C6
:103AC0007400280057697A61726400290054657394
:103AD00074696E672066696C616D656E74002A009A
:103AE0004C6F616420416C6C002B00506C656173FD
:103AF000652070756C6C206F75742066696C616DE3
:103B0000656E7420696D6D6564696174656C7900BA
:103B10002C005265736574002D0052656E616D65F1
:103B2000002E004669727374206C6179657220639F
:103B3000616C2E002F0053656C6563740030005378
:103B40007465656C20736865657473003100537526
:103B500070706F72740032004661696C207374611A
:103B60007473204D4D550033004661696C207374A9
:103B7000617473003400537461746973746963739E
:103B800000350043616C6962726174696F6E003662
:103B9000004175746F4C6F61642066696C616D657E
:103BA0006E740037004C6F61642066696C616D65EE
:103BB0006E74003800556E6C6F61642066696C61CC
:103BC0006D656E740039004C6F616420746F206EF7
:103BD0006F7A7A6C65003A005072656C6F61642090
:103BE000746F204D4D55003B004E6F7A7A6C652006
:103BF000642E003C004E6F205344206361726400C9
:103C00003D005072696E742066726F6D20534400DF
:103C10003E00436C65617220544D206572726F7274
:103C2000003F00526573756D65207072696E740097
:103C300040005061757365207072696E74004100B8
:103C400053657420526561647900420053657420A5
:103C50006E6F74205265616479004300507265682C
:103C600065617400440054756E650045004C6976CA
:103C7000652061646A757374205A0046005265704D
:103C800072696E74004700496E666F2073637265D7
:103C9000656E0048004272696768746E65737300F0
:103CA0004900417373697374004A0053696C656E0F
:103CB00074004B004F6E6365004C00536F756E646B
:103CC000004D004C6F7564004E0046696C2E2073E9
:103CD000656E736F72004F004368616E67652066A2
:103CE000696C616D656E74005000466C6F770051B1
:103CF0000053706565640052004D61676E657473B2
:103D000020636F6D702E0053004E2F410054005AF7
:103D10002D70726F6265206E722E0055004D6573B6
:103D20006800560054696D656F75740057004D6FDB
:103D300064650058004175746F00590044696D0056
:103D40005A00427269676874005B004C6576656C66
:103D50002044696D6D6564005C004C6576656C207F
:103D6000427269676874005D0053657474696E67B8
:103D700073005E00596573005F004E6F0060005372
:103D8000746F70207072696E7400610043686563BF
:103D90006B696E672066696C6500620046696C65D8
:103DA00020696E636F6D706C6574652E00630084AE
:103DB000526566726573680064004D61696E0065E6
:103DC00000496E73657274207468652066696C6161
:103DD0006D656E742028646F206E6F74206C6F6147
:103DE000642069742920696E746F20746865206589
:103DF0007874727564657220616E64207468656E93
:103E000020707265737320746865206B6E6F622E0C
:103E100000660053656E736F72207665726966691D
:103E200065642C2072656D6F766520746865206608
:103E3000696C616D656E74206E6F772E0067005639
:103E40006572696669636174696F6E206661696C29
:103E500065642C2072656D6F7665207468652066D8
:103E6000696C616D656E7420616E64207472792076
:103E7000616761696E2E006800506C656173652032
:103E8000636865636B207468652049522073656EB2
:103E9000736F7220636F6E6E656374696F6E2C2032
:103EA000756E6C6F61642066696C616D656E7420FF
:103EB00069662070726573656E742E006900506CBF
:103EC0006561736520756E6C6F6164207468652030
:103ED00066696C616D656E742066697273742C20FE
:103EE0007468656E207265706561742074686973AA
:103EF00020616374696F6E2E006A0057616974698E
:103F00006E6720666F72206E6F7A7A6C6520616EC4
:103F1000642062656420636F6F6C696E67006B007C
:103F200053656C6563742066696C616D656E743A87
:103F3000006C0053656C6674657374204F4B006DA4
:103F40000053656C667465737420737461727400D9
:103F50006E005072696E742066616E3A006F0048A0
:103F60006F74656E642066616E3A00700043616C28
:103F70006962726174696E6720686F6D65007100B7
:103F8000416C6C20636F72726563740072004368E9
:103F900065636B696E672073656E736F7273007310
:103FA00000436865636B696E6720686F74656E6453
:103FB000007400436865636B696E67206265640026
:103FC0007500436865636B696E67205A2061786984
:103FD00073007600436865636B696E6720592061E2
:103FE000786973007700436865636B696E67205872
:103FF0002061786973007800436865636B696E6758
:1040000020656E6473746F7073007900436172642D
:104010002072656D6F766564007A004261636B00A3
:104020007B00537472696374007C005761726E0088
:104030007D004E6F6E65007E004E6F7A7A6C652053
:104040006368616E6765643F007F004E6F7A7A6CCB
:104050006520697320686F74212057616974206638
:104060006F7220636F6F6C646F776E2E00800050EC
:1040700049442063616C2E2066696E6973686564CB
:104080000081005049442063616C2E008200507210
:10409000696E742070617573656400830050726985
:1040A0006E742061626F727465640084004E6F7A72
:1040B0007A6C65206469616D6574657220646966F7
:1040C000666572732066726F6D2074686520472D77
:1040D000636F64652E0085004E6F7A7A6C6520648C
:1040E00069616D65746572206469666665727320C6
:1040F00066726F6D2074686520472D636F64652E4E
:1041000020506C6561736520636865636B2074681B
:10411000652076616C756520696E207365747469BD
:104120006E67732E0086005468657265206973207F
:104130006E6F2066696C616D656E74206C6F616472
:1041400065642E0087004D4B3353206669726D778E
:10415000617265206465746563746564206F6E20A8
:104160004D4B33207072696E746572008800426C2A
:1041700061636B6F7574206F636375727265642E13
:10418000205265636F766572207072696E743F00AD
:104190008900546865726D616C206D6F64656C2078
:1041A0006E6F742063616C696272617465642079FA
:1041B00065742E008A0054686572652069732073E7
:1041C00074696C6C2061206E65656420746F206D6D
:1041D000616B65205A2063616C6962726174696FFA
:1041E0006E2E20506C6561736520666F6C6C6F7706
:1041F00020746865206D616E75616C2C2063686148
:10420000707465722046697273742073746570737C
:104210002C2073656374696F6E2043616C696272F0
:104220006174696F6E20666C6F772E008B00507220
:10423000696E74657220686173206E6F74206265A8
:10424000656E2063616C6962726174656420796572
:10425000742E20506C6561736520666F6C6C6F778F
:1042600020746865206D616E75616C2C20636861D7
:10427000707465722046697273742073746570730C
:104280002C2073656374696F6E2043616C69627280
:104290006174696F6E20666C6F772E008C005365B9
:1042A0006C66746573742077696C6C20626520722B
:1042B000756E20746F2063616C6962726174652031
:1042C00061636375726174652073656E736F726C80
:1042D000657373207265686F6D696E672E008D005F
:1042E0004F6C642073657474696E677320666F75B4
:1042F0006E642E2044656661756C74205049442CB0
:1043000020457374657073206574632E2077696C23
:104310006C206265207365742E008E005761726E8A
:10432000696E673A20626F7468207072696E746596
:1043300072207479706520616E64206D6F74686599
:1043400072626F6172642074797065206368616E57
:104350006765642E008F005761726E696E673A2040
:104360007072696E7465722074797065206368611B
:104370006E6765642E0090005761726E696E673AD1
:10438000206D6F74686572626F61726420747970F9
:1043900065206368616E6765642E009100536865EF
:1043A00065740092004E6F74207370696E6E696E52
:1043B000670093005370696E6E696E6700940046E3
:1043C000616E207465737400950053656C66746546
:1043D0007374206661696C65640096002573206CB7
:1043E0006576656C20657870656374656400970018
:1043F00046616C73652074726967676572696E6780
:1044000000980046696C616D656E742073656E730B
:104410006F7200990053776170706564009A00466E
:10442000726F6E742F6C6566742066616E73009B8C
:104430000041786973009C0041786973206C656E57
:10444000677468009D004C6F6F73652070756C6CAD
:104450006579009E004C65667420686F74656E64B3
:104460002066616E3F009F0046726F6E742070720E
:10447000696E742066616E3F00A000456E647374BF
:104480006F70206E6F742068697400A100456E64BF
:1044900073746F7000A2004D6F746F7200A30045BB
:1044A0006E6473746F707300A400576972696E67ED
:1044B000206572726F7200A5004265642F486561C5
:1044C00074657200A6004E6F7420636F6E6E656334
:1044D00074656400A7004865617465722F5468654F
:1044E000726D6973746F7200A800506C65617365BA
:1044F00020636865636B3A00A90053656C66746558
:104500007374206572726F722100AA0058595A2084
:1045100063616C6962726174696F6E20616C6C209A
:1045200072696768742E20536B65772077696C6CAD
:1045300020626520636F72726563746564206175C3
:10454000746F6D61746963616C6C792E00AB005897
:10455000595A2063616C6962726174696F6E20617F
:104560006C6C2072696768742E20582F592061780E
:1045700065732061726520736C696768746C79205B
:10458000736B657765642E20476F6F64206A6F6276
:104590002100AC0058595A2063616C6962726174E1
:1045A000696F6E206F6B2E20582F592061786573CC
:1045B000206172652070657270656E646963756CE8
:1045C00061722E20436F6E67726174756C617469DD
:1045D0006F6E732100AD0058595A2063616C696297
:1045E000726174696F6E20636F6D70726F6D697345
:1045F00065642E2052696768742066726F6E74203D
:1046000063616C6962726174696F6E20706F696E4C
:1046100074206E6F7420726561636861626C652ED0
:1046200000AE0058595A2063616C69627261746906
:104630006F6E20636F6D70726F6D697365642E208D
:1046400046726F6E742063616C6962726174696F27
:104650006E20706F696E7473206E6F742072656166
:10466000636861626C652E00AF0058595A2063611F
:104670006C6962726174696F6E206661696C6564F1
:104680002E2052696768742066726F6E74206361B1
:104690006C6962726174696F6E20706F696E7420EC
:1046A0006E6F7420726561636861626C652E00B024
:1046B0000058595A2063616C6962726174696F6E47
:1046C000206661696C65642E2046726F6E7420638B
:1046D000616C6962726174696F6E20706F696E746B
:1046E00073206E6F7420726561636861626C652E01
:1046F00000B10058595A2063616C69627261746933
:104700006F6E206661696C65642E20506C65617304
:104710006520636F6E73756C7420746865206D61BD
:104720006E75616C2E00B20058595A2063616C6935
:1047300062726174696F6E206661696C65642E20B7
:104740004265642063616C6962726174696F6E2096
:10475000706F696E7420776173206E6F7420666F5E
:10476000756E642E00B300506C6561736520706CCB
:1047700061636520737465656C207368656574207A
:104780006F6E20686561746265642E00B4004469D0
:104790007374616E6365206265747765656E2074FD
:1047A0006970206F6620746865206E6F7A7A6C6518
:1047B00020616E6420746865206265642073757280
:1047C0006661636520686173206E6F742062656541
:1047D0006E20736574207965742E20506C6561734A
:1047E0006520666F6C6C6F7720746865206D616EF4
:1047F00075616C2C20636861707465722046697203
:1048000073742073746570732C2073656374696F9F
:104810006E204669727374206C61796572206361E1
:104820006C6962726174696F6E2E00B500506C61C4
:1048300063652061207368656574206F6620706110
:1048400070657220756E64657220746865206E6F85
:104850007A7A6C6520647572696E67207468652069
:1048600063616C6962726174696F6E206F66206645
:1048700069727374203420706F696E74732E2049CE
:104880006620746865206E6F7A7A6C652063617447
:1048900063686573207468652070617065722C2090
:1048A000706F776572206F6666207468652070721D
:1048B000696E74657220696D6D6564696174656C9B
:1048C000792E00B600536561726368696E67206275
:1048D00065642063616C6962726174696F6E2070D7
:1048E0006F696E7400B7004D6561737572696E67AC
:1048F000207265666572656E6365206865696768C4
:1049000074206F662063616C6962726174696F6E96
:1049100020706F696E7400B800506C65617365201B
:10492000636C65616E20746865206E6F7A7A6C6561
:1049300020666F722063616C6962726174696F6E68
:104940002E20436C69636B207768656E20646F6E00
:10495000652E00B9004175746F20686F6D6500BAEF
:1049600000544845524D414C20414E4F4D414C5909
:1049700000BB00526573756D696E67207072696E59
:104980007400BC0050494E44412048656174696E12
:104990006700BD0043616C6962726174696F6E206B
:1049A000646F6E6500BE0043616C69627261746918
:1049B0006E67205A00BF0042656420646F6E650018
:1049C000C0004265642048656174696E6700C1007B
:1049D00048656174696E6720646F6E652E00C20061
:1049E00048656174696E6700C3004D4D552066616E
:1049F000696C7300C4004D4D55206C6F6164206676
:104A000061696C7300C5004D4D5520706F776572FC
:104A1000206661696C7300C6004D617465726961DE
:104A20006C206368616E67657300C700546F7461C2
:104A30006C206661696C7572657300C8004C6173A7
:104A400074207072696E74206661696C757265732A
:104A500000C900506F776572206661696C75726578
:104A60007300CA0046696C2E2072756E6F75747380
:104A700000CB00437261736800CC00546F74616CAA
:104A800000CD004C617374207072696E7400CE00AA
:104A9000416D6269656E7400CF00566F6C7461671A
:104AA000657300D00054656D7065726174757265D0
:104AB0007300D10042656C74207374617475730067
:104AC000D20053656E736F7220696E666F00D300FB
:104AD000457874727564657220696E666F00D400E3
:104AE00058595A2063616C2E2064657461696C7337
:104AF00000D5005072696E7465722049502041647F
:104B000064723A00D600756E6B6E6F776E00D700D8
:104B10004D4D5520636F6E6E656374656400D800FB
:104B2000446174653A00D900746F20756E6C6F61D2
:104B3000642066696C616D656E7400DA00746F20C4
:104B40006C6F61642066696C616D656E7400DB007A
:104B5000507265737320746865206B6E6F6200DC41
:104B60000050726568656174696E6720746F2063B8
:104B7000757400DD0050726568656174696E672048
:104B8000746F20656A65637400DE00507265686545
:104B90006174696E6720746F20756E6C6F6164005C
:104BA000DF0050726568656174696E6720746F20FC
:104BB0006C6F616400E000436F6F6C646F776E0030
:104BC000E10046696C616D656E742065787472757C
:104BD00064696E672026207769746820636F72723B
:104BE00065637420636F6C6F723F00E200456A6515
:104BF000637400E3004175746F6C6F6164696E6784
:104C00002066696C616D656E7420697320616374E0
:104C10006976652C206A75737420707265737320D1
:104C2000746865206B6E6F6220616E6420696E73BC
:104C30006572742066696C616D656E742E2E2E002F
:104C4000E400546F74616C2066696C616D656E740C
:104C500000E500546F74616C207072696E7420748A
:104C6000696D6500E60046696C616D656E7420755E
:104C700073656400E7005072696E742074696D6535
:104C800000E8005072656865617420746865206E84
:104C90006F7A7A6C652100E9004552524F523A0012
:104CA000EA00592064697374616E63652066726FEF
:104CB0006D206D696E00EB004C65667400EC00526F
:104CC0006967687400ED004D6561737572656420F5
:104CD000736B657700EE00536C6967687420736BC3
:104CE000657700EF0053657665726520736B6577B5
:104CF00000F0005B303B305D20706F696E74206F98
:104D0000666673657400F10041646A757374696E58
:104D100067205A00F2005265617220736964652051
:104D20005BE46D5D00F30046726F6E74207369641E
:104D3000655BE46D5D00F400526967687420736917
:104D400064655BE46D5D00F5004C65667420736915
:104D50006465205BE46D5D00F60053657420746546
:104D60006D70657261747572653A00F70050494E56
:104D700044412063616C6962726174696F6E206680
:104D800061696C656400F80050494E4441206361DC
:104D90006C6962726174696F6E2069732066696EF6
:104DA000697368656420616E642061637469766507
:104DB0002E2049742063616E2062652064697361EE
:104DC000626C656420696E206D656E752053657434
:104DD00074696E67732D3E50494E44412063616C87
:104DE0002E00F900457874727564657200FA004D02
:104DF0006F7665205A00FB004D6F7665205900FCE8
:104E0000004D6F7665205800FD0043726173682085
:104E1000646574656374696F6E2063616E0A6265B0
:104E2000207475726E6564206F6E206F6E6C7920D1
:104E3000696E0A4E6F726D616C206D6F646500FE65
:104E4000005741524E494E473A0A437261736820F7
:104E5000646574656374696F6E0A64697361626C1A
:104E6000656420696E0A537465616C7468206D6FA7
:104E7000646500FF004D6F6465206368616E67655F
:104E800020696E2070726F67726573732E2E2E000C
:104E90000001436F70792073656C656374656420ED
:104EA0006C616E67756167653F000101436F6D6DF1
:104EB000756E697479206D616465000201536865DF
:104EC000657420252E37730A5A206F6666736574E1
:104ED0003A20252B312E33666D6D0A2563436F6EA4
:104EE00074696E75650A2563526573657400030104
:104EF000506C65617365206C6F61642066696C61DC
:104F00006D656E742066697273742E0004014361CE
:104F10006E63656C00050152756E6E696E67205791
:104F2000697A6172642077696C6C2064656C657461
:104F3000652063757272656E742063616C6962725C
:104F40006174696F6E20726573756C747320616E25
:104F5000642073746172742066726F6D207468656A
:104F600020626567696E6E696E672E000601507279
:104F70006568656174696E67206E6F7A7A6C652EFC
:104F800020506C6561736520776169742E0007019C
:104F9000506C6561736520696E7365727420666913
:104FA0006C616D656E7420696E746F207468652025
:104FB00065787472756465722C207468656E2070F3
:104FC0007265737320746865206B6E6F6220746FF6
:104FD000206C6F61642069742E000801506C65615B
:104FE000736520696E736572742066696C616D65A6
:104FF0006E7420696E746F207468652066697273C0
:10500000742074756265206F6620746865204D4D4C
:10501000552C207468656E207072657373207468F7
:1050200065206B6E6F6220746F206C6F6164206905
:10503000742E000901546865207072696E7465727F
:105040002077696C6C207374617274207072696E61
:1050500074696E672061207A69672D7A6167206CB8
:10506000696E652E20526F746174652074686520C6
:105070006B6E6F6220756E74696C20796F7520722B
:105080006561636820746865206F7074696D616C18
:10509000206865696768742E20436865636B2074B7
:1050A000686520706963747572657320696E207419
:1050B00068652068616E64626F6F6B202843616C65
:1050C0006962726174696F6E206368617074657281
:1050D000292E000A0153656C6563742074656D7038
:1050E00065726174757265207768696368206D61A7
:1050F000746368657320796F7572206D6174657271
:1051000069616C2E000B0153656C6563742061202E
:1051100066696C616D656E7420666F722074686577
:10512000204669727374204C617965722043616C0A
:105130006962726174696F6E20616E642073656C60
:1051400065637420697420696E20746865206F6ED1
:105150002D73637265656E206D656E752E000C0192
:105160004E6F7720492077696C6C2063616C6962AF
:10517000726174652064697374616E636520626531
:10518000747765656E20746970206F662074686539
:10519000206E6F7A7A6C6520616E64206865617438
:1051A00062656420737572666163652E000D015A35
:1051B0002063616C6962726174696F6E20726563ED
:1051C0006F6D6D656E6465642E2052756E20697416
:1051D000206E6F773F000E01506C65617365207221
:1051E000656D6F766520737465656C2073686565A1
:1051F000742066726F6D20686561746265642E004C
:105200000F01497320737465656C2073686565745C
:10521000206F6E20686561746265643F0010015004
:105220006C6561736520636865636B206F757220C0
:1052300068616E64626F6F6B20616E64206669786E
:10524000207468652070726F626C656D2E205468E2
:10525000656E20726573756D652074686520576989
:105260007A617264206279207265626F6F74696E10
:105270006720746865207072696E7465722E001103
:1052800001416C6C20697320646F6E652E2048614B
:10529000707079207072696E74696E6721001201F6
:1052A000596F752063616E20616C7761797320722C
:1052B0006573756D65207468652057697A617264DD
:1052C0002066726F6D2043616C6962726174696FF0
:1052D0006E202D3E2057697A6172642E00130149B9
:1052E0006620796F752068617665206164646974F1
:1052F000696F6E616C20737465656C207368656599
:1053000074732C2063616C696272617465207468C7
:10531000656972207072657365747320696E2053BD
:10532000657474696E6773202D2048572053657427
:105330007570202D20537465656C207368656574E5
:10534000732E001401506C6561736520636C656198
:105350006E206865617462656420616E64207468A3
:10536000656E20707265737320746865206B6E6F54
:10537000622E001501446F20796F752077616E747D
:1053800020746F20726570656174206C6173742085
:105390007374657020746F20726561646A757374CC
:1053A0002064697374616E636520626574776565F6
:1053B0006E206E6F7A7A6C6520616E64206865611C
:1053C000746265643F00160153656C656374206EFA
:1053D0006F7A7A6C65207072656865617420746597
:1053E0006D70657261747572652077686963682095
:1053F0006D61746368657320796F7572206D617477
:10540000657269616C2E00170149732066696C61D1
:105410006D656E74206C6F616465643F00180154A3
:105420006865726D616C206D6F64656C2063616C82
:105430002E2074616B657320617070726F782E20FE
:105440003132206D696E732E205365650A70727556
:1054500073612E696F2F746D2D63616C0019014E9D
:105460006F7720492077696C6C2070726568656180
:1054700074206E6F7A7A6C6520666F7220504C4192
:105480002E001A01492077696C6C2072756E207AA3
:105490002063616C6962726174696F6E206E6F77F0
:1054A0002E001B014E6F772072656D6F766520743C
:1054B00068652074657374207072696E74206672FA
:1054C0006F6D20737465656C2073686565742E005C
:1054D0001C01506C656173652072656D6F76652087
:1054E0007368697070696E672068656C7065727347
:1054F0002066697273742E001D01492077696C6CF7
:105500002072756E2078797A2063616C69627261AD
:1055100074696F6E206E6F772E2049742077696CE6
:105520006C2074616B6520757020746F203234209C
:105530006D696E732E001E0146697273742C2049CA
:105540002077696C6C2072756E20746865207365B5
:105550006C667465737420746F20636865636B2078
:105560006D6F737420636F6D6D6F6E206173736503
:105570006D626C792070726F626C656D732E001FA6
:105580000148692C204920616D20796F7572204F88
:10559000726967696E616C2050727573612069333E
:1055A000207072696E7465722E20576F756C64205E
:1055B000796F75206C696B65206D6520746F20674D
:1055C0007569646520796F75207468726F75676896
:1055D000207468652073657475702070726F6365E0
:1055E00073733F00200148692C204920616D2079A8
:1055F0006F7572204F726967696E616C20507275A9
:105600007361206933207072696E7465722E20494F
:105610002077696C6C20677569646520796F7520E7
:105620007468726F75676820612073686F72742088
:1056300073657475702070726F636573732C206965
:105640006E20776869636820746865205A2D6178D8
:1056500069732077696C6C2062652063616C696294
:1056600072617465642E205468656E2C20796F75A4
:105670002077696C6C2062652072656164792074A2
:105680006F207072696E742E002101452D636F7258
:10569000726563740022015A2D636F7272656374C0
:1056A000002301592D636F727265637400240158E1
:1056B0002D636F72726563740025015061757365A7
:1056C000002601465320416374696F6E0027014331
:1056D0006F6E742E002801462E206175746F6C6FFA
:1056E0006164002901462E2072756E6F7574002A60
:1056F000014D4D55204D6F6465002B014375747449
:105700006572002C01537465616C7468002D01434F
:1057100072617368206465742E002E0146616E20EC
:105720007370656564002F01426564003001466155
:105730006E7320636865636B0031014D6F64656C47
:105740000032014E6F7A7A6C6500330143686563FD
:105750006B730034014E6F7A7A6C65206368616EFA
:105760006765003501416C706861626574003601DF
:10577000536F727400370154696D650038014E6FC4
:10578000726D616C00390153442063617264003AA8
:105790000153656C656374206C616E677561676544
:1057A000003B0152506920706F7274003C014C69DB
:1057B0006E2E20636F7272656374696F6E003D01B7
:1057C0004857205365747570003E014C6F616469E1
:1057D0006E672054657374003F0144697361626CA5
:1057E000652073746570706572730040014D6F764B
:1057F00065206178697300410154656D706572615F
:105800007475726500420146656564696E6720744F
:105810006F204653656E736F720043014D6F76695A
:105820006E672073656C6563746F72004401486F26
:105830006D696E670045015265747261637420661C
:10584000726F6D2046494E4441004601456A6563CA
:1058500074696E672066696C616D656E74004701DE
:105860005061726B696E672073656C6563746F72EB
:1058700000480152657475726E696E672073656CBD
:105880006563746F72004901506572666F726D696D
:105890006E6720637574004A0150757368696E679E
:1058A0002066696C616D656E74004B0150726570A5
:1058B0006172696E6720626C616465004C015365BA
:1058C0006C656374696E672066696C2E20736C6FFB
:1058D00074004D01556E6C6F6164696E6720666976
:1058E0006C616D656E74004E0145525220544D43FB
:1058F000206661696C6564004F014552522048651D
:105900006C702066696C616D656E74005001455263
:105910005220496E7465726E616C0051014552529D
:10592000205761697420666F72205573657200524A
:105930000146696E697368696E67206D6F76656D83
:10594000656E747300530141766F6964696E6720F8
:105950006772696E6400540146656564696E67200C
:10596000746F206E6F7A7A6C6500550146656564C8
:10597000696E6720746F2065787472756465720053
:10598000560146656564696E6720746F2046494E0E
:105990004441005701556E6C6F6164696E672074F5
:1059A0006F2070756C6C6579005801556E6C6F6175
:1059B00064696E6720746F2046494E444100590166
:1059C000446973656E676167696E672069646C65B9
:1059D00072005A01456E676167696E672069646C81
:1059E0006572005B014F4B005C01554E4B4E4F57AB
:1059F0004E204552524F52005D0146494C414D45A3
:105A00004E54204348414E4745005E0146494C41B3
:105A10004D454E5420454A4543544544005F015589
:105A20004E4C4F4144204D414E55414C4C59006025
:105A30000146572052554E54494D45204552524F2C
:105A4000520061014D4D5520465720555044415458
:105A500045204E4545444544006201515545554554
:105A60002046554C4C006301494E56414C49442058
:105A7000544F4F4C00640146494C2E20414C524536
:105A8000414459204C4F41444544006501434F4D2A
:105A90004D554E49434154494F4E204552524F5265
:105AA0000066014D4D55204E4F5420524553504FE6
:105AB0004E44494E470067014D4D55204D435520FA
:105AC0004552524F520068014D4D552053454C46AA
:105AD00054455354204641494C4544006901544DB6
:105AE00043204452495645522053484F525445444E
:105AF000006A01544D4320554E444552564F4C5474
:105B000041474520455252006B01544D43204452B9
:105B100049564552205245534554006C01544D435B
:105B200020445249564552204552524F52006D0171
:105B3000544D43204F5645524845415420455252FA
:105B40004F52006E015741524E494E4720544D432B
:105B500020544F4F20484F54006F0149444C455248
:105B60002043414E4E4F54204D4F56450070014941
:105B7000444C45522043414E4E4F5420484F4D45D2
:105B800000710153454C4543544F522043414E4E02
:105B90004F54204D4F564500720153454C454354D8
:105BA0004F522043414E4E4F5420484F4D450073B5
:105BB000014C4F414420544F20455854522E20460A
:105BC00041494C4544007401494E535045435420CB
:105BD00046494E44410075014653454E534F5220AD
:105BE000544F4F204541524C5900760150554C4C72
:105BF00045592043414E4E4F54204D4F5645007756
:105C0000014653454E534F522046494C2E20535483
:105C100055434B0078014653454E534F522044495B
:105C2000444E542054524947472E00790146494E6C
:105C300044412046494C414D2E20535455434B007E
:105C40007A0146494E4441204449444E542054521E
:105C50004947474552007B014375742066696C6172
:105C60006D656E74007C01456A6563742066726FB1
:105C70006D204D4D55007D014C6F6164696E67204C
:105C800066696C616D656E74007E014D4D552052E4
:105C9000657472793A20526573746F72696E672009
:105CA00074656D70657261747572652E2E2E007F3D
:105CB00001536F7274696E672066696C657300804A
:105CC00001536F6D652066696C65732077696C6C34
:105CD000206E6F7420626520736F727465642E206D
:105CE0004D61782E204E6F2E206F662066696C65A0
:105CF0007320696E203120666F6C64657220666F58
:105D00007220736F7274696E67206973203130304E
:105D10002E008101756E6B6E6F776E2073746174E7
:105D20006500820120302E34206F72206E65776509
:105D30007200830120302E33206F72206F6C6465F7
:105D4000720084014F66660085014F6E0086015522
:105D50006E6578706563746564206572726F722019
:105D60006F636375727265642E0087014D36303043
:105D70002046696C616D656E74204368616E67656D
:105D80002E204C6F61642061206E65772066696CFF
:105D9000616D656E74206F7220656A65637420742E
:105DA0006865206F6C64206F6E652E0088015265F7
:105DB0006D6F76652074686520656A6563746564D7
:105DC0002066696C616D656E742066726F6D2074FB
:105DD00068652066726F6E74206F66207468652037
:105DE0004D4D552E00890146696C616D656E7420BC
:105DF000646574656374656420756E657870656349
:105E00007465646C792E20456E73757265206E6FB3
:105E10002066696C616D656E74206973206C6F61BA
:105E20006465642E20436865636B20746865207325
:105E3000656E736F727320616E6420776972696E2C
:105E4000672E008A01496E7465726E616C207275EE
:105E50006E74696D65206572726F722E205472794E
:105E600020726573657474696E6720746865204D6F
:105E70004D55206F72207570646174696E6720746F
:105E80006865206669726D776172652E008B014DC1
:105E90004D552046572076657273696F6E20697381
:105EA00020696E636F6D70617469626C65207769DB
:105EB0007468207072696E7465722046572E557032
:105EC0006461746520746F2076657273696F6E20EB
:105ED000332E302E332E008C014D4D5520466972E5
:105EE0006D7761726520696E7465726E616C206594
:105EF00072726F722C20706C6561736520726573AD
:105F0000657420746865204D4D552E008D015265D5
:105F1000717565737465642066696C616D656E7416
:105F200020746F6F6C206973206E6F7420617661CE
:105F3000696C61626C65206F6E207468697320689B
:105F4000617264776172652E20436865636B2074AB
:105F5000686520472D636F646520666F7220746FDB
:105F60006F6C20696E646578206F7574206F662091
:105F700072616E6765202854302D5434292E008EAE
:105F80000143616E6E6F7420706572666F726D2072
:105F900074686520616374696F6E2C2066696C613A
:105FA0006D656E7420697320616C7265616479201F
:105FB0006C6F616465642E20556E6C6F616420693E
:105FC000742066697273742E008F014D4D55206EDA
:105FD0006F7420726573706F6E64696E6720636F93
:105FE00072726563746C792E20436865636B2074EC
:105FF000686520776972696E6720616E6420636FDF
:106000006E6E6563746F72732E0090014D4D552056
:106010006E6F7420726573706F6E64696E672E2088
:10602000436865636B2074686520776972696E6781
:1060300020616E6420636F6E6E6563746F72732E81
:106040000091014D6F72652064657461696C732005
:106050006F6E6C696E652E0092015468652049640C
:106060006C65722063616E6E6F7420686F6D652061
:1060700070726F7065726C792E20436865636B2057
:10608000666F7220616E797468696E6720626C6FEA
:10609000636B696E6720697473206D6F76656D65DB
:1060A0006E742E00930143616E2774206D6F7665C8
:1060B0002053656C6563746F72206F722049646C45
:1060C00065722E0094015468652053656C65637495
:1060D0006F722063616E6E6F7420686F6D652070E3
:1060E000726F7065726C792E20436865636B2066F1
:1060F0006F7220616E797468696E6720626C6F637D
:106100006B696E6720697473206D6F76656D656E5F
:10611000742E0095014C6F6164696E6720746F2066
:106120006578747275646572206661696C65642E49
:1061300020496E7370656374207468652066696CAD
:10614000616D656E74207469702073686170652E6E
:1061500020526566696E65207468652073656E738C
:106160006F722063616C6962726174696F6E2C205A
:106170006966206E65656465642E00960153656CE2
:106180006563746F722063616E2774206D6F76652E
:106190002064756520746F2046494E444120646533
:1061A00074656374696E6720612066696C616D65F2
:1061B0006E742E204D616B652073757265206E6F55
:1061C0002066696C616D656E7420697320696E204C
:1061D00053656C6563746F7220616E642046494E2E
:1061E000444120776F726B732070726F7065726CB0
:1061F000792E00970146696C616D656E7420736538
:106200006E736F722074726967676572656420745B
:106210006F6F206561726C79207768696C65206C9E
:106220006F6164696E6720746F206578747275643D
:1062300065722E20436865636B2074686572652003
:1062400069736E277420616E797468696E67207354
:106250007475636B20696E205054464520747562D6
:10626000652E20436865636B2074686174207365D4
:106270006E736F722072656164732070726F7065E7
:10628000726C792E00980150756C6C6579206D6F79
:10629000746F72207374616C6C65642E20456E732C
:1062A000757265207468652070756C6C6579206303
:1062B000616E206D6F766520616E64206368656332
:1062C0006B2074686520776972696E672E0099018A
:1062D00046696C616D656E742073656E736F7220B4
:1062E0006469646E277420737769746368206F66CD
:1062F00066207768696C6520756E6C6F6164696E85
:10630000672066696C616D656E742E20456E7375CD
:1063100072652066696C616D656E742063616E20C4
:106320006D6F766520616E64207468652073656E9C
:10633000736F7220776F726B732E009A0146696CCF
:10634000616D656E742073656E736F72206469642D
:106350006E27742074726967676572207768696C4C
:1063600065206C6F6164696E67207468652066697A
:106370006C616D656E742E20456E73757265207448
:1063800068652073656E736F722069732063616C3A
:106390006962726174656420616E6420746865204E
:1063A00066696C616D656E742072656163686564B1
:1063B0002069742E009B0146494E44412064696463
:1063C0006E277420737769746368206F6666207720
:1063D00068696C6520756E6C6F6164696E672066B4
:1063E000696C616D656E742E2054727920756E6CC7
:1063F0006F6164696E67206D616E75616C6C792E7A
:1064000020456E737572652066696C616D656E748A
:106410002063616E206D6F766520616E6420464951
:106420004E444120776F726B732E009C0146494E9B
:106430004441206469646E277420747269676765DB
:1064400072207768696C65206C6F6164696E672083
:106450007468652066696C616D656E742E20456E8A
:1064600073757265207468652066696C616D656E10
:10647000742063616E206D6F766520616E642046C6
:10648000494E444120776F726B732E009D01446921
:106490007361626C65009E0153746F70009F014CC4
:1064A0006F616400A001556E6C6F616400A10152C0
:1064B000657365744D4D5500A20152657472790083
:1064C000A301426564206C6576656C696E67206621
:1064D00061696C65642E2053656E736F7220646908
:1064E000646E277420747269676765722E20446534
:1064F00062726973206F6E206E6F7A7A6C653F20CE
:1065000057616974696E6720666F72207265736582
:10651000742E00A40153656E736974697669747989
:1065200000A501446F6E6500A6015265636F766534
:1065300072696E67207072696E7400656E71756540
:10654000696E67202200446F6E65207072696E74F8
:10655000696E672066696C65004E6F204C696E65D8
:10656000204E756D62657220776974682063686576
:10657000636B73756D2C204C617374204C696E6570
:106580003A20004E6F20436865636B73756D20770A
:10659000697468206C696E65206E756D6265722C19
:1065A000204C617374204C696E653A200063686505
:1065B000636B73756D206D69736D617463682C20F6
:1065C0004C617374204C696E653A20004C696E65AD
:1065D000204E756D626572206973206E6F74204C59
:1065E000617374204C696E65204E756D6265722B07
:1065F000312C204C617374204C696E653A20002563
:106600006C75206279746573207772697474656E35
:1066100020746F2025532061742061646472657357
:10662000732030782530346C780A00442564202D9E
:1066300020526561642F57726974652025530A00E2
:106640003F3F00526F6D616E6100487276617473F6
:106650006B69004D616779617200536C6F76656E8E
:1066600063696E61004E6F72736B005376656E7373
:106670006B61004E656465726C616E647300506F8F
:106680006C736B69004974616C69616E6F0046726E
:10669000616E6361697300457370616E6F6C004475
:1066A0006575747363680043657374696E61004552
:1066B0006E676C6973680020436F756E7420583A7A
:1066C000200045303A25642052504D2050524E3122
:1066D0003A25642052504D204530403A25752050CF
:1066E000524E31403A25750A00526573656E64005A
:1066F00025533A20256C640A25530A002F2F616325
:1067000074696F6E3A6E6F74696669636174696FFC
:106710006E2025530A0046696C616D656E742072A7
:10672000756E6F75742064657465637465642100AB
:106730005072696E7465722073746F707065642036
:1067400064756520746F206572726F72732E2053AA
:1067500075706572766973696F6E2072657175699F
:106760007265642E0064756D7020636C656172657E
:10677000640A006E6F2064756D7020617661696CCB
:1067800061626C650A00443231202D2072656164BB
:106790002063726173682064756D700A006E6F20EB
:1067A00064756D7020617661696C61626C650A0068
:1067B00064756D7020636F6D706C657465642069BD
:1067C0006E20256C756D730A0058464C4153480085
:1067D000454550524F4D005352414D00442D3120FC
:1067E0002D20456E646C657373206C6F6F700A00AA
:1067F0004163746976652045787472756465723A90
:10680000203000496E76616C696420657874727519
:1068100064657200746D63323133305F7072696E1B
:10682000745F63757272656E747328290A0948096A
:10683000520A580925640925640A5909256409255D
:10684000640A5A0925640925640A4509256409254D
:10685000640A005344207072696E74696E67206226
:106860007974652000556E6B6E6F776E20636F6D67
:106870006D616E643A2022004D32303020496E76D0
:10688000616C696420657874727564657220007A41
:106890005F6D61783A20007A5F6D696E3A20007909
:1068A0005F6D61783A2000795F6D696E3A200078FB
:1068B0005F6D61783A20005452494747455245443C
:1068C000006F70656E00785F6D696E3A20005265EA
:1068D000706F7274696E6720656E6473746F702078
:1068E000737461747573004D3131322063616C6C67
:1068F00065642E20456D657267656E6379205374FB
:106900006F702E002F2F616374696F6E3A75766C0D
:106910006F5F7265636F766572795F7265616479C6
:10692000002F2F616374696F6E3A75766C6F5F61CB
:1069300075746F5F7265636F766572795F7265619A
:1069400064790025533A256C7520636D0A25533A06
:10695000256C75206D696E0A0053494C454E5400F4
:106960004E4F524D414C002553204D4F44453A2047
:1069700050657263656E7420646F6E653A20256899
:1069800068643B207072696E742074696D65207252
:10699000656D61696E696E6720696E206D696E73E1
:1069A0003A2025643B204368616E676520696E204C
:1069B0006D696E733A2025640A005072696E7465C1
:1069C0007253746174653A2025640A00456E642030
:1069D00066696C65206C69737400426567696E2036
:1069E00066696C65206C69737400556E6B6E6F77A9
:1069F0006E20256320636F64653A2025730A000AC0
:106A000050494E44412074656D70657261747572B1
:106A1000653A20252E3166205A20736869667420F5
:106A2000286D6D293A20252E3366000A537465704F
:106A30003A2025642F360A000A537465703A2025DF
:106A4000642F362028736B6970706564290A504979
:106A50004E44412074656D70657261747572653A5B
:106A6000202564205A20736869667420286D6D297A
:106A70003A300A000A5A45524F3A20252E33660A08
:106A80000073746172742074656D706572617475E1
:106A900072653A20252E31660A0025642020252EB5
:106AA000326600255320583A20252E356620593A63
:106AB00020252E3566205A3A20252E35660A0053A9
:106AC0006C6565702E2E2E0045303A25642052509C
:106AD0004D0A50524E303A25642052504D0A00471C
:106AE0003930004D31303700546865726D616C206B
:106AF0004D6F64656C2063616C2E004572723A5074
:106B000052494E542046414E204552524F52004564
:106B100072723A484F54454E442046414E204552E9
:106B2000524F52002F2F616374696F6E3A72657312
:106B3000756D6564002F2F616374696F6E3A7265BD
:106B400073756D65002F2F616374696F6E3A72659E
:106B5000616479002F2F616374696F6E3A6E6F7490
:106B60005F7265616479002F2F616374696F6E3A9B
:106B700063616E63656C004D383400417869732041
:106B80006C656E67746820646966666572656E63BD
:106B9000653A252E33660A004D656173757265642A
:106BA0002061786973206C656E6774683A252E33AE
:106BB000660A004F4B004C43442073746174757334
:106BC000206368616E67656400534420636172648A
:106BD0002072656C65617365640046616B65207346
:106BE000657269616C206E756D62657200452D631A
:106BF0006F6F6C206D6F646500414C5446414E20B0
:106C00006465742E002F2F616374696F6E3A73741C
:106C100061727400473931004D373032004D3833DE
:106C2000004732382057004D3530300045787465C4
:106C3000726E616C2053504920666C6173680A580B
:106C4000464C415348206973206E6F7420726573FF
:106C50002D0A706F6E64696E672E204C616E6775C9
:106C60006167650A73776974636820756E61766120
:106C7000696C61626C652E0058464C415348206E29
:106C80006F7420726573706F6E64696E672E004654
:106C9000572063726173682064657465637465640A
:106CA0002120596F752063616E20636F6E74696E69
:106CB0007565207072696E74696E672E2044656216
:106CC0007567206461746120617661696C61626CD2
:106CD0006520666F7220616E616C797369732E2016
:106CE000436F6E7461637420737570706F7274207B
:106CF000746F207375626D69742064657461696C6A
:106D0000732E002F2F616374696F6E3A64756D7016
:106D10005F617661696C61626C6500437261736882
:106D20004465746563742044495341424C454400B2
:106D3000437261736844657465637420454E4142D3
:106D40004C45442100486F74656E642066616E2076
:106D5000747970653A20002020506C616E6E657207
:106D600042756666657242797465733A2000204602
:106D7000726565204D656D6F72793A2000207C2028
:106D8000417574686F723A2000204C61737420550D
:106D90007064617465643A200020536F6674776193
:106DA000726520526573657400205761746368646E
:106DB0006F67205265736574002042726F776E2092
:106DC0006F75742052657365740020457874657220
:106DD0006E616C20526573657400506F77657255F3
:106DE00070006572726F722077726974696E6720C5
:106DF000746F2066696C6500446F6E652073617600
:106E0000696E672066696C652E006F6B0046696C61
:106E1000616D656E74004D65617375726564207394
:106E20006B6577733A2025662025660A00466974EB
:106E300074696E67206661696C6564203D3E2063FD
:106E4000616C6962726174696F6E206661696C65FC
:106E5000642E0A0043616C6962726174696F6E200E
:106E6000737563636573732E0A00416C6C20342064
:106E700063616C6962726174696F6E20706F696EB4
:106E8000747320666F756E642E0A00312F340031E2
:106E90002F3400312F3900544D4320445249564578
:106EA00052204F56455254454D5000486F6C642057
:106EB00063757272656E74207472756E6361746549
:106EC0006420746F2052756E2063757272656E74E3
:106ED0000025632533642F256481005A25362E3220
:106EE000662563005A2020202D2D2D200086253375
:106EF000642525002D2D2D2525002533642525000D
:106F0000205344002020200020484F00872533755F
:106F10006820256325630087253032753A25303295
:106F20007525632563002F2F616374696F6E3A7056
:106F30006175736564002F2F616374696F6E3A70B9
:106F4000617573650044756D70206D656D6F727944
:106F50000068656C702E707275736133642E636F98
:106F60006D00666F72756D2E707275736133642E6D
:106F7000636F6D00707275736133642E636F6D00A3
:106F80004D3730310025533A0A2531382E32666D9F
:106F9000200A25533A0A2531306C646420253032AA
:106FA000646820253032646D0025533A0A25313853
:106FB0002E32666D200A25533A0A2531306C6468FA
:106FC00020253032646D2025303264730025362E42
:106FD00032666D6D0025530A25530A25533A0A255A
:106FE000533A0025332E32668100252D31342E315F
:106FF00034533A0A25530A252D31342E3134533A6D
:1070000025332E3266810A252D31342E3134533A00
:1070100025332E32668100202030002020310046AA
:10702000494E44410050494E44410057697A6172CB
:107030006420656E642073746174653A2025640A67
:107040000053706F6F6C4A6F696E004669726D779E
:107050006172650048426564206F6E206C6F6164E8
:1070600000466C61736841697200507275736120EB
:107070006933204D4B33532B5853204F4B2E004D2B
:107080003630300053442063617264206F6B006FB0
:1070900070656E526F6F74206661696C656400760E
:1070A0006F6C756D652E696E6974206661696C65BB
:1070B0006400534420696E6974206661696C006FD6
:1070C00070656E206661696C65642C2046696C652C
:1070D0003A200043616E6E6F7420656E7465722095
:1070E0007375626469723A20004D3234004D323358
:1070F00020257300312F3900880020746F6F206CB9
:107100006F6E6720657874727573696F6E20707228
:107110006576656E7465640020636F6C64206578C5
:1071200074727573696F6E2070726576656E7465C2
:1071300064004D6F76652061626F72746564005003
:107140004F5745522050414E4943204445544543F2
:107150005445440055564C4F202D20656E64202523
:10716000640A0055564C4F5F54494E59202D2065F6
:107170006E642025640A00776F726C6420636F6F01
:107180007264696E617465733A2028252E33662C0B
:1071900020252E33662C20252E3366290A004D32F9
:1071A00032302053256400446F6E6520726561643F
:1071B000696E6720454550524F4D0A0054656D7009
:1071C0006572617475726520526573746F7265645F
:1071D0000A0047312045252D2E33662046323730B0
:1071E0003000084AD73B3BCE016E84BCBFFDC12FA7
:1071F0003D6C74319ABD56833DDA3D00C77F11BEA8
:10720000D9E4BB4C3E916BAAAABE000000803F05AA
:10721000A84CCDB2D44EB93836A9020C50B99186DB
:1072200088083CA6AAAA2ABE000000803F07634245
:1072300036B79BD8A71A39685618AEBAAB558C1D0D
:107240003CB7CC5763BD6DEDFD753EF6177231BF8F
:10725000000000803F08000000BE922449123EABAF
:10726000AAAA2ABECDCCCC4C3E00000080BEABAA60
:10727000AAAA3E00000000BF000000803F000000FE
:107280000000084178D3BB4387D1133D190E3CC39E
:10729000BD4282AD2B3E68EC8276BED98FE1A93E1D
:1072A0004C80EFFFBE01C4FF7F3F000000000000E4
:1072B0000D94941E0D94102F0C941A750C9460D29A
:1072C0000D948A6A0C9447750C94A7710D940A2644
:1072D0000C94B3CF0C9403D90D9485130D94FD2811
:1072E0000D9419550D9467090D94A0160C9479D935
:1072F0000D94C2080C948ED20D94FE410D94D86664
:107300000C9431D40D9408250D9419320D94C53D7B
:107310000D9437090D9438670C94B4D80D949D9949
:107320000D94416A0C94C8E10D94F8990D943A09B2
:107330000D94B46F0C94CACF0C946CD20D945E2350
:107340000C949BE10D94FE240D947A6A0D943023E5
:107350000D94F7360C94ABCF0C948AD00C941ED4B9
:107360000D944A6A0C949AD70C9439D30D945327F0
:107370000D94926A0D940D6A0D9464270D94AA1DC4
:107380000D9458090D94462B0D947D110C9459E1E0
:107390000D94242D0D94B29F0C944AE10D943D0957
:1073A0000D9495270C943E750D941B9A0C94EBD874
:1073B0000C94F5740D946F410D9495100D948C16EA
:1073C0000C94EECF0D94F3250D949C240C94DCE1E9
:1073D0000D9453670D94F63E0D945E290D94CB41A8
:1073E0000C942A650D94E6080C94D5780D94752FAD
:1073F0000D94F89F0D941B3C0C9419D40D94172DEB
:107400000D94AA270D948E270D94136A0C940FD413
:107410000D94CE080D9498230D94526A0D94142562
:107420000C94B7D90C94FCD20D94626A0C94BDD61E
:107430000C94CAD40D9426110C94B6CF0C9428D475
:107440000C94DCCF0D94EC160C94B4E10D941267FF
:107450000C9491E10C946DE10C94E6CF0C946FD7F1
:107460000D9424A00D94C2250D94460D0C949DD925
:107470000D94446A0D94106A0D94AF070C9423D4B4
:107480000C9491D90D944C090C942DD40D94EA24AC
:107490000D943A280C94EED80D94AD230C940F75EE
:1074A0000D9417A00C9465D70D944C660D94726AD8
:1074B0000D940BD00D949C660D944A270D94942343
:1074C0000C94D4CF0C947ECF0D94F4270C94A1CFC0
:1074D0000C9484D00C94AFCF0C94F1D80D945075CB
:1074E0000D9437270D949C270D9482410C94ED77D1
:1074F0000C94F4D80D94CE660C94A7CF0D944F67DE
:107500000D949B690D944D240C9487E10D94D62520
:107510000D94A8690D946A670C94EAD40D94F42430
:107520000C9475E10D942B420C94BCCF0C94EACFD3
:107530000D94692D0D94F3260D94A4370C94C0CFAF
:107540000C9428750D94F2220C947C750C947FD0C9
:107550000D94892A0D94A3270D94FA070D94B699DA
:107560000D940B1D0D946C450D94E0170D949A6AC3
:107570000C94A8D90C9495E80D942B090C947DE1FA
:107580000D94A0120D9440090C94D8CF0D943A2A72
:107590000D94AB280C94CECF0D94E1690D947669CF
:1075A0000D94FE2E0D94882C0D9429680C9423D8EC
:1075B0000D94FF260D94072F0D94973F0D94B82539
:1075C0000D94D73C0D94C1330D94E7110C94F3D274
:1075D0000D94EB110D9461670D940F420C94C6CF7E
:1075E0000D94F9550D94A2590C94FAD80D947C0C75
:1075F0000D945B090C9463E10C940AD40D949110E2
:107600000C94E2CF0C9414D40D947E670D949E6973
:107610000C9489D90D94D3290D94091D0D944A24F5
:107620000C9437E60C944FE10D9449670D949F67D5
:107630000D9412D20D94E2260D94201D0D94241069
:107640000D94E8250D94C82F0D941BA00D94CC0E1D
:107650000D94D6260D947F680D94189A0C9481D9B8
:107660000D945E690D945A6A0C947FD20D94456F07
:107670000D94C2660D94E0240D9451270D941F2D96
:107680000D946A6A0D947C1E0C94D2E10C94A5D2E0
:107690000D941D260C9413D80C94E85C0D94596F2E
:1076A0000C94E1CF0D94A5690D94CC250C94BEE10A
:1076B0000C946A750D94D20E0D9414A00C949AD269
:1076C0000C9442E10C94AAE10D942D270C94F7D868
:1076D0000D94826A0D94476A0D941E670D94159A55
:1076E0000D9450300D9429A06E616E00696E660095
:1076F00000407A10F35A00A0724E18090010A5D469
:10770000E80000E87648170000E40B54020000CAC5
:107710009A3B000000E1F50500008096980000000B
:1077200040420F000000A08601000000102700006A
:107730000000E803000000006400000000000A00F0
:10774000000000000100000000002C76D888DC67F3
:107750004F0823DFC1DFAE59E1B1B796E5E3E4534B
:10776000C63AE651997696E8E6C28426EB898C9B68
:1077700062ED407C6FFCEFBC9C9F40F2BAA56FA508
:10778000F490055A2AF75C936B6CF9676DC11BFC8A
:10779000E0E40D47FEF520E6B500D0ED902E0300A5
:1077A000943577050080841E080000204E0A0000F2
:1077B00000C80C333333330F986E12831141EF8DB1
:1077C0002114893BE65516CFFEE6DB18D1844B38F1
:1077D0001BF77C1D901DA4BBE424203284725E2222
:1077E0008100C9F124ECA1E53D272200002045538A
:1077F0005000204E535000204F464600204F4E0070
:107800005056303100205B4D505D200025692068C6
:107810006F757273202569206D696E7574657300CC
:1078200052582074696D656F7574004D33313000A6
:107830004D313132004D3131300046756C6C205283
:1078400058204275666665720053657474696E6788
:10785000732053746F72656400544D3A2073746FD3
:107860007265642063616C6962726174696F6E2015
:10787000696E76616C69642C2072657365747469D5
:107880006E670053746F7265642073657474696EFB
:107890006773207265747269657665640048617209
:1078A00064636F6465642044656661756C7420531D
:1078B000657474696E6773204C6F6164656400560B
:1078C0003200000000C8420000C8420000C8430067
:1078D000A0444400004843000048430000404100E9
:1078E00000F042E8030000E8030000C80000008840
:1078F00013000000409C4400409C44000000000035
:10790000000000204E00000000204100002041CD7A
:10791000CCCC3E00009040000000000000000000C1
:10792000000000CDCCCC3E9A99A54195BC153F8175
:107930005937438F42FC42E65A343F4C62B045000F
:107940000000000040400000344200000000000041
:10795000000000000041000000E03F0000C84200BD
:1079600000C842000040410000F042C0030000C0D7
:10797000030000C800000088130000101010200051
:10798000409C440000803F0000003F1914000000AC
:10799000437573746F6D004E796C6F6E5041005378
:1079A0006174696E20200054657874757200536D9F
:1079B0006F6F746800486F74656E642066616E2036
:1079C0007370656564206973206C6F7765722074CD
:1079D00068616E20657870656374656400507269D3
:1079E0006E742066616E2073706565642069732013
:1079F0006C6F776572207468616E2065787065635E
:107A000074656400312E3000312E3500554E4B4EDA
:107A10004F574E004C413130433A204C696E6561FE
:107A20007220416476616E6365206D6F64653A20F3
:107A3000004C413130433A2041646A757374656487
:107A400020452D4A65726B3A2000F3AE8A303E0F16
:107A5000A8AF00480069960000DF60255558876888
:107A60000427F2E0005E3403CC1960F33C0EF88F7B
:107A700000DB08029492003E1C079A8700E5240070
:107A80008528527E06001BE4007E781270787061B3
:107A9000F812788F88417842707870617825707814
:107AA0007061F850788F88D1F02527078761F0251D
:107AB000278F88412C0D27AA50D1BC070787116159
:107AC000BE788F881141785270787061F852788F43
:107AD00088412012788870632052788870634852F9
:107AE00078888743031117997064181278F87065C5
:107AF0004412F8F8F045184278F87065182578F8BF
:107B00007065185278F87065185078F870650C0731
:107B10008F872365A20F8F8F11450012062270698F
:107B20000012072227490025062270690025072236
:107B3000274900120622276C026236A2706C40456B
:107B40006C44704C03622222706C43888888F04C2D
:107B50007812BC88806E7852BC88806E3812788823
:107B6000706F78127888874F38427888706F382520
:107B70007888706F3A0079AC786F3D079AAC786F6F
:107B80007850788887EF39497888706F0852BC88B8
:107B900080729852F88F985220127870F0734812C1
:107BA0007863875320527870F07348527863875314
:107BB0001007870F247312786387245360699A989B
:107BC0008BE22304E4443074104E444324747C124A
:107BD000888960753C50888870557825288960753B
:107BE0007949088960753C12887070790C12885246
:107BF00022594412F124F07A4452F124F07A8C5242
:107C0000F0368F5A4420F124F07A00401454CDCC41
:107C1000CC3D0AD7233C17B7D13877CC2B3295957A
:107C2000E6241FB14F0A000020410000C842004076
:107C30001C4620BCBE4CCA1B0E5AAEC59D744E419C
:107C40004E494E46627573793A207061757365646A
:107C500020666F7220696E70757400627573793A70
:107C60002070617573656420666F7220757365722C
:107C700000627573793A2070726F63657373696E11
:107C8000670000007F43008054430000524300001F
:107C90000000000080C09A99193E0000000000001A
:107CA00080C09A99193E0000A0400000A04000004A
:107CB000004025336420737465703D253264206D67
:107CC00073636E743D2534640A0000007F430080B6
:107CD00058439AD95143FFFFFF20413A0020503AC0
:107CE000002042403A0020403A00202F002054302B
:107CF0003A00202F0020423A00202F00543A00255D
:107D00005345786365737369766520626564206C9A
:107D10006576656C696E6720636F727265637469FE
:107D20006F6E3A202569206D6963726F6E730A0069
:107D3000426564206C6576656C696E672066616972
:107D40006C65642E20546F6F206D756368207661BA
:107D500072696174696F6E2066726F6D20656570FF
:107D6000726F6D206D65736800426564206C657686
:107D7000656C696E67206661696C65642E20536569
:107D80006E736F72207472696767657265642074C0
:107D90006F6F20736F6F6E002020004D65617375EB
:107DA00072656420706F696E74733A005A2073654F
:107DB00061726368206865696768743A20352E309F
:107DC00066004E756D20582C593A20372C37004DDF
:107DD00065736820626564206C6576656C696E67A2
:107DE000206E6F74206163746976652E0020453AB9
:107DF00000205A3A0020593A0020453A00205A3AC9
:107E00000020593A00583A00202D3E200053706F50
:107E10006F6C4A6F696E3A20002C20006673656EA5
:107E2000736F722076302E3420696E206661756C17
:107E3000742072616E676520342E362D3556202DE4
:107E400020756E636F6E6E6563746564006673653E
:107E50006E736F7220696E20666F7262696464650A
:107E60006E2072616E676520312E352D3356202DC0
:107E700020636865636B2073656E736F7200496E73
:107E800061637469766974792053687574646F7777
:107E90006E004B494C4C45442E005072696E74651F
:107EA000722068616C7465642E206B696C6C282983
:107EB0002063616C6C656421005A206C69766520D2
:107EC00061646A757374206F7574206F66207261C7
:107ED0006E67652E2053657474696E6720746F2019
:107EE000302E20436C69636B20746F20636F6E7457
:107EF000696E75652E005A206C6976652061646A2A
:107F0000757374206F7574206F662072616E67657B
:107F10002E2053657474696E6720746F20300020C2
:107F2000453A3020423A00543A004731205A252D34
:107F30002E33662046252D2E336600496E76616C01
:107F40006964205420636F64652E004475706C6909
:107F50006361746520542D636F64652069676E6F7B
:107F60007265642E00416476616E6365204B3D004E
:107F70004B206F7574206F6620616C6C6F77656441
:107F80002072616E676521004D4B3353004D4B33BA
:107F9000534D4D5533005E762E012533642F253326
:107FA000640025336400200A200A200A200025539B
:107FB000537461746973746963733A0A255320209A
:107FC0004D37382053256C752054256C750A0025D3
:107FD000534172632053657474696E67733A20501D
:107FE0003A4D6178206C656E677468286D6D292044
:107FF000533A4D696E206C656E67746820286D6D0C
:1080000029204E3A436F7272656374696F6E7320F4
:10801000523A4D696E207365676D656E74732046C4
:108020003A5365676D656E74732F7365632E0A2509
:108030005320204D3231342050252E3266205325D6
:108040002E3266204E256420522564204625640A7F
:1080500000255346696C616D656E74207365747498
:10806000696E67733A2044697361626C65640A00E3
:10807000255346696C616D656E742073657474690F
:108080006E67733A0A25532020204D323030204449
:10809000252E32660A002553526574726163743A64
:1080A00020533D4C656E67746820286D6D2920460D
:1080B0003A537065656420286D6D2F6D29205A3AFA
:1080C000205A4C69667420286D6D290A255320209A
:1080D000204D3230372053252E32662046252E3251
:1080E00066205A252E32660A25535265636F7665DF
:1080F000723A20533D4578747261206C656E6774E6
:108100006820286D6D2920463A53706565642028E3
:108110006D6D2F6D290A25532020204D32303820D7
:1081200053252E32662046252E32660A2553417588
:10813000746F2D526574726163743A20533D302020
:10814000746F2064697361626C652C203120746FD8
:1081500020696E74657270726574206578747275CA
:1081600064652D6F6E6C79206D6F76657320617319
:10817000207265747261637473206F72207265631C
:108180006F7665726965730A25532020204D323061
:1081900039205325640A00255350494420686561FD
:1081A000746265642073657474696E67733A0A2536
:1081B000532020204D3330342050252E3266204964
:1081C000252E32662044252E32660A00255350495A
:1081D000442073657474696E67733A0A25532020CE
:1081E000204D3330312050252E32662049252E3245
:1081F000662044252E32660A002553537465707339
:108200002070657220756E69743A0A255320204DDE
:1082100039322058252E32662059252E3266205AB2
:10822000252E32662045252E32660A255355537475
:108230006570207265736F6C7574696F6E3A200A91
:108240002553204D3335302058256420592564208E
:108250005A2564204525640A25534D6178696D755A
:108260006D20666565647261746573202D206E6F84
:10827000726D616C20286D6D2F73293A0A25532089
:10828000204D3230332058252E32662059252E328B
:1082900066205A252E32662045252E32660A255341
:1082A0004D6178696D756D20666565647261746590
:1082B00073202D20737465616C746820286D6D2F98
:1082C00073293A0A255320204D3230332058252E69
:1082D00032662059252E3266205A252E32662045D8
:1082E000252E32660A25534D6178696D756D2061C2
:1082F0006363656C65726174696F6E202D206E6FAB
:10830000726D616C20286D6D2F7332293A0A2553E6
:1083100020204D3230312058256C752059256C7540
:10832000205A256C752045256C750A25534D6178BA
:10833000696D756D20616363656C65726174696FE9
:108340006E202D20737465616C746820286D6D2F0C
:108350007332293A0A255320204D323031205825D6
:108360006C752059256C75205A256C752045256C37
:10837000750A2553416363656C65726174696F6E3C
:108380003A20503D7072696E742C20523D726574B3
:10839000726163742C20543D74726176656C0A2599
:1083A0005320204D3230342050252E326620522565
:1083B0002E32662054252E32660A2553416476619A
:1083C0006E636564207661726961626C65733A20E0
:1083D000533D4D696E206665656472617465202841
:1083E0006D6D2F73292C20543D4D696E2074726180
:1083F00076656C20666565647261746520286D6DB4
:108400002F73292C20423D6D696E696D756D207347
:1084100065676D656E742074696D652028757329B4
:108420002C20583D6D6178696D756D205859206A12
:1084300065726B20286D6D2F73292C20205A3D6D9D
:108440006178696D756D205A206A65726B20286DA0
:108450006D2F73292C2020453D6D6178696D756DF8
:108460002045206A65726B20286D6D2F73290A25BF
:108470005320204D3230352053252E32662054258E
:108480002E32662042256C752058252E32662059E2
:10849000252E3266205A252E32662045252E32663C
:1084A0000A2553486F6D65206F66667365742028D2
:1084B0006D6D293A0A255320204D3230362058253B
:1084C0002E32662059252E3266205A252E32660A13
:1084D00000544D3A20525B25755D20657374696DBB
:1084E0006174652E00544D3A202553205220256496
:1084F0004300544D3A2025532043206573742E00C9
:10850000544D3A20636F6F6C20646F776E203C256A
:10851000644300726566696E6500696E69746961BD
:108520006C00544D3A2063616C6962722E20666162
:10853000696C65642100544D3A2063616C69627214
:108540006174696F6E20737461727400544D3A20C7
:1085500043616C2E204E4F542049444C45004361EA
:10856000703A25533A25630A0050525553415F4DE6
:108570004D553200455854454E4445445F4D3230C8
:10858000004155544F5245504F52545F504F53493C
:1085900054494F4E004155544F5245504F52545F2D
:1085A00046414E53004155544F5245504F52545F2F
:1085B00054454D500000332E31342E310044656C4B
:1085C0006574696F6E206661696C65642C2046690C
:1085D0006C653A200046696C652064656C6574655D
:1085E000643A004E6F74205344207072696E74694F
:1085F0006E67005072696E74207361766564005313
:1086000044207072696E7420706175736564002512
:1086100033642F253364004F4B00424144005241E4
:108620004D426F2046414E200043524153485F4324
:10863000414E43454C0043524153485F5245434FDE
:108640005645520043524153485F5245434F5645A9
:108650005200222832290025533A2025530A002CA3
:10866000204D39303720452069676E6F7265640090
:108670006E6F2076616C696420636F6D6D616E64EE
:10868000007A65726F72697A656400666163746FFF
:10869000727920726573746F72656400696E6465C7
:1086A000782C2074656D702C2075737465702C2087
:1086B000756D0050494E44412063616C20737461B4
:1086C0007475733A2000503A005761697420666FE0
:1086D000722050494E444120746172676574207461
:1086E000656D70657261747572653A002041002095
:1086F0005000204200204C00205200205A00204E02
:108700004F5420494E495449414C495A454400531D
:10871000686565742000205A2056414C5545204F0D
:108720005554204F462052414E474500496E7661D0
:108730006C69642073686565742049442E20416C1F
:108740006C6F7765643A20302E2E004155544F00EF
:108750004C414E472053454C20464F524345440020
:108760004D3235362042256420442564205325644B
:10877000205425750A0020643A0020693A002070D0
:108780003A0020643A0020693A0020703A002569D6
:1087900025250A00256925250A0022283129002FD0
:1087A0002F00002045585452554445525F434F55C1
:1087B0004E543A3100204D414348494E455F54598B
:1087C00050453A00312E3000206261736564206F9D
:1087D0006E204D61726C696E204649524D57415270
:1087E000455F55524C3A68747470733A2F2F67691D
:1087F000746875622E636F6D2F7072757361336468
:108800002F50727573612D4669726D7761726520A4
:1088100050524F544F434F4C5F56455253494F4E61
:108820003A00303635393938613935005F00383231
:108830003835002B004649524D574152455F4E4155
:108840004D453A50727573612D4669726D7761724C
:108850006520004D3131332053006F6B20006E2FA7
:1088600061003F546F736869626120466C61736890
:10887000416972204765744950206661696C65647E
:108880000A00000125311D0C4024301C0B45232F0C
:108890001B0A17FF0406222B1A03363735382569C1
:1088A000206D696E2C2025692073656300496E7602
:1088B000616C6964204D20636F64653A2025730AFA
:1088C0000050494E44412070726F62652063616CB4
:1088D0006962726174696F6E207374617274004EA4
:1088E0006F2050494E444120746865726D697374FD
:1088F0006F7200736574006E6F7A7A6C65004D421A
:108900004C004652004C7A004C616E6700315F3774
:10891000356D6D5F4D4B33532D45494E53795F3166
:1089200030612D4533445245564F00526576003331
:108930002E31342E312D38323835004669720053CD
:108940004E20696E76616C696400534E0052455347
:108950004554004D4D555245530075766C6F004699
:10896000414E0046414E50494E54535400505255CA
:108970005341005345545F43484F505F00534554A3
:108980005F535445505F005345545F574156455F10
:1089900000544D435F0043524153485F43414E43AF
:1089A000454C0043524153485F5245434F56455250
:1089B0000043524153485F444554454354454400A5
:1089C00043524153485F004D3130345330004731FA
:1089D0005831305931383046343030300047315A10
:1089E00031304631333030004D3134305330004770
:1089F00031452D302E3037354632313030004D3252
:108A0000303453313030300047315A354637323008
:108A100030004731452D312E354632313030004758
:108A2000315A302E32004731583230322E354538E7
:108A30004631343030004731592D324631303030F4
:108A4000004731583234304532354632323030000A
:108A500047315A302E3346313030300047315835A7
:108A60003545384632303030004731583545323997
:108A70004631383030004731583535453239463186
:108A800030373300473932453000473238004D31F6
:108A90003039004D313930001000C90210012C016D
:108AA0004001220170011801B0010E01F001040122
:108AB0005002FA00B002F0003003E600D003DC0000
:108AC0009004D2007005C800A006BE000008B400E3
:108AD000B009AA00D00BA000600E960060118C00B7
:108AE0000015820020197800C01D6E00A0226400CD
:108AF000B0275A00902C500000314600E0343C0072
:108B000010383200903A2800603C1E00A03D14004E
:108B1000803E0A00203F00004D343400302E3830B3
:108B200000302E363000302E343000302E323500FA
:108B3000473238205859004D20383400852E2E00F9
:108B4000593A202575202D3E202E2E2E00583A20F1
:108B50002575202D3E202E2E2E0046696C616D65F8
:108B60006E742073656E736F7220626F6172642021
:108B70006368616E67652064657465637465643AF3
:108B8000207265766973696F6E25530A004D6561C1
:108B900073757265642066696C616D656E742073AF
:108BA000656E736F72206C6F77206C6576656C3ABA
:108BB0002025342E3266560A004D65617375726544
:108BC000642066696C616D656E742073656E736F89
:108BD000722068696768206C6576656C3A20253478
:108BE0002E3266560A002533642F30002533642F59
:108BF000300025632041584953205347313D2564B7
:108C00000A00486F74656E6400426564005A00593A
:108C10000058002D2D2D2D2D2D2D2D2D2D2D2D2DB3
:108C20002D2D2D2D2D2D2D00435A5058496E766136
:108C30006C696453657269616C4E7200DF6AE36A45
:108C4000EF89E889DD89CE89186CC789776B473150
:108C500059252E346645252E34660047315A252E77
:108C600032660047315835305931353500848ADF56
:108C70006A1D6C128A088AFE89473158252E34668F
:108C800045252E3466004731463130383000768A2B
:108C9000698A5C8A508A848A418A368A268A1F8A2F
:108CA0005425640047315A302E34004731592D3352
:108CB000463130303000E36A938A8E8A8A8A848A09
:108CC0004D38342058590047312058313235205A18
:108CD000323030204631303030004D333130204199
:108CE0002046310047312058313235205931303556
:108CF000205A3120463830303000496E76616C6938
:108D000064205049442063616C2E20726573756C39
:108D100074732E204E6F742073746F7265642074A8
:108D20006F20454550524F4D2E004D33303120506D
:108D3000252E32662049252E32662044252E3266A5
:108D4000004D3330332045302053253375005243D6
:108D500000444556004245544100414C50484100B2
:108D600000002100240027002A002D0030003300DD
:108D700001010000040107010A0100002200250092
:108D800028002B002E0031003400020100000501F4
:108D900008010B01000020002300260029002C0000
:108DA0002F00320000010000030106010901050542
:108DB0000505070508080808020202020A0A080851
:108DC000040404040101010101010101030303037F
:108DD00003030303040707070C0C0C0C0C0C0C0C0E
:108DE0000202020206060606060606060B0B0B0B1F
:108DF0000B0B0B0B07070A0A0A0A0A0A05050504EA
:108E00000404080801021020200808102040102047
:108E1000408002010201080402010102040810203E
:108E2000408080402010080402018004020180403C
:108E300020100804020108040201010204081020A5
:108E400040800102040810204080100804088010AF
:108E50002040044080102040048000000A0B0209DA
:108E60000C0D0E08070304010000000000000000C4
:108E700000000000000000000000000000000000F2
:108E800000000000000012111000000000000000AF
:108E900000000000000000000000000000000000D2
:108EA00000000000000000000000000000000000C2
:108EB000332E31342E31000A204F726967696E619A
:108EC0006C2050727573612069330A202020507223
:108ED0007573612052657365617263680A2532306B
:108EE0002E323053004C616E677561676520757076
:108EF0006461746500435A5058003B530053706FCF
:108F00006F6C4A6F696E20697320006164635F69EA
:108F10006E697400200A200A200A2000416C6C202F
:108F2000446174610053657276696365207072658F
:108F300070005368697070696E67207072657000A8
:108F400053746174697374696373004C616E6775FF
:108F50006167650045524153494E4720616C6C2062
:108F60006461746100466163746F72792052455385
:108F700045540050525553413344465700494E54CE
:108F8000340003000E000100400003000200000056
:108F900004004E4F4354554100414C5446414E004D
:108FA00073686976616D6D65687461323230003264
:108FB0003032352D31302D32312032323A33383A99
:108FC00032310020332E31342E312D383238355F96
:108FD000303635393938613935007374617274004F
:108FE000534E20757064617465206661696C6564B8
:108FF00000534E207570646174656400435A505884
:109000000043524153485F444554454354454458F6
:10901000590043524153485F4445544543544544E5
:10902000590043524153485F4445544543544544D5
:1090300058004D323900252D392E39535B00544DDF
:1090400020657374696D6174696F6E206469642052
:109050006E6F7420636F6E766572676500544D2085
:10906000697465723A257520763A252E3266206538
:109070003A252E33660A0033332942000058419ABC
:10908000998D4133335340200A200A20004D4D551D
:10909000323A004D6561737572652063656E746563
:1090A0007220200078797A63616C5F6D65617375F9
:1090B00072655F656E7465720A0078797A63616CB7
:1090C0005F73706972616C382063783D256420633A
:1090D000793D2564207A303D256420647A3D2564FD
:1090E000207261646975733D25642061643D256467
:1090F0000A0078797A63616C5F7365617263685A9C
:10910000206E6F207369676E616C0A20783D256C54
:109110006420793D256C64207A3D256C640A00202A
:109120004F4E2D5349474E414C20617420783D25C8
:109130006420793D2564207A3D25642061643D25C5
:10914000640A0078797A63616C5F73656172636841
:109150005A20783D256C6420793D256C64207A3D49
:10916000256C640A002530327800205B25662025B6
:10917000665D206D6D207061747465726E2063652C
:109180006E7465720A00205B25662025665D5B258E
:10919000665D206D6D20646976657267656E6365D6
:1091A0000A000000F000F801FC03FE07FE07FE07BE
:1091B000FE07FC03F801F000000000000000F000D2
:1091C000F801FC03FC03FC03FC03F801F0000000C1
:1091D000000078797A63616C5F6D656173757265A3
:1091E0005F6C656176650A00203C20005741524E55
:1091F000494E473A2046726F6E7420706F696E74E4
:10920000206E6F7420726561636861626C652E20E8
:109210005920636F6F7264696E6174653A0000CCA7
:10922000CC8C40A09919BF66665443A09919BF66BB
:1092300066544366663F43CCCC8C4066663F43250C
:10924000642F3400497465726174696F6E3A20004E
:1092500043616C6962726174696F6E206661696CEA
:1092600065642120436865636B20746865206178BC
:10927000657320616E642072756E20616761696E2E
:109280002E004D494E54454D5020424544206669BC
:10929000786564004D494E54454D5020484F544523
:1092A0004E442066697865640024F4D43050C38E3F
:1092B00020C2A24017828B7011127A910D816CD955
:1092C0000AA861E108C7586607615143061E4B5D55
:1092D00005C145A7041A411104093D9803713931AC
:1092E000034036DB0265339102D4305402802E1DD8
:1092F00002632CEE01752AC501B028A00110278158
:10930000018F2564012B244B01E0223401AC211F85
:10931000018D200D01801FFC00841EED00971DDFD4
:1093200000B81CD200E61BC600201BBC00641AB2A9
:1093300000B219A8000A19A0006A189900D1179163
:109340000040178B00B516840031167E00B31579E6
:10935000003A157300C7146F0058146A00EE1366C4
:10936000008813630025135E00C7125B006C125760
:109370000015125400C111510070114F0021114B02
:1093800000D61049008D10470046104400021042DC
:1093900000C00F4000800F3E00420F3C00060F3B14
:1093A00000CB0E3800930E37005C0E3500270E34CC
:1093B00000F30D3200C10D3100900D3000600D2E14
:1093C00000320D2D00050D2C00D90C2B00AE0C2900
:1093D00000850C29005C0C2700350C27000E0C269C
:1093E00000E80B2400C40B2400A00B23007D0B23FA
:1093F000005A0B2100390B2100180B2000F80A1F1E
:1094000000D90A1E00BB0A1E009D0A1D00800A1D0D
:1094100000630A1C00470A1B002C0A1B00110A1AD1
:1094200000F7091A00DD091900C4091900AB091970
:1094300000920917007B091800630917004C0916F0
:109440000036091600200916000A091500F508154E
:1094500000E0081400CC081400B8081400A4081494
:1094600000900813007D0812006B081300580812C2
:1094700000460812003408110023081100120811D8
:109480000001081100F0071000E0071000D00710DD
:1094900000C0071000B0070F00A107100091070ED1
:1094A0000083070F0074070F0065070E0057070EB3
:1094B0000049070E003B070D002E070E0020070D88
:1094C0000013070D0006070D00F9060C00ED060D50
:1094D00000E0060C00D4060C00C8060C00BC060C0C
:1094E00000B0060C00A4060B0099060C008D060BBC
:1094F0000082060B0077060B006C060B0061060A63
:109500000057060B004C060A0042060A0038060AFD
:10951000002E060A0024060A001A060A0010060990
:109520000007060A00FD050900F4050900EB05091E
:1095300000E2050900D9050900D0050900C70509A1
:1095400000BE050900B5050800AD050800A5050920
:10955000009C050800940508008C05080084050897
:10956000007C050800740508006C05070065050807
:10957000005D050700560508004E05070047050772
:10958000004005080038050700310507002A0507D7
:1095900000230507001C050600160507000F050738
:1095A000000805060002050700FB040600F5040795
:1095B00000EE040600E8040600E2040700DB0406EF
:1095C00000D5040600CF040600C9040600C3040643
:1095D00000BD040600B7040600B1040500AC040693
:1095E00000A6040600A00405009B040600950405DF
:1095F00000900406008A0405008504050080040626
:10960000007A04050075040500700405006B04056C
:109610000066040500610405005C040500570405AC
:1096200000520405004D04050048040500430405EC
:10963000003E0404003A040500350405003004042B
:10964000002C04050027040400230405001E040464
:10965000001A04040016040500110404000D04049B
:1096600000090405000404040000040400FC0304D1
:1096700000F8030400F4030400F0030400EC030406
:1096800000E8030400E4030400E0030400DC030436
:1096900000D8030400D4030400D0030400CC030466
:1096A00000C8030300C503030024F404D9201BC42D
:1096B0000C5C0E9804C4095F0265077101F405F99A
:1096C00000FB04B30048048700C103690058035538
:1096D0000003034500BE023A008402310053022A0F
:1096E000002902250004022000E4011C00C8011921
:1096F00000AF0117009801140084011300710110DC
:10970000006101100051010E0043010D0036010BF4
:10971000002B010B0020010B00150109000C0109B1
:109720000003010800FB000800F3000800EB00073D
:1097300000E4000600DE000600D8000600D20006A5
:1097400000CC000500C7000500C2000500BD0004F4
:1097500000B9000400B5000400B1000400AD00042D
:1097600000A9000400A5000300A20003009F00045C
:10977000009B000300980003009500020093000383
:1097800000900003008D0002008B0003008800029F
:10979000008600020084000300810002007F0002B6
:1097A000007D0002007B00020079000200770001CA
:1097B00000760002007400020072000100710002D5
:1097C000006F0002006D0001006C0002006A0001E1
:1097D00000690002006700010066000100650001E9
:1097E00000640002006200010061000100600001ED
:1097F000005F0002005D0001005C0001005B0001F1
:10980000005A0001005900010058000100570001F2
:1098100000560001005500010054000100530000F3
:1098200000530001005200010051000100500001EE
:10983000004F0001004E0000004E0001004D0001ED
:10984000004C0001004B0000004B0001004A0001E9
:1098500000490001004800000048000100470001E5
:1098600000460000004600010045000000450001E0
:1098700000440001004300000043000100420000DA
:1098800000420001004100000041000100400001D1
:10989000003F0000003F0001003E0000003E0001CC
:1098A000003D0000003D0001003C0000003C0000C5
:1098B000003C0001003B0000003B0001003A0000BA
:1098C000003A0001003900000039000100380000B2
:1098D00000380000003800010037000000370001A8
:1098E00000360000003600000036000100350000A0
:1098F0000035000000350001003400000034000095
:109900000034000100330000003300000033000188
:10991000003200000032000000320001003100007F
:109920000031000000310001003000000030000074
:1099300000300001002F0000002F0000002F000069
:10994000002F0001002E0000002E0000002E00015C
:10995000002D0000002D0000002D0000002D000152
:10996000002C0000002C0000002C0000002C000146
:10997000002B0000002B0000002B0000002B00013A
:10998000002A0000002A0000002A0000002A00012E
:109990000029000000290000002900000029000023
:1099A0000029000100280000002800000028000015
:1099B0000028000000280001002700000027000008
:1099C00000270000002700000027000100260000FB
:1099D00000260000002600000026000000260001EE
:1099E00000250000002500000025000000250000E3
:1099F00000250000002500010024000000240000D4
:109A000000240000002400000024000100230000C6
:109A100000230000002300000023000000230000BA
:109A200000230000002300010022000000220000AB
:109A3000002200000022000000220000002200019D
:109A40000021000000210000002100000021000092
:109A50000021000000210000002100010020000082
:109A60000020000000200000002000000020000076
:109A7000002000000020000000200001001F000066
:109A8000001F0000001F0000001F0000001F00005A
:109A9000001F0000001F0001001E0000001E00004B
:109AA000001E0000001E0000005049442041757453
:109AB0006F74756E652066696E69736865642120D0
:109AC00050757420746865206C617374204B702C21
:109AD000204B6920616E64204B6420636F6E737449
:109AE000616E74732066726F6D2061626F7665209F
:109AF000696E746F20436F6E666967757261746911
:109B00006F6E2E6800504944204175746F74756EF5
:109B100065206661696C6564212074696D656F7587
:109B2000740020403A00543A00423A005049442020
:109B30004175746F74756E65206661696C6564212A
:109B40002054656D706572617475726520746F6FF5
:109B5000206869676800204B643A2000204B693A0E
:109B60002000204B703A200020436C6173736963BE
:109B70002050494420002054753A2000204B753A6B
:109B80002000206D61783A2000206D696E3A200037
:109B900020643A200020626961733A2000504944F1
:109BA000204175746F74756E6520737461727400F2
:109BB000504944204175746F74756E652066616903
:109BC0006C65642E204261642065787472756465EA
:109BD00072206E756D6265722E00544D4C202564A6
:109BE00020256420257820256C7820256C780A00B3
:109BF0004D494E54454D50004D494E54454D502011
:109C0000424544004D494E54454D5020414D42007F
:109C10004D415854454D50004D415854454D5020EC
:109C2000424544004D415854454D5020414D42005D
:109C3000544D3A206572726F7220636C6561726573
:109C40006400544D3A206572726F722074726967B5
:109C500067657265642100544D3A206572726F72B7
:109C6000207C25667C3E25660A0070012C0190014F
:109C70002701B0012201C0011D01F00118011002ED
:109C8000130130020E016002090190020401C002BA
:109C9000FF000003FA004003F5008003F000D0034A
:109CA000EB002004E6007004E100E004DC00400565
:109CB000D700C005D2004006CD00D006C8008007FE
:109CC000C3003008BE00F008B900C009B400B00AF3
:109CD000AF00B00BAA00D00CA500000EA000500FE2
:109CE0009B00C01096005012910000148C00C0150B
:109CF0008700B0178200B0197D00D01B7800001ECD
:109D0000730040206E0090226900F0246400402718
:109D10005F0090295A00E02B5500102E5000203093
:109D20004B0010324600E033410090353C001037C4
:109D3000370070383200A0392D00B03A2800A03B1F
:109D40002300603C1E00103D1900903D1400103EA1
:109D50000F00703E0A00C03E0500003F0000901357
:109D60007D00B0157800F0177300601A6E00F01CCB
:109D70006900A01F640050225F0020255A00E027E0
:109D80005500902A5000202D4B00A02F4600F031A6
:109D9000410010343C00F0353700A0373200203944
:109DA0002D00603A2800703B2300603C1E00203DDF
:109DB0001900C03D1400403E0F00A03E0A00F03ED6
:109DC0000500403F0000703FFBFF903FF6FFB03FB3
:109DD000F1FFC03FECFFD03FE7FFE03FE2FFF03F85
:109DE000DDFFF03FD8FF20484F54454E44205448F3
:109DF00045524D414C2052554E4157415900204843
:109E000045415442454420544845524D414C20520E
:109E1000554E4157415900544845524D414C2052EE
:109E2000554E415741590042454420544845524DF2
:109E3000414C2052554E41574159002054484552FB
:109E40004D414C2052554E415741592028505245C2
:109E50004845415420484F54454E44290020544819
:109E600045524D414C2052554E41574159202850A2
:109E700052454845415420484541544245442900F3
:109E800050524548454154204552524F5200424598
:109E9000442050524548454154204552524F5200AB
:109EA0002074726967676572656421004865617432
:109EB000657273207377697463686564206F666682
:109EC0002E20003A20004572723A200000FF010265
:109ED000010002FFFFFE0001FE01FF00506C656102
:109EE0007365207265737461727400544D3A206911
:109EF0006E76616C696420706172616D6574657203
:109F0000732C2063616E6E6F7420656E61626C6588
:109F100000255320204D3331302050252E3266202D
:109F200055252E34662056252E32662043252E32A6
:109F3000662044252E3466204C2575205325752037
:109F40004225752045252E32662057252E32662063
:109F500054252E32660A00255320204D33313020FF
:109F60004925752052252E32660A00546865726DA7
:109F7000616C204D6F64656C2073657474696E67E5
:109F8000733A006666CA413333BF410000B441CD25
:109F9000CC9C4100009841666692419A998D41CDD2
:109FA000CC88416666864100008441666682410035
:109FB00000804166667E4133337B419A99794166E0
:109FC000667641452D6D6F746F7220637572726590
:109FD0006E74207363616C696E6720656E61626C7C
:109FE000656400010808010A0A01141401121274C0
:109FF0006D63323133305F686F6D655F656E7465B8
:10A000007228617865735F6D61736B3D30782530C0
:10A010003278290A00746D63323133305F686F6DB6
:10A02000655F6578697420746D63323133305F73B6
:10A03000675F686F6D696E675F617865735F6D619B
:10A04000736B3D3078253032780A00726573756C19
:10A05000742076616C75653A2025640A0020693D9C
:10A0600025326420636E743D2532642076616C3D38
:10A070002532640A00636C7573746572733A00204C
:10A08000693D25326420737465703D2532640A0091
:10A09000736F727465642073616D706C65733A00E0
:10A0A0005553415254322072782046756C6C2121F0
:10A0B00021003A2000252D31322E313253252D64D6
:10A0C0002F36002533642F252D336400203A2000DD
:10A0D00025335300252D3773004E642025342E324E
:10A0E000662000252D31352E313553252D35640A56
:10A0F000252D31352E313553252D35640A00255354
:10A100000A20252D31362E313653252D33640A2071
:10A11000252D31362E313653252D33640025530A33
:10A1200020252D31362E313653252D33640A202536
:10A130002D31362E313653252D33640A20252D310D
:10A14000362E313653252D33640025530A20252D14
:10A1500031362E313653252D33640A20252D3136E4
:10A160002E313653252D33640A20252D372E3753B3
:10A170005820252D336420205920252D33640020BC
:10A18000257325336481200A000A204952203A2091
:10A1900020202020202025332E31665600205057C5
:10A1A000523A20202020202025342E3166560A20C5
:10A1B0004245443A20202020202025342E31665666
:10A1C0000025530A20582025640A205920256400C0
:10A1D00025752E25752E25752E257500200020004D
:10A1E000466C617368416972204950204164647211
:10A1F0003A004D4D5520202020202020204E2F4178
:10A200000025642E25642E2564002046573A00461A
:10A21000696C2E2073656E736F7220762E3A003251
:10A220003032352D31302D323100453344524556D0
:10A230004F0045494E53795F31306100315F37350A
:10A240006D6D5F4D4B33530020486173683A303673
:10A250003539393861393500205265706F3A736885
:10A260006976616D6D656874613232300020332E1D
:10A2700031342E312D38323835004669726D7761B0
:10A2800072653A003E00464C4558202D202032345D
:10A29000302F353000464C4558202D2020323430A8
:10A2A0000050502020202D20203235342F313030E6
:10A2B0000050502020202D202032353400484950B5
:10A2C00053202D20203232302F3130300048495079
:10A2D00053202D20203232300041425320202D20A7
:10A2E000203235352F3130300041425320202D208F
:10A2F000203235350050412020202D2020323735A6
:10A300002F39300050412020202D202032373500B9
:10A3100050564220202D20203231352F3735005025
:10A32000564220202D20203231350050432020205D
:10A330002D20203237352F3131300050432020205E
:10A340002D20203237350041534120202D2020324E
:10A3500036302F3130350041534120202D2020321E
:10A3600036300050455420202D20203235352F37EF
:10A37000350050455420202D202032353500504CDA
:10A380004120202D20203232302F363000504C41D9
:10A3900020202D202032323000252D31322E313236
:10A3A00053252B382E3166004578747275646572BA
:10A3B0003A0025632531372E32666D6D00583A001C
:10A3C000593A005A3A002563252D31332E31335343
:10A3D000252B352E3366002533750050494E4441F8
:10A3E0002063616C6962726174696F6E2066616975
:10A3F0006C65642E20436F6E74696E756520776995
:10A400007468207072657373696E67207468652064
:10A410006B6E6F622E0050494E44412063616C693F
:10A4200062726174696F6E20646F6E652E20436F77
:10A430006E74696E756520776974682070726573D3
:10A4400073696E6720746865206B6E6F622E0047BB
:10A450003830004D3435004D3435205A00473736FA
:10A46000004D3730312050300057697A61726420D6
:10A4700073746174653A2025640A004D39313400E3
:10A480004D393135004578706572696D656E74615E
:10A490006C004673656E736F7220446574656374F7
:10A4A000696F6E00302E383000302E363000302E7E
:10A4B000343000302E3235005265736574204D4DB6
:10A4C00055004D4D550078797A63616C5F73706902
:10A4D00072616C322063783D25642063793D256488
:10A4E000207A303D256420647A3D256420726164C1
:10A4F0006975733D25642061643D25640A000A0086
:10A50000436F756E74646F776E3A20256420002562
:10A51000640A005363616E20636F756E74646F77B5
:10A520006E3A20005061747465726E2063656E74BB
:10A530006572205B25662025665D2C206D61746345
:10A540006820256625250A00205B25662C202566C7
:10A550005D5B25665D2066696E616C206369726370
:10A560006C650A00746D63323133305F676F746FEE
:10A570005F73746570202564202564202564202580
:10A5800064200A00E02D903E8988B24111369C3E3D
:10A590007777C14129CBB03EEFEEDA41BA49CC3EE4
:10A5A000EFEEFC4161C3F33EEFEE16429CA2133F77
:10A5B000CDCC36428AB0113FABAA56428863DD3D0E
:10A5C000ABAA5642B8AF433F555572421826533F87
:10A5D00033B38242302A593FEF6E8642000070C189
:10A5E0000000C8420000C4C10000A0410000E0C05B
:10A5F00000002041000060C00000C0400000A041F9
:10A600002222F2400000A0C19A99A14000000CC291
:10A61000555505425265736574526574727941747B
:10A6200074656D70747300436F6F6C696E6720742E
:10A63000696D65722073746F707065640048656140
:10A6400074657220636F6F6C646F776E00436F6F19
:10A650006C696E672054696D656F757420737461E1
:10A660007274656400536176696E6720616E642060
:10A670007061726B696E6700486561746572206312
:10A680006F6F6C646F776E2070656E64696E6700C3
:10A69000526573756D696E672058595A004D4D5556
:10A6A00032746F6F6C3D004D4D55323A00577269F0
:10A6B00074696E6720746F2066696C653A20004685
:10A6C000696C6520616C7265616479206F70656E7C
:10A6D000656400E359D259BE59A959935980596A02
:10A6E00059565945592F59BE59D2591B590C59F829
:10A6F00058E758D258765CBC58AA58975886587173
:10A70000585E584A5835582C581A5805584D363006
:10A7100030204155544F0046494E44412066696CF3
:10A72000616D656E742072756E6F75742100436F74
:10A730006D6D756E69636174696F6E2074696D65A6
:10A740006F75740050726F746F636F6C2045727216
:10A750006F720003000356657273696F6E206D6936
:10A76000736D6174636800436F6D6D616E64204545
:10A7700072726F7200436F6D6D616E642072656AF4
:10A780006563746564004D4D5520427574746F6E39
:10A7900020707573686564005265747279427574CF
:10A7A000746F6E5072657373656400405C2B5C144B
:10A7B0005CFF5BEA5BD65BC65BAF5B985B815B6D06
:10A7C0005B595B435B435B435B2E5B2E5B2E5B1BEA
:10A7D0005B1B5B1B5B085B085B085BF15AF15AF182
:10A7E0005ADC5ADC5ADC5AC65AC65AC65AB65AA15C
:10A7F0005A8B5A755A665A595A425A2F5A1D5A0A32
:10A800005AF859E859427574746F6E00436865636D
:10A810006B55736572496E7075742D62746E4C4D14
:10A8200052200046493A202046533A202020203E1C
:10A830002020822020208100486F74656E6420747F
:10A84000656D7065726174757265207265616368AB
:10A85000656400526573756D696E672054656D702F
:10A8600000436F6F6C646F776E20666C6167206366
:10A870006C65617265640020573A0020453A0054C7
:10A880003A004E6F203078464620726563656976DF
:10A8900065640053656E64696E67203078464600D3
:10A8A00046696C652073656C65637465640020534C
:10A8B000697A653A200046696C65206F70656E653F
:10A8C000643A20004E6F772066726573682066696F
:10A8D0006C653A20004E6F7720646F696E67206662
:10A8E000696C653A20002220706F7300222070612D
:10A8F00072656E743A2200535542524F5554494E78
:10A90000452043414C4C207461726765743A2200C3
:10A91000747279696E6720746F2063616C6C207348
:10A9200075622D67636F64652066696C6573207757
:10A9300069746820746F6F206D616E79206C657624
:10A94000656C732E002022257322002025236C784D
:10A95000004449525F45584954004449525F454EAE
:10A960005445523A20257320222573220A0061752E
:10A97000746F25692E6700041A44656372656D65FE
:10A980006E745265747279417474656D707473007D
:10A99000081B1C0B14525354436F6D6D54696D6545
:10A9A0006F7574002C206C61737420627974657308
:10A9B0003A200022206661696C65643A204275661F
:10A9C0006665722066756C6C21004572726F723A12
:10A9D000002200456E717565696E6720746F207482
:10A9E00068652066726F6E743A2022004D4D5532B4
:10A9F0003A006563686F3A003E53302A63362E0092
:10AA00004D4D552069732000252E313053200025EF
:10AA1000346400457872656D65207370616E206FD7
:10AA20006620746865205A2076616C756573210014
:10AA300025642F39004D4D55323A002533640018F6
:10AA4000010419020A2B64B5633B63CE628562F38D
:10AA5000617B611361C460A4605860A4604160417F
:10AA600060416041604160416041604160416041DE
:10AA700060416041604160416041604160416041CE
:10AA80006041604160416041600A60C95F7F5F0C66
:10AA90005FD75E8D5E435EE55DAC5D6A5D4D5D01D9
:10AAA000010101010101027101710132323203031E
:10AAB0000303030303030303030303030303030366
:10AAC0000393932438039303010256036500660041
:10AAD0006700680069006A006B006C007300740016
:10AAE0007D007E00C900D300DD00CA00D400DE0076
:10AAF0002D01370141012E01380142012F01390199
:10AB0000430130013A01440131013B014501320169
:10AB100091019201F501F601F701F801F901FA013D
:10AB2000FB01FC018403B8642165AD64A4649D64E9
:10AB3000EB4B643C96648C64252E3230530A707261
:10AB40007573612E696F2F3034256875002055703C
:10AB500067726164696E672078666C6173680A2049
:10AB6000446F206E6F7420646973636F6E6E6563EB
:10AB7000742100773235783230636C5F63666D0A1A
:10AB800000773235783230636C5F656E7465720AB7
:10AB90000073746172740A007265636F7665725F28
:10ABA0006D616368696E655F73746174655F61662A
:10ABB0007465725F706F7765725F70616E69632C28
:10ABC00020696E697469616C2000505255534120B0
:10ABD00075766C6F004734205330004D3131302092
:10ABE0004E256C75004D32362053256C75004D3165
:10ABF00030362053257500473120462564004D38F6
:10AC000032004739322045252D2E3366004D323033
:10AC1000342050252D2E31662052252D2E316620D0
:10AC200054252D2E3166004731205A252D2E3366AE
:10AC3000005052555341204D424C2056310047316F
:10AC40002058252D2E33662059252D2E336620467B
:10AC500033303030002C20666565646D756C746926
:10AC6000706C793A0046656564726174653A0047B4
:10AC7000312045352046313230004D3130392053B6
:10AC80002564004D31343020532564004D3130347B
:10AC9000205325640047323820582059004731207E
:10ACA0005A252E33662046383030000000211042ED
:10ACB0002063308440A550C660E770088129914A1E
:10ACC000A16BB18CC1ADD1CEE1EFF13112100273A5
:10ACD000325222B5529442F772D662399318837B6E
:10ACE000B35AA3BDD39CC3FFF3DEE36224433420F5
:10ACF000040114E664C774A44485546AA54BB528BE
:10AD0000850995EEE5CFF5ACC58DD5533672261184
:10AD1000163006D776F6669556B4465BB77AA7190D
:10AD2000973887DFF7FEE79DD7BCC7C448E558864C
:10AD300068A7784008611802282338CCC9EDD98E5D
:10AD4000E9AFF9488969990AA92BB9F55AD44AB7E4
:10AD50007A966A711A500A333A122AFDDBDCCBBFAD
:10AD6000FB9EEB799B588B3BBB1AABA66C877CE4B4
:10AD70004CC55C222C033C600C411CAEED8FFDECFD
:10AD8000CDCDDD2AAD0BBD688D499D977EB66ED5C4
:10AD90005EF44E133E322E511E700E9FFFBEEFDD4D
:10ADA000DFFCCF1BBF3AAF599F788F8891A981CA2A
:10ADB000B1EBA10CD12DC14EF16FE18010A100C209
:10ADC00030E3200450254046706760B9839893FBB8
:10ADD000A3DAB33DC31CD37FE35EF3B1029012F359
:10ADE00022D2323542145277625672EAB5CBA5A808
:10ADF0009589856EF54FE52CD50DC5E234C324A0A9
:10AE00001481046674476424540544DBA7FAB79997
:10AE100087B8975FE77EF71DC73CD7D326F23691F8
:10AE200006B01657667676154634564CD96DC90E5F
:10AE3000F92FE9C899E9898AB9ABA9445865480648
:10AE4000782768C018E1088238A3287DCB5CDB3FF7
:10AE5000EB1EFBF98BD89BBBAB9ABB754A545A3798
:10AE60006A167AF10AD01AB32A923A2EFD0FED6CC7
:10AE7000DD4DCDAABD8BADE89DC98D267C076C64E8
:10AE80005C454CA23C832CE01CC10C1FEF3EFF5DD7
:10AE9000CF7CDF9BAFBABFD98FF89F176E367E5538
:10AEA0004E745E932EB23ED10EF01E7C3C3E3F2F80
:10AEB0002A225C006E3A2A6511241FBECFEFD1E230
:10AEC000DEBFCDBF00E00CBF13E0A0E0B2E0EEEDCE
:10AED000F8EC03E00BBF02C007900D92A232B1075D
:10AEE000D9F728E1A2E2B3E001C01D92A531B20773
:10AEF000E1F717E5CBE5D7E500E006C021970109AA
:10AF0000802FFE010F94B3DECA35D10780E0080719
:10AF1000A9F70E945CFB0D945DE40C9420682F92CD
:10AF20003F924F925F926F927F928F929F92AF92D9
:10AF3000BF92CF92DF92EF92FF920F931F93CF9326
:10AF4000DF93CDB7DEB72F970FB6F894DEBF0FBEF5
:10AF5000CDBF6C011B015A01FC011782168283814F
:10AF60009E012F5F3F4F490181FDD2C08FEF9FEFC0
:10AF7000EEC2F12C512C00E0003238F48B3209F192
:10AF800090F48032F9F0833209F107FD34C020EDEE
:10AF9000280F2A3020F506FF1BC0FAE0FF9E200D87
:10AFA0001124F22E05C08D3279F0803371F70160E3
:10AFB000F10193FD859193FF81911F018111DCCFF8
:10AFC0001AC002600460F4CF0860F2CF0061F0CFD5
:10AFD0003AE0539E200D1124522E0062E9CF8E32AA
:10AFE00021F406FDB1C20064E3CF8C3611F4006891
:10AFF000DFCF8836E9F29BEB980F933008F05FC003
:10B000000061805E06FD02C046E0F42E102F1F7323
:10B01000853609F05BC0106417FF61C08F2D9BE37C
:10B020009F1508F48BE344244394480E27E0350130
:10B03000F4E06F0E711CF501608171818281938152
:10B04000042DA4010F945CDA5C01F981FC87F0FF08
:10B0500003C00DE2F3FF07C00BE211FD04C0012F96
:10B06000047012FD00E22C852C70E22E09F46BC0F6
:10B070000111D8C2F3E0E12CF515A0F483E0E52C32
:10B08000E81A13FD08C0B60180E290E00F940BDCD3
:10B09000EA94E110F8CF002329F0B601802F90E068
:10B0A0000F940BDC3C8528EEA22E26E7B22E33FD52
:10B0B00004C09CEEA92E96E7B92E107122C09BE920
:10B0C000980F933008F047C10F7E9CCF863611F45D
:10B0D0001068A2CFFF2009F49FCFFA949DCFE7E03C
:10B0E0002F2DEF1518F427E037E0F32E412C9FCFDA
:10B0F00011118052B60190E00F940BDC8FEFA81A6B
:10B10000B80AF50184918111F3CFE11084C2530193
:10B11000F6019381F10193FD859193FF81911F01C8
:10B12000882309F411C2853241F493FD859193FF80
:10B1300081911F01853209F01CCFB60190E00F9478
:10B140000BDC3501E4CF17FF6FC04A0CFC85F4FF20
:10B1500004C08A81813309F44A9414140CF086C027
:10B1600028E0241510F488E0482E85E090E017FFD1
:10B1700006C0C501B7FE02C090E080E00196011153
:10B180000196FF2031F02F2D30E02F5F3F4F820FCF
:10B19000931F5816190619F014F0E52CE81A812FA0
:10B1A000897011F4E11067C0002329F0B601802FE7
:10B1B00090E00F940BDC13FD02C0E11063C017FF99
:10B1C0007CC08501B7FE02C010E000E0C501841913
:10B1D00091092C016F2D70E0EE27FF27E61BF70B7E
:10B1E000FF87EE870F3F100729F4B6018EE290E04B
:10B1F0000F940BDCA016B1060CF44BC040165106A0
:10B200000CF047C0F501E01BF10BE80DF91D818141
:10B21000015011092E853F8502171307E4F1B6018D
:10B2200090E00F940BDCDECF16FD9FCFEF2DF0E00A
:10B23000EA15FB0534F03CEFA3163FEFB3060CF024
:10B2400010683296E80DF91D01C0FA94FF2019F03C
:10B2500082918033D1F317FF88CF442443944F0C5D
:10B26000FA141B0431F02CF0FA187FCF44244394D5
:10B270007CCFF12C7ACFB60180E290E00F940BDC0A
:10B28000EA9490CFB60180E390E00F940BDCEA944F
:10B2900094CF80E3BDCFA016B10641F49A819633D6
:10B2A00050F4953319F43C8534FF05C0B60190E0A5
:10B2B0000F940BDC2ACF81E3F9CF8A81813319F017
:10B2C0009C859F7E9C87B60190E00F940BDCFF204D
:10B2D000A9F0B6018EE290E00F940BDCF394F394A6
:10B2E000E2E001E00E0FE80DF92DF11D8081B601BD
:10B2F00090E00F940BDCE02F0F11F3CF85E690E088
:10B3000014FF02C085E490E0B6010F940BDCB7FC9B
:10B3100006C0A114B104C1F4EC85E4FF15C0B194DA
:10B32000A194B1088DE2B60190E00F940BDC80E3AC
:10B330002AE0A216B10454F4B60190E00F940BDC9D
:10B34000B601C501C096B4CF8BE2EDCF8F5FFAE0B6
:10B35000AF1AB108EDCF8336C9F0833771F1833569
:10B3600009F05BC03501F2E06F0E711CF501A080A1
:10B37000B1806F2D70E006FD02C06FEF7FEFC50159
:10B380000F949FDB9D878C8700680DC0350132E0EC
:10B39000630E711CF5018081898321E030E03D87D7
:10B3A0002C8754010F7703FD06C02C853D8552166E
:10B3B000130609F0A8F4E52C2BC0350132E0630E2A
:10B3C000711CF501A080B1806F2D70E006FD02C0F8
:10B3D0006FEF7FEFC5010F94C4DB9D878C87E2CFB1
:10B3E000B60180E290E00F940BDC5A94DECFF501B9
:10B3F00007FD859107FF81915F01B60190E00F94F1
:10B400000BDCE110EA948C859D8501979D878C87E4
:10B41000EC85FD85EF2B59F778CE843619F0893607
:10B4200009F074C0350107FF66C0F4E06F0E711CAF
:10B43000F5016081718182819381102F1F7697FFC2
:10B4400008C090958095709561957F4F8F4F9F4F65
:10B4500010682AE030E0A4010F9432DDA82EA8186D
:10B46000BA2C012F16FF0AC00E7FAF1438F414FF58
:10B4700004C012FD02C0012F0E7EBF2C04FFA3C02A
:10B48000FE01EA0DF11D8081803309F095C0097E2F
:10B49000F02FF870EF2E03FDA5C000FF9FC0FA2C1F
:10B4A000B51410F4F50CFB1804FFA2C0B60180E33C
:10B4B00090E00F940BDC02FF09C088E790E001FFE9
:10B4C00002C088E590E0B6010F940BDCAF1408F4DD
:10B4D0009BC0AA940A2D10E00F5F1F4F080D191D85
:10B4E000F80182918F01B60190E00F940BDC801679
:10B4F0009106B1F70ACEF2E06F0E711CF501608182
:10B500007181072E000C880B990B97CF102F853770
:10B51000A9F41F7E2AE030E0350117FF44C0F4E0B3
:10B520006F0E711CF5016081718182819381A4018C
:10B530000F9432DDA82EA8181F7792CF197F8F366F
:10B5400079F1F0F4883539F1F601868197812F96EB
:10B550000FB6F894DEBF0FBECDBFDF91CF911F9124
:10B560000F91FF90EF90DF90CF90BF90AF909F90A2
:10B570008F907F906F905F904F903F902F900895A5
:10B58000803739F0883701F714FD146020E130E08E
:10B59000C3CF1061F9CF04FD166020E132E0BCCFCB
:10B5A00028E030E0B9CFF2E06F0E711CF501608148
:10B5B000718190E080E0BBCF02FD02C0B39468CF00
:10B5C000B394B39465CF802F867809F461CFF6CF1A
:10B5D000B60180E290E00F940BDCB394B514C0F395
:10B5E000E12C62CFE52CEB18B51408F45DCFF8CF51
:10B5F000802F867809F46ACF8BE201FF80E207FD95
:10B600008DE2B60190E060CFB60180E390E00F9448
:10B610000BDCFA945BCFB60180E290E00F940BDC78
:10B62000EA9473CD24E0E12C251508F036CD84E0B2
:10B6300026CD20E030E040E85FEB6091AB027091F6
:10B64000AC028091AD029091AE020F94C0DF8823CE
:10B6500021F1E0916C12F0916D12E158FF4E808162
:10B660008B7F8230D1F480E1EBEAF2E0AFE3B7E028
:10B6700001900D928A95E1F780E090E0A0E8BFEBA1
:10B680008093AB029093AC02A093AD02B093AE0254
:10B690008091071890910818089581E090E008952E
:10B6A000CF92DF92EF92FF920F931F93CF93DF938E
:10B6B00090E0EC01CC0FDD1FCC0FDD1FFE01E65644
:10B6C000F3482591359145915491FE01EE53F94F80
:10B6D000C080D180E280F3808E01015C184FC701E9
:10B6E000B6010F94CBDEF80160837183828393836C
:10B6F000FE01E257F34825913591459154918E0111
:10B700000F5D1D4FC701B6010F94CBDEF8016083BA
:10B71000718382839383FE01EE57F348259135911F
:10B7200045915491CB5EDD4FC701B6010F94CBDE3E
:10B73000688379838A839B83DF91CF911F910F91D7
:10B74000FF90EF90DF90CF90089580E1E0E5F5E085
:10B75000AFE3B7E001900D928A95E1F70895EDE02F
:10B76000FCE7833021F0E82FF0E0E65FF3488491B6
:10B77000089540917D1050917E1090E080E0411539
:10B780005105B1F120916C1230916D1290E080E082
:10B79000F901E158FF4EA081A23021F4618172814C
:10B7A000860F971F4150510919F1F901EE57FF4ECD
:10B7B000A1919F012F573041A111FACFF901E15812
:10B7C000FF4E2D3EA1E03A0730F4A191A111E0CF48
:10B7D0002F5F3F4FF6CF2D3EE1E03E07C9F6EFE782
:10B7E000F0E19F012F573041A191AA23D1F3D0CF8F
:10B7F0000895982F9F7083FF0DC080917B00886013
:10B8000080937B0080917C00887F9770892B809348
:10B810007C00089580917B00877FF2CF8091930315
:10B82000909194034AE050E070E060E001960F943C
:10B830002ED9862F089580919303909194034AE026
:10B8400050E070E060E001960F942ED9CB0108958E
:10B8500080919303909194034AE050E070E060E09F
:10B8600001960D942ED98091910490919204909319
:10B87000900480938F048AE09EE69F938F9380913B
:10B88000780390917903A0917A03B0917B0301969C
:10B89000A11DB11DBF93AF939F938F9389EE96E641
:10B8A0009F938F9380EF96E69F938F930F9465DC21
:10B8B0008DB79EB70A960FB6F8949EBF0FBE8DBF88
:10B8C00008950F931F93CF93DF93EC01C60FD71FFB
:10B8D0008C179D0779F08C010F5F1F4F0F94A3DD2C
:10B8E0008F3F31F081E0DF91CF911F910F9108954B
:10B8F000C801EECF80E0F7CF682F880F770B8091DB
:10B900006C1290916D128E579F4E0F94FAE39C012A
:10B91000909394038093930381E0232B09F480E0B8
:10B9200008950F931F93CF93DF938C01862FEA0125
:10B930000E947C5C882319F10E941B5C9C0197FF8C
:10B9400003C0319521953109253631059CF09F932F
:10B950008F938AEC99EA9F938F938FEF9CE79F9345
:10B960008F930F9465DC0F900F900F900F900F90B6
:10B970000F9080E0DF91CF911F910F910895F80112
:10B9800080818823B1F3CE01DF91CF911F910F9178
:10B990000D94A3DD60E086E69FE00F94C7DD60E0D4
:10B9A00088E69FE00F94C7DD60E085E69FE00F9496
:10B9B000C7DD60E084E69FE00F94C7DD60E082EDC4
:10B9C0009EE00F94C7DD60E08FEC9EE00D94C7DD34
:10B9D0008091B50481FB662760F991E0692760FBDF
:10B9E00081F98093B5048BE29DE00D94C7DD80362C
:10B9F0009105F8F440916C1250916D1220917A10DB
:10BA000030917B104217530739F460917D1070918B
:10BA10007E10161617066CF0B901680F791FFB012E
:10BA2000E359FF4F2417350730F481E04E175F07C5
:10BA300008F480E00895EE3EF140F8F06C5F7F4F2F
:10BA40006E3E714018F449365105B8F483599F4F42
:10BA50004817590770F34DEE51E0421B530B70E04D
:10BA600060E0C90181589F4E0F94D5E38FB7F894D9
:10BA700010927B1010927A108FBF81E008952F9260
:10BA80003F924F925F926F927F928F929F92AF926E
:10BA9000BF92CF92DF92EF92FF920F931F93CF93BB
:10BAA000DF93CDB7DEB7CC58D2400FB6F894DEBFE7
:10BAB0000FBECDBFCB58DD4F688379838A839B83CC
:10BAC000C557D240FE01E754FE4F88E2DF011D92C8
:10BAD0008A95E9F7E85BF1401F0180E991E0DF0119
:10BAE000FC011D923197E9F7C75ADD4F1982188280
:10BAF000C955D2409E012F513E4FC159DD4F398368
:10BB00002883CF56D2408E01075A1D4FCE018F5C3D
:10BB10009D4FC359DD4F99838883CD56D2403C0158
:10BB2000490140EBA42E4FE0B42E53E2C52ED12C98
:10BB3000F12CE12CB6010D2C000C880B990B0F9405
:10BB400031D8D4016D937D938D939D934D01F80170
:10BB5000619171918F01072E000C880B990B0F9446
:10BB600031D8D3016D937D938D939D933D01BFEFAC
:10BB7000EB1AFB0AE6E0EE16F10409F038C3CB58E5
:10BB8000DD4F288139814A815B81C557D240C15937
:10BB9000DD4FA881B981CF56D2406D917D918D91B5
:10BBA0009C910F9454E1412C512C320118160CF445
:10BBB00002C3C359DD4F08811981CD56D2400C5EB6
:10BBC0001F4FC159DD4FE880F980CF56D240B4E114
:10BBD000EB0EF11C6E01EFEDCE1AEDEFDE0A9E01C9
:10BBE0002B553E4FCF58DD4F39832883C157D24064
:10BBF000D8014D905D906D907C90F70160817181CE
:10BC000082819381D7015E914E913E912E917D016B
:10BC10000F94CADE4B015C01F801529142913291BE
:10BC200022918F01C301B2010F94CADEA5019401D4
:10BC30000F94CADFD6019E938E937E936E936D010F
:10BC4000CF58DD4FE881F981C157D240B292A2921C
:10BC500092928292CF58DD4FF983E883C157D24048
:10BC6000C359DD4F28813981CD56D24002171307C1
:10BC700009F0BECF4E013FE6831A3EEF930A5E0104
:10BC800083EFA81A8DEFB80A61018101EE24E394D5
:10BC9000F12CD4014D905D906D907D904D012D91D2
:10BCA0003D914D915C91C301B2010F94CBDE9B019C
:10BCB000AC010F94CBDEF80164A775A786A797A700
:10BCC000F1E0EF16F10461F0D80198964D925D9283
:10BCD0006D927C929B97F8014482558266827782AE
:10BCE000FFEFEF1AFF0AF501208131814281538174
:10BCF00084E0A80EB11C64817581868197810F94C0
:10BD0000CADE20E030E040EC50E40F9470D8D60159
:10BD1000DC966D937D938D939C93DF97045D1F4F0D
:10BD2000B8E2CB0ED11CE5E0EE16F10409F0B1CF7C
:10BD30007E01FDE2EF0EF11C28E2A22EB12C00EBF9
:10BD40001FEF24E0220E311CD7012D913D914D9122
:10BD50005C91139798966D917D918D919C919B9795
:10BD60000F94CADF2B013C016101C01AD10A88245B
:10BD70008394912CF601E00FF11FEA0DFB1D208149
:10BD8000318142815381C301B2010F9470D89B016C
:10BD9000AC01F60160817181828193810F94CADECA
:10BDA000D6016D937D938D939D936D01BFEF8B1A9B
:10BDB0009B0AE6E08E169104E9F63CE2E30EF11CE4
:10BDC0000852110988E2A80EB11C08339FEF190729
:10BDD00009F0BACF1E01F5EB2F0E311C6E0121EBDD
:10BDE000C20ED11C7E0137E3E31A3EEFF30A04E0F2
:10BDF00010E04801B12CA12C412C512C3201F6014C
:10BE0000EA0DFB1DD701AA0DBB1D2D913D914D9152
:10BE10005C9160817181828193810F9470D89B01C4
:10BE2000AC01C301B2010F94CBDE2B013C018FEFBB
:10BE3000881A980A94E0A90EB11CA5E08A1691040C
:10BE4000F1F6A3019201F1016081718182819381F8
:10BE50000F94CADED6012D913D914D915C910F94C6
:10BE6000CADFF701608371838283938301501109D4
:10BE7000F8E22F1A31082CE2C21AD10834E0E31A92
:10BE8000F1080115110509F0B4CFCB50DE4F8881C0
:10BE90009981AA81BB81C55FD140CF57DD4F88838F
:10BEA0009983AA83BB83C158D2401E0197E4291A03
:10BEB0009EEF390A10E000E0C159DD4FA881B98139
:10BEC000CF56D240CD90DD90ED90FD90C159DD4F21
:10BED000B983A883CF56D240CB58DD4F2881398112
:10BEE0004A815B81C557D240C701B6010F94C0DFBC
:10BEF0001816B4F0CB58DD4F288139814A815B8117
:10BF0000C557D240C159DD4FE881F981CF56D240A3
:10BF100060817181828193810F9454E187FF18C001
:10BF20000430110509F030C1CB58DD4F288139812B
:10BF30004A815B81C557D240CF57DD4F68817981F7
:10BF40008A819B81C158D2400F94C0DF87FF1CC1FA
:10BF5000D10114968D909D90AD90BC9017978D91C6
:10BF60009D910D90BC91A02DCF58DD4F8883998372
:10BF7000AA83BB83C157D240F801EE0FFF1FEE0F1B
:10BF8000FF1F21E931E02C0F3D1FE20FF31F40801E
:10BF9000518062807380C359DD4FA881B981CD562D
:10BFA000D2408D919D910D90BC91A02DC358DD4F35
:10BFB00088839983AA83BB83CD57D240A70196017A
:10BFC000CB58DD4F688179818A819B81C557D240EA
:10BFD0000F94CADE6B017C0120E030E040E450E4C5
:10BFE0000F943BE2CB57DD4F688379838A839B8331
:10BFF000C558D240C358DD4F288139814A815B81C1
:10C00000CD57D240C359DD4FE881F981CD56D2409A
:10C0100064817581868197810F94CADEA3019201A4
:10C020000F94CADFC758DD4F688379838A839B8367
:10C03000C957D240A3019201C301B2010F94CBDED4
:10C04000CF58DD4F288139814A815B81C157D24069
:10C050000F9470D8C757DD4F688379838A839B8399
:10C06000C958D240A3019201C501B4010F9470D800
:10C070009B01AC01C757DD4F688179818A819B8123
:10C08000C958D2400F94CBDE20E030E040EC50E4C1
:10C090000F94CADF9B01AC01C758DD4F68817981DD
:10C0A0008A819B81C957D2400F94CADEA7019601AD
:10C0B0000F9470D8C758DD4F688379838A839B8338
:10C0C000C957D240CF58DD4F288139814A815B81E1
:10C0D000C157D240C501B4010F94CADE4B015C01C7
:10C0E00020E030E040EC50E4C301B2010F9470D87E
:10C0F0009B01AC01C501B4010F94CADFCB57DD4FE2
:10C10000288139814A815B81C558D2400F9470D80B
:10C110004B015C0120E030E040E05FE3CF58DD4FB1
:10C12000688179818A819B81C157D2400F9470D8F0
:10C130002B013C01A7019601C701B6010F9470D8ED
:10C140009B01AC01C301B2010F9470D89B01AC01FB
:10C15000C501B4010F94CBDE9B01AC01C758DD4F84
:10C16000688179818A819B81C957D2400F94CBDE47
:10C17000C358DD4F288139814A815B81CD57D24038
:10C180000F94CBDE2B013C010F5F1F4FF4E02F0E0D
:10C19000311CC359DD4F28813981CD56D2402C5FE7
:10C1A0003F4FC359DD4F39832883CD56D2400530E8
:10C1B000110509F081CEC301B201C457DD4F0FB69E
:10C1C000F894DEBF0FBECDBFDF91CF911F910F91CD
:10C1D000FF90EF90DF90CF90BF90AF909F908F90A7
:10C1E0007F906F905F904F903F902F900895C50182
:10C1F0000F94B1DDD8018D939C93B5E0CB0ED11C8B
:10C20000E2E0AE0EB11C96CC0F931F93CF9320911A
:10C210009413213079F58C0180E50E947C5C8823A1
:10C2200049F10E940E5CC82F853020F5013C82E068
:10C23000180749F0023C124069F08C2FCF911F91F2
:10C240000F910D9480A060E08C2FCF911F910F91E2
:10C250000D94C3A08EEC9EE00F94A3DD882351F0D3
:10C260000F949B89882331F08C2FCF911F910F91D0
:10C270000D9440A1CF911F910F910895CF93C82F96
:10C280000F942C59F894C09368060F94C2AA0E9488
:10C290004CFB880F82700F94213C0F948659789440
:10C2A000CF9108958F929F92AF92BF92CF92DF92DB
:10C2B000EF92FF920F931F93CF93DF93009193031D
:10C2C000109194030F5F1F4F68018FEFC81AD80AAF
:10C2D000D801DC918D2F90E00F9434DB7C01892B09
:10C2E00001F5DD3201F56801B2E0CB0ED11CF80199
:10C2F000D181C1E086010150110943E050E061E4C1
:10C300007CE7C8010F946ADB892BC1F460E070E020
:10C3100080E89FEFC111DBC060E070E080E89FE73C
:10C32000D6C08601D1CFDB3239F46801F2E0CF0EFE
:10C33000D11CD8011196DC91C0E0DCCF43E050E085
:10C340006EE37CE7C8010F946ADB892B09F4CCC04B
:10C35000F60110E000E020E030E0A9016F01D053C9
:10C36000DA3060F5BC2E6894B1F88C2F8870C2FF6B
:10C3700009C0811102C00F5F1F4F3196D601DC91B9
:10C38000CB2DECCF882311F001501109A5E0B0E0CE
:10C390000F9438DE9B01AC01220F331F441F551F41
:10C3A0002D0F311D411D511D2839B9E93B074B07A0
:10C3B000B9E15B0710F3C660BC2EDFCFDE3F31F47E
:10C3C000C3FD33C0BC2E6894B3F8D7CFD53369F51D
:10C3D00080818D3231F4C061BF016E5F7F4F8181FA
:10C3E00005C0BF018B32C9F36F5F7F4F80538A3026
:10C3F000E0F4FB01B0E8EB16BCE0FB065CF4B7012F
:10C40000660F771F660F771FE60EF71EEE0CFF1CF8
:10C41000E80EF11C819180538A3060F3C4FF03C0A1
:10C42000F194E194F1080E0D1F1DCA01B9010F949A
:10C430002FD8C370C33009F490584B015C0120E041
:10C4400030E0A9010F94C0DF882309F43EC0CAE39D
:10C45000DCE717FF05C0119501951109C2E2DCE781
:10C460006E01E8E1CE1AD10880E2E82EF12C0DC071
:10C47000FE0125913591459154910E191F09C50171
:10C48000B4010F9470D84B015C01D501C4010E15A5
:10C490001F0574F72497F594E794CC16DD06A9F7E9
:10C4A0008A2F880F8B2F881F8F3F49F020E030E0C4
:10C4B000A901C501B4010F94C0DF811106C082E259
:10C4C00090E090930A1880930918C501B401DF9198
:10C4D000CF911F910F91FF90EF90DF90CF90BF9081
:10C4E000AF909F908F90089560E070E080EC9FE7A0
:10C4F000EECF2F923F924F925F926F927F928F92E8
:10C500009F92AF92BF92CF92DF92EF92FF920F93E2
:10C510001F93CF93DF9300D0CDB7DEB78DEDC82E3C
:10C5200082E0D82E80E595E09B838A839FE3E92E05
:10C5300097E0F92E3324339400E0F60181916F01E6
:10C540000E947C5C282E882309F4A6C01091DD038C
:10C5500013210E9452612B013C01EA81FB81408240
:10C56000518262827382033009F046C0F1E0F983A0
:10C57000111101C019828090BB029090BC02A09062
:10C58000BD02B090BE0220E030E040E85FE3C501AC
:10C59000B4010F94C0DF882359F1111115C0209107
:10C5A0004B0730914C0740914D0750914E07C30106
:10C5B000B2010F94CADE60935C0570935D058093B1
:10C5C0005E0590935F052982A501940160915C0549
:10C5D00070915D0580915E0590915F050F9470D814
:10C5E00060935C0570935D0580935E0590935F0595
:10C5F000E981E11103C022C0112399F0F7012081E4
:10C60000318142815381EA81FB8160817181828124
:10C6100093810F94CBDEEA81FB81608371838283F7
:10C6200093830F5F330C8A819B8104969B838A835B
:10C6300094E0E90EF11C043009F07FCF86E40E94FB
:10C640007C5C882399F00E9452616B017C0120E0A0
:10C6500030E0A9010F9454E1181644F4C0929002FE
:10C66000D0929102E0929202F09293020F900F907A
:10C670000F90DF91CF911F910F91FF90EF90DF907E
:10C68000CF90BF90AF909F908F907F906F905F9072
:10C690004F903F902F900895F70180819181A28162
:10C6A000B381EA81FB8180839183A283B383B9CF75
:10C6B0002F923F924F925F926F927F928F929F92B2
:10C6C000AF92BF92CF92DF92EF92FF920F931F93A0
:10C6D000CF93DF93CDB7DEB765970FB6F894DEBF83
:10C6E0000FBECDBF698B7A8B8B8B9C8B49015A0116
:10C6F000302ECD8A2D2C81E080939602DF922D89F9
:10C700002F931F92EF928BE296E69F938F930F9455
:10C7100065DC81E40E947C5C0F900F900F900F907D
:10C720000F900F908823A1F0809193039091940330
:10C73000FC012181283709F069C040E150E070E038
:10C7400060E002960F942ED9698B7A8B8B8B9C8B31
:10C7500083E40E947C5C882309F465C00E94285C05
:10C760002B013C01C988DA88EB88FC888C149D0475
:10C77000AE04BF0410F475016401D301C2018C0D35
:10C780009D1DAE1DBF1D88169906AA06BB0628F082
:10C790008C159D05AE05BF0530F4240135014C18FC
:10C7A0005D086E087F0888E50E947C5C882309F498
:10C7B00091C020919303309194032F5F3F4FFE016E
:10C7C000319610E000E04F01D9018C912F5F3F4F6F
:10C7D000882309F43FC000311105E1F18032A1F353
:10C7E0008A30C1F190ED980F9A3010F58295807FD4
:10C7F0009D012E5F3F4F11969C9140ED490F4A30AD
:10C80000F8F4842B81930F5F1F4FDECF0E9452619B
:10C810000F943CE09B01770F440B550B298B3A8B0F
:10C820004B8B5C8B95CF44244A94542C32019ACF85
:10C830009FE9980F963058F48295807F8057D8CF23
:10C840004FE9490F463018F49755892BDBCF1195E6
:10C85000019511092801012E000C66087708DA8A73
:10C86000C98AB12CA12C0A151B05F1F0332039F02F
:10C8700031E0331671F04FEFA41AB40AF4CFF4018B
:10C88000EA0DFB1D8081E989FA89EA0DFB1D808391
:10C89000F2CFF401EA0DFB1D608189899A898A0D26
:10C8A0009B1D0F94EBDDE7CFFF92EF92DF92CF92CB
:10C8B0002F925D895F937F926F925F924F928FEF7D
:10C8C00095E69F938F930F9465DC0FB6F894DEBFC7
:10C8D0000FBECDBF032DA3019201C701B6010F9476
:10C8E000248865960FB6F894DEBF0FBECDBFDF91EA
:10C8F000CF911F910F91FF90EF90DF90CF90BF905D
:10C90000AF909F908F907F906F905F904F903F90EF
:10C910002F900895609111187091121890E08A304C
:10C9200020F0895A9F4F0D940BDCC096FCCF84FFFA
:10C9300018C08D9A85FF17C0A49A2FB786FF15C01F
:10C94000F894909102019068909302012FBF87FFA5
:10C9500011C0A39A8F9A85E08A95F1F700008F980D
:10C9600008958D98E7CFA498E8CFF89490910201AC
:10C970009F77EACFA398EECF0F931F93CF93DF93C8
:10C98000C82FD62F8A0160FF15C05D9A8AE18A956B
:10C99000F1F700C08C2F0E949764D1FD04C08C2F4A
:10C9A00082950E949764C801DF91CF911F910F91EA
:10C9B0000C9477E05D98EACFCF92DF92EF92FF92EE
:10C9C000CF93DF93EC016A017B010F94ABDD6F3FE6
:10C9D0007F4F8F4F9F4F59F4B701A601CE01DF91D2
:10C9E000CF91FF90EF90DF90CF900D94F9DDDF9124
:10C9F000CF91FF90EF90DF90CF90089580E1EFE32B
:10CA0000F7E0ABE9B2E001900D928A95E1F78091F1
:10CA1000390290913A029093700380936F03809152
:10CA2000690E90916A0E9093AA058093A905809152
:10CA3000670E8093AB058091DD0383FB882780F927
:10CA4000809302188091DF038093A80581E0809392
:10CA50004F070895CF93DF938AEF96E10E94BB784A
:10CA600088E395E1892B51F0CAE0D6E1A397CE0186
:10CA70000E94BB7885E1C833D807C1F785E195E10D
:10CA80000E94BB7880EF94E1DF91CF910C94BB784A
:10CA9000CF93DF93CFE3D7E020E030E048EC51E4E0
:10CAA0006C857D858E859F850F94CBDE6C877D8719
:10CAB0008E879F8763E373E383E590E4DF91CF91F3
:10CAC0000D948EBA60E085EA9FE00F94C7DD60E0C8
:10CAD0008FE79CE00F94C7DD80E090E0A0E8BFEB1B
:10CAE0008093AB029093AC02A093AD02B093AE02E0
:10CAF00082E080936A021092560E08958091A905F3
:10CB00009091AA052091690E30916A0E2817390775
:10CB100071F090936A0E8093690E81E08093DB033D
:10CB20000F948B3F0F94DC8382E08093DB030895A6
:10CB30008091560E882341F08091390290913A02FB
:10CB40009093700380936F03089580919E05909158
:10CB50009F05009729F12091550E211121C02091A8
:10CB6000540E21111DC0FC01E85AFF4F20E1ABEA31
:10CB7000B2E001900D922A95E1F7FC01E659FF4FD2
:10CB8000208131813093FD172093FC1788599F4FE6
:10CB9000FC01808191819093081880930718089573
:10CBA00080E090E0A0E8BFEB8093AB029093AC02F2
:10CBB000A093AD02B093AE02609190027091910289
:10CBC00080919202909193020F9443E07093FD172D
:10CBD0006093FC1710920818109207180895CF92CE
:10CBE000DF92EF92FF9280916A148823D9F18091AD
:10CBF000800390918103A0918203B091830380937D
:10CC0000FE179093FF17A0930018B09301180F948C
:10CC100050AAC090FE17D090FF17E0900018F09037
:10CC20000118C81AD90AE108F108C092FE17D0927B
:10CC3000FF17E0920018F09201180E94B95BC81A21
:10CC4000D90AE108F108C092FE17D092FF17E092CE
:10CC50000018F092011810926A02FF90EF90DF9096
:10CC6000CF90089580910D058823B1F180917803CC
:10CC700090917903A0917A03B0917B038093FE1782
:10CC80009093FF17A0930018B09301180F9450AA27
:10CC90004091FE175091FF17609100187091011894
:10CCA000481B51096109710980917D1090917E1096
:10CCB000092E000CAA0BBB0B481B590B6A0B7B0BF4
:10CCC0004093FE175093FF1760930018709301185C
:10CCD00081E080936A02C1CF82E0FBCFCF92DF92E6
:10CCE000EF92FF92C0900207D0900307E0900407F4
:10CCF000F090050780910107882309F44EC020E0D9
:10CD000030E0A901C701B6010F9454E118160CF0E8
:10CD100044C02BED3FE049E450E4C701B6010F9455
:10CD200070D8A70196010F9470D820E030E040E859
:10CD30005EE30F9470D89B01AC0160E070E080E886
:10CD40009FE30F94CADF6B017C01609194027091A4
:10CD5000950264367105A1F0072E000C880B990B23
:10CD60000F9431D82AE037ED43E25CE30F9470D89A
:10CD70009B01AC01C701B6010F9470D86B017C0117
:10CD8000C092BB02D092BC02E092BD02F092BE0201
:10CD9000FF90EF90DF90CF900895C12CD12C80E8C8
:10CDA000E82E8FE3F82ED1CF8F929F92AF92BF9251
:10CDB000CF92DF92EF92FF9281EF9FE00F94C67DBA
:10CDC0006B017C018DEE9FE00F94C67D4B015C01F1
:10CDD0000F94E7542CE330E040E050E00F9416DE6F
:10CDE000BA01A901480D591D6A1D7B1D8DEE9FE0FA
:10CDF0000F94D9DD60915E0670915F0680916006A8
:10CE00009091610628EE33E040E050E00F9416DE8A
:10CE1000BA01A9014C0D5D1D6E1D7F1D81EF9FE0C4
:10CE20000F94D9DD0F94B65810925E0610925F06EB
:10CE3000109260061092610680919413813081F403
:10CE4000609198137091991390E080E00F94AE7DFB
:10CE5000109299131092981310929B1310929A1398
:10CE6000FF90EF90DF90CF90BF90AF909F908F900A
:10CE700008958091DF031F928F93809169031F9221
:10CE80008F93EDEAF4E0428153812CE3249FC001AB
:10CE9000259F900D11249F938F9340815181249F52
:10CEA000C001259F900D11249F938F9382EC96E6ED
:10CEB0009F938F930F9465DC8DB79EB70A960FB63C
:10CEC000F8949EBF0FBE8DBF0895CF93C82F8FEFEC
:10CED0009FE00F94A3DD813021F0809168068130BE
:10CEE00029F481E08C27CF910C943E61CF91089575
:10CEF00084E893E00D942E4220E030E040E752E4D5
:10CF00000F94CADF089510928F02409164035091EC
:10CF1000650360916603709167034093900250939C
:10CF20009102609392027093930290933A028093DD
:10CF3000390284E893E00D942E421F93CF93DF9340
:10CF4000182F8091900290919102A0919202B0913D
:10CF500093028093640390936503A0936603B09358
:10CF60006703C0913902D0913A0284E690E0909331
:10CF70003A028093390284E893E00F942E42109392
:10CF80008F02CE01DF91CF911F91089540E050E0D4
:10CF9000BA018DEE9FE00F94D9DD40E050E0BA0178
:10CFA00081EF9FE00F94D9DD0E94CA5C70E060E0E1
:10CFB00085E09FE00F94E5DD70E060E083E09FE0B6
:10CFC0000F94E5DD70E060E081E09FE00F94E5DD27
:10CFD00070E060E08FEF9EE00F94E5DD70E060E0D0
:10CFE00083ED9EE00F94E5DD70E060E080ED9EE073
:10CFF0000F94E5DD40E050E0BA0188EA9CE00D9432
:10D00000D9DDF89488E198E00FB6F894A89580935C
:10D0100060000FBE90936000FFCFC82F9FB7F894B9
:10D02000E2E0F1E08081846080839FBF6C2F83E029
:10D030009DE00F94C7DD8C2F0E94B1E50E9401682E
:10D040001F920F920FB60F92112483E00E940D6879
:10D050001F920F920FB60F92112482E00E940D686A
:10D0600085EA9FE00F94A3DD91E0811101C090E07B
:10D07000892F08958091DC03811106C081E0909191
:10D080009903923009F080E0089580916A1481112B
:10D090000AC080910D05811106C081E0909199032D
:10D0A000913009F080E00895CF93DF93C091540E42
:10D0B000C1111FC08091550E81111CC00E943A6899
:10D0C000811118C0D091610ED43061F48091690E45
:10D0D00090916A0E892B91F48091670E9091680E61
:10D0E000892B61F40E944568C82F811103C0C1E0FB
:10D0F000D111C0E08C2FDF91CF910895C1E0FACF1C
:10D100000E945468882389F020E030E040E050E439
:10D1100060914707709148078091490790914A07AD
:10D120000F94C0DF881F8827881F08950E944568D4
:10D13000811118C00E943A68811114C08091560E66
:10D14000811110C08091610E81110BC080919513E7
:10D15000811107C08091540E811104C08091550E39
:10D16000089581E00895FC012081211101C0669598
:10D17000FC0162830895FC01618321E0603208F0C4
:10D1800020E09081291781F08281992351F090E06D
:10D1900095958795828370E0759567956183208367
:10D1A0000895880F8283FBCF211104C070E075952C
:10D1B00067956183089520916C1230916D12BC01C6
:10D1C000C9018E579F4E0F94AADB9C019093940344
:10D1D0008093930381E0232B09F480E0089580E19C
:10D1E000EFE3F7E0A0E5B5E001900D928A95E1F755
:10D1F00008954F925F926F927F928F929F92AF921B
:10D20000BF92CF92DF92EF92FF920F931F93CF9333
:10D21000DF9300D000D01F921F92CDB7DEB72091D0
:10D22000560E222309F473C12091DE03223009F443
:10D230006EC12091DE03213011F41092DE032B0128
:10D240003C011092DF031091AB056091ED047091E9
:10D25000EE048091EF049091F0040F9443E0611785
:10D2600031F0812F90E09093680E8093670E0E94BA
:10D270007E658091A8058093DF039091DD03809106
:10D28000021881958927887089278093DD03A3017F
:10D2900092016091A7027091A8028091A9029091D9
:10D2A000AA020F94CADE6D837E838F839887CE0196
:10D2B00005960F94DFAA1092380220E030E040E893
:10D2C0005FEB60919B0270919C0280919D02909116
:10D2D0009E020F94C0DF811120C080913F07909182
:10D2E0004007A0914107B091420780939B02909321
:10D2F0009C02A0939D02B0939E028091430790915F
:10D300004407A0914507B091460780939F029093F0
:10D31000A002A093A102B093A202A3019201609186
:10D32000A7027091A8028091A9029091AA020F947D
:10D33000CADE69837A838B839C83E0904707F090F1
:10D3400048070091490710914A0720919F023091A8
:10D35000A0024091A1025091A20260919B027091A3
:10D360009C0280919D0290919E021F921F921F929B
:10D370001F92E2E68E2EE7E29E2EE6E7AE2EE2E474
:10D38000BE2EFE0131966F010F9439ABA3019201BD
:10D390006091A7027091A8028091A9029091AA02BF
:10D3A0000F94CADE69837A838B839C83E090A30207
:10D3B000F090A4020091A5021091A60220919F0274
:10D3C0003091A0024091A1025091A20260919B0273
:10D3D00070919C0280919D0290919E021F921F92DB
:10D3E0001F921F920F9439ABE090A302F090A40219
:10D3F0000091A5021091A60220919F023091A002F7
:10D400004091A1025091A20260919B0270919C02F6
:10D4100080919D0290919E021F921F921F921F92D7
:10D42000812C912CF8EEAF2EF2E4BF2EA7EACA2E83
:10D43000A2E0DA2E0F9439AB0F942C5911E010931F
:10D4400038026091FC177091FD1790E080E00F9416
:10D450002FD86093900270939102809392029093E0
:10D46000930280916F039091700390933A0280939E
:10D47000390280E1EBE9F2E0AFE3B7E001900D9211
:10D480008A95E1F70E94EF6880916A020FB6F894DE
:10D49000DEBF0FBECDBF811151C06091FE177091EC
:10D4A000FF17809100189091011860937E17709378
:10D4B0007F1780938017909381170F94057980913F
:10D4C000FE179091FF17A0910018B091011880935A
:10D4D000800390938103A0938203B09383031093FE
:10D4E0006A1460E085EA9FE00F94C7DD60E08FE793
:10D4F0009CE00F94C7DD8AE690E70F94600D82E010
:10D5000080936A021092560E81E08093590E2896FD
:10D510000FB6F894DEBF0FBECDBFDF91CF911F9144
:10D520000F91FF90EF90DF90CF90BF90AF909F90C2
:10D530008F907F906F905F904F900895813089F623
:10D540008091FE179091FF17A0910018B0910118DB
:10D550008093780390937903A0937A03B0937B032D
:10D5600010927910109278100E94335CBACF3F92DB
:10D570004F925F926F927F928F929F92AF92BF92E3
:10D58000CF92DF92EF92FF920F931F93CF93DF938F
:10D590003090E717332009F480C08B01EC0131FE95
:10D5A00054C088809980AA80BB80FB01C080D18054
:10D5B000E280F3802091BC173091BD174091BE17D7
:10D5C0005091BF17C501B4010F9470D82B013C01D5
:10D5D0002091C0173091C1174091C2175091C317C5
:10D5E000C701B6010F9470D89B01AC01C301B20111
:10D5F0000F94CBDE2B013C012091B4173091B5176D
:10D600004091B6175091B717C501B4010F9470D867
:10D610004B015C012091B8173091B9174091BA17AE
:10D620005091BB17C701B6010F9470D89B01AC0194
:10D63000C501B4010F94CBDE688379838A839B8311
:10D64000F801408251826282738230FE26C02091AE
:10D65000DF173091E0174091E1175091E217688190
:10D6600079818A819B810F94CBDE688379838A8359
:10D670009B832091E3173091E4174091E517509177
:10D68000E617F80160817181828193810F94CBDE6E
:10D69000F8016083718382839383DF91CF911F911F
:10D6A0000F91FF90EF90DF90CF90BF90AF909F9041
:10D6B0008F907F906F905F904F903F9008952F9242
:10D6C0003F924F925F926F927F928F929F92AF9212
:10D6D000BF92CF92DF92EF92FF920F931F93CF935F
:10D6E000DF9300D000D01F921F92CDB7DEB78C0120
:10D6F0001B01FC0180819181A281B38189839A837E
:10D70000AB83BC83FB0180819181A281B3818D8336
:10D710009E83AF83B887BE016B5F7F4FCE010196BA
:10D720000E94B76AC980DA80EB80FC8020E030E09C
:10D73000A901C701B6010F94C0DF87FF35C0198268
:10D740001A821B821C82FF24F3948D809E80AF80FE
:10D75000B88420E030E040E850ECC501B4010F94FB
:10D76000C0DF87FF35C080E090E0A0E8B0EC8D839B
:10D770009E83AF83B887CD80DE80EF80F884898078
:10D780009A80AB80BC807090E71771104CC0F80194
:10D7900080829182A282B382F101C082D182E28230
:10D7A000F382FF24F39425C020E030E04FE753E4F8
:10D7B000C701B6010F9454E1F12C181634F680E03D
:10D7C00090E0AFE7B3E489839A83AB83BC83BBCF9C
:10D7D00020E030E844E553E4C501B4010F9454E17E
:10D7E00018162CF480E090E8A4E5B3E4C0CFF11063
:10D7F000C2CF8F2D28960FB6F894DEBF0FBECDBFD7
:10D80000DF91CF911F910F91FF90EF90DF90CF901C
:10D81000BF90AF909F908F907F906F905F904F9050
:10D820003F902F90089570FE1CC02091DF1730911B
:10D83000E0174091E1175091E217C501B4010F9430
:10D84000CADE4B015C012091E3173091E41740914F
:10D85000E5175091E617C701B6010F94CADE6B01B8
:10D860007C0171FE9ECF2091CF173091D01740914F
:10D87000D1175091D217C501B4010F9470D82B0164
:10D880003C012091D3173091D4174091D517509176
:10D89000D617C701B6010F9470D89B01AC01C30124
:10D8A000B2010F94CBDEF80160837183828393838E
:10D8B0002091D7173091D8174091D9175091DA1786
:10D8C000C501B4010F9470D84B015C012091DB17A6
:10D8D0003091DC174091DD175091DE17C701B6017A
:10D8E0000F9470D89B01AC01C501B4010F94CBDE3D
:10D8F000F101608371838283938353CFCF92DF9250
:10D90000EF92FF92CF93DF93EC01BC016C5F7F4FEE
:10D910000E945F6BC0902902D0902A02E0902B02F7
:10D92000F0902C02A7019601688579858A859B85F0
:10D930000F94C0DF87FF04C0C886D986EA86FB86BD
:10D94000C0901D02D0901E02E0901F02F0902002B5
:10D95000A7019601688579858A859B850F9454E196
:10D96000181624F4C886D986EA86FB86DF91CF9103
:10D97000FF90EF90DF90CF9008952F923F924F92BB
:10D980005F926F927F928F929F92AF92BF92CF924F
:10D99000DF92EF92FF920F931F93CF93DF93CDB758
:10D9A000DEB7A2970FB6F894DEBF0FBECDBF1C0145
:10D9B00080E595E00E947E6C84E893E00F942E420F
:10D9C00040903F0750904007609041077090420799
:10D9D000C0905005D0905105E0905205F09053054D
:10D9E000A7019601C301B2010F94C0DF81113FC0AE
:10D9F0002091540530915505409156055091570599
:10DA000060914307709144078091450790914607C4
:10DA10000F94C0DF81112BC020E030E040E752E4DA
:10DA20006091900270919102809192029091930284
:10DA30000F94CADF0F945BBA0E94A55BA2960FB643
:10DA4000F894DEBF0FBECDBFDF91CF911F910F9134
:10DA5000FF90EF90DF90CF90BF90AF909F908F900E
:10DA60007F906F905F904F903F902F9008956091BE
:10DA7000390270913A02072E000C880B990B0F9413
:10DA800031D82091900230919102409192025091B0
:10DA900093020F9470D82EE333EC4EE259E30F94C7
:10DAA00070D86F83788789879A8780919C138823A1
:10DAB00009F40FC1A3019201C701B6010F94CADE98
:10DAC0002B013C01209143073091440740914507C9
:10DAD0005091460760915405709155058091560507
:10DAE000909157050F94CADE6B877C878D879E8740
:10DAF000C301B2019F772B853C854D855E855F779D
:10DB00000F94CBDE6B017C0120E030E0A9010F9483
:10DB100054E118160CF0DDC020E030E040EF51E495
:10DB2000C701B6010F94CADF0F94A9DF0F9443E039
:10DB30007E836D836230710508F4CBC021143104FB
:10DB400009F4C7C020914707309148074091490721
:10DB500050914A07609158057091590580915A0576
:10DB600090915B050F94CADE6F87788B898B9A8BB7
:10DB700020914B0730914C0740914D0750914E0733
:10DB800060915C0570915D0580915E0590915F05E7
:10DB90000F94CADE6B8B7C8B8D8B9E8BAD81BE818F
:10DBA000CD01B0E0A0E08F8F98A3A9A3BAA32D81E7
:10DBB0003E812216330608F08CC0B10190E080E06F
:10DBC0000F942FD86B017C016F8D78A189A19AA148
:10DBD0000F942FD89B01AC01C701B6010F94CADF87
:10DBE0006B017C01AC019B016B897C898D899E89CD
:10DBF0000F9470D89B01AC0160914B0770914C075A
:10DC000080914D0790914E070F94CBDE69837A8304
:10DC10008B839C83A70196016F85788989899A896E
:10DC20000F9470D8209147073091480740914907D9
:10DC300050914A070F94CBDE6F8B788F898F9A8F24
:10DC4000A70196016B857C858D859E850F9470D884
:10DC50002091430730914407409145075091460772
:10DC60000F94CBDE6B8F7C8F8D8F9E8FA7019601DB
:10DC7000C301B2010F9470D820913F073091400743
:10DC800040914107509142070F94CBDE3F922F9273
:10DC9000AFE3B7E0BF93AF938F809884A984BA8431
:10DCA000DE0111966D01EF88F88C098D1A8D2B8D90
:10DCB0003C8D4D8D5E8D0F9439AB0F900F900F9072
:10DCC0000F908091590E8111B7CEBFEF2B1A3B0AEE
:10DCD0006ECFE0905805F090590500915A051091CB
:10DCE0005B052091540530915505409156055091A2
:10DCF00057056091500570915105809152059091A2
:10DD000053051F921F92EFE3F7E0FF93EF938F808D
:10DD10009884A984BA84ECE5CE2EE5E0DE2E0F943B
:10DD200039AB0F900F900F900F9086CECF92DF926D
:10DD3000EF92FF92CF939B01AC01C0904707D09028
:10DD40004807E0904907F0904A07C701B6010F94D1
:10DD5000CBDE609347077093480780934907909301
:10DD60004A0783B190913E07911102C084FF26C0FB
:10DD70008FE397E00E947E6CE0919902F0919A0205
:10DD800060857185828593850F948EBA0F942C5986
:10DD9000A701960160914707709148078091490754
:10DDA00090914A070F94CADE6B017C01C701B6014E
:10DDB000CF91FF90EF90DF90CF90089515980F943A
:10DDC0002C5981E00F945A64C82F84E00F94933B40
:10DDD00065E575E585E591E40F948EBA0F942C59AD
:10DDE00082E00F941859A70196010F94CADE6B01C7
:10DDF0007C010F946864882391F080911D029091BA
:10DE00001E02A0911F02B0912002809347079093B9
:10DE10004807A0934907B0934A070F944EB90F944F
:10DE2000643B8C2F0F945A64C1CF8F929F92AF9214
:10DE3000BF92CF92DF92EF92FF924B015C01C090B4
:10DE40004707D0904807E0904907F0904A07AC0197
:10DE50009B01C701B6010F9454E187FF11C0A501D2
:10DE60009401C701B6010F94CADE9F77FF90EF902F
:10DE7000DF90CF90BF90AF909F908F900C94966E54
:10DE8000FF90EF90DF90CF90BF90AF909F908F90DA
:10DE90000895ECE5F3E09FE780818F3721F087FF5D
:10DEA00008C08F778083319683E0E436F807A1F7C6
:10DEB00008959083F8CF90916D02981710F4809395
:10DEC0006D0280916E02882339F0E0910B04F0918D
:10DED0000C04309709F019940895CF93DF93CDB7D0
:10DEE000DEB7AE014A5F5F4FFA0161917191AF01F8
:10DEF0008BEF93E00F94EADCDF91CF9108956BEF05
:10DF000073E00D943BDC6BEF73E0082E000C990B73
:10DF10000D940BDCCF93C82FC15020F080E20E94FB
:10DF2000836FFACFCF910895CF93C82F862F643097
:10DF300008F083E080935B030E94AF5B8C0F8093BB
:10DF40005A0344E650E060E08068CF910C94BC64D2
:10DF5000CF93DF93EA010E94946F6BEF73E0CE01E1
:10DF6000DF91CF910D943BDCCF93C42F0E94946F2F
:10DF70006BEF73E08C2FCC0F990BCF910D940BDCD2
:10DF800060E080E00E94946F10925A03089540E48C
:10DF900056E060E081E00E94BC6410925B03109246
:10DFA0005A0348E050E06FE770E08CE593E00D9491
:10DFB000D5E390916E02981709F180936E02882341
:10DFC000E9F010923405109233051092CE0584EDDD
:10DFD00093E00F942E420F948B3F61507109810999
:10DFE00091096093D0037093D1038093D2039093EF
:10DFF000D3030E94C76F82E00C945B6F0895CF93A8
:10E00000C82F10925B0310925A0348E050E06FE76C
:10E0100070E08CE593E00F94D5E344E951E162E0D0
:10E0200080E30E94BC6446E950E062E080E30E9425
:10E03000BC6446E950E062E080E30E94BC6446E9CB
:10E0400050E062E080E20E94BC648091090444E6F2
:10E0500050E060E080620E94BC6484E080935903D9
:10E0600044E650E060E08CE00E94BC64C1110E9474
:10E07000C76F44E650E060E086E0CF910C94BC644A
:10E0800081E00C94FF6FCF92DF92FF920F931F936A
:10E09000CF93DF9300D000D01F921F92CDB7DEB791
:10E0A0008A30D9F480915B03843018F08FEF80932D
:10E0B0005B0360915B036F5F80E00E94946F289622
:10E0C0000FB6F894DEBF0FBECDBFDF91CF911F9189
:10E0D0000F91FF90DF90CF90089590E8980F44E65D
:10E0E00050E061E09A3408F5482F4058550B9A01EA
:10E0F00096E0929FA001939F500D1124FA01ED5AD2
:10E10000F548F490ECE5F3E030E020E09FEF61911A
:10E11000782F76277F7789F4F901E45AFC4F8083C2
:10E12000F22E44E650E061E08F2D0E94BC648091A5
:10E130005A038F5F80935A03C2CF6F3709F03CC0F8
:10E14000F901E45AFC4F8083922FF92EFA01E25B29
:10E15000F5488E010F5F1F4FD801959188E0182E6A
:10E1600010FE05900294802D9795881F8D931A9428
:10E17000B9F7BF2DE8E0BE02C001112444E650E02B
:10E1800060E080640E94BC646E01F9E0CF0ED11C97
:10E1900044E650E061E0D8018D918D010E94BC649D
:10E1A000C016D106A9F780915A0344E650E060E01A
:10E1B00080680E94BC64B5CF67FF922F2F5F3F4FEE
:10E1C0002830310509F0A3CF9F3F09F0BECFA9CF7A
:10E1D0008F929F92AF92BF92EF92FF920F931F93F5
:10E1E000CF93DF93CDB7DEB7A0970FB6F894DEBF1D
:10E1F0000FBECDBF611571058105910599F480E3CE
:10E20000A0960FB6F894DEBF0FBECDBFDF91CF91C1
:10E210001F910F91FF90EF90BF90AF909F908F90C4
:10E220000C94437000E0842E912CB12CA12C9E0103
:10E230002F5F3F4F7901A50194010F9416DEF7017E
:10E24000E00FF11D6083B901CA010F5F611571050F
:10E250008105910581F70E0D1F2D111DE016F106A8
:10E2600059F0F80182918F018A3020F4805D0E947C
:10E270004370F4CF895CFBCFA0960FB6F894DEBF55
:10E280000FBECDBFDF91CF911F910F91FF90EF9007
:10E29000BF90AF909F908F900895CF92DF92EF92B2
:10E2A000FF926B017C01F7FE0BC08DE20E94437070
:10E2B000F094E094D094C094C11CD11CE11CF11CDA
:10E2C0004AE0C701B601FF90EF90DF90CF900C9429
:10E2D000E8700F931F93CF938C01C62FCC2359F076
:10E2E000F8012491222339F00F5F1F4F84910E947F
:10E2F0004370C150F3CF8C2F0E948A6F8C2FCF9127
:10E300001F910F9108950F931F93CF938C01C62FE8
:10E31000CC2349F0F80181918F01882321F00E94DC
:10E320004370C150F5CF8C2F0E948A6F8C2FCF91F4
:10E330001F910F910895CF93DF93EC01899188236A
:10E3400019F00E944370FACFDF91CF9108950E9497
:10E35000437090E080E008951092A4031092D105DC
:10E360000895CF938091A403C1E0811104C0C0E05F
:10E370008C2FCF9108950E94AC71FACFE0E0F1E0CC
:10E3800085919591A591B491853A9A45A44BBB444A
:10E3900029F4EAE0F1E08591949108958FE39FE3F9
:10E3A00008958EEF9FE00F94A3DD8E3F39F091E04A
:10E3B00020915803281390E0892F089580E0089554
:10E3C000109258036EEF8EEF9FE00D94C7DD8537F6
:10E3D00028E6920709F459C0F8F48E3625E692072C
:10E3E00009F459C050F4833723E69207B1F185361A
:10E3F0009446B1F180E496E60895823726E69207C6
:10E4000091F1823728E6920709F442C08337954696
:10E4100089F787E996E608958C3620E7920731F16F
:10E4200070F48C362EE6920721F18F362EE6920795
:10E4300031F184379946F1F685E896E608958B36F2
:10E4400023E79207F9F0863723E79207A9F08F3682
:10E45000924781F683E496E6089587EA96E6089562
:10E460008FE996E608958EE896E608958EE796E69B
:10E47000089583E796E608958BE696E6089585E687
:10E4800096E608958AE596E6089583E596E608956A
:10E490008AE496E608958FEA96E60895CF92DF9291
:10E4A000EF92FF921F93CF93DF93CDB7DEB76097C4
:10E4B0000FB6F894DEBF0FBECDBF8823C1F1182F71
:10E4C000813081F40E94BE7160960FB6F894DEBF71
:10E4D0000FBECDBFDF91CF911F91FF90EF90DF90E6
:10E4E000CF9008958CE58CBD1DBC1150C12CD12C52
:10E4F000760120E130E0AE014F5F5F4FC701B6010A
:10E500000E94DCE489819A81AB81BC81853A9A457D
:10E51000A44BBB4479F4115019F48B859C85D4CF5E
:10E520008D819E81C80ED91EE11CF11CE2CF8EE6C2
:10E5300095E6CACF8FE39FE3C7CFCF92DF92EF92EA
:10E54000FF921F93CF93DF93CDB7DEB760970FB6DF
:10E55000F894DEBF0FBECDBFEAE4FAE7859195914E
:10E56000A591B49111E08F3F9F4FAF4FBF4F09F17D
:10E570008CE58CBD1DBCC12CD12C760112E020E1B4
:10E5800030E0AE014F5F5F4FC701B6010E94DCE48F
:10E5900089819A81AB81BC81853A9A45A44BBB4461
:10E5A00041F48D819E81C80ED91EE11CF11C1F5FB4
:10E5B000E6CF812F60960FB6F894DEBF0FBECDBFB9
:10E5C000DF91CF911F91FF90EF90DF90CF90089552
:10E5D0000F931F93CF93C82F811106C0109257033A
:10E5E00010925603109258038C2F0E944E728C0189
:10E5F0000E94BE710817190719F0C13009F03EC01A
:10E60000E0E0F1E085919591A591B491853A9A4524
:10E61000A44BBB4409F031C0E4E0F1E06591749192
:10E62000E8E0F1E04591549130E020E090E080E0B6
:10E630006217730789F5841B950B982789279827FC
:10E6400048175907D1F4ECE0F1E0459155916591F7
:10E650007491EAE4FAE785919591A591B4914817F0
:10E6600059076A077B0749F480E091E090935703CC
:10E670008093560381E080935803C1E08091580352
:10E680008C131CC06C2F8EEF9FE00F94C7DD81E0D0
:10E69000CF911F910F910895F901E050FF4FE49140
:10E6A000F0E0A8E020FDA0E002C0EE0FFF1FAA9559
:10E6B000E2F78E0F9F1F2F5F3F4FBACF80E0E8CF6A
:10E6C00020915803211104C0FC013296CF01089516
:10E6D000409156035091570341155105A9F3FC0190
:10E6E000259134912F3F320779F3F9013896EE0FD7
:10E6F000FF1FE40FF51F25913491FA01E20FF31F7C
:10E700002491222309F3E2CFCF93DF93EC0120E0A1
:10E7100030E044E052E460914B0770914C078091E7
:10E720004D0790914E070F94CBDE60934B0770938B
:10E730004C0780934D0790934E0760E070E080EAAD
:10E7400091E40F948EBA0E9448650E94C76F86E7D5
:10E750009CE50E946073AC0160E080E00E94A86FBD
:10E760008881882339F061E080E00E94946FCE01B7
:10E770000E949B7189E999E30E946073AC0162E099
:10E7800080E00E94A86F89E094E20F94D036DF9178
:10E79000CF910D942C590F94DD768F3F11F180E0CD
:10E7A0000E94D96F0E94C76F82ED98E50E94607346
:10E7B000AC0161E080E00E94A86F80E20E9443709B
:10E7C0000F94DD76682F70E06F5F7F4F072E000C8F
:10E7D000880B990B0E944D710F9468A081E00C94F6
:10E7E000D96F08954F925F926F927F928F929F920E
:10E7F000AF92BF92EF92FF920F931F93CF93DF934D
:10E800000E94C76F85EA99E40E946073AC0161E0E1
:10E8100080E00E94A86FD0918F0281E080938F02E8
:10E82000E8EDFCE7C49184E00F94933B8FE3E82E7E
:10E8300087E0F82EF70110861186128613860F9452
:10E840004EB90E94EF68E2EDFCE785909590A590A7
:10E85000B49000E515E08C2F992781950CF49095E4
:10E86000BC01072E000C880B990B0F9431D82B019B
:10E870003C012DEC3CEC4CE85FE3C501B4010F9486
:10E8800070D89B01AC01C301B2010F9470D8F8019C
:10E8900020853185428553850F94CBDEF801608752
:10E8A00071878287938780E090E0A8E4B4E4809346
:10E8B000900290939102A0939202B093930265E527
:10E8C00075E585E591E40F945BBA0F942C590F948C
:10E8D000643B10928F02F701108611861286138610
:10E8E0000F944EB90E94EF68F6EFCF02B0011124E9
:10E8F000072E000C880B990B0F9431D89B01AC01AB
:10E90000F80160857185828593850F94CBDEF801CF
:10E91000608771878287938780E090E0A8ECB3E4FA
:10E920008093900290939102A0939202B0939302ED
:10E9300065E575E585ED90E40F945BBA0F942C596D
:10E94000D0938F0280E090E0ABE5B3E4F7018087DD
:10E950009187A287B3870F944EB981E0DF91CF9161
:10E960001F910F91FF90EF90BF90AF909F908F906D
:10E970007F906F905F904F900895CF93DF93EC015D
:10E9800060FF03C028E52883219661FF03C029E5C5
:10E990002883219680E2899380E096E30E94607349
:10E9A000BC01CE01DF91CF910D945ADB1F920F92E3
:10E9B0000FB60F9211240BB60F922F938F939F9344
:10E9C000EF93FF93E0915103E830E8F4F0E08827FB
:10E9D000E351FB488F4F0D94B3DEF5740F751A7534
:10E9E00028753E7547756A757C7580916906811139
:10E9F0000AC080911606880F80935003882319F06F
:10EA000081E080935103FF91EF919F918F912F911E
:10EA10000F900BBE0F900FBE0F901F901895809116
:10EA20004F038F5F80934F0390915003981758F3D3
:10EA300082E0E7CF83E0809351038FE080934E0321
:10EA40008FEF86BD81E085BD84B58F7E84BDDBCF31
:10EA500080914E038295807F819588BD80914E0381
:10EA6000882321F0815080934E03CDCF84E08093A2
:10EA700051038FEF88BD8EEF86BDC5CF85E08093B3
:10EA800051038FEF88BD86BD82E085BDBCCF2FEFDF
:10EA900028BD809169068111B6CF80914F038F5FA9
:10EAA00080934F0390915003891708F4ACCF809165
:10EAB000160690E08F3791050CF0A5CF86E0809385
:10EAC00051038FE080934E0326BD81E085BD84B560
:10EAD0008061BCCF80914E038295807F819588BDF7
:10EAE00080914E038111BECF87E08093510380E86F
:10EAF00086BD8FEF88BD87CF1092510380E886BD19
:10EB00008FEF88BDC1CFCF93DF93EC0187E69FE005
:10EB10000F94A3DD91E0811101C090E081E0288194
:10EB2000211101C080E08913988387E09FE00F9452
:10EB3000A3DD91E0811101C090E0998385ED9EE015
:10EB40000F94A3DD91E0811101C090E09A8387E4E6
:10EB50009DE00F94A3DD8F3F21F08887DF91CF9157
:10EB600008951886FBCFCF93C82F682F87E69FE0C4
:10EB70000F94C7DDCC2319F0CF910D94B988CF91B4
:10EB80000D94A988109232050F948B3F60939817CB
:10EB90007093991780939A1790939B1708951F92DB
:10EBA0000F920FB60F9211240BB60F928F939F9373
:10EBB000EF93FF93E1EBF4E08081918101969183E3
:10EBC0008083FF91EF919F918F910F900BBE0F90DB
:10EBD0000FBE0F901F9018951F920F920FB60F92B5
:10EBE00011242F934F935F936F937F938F939F93F2
:10EBF000AF93BF93809132058823F1F080919C04FC
:10EC00008B34D0F080916A0086FF24C08091340656
:10EC100090913506A0913606B09137068093470350
:10EC200090934803A0934903B0934A0380916A00EC
:10EC300090E4892780936A00BF91AF919F918F9153
:10EC40007F916F915F914F912F910F900FBE0F9019
:10EC50001F9018958091340690913506A091360644
:10EC6000B0913706409147035091480360914903A2
:10EC700070914A03841B950BA60BB70B2091DF0301
:10EC800044E050E060E070E0253620F043E050E0E2
:10EC900060E070E084179507A607B70738F2809107
:10ECA000B3049091B40402969093B4048093B30497
:10ECB000BDCF8F929F92AF92BF92CF92DF92EF9291
:10ECC000FF920F931F93CF93DF93C1EBD4E0688142
:10ECD0007981072E000C880B990B0F9431D86B01AA
:10ECE0007C010F948B3F0DEA14E080909817909070
:10ECF0009917A0909A17B0909B17681979098A09FB
:10ED00009B090F942FD89B01AC0160E070E08AE76B
:10ED100093E40F94CADFA70196010F9470D80F9463
:10ED20003CE0F801718360836A817B81072E000CCF
:10ED3000880B990B0F9431D86B017C010F948B3F9A
:10ED40008090981790909917A0909A17B0909B1761
:10ED5000681979098A099B090F942FD89B01AC0186
:10ED600060E070E08AE793E40F94CADFA7019601A0
:10ED70000F9470D80F943CE0F8017383628319827A
:10ED800018821B821A82DF91CF911F910F91FF9001
:10ED9000EF90DF90CF90BF90AF909F908F900895AD
:10EDA00080934B031092690380FF08C08091B504E3
:10EDB00083708130E9F480E88093690320916903CE
:10EDC0008FEF820F8E3FD8F08091A000877F8093D5
:10EDD000A0001092AD001092AC009FB7222351F01A
:10EDE000F894809102018062809302019FBF089590
:10EDF0008FEFE2CFF894809102018F7DF5CFEFB7CE
:10EE0000F8948091A00088608093A00030E0809109
:10EE100072004FEF50E081FF04C04091A800509174
:10EE2000A900249FC001259F900D349F900D1124AF
:10EE30006FEF70E00F946CDE7093AD006093AC00E8
:10EE4000EFBF08958BE29DE00F94A3DD9091B50490
:10EE500080FB91F99093B5040E94C27581E00C94F7
:10EE6000D0761F93CF93DF93D0914B03D1FD1DC07C
:10EE700010911A05C1E020E030E048E452E46091CE
:10EE80005D0E70915E0E80915F0E9091600E0F94FA
:10EE900054E118160CF0C0E0DE7FCD2B81E011119B
:10EEA00001C080E0C82BC0934B0380914B03DF91DE
:10EEB000CF911F910C94D076EF92FF920F931F93F6
:10EEC000CF93DF93EC018B017A010E94615C811189
:10EED0000BC0A801BE01C701DF91CF911F910F9117
:10EEE000FF90EF900D94B7DDDF91CF911F910F91BF
:10EEF000FF90EF9008950F931F93CF93DF938C01B2
:10EF0000D62FC72F0F94B1DD8F3F980739F46D2F9F
:10EF10007C2FC8010F9401DE8D2F9C2FDF91CF91A4
:10EF20001F910F9108950F931F93CF938C01C62FBC
:10EF30000F94A3DD8F3F29F46C2FC8010F94EBDDF4
:10EF40008C2FCF911F910F910895CF93DF93EC01F8
:10EF50000F94B1DDBC016F5F7F4FCE01DF91CF9188
:10EF60000D9401DECF93DF93EC010F94A3DD61E0FC
:10EF7000680FCE01DF91CF910D94EBDDCF93DF933E
:10EF8000EC010F94A3DD61E0811160E0CE01DF911F
:10EF9000CF910D94EBDD2BE0829FC0011124805BAB
:10EFA000924F0F94B1DD21E0019609F420E0822F09
:10EFB0000895CF93DF93C82FD8E0CF5FC8300CF00F
:10EFC000C0E08C2F0E94CB77811103C0D150A9F7EC
:10EFD000CFEF8C2FDF91CF91089581EA9DE00F94C0
:10EFE000A3DD0E94D97787FD05C0682F81EA9DE0E7
:10EFF0000D94C7DD08950F931F93CF93C82F8B01F6
:10F000006EEA79E7823070F067EA79E7843050F091
:10F010006FE979E7843031F067E979E7853011F0FD
:10F0200060E979E7C8010F945ADB8CEF8C0F8230CE
:10F0300028F0C170CF5CF801C6831782CF911F9171
:10F040000F91089561E080EC9FE00F94C7DD60E0D0
:10F050008FEB9FE00F94C7DD60E08EEB9FE00F9495
:10F06000C7DD60E08DEB9FE00F94C7DD60E08CEBC7
:10F070009FE00D94C7DDCF93C82F82958F700E94BB
:10F080008A648C2F8F70CF910C948A6480917D104C
:10F0900090917E10181619060CF043C001979093BA
:10F0A0007E1080937D10892BA1F48091781090912F
:10F0B0007910892B21F410927B1010927A10809194
:10F0C0007A1090917B1090936D1280936C1281E076
:10F0D000089580916C1290916D120396FC01E15895
:10F0E000FF4E208101962111F9CFFC01E158FF4E1E
:10F0F0008D3E21E0920740F441919C012F5F3F4FEC
:10F100004111E1CFC901F4CFEFE7F0E18D3E21E0FD
:10F110009207C9F6CF018F57904121912223D1F355
:10F12000D2CF80E0089580918F0490919004209137
:10F13000910430919204821B930B8F779927089545
:10F14000FC0120E03EE2DB014D91BD01403249F07F
:10F15000283011F430833196DB0111974C914083B4
:10F1600031962F5F2B3079F71082089540E050E000
:10F17000BA010D94B16EFC01238121110D946FA48D
:10F18000089590911D05911107C09091C00095FFC1
:10F19000FCCF8093C6000895913031F49091C8005F
:10F1A00095FFFCCF8093CE0008950E94C17890E037
:10F1B00080E00895CF93DF93EC01FE0184918823D2
:10F1C00021F00E94C1782196F8CFDF91CF91089568
:10F1D000CF92DF92EF92FF92C0905D0ED0905E0EC4
:10F1E000E0905F0EF090600E87E29FE70E94DA7871
:10F1F00042E0C701B6010F942FD68FE19FE70E942E
:10F20000DA786091ED047091EE048091EF049091B2
:10F21000F00441E00F942FD6FF90EF90DF90CF9055
:10F220000D94A5D64F925F926F927F928F929F928C
:10F23000AF92BF92CF92DF92EF92FF920F931F9304
:10F24000CF93DF93CC24CA94DC2C76010EEA1FE026
:10F2500093E2892E912CA12CB12C412C512C3201FE
:10F26000D0E0C0E08FEFC81609F45DC0C8010F946C
:10F27000B1DDEC01BC01990F880B990B0F9431D8CB
:10F280002091760630917706409178065091790664
:10F290000F94CADF2B013C01C701B6010F94F7D2CE
:10F2A00089E19EE70E94DA78C501B4010F94F7D294
:10F2B00089E19EE70E94DA78BE010D2E000C880BD2
:10F2C000990B0F94F7D289E19EE70E94DA7820E04B
:10F2D00030E04AE754E4C301B2010F9470D80F94B0
:10F2E000D87685E0880E911CA11CB11C0E5F1F4FC3
:10F2F0008FEFC81AD80AE80AF80A0A3B8FE0180705
:10F3000009F0B0CFDF91CF911F910F91FF90EF9057
:10F31000DF90CF90BF90AF909F908F907F906F9035
:10F320005F904F90089587E09DE30E94DA78B8CF10
:10F33000882371F18DE09EE70E94DA7860912313B3
:10F3400070E090E080E00F94F7D280912313843036
:10F35000D8F01092231388E09EE70E94DA7880911B
:10F36000231390E00F945E78809123132091A905D8
:10F370003091AA0530936A0E2093690E0F94381DC0
:10F380000E9448650D942C598F5F80932313E3CF1F
:10F390008EE19FE30E94607370E060E00E942FDBCB
:10F3A000E5CFCF93DF9385E09EE70E94DA78CFE345
:10F3B000D7E0688179818A819B8142E00F942FD6C2
:10F3C00081E09EE70E94DA786C817D818E819F8149
:10F3D00042E00F942FD68DEF9DE70E94DA78688582
:10F3E00079858A859B8542E00F942FD689EF9DE72A
:10F3F0000E94DA786C857D858E859F8542E00F942A
:10F400002FD687EB96E60E94DA7880E00F940A59AF
:10F410000F9431D8CAE6D6E02C813D814E815F81C0
:10F420000F94CADF42E00F942FD685EF9DE70E942C
:10F43000DA7881E00F940A590F9431D828853985FC
:10F440004A855B850F94CADF42E00F942FD681EF87
:10F450009DE70E94DA7882E00F940A590F9431D820
:10F460002C853D854E855F850F94CADF42E00F9461
:10F470002FD68DEE9DE70E94DA7883E00F940A592B
:10F480000F9431D8288939894A895B890F94CADF5A
:10F49000DF91CF910D94D8768CEF9CE70E94DA78BB
:10F4A00060915D0E70915E0E80915F0E9091600E86
:10F4B00041E00F942FD689EF9CE70E94DA786091A3
:10F4C000690E70916A0E072E000C880B990B0F9431
:10F4D00031D841E00F942FD685EF9CE70E94DA786F
:10F4E0006091ED047091EE048091EF049091F0042E
:10F4F00041E00F942FD682EF9CE70E94DA7860916A
:10F50000670E7091680E072E000C880B990B0F94F4
:10F5100031D841E00F942FD68DEE9CE70E94DA7827
:10F5200060915D0E70915E0E80915F0E9091600E05
:10F5300041E00F942FD68AEE9CE70E94DA78609122
:10F54000690E70916A0E072E000C880B990B0F94B0
:10F5500031D841E00F942FD686EE9CE70E94DA78EE
:10F560006091150570E090E080E00F94F7D281EE95
:10F570009CE70E94DA786091160670E090E080E0E7
:10F580000F94F7D28DED9CE70E94DA786091950395
:10F5900070919603809197039091980341E00F94A6
:10F5A0002FD689ED9CE70E94DA7860914F06709122
:10F5B0005006809151069091520641E00F942FD64B
:10F5C0000D94A5D62091621430E0A8EEB3E00F941C
:10F5D00043DEAB01BC0183E694E10F946F408823C6
:10F5E00099F08091611480FD0E944C7A80916114A1
:10F5F00082FD0E94D1798091611481FD0E9439675A
:10F6000083E694E10D942E4208950E94DA780D94D9
:10F61000A5D6CF9381EA9DE00F94A3DDCBE08C9F2C
:10F62000C0011124805B924F0F94B1DD8156904F41
:10F63000803A9F40C8F086EF9EE70E94057B81EAF2
:10F640009DE00F94A3DD8C9FC001112470E060E069
:10F65000805B924F0F9401DE89EB9EE70F940C368E
:10F6600081E0CF910C94D96FCF910895FF920F93C1
:10F670001F93CF93DF939091100591114FC0C82F26
:10F6800081E080931005CC2311F10E944568882306
:10F69000F1F00E943A68811122C081EA96E30E944B
:10F6A000607363E00F943D08F090AB050091A905ED
:10F6B0001091AA05D091A8050F94973FF092AB0541
:10F6C0001093AA050093A905D093A80508C061E08E
:10F6D00080E00F948D178AEC99EACC2311F082EF29
:10F6E00099EA0E94DA7880E397E60E94057B86E932
:10F6F00096E30E9460730F94600D9FB7F894809119
:10F7000002018460809302019FBF0F945327C111AF
:10F7100005C08091CE0381608093CE03DF91CF91AD
:10F720001F910F91FF900895EC01F8940F945745A5
:10F73000179A10923C07169A10923D07149A8AEC79
:10F7400099EA0E94DA788AE99EE70E94057B209771
:10F7500079F0CE010E94057BBE0185E99CE00F9403
:10F7600001DE62E484E99CE00F94EBDD0E94016815
:10F77000C2E9DEE7F1CF8091060186FD35C080E069
:10F780000E94656710924707109248071092490738
:10F7900010924A070F944EB920E030E040EA50E45E
:10F7A00060914707709148078091490790914A07F7
:10F7B0000F94CBDE60934707709348078093490707
:10F7C00090934A07E0919902F0919A0260857185C1
:10F7D000828593850F948EBA0F942C5980EC94E611
:10F7E0000E9460730E94947B08952F923F924F92E3
:10F7F0005F926F927F928F929F92AF92BF92CF92C1
:10F80000DF92EF92FF920F931F93CF93DF93CDB7C9
:10F81000DEB760970FB6F894DEBF0FBECDBF282EBF
:10F820006E875A87498720918F022D87772473949A
:10F8300070928F0242E0841709F4D4C1082F10E0BF
:10F84000F801EA52F3483490832D032C000C990BF5
:10F850009C878B87D801AA0FBB1FAA0FBB1FBA8337
:10F86000A983FD01E353FD4F80819181A281B38182
:10F870008B839C83AD83BE8380939002909391028F
:10F88000A0939202B0939302BC01CD010E947C67C9
:10F890006B017C0181E0022C01C0880F0A94EAF719
:10F8A0000F94933BA981BA81A15CB84FB887AF830D
:10F8B000FD0110821182128213820F944EB90E94B0
:10F8C000EF68632D032C000C770B880B990B0F94BA
:10F8D00031D84B015C0149815A81405B5A4F588BAA
:10F8E0004F8720E030E040E450EC0F9470D8AF85B3
:10F8F000B8896D937D938D939C931397C701B6013F
:10F900000F945BBA0F942C590F94766410928F0267
:10F91000EF81F88510821182128213820F944EB902
:10F92000AF85B8898D929D92AD92BC921397C70115
:10F93000B6010F945BBA0F942C5970928F02E98133
:10F94000FA81E653F34845905590659074902DECFC
:10F950003CEC4CE85FE3C501B4010F9470D8A301FF
:10F9600092010F9470D8EF85F88960837183828348
:10F970009383C701B6010F945BBA0F942C59712C75
:10F98000612C4F8058840F94766410928F02D201BC
:10F990001D921D921D921C9213970F944EB920E058
:10F9A00030E040E251ECC501B4010F9470D8EF850E
:10F9B000F8896083718382839383C701B6010F94B2
:10F9C0005BBA0F942C590F947664F1E0F0938F0298
:10F9D00020E030E040E351E4C501B4010F9470D859
:10F9E000AF85B8896D937D938D939C9313978B818D
:10F9F0009C81AD81BE818093900290939102A093EF
:10FA00009202B0939302C701B6010F945BBA0F94B0
:10FA10002C59822D0F94303A9C0144E0369527955D
:10FA20004A95E1F7A985BA85109721F0FD01E60D09
:10FA3000F71D20839F938F933F932F937F926F9215
:10FA4000E2EBFCE7FF93EF930F9465DC4FEF641A52
:10FA5000740A0FB6F894DEBF0FBECDBF9E8569163F
:10FA600008F491CF0F94766410928F028091F10484
:10FA7000882309F4B2C0F801EE50FB4F6081603476
:10FA800008F0ABC0F801E65AFD4FA081AB83F80146
:10FA9000EC50FB4F808140E051E002C05695479505
:10FAA0008A95E2F7822D0F94BA8CBB81BB2339F083
:10FAB000432D41956B2F70E0822D0F948B8C0F940A
:10FAC000643B822D0E94505BF801E45CF84F81E0BA
:10FAD00080836B857C85719561957109072E000C7B
:10FAE000880B990B0F9431D82AE037ED43E25CE3A1
:10FAF0000F9470D84B015C01F801E85AFD4F60810A
:10FB000070E090E080E00F9431D89B01AC01C5011A
:10FB1000B4010F9470D84B015C01E981FA81E15C7A
:10FB2000F84FFC83EB83AC019B0160817181828182
:10FB300093810F94CADEAB81BC816D937D938D93CD
:10FB40009C9313970F944EB9EB81FC8120813181F6
:10FB500042815381C501B4010F94CBDEAB81BC81DE
:10FB60006D937D938D939C931397E981FA81E05B6C
:10FB7000FA4F608371838283938320E030E040E01A
:10FB80005FE3C701B6010F9470D80F945BBA0F946E
:10FB90002C5910929002109291021092920210929F
:10FBA0009302FD85F0938F0260960FB6F894DEBF46
:10FBB0000FBECDBFDF91CF911F910F91FF90EF90BE
:10FBC000DF90CF90BF90AF909F908F907F906F907D
:10FBD0005F904F903F902F900895432D419568E09E
:10FBE00070E06ACF81E00E946567E8EDFCE7B491C0
:10FBF000B983109247071092480710924907109254
:10FC00004A070F944EB9E2EDFCE785909590A590D8
:10FC1000B490E9816E2FEE0F770B880B990B0F9440
:10FC200031D86B017C0120E030E040EC5FE3C5019E
:10FC3000B4010F9470D8A70196010F9470D8609307
:10FC400058057093590580935A0590935B0580E0A1
:10FC500090E0A8E4B4E48093900290939102A09382
:10FC60009202B0939302BC01CD010E947C674B01CC
:10FC70005C010F945BBA0F942C590E94BB7B1092CD
:10FC80004707109248071092490710924A070F94AD
:10FC90004EB9EEEAFCE76591759185919491905883
:10FCA000A70196010F9470D8609358057093590579
:10FCB00080935A0590935B05C501B4010F945BBA1C
:10FCC0000F942C59EEEAFCE765917591859194911A
:10FCD0009B01AC010F94CBDEA70196010F9470D865
:10FCE000609358057093590580935A0590935B056E
:10FCF00080E090E0A8ECB3E48093900290939102AE
:10FD0000A0939202B0939302BC01CD010E947C6744
:10FD10000F945BBA0F942C590E94BB7B82E00E9427
:10FD2000505B8091470790914807A0914907B09197
:10FD30004A078093580590935905A0935A05B093AC
:10FD40005B05109290021092910210929202109212
:10FD500093020F94766470923E0780E00E9465677C
:10FD600020CF2F923F924F925F926F927F928F920D
:10FD70009F92AF92BF92CF92DF92EF92FF920F933A
:10FD80001F93CF93DF9300D01F921F92CDB7DEB7A2
:10FD9000D82E2A013B01322EE982FA820B831C8382
:10FDA0000F942C5981E08093540EFC2CE32CD3103B
:10FDB00010C0ED2CDC100DC060E070E080EA90E433
:10FDC0000E94156FFF24F394EE24E39422242394DD
:10FDD00001C02D2C0F94C2CB80919C138D83109267
:10FDE0009C1382E00F94185960934707709348075B
:10FDF0008093490790934A07F1100F9450C781E010
:10FE00000E949D678C010E94EF68109290021092F0
:10FE100091021092920210929302222009F477C16B
:10FE20009B8D91116AC150E040E061E080E00E944A
:10FE3000F57BEE2031F050E040E061E081E00E948F
:10FE4000F57BDD20E9F04114510461047104C1F037
:10FE5000C301B2010F9431D89B01AC016091C2067D
:10FE60007091C3068091C4069091C5060F94CBDEB5
:10FE700060933F0770934007809341079093420738
:10FE8000332001F189819A81AB81BC810097A10562
:10FE9000B105C1F0BC01CD010F9431D89B01AC017B
:10FEA0006091C6067091C7068091C8069091C906F8
:10FEB0000F94CBDE6093430770934407809345070C
:10FEC00090934607FF2009F4A2C060E070E080EA4A
:10FED00090E40E94156F80913C07811105C050E0AD
:10FEE00040E061E00E94F57B80913D07811106C0F2
:10FEF00050E040E061E081E00E94F57B0F9427CC68
:10FF0000E3E2F2E985919591A591B491EFE1F2E9EF
:10FF100045915591659174914093500550935105C9
:10FF20006093520570935305809354059093550543
:10FF3000A0935605B093570564E575E080E595E01C
:10FF40000E94B76A0F9489CB20E030E040E850EC83
:10FF50006091540570915505809156059091570513
:10FF60000F94C0DF87FF0CC080E090E0A0E8B0EC09
:10FF70008093540590935505A0935605B09357056B
:10FF800080E090E0A6E1B3E4809390029093910228
:10FF9000A0939202B093930210928F020F944EB9E5
:10FFA00060919002709191028091920290919302DF
:10FFB0000F945BBA0F942C59809150059091510584
:10FFC000A0915205B091530580933F07909340074D
:10FFD000A0934107B0934207809154059091550535
:10FFE000A0915605B091570580934307909344071D
:10FFF000A0934507B093460781E080938F020F944A
:020000021000EC
:10000000766450E040E061E082E00E94F57BCC2025
:10001000E9F081149104A104B104C1F0C501B40157
:100020000F9431D89B01AC016091CA067091CB0648
:100030008091CC069091CD060F94CBDE609347075C
:10004000709348078093490790934A070F944EB9DD
:10005000C8010E9483670F9476640F9427CC0F9495
:10006000C5C9D11007C0311005C08C8D811102C0E7
:10007000CC2039F1F11025C09D81992311F181E047
:1000800080939C130F9418596B017C0180E00F94AE
:100090001859A70196010F9407779B01AC01609155
:1000A0004707709148078091490790914A070F943C
:1000B000CADE60934707709348078093490790937F
:1000C0004A070F942C591092540E0F900F900F90D6
:1000D0000F900F90DF91CF911F910F91FF90EF90B4
:1000E000DF90CF90BF90AF909F908F907F906F9058
:1000F0005F904F903F902F90089580E00F94563876
:10010000EE2009F49ECE81E00F9456389ACEEE2070
:1001100009F497CEAB8DAA2309F48DCEF4CF8F923C
:100120009F92AF92BF92CF92EF92FF920F931F9345
:10013000262F91E09F931F92812C912C5401C42E65
:10014000E12CF12C870140E050E0BA010E94B17E21
:100150000F900F901F910F91FF90EF90CF90BF9055
:10016000AF909F908F9008952F923F924F925F9201
:100170006F927F928F929F92AF92BF92CF92DF92B7
:10018000EF92FF920F931F93CF93DF93CDB7DEB71C
:10019000A4970FB6F894DEBF0FBECDBF0F942C59B5
:1001A0008091590E811117C081E08093550E809186
:1001B0003C07882349F080913D07882329F020914E
:1001C0003E072F83211120C081E080937C1081E2C3
:1001D0009CE60F946678A4960FB6F894DEBF0FBE27
:1001E000CDBFDF91CF911F910F91FF90EF90DF90E6
:1001F000CF90BF90AF909F908F907F906F905F90C7
:100200004F903F902F9008958BEA9DE00F94A3DDCF
:10021000182F8EE40E947C5C082F0E940E5C8E8357
:10022000002329F0873009F4C9C0833029F0133046
:1002300009F0C3C063E06E8380E090E0A0E8BFE314
:100240008A839B83AC83BD838AEA9DE00F94A3DD00
:10025000888F83E40E947C5C182F0E940E5C11231F
:1002600029F0882319F08B3008F4888F88E50E94E4
:100270007C5C882309F4ABC00E94526120E030E02E
:1002800048E052E40F94CADE2DEC3CEC44EF51E41C
:100290000F94CADE6A877B878C879D8789E50E94D9
:1002A0007C5C882309F49CC00E94526120E030E00D
:1002B00048E052E40F94CADE2AE939E949E351E4FF
:1002C0000F94CADE6C8B7D8B8E8B9F8B87E50E9493
:1002D0007C5C882309F489C00E9452612A853B8591
:1002E0004C855D850F94CBDE20E030E048E852E499
:1002F0000F94CBDE698F7A8F8B8F9C8F88E40E945E
:100300007C5C882309F47AC00E9452612C893D8963
:100310004E895F890F94CBDE20E030E048E852E45C
:100320000F94CBDE6D8F7E8F8F8F98A30F945F8D90
:100330008091290290912A02A0912B02B0912C0267
:1003400080939D1390939E13A0939F13B093A0133B
:100350000F9450C705EC1FE0C8010F94B1DD019662
:1003600009F051C00E5F1F4F053D8FE01807A1F740
:10037000212CACE9B3E1BAA3A9A3B987A887512C72
:10038000412C312C042D842D63E00F9452DE988B88
:100390006884798410E0F889F11137C0812F63E017
:1003A0000F9452DE911131C021103FC17E81733014
:1003B00009F470C08F818E8737C01E836AE979E99E
:1003C00089E19FE36A837B838C839D833DCF80E0BB
:1003D00090E0A0E8BFEF8A879B87AC87BD875ECFA0
:1003E00060E070E080E89FEF6DCF80E090E0A0E8F3
:1003F000BFE7898F9A8FAB8FBC8F80CF60E070E0B2
:1004000080E89FE78FCF2F80B4CF60E070E080EC72
:100410009FE7D30111966D937D938D939C931497D1
:10042000BE81B330C1F11E86812F0F94BDC74B0131
:100430005C01802F0F94AAC76B017C01A501940178
:100440006A857B858C859D850F9454E118160CF484
:100450001CC1298D3A8D4B8D5C8DC501B4010F9463
:1004600054E118160CF411C1A70196016C897D891D
:100470008E899F890F9454E118160CF406C12D8DB6
:100480003E8D4F8D58A1C701B6010F9454E1181647
:100490000CF4FBC033941F5F24E0620E711C173014
:1004A00009F079CF6FEF461A560A888599854C96E0
:1004B0009987888797E04916510409F063CF0E9415
:1004C000B9D9A0917107AF83B091EF03B88781E0EC
:1004D000809371078AE0830D8093EF0381E00E948F
:1004E0005B6F80E090E0A0EAB0E4809347079093D0
:1004F0004807A0934907B0934A0765E575E585E588
:1005000091E40F948EBA80E00E949D679CA38BA318
:10051000312C832D67E00F9452DEF82E092F682FBF
:1005200070E07F876E8780FF03C076E0791B072F1E
:10053000802F63E00F9452DE911105C08F2D0F9430
:1005400052DE11E0911110E0802F0F94BDC7688B2F
:10055000798B8A8B9B8B8F2D0F94AAC74B015C01E3
:100560008E81833009F099C01111C8C027E0AE8593
:10057000BF852A9FF0012B9FF00D1124E00FF11D84
:10058000EE0FFF1FEE0FFF1FE456FC4E60E070E021
:1005900080EC9FE761837283838394833394E1E3E8
:1005A0003E12B7CF80E090E0A0EAB0E48093470726
:1005B00090934807A0934907B0934A0765E575E50E
:1005C00085E591E40F948EBA0F942C59B1E33B1654
:1005D00009F433C28091680391E0980F9093680307
:1005E000882309F4D3C160E080E00F948D1786E47E
:1005F00096E30E9460730F940C3680E00F94D967E5
:1006000081E0809396028AE690E70F94600D2F8137
:100610002093710768856093EF0382E00E945B6F0F
:100620000F942C591092550ED6CD011103C01123F1
:1006300009F4BCCE812F63E00F945EDE840D952D0E
:10064000911D880F991F8D53904F0F94B1DDBC0100
:10065000990F880B990B0F9431D82AE037ED43E2BC
:100660005CE30F9470D89B01AC0160919D13709175
:100670009E1380919F139091A0130F94CBDEF301F2
:10068000618372838383948391CEFE85FF2309F473
:1006900002CF222009F4FECEFECE288939894A896C
:1006A0005B896A857B858C859D850F9454E118163E
:1006B00004F1288939894A895B89698D7A8D8B8D06
:1006C0009C8D0F94C0DF87FD14C0A50194016C8937
:1006D0007D898E899F890F9454E1181654F0A501E5
:1006E00094016D8D7E8D8F8D98A10F94C0DF87FF53
:1006F00005C0112309F452CF211050CF10E0A7E01C
:100700008E859F85A89FF001A99FF00D1124E00F11
:10071000F11FEE0FFF1FEE0FFF1FE456FC4E41804E
:10072000528063807480C12CD12CE0EAEE2EE0E48C
:10073000FE2E222051F023E333E343EB5EE3C301BB
:10074000B2010F94CBDE6B017C01A7019601609191
:100750004707709148078091490790914A070F9485
:10076000C0DF87FF10C0C0924707D0924807E092D1
:100770004907F0924A0765E575E585E591E40F9430
:100780008EBA0F942C59688979898A899B896093DC
:100790003F077093400780934107909342078092F0
:1007A000430790924407A0924507B092460763E43E
:1007B00077E08FE397E00E945F6B60E070E086E196
:1007C00093E40F948EBA0F942C598091590E88237C
:1007D00039F07F817093710788858093EF03FBCC9C
:1007E000812C912C70E2A72E71ECB72E222051F0B3
:1007F0002A813B814C815D81C301B2010F94CADE25
:100800004B015C01488DC501B4010F94698D8111C4
:100810000BC080EC94E60E9460739F938F930F94BB
:1008200065DC0F900F90BECE2091470730914807AE
:100830004091490750914A07C701B6010F94CADE9B
:1008400020E030E0A9010F94C0DF87FF36C060E0F0
:1008500070E080EA90E460934707709348078093C4
:10086000490790934A0765E575E585E591E40F949E
:100870008EBA0F942C59488DC501B4010F94698D1F
:10088000882339F220914707309148074091490762
:1008900050914A0760E070E080EA90E40F94CADE6D
:1008A0002DEC3CEC4CEC5DE30F94C0DF87FF05C002
:1008B00089E69DE70F948CDC75CEC0904707D090F9
:1008C0004807E0904907F0904A072220A1F0A701CD
:1008D0009601C301B2010F94CADE9B01AC015F77A0
:1008E0006A817B818C819D810F94C0DF87FF03C06B
:1008F00080E39DE7DFCF8FEA9FE00F94A3DD88239D
:1009000009F440C086EA9FE00F94A3DD8823D1F16B
:10091000609195037091960380919703909198034D
:100920000E943F5D209176063091770640917806CF
:10093000509179060F94CADF9B01AC01E7E0AE85C8
:10094000BF85EA9FC001EB9F900D1124080F191F6E
:10095000000F111F000F111F04561C4EC701B601D6
:100960000F94CADED80111966D937D938D939C935D
:1009700014978091EF0381508093EF0381E00E94F0
:100980005B6F0CCE20E030E0A901D8CF85E00F945A
:100990007F64C12CD12C90EAE92E90E4F92E82E1FB
:1009A00096E30E9460730F9485358EE190E00F947A
:1009B00073500E94F27380E00F945A64182F60E025
:1009C00070E080E89FEB0E94966E81E00F945A647D
:1009D00084E00F94933BC0924707D0924807E0927F
:1009E0004907F0924A0765E575E585E591E40F94BE
:1009F0008EBA0F942C590F94643B812F0F945A6434
:100A000082E00F94185920E030E040EA50E40F945F
:100A100054E1181624F2EF81E0937107F885F09302
:100A2000EF0381E00E94D96F41E061E081E00E9424
:100A30008F8081E080937C10CECB109268038BA1D5
:100A40009CA10E9483670F94FAC66091660570911D
:100A50006705072E000C880B990B0F9431D890581E
:100A6000209176063091770640917806509179066C
:100A70000F94CADF0F9416C780EC9FE00F94A3DD9C
:100A800091E0813009F090E099834FEB5FE06CE4F6
:100A9000CE0101960E94915CF82E4EEB5FE062E57C
:100AA000CE0101960E94915C082F4DEB5FE066E459
:100AB000CE0101960E94915C182F4CEB5FE062E43E
:100AC000CE0101960E94915C212F110F330B082E4D
:100AD000000C990B5C01A21AB30A8F2DFF0C990B25
:100AE000280F391F46E0429F6001439FD00C11241C
:100AF000F12CE12C002E000C110B081B190BB70177
:100B000063567C4E3B01460177E07A83D3012D90FA
:100B10003D904D905D903D01FD013497FB87EA8744
:100B2000B401092C000C880B990B0F9431D82FE3DA
:100B300033EC4EE259E30F9470D8A20191010F9467
:100B4000CBDEAA85BB856D937D938D939C93139784
:100B5000BA81B150BA83800E911EB111D7CFCA0CA1
:100B6000DB1CECE1EE0EF11CF4ECEF16F10439F6AF
:100B70000E94B9D98DE40E947C5C882309F484C06A
:100B80000E940E5C2E81273009F094C0882309F45E
:100B900091C0BB24B394AA24AA94AB0C09A11AA1B6
:100BA000612C8EEF882E8B0C6A2D862D0F94C5C676
:100BB00099249394960C81116EC06B2D862D0F9401
:100BC000C5C6C12CD12C7601712C882381F020E080
:100BD00030E0A901D8015D966D917D918D919C9138
:100BE00090970F94CBDE6B017C0177247394682D72
:100BF000862D0F94C5C6882369F0F8017B97208164
:100C0000318142815381C701B6010F94CBDE6B0164
:100C10007C0173946A2D892D0F94C5C6882361F0D9
:100C2000F8012581368147815085C701B6010F94AF
:100C3000CBDE6B017C0173946A2D8FEF860D0F94D0
:100C4000C5C6882331F1F801339720813181428173
:100C50005381C701B6010F94CBDE6B017C01739405
:100C6000672D70E090E080E00F9431D89B01AC01DB
:100C7000C701B6010F94CADFD80111966D937D9319
:100C80008D939C93149707C08CEA9DE00F94A3DD8D
:100C900079CF7110E5CF692C0C5F1F4FB7E09B1225
:100CA00083CFB394E9A1FAA17C96FAA3E9A3F8E073
:100CB000BF1271CF81E080939C138FE40E947C5C13
:100CC000811103C00F946BC79BCC0E940E5C8111F5
:100CD000F9CF0E94786794CC84E893E00F942E4279
:100CE00080917D1090917E10892B79F0E0916C12AB
:100CF000F0916D12E158FF4E8081813011F0863005
:100D000021F48AE09EE60C94057B089580917D1085
:100D100090917E10892B29F00E946C860E94467863
:100D2000F5CF10926D1210926C1210927B101092EF
:100D30007A1081E080937C100895EF92FF920F93D8
:100D40001F93CF93DF9380919C13882389F182ECCA
:100D50009DE70E94057B8CEA9DE70E94057B8BE95D
:100D60009DE70E94057BC7E0DCE1C15058F1CD9FB3
:100D70007001112401E010E088E99DE70E94DA7813
:100D8000F801EE0FFF1FEE0FFF1FEE0DFF1DE756E0
:100D9000FC4E608171818281938145E00F942FD652
:100DA0000F5F1F4F0830110539F70F94A5D6DDCF1F
:100DB0008FEC9DE7DF91CF911F910F91FF90EF9006
:100DC0000C94057BDF91CF911F910F91FF90EF90D5
:100DD00008958F929F92AF92BF92CF92DF92EF923F
:100DE000FF920F948B3F6B017C0120912F022223F5
:100DF00009F1409196024130E9F080911002909102
:100E00001102A0911202B091130246015701881AF3
:100E1000990AAA0ABB0A30E0A8EEB3E00F9443DEB9
:100E200086169706A806B9066CF0443031F19CF49A
:100E30004230D4F4C0921002D0921102E092120219
:100E4000F0921302FF90EF90DF90CF90BF90AF90A1
:100E50009F908F900895453069F782EF99EA0E943C
:100E6000DA7884E49CE706C082EF99EA0E94DA7897
:100E700081E79CE70E94057BDDCF82EF99EA0E9423
:100E8000DA788BE59CE7F6CFCF92DF92EF92FF9274
:100E90000F931F93CF93DF931F921F92CDB7DEB7AF
:100EA0000F948B3F009198171091991720919A17E2
:100EB00030919B17601B710B820B930B6938734148
:100EC00081059105D0F080913205811116C00F94F3
:100ED0008B3F609398177093991780939A1790930C
:100EE0009B1780919C04809314028B3418F08FEF31
:100EF00080939C0481E0809332050F948B3F009196
:100F000098171091991720919A1730919B17601B91
:100F1000710B820B930B653671058105910508F401
:100F2000F7C080913205882309F4F2C00E945976F7
:100F300083E08A8382E0898380913802882351F09C
:100F400087E89FE00F94A3DD91E0811101C090E05C
:100F5000909338028091AD049091AE0444970CF0C8
:100F6000A0C020E030E048E452E460915D0E709152
:100F70005E0E80915F0E9091600E0F9454E11816F2
:100F80000CF08FC080914C038F5F80934C03809155
:100F9000AF049091B00405970CF089C09091520E67
:100FA0008091530E981709F47FC0E091530E8EE69E
:100FB000E89FF0011124E854F84F80818C3408F444
:100FC00076C080914D038F5F80934D0380914C03D9
:100FD00081110BC080914D03811107C08091DE0308
:100FE000823019F481E08093DE038091DE0381304A
:100FF00061F40E949668811108C01092DE0310927D
:10100000CD038AE690E70F94600D80913802882323
:1010100009F46EC08091DE03823009F469C08CE46B
:10102000E82E83E0F82EFE0131966F0110E002E019
:10103000F70191917F01F60181916F01891768F5A0
:10104000F701319710828091DE03823031F10093F5
:10105000DE030E944568882381F10E943A6881116D
:1010600006C080910D05882329F10F94882C11303A
:1010700059F185EB99E70E94057B8091CD038111A1
:101080000CC041E070E060E088EC90E00F94A16A51
:1010900062E08FE09BE60F943D08113049F111E0CA
:1010A000C7CF10924C0373CF8091DF0387CF10928C
:1010B0004D038CCF0F94973FDACF10926A0E1092A7
:1010C000690E1092DB03D3CF8DED99E70E94057B6B
:1010D0008091CD0381110CC041E070E060E088ECAC
:1010E00090E00F94A16A62E08BEF9AE60F943D08BE
:1010F0008091140280939C040F948B3F6093981707
:101100007093991780939A1790939B1710923205BA
:101110000F900F90DF91CF911F910F91FF90EF9063
:10112000DF90CF900C943177CF92DF92EF92FF92C5
:101130006B017C01C0925203D0925303E09254039E
:10114000F092550380916E038230B1F420E030E0DC
:1011500040E950E4C7010F94C0DF87FF14C08091BD
:101160009A0690919B06A0919C06B0919D06803DA9
:101170009740A105B10520F5C701B601FF90EF909A
:10118000DF90CF9008952AE939E949E95EE3C70184
:10119000B6010F94C0DF87FF0AC020E030E048E3CB
:1011A00051E4C701B6010F9470D86B017C0181E353
:1011B0009AE70E94DA78C701B6010F94D876DCCF9F
:1011C0002AE939E949E95EE3C701B6010F94C0DFB6
:1011D00087FDE3CF20E030E040E85EE3C701B601E1
:1011E0000F9470D820E030E048E550E40F94CBDE57
:1011F000DCCFCF92DF92EF92FF92CF9390916E036C
:101200009817B9F1C82FC0905203D0905303E090C3
:101210005403F090550320E030E0A901C701B60166
:101220000F94C0DF882341F0C092BE06D092BF0663
:10123000E092C006F092C10684E19AE70E94DA7853
:10124000C13011F1E0F0C23011F1C0936E03609132
:10125000BE067091BF068091C0069091C1060E94A3
:1012600094886093BE067093BF068093C0069093E7
:10127000C106CF91FF90EF90DF90CF9008958CE062
:101280009AE70E94057BE1CF88E09AE7FACF84E0F5
:101290009AE7F7CF0F942C59179AECE3F7E01082F6
:1012A000169A1182149A80E00E94F9888FEF9FEFBE
:1012B00090938A02809389022FEF20938602909365
:1012C0008E0280938D0220938502909388028093F2
:1012D000870290938C0280938B02089541ED50E039
:1012E0006FEB78E78AE696E00F943DDB0F9480AAD7
:1012F0000F9417510F94EC470E946E6682EF99EAA3
:101300000E94DA788DE998E70C94057BCF93DF9300
:101310006FEB78E78AE696E00F945ADB41ED50E0F8
:1013200064E170E08AE696E00F94B7DD60911C05F9
:1013300082E09DE00F94C7DDCAE8D2E14AA55BA533
:101340006CA57DA58EEF9CE00F94D9DD4EA55FA521
:1013500068A979A982EA9CE00F94D9DD4AA95BA922
:101360006CA97DA98EE99CE00F94D9DD4EA95FA9F7
:1013700068AD79AD8AEF9CE00F94D9DD4AAD5BADE5
:101380006CAD7DAD8AE99CE00F94D9DD6EAD7FAD8B
:1013900088E99CE00F94E5DD40E450E06AEB7CE0F6
:1013A0008AEC92E10F94B7DD40910A1350910B1330
:1013B00060910C1370910D1386EB9CE00F94D9DDB6
:1013C00040910E1350910F136091101370911113EF
:1013D00082EB9CE00F94D9DD4091121350911313CE
:1013E00060911413709115138EEA9CE00F94D9DD6F
:1013F00082EF99EA0E94DA7889E498E7DF91CF9149
:101400000C94057B2F923F924F925F926F927F9246
:101410008F929F92AF92BF92CF92DF92EF92FF9204
:101420000F931F93CF93DF93CDB7DEB7A2970FB67D
:10143000F894DEBF0FBECDBF8FE590E00E94F75C51
:10144000882309F491C00E9493788F37910561F445
:1014500080919104909192049093900480938F04D2
:101460008AE398E70E94057B1E012FE1220E311CC2
:10147000DD24D3940E949378181619060CF068C0E6
:101480008091560E882329F00E943A68882309F437
:101490005FC08091A20381115BC00F94ACD697FD11
:1014A000E9CF282F8F3F09F07BC080913E0388232E
:1014B00009F473C0D0923D0310923E031F8E18A210
:1014C000C0904103CC20B1F280913F038F8F91E017
:1014D0009C1518F48091400388A3109241033AA20E
:1014E00029A289A182198C1528F6E9A1FAA11191E6
:1014F000FAA3E9A384E493E00F94EC3F17FDF1CF46
:1015000080917810909179101A3009F44AC11D30F9
:1015100009F447C18F3591050CF048C11B3311F414
:10152000D0924303209143032111DBCF9C012F5F15
:101530003F4F309379102093781020917A1030919A
:101540007B1021583F4E820F931FFC011383C9CF9C
:101550008091781090917910181619060CF456C2E3
:1015600080916A14811166C2A2960FB6F894DEBF0C
:101570000FBECDBFDF91CF911F910F91FF90EF90E4
:10158000DF90CF90BF90AF909F908F907F906F90A3
:101590005F904F903F902F900895D0923E038ECF52
:1015A00030913D03332309F457C0893F09F43FC00C
:1015B00080F5863F09F448C080913C038260273F54
:1015C00079F185E098E70E94DA7880E098E70E9458
:1015D000DA7810913C038CEF97E710FD02C087EF9B
:1015E00097E70E94DA78012F027082EF97E711FDEA
:1015F00002C08DEE97E70E94DA788CEE97E70E94A2
:10160000057B002329F145E440930B0210923D0332
:1016100055CF8A3F41F080913C0381602B3F89F692
:1016200080933C03CECF80913C038E7FF9CF109204
:10163000410310923D0310923C0310923B03109221
:101640003E0310923A03BDCF80913C038D7FE8CFDB
:1016500050E250930B02DACF20913E0340913C03BD
:10166000222331F1E091410340FF49C030913A0318
:10167000332309F440C021E02E0F20934103AE2F05
:10168000B0E0A15CBC4FFFEFFC9350913B035523AE
:1016900051F0EE5FE0934103E22FF0E0E15CFC4F9C
:1016A000508310923B03315030933A0310923E0323
:1016B000E091410340FF6CC020913A03222349F19D
:1016C00091E09E0F90934103AE2FB0E0A15CBC4F20
:1016D0008C9380913B03882351F0EE5FE0934103AC
:1016E000E92FF0E0E15CFC4F808310923B03215036
:1016F00020933A03E3CE22E020933A03D7CF21E0B0
:101700002E0F20934103F0E0E15CFC4F5FEF50832C
:10171000CDCFA82FAF7040E031E0AF3029F0B0E07E
:10172000A050BE4F4C9130E0582F507F503F59F49D
:10173000326030FF13C0D0923A0331FF0CC082E018
:1017400080933A03BBCE82958F70A82FB0E0A05053
:10175000BE4F2C91EECF20933B03B0CE81E08E0F95
:1017600080934103AE2FB0E0A15CBC4F4C934A3054
:1017700009F4A4CE31FF03C0D0923A039FCEEE5FAE
:10178000E0934103E82FF0E0E15CFC4F208396CE2C
:1017900091E09E0F90934103F0E0E15CFC4F808369
:1017A0008DCE009719F410924303DECE00917A108B
:1017B00010917B100E571F4E800F911FFC0110825D
:1017C0001A83098380914303811103C1F801808149
:1017D0008E3409F08AC04AE050E0BE016F5F7F4F4F
:1017E000C80101960F942ED92B013C01E980FA80A3
:1017F000F7018081803231F4FFEFEF1AFF0AFA829D
:10180000E982F4CF8090780390907903A0907A03D6
:10181000B0907B03D501C4010196A11DB11D8415B3
:101820009505A605B70549F044E050E065E378E783
:10183000C7010F9482DB892BA1F46AE270E0C70133
:101840000F94FAE39093940380939303009709F421
:1018500045C0F801F12CE817F90771F02191F22643
:10186000FACF8AEC99EA0E94DA788CEC95E60E942D
:10187000DA78C501B40115C00E941B5CF816190680
:10188000D9F08AEC99EA0E94DA788DEA95E60E940E
:10189000DA78609178037091790380917A0390915E
:1018A0007B030F94F7D20F94A5D60E94335C10925D
:1018B00079101092781058CEE0919303F091940330
:1018C0001082E980FA8060E378E7C7010F9451DB6A
:1018D000892B39F587EE98E60E94947B8AEC99EA89
:1018E0000E94DA7883E895E6C2CF89819A81FC016B
:1018F0002081203221F401969A838983F6CF6AE20F
:1019000070E00F94FAE3892B39F08AEC99EA0E948F
:10191000DA7889E595E6BBCF44244A94542C320109
:10192000D0CF44E050E06BE278E7C7010F9482DB50
:101930005C01F7018081873481F48091630E8530EA
:1019400061F08DE095E00F94EC3FF6E0F093630ECC
:1019500060E085EA9FE00F94C7DDAB2821F080911D
:1019600010058111A4CF26E077FC21E080917A1048
:1019700090917B10FC01E158FF4E208349815A81F0
:10198000F801DA0140175107A1F501900020E9F7AD
:101990009F01201B310B0396280F391F2D3EF1E0CC
:1019A0003F0779F130937B1020937A1080917D105E
:1019B00090917E10019690937E1080937D1077FC1D
:1019C00008C0409278035092790360927A03709233
:1019D0007B0310927910109278100E949378892BD3
:1019E00009F4C2CD8FE590E00E94F75C811179CDBA
:1019F000BBCD6D9161939D01241B350B6111F9CF16
:101A0000CACF10927B1010927A10D0CF60ED77E0A1
:101A100084E493E00F94BD3F882309F4A1CD109294
:101A20004303109279101092781080E298E70E9498
:101A3000057B9ACD8091FD16882309F495CD809180
:101A4000781090917910892B09F08ECD80917D10BE
:101A500090917E10892B11F41092420327E7E22E19
:101A600020E1F22E32E0D32ECC24C39440917E1795
:101A700050917F176091801770918117809177172F
:101A800090917817A0917917B0917A174817590754
:101A90006A077B0708F02FC18091420381112BC197
:101AA0000F94EC7D882349F120911517309116177A
:101AB00089019BEFB92EF80180818B3351F5F80134
:101AC00061916A30E9F78F01CF0187579E408130DD
:101AD0009240D4F0C801821B930B01970F94DD7DD7
:101AE0008AEF96E10F949B6D882339F00F94EC7D7B
:101AF00027E73EE089018111E2CFF0921617E092CC
:101B000015170FEF1FEF37C0BA94B110D5C00150B1
:101B10001109C801821B930B01960F94DD7DC8014A
:101B20000196F801008110E0809002179090031751
:101B3000A0900417B090051740910B1750910C1707
:101B400060910D1770910E1784169506A606B706BC
:101B5000A0F69C0127573E402115324044F08AEF01
:101B600096E10F949B6D882341F287E79EE0909366
:101B70001617809315174091021750910317609123
:101B800004177091051740937E1750937F17609349
:101B900080177093811780917810909179100A3096
:101BA00061F00D3051F0033209F48CC08F3591058E
:101BB0003CF40F3F100709F08CC0009709F4D4CC17
:101BC0002091FD16211103C040E050E0BA012091A0
:101BD000800330918103421B530BA0917A10B09186
:101BE0007B10FD01E158FF4ED08241835283139652
:101BF00081589F4EFC01EA0FFB1F1082A158BF4E77
:101C0000FD0101900020E9F73197EA1BFB0BF894E6
:101C100080917D1090917E10019690937E1080931C
:101C20007D10EC5F80917A1090917B10E80FF92F76
:101C3000F11DF0937B10E0937A108091FD168823BC
:101C400009F443C080917E1790917F17A09180176F
:101C5000B09181178093800390938103A0938203B6
:101C6000B0938303ED3EF14021F410927B1010926B
:101C70007A10789410924303109279101092781091
:101C800040917E1750917F17609180177091811756
:101C90008091771790917817A0917917B0917A1762
:101CA000481759076A077B0730F58FE590E00E94D7
:101CB000F75C8111DBCE58CCF80180818B3309F4BD
:101CC000FACE25CFC092420378CF80E090E0DC01CD
:101CD000C1CF9C012F5F3F4F309379102093781034
:101CE00020917A1030917B1021583F4E820F931F24
:101CF000FC010383BBCE40917E1750917F1760910A
:101D00008017709181178091771790917817A09123
:101D10007917B0917A17481759076A077B0708F4B3
:101D200023CC0E94B95B892B09F01ECC8AEF96E187
:101D30000F947C6E8AEF96E10F946FA41092681452
:101D40001092691486E495E60E94057B0F94E7548F
:101D50006B017C010E94D4668CE3882E912CA12C0F
:101D6000B12CC701B601A50194010F9416DECA017A
:101D7000B901A50194010F9416DE7F936F93C701FB
:101D8000B60120E13EE040E050E00F9416DE3F93C4
:101D90002F938CE098E79F938F938E010F5F1F4FD7
:101DA0001F930F930F94BADC82EF99EA0E94DA78BE
:101DB000C8010F94A8D6C8010F94CC160F947E8248
:101DC000109269020FB6F894DEBF0FBECDBF8091AE
:101DD0006B14882319F00F942079C6CB81E00F94FF
:101DE000BD8280916B148111F6CFBECBCF93DF9370
:101DF000EC018991882319F00E94C178FACFDF9114
:101E0000CF910895FF920F931F93CF93DF93EC012F
:101E1000F62E662309F44BC00F9461DB8C01C801D8
:101E20000E94F75C882309F453C080917A10909146
:101E30007B10FC01E158FF4E23E020838E579F4E1C
:101E4000BE01FF20E9F10F945ADB82EF99EA0E946C
:101E5000DA788BE395E60E94DA7880917A10909197
:101E60007B108E579F4E0E94F68E8AEE97E70E9457
:101E7000057B80917A1090917B100496080F191FB2
:101E80000D3E81E01807F9F010937B1000937A1053
:101E900080917D1090917E10019690937E1080939A
:101EA0007D10DF91CF911F910F91FF900895FC015C
:101EB00001900020E9F731978F01081B190BAFCF74
:101EC0000F940EE4C2CF10927B1010927A10E0CFE4
:101ED0008AEC99EA0E94DA788BE395E60E94DA7838
:101EE000CE01FF2059F00E94DA7883EB99EADF9166
:101EF000CF911F910F91FF900C94057B0E94F68E5D
:101F0000F4CF0F931F93CF93DF93D62F8C01C0E0B4
:101F1000F801859194912CE68831920721F4209163
:101F20009413213019F461E00E94028FCF5F0E5F9D
:101F30001F4FDC13EDCFDF91CF911F910F910895CB
:101F4000CF93DF93CDB7DEB76E970FB6F894DEBFB1
:101F50000FBECDBF9E012C5D3F4FF90141915191C4
:101F60009F016EE170E0CE0101960F94F9DC60E014
:101F7000CE0101960E94028F6E960FB6F894DEBFD6
:101F80000FBECDBFDF91CF910895EF92FF920F93D7
:101F90001F93CF93DF93CDB7DEB76B970FB6F8944F
:101FA000DEBF0FBECDBF8AE59FE00F94A3DDE82E14
:101FB0000AE01FE0F12C48E050E0FE1479F0B8018F
:101FC000CE010E960F9493DD1E8A60E0CE010E9630
:101FD0000F940F80F394085F1F4FEDCF65E97FE00A
:101FE0008E010F5F1F4FC8010F9493DD19868EE29B
:101FF0008F8B43E050E061E97CE0CE0148960F947E
:1020000093DD1B8EBE01695E7F4FC8010F94EFE325
:102010001F930F938DEE90E79F938F930E94A08F55
:102020000F900F900F900F906B960FB6F894DEBF45
:102030000FBECDBFDF91CF911F910F91FF90EF9019
:102040000895BF92CF92DF92EF92FF920F931F936A
:10205000CF93DF93E091560EE111B1C0052F142FFD
:10206000E9016B017C01F8940E94EF65B090550E78
:10207000B11002C0B090540E0E94A5650F9408BC28
:1020800080E1EFE3F7E0ABE9B2E001900D928A95D1
:10209000E1F7BB2061F080E090E0A0E8BFEB809327
:1020A0009B0290939C02A0939D02B0939E0280910C
:1020B000390290913A029093700380936F0380915C
:1020C000690E90916A0E9093AA058093A90580915C
:1020D000670E8093AB058091DD0383FB882780F931
:1020E000809302188091DF038093A8050E94868662
:1020F00010926A1481E08093560E0F94865978945A
:1021000020E030E0A901C701B6010F94C0DF20E054
:1021100030E0A901F8016C2F7D2F81115AC08F2F5B
:10212000902F0F94C0DF882309F449C080910218D2
:10213000811105C061E08DE19CE60E94028F0F9342
:102140001F93DF93CF9382ED91E79F938F930E942C
:10215000A08F0F900F900F900F900F900F9020E096
:1021600030E0A901C701B6010F94C0DF882321F137
:1021700084E48F9388E48F931F921F922091A3028F
:102180003091A4024091A5025091A602C701B60168
:102190000F94CBDE9F938F937F936F938AE29FE799
:1021A0009F938F930E94A08F8DB79EB70A960FB60C
:1021B000F8949EBF0FBE8DBF81E080937C10DF91AD
:1021C000CF911F910F91FF90EF90DF90CF90BF9034
:1021D00008958F2F902F0F94C0DF882349F2A6CF48
:1021E0008091FA03882321F180914F028230E9F433
:1021F000A0914D02B0914E0228EE33E00F94C3DE61
:10220000AB01BC0185E393E00F946F40882331F06C
:102210006091F80370E085E00C940AE18091350349
:10222000882331F06091F903F5CF8111FBCFF0CF16
:1022300008956091F90384E39DE00F94C7DD6091F8
:10224000F80383E39DE00F94C7DD60914F0282E3C2
:102250009DE00F94C7DD60914D0270914E0280E3C6
:102260009DE00D94E5DD882361F081E080934F02CD
:102270008091F9038E3118F48EE18093F9030C9468
:10228000F09082E39DE00F94A3DD80934F0284E3FE
:102290009DE00F94A3DDF1CF8091FA03882331F004
:1022A00085E393E00F942E420C94F0900895FF92F2
:1022B0000F931F93CF93DF939091FA03992399F192
:1022C000882351F100914F02C82FD0E0CC0FDD1FC1
:1022D00010E0FF24F394212F30E0809135038F2507
:1022E000023009F080E08C0F9D2F911D28173907CF
:1022F0008CF481E090914F02911180E080934F0225
:102300000E94F09069E170E080E090E00F94923DCF
:102310001F5FE1CF00934F02DF91CF911F910F918B
:10232000FF900C944C91DF91CF911F910F91FF90F2
:1023300008950F931F93CF93DF93D82F8091841725
:10234000813021F0823049F0C0E04BC082E08093C0
:1023500084170E9432E68093871710928817809125
:102360008417823009F092C0809189178111CCC006
:102370000E9432E6C82F80918717C81729F3C093AF
:10238000871789E897E10F94EC3FCC2309F4C5C087
:1023900080918517882311F18091A30381111EC0BC
:1023A000809194138130D1F08091520E9091530E10
:1023B000891B8F7099F40E94456881110FC080912C
:1023C000610E843059F08FE59FE00F94A3DD8111F9
:1023D00005C061E080E999E30F948FD081E080939C
:1023E000881780918417823009F04BC09FB7F8940A
:1023F00080918E179FBF882309F443C08FB7F8944C
:1024000010928E178FBF0F942C7E8C0180919317A2
:10241000909194178017910708F0D7C010939417E4
:102420000093931780919117909192179C01265DCC
:10243000334029353F4008F0D5C0809193179091E3
:1024400094178D5596428737944120F461E080E0DF
:102450000F94447EC8018E5293418033934108F01B
:10246000D2C08091971791E0980F9093971785307D
:1024700008F4CBC08DE49EE70F948CDC83E080935E
:102480008417CC2319F081E080936D020E94966836
:102490008111C9C08091690E90916A0E009739F43C
:1024A0002091670E3091680E232B09F4BCC0409137
:1024B0003002509131026091320270913302411525
:1024C00051056105710509F4AEC0892B31F4809185
:1024D000670E9091680E892B29F08091D70588238B
:1024E00009F409C187ED95E00F946F40882309F442
:1024F0009CC00F94574582E796E30E9460730F9447
:102500000C360F94532791C064E670E089E897E198
:102510000F94BD3F81112CCF17CFC0918617CC23CC
:1025200009F44FC08091A30381115BCF8091520EBB
:102530009091530E891B8F7029F40E94456888235F
:1025400009F44FCF8091560E81113DC080919413B4
:10255000813009F446CF8091610E843009F441CF77
:102560008FE59FE00F94A3DD81113BCF86E197E6D5
:102570009F938F938CEF96E69F938F930F9465DCD8
:10258000109286171092851720E030E0A901CA0149
:10259000B9010E94219060E070E0CB010E94F968CF
:1025A00085E69FE00E94B27781E09FE00E94A577D8
:1025B0008FE790E70F9466780F900F900F900F9031
:1025C00010CFC1E00ECFC82F0CCF80919117909102
:1025D00092170817190708F025CF10939217009348
:1025E000911720CF863D934008F034CF8091931708
:1025F00090919417845D9A438D31954008F02ACFCD
:1026000060E081E025CF1092971780918D1781307F
:1026100009F037CF035D1A430E31154008F031CF72
:102620008CE19EE729CF1092D70580917D10909183
:102630007E10039714F40E94028A9091520E8091AA
:10264000530E981781F08091630E863061F468E82C
:1026500073E18DE095E00F94BD3F882321F08DE07C
:1026600095E00F94EC3F40917C0350917D03609185
:102670007E0370917F03411551056105710509F0D5
:102680003FC0409134025091350260913602709102
:1026900037024115510561057105A9F084E893E001
:1026A0000F946F40882379F09091520E8091530ED1
:1026B000981309C0D11107C0179A10923C07169AB7
:1026C00010923D07149AC091DF039091530E8091B0
:1026D000520E981701F18091530E9EE6899FF001EA
:1026E0001124E854F84FC0819091520E981799F038
:1026F0008F5F8F70F9CF87ED95E00F942E4295CFC5
:1027000084E893E00F946F40882309F4BACF8EE7F2
:102710009EE70E94947BCC2309F49FC080916A03BA
:1027200090916B03A0916C03B0916D03892B8A2B60
:102730008B2B81F40F948B3F605E7C4F8F4F9F4FAC
:1027400060936A0370936B0380936C0390936D03A3
:10275000CFEF0FC00F948B3F00916A0310916B0372
:1027600020916C0330916D03601771078207930706
:1027700078F380913205882309F478C0C09314025D
:1027800080910B05811107C081E080930B050F94A8
:10279000299A10920B058091D0058823E1F11092BF
:1027A000D00580E00E9457914FB7F8948091CE05F4
:1027B000282F082E000C330B37FF03C031952195CD
:1027C0003109243031050CF454C0982F87FF02C022
:1027D00093E0980F959595952091330530913405A8
:1027E000290F311D97FD3A95309334052093330519
:1027F000837887FF03C081508C6F8F5F8093CE05F5
:102800004FBF86E00F947F6480916D02811103C0F9
:1028100081E080936D020E94F0908091D105882321
:1028200061F00E94AC71E0910D04F0910E043097BC
:1028300021F080916E02811119950E94E27A0E9426
:10284000E98640E355E760E070E08AE993E0DF91D4
:10285000CF911F910F910D946F4010926A031092C7
:102860006B0310926C0310926D0383CFC0939C0492
:1028700087CF1092CE054FBF80E0C4CFCF93DF93B8
:10288000EC010F94A04E81E00E94999180E00E949B
:102890005B6F209799F0C233D10540F062E370E09E
:1028A00080E090E00F94923DE297EBCFBE0190E084
:1028B00080E00F94923DD0E0C0E0E3CFDF91CF9174
:1028C0000895CF93DF93C82FDFEF0F94A04E81E0E0
:1028D0000E949991809192138F3FD9F48091271390
:1028E000843021F480912A138111EFCF80916513F8
:1028F00090916613019749F780918C1390918D13F5
:102900008932904811F360E089E290E80F94E984FD
:10291000DCCFD0939213853039F4CF3FF9F261E0E8
:102920008C2F0F94C3A0D1CF8430C1F6DF91CF910B
:1029300008951F920F920FB60F9211240BB60F92AB
:102940002F933F934F935F936F937F938F939F93B7
:10295000AF93BF93EF93FF9320917800309179006C
:10296000E0913403F0E0EE0FFF1FEC5DFC4F80813F
:102970009181820F931F91838083809123038F5FC6
:1029800080932303803109F060C0809134038F5F0E
:1029900080933403883009F050C0809124039091D3
:1029A0002503909305068093040680912803909157
:1029B0002903909303068093020680912A03909145
:1029C0002B03909301068093000680912E03909133
:1029D0002F0390930F0680930E0680912C03909105
:1029E0002D03909356068093550680913203909163
:1029F0003303909354068093530680913003909153
:102A000031039093901780938F1781E080938E17F6
:102A100080931B05FF91EF91BF91AF919F918F9193
:102A20007F916F915F914F913F912F910F900BBECE
:102A30000F900FBE0F901F901895809122034FE5C5
:102A400053E08F5F41F41092220380917A008064FA
:102A500080937A00DFCF9A01082E02C03595279522
:102A60000A94E2F720FFEDCF809322030E94F95BE6
:102A700010922303EACFCF93DF93CAE7D0E0888197
:102A80008F7B8883109223031092340310922203C9
:102A900080E00E94F95BE4E2F3E080E1DF011D9257
:102AA0008A95E9F7888180648883DF91CF910895C2
:102AB0004F925F926F927F928F929F92AF92BF924E
:102AC000EF92FF920F931F93CF93DF931F92CDB797
:102AD000DEB744E050E064E170E08AE696E00F94EF
:102AE00093DD43E050E06FEB78E78AE696E00F94E1
:102AF00082DB892B09F0A0C1E3E8F9E74591559104
:102B00006591749188ED90E00E94DC64E7E8F9E754
:102B100045915591659174918CED90E00E94DC6433
:102B2000EBE8F9E7649180EE90E00E949377ECE89F
:102B3000F9E76591749181EE90E00E947B77EEE871
:102B4000F9E76591749183EE90E00E947B77EFE75F
:102B5000F9E7459155916591749184ED90E00E945B
:102B6000DC644BE559E760E170E080EB90E00E94A7
:102B70005C774BE659E760E170E080EC90E00E9402
:102B80005C774BE759E764E070E080ED90E00E94ED
:102B90005C7741ED50E064E170E08AE696E00F94E6
:102BA00093DD0E946E660AE616E086E0E82E87E076
:102BB000F82E94EC892E99E0992EA12CB12C20ECC2
:102BC000422E23E0522E612C712C20E030E048E4AC
:102BD00053E4F80164897589868997890F9454E1D3
:102BE00018164CF480E090E0A8E4B3E4F801848B7C
:102BF000958BA68BB78BF701619171918191919122
:102C00007F0120E030E048EC52E40F9454E11816C4
:102C100054F480E090E0A8ECB2E4F70134978083AC
:102C20009183A283B383F80184A195A1A6A1B7A142
:102C3000853C9940A105B10528F0F80184A295A230
:102C4000A6A2B7A2F70184859585A685B785813CA4
:102C50009340A105B10528F0F701448655866686A4
:102C600077860C5F1F4FF6E002371F0709F0ADCFE4
:102C70006091260770E080E00F94B53A60912707D5
:102C800070E081E00F94B53A6091280770E082E02F
:102C90000F94B53A6091290770E083E00F94B53A3C
:102CA0000F9480AA0F941751CE0101960F94DE471E
:102CB00044E350E867EB7AEB82EA9CE00E94DC6434
:102CC00046E656E666E87FE38EE99CE00E94DC6417
:102CD0004AE959E969E17EE38AE99CE00E94DC6403
:102CE0006EE071E088E99CE00E947B7761E087E913
:102CF0009CE00E94937782E09DE00F94A3DD91E039
:102D0000811101C090E090931C058EEF9CE00F9420
:102D1000ABDD6093B4127093B5128093B6129093AA
:102D2000B71282EA9CE00F94ABDD6093B812709307
:102D3000B9128093BA129093BB128EE99CE00F9463
:102D4000ABDD6093BC127093BD128093BE12909362
:102D5000BF128AEF9CE00F94ABDD6093C0127093BA
:102D6000C1128093C2129093C3128AE99CE00F941F
:102D7000ABDD6093C4127093C5128093C61290931A
:102D8000C71288E99CE00F94B1DD0F94C14440E480
:102D900050E06AEB7CE08AEC92E10F9493DD86EBE5
:102DA0009CE00F94ABDD60930A1370930B13809338
:102DB0000C1390930D1382EB9CE00F94ABDD6093AA
:102DC0000E1370930F1380931013909311138EEAC8
:102DD0009CE00F94ABDD60931213709313138093F8
:102DE0001413909315130F94E044811106C089E5E4
:102DF00098E70E94057B0F94EC470F944845CE015D
:102E000001960F94D14782EF99EA0E94DA7883E81D
:102E100098E70E94057B81E00F90DF91CF911F9191
:102E20000F91FF90EF90BF90AF909F908F907F9009
:102E30006F905F904F9008950E946E8964E070E0FB
:102E400084E190E00E94615C91E08927E5CF2F92B8
:102E50003F924F925F926F927F928F929F92AF922A
:102E6000BF92CF92DF92EF92FF920F931F93CF9377
:102E7000DF93CDB7DEB7CF58D1090FB6F894DEBFD8
:102E80000FBECDBF82E080939602A0906C12B090EE
:102E90006D1285010E571F4E46E050E060EC79E858
:102EA000C8010F9482DB892B09F0B8C081EB99E847
:102EB0000E94DB68882309F491C088E50E947C5C4D
:102EC000182F89E50E947C5C811112600F942C59A7
:102ED0001A821982FE01339683E1DF011D928A95E1
:102EE000E9F748EC5FEA60E070E083E793E00F9475
:102EF0006F40811110927203009172030F5F009373
:102F0000720383E793E00F942E4280917103812B2B
:102F10008093710310FF08C086E69FE00E94B2779D
:102F200085E09FE00E94A57711FF08C088E69FE03A
:102F30000E94B27783E09FE00E94A57781E00E9423
:102F4000D96F82E00E945B6F612FCE0101960E94D3
:102F5000BD74CE0101960F94CC1640E061E081E093
:102F60000E948F8061E084E496E8033060F1109263
:102F70006A0E1092690E80E00E94D96F0E94C76F9E
:102F800060917103CE0101960E94BD74109271038D
:102F9000CE0101960E949B7181E29CE30E946073C6
:102FA000AC0161E080E00E94A86F8FE30E94836F14
:102FB00040E060E090E080E00F94E16561E0811125
:102FC0000AC086E396E80E94028F81E08093960211
:102FD0000E946C865EC389E296E8F5CF83EA99E8A1
:102FE0000E94DB68882369F00E943A68811106C05C
:102FF00060E070E080E89FE30E94F9680F94103C65
:10300000E4CF86E999E80E94DB688823F1F20F9407
:10301000103C60E080E00F948D17D7CF44E050E083
:1030200061E979E8C8010F9482DB892B09F0FCC0C3
:1030300085010A571F4E49E050E067E879E8C8016A
:103040000F9482DB892BC9F4F501E157FF4E108103
:10305000153489F01855143008F0B7CF4AE050E025
:1030600070E060E0C50180579F4E0F942ED9812FEC
:103070000F94A389AACF13E0F1CF49E050E06DE7A8
:1030800079E8C8010F9482DB892B51F5F501E157EE
:10309000FF4E1081153411F11855143008F095CFFA
:1030A0004AE050E070E060E0C50180579F4E0F9409
:1030B0002ED9E12FF0E0EC50FB4F808140E051E051
:1030C00002C0569547958A95E2F7842F880F880F9E
:1030D00081506823812F0F94BA8C77CF13E0E0CF13
:1030E00049E050E063E779E8C8010F9482DB892B5F
:1030F00009F06BCFF501E157FF4E8081853409F46B
:1031000090C018EAC12EC80EB3E0BC1508F45DCF1C
:10311000EC2CF12C4701880C991CF401E358FD4F6D
:103120000081202F2F70102F12951770001F00277D
:10313000001F61816770660F062BF401E258FD4F96
:10314000D080D694D694D694ED2DE370DE2E1A82DC
:103150001982C50180579F4EDC013C91B22E33236A
:10316000E1F14AE050E0BE016F5F7F4F0F942ED92E
:103170006F70B62E89819A81009779F1FC012081C8
:10318000222359F14AE050E0BE016F5F7F4F0F9458
:103190002ED9162F177089819A810097F1F0DC01E2
:1031A0002C912223D1F04AE050E0BE016F5F7F4FA7
:1031B0000F942ED9062F0F7089819A81009769F09C
:1031C000FC012081222349F04AE050E0BE016F5FFC
:1031D0007F4F0F942ED96370D62EF401E358FD4F24
:1031E00017701295107F602F6795662767951B29CA
:1031F000162B1083602F66950181007E2D2D237084
:10320000D22EDD0CDD0CDD0C062BD02AD182F7018D
:10321000EC50FB4F50E040E060818C2D0F944A3A17
:10322000D4CEB3E0CB2E74CF45E050E06DE679E824
:10323000C8010F9482DB892B09F064C183E699E809
:103240000E94DB68882309F43CC01092320514E622
:10325000C12CD12C76016F9A779864E170E080E000
:1032600090E00F94923D0F946C3D4B015C01F894FB
:103270006F98679BFECF78940F946C3DDC01CB0177
:1032800088199909AA09BB09C816D906EA06FB06D6
:1032900010F46C017D011150F1F68EE196E80E9468
:1032A000DA788AE196E835EFC31631E0D306E10417
:1032B000F10410F487E196E80E94057B6F98779AF5
:1032C00084CE8FE599E80E94DB68882321F1409144
:1032D000AF045091B0042CE3249FC001259F900DB2
:1032E00011249F938F934091AD045091AE04249F7D
:1032F000C001259F900D11249F938F9388EC9AE62F
:103300009F938F930F9465DC0F900F900F900F9009
:103310000F900F905ACE8AE599E80E94DB688823C7
:1033200011F18CE89FE00F94A3DD811110C061E0E2
:1033300089EE90E70E94028F60E085EA9FE00F949B
:10334000C7DD60E08FE79CE00F94C7DD3ECE8130A3
:1033500009F03BCE0F94D1588DE095E00F94EC3FEF
:103360000F94973F32CE83E599E80E94DB6888236B
:1033700021F080E00F94BC1D28CE8DE499E80E94D6
:10338000DB68882351F01092FC1F1092FD1F1092F1
:10339000FE1F1092FF1F0E9401688AE499E80E94B4
:1033A000DB688823A9F044E150E065E17DE0CE01CF
:1033B00001960F9493DD8C89882329F08FE399E897
:1033C0000F948CDC02CECE0101960F9432E4FDCD39
:1033D0008BE399E80E94DB68882329F08FE299E863
:1033E0000E94057BF2CD8BE299E80E94DB6888237E
:1033F00019F08DE099E8F4CF88E099E80E94DB6845
:10340000882319F00E94E071E0CD85E099E80E94E0
:10341000DB68882379F081EA9DE00F94A3DD4BE01F
:10342000849FC001112470E060E0805B924F0F9494
:10343000E5DDCBCD82E099E80E94DB68882351F07E
:103440000E94C76F40E070E060E084E690E00F9477
:10345000A16AD8CF8EEF98E80E94DB688823E1F05C
:1034600086E50E947C5C882309F4AFCD0E941B5C3A
:1034700011E0892B09F410E00F942C5980919C13D2
:1034800090E01817190609F4A0CD10939C1387E457
:1034900097E00F9412AB99CD87EF98E80E94DB6814
:1034A000882309F492CD84E40E947C5C8823A1F0F7
:1034B0000E94526120E030E04AE754E40F9470D853
:1034C00020E030E040E05FE30F94CBDE0F9443E078
:1034D000CB010F94231879CD83EF98E80E94DB6825
:1034E00085EA9DE00F94B1DDBC0190E080E00F948F
:1034F0002FD820E030E04AE754E40F94CADF0F945D
:10350000D87663CDD8018C91873411F00C941DA628
:1035100010939403009393030E941B5C9093920377
:10352000809391038E31910509F4DAC60CF045C100
:103530008430910509F47EC60CF0C5C097FDCBC060
:1035400002970CF0FCC10E94195B8C010E94796209
:1035500060915E0670915F068091600690916106B1
:103560000F942FD86B017C0140904B0750904C0773
:1035700060904D0770904E0780905C0590905D05BF
:10358000A0905E05B0905F05A5019401C301B20152
:103590000F94CADE20E030E048EC52E40F9470D87B
:1035A0009B01AC01C701B6010F9454E11816D4F485
:1035B000A3019201C501B4010F94CADE20E030E0FE
:1035C00048EC52E40F9470D8A70196010F94CBDE1B
:1035D0000F9443E060935E0670935F0680936006ED
:1035E000909361068091EC06882309F4A4C188E5D4
:1035F0000E947C5C81119FC189E50E947C5C8111E5
:103600009AC18AE50E947C5C811195C185E40E9483
:103610007C5C882309F48FC120914B0730914C07C3
:1036200040914D0750914E0760915C0570915D058A
:1036300080915E0590915F050F94CADE6B017C015D
:103640002DEC3CEC4CEC5DEB0F94C0DF87FF65C1CB
:1036500080913B0781110C9427CF0F942C598091B6
:103660005C0590915D05A0915E05B0915F0580932A
:103670004B0790934C07A0934D07B0934E078BE4F4
:1036800097E00F94DFAA90913B0781E089270F9480
:103690003F8BC157DF4F0FB6F894DEBF0FBECDBFD3
:1036A000DF91CF911F910F91FF90EF90DF90CF901E
:1036B000BF90AF909F908F907F906F905F904F9052
:1036C0003F902F9008958B30910509F400C6DCF4EB
:1036D0000A9709F4F8C580916C1290916D128E577B
:1036E0009F4E9F938F931F9287E48F938AEE99E664
:1036F0009F938F930F9465DC0F900F900F900F9016
:103700000F900F90A5C08531910509F4A1C04C9789
:1037100011F788E50E947C5C382E412C512C320137
:10372000882321F00E94285C2B013C0189E50E943E
:103730007C5C282E882309F4CCC50E94285C6E96F8
:103740006CAF7DAF8EAF9FAF6E978AE50E947C5CB9
:10375000D82E812C912C5401882321F00E94285CC2
:103760004B015C0187E50E947C5C67968FAF679791
:1037700083E40E947C5C6796FFAD6797FF938F930D
:10378000CD2C6E96ECACFDAC0EAD1FAD6E97222D20
:10379000B301A201832D0E94B17E0F900F903110D2
:1037A00057C0211055C067962FAD6797211150C0A3
:1037B000D1104EC00E94B4804BC08635910511F4E3
:1037C0000C94CCA5B4F58C34910509F4DFC53CF517
:1037D00008E210E02AE9E22E2AE6F22E8B34910567
:1037E00009F079CF602F70E090E080E00F942FD83F
:1037F0000E943F5D9F938F937F936F931F930F93CF
:10380000FF92EF920F9465DC0F5F1F4F0FB6F89495
:10381000DEBF0FBECDBF0F36110521F719C08035B1
:10382000910541F28135910509F055CF0E949D86A1
:103830000FC08A35910511F40C94D6A574F4873520
:10384000910511F40C94D1A58835910509F043CF69
:103850001092920310929103B8CB8B35910511F41D
:103860000C94DDA58C35910509F035CF6DEDC62E94
:1038700062E0D62E8E010F5B1F4F9E012F5F3F4FE0
:10388000790171EE872E72E0972E58013901D60129
:103890008D916D010E947C5CF50181935F0188230D
:1038A00041F00E945261D7016D937D938D939C935B
:1038B0001397B4E0EB0EF11C8C149D0441F7F80152
:1038C000D380DD2011F40C94E1A520E030E0A901C3
:1038D0006D857E858F8598890F94C0DF81110C944A
:1038E000E1A5D8018C9181110C94E1A511968C91E0
:1038F000119781110C94E1A512968C9181110C9471
:10390000E1A510924B0710924C0710924D071092B0
:103910004E0781E08093B7049BCF2DEC3CEC4CEC40
:103920005DE3C701B6010F9454E1181624F48091A9
:103930003B07811192CEC8010E94BD6C89CF0E94C5
:10394000195BE0969FAF8EAFE0970E94796289E4A1
:103950000E947C5C882309F400C40E945261609339
:10396000890370938A0380938B0390938C038AE47A
:103970000E947C5CC12CD12C7601882321F00E940E
:1039800052616B017C01C0928D03D0928E03E09254
:103990008F03F0929003E0919103F0919203C2574C
:1039A000DF4FF983E883CE58D04080908903909010
:1039B0008A03A0908B03B0908C03A7019601C501E8
:1039C000B4010F9467E1AE966CAF7DAF8EAF9FAF41
:1039D000AE976091390270913A02072E000C880B65
:1039E000990B0F9431D8209190023091910240911F
:1039F0009202509193020F9470D82EE333EC4EE272
:103A000059E30F9470D8AA966CAF7DAF8EAF9FAF7D
:103A1000AA9780E1EFE3F7E0DE01119601900D92A5
:103A20008A95E1F7A501940150586A962CAF3DAFF5
:103A30004EAF5FAF6A97D701C601B0586E968CAF94
:103A40009DAFAEAFBFAF6E9729813A814B815C814C
:103A5000E6962CAF3DAF4EAF5FAFE697C501B40120
:103A60000F94CBDEEA966CAF7DAF8EAF9FAFEA9737
:103A70008D819E81AF81B885EE968CAF9DAFAEAF44
:103A8000BFAFEE979C01AD01C701B6010F94CBDE2D
:103A9000CE57DF4F688379838A839B83C258D04097
:103AA00029853A854B855C8560915805709159054B
:103AB00080915A0590915B050F94CADEC258DF4F82
:103AC000688379838A839B83CE57D04020915005A9
:103AD000309151054091520550915305CA57DF4F1F
:103AE000288339834A835B83C658D040EA962CAD3D
:103AF0003DAD4EAD5FADEA97CA57DF4F6881798122
:103B00008A819B81C658D0400F94CADE6B017C012C
:103B10008091540590915505A0915605B091570597
:103B2000C657DF4F88839983AA83BB83CA58D04086
:103B3000CE57DF4F288139814A815B81C258D040FE
:103B4000BC01CD010F94CADE4B015C0130902E0701
:103B500020902F07909130076F969FAF6F97A0919D
:103B60003107A396AFAFA397A70196016A966CADF4
:103B70007DAD8EAD9FAD6A970F9470D82B013C013F
:103B8000A50194016E966CAD7DAD8EAD9FAD6E9727
:103B90000F9470D89B01AC01C301B2010F94CBDE2E
:103BA0002B013C01A50194016A966CAD7DAD8EADF3
:103BB0009FAD6A970F9470D84B015C01A7019601E5
:103BC0006E966CAD7DAD8EAD9FAD6E970F9470D837
:103BD0009B01AC01C501B4010F94CADEA30192019F
:103BE0000F944ADF6B017C0120E030E0A9010F94C3
:103BF000C0DF87FF0AC02BED3FE049EC50E4C7016E
:103C0000B6010F94CBDE6B017C0160913707709198
:103C100038076115710509F4A4C290E080E00F94A3
:103C20002FD89B01AC016BED7FE089EC90E40F9401
:103C3000CADFAE962CAD3DAD4EAD5FADAE970F94E5
:103C400070D85B018C016091390770913A0761155A
:103C50007105F1F090E080E00F942FD820E030E083
:103C600040E752E40F9470D89B01AC01AA966CAD6A
:103C70007DAD8EAD9FADAA970F94CADF3B014C017D
:103C80009501A8010F94C0DF87FF02C05301840192
:103C9000409032075090330760903407709035079A
:103CA0009501A801B201C3010F9454E11816C4F0A4
:103CB0009501A801632D722D6F968FAD6F97A39616
:103CC0009FADA3970F94C0DF2501380187FF08C07F
:103CD000432C522C6F966FAC6F97A3967FACA39733
:103CE000C257DF4FE881F981CE58D040329751F466
:103CF0002BED3FE049EC50E4C701B6010F94CADE5A
:103D00006B017C01CA57DF4F288139814A815B8171
:103D1000C658D040E6966CAD7DAD8EAD9FADE697B2
:103D20000F94C0DF811125C0C657DF4F288139812C
:103D30004A815B81CA58D040EE966CAD7DAD8EADA8
:103D40009FADEE970F94C0DF811113C020E030E0EB
:103D5000A901C701B6010F94C0DF81110AC02BED84
:103D60003FE049EC50E4C701B6010F94CBDE6B0194
:103D70007C01A7019601AE966CAD7DAD8EAD9FAD79
:103D8000AE970F9470D8C258DF4F288139814A818D
:103D90005B81CE57D0400F9467E14B015C012FE669
:103DA00032E143E85AE30F94C0DF87FDCFC19201AF
:103DB000A301C501B4010F94CADF0F94A9DF0F94CA
:103DC00043E0A4967FAF6EAFA4976230710508F40C
:103DD0008BC1E0964EAD5FADE097452B09F484C1F1
:103DE000509136076F965FAF6F9790E080E00F9429
:103DF0002FD84B015C01AC019B01C701B6010F94A8
:103E0000CADF2B013C01A5019401C258DF4F688134
:103E100079818A819B81CE57D0400F94CADFEE967C
:103E20006CAF7DAF8EAF9FAFEE972D853E854F85F2
:103E3000588960915C0570915D0580915E05909157
:103E40005F050F94CADEA50194010F94CADFC25822
:103E5000DF4F688379838A839B83CE57D040A30149
:103E60009201C301B2010F9470D86B017C01AC01C7
:103E70009B01C301B2010F9470D820E030E040EC08
:103E800050E40F94CADF9B01AC01C301B2010F944F
:103E9000CADEAE966CAF7DAF8EAF9FAFAE9720E01F
:103EA00030E040E05FE3C701B6010F9470D89B019A
:103EB000AC0160E070E080E89FE30F94CADEE69614
:103EC0006CAF7DAF8EAF9FAFE69722242394312C49
:103ED0006F968FAD6F9781114DC1B10190E080E079
:103EE0000F942FD8A30192010F9470D86B017C011D
:103EF0000F94C5DF6E966CAF7DAF8EAF9FAF6E97A0
:103F0000C701B6010F948BE24B015C01C09089039D
:103F1000D0908A03E0908B03F0908C03F7FAF09432
:103F2000F7F8F09420918D0330918E0340918F0328
:103F300050919003A2962CAF3DAF4EAF5FAFA297CA
:103F4000A70196016E966CAD7DAD8EAD9FAD6E975F
:103F50000F9470D86A966CAF7DAF8EAF9FAF6A97A3
:103F6000A2962CAD3DAD4EAD5FADA297C501B4019B
:103F70000F9470D89B01AC016A966CAD7DAD8EAD8F
:103F80009FAD6A970F94CBDE6A966CAF7DAF8EAF14
:103F90009FAF6A97A7019601C501B4010F9470D82D
:103FA0006B017C01A2962CAD3DAD4EAD5FADA297ED
:103FB0006E966CAD7DAD8EAD9FAD6E970F9470D843
:103FC0009B01AC01C701B6010F94CADE6E966CAFBF
:103FD0007DAF8EAF9FAF6E97309136076F963FAF34
:103FE0006F976A962CAD3DAD4EAD5FAD6A97EA9680
:103FF0006CAD7DAD8EAD9FADEA970F94CBDE69833E
:104000007A838B839C836E962CAD3DAD4EAD5FADB8
:104010006E97CE57DF4F688179818A819B81C25824
:10402000D0400F94CBDE6D837E838F839887EE968E
:104030002CAD3DAD4EAD5FADEE9769857A858B8534
:104040009C850F94CBDE69877A878B879C87C258C3
:10405000DF4F288139814A815B81CE57D0406D8501
:104060007E858F8598890F94CBDE6D877E878F87BD
:10407000988BCE0101960E947E6CE0968EAD9FAD2E
:10408000E0972816390608F1E984FA840B851C8527
:104090002D813E814F81588569817A818B819C81F8
:1040A0003F922F92AFE3B7E0BF93AF93AA968CAC49
:1040B0009DACAEACBFACAA97DE011D966D010F940E
:1040C00039AB0F900F900F900F908091590E811186
:1040D0003DC0BFEF2B1A3B0AA496EEADFFADA497EF
:1040E000E215F30509F0F4CE80E595E00E947E6CC0
:1040F000E0905805F090590500915A0510915B0524
:104100002091540530915505409156055091570521
:104110006091500570915105809152059091530521
:104120001F921F92EFE3F7E0FF93EF93AA968CACF8
:104130009DACAEACBFACAA97ECE5CE2EE5E0DE2E92
:104140000F9439AB0F900F900F900F900E94A55BCA
:1041500084E893E00F942E427BCB60E070E0CB01CB
:10416000FECBA32CB22C6F960FAD6F97A3961FAD0D
:10417000A39769CD6F964FAD6F9741506F964FAF34
:104180006F97AE962CAD3DAD4EAD5FADAE976A96D6
:104190006CAD7DAD8EAD9FAD6A970F9470D86B01FD
:1041A0007C01E6962CAD3DAD4EAD5FADE6976E96CB
:1041B0006CAD7DAD8EAD9FAD6E970F9470D89B01A9
:1041C000AC01C701B6010F94CBDE7B018C01E696F2
:1041D0002CAD3DAD4EAD5FADE6976A966CAD7DAD55
:1041E0008EAD9FAD6A970F9470D84B015C01AE966F
:1041F0002CAD3DAD4EAD5FADAE976E966CAD7DAD69
:104200008EAD9FAD6E970F9470D89B01AC01C50128
:10421000B4010F94CADE6A966CAF7DAF8EAF9FAFCC
:104220006A97C701D8016E968CAF9DAFAEAFBFAF96
:104230006E97D7CE80E50E947C5CC12CD12C760194
:10424000882331F00E9452610F9443E06B017C019E
:1042500083E50E947C5C882361F00E94526120E02B
:1042600030E04AE754E40F9470D80F9443E06B01B8
:104270007C01C114D104E104F10441F08091710783
:10428000873021F08FEB9AE60F94600D0F942C5934
:104290000F948B3FC60ED71EE81EF91E84E893E0EC
:1042A0000F942E420F948B3F6C157D058E059F0554
:1042B00008F0CECA0F94A04E80E00E94999180E051
:1042C0000E945B6FEFCF81E00F943F8BC1CA80E00B
:1042D000FBCF6E961CAE1DAE1EAE1FAE6E9735CADE
:1042E0000F942C5981E08093540E0E949D678C019D
:1042F00080E090E0A8E4B4E480939002909391026F
:10430000A0939202B093930243E060E070E080E2F9
:1043100091EC0F94698D709047076090480750901A
:10432000490740904A07B0904307A09044079090F7
:10433000450780904607F0903F07E0904007D090F7
:104340004107C090420786E297E50E9460734F9252
:104350005F926F927F928F929F92AF92BF92CF9215
:10436000DF92EF92FF929F938F9383EA9AE69F9357
:104370008F930F9465DCC8010E9483671092540EDE
:104380000FB6F894DEBF0FBECDBF62CA20E030E0AA
:1043900040E251E4609195037091960380919703F8
:1043A000909198030F9454E187FF05C08FED98E832
:1043B0000E94057B4DCA82E00E94C1FA811107C0AC
:1043C0008EE09AE30E9460730F940C3641CA80918C
:1043D0003C07882341F080913D07882321F010910C
:1043E0003E07111108C081E080937C1081E29CE6B9
:1043F0000F9466782DCA85EC99E30E9460730F9440
:104400000C3680E092E50E94607341E060E00F941A
:10441000E165811161C080E090E0A0EAB0E48093A2
:10442000470790934807A0934907B0934A0760E075
:1044300070E088E492E40F948EBA80E090E0A8E403
:10444000B2E48093470790934807A0934907B0933D
:104450004A0780E090E0A4E3B3E48093430790939D
:104460004407A0934507B093460760E070E088E4F6
:1044700092E40F948EBA0F942C5986ED91E50E9428
:1044800060730F940C36E3E2F2E985919591A59162
:10449000B4918093430790934407A0934507B0934A
:1044A0004607EFE1F2E985919591A591B49180934A
:1044B0003F0790934007A0934107B093420760E005
:1044C00070E088E492E40F948EBA0F942C5941E086
:1044D00060E080E00E948F8020E030E04CE052E419
:1044E0006091950370919603809197039091980342
:1044F0000F9454E118160CF073C080E090E0A8EC23
:10450000B2E48093470790934807A0934907B0937C
:104510004A0760E070E088E492E40F948EBA0F944A
:10452000574519821A821B821C821D82CE01019678
:104530000F942E4203E29FE0E92E96E8F92E20E048
:1045400030E04CE052E460919503709196038091C5
:104550009703909198030F9454E11816C4F587E7D8
:1045600099E30E9460730F94853542E864E080E02F
:104570000E94B46F1F920F93609195037091960300
:1045800080919703909198030F943CE07F936F93F1
:10459000FF92EF920E946D6F81E80E94836F88EE18
:1045A00093E00E943E940E94E87840E053E567E083
:1045B00070E0CE0101960F946F400F900F900F9016
:1045C0000F900F900F90882309F4B9CF10E081E08D
:1045D0000E94D96F111104C080E00F949D3638C934
:1045E0000F942C5981E08093540E0E94D96F81EC76
:1045F00098E80E94057B8090950390909603A09088
:104600009703B090980320E030E040EA50E4C50101
:10461000B4010F94CADF0F943CE025E0269FA0016F
:10462000279F500D1124BA01550F880B990B0F9439
:1046300031D81B017C0120E030E04CE052E40F94C3
:10464000C0DF87FF06C0212C312C0CE0E02E82E475
:10465000F82E222D332D4E2D5F2DC501B4010F9460
:1046600054E1181664F420E030E040EA50E4622D92
:10467000732D8E2D9F2D0F94CBDE1B017C01FF929D
:10468000EF923F922F9281E89AE69F938F930F9437
:1046900065DC20E030E040EF51E4622D732D8E2D7B
:1046A0009F2D0F94CADE20E030E04CE852E40F94D6
:1046B000CBDE0F943CE07093680E6093670E84E04D
:1046C0008093710781E08093EF0382E39AE30E9475
:1046D00060730F94600D80E090E0A0EAB0E48093F6
:1046E000470790934807A0934907B0934A0760E0B3
:1046F00070E088E492E40F948EBA80E090E0A0EA43
:10470000B1E480933F0790934007A0934107B09393
:10471000420780E090E0A0E7B2E4809343079093E3
:104720004407A0934507B093460760E070E088E433
:1047300092E40F948EBA8AE999E9A9E1BEE38093E5
:10474000470790934807A0934907B0934A0760E052
:1047500070E088E492E40F948EBA0F942C590F9075
:104760000F900F900F900F900F9020919503309124
:1047700096034091970350919803622D732D8E2DCF
:104780009F2D0F9454E118163CF488EE93E00E949C
:104790003E940E94E878E9CF60E086EA9FE00F94BB
:1047A000C7DD80E090E0A0EAB0E4809347079093F3
:1047B0004807A0934907B0934A0760E070E088E497
:1047C00092E40F948EBAEFE1F2E985919591A5916B
:1047D000B49180933F0790934007A0934107B09313
:1047E0004207E3E2F2E985919591A591B491809316
:1047F000430790934407A0934507B093460760E0B2
:1048000070E088E492E40F948EBA0F942C5943E040
:1048100060E070E080E89FEB0F94698D811106C025
:104820000F949D361092540E0C94289C909147073B
:1048300067969FAF6797A09148076B96AFAF6B974E
:10484000B09149076F96BFAF6F97E0914A07A7965F
:10485000EFAFA797EF93BF93AF939F9384E79AE649
:104860009F938F930F9465DC0F900F900F900F9094
:104870000F900F90BEEA8B2EBFE09B2E13E2C12E4D
:10488000D12C0FEF1FEFB6010D2C000C880B990BEC
:104890000F9431D82B013C01DF92CF92C8010296D0
:1048A0009F938F9328E33AE63F932F930F9465DC11
:1048B00058015FEFA51AB50A0F900F900F900F9057
:1048C0000F900F9011F40C9435CF70E060E0C401AC
:1048D0000F94E5DDA3019201622D732D8E2D9F2D86
:1048E0000F94C0DF181644F485E0A816B10411F047
:1048F0000C9441CF05E010E0580197E2A91A98EF17
:10490000B90AAA0CBB1C85E0809F1001819F300C66
:1049100011240D5F1F4FFAE94F2EF9E95F2EF9E1DF
:104920006F2EFEE37F2EAFEF8A2EA9E69A2EC801E6
:10493000029705970CF0D4C0B101635D7F4F072E3D
:10494000000C880B990B0F9431D86B017C011F93DD
:104950000F93ABE2BAE6BF93AF930F9465DC00937D
:10496000EF0320E030E040EF51E4C701B6010F94BF
:10497000CADE20E030E040E251E40F9470D820E03D
:1049800030E040EA50E40F94CADF20E030E048E431
:1049900052E40F94CBDE0F943CE07093680E60936A
:1049A000670E80E090E0A0EAB0E480934707909320
:1049B0004807A0934907B0934A0760E070E088E495
:1049C00092E40F948EBA20E030E040EA51E4209364
:1049D0003F0730934007409341075093420780E0E0
:1049E00090E0A0E7B2E48093430790934407A0933C
:1049F0004507B093460760E070E088E492E40F94C6
:104A00008EBA4092470750924807609249077092C9
:104A10004A0760E070E088E492E40F948EBA0F9445
:104A20002C590F900F900F900F902091950330917B
:104A300096034091970350919803C701B6010F94D4
:104A400054E118163CF488EE93E00E943E940E94D4
:104A5000E878EBCF80E090E0A0EAB0E480934707ED
:104A600090934807A0934907B0934A0760E070E02D
:104A700088E492E40F948EBAEFE1F2E98591959182
:104A8000A591B49180933F0790934007A09341076D
:104A9000B0934207E3E2F2E985919591A591B49133
:104AA0008093430790934407A0934507B09346072C
:104AB00060E070E088E492E40F948EBA0F942C5971
:104AC00043E060E070E080E89FEB0F94698D95E033
:104AD000290E311C0F5F1F4F811104C00F949D36AA
:104AE00081E09ECE67967FAD67976B966FAD6B97B3
:104AF0006F969FAD6F97A7968FADA797272F362FED
:104B0000492F582F609147077091480780914907B6
:104B100090914A070F94CADEF62EE72ED82EC92EA2
:104B2000209176063091770640917806509179066B
:104B3000D701F6016B2F7A2F8F2F9E2F0F9470D8ED
:104B40000F943CE0A6966CAF7DAF8EAF9FAFA6975B
:104B5000CF92DF92EF92FF92809198038F93809192
:104B600097038F93809196038F93809195038F93F2
:104B70009F928F920F9465DCA4966EAD7FADA49743
:104B8000C5010F94E5DDA2E0AA0EB11C0FB6F894A2
:104B9000DEBF0FBECDBFCBCE80E10E9487E80C9474
:104BA000289C80E10E94DCE80C94289C8091DD0325
:104BB000887F8093DD030C94289C8091DD038760BF
:104BC000F8CF0F942C59F12CE12CF80181918F0131
:104BD0008823D1F09701215C384F5901F301EE0D84
:104BE000FF1D2081318142815381F701EE53F94F3E
:104BF00060817181828193810F94CBDED5016D93A9
:104C00007D938D939C931397B4E0EB0EF11CECE035
:104C1000EE16F104D1F6DD2061F08D859E85AF851D
:104C2000B88980934B0790934C07A0934D07B0939E
:104C30004E070F944EB90C94289C8D3411F00C94AF
:104C4000A6CD1093940300939303F80131968191BC
:104C50008032E9F38930D9F380538A3070F01F93A2
:104C60000F938DEA98E89F938F930F9465DC0F90D4
:104C70000F900F900F900C94E5970E941B5C9093FF
:104C8000580E8093570E893C910511F40C9469BA23
:104C90000CF040C38E34910511F40C94CFB50CF098
:104CA00035C28C31910511F40C942EB40CF000C176
:104CB0008531910511F40C9447B30CF05EC081313D
:104CC000910511F40C943CB3ECF4029710F40C949D
:104CD000B0B280916C1290916D128E579F4E9F933F
:104CE0008F931F928DE48F938AEE99E69F938F9313
:104CF0000F9465DC0F900F900F900F900F900F9016
:104D00000C9494B28231910511F40C9484B74497B9
:104D100001F781E0809396028AED99E60E94057B77
:104D200084E50E947C5C182F8CE40E947C5C00E08F
:104D300080FB00F910FB01F980EF94E10E94B67846
:104D400083E2E0EFF4E1DE01119601900D928A9585
:104D5000E1F720E050E040E0BE016F5F7F4F84EF5D
:104D600092E00F94787ACE0101960E94BB788CEC89
:104D700099E60E94057B0C9494B28831910511F458
:104D80000C9458B394F48631910511F40C944BB300
:104D9000479709F09ECF809193039091940361E02F
:104DA00004960F9446810C9494B28A31910511F4C3
:104DB0000C949EB314F00C94C0B30DED12E0FFE31D
:104DC000AF2EF2E0BF2EA1E2CA2EA2E0DA2EB5E1AC
:104DD000EB2EB2E0FB2E80EE882E82E0982EF801BA
:104DE00081918F010E947C5C882321F10E94526195
:104DF000D6014D905D906D907C90A30192010F942F
:104E0000C0DF87FD11C00E945261F70140805180D0
:104E100062807380A30192010F9454E1181624F06C
:104E20000E9452612B013C01D5014D925D926D9221
:104E30007C921397B4E0AB0EB11CE4E0CE0ED11C13
:104E4000F4E0EF0EF11C8016910649F683E50E940E
:104E50007C5C882311F40C942BC60E940E5C81119B
:104E60000C9494B280E090E0A8E4B2E480933F0216
:104E700090934002A0934102B093420280E090E000
:104E8000AEE3B3E48093430290934402A0934502BF
:104E9000B093460280E090E0A0EAB1E4809347023C
:104EA00090934802A0934902B0934A020C9494B2A2
:104EB0008D32910511F40C94D3B40CF0F0C08F3105
:104EC000910511F40C9460B40CF06AC08D31910519
:104ED00011F40C9494B24E9709F0FBCE80916B14B0
:104EE000882311F40C9494B28AEF96E10F947C6EAF
:104EF0008AEF96E10F946FA41092681410926914CF
:104F000000919303109194030C5F1F4F80916B14D9
:104F1000882311F40C9494B28AEF96E10F946FA455
:104F200010926A1423961FAF0EAF2397CE018F5BAA
:104F30009F4F0F94C180882311F40C9494B2239650
:104F40004EAD5FAD239760911315709114151982C2
:104F50001C8222E0CE0101960F9450D781110C944F
:104F600036B410E0CE0101960E94BB78112311F4F3
:104F70000C9450B485ED95E80E94DA7823968EADB6
:104F80009FAD23970F94A8D610927E1710927F178B
:104F900010928017109281170F948D7E0C9494B20A
:104FA0008A32910511F40C9487B48C32910511F476
:104FB0000C94BAB4809709F08CCE80916A14811158
:104FC0000F942C5900919303109194030C5F1F4F81
:104FD00061E270E0C8010F94FAE3009719F08C01C8
:104FE0000F5F1F4F80E50E947C5CF82E8091930339
:104FF000909194030817190708F4F12C80916B1411
:10500000882311F40C9494B261E06F25C8010F94C9
:10501000468183E50E947C5C882399F0809193030C
:10502000909194038017910760F40E94285C60932C
:105030007E1770937F1780938017909381170F943A
:10504000057980916B14882331F081E080936A1494
:1050500085E08093630EF1100C9494B28091FD165C
:10506000882361F080917E1790917F17A09180171F
:10507000B0918117892B8A2B8B2B69F40E94CA5C13
:105080001092800310928103109282031092830386
:1050900080E00E94F9880F94D1580C9494B289341E
:1050A000910511F40C9417B5F4F48E32910511F4B6
:1050B0000C94D9B48834910509F00BCE83E50E9495
:1050C0007C5C882311F40C9408B50E940E5C882344
:1050D00011F40C9405B5813011F00C9494B28093C6
:1050E000630E0C9494B28C34910511F40C94B7B502
:1050F00014F00C94CAB58B34910509F0EACD0F94E5
:10510000F517882311F40C9494B2C5CF8E3691050F
:1051100011F40C9479B80CF086C08635910511F421
:105120000C94D4B7D4F58335910511F40C947EB763
:1051300084F48F34910511F40C943AB682359105BC
:1051400009F0C7CD8091DD03877F8093DD030C9448
:1051500094B28435910511F40C9484B7853591058A
:1051600009F0B7CD83E50E947C5C882311F40C9490
:1051700094B20E94526120E030E04AE754E40F9478
:1051800070D80F9443E060937C0370937D03809309
:105190007E0390937F030C9494B28936910511F4A9
:1051A0000C9496B6D4F48C35910511F40C94F1B7A7
:1051B0008836910509F08DCD83E50E947C5C8823BB
:1051C00011F40C9494B20E9452610F943CE07093DD
:1051D0006A0E6093690E0C9494B28B36910511F4AB
:1051E0000C947BB714F40C946DB78D36910509F0CF
:1051F00070CD8EED99E40E9460730F94600D81E094
:105200008093DB0383E50E947C5C882311F40C947B
:10521000AAB60E9452610F943CE070936A0E6093AC
:10522000690E0C94B0B68737910511F40C94BEB991
:10523000ACF58237910511F40C9473B9B4F480374E
:10524000910511F40C9483B68137910509F041CD95
:1052500083E50E947C5C882311F40C948AB80E9438
:105260000E5C80932F020C9494B28537910511F453
:105270000C9476B914F00C9486B98337910509F033
:1052800028CD86E50E947C5C882311F40C949FB89D
:1052900086EB95E80E94057B0C9494B28C389105BE
:1052A00011F40C9487B654F48B37910511F40C94D7
:1052B00023BA8D37910509F480CD0BCD8E3B910536
:1052C00011F40C94E0B6883C910511F40C9426BAC4
:1052D0008B39910509F0FDCC83E50E947C5C882325
:1052E00061F00E940E5C80936214882311F40C9488
:1052F000A2B683E694E10F942E4283E40E947C5C84
:10530000882311F40C94A6B60E940E5C809361145D
:105310000C9494B2853FF1E09F0711F40C9410C2F5
:105320000CF060C4811531E0930711F40C9492BD28
:105330000CF024C1803D910511F40C94D5BB0CF008
:1053400077C08D3C910511F40C943FBBACF58B3CC0
:10535000910511F40C94B6BA8C3C910509F0B9CCC6
:1053600083E50E947C5C882311F40C940EBB0E94A0
:10537000526160932A0770932B0780932C079093B8
:105380002D0760939E0670939F068093A0069093CE
:10539000A10684E50E947C5C882311F40C9494B2ED
:1053A0000E9452616093A2067093A3068093A406A4
:1053B0009093A5060C9494B28E3C910511F40C9434
:1053C000B8BB8F3C910509F084CC83E50E947C5CDE
:1053D000882351F00E9452616093ED067093EE06AF
:1053E0008093EF069093F00686E40E947C5C88230D
:1053F00061F00E9452610E947C676093F106709395
:10540000F2068093F3069093F4068AE50E947C5C92
:10541000882311F40C9494B20E9452616093F506B3
:105420007093F6068093F7069093F8060C9494B266
:105430008C3D910511F40C943CBC0CF082C0813D74
:10544000910511F40C94F9BB863D910509F041CC0E
:1054500080E50E947C5C882311F40C9428BC0E9497
:1054600052612B013C0183E50E947C5C882311F48E
:105470000C9432BC0E9452614B015C018EE40E948C
:105480007C5CD0903607882329F00E9452610F94EB
:1054900043E0D62E82E50E947C5CE0903707F090D6
:1054A0003807882329F00E9452610F9443E07B0162
:1054B00086E40E947C5C0091390710913A078823AA
:1054C00029F00E9452610F9443E08B0120E030E00C
:1054D000A901C301B2010F94C0DF181614F00C9497
:1054E00094B220E030E0A901C501B4010F94C0DFFF
:1054F00087FF02C00C9494B2A5019401C301B201CC
:105500000F94C0DF87FF02C00C9494B240922E0724
:1055100050922F07609230077092310780923207C5
:1055200090923307A0923407B0923507D092360795
:10553000F0923807E092370710933A070093390743
:10554000F3C7823E910511F40C948DBC803F910508
:1055500009F4EAC78D3D910509F0BBCB83E50E94B4
:105560007C5C882311F40C947BBC0E941B5C9093A0
:105570009502809394020E946E66D6C78E3551E0E4
:10558000950711F40C94BFCB0CF0ECC28E32B1E055
:105590009B0711F40C94F0BD0CF082C08C32F1E04A
:1055A0009F0711F40C94E6BC8D32914009F091CB29
:1055B00080E50E947C5C882351F00E9452616093D8
:1055C000D2067093D3068093D4069093D50689E4CF
:1055D0000E947C5C882381F00E9452612CEA35ECA9
:1055E00047E25EE30F9470D86093D6067093D706B7
:1055F0008093D8069093D90684E40E947C5C88232B
:1056000081F00E9452612CEA35EC47E25EE30F9490
:10561000CADF6093DA067093DB068093DC06909312
:10562000DD060F9417518AE09EE60E94DA788AE838
:1056300097E80E94DA786091D2067091D306809143
:10564000D4069091D50642E00F942FD686E897E8CD
:105650000E94DA782CEA35EC47E25EE36091D606E8
:105660007091D7068091D8069091D9060F94CADF21
:1056700042E00F942FD682E897E80E94DA782CEA6D
:1056800035EC47E25EE36091DA067091DB068091CB
:10569000DC069091DD060F9470D80F94D87644C73D
:1056A000803331E0930711F40C9419BD14F40C9479
:1056B00000BE8633914009F00CCB89E40E947C5CEB
:1056C000882311F40C9433BE0E941B5CAB968FAF01
:1056D000AB9782E50E947C5C882311F40C9439BE60
:1056E0000E945261E2966CAF7DAF8EAF9FAFE297A2
:1056F00080E50E947C5CC12CD12C60ECE62E6FE72B
:10570000F62E882321F00E9452616B017C0185E511
:105710000E947C5C882311F40C9445BE0E94526167
:105720006E966CAF7DAF8EAF9FAF6E9786E50E9491
:105730007C5C882311F40C9451BE0E945261A296A5
:105740006CAF7DAF8EAF9FAFA29783E40E947C5C6D
:10575000882311F40C945DBE0E9452616A966CAF6E
:105760007DAF8EAF9FAF6A9784E40E947C5C8823F4
:1057700011F40C9469BE0E945261AA966CAF7DAF81
:105780008EAF9FAFAA978CE40E947C5C0FEF1FEF57
:10579000882319F00E941B5C8C0183E50E947C5CCD
:1057A000882311F40C9475BE0E941B5CE3968FAFA6
:1057B000E39782E40E947C5C882311F40C947BBE06
:1057C0000E941B5CE7968FAFE79784E50E947C5CA4
:1057D000882311F40C9481BE0E945261A6966CAF8E
:1057E0007DAF8EAF9FAFA69785E40E947C5C412C75
:1057F000512C50EC652E5FE7752E882321F00E9416
:1058000052612B013C0187E50E947C5C812C912C2C
:1058100040ECA42E4FE7B42E882321F00E94526161
:105820004B015C0181E40E947C5C22242A94322C8E
:10583000882319F00E941B5C1C0186E40E947C5C9A
:10584000882311F40C948DBE0E941B5CEB968FAFE5
:10585000EB97E2962CAD3DAD4EAD5FADE297CA0140
:10586000B9010F94D9E2882311F40C9497BEA701D3
:105870009601C701B6010F94D9E2882311F40C9464
:1058800097BE6E962CAD3DAD4EAD5FAD6E97CA0125
:10589000B9010F94D9E2882311F40C9497BEA29613
:1058A0002CAD3DAD4EAD5FADA297CA01B9010F94CD
:1058B000D9E2882311F40C9497BE6A962CAD3DADC5
:1058C0004EAD5FAD6A97CA01B9010F94D9E2882342
:1058D00011F40C9497BEAA962CAD3DAD4EAD5FADC4
:1058E000AA97CA01B9010F94D9E2882311F40C9444
:1058F00097BEA6962CAD3DAD4EAD5FADA697CA0145
:10590000B9010F94D9E2882311F40C9497BEA50134
:105910009401C501B4010F94D9E2882311F40C94C9
:1059200097BEA3019201C301B2010F94D9E288236B
:1059300011F40C9497BEAB96AFADAB97A7FD02C028
:105940000C9497BEE396BFADE397B7FD02C00C94ED
:1059500097BEE796EFADE797E7FD02C00C949CBEBB
:1059600037FC02C00C94E7BE17FF02C00C9493BE34
:10597000CE0101960F94DE47A7019601C701B6013B
:105980000F94D9E2882311F40C948BBF6E962CAD42
:105990003DAD4EAD5FAD6E97CA01B9010F94D9E22E
:1059A00081110EC06E968CAD9DADAEADBFAD6E9744
:1059B0008093B8129093B912A093BA12B093BB120D
:1059C000A2962CAD3DAD4EAD5FADA297CA01B90117
:1059D0000F94D9E281110EC0A2962CAD3DAD4EAD13
:1059E0005FADA2972093BC123093BD124093BE12BC
:1059F0005093BF126A962CAD3DAD4EAD5FAD6A9728
:105A0000CA01B9010F94D9E281111BC020E030E036
:105A1000A9016A966CAD7DAD8EAD9FAD6A970F946E
:105A200054E1181674F46A968CAD9DADAEADBFAD61
:105A30006A978093C0129093C112A093C212B09340
:105A4000C312AA962CAD3DAD4EAD5FADAA97CA016B
:105A5000B9010F94D9E281110EC0AA962CAD3DADCB
:105A60004EAD5FADAA972093C4123093C5124093F8
:105A7000C6125093C71217FD03C0C8010F94C1444A
:105A8000A6962CAD3DAD4EAD5FADA697CA01B9014E
:105A90000F94D9E281110EC0A6968CAD9DADAEAD2E
:105AA000BFADA69780930A1390930B13A0930C138A
:105AB000B0930D13A5019401C501B4010F94D9E26F
:105AC000811111C020E030E0A901C501B4010F949B
:105AD00054E1181644F480920E1390920F13A09282
:105AE0001013B0921113A3019201C301B2010F94DC
:105AF000D9E2811111C020E030E0A901C301B20157
:105B00000F9454E1181644F4409212135092131358
:105B10006092141370921513C0901213D090131347
:105B2000E0901413F0901513A701960160910E13E5
:105B300070910F1380911013909111130F9454E1F1
:105B4000181644F4C0920E13D0920F13E092101363
:105B5000F09211130F944845CE0101960F94D1474E
:105B60000C940DBF8539A1E09A0711F40C9403C27F
:105B70002CF58039E1E09E0711F40C94FFC18339C4
:105B8000914009F0A6C880919413813009F0CCC4EB
:105B900085E40E947C5C81110E940E5C86E40E9478
:105BA0007C5C81110E940E5C0F949B89882309F410
:105BB000BBC460E080E00F949D9FB6C4843A21E0AE
:105BC000920711F40C9408C2843F31E0930711F45A
:105BD0000C940CC28639914009F07BC880E00E9489
:105BE000B375A2C4833C52E0950711F40C943CCDEC
:105BF0000CF0E7C38A35B2E09B0711F40C943AC667
:105C00000CF076C38D3FF1E09F0711F40C9426C28F
:105C10000CF02EC3863F31E0930711F40C9414C2AC
:105C2000873F914009F055C88091CD068F938091B0
:105C3000CC068F938091CB068F938091CA068F9369
:105C40008091C9068F938091C8068F938091C70673
:105C50008F938091C6068F938091C5068F93809114
:105C6000C4068F938091C3068F938091C2068F9351
:105C700002EF19EA1F930F931F930F938091C106B0
:105C80008F938091C0068F938091BF068F938091F0
:105C9000BE068F938091BD068F938091BC068F9333
:105CA0008091BB068F938091BA068F938091B9063D
:105CB0008F938091B8068F938091B7068F938091D0
:105CC000B6068F938091B5068F938091B4068F931B
:105CD0008091B3068F938091B2068F938091B10625
:105CE0008F938091B0068F938091AF068F938091B0
:105CF000AE068F938091AD068F938091AC068F9303
:105D00008091AB068F938091AA068F938091A9060C
:105D10008F938091A8068F938091A7068F9380918F
:105D2000A6068F931F930F931F930F9380912D07B8
:105D30008F9380912C078F9380912B078F93809165
:105D40002A078F938091A5068F938091A4068F9345
:105D50008091A3068F938091A2068F938091A106D4
:105D60008F938091A0068F9380919F068F9380914F
:105D70009E068F931F930F931F930F938091250778
:105D80008F93809124078F93809123078F93809125
:105D900022078F93809121078F93809120078F9303
:105DA00080911F078F9380911E078F9380911D070D
:105DB0008F9380911C078F9380911B078F93809105
:105DC0001A078F93809119078F93809118078F93EB
:105DD000809117078F93809116078F931F930F93CE
:105DE0001F930F9380919D068F9380919C068F93B4
:105DF00080919B068F9380919A068F93809199064C
:105E00008F93809198068F93809197068F938091BE
:105E100096068F93809195068F93809194068F9329
:105E2000809193068F93809192068F938091910633
:105E30008F93809190068F9380918F068F9380919E
:105E40008E068F931F930F931F930F9380911507C7
:105E50008F93809114078F93809113078F93809174
:105E600012078F93809111078F93809110078F9362
:105E700080910F078F9380910E078F9380910D076C
:105E80008F9380910C078F9380910B078F93809154
:105E90000A078F93809109078F93809108078F934A
:105EA000809107078F93809106078F931F930F931D
:105EB0001F930F9380918D068F9380918C068F9303
:105EC00080918B068F9380918A068F9380918906AB
:105ED0008F93809188068F93809187068F9380910E
:105EE00086068F93809185068F93809184068F9389
:105EF000809183068F93809182068F938091810693
:105F00008F93809180068F9380917F068F938091ED
:105F10007E068F931F930F931F930F9380912907F2
:105F20001F928F93809128071F928F93809127074C
:105F30001F928F93809126071F928F931F930F9329
:105F40001F930F9380917D068F9380917C068F9392
:105F500080917B068F9380917A068F93809179064A
:105F60008F93809178068F93809177068F9380919D
:105F700076068F93809175068F93809174068F9328
:105F8000809173068F93809172068F938091710632
:105F90008F93809170068F9380916F068F9380917D
:105FA0006E068F931F930F931F930F9389EF91E8C2
:105FB0009F938F930F9465DC0FB6F894DEBF0FBEEE
:105FC000CDBF2CEA35EC47E25EE36091DA067091D2
:105FD000DB068091DC069091DD060F9470D89F93CC
:105FE0008F937F936F932CEA35EC47E25EE36091E9
:105FF000D6067091D7068091D8069091D9060F9455
:10600000CADF9F938F937F936F938091D5068F9371
:106010008091D4068F938091D3068F938091D2067E
:106020008F931F930F931F930F938CEC91E89F9383
:106030008F930F9465DC2CEA35EC47E25EE36091C8
:10604000E6067091E7068091E8069091E9060F94C4
:1060500070D89F938F937F936F932CEA35EC47E230
:106060005EE36091E2067091E3068091E406909110
:10607000E5060F94CADF9F938F937F936F93809170
:10608000E1068F938091E0068F938091DF068F93D6
:106090008091DE068F931F930F931F930F9387E9D1
:1060A00091E89F938F930F9465DC0FB6F894DEBF51
:1060B0000FBECDBF8091EC061F928F931F930F935D
:1060C0001F930F9320E030E040E752E46091FD061B
:1060D0007091FE068091FF06909100070F9470D892
:1060E0009F938F937F936F938091FC068F93809102
:1060F000FB068F938091FA068F938091F9068F9318
:106100001F930F931F930F938091F8068F938091A5
:10611000F7068F938091F6068F938091F5068F9303
:1061200020E030E040E752E46091F1067091F20621
:106130008091F3069091F4060F9470D89F938F93FB
:106140007F936F938091F0068F938091EF068F93EA
:106150008091EE068F938091ED068F931F930F939E
:106160001F930F9386E990E89F938F930F9465DCBC
:106170000FB6F894DEBF0FBECDBF80910107882314
:1061800011F40C9418C2809105078F938091040735
:106190008F93809103078F93809102078F931F93B2
:1061A0000F931F930F9380E790E89F938F930F9423
:1061B00065DC0FB6F894DEBF0FBECDBF80913A0705
:1061C0008F93809139078F93809138078F938091B7
:1061D00037078F93809136071F928F9380913507F1
:1061E0008F93809134078F93809133078F938091A1
:1061F00032078F93809131078F93809130078F936F
:1062000080912F078F9380912E078F9302EF19EAC9
:106210001F930F931F930F938FEC9FE79F938F9381
:106220000F9465DC0F9400448DEE9FE00F94ABDD7E
:10623000F62EE72ED82EC92E81EF9FE00F94ABDD0E
:10624000CF92DF92EF92FF929F938F937F936F9302
:106250001F930F931F930F938EEA9FE79F938F9344
:106260000F9465DC0FB6F894DEBF0FBECDBF5CC1E6
:10627000883552E0950711F40C9432C214F00C9456
:10628000DDA68832924011F00C9469A680E50E9448
:106290007C5C882309F448C1109257061092580676
:1062A0001092590610925A0607E516E03BE5E32ED8
:1062B00036E0F32E4AE2D42EE0919303F09194035A
:1062C000D0820E941B5CD8018D938D01EA16FB06DB
:1062D00009F42AC18EE20E947C5C8111EDCF1092FC
:1062E0005706109258061092590610925A061CC171
:1062F0008E3BE2E09E0711F40C94FCCC0CF04EC0F7
:106300008B3522E0920711F40C9442C68D3B9240EB
:1063100011F00C9469A680919413813011F40C94BF
:106320009DCC1FEF8CE40E947C5CC12CD12C64E0DE
:10633000E62E62E4F62E882321F00E9452616B0162
:106340007C018AE50E947C5C882311F40C94AECC1D
:106350000E9452619F770E94966E4B015C018AE514
:106360000E947C5C082F10928617109285178091EE
:106370009413813011F00C94B3CC153018F4812FA4
:106380000F94381D1092A30384E897E10E9483754F
:10639000C501B40190580E94966EC6C0813C42E08F
:1063A000940711F40C9430CD14F00C9436CD803C4D
:1063B000924011F00C9469A680EC92E00E94046176
:1063C000B3C08438B3E09B0711F40C94ECC90CF013
:1063D00099C08235F3E09F0711F40C9448C69CF5F0
:1063E000843C32E0930711F40C9459CD853C9240E3
:1063F00011F00C9469A683E50E947C5C882351F01F
:106400000E940E5C882311F40C9485CD813011F428
:106410000C9492CD80919413813091F488E50E9480
:106420007C5C882369F00E940E5C813011F40C942E
:10643000A0CD10F40C949BCD8A3211F40C94A4CD11
:106440000F944C7871C08D3553E0950711F40C947E
:10645000BEC78E35A3E09A0711F40C9456C88C354C
:10646000934011F00C9469A683E50E947C5C88231C
:1064700009F45AC00E941B5C8C0189E999E30E94CF
:1064800060730F94600D89EC96E80E94DA78C80179
:106490000F945E780F948B3F4B015C011092620E5B
:1064A0008091690E90916A0E892B41F4FF24F39438
:1064B0008091670E9091680E892B09F0F12C2801CC
:1064C000012E000C66087708F1100C947EC78091AD
:1064D000620E811112C0C301B2010F9431D8209114
:1064E00095033091960340919703509198030F9430
:1064F00054E1181614F40C9490C78AE09EE60F94A9
:10650000600D12C08139E3E09E0711F40C941FCB9B
:106510008CF48B3823E0920711F40C949BCA8C38CE
:10652000934011F00C9469A61092580E1092570ED9
:106530000C94E597843943E0940714F40C946ECBE3
:10654000803A934011F00C9469A680919303909146
:10655000940321E02093691405960F946187E4CF9A
:1065600000919303109194030E5F1F4F80E50E94EA
:106570007C5CC12CD12C7601882321F00E94285C00
:106580006B017C0183E50E947C5C882351F00E94B2
:10659000285C9B01AC01A8EEB3E00F9438DE6B01E0
:1065A0007C01C8010F5F1F4FDC014C914032C9F3E1
:1065B00026E020937107C114D104E104F104A1F590
:1065C0002C91222389F10F94CC160F942C59809191
:1065D000CE0384608093CE0384E893E00F942E4230
:1065E000C114D104E104F10479F10F948B3FC60E7C
:1065F000D71EE81EF91E84E0809396020F948B3F0D
:106600006C157D058E059F05B0F082E080939602A3
:106610008091CE038B7F8093CE0380916A14882370
:1066200031F11092710780CF82EB99E30E94607381
:106630000F94600DCACF0E94B1718111E6CF90E036
:1066400080E00E943E94DACF1091960284E080931D
:1066500096020E94AC710E94B171811105C090E058
:1066600080E00E943E94F7CF10939602D1CF8AE645
:1066700090E70F94600D58CF87EA99E30E9460730A
:106680000F94600D17981698159814984DCF81E0C7
:106690000F94BD8249CF10926A1410926B1482EF4E
:1066A00099EA0E94DA7889EC9BE60E94057B3CCF50
:1066B0000E943A68882319F00F94A01635CF0F94E2
:1066C000F517882309F430CF8091FD16882361F0F7
:1066D00080917E1790917F17A0918017B0918117BC
:1066E000892B8A2B8B2B69F40E94CA5C1092800341
:1066F00010928103109282031092830380E00E9423
:10670000F98880916B14882331F081E080936A14BA
:1067100085E08093630E0F94D1588091941381305B
:1067200009F002CF80916A13882309F4FDCE0E94FC
:1067300032E68111F9CE0F9468A0F6CE80916B14E9
:10674000882309F4F1CE83E50E947C5C882309F458
:10675000EBCE0E94285C6B017C01C0927E17D09228
:106760007F17E0928017F09281170F940579C092FD
:106770008003D0928103E0928203F0928303D4CE0F
:1067800080E50E947C5C182F0E943A68882391F073
:106790008091560E882349F080916A02811105C0CC
:1067A0008FEF95E80E94057BBFCE83EF95E80E94AE
:1067B000057BBACE80916A14882309F44AC011235C
:1067C000E1F10F948A7D0F94A5D683E598E60E94A7
:1067D000DA7860917E1770917F1780918017909181
:1067E00081174AE00F9492D28FE20E94C1786091A3
:1067F0007717709178178091791790917A174AE0FE
:106800000F9492D20F94A5D60F94E7542CE330E066
:1068100040E050E00F9416DEC9016CE370E00F9485
:106820006CDE8C0190E080E00F94F7D28AE30E9446
:10683000C178C8010F945E7877CE80918114882347
:1068400029F081E894E10F94A8D6BFCF8CE694E1BB
:10685000FACF83EE95E80E94057B66CE8091930384
:106860009091940304960F9461875ECECE010196B9
:106870000F94E679882311F40C94B1A761E0CE015E
:1068800001960F9478A4009711F40C94B1A725EE0B
:10689000FC0120831C820F94A06B182F0C94B2A7CC
:1068A0008DEB95E80E94DA7823968EAD9FAD239705
:1068B0000E94F68E8EE20E94C1780F94A5D634CE47
:1068C0000F94E7542CE330E040E050E00F9416DEE4
:1068D0007F936F933F932F938EE998E89F938F93C5
:1068E0008E010F5F1F4F1F930F930F94BADC82EF3F
:1068F00099EA0E94DA78C8010F94A8D6C8010F94CB
:10690000CC160FB6F894DEBF0FBECDBF0DCE83E51B
:106910000E947C5C882309F407CE0E940E5C082F3D
:1069200080E50E947C5C1DE0882319F00E940E5CCB
:10693000182FE2E8F8E88EE998E82491211709F485
:10694000F3CD31968E179F07C1F7163081F400936F
:10695000DF0361E0812F0E94D9E0602F812F0E9428
:10696000ABE0602F70E0812F0E940AE1DDCD17FDC2
:10697000DBCDEFCF80E10E9487E881EA9DE00F94B4
:10698000A3DD3BE0839FC001112470E060E0805BE9
:10699000924F0F94E5DD82E00E9487E80F94E1CBEF
:1069A0000F94C2CBC1CD8AE50E947C5C0E94E9E8CD
:1069B000BBCD8091DB16882319F1CE0101960F948F
:1069C000C9878823C1F089810E94C1788EE20E9424
:1069D000C1788A810E94C1788EE20E94C1788B8141
:1069E0000E94C1788EE20E94C1788C810E94C17899
:1069F0000F94A5D699CD82E698E80E94DA7894CDD6
:106A00008EE598E80E94057B8FCD1092630E8CCDA9
:106A10008091630E1F928F938AEB99E69F938F93D9
:106A20000F9465DC0F900F900F900F907DCD80E557
:106A30000E947C5C882321F00E940E5C8093860279
:106A400082E50E947C5C882341F00E9452610F9491
:106A500043E070938A026093890281E50E947C5C26
:106A6000882321F00E940E5C8093850283E50E94BA
:106A70007C5C882341F00E9452610F9443E0709344
:106A80008E0260938D0283E40E947C5C8823A9F0CF
:106A90000E9452616B017C0120E030E0A9010F945B
:106AA000C0DF6FEF7FEF181624F4C701B6010F9413
:106AB00043E0709388026093870284E40E947C5CC8
:106AC0008823A9F00E9452616B017C0120E030E034
:106AD000A9010F94C0DF6FEF7FEF181624F4C701F0
:106AE000B6010F9443E070938C0260938B02809107
:106AF00088028F93809187028F9380918A028F936F
:106B0000809189028F9380918602282F082E000C95
:106B1000330B3F938F9380E699E69F938F9307E61D
:106B200019E61F930F930F9465DC80918C028F936D
:106B300080918B028F9380918E028F9380918D0232
:106B40008F9380918502282F082E000C330B3F93E2
:106B50008F9389E599E69F938F931F930F930F94DB
:106B600065DC0FB6F894DEBF0FBECDBFDDCC8091E3
:106B70009903813009F0D8CC82E0809399030F9477
:106B80008B3F60934B0670934C0680934D06909319
:106B90004E06CACC0F94F5580E94D466C5CC0E940C
:106BA00045688823C1F160915E0670915F0680910F
:106BB00060069091610628EE33E040E050E00F94CB
:106BC00016DE122F032FF42EE52E0F94E7542CE33C
:106BD00030E040E050E00F9416DEB901CA0146E70C
:106BE0005CE426E63CE49F938F937F936F935F93DF
:106BF0004F93EF92FF920F931F933F932F9383E452
:106C000099E69F938F930F9465DC0FB6F894DEBFDF
:106C10000FBECDBF89CC83E50E947C5C882351F0F8
:106C20000E9452610F9443E0AB01BC0181EF9FE0F1
:106C30000F94D9DD84E50E947C5C882351F00E948A
:106C400052610F9443E0AB01BC018DEE9FE00F94C5
:106C5000D9DD81EF9FE00F94ABDD162F072FF82EC3
:106C6000E92E8DEE9FE00F94ABDD43E55CE422E47A
:106C70003CE4B9CF8AE993E00F942E4283E50E9469
:106C80007C5C882309F162E270E08091930390912B
:106C900094030F94FAE38C01892BB1F00F5F1F4F1F
:106CA00062E270E0C8010F94FAE3892B69F0E5E431
:106CB000F6E083E0DF011D928A95E9F742E050E0BB
:106CC000B801CF010F9423E48CE89FE00F94A3DD7B
:106CD000813009F029CC0E943068882309F424CC43
:106CE0000E943A68882309F41FCC8091EC04882321
:106CF00029F081E299E60E94057B16CC84E099E6B2
:106D00000E94057B11CC87EE98E60E94947B83E578
:106D10000E947C5C882309F407CC0E9452610F9486
:106D20003CE07093680E6093670EFECB8AE598E8AE
:106D30000E94DA780E944C7A0E94467881E0809323
:106D40007C10F2CB109263140C947DA981E08093A7
:106D50006114EACB82E50E947C5C81110C9409A944
:106D60000F948B3F6B017C016091690E70916A0EEC
:106D7000072E000C880B990B0F9431D811E020914D
:106D80005D0E30915E0E40915F0E5091600E0F943B
:106D900054E118160CF010E010935C0EC701B60118
:106DA0000F94DC838EEC99E40E9460730F94600D65
:106DB00082E08093DB0384E893E00F942E42B4CB0F
:106DC00080EC99E40E9460730F94600D83E08093DF
:106DD000DB0383E50E947C5C182F882349F00E9426
:106DE00052610F943CE07093680E6093670E05C08B
:106DF00082E50E947C5C8111F2CF0F948B3F6B0186
:106E00007C011092620E6091670E7091680E072EE1
:106E1000000C880B990B0F9431D801E02091ED0400
:106E20003091EE044091EF045091F0040F9454E13E
:106E300018160CF000E000935C0E8091620E811138
:106E40001AC06091670E7091680E072E000C880BB7
:106E5000990B0F9431D82091ED043091EE044091BC
:106E6000EF045091F004E0915C0EEE2391F00F944A
:106E700054E11816A4F085EB99E40E9460730F9416
:106E8000600D84E08093DB0384E893E00F942E424E
:106E90004BCB0F94C0DF87FFEECF1111ECCF809169
:106EA000610E823041F30F948B3F6C197D098E097E
:106EB0009F09693E73408105910530F00E94E87892
:106EC0000F948B3F6B017C010F94A04E80E00E94D9
:106ED000999180E00E945B6FB0CF83E50E947C5C5B
:106EE000882329F00E940E5C8093DF031DCB8FEF77
:106EF0008093DF0319CB1092DF0316CB8091DD0363
:106F000088608093DD0310CB83E50E947C5C88233E
:106F100099F00E94526120E030E04AE754E40F9477
:106F200070D80F9443E060933402709335028093DD
:106F3000360290933702F8CA88E50E947C5C882369
:106F4000D1F00F942C5988E50E947C5C811128C0F7
:106F500089E50E947C5C882319F0169A10923D07FF
:106F60008AE50E947C5C85E40E947C5C882309F4AD
:106F7000DBCA149AD9CA89E50E947C5C8111E1CFF1
:106F80008AE50E947C5C8111DCCF85E40E947C5CF8
:106F90008111D7CF0F942C59149A0E944A89C4CAE0
:106FA000179A10923C07D4CF83E50E947C5C88231B
:106FB00009F4BACA0E94526120E030E04AE754E482
:106FC0000F9470D80F9443E06093300270933102B5
:106FD000809332029093330287ED95E00F942E4216
:106FE000A3CA4DEDC42E42E0D42E5AE6E52E56E05B
:106FF000F52E10E0F60181916F010E947C5C8823E0
:1070000009F465C00E9452612B013C01133009F064
:1070100068C020E030E040EA51E40F94C0DF87FF11
:107020004EC0A301920160917A0670917B06809117
:107030007C0690917D060F94CADF4B015C01AC0188
:107040009B016091BE067091BF068091C006909131
:10705000C1060F9470D86093BE067093BF068093EC
:10706000C0069093C1062090990230909A02A50123
:107070009401D1011C966D917D918D919C911F97EA
:107080000F9470D8F1016487758786879787609120
:10709000F8177091F9178091FA179091FB170F94D8
:1070A0002FD8A50194010F9470D80F9443E06093FA
:1070B000F8177093F9178093FA179093FB17409283
:1070C0007A0650927B0660927C0670927D06B4E050
:1070D000EB0EF11C1F5F143009F08CCF0F9480AAC7
:1070E00023CAD70114964D925D926D927C921797A8
:1070F000EECF8EE40E947C5C882309F415CA0E94BE
:10710000285C609378037093790380937A0390935B
:107110007B030ACA82EF99EA0E94DA78C0902F02B4
:10712000D12CF12CE12C83E598E80E94DA784AE032
:10713000C701B6010F9492D20F94A5D6F5C985E583
:107140000E947C5C882309F45AC00091930310913B
:1071500094030F5F1F4F1093940300939303809148
:10716000E804882309F4E0C9BE016F5F7F4FC801BE
:107170000E94CEFA882309F4D7C982E89FE8DE018D
:107180001196BE01675F7F4FFC01459154912D918F
:107190003D914217530710F40C9457CF241735072D
:1071A00008F4C2C90296A617B70771F7BDC983E4F0
:1071B00099E30E946073AC0163E080E00E94A86FD5
:1071C00040E068EE73E082E390E00F94A16A84EF00
:1071D00091E00E943E9440E068EE73E082E390E02C
:1071E0000F94A16A8EE190E00F94735081E00E94A9
:1071F000D96F0E94C76F80E00E945B6F95C941E123
:1072000050E060E87CE0CE0101960F9493DD85E3C9
:1072100098E80E94DA7886EB95E80E94DA7883E3B2
:1072200098E80E94DA788EE298E80E94DA788CE298
:1072300098E80E94DA7882E298E80E94DA7888EC8E
:1072400097E80E94DA7884EC97E80E94DA7885EB78
:1072500097E80E94DA78CE0101960E94F68E83EAC2
:1072600097E80E94DA7882EA97E80E94057B1F92ED
:1072700031E3F32EFF9285EA95E89F938F930EE515
:1072800015E81F930F930F9465DC1F92FF9285E919
:1072900095E89F938F931F930F930F9465DC1F9234
:1072A000FF9281E895E89F938F931F930F930F941C
:1072B00065DC1F92FF9284E795E89F938F931F935D
:1072C0000F930F9465DC1F92FF9289E695E89F93D8
:1072D0008F931F930F930F9465DC0FB6F894DEBF66
:1072E0000FBECDBF21C90E94D1791EC9E091930381
:1072F000F0919403CF0104962481203209F4019681
:107300000F94CC1687E0809371070EC90091930308
:10731000109194030B5F1F4F83E0F12C40E08150EC
:10732000E9F0D8019C91292F2B7F2134B9F41196D3
:107330002C91213399F4913471F0953409F441E0A2
:1073400098012E5F3F4F89012F5F3F4FF8019081D9
:107350009032C9F3E4CFFF24F394F2CF442321F019
:1073600082EF99EA0E94DA78FF2021F08FE997E80E
:107370000E94DA78C8010F94A8D6D6C88EEC98E699
:107380000E94DA780F94A5D686EC98E60E94DA7807
:107390001E9947C081EC98E60E94DA780F94A5D632
:1073A0008FEA98E60E94DA788091060182FD3CC05F
:1073B00081EC98E60E94DA780F94A5D687EA98E6E1
:1073C0000E94DA781D9933C081EC98E60E94DA7841
:1073D0000F94A5D68FE998E60E94DA78809106018D
:1073E00087FD28C081EC98E60E94DA780F94A5D634
:1073F00087E998E60E94DA781C991FC081EC98E62C
:107400000E94DA780F94A5D68FE898E60E94DA7881
:10741000019B16C081EC98E60E94DA780F94A5D6FD
:1074200083C887EB98E6B8CF87EB98E6C3CF87EBA6
:1074300098E6CCCF87EB98E6D7CF87EB98E6E0CFFE
:1074400087EB98E6E9CF0E9439676EC884E50E9411
:107450007C5C882369F00E940E5C882349F082EFEF
:1074600099EA0E94DA7888E798E60E94F68E5CC86E
:1074700084E40E947C5C882309F456C80E9452610F
:1074800020E030E0A9010F94C0DF811105C0109207
:1074900001070E946E6648C80E9452616B017C0120
:1074A00020E030E0A9010F94C0DF811106C0C12C9B
:1074B000D12C20EEE22E2FE3F22EC0920207D092C2
:1074C0000307E0920407F092050781E0809301072B
:1074D000E0CF8DEDC82E82E0D82E9AE6E92E96E018
:1074E000F92E10E0D6018D916D010E947C5C8823FD
:1074F00041F10E9452610F9443E012304CF5653C1B
:10750000B9E07B078105910540F5562F472F382FAD
:10751000292F613CE3E07E078105910520F050ECC6
:1075200043E030E020E0D70194966D937D938D93F6
:107530009C939797F701E455FF4F50834183328323
:107540002383B4E0EB0EF11C1F5F143059F6C6CD57
:10755000562F472F382F292FE6CF50EC43E030E04D
:1075600020E064EC79E080E090E0DDCF1DEDA12E1D
:1075700012E0B12E0AE6C02E06E0D02E912CF501C5
:1075800081915F010E947C5C882371F10E945261AD
:107590007B018C01F1E0F915B8F120E030E048E41E
:1075A00053E40F9454E1181644F15E2C6F2C702EA6
:1075B000812E20E030E048EC52E4B701C8010F947E
:1075C00054E1181634F1852D962DA72DB82DF6010E
:1075D000848B958BA68BB78BC701D801E456FF4FE0
:1075E00080839183A283B3839394F4E0CF0ED11C64
:1075F00024E09212C4CF0C9494B2512C612CA8E4D4
:107600007A2EB3E48B2ED5CF562E6F2C782E812E6A
:10761000DACFE12CF12C08EC12E4D5CF80E50E9402
:107620007C5C882351F00E94526160939E067093A7
:107630009F068093A0069093A10682E50E947C5C41
:10764000882351F00E9452616093A2067093A306B2
:107650008093A4069093A50684E50E947C5C882311
:1076600011F40C9494B20E94526160932A077093B3
:107670002B0780932C0790932D070C9494B283E5ED
:107680000E947C5C882351F00E9452616093A606A0
:107690007093A7068093A8069093A90684E50E949C
:1076A0007C5C882351F00E9452616093AA0670931B
:1076B000AB068093AC069093AD0682E40E947C5C9E
:1076C000882361F00E9452610F9443E06093AE06FC
:1076D0007093AF068093B0069093B10688E50E9440
:1076E0007C5C882391F00E9452616093B60670938F
:1076F000B7068093B8069093B9066093B20670936C
:10770000B3068093B4069093B50689E50E947C5C2D
:10771000882351F00E9452616093B6067093B706B9
:107720008093B8069093B9068AE50E947C5C882312
:1077300051F00E9452616093BA067093BB06809329
:10774000BC069093BD0685E40E947C5C882311F4FE
:107750000C9494B20E9452610E9494886093BE0679
:107760007093BF068093C0069093C1060C9494B2A8
:107770000DED12E0F2ECEF2EF6E0FF2ED8018D9128
:107780008D010E947C5C882339F00E945261F701D0
:107790006083718382839383F4E0EF0EF11C22E017
:1077A000003E120759F70C9494B283E50E947C5C6A
:1077B000882351F00E9452616093F9067093FA0693
:1077C0008093FB069093FC0686E40E947C5C8823F1
:1077D00011F40C9494B20E9452610E947C676093F1
:1077E000FD067093FE068093FF06909300070C94AD
:1077F00094B283E50E947C5C882311F40C9494B2CB
:107800000E940E5C8823C1F08130E1F082EF99EA9A
:107810000E94DA7885E698E60E94DA7880916C1208
:1078200090916D128E579F4E0E94F68E8AE997E8CE
:107830000E94057B0C9494B21092EC0610923B07C8
:107840000C9494B28093EC0610923B070C9494B283
:1078500040902E0750902F076090300770903107AE
:107860000C9433AA8090320790903307A09034078D
:10787000B09035070C943EAA82E40E947C5C182FDD
:10788000882341F08091390290913A0290932E0220
:1078900080932D0283E50E947C5C082F882339F0B9
:1078A0000E941B5C90933A0280933902102F82E56C
:1078B0000E947C5C882351F080912D0290912E02D1
:1078C00090933A02809339020C9494B211110C9463
:1078D00094B280913A028F93809139028F9384E918
:1078E00097E89F938F930F9465DC0F900F900F9004
:1078F0000F900C9494B2809195028F938091940292
:107900008F938EE897E89F938F930F9465DC0F9089
:107910000F900F900F900C9494B280E50E947C5CC5
:10792000882311F40C9494B20E941B5C7C0183E5C3
:107930000E947C5C0FEF1FEF882319F00E941B5CF4
:107940008C01C8010196039710F00C9494B2E2E800
:10795000F8E88491082E000C990BE816F90611F44A
:107960000C9494B2319638E8EE39F30791F7F7FEAC
:1079700002C00C9494B20F942C59DE2C60E08E2D32
:107980000E94D9E00F3F1007B1F00130110511F04E
:1079900010E000E08D2D0E9482E08017910711F425
:1079A0000C9494B20F94A04E80E00E94999180E0D4
:1079B0000E945B6FEFCF8E2D0E9482E031E020E0CD
:1079C000892B09F030E0032F122FE4CF80E50E94CD
:1079D0007C5C08EE13E0882389F00E94526120E06D
:1079E00030EC4AE555E40F94C0DF0CEA1DE087FF58
:1079F00005C00E9452610F9443E08B0183E50E9411
:107A00007C5C882371F00E9452610F9443E0611501
:107A1000710549F4B80190E080E00F94923D0C9418
:107A200094B270E060E040E0C8010F94A16A0C9449
:107A300094B280E50E947C5C882351F00E945261E0
:107A40006093DE067093DF068093E0069093E10674
:107A500089E40E947C5C882381F00E9452612CEAB8
:107A600035EC47E25EE30F9470D86093E2067093C2
:107A7000E3068093E4069093E50684E40E947C5C30
:107A8000882381F00E9452612CEA35EC47E25EE3E4
:107A90000F94CADF6093E6067093E7068093E806CA
:107AA0009093E9060F9417518AE09EE60E94DA78D7
:107AB0008EE797E80E94DA786091DE067091DF0623
:107AC0008091E0069091E10642E00F942FD68AE77C
:107AD00097E80E94DA782CEA35EC47E25EE36091A1
:107AE000E2067091E3068091E4069091E5060F941A
:107AF000CADF42E00F942FD686E797E80E94DA7833
:107B00002CEA35EC47E25EE36091E6067091E70609
:107B10008091E8069091E9060F9470D80F94D8767A
:107B20000C9494B28091FA03882311F40C9494B2CB
:107B300082E40E947C5C882321F00E940E5C80938A
:107B4000F90384E40E947C5C882321F00E940E5C8F
:107B50008093F80383E50E947C5C882331F00E94C7
:107B60000E5C833010F480934F0284E50E947C5CAD
:107B7000882379F00E941B5C0F9764F10E941B5CC4
:107B80008538934054F50E941B5C90934E0280937D
:107B90004D0280914E028F9380914D028F93809180
:107BA0004F021F928F938091F8031F928F938091C1
:107BB000F9031F928F9380E697E89F938F930F941A
:107BC00065DC0E9419910FB6F894DEBF0FBECDBFE1
:107BD0000C9494B28FE090E0D8CF84E893E0D5CFB6
:107BE00083E50E947C5C882341F00E941B5C90939B
:107BF0006C0280936B020C9494B290E080E0F7CF1B
:107C000085E40E947C5C10E000E0882359F00E942B
:107C10001B5C8C01C12CD12C7CE8E72E72E4F72E82
:107C200097FD06C0C12CD12CE6E1EE2EE3E4FE2E3A
:107C300083E50E947C5C882321F00E9452616B01E5
:107C40007C0183E40E947C5C882351F00E941B5CD1
:107C50009C01A801C701B6010F9444510C9494B241
:107C600085E090E0F5CF9FEFAB969FAFAB970C947C
:107C700069AB20E030E040EC5FE7E2962CAF3DAF2F
:107C80004EAF5FAFE2970C9478AB80E090E0A0EC51
:107C9000BFE76E968CAF9DAFAEAFBFAF6E970C9443
:107CA00096AB20E030E040EC5FE7A2962CAF3DAF12
:107CB0004EAF5FAFA2970C94A5AB80E090E0A0EC34
:107CC000BFE76A968CAF9DAFAEAFBFAF6A970C941B
:107CD000B4AB20E030E040EC5FE7AA962CAF3DAFBC
:107CE0004EAF5FAFAA970C94C3AB3FEFE3963FAFA5
:107CF000E3970C94D9AB4FEFE7964FAFE7970C940F
:107D0000E5AB80E090E0A0ECBFE7A6968CAF9DAF1E
:107D1000AEAFBFAFA6970C94F4AB9FEFEB969FAFBF
:107D2000EB970C9429AC0F9400440C9494B2E79612
:107D3000FFADE797F7FD09C081E0E7962FADE79724
:107D4000211101C080E080933D02A7019601C70187
:107D5000B6010F94D9E2882311F40C94B8AC6E9656
:107D60002CAD3DAD4EAD5FAD6E97CA01B9010F941C
:107D7000D9E2882311F40C94B8ACA2962CAD3DAD99
:107D80004EAD5FADA297CA01B9010F94D9E2882325
:107D900011F40C94B8AC6A962CAD3DAD4EAD5FAD10
:107DA0006A97CA01B9010F94D9E2882311F40C949F
:107DB000B8ACAA962CAD3DAD4EAD5FADAA97CA0149
:107DC000B9010F94D9E2882311F40C94B8AC17FDD3
:107DD00002C00C9478CFA6962CAD3DAD4EAD5FADF4
:107DE000A697CA01B9010F94D9E2882311F40C9423
:107DF000B8ACA5019401C501B4010F94D9E2882360
:107E000011F40C94B8ACA3019201C301B2010F9418
:107E1000D9E2882311F40C94B8ACAB969FADAB9724
:107E200097FD3BC0E2962CAD3DAD4EAD5FADE29708
:107E3000CA01B9010F94D9E281112FC0AB96AFAD41
:107E4000AB97A03154F520E030E0A901E2966CAD8B
:107E50007DAD8EAD9FADE2970F94C0DF1816ECF4A8
:107E6000CE0101960F94DE47AB96BFADAB9724E0F1
:107E7000B202F0011124E653FD4EE2968CAD9DADA9
:107E8000AEADBFADE29780839183A283B3830F949D
:107E90004845CE0101960F94D147E3969FADE397F5
:107EA00097FD06C081E0911101C080E00F948148E8
:107EB00037FE02C00C9494B211E0EB96AFADEB9795
:107EC0001A160CF010E081E080933C028091520E73
:107ED0009091530E891B8F7041F48091610E853013
:107EE00079F10E949668882359F18CE495E89F9374
:107EF0008F93E1E0F0E0EC0FFD1FFF93EF930F9401
:107F0000BADCCE0101960F944F0D0F900F900F9099
:107F10000F900C9494B220E030E0A901C701B601A3
:107F20000F9454E1181614F00C94C6ACC092B4121D
:107F3000D092B512E092B612F092B7120C94C6AC81
:107F400083E0809396028091CE0382608093CE037B
:107F50000F9453272091C0123091C1124091C21248
:107F60005091C3126E962CAF3DAF4EAF5FAF6E9780
:107F700080E4EAECF2E1DE01119601900D928A951F
:107F8000E1F730911C0567963FAF6797812F0F94FB
:107F9000A34886E395E80E94057B2114310419F477
:107FA00026EE222E312C80E00F94F64382E0482EFC
:107FB000512C9AE1692E95E8792EAE014F5B5F4F07
:107FC0004A0112E310926A0E1092690E20E030E02E
:107FD00048E452E460915D0E70915E0E80915F0EF8
:107FE0009091600E0F9454E187FD58C01F921F932B
:107FF00080E095E89F938F939F928F920F94BADCC5
:10800000C4010F944F0D0091DF038FEF0F94F643DF
:108010000F900F900F900F900F900F90C0905D0EEB
:10802000D0905E0EE0905F0EF090600E20E030E0A9
:1080300048E452E4C701B6010F9454E187FD27C01C
:1080400080911A05811123C020914F06309150066E
:10805000409151065091520660910A1370910B1392
:1080600080910C1390910D130F94CBDE20E030E043
:1080700040EA50E40F94CBDE9B01AC01C701B6018E
:108080000F94C0DF87FD03C00F94C850C7CF802F67
:108090000F94F64380E197E20F94F5507F926F9230
:1080A000E2EFF4E8FF93EF939F928F920F94BADC84
:1080B000C4010F944F0D30926A0E2092690E0F94F6
:1080C000091E5C0180911A050F900F900F900F9080
:1080D0000F900F9081117AC0A114B10409F476C0F9
:1080E0006091CA127091CB128091CC129091CD12F6
:1080F0009B01AC010F94D9E2882361F080E090E00D
:10810000A8E4B2E48093CA129093CB12A093CC124D
:10811000B093CD12C0904F06D0905006E09051061B
:10812000F090520600E020E030E040EA51E460ECDC
:1081300072E1C5010E94ABDE9B01AC010F94D9E254
:10814000811144C00F94D3504A94452809F485C046
:1081500080E395E70F94F5503F922F927F926F92B4
:1081600045EE54E85F934F939F928F920F94BADC41
:10817000C4010F944F0D0F94091E20911A050FB6DC
:10818000F894DEBF0FBECDBF211120C00097F1F0E3
:10819000C0904F06D0905006E0905106F0905206E5
:1081A00020E030E048E452E46AEC72E10E94ABDE89
:1081B000B3E16B2EB5E87B2E44244394512C9B01F4
:1081C000AC010F94D9E2882309F4FCCE81E08093BE
:1081D0003C020F94574580913C02882309F4FDC06E
:1081E00082E295E89F938F939F928F920F94BADCCF
:1081F000C4010F944F0D80911A050F900F900F90AE
:108200000F90882319F08FEF0F94F6430F940044DA
:108210006E962CAD3DAD4EAD5FAD6E972093C01206
:108220003093C1124093C2125093C31280E4FE01F6
:108230003196AAECB2E101900D928A95E1F767962A
:108240008FAD67970F9481480E94AC718091CE03E7
:108250008D7F8093CE030C9494B28FEF0F94F643EE
:1082600080E395E70F94F550E6E06E2EE3E17E2E75
:108270001FEFFFE0AF2EB12C212C312CA0EC4A2EA9
:10828000AFE75A2EF3012082318242825382812F3E
:108290000F94F64380E197E20F94F550BF92AF92AE
:1082A00021ED34E83F932F939F928F920F94BADC85
:1082B000C4010F944F0D0F94091E20911A050F90C1
:1082C0000F900F900F900F900F9021117FCF00977C
:1082D00009F47CCFC0904F06D0905006E090510634
:1082E000F09052062091CA123091CB124091CC12DC
:1082F0005091CD120A2DB3010E94ABDE9B01AC015F
:108300000F94D9E2811162CF54E0A51AB10880E13F
:10831000681A710810549FEFA916B90609F0B2CF78
:1083200062E0E62E63E1F62E0EE010E07FE0372EED
:108330008FE090E0801B910B83709927892B59F473
:10834000302E01501109F4E0EF1AF1080115110562
:1083500079F780E03CCF8CEF830D87FD80E0082E1D
:10836000000C990BFC01EE0FFF1FEE0FFF1FE653F1
:10837000FD4E4080518062807380B801681B790B8C
:10838000072E000C880B990B0F9431D820E030E0B9
:1083900040E85EE30F9470D85B016C01A32DB4E05C
:1083A000AB02F0011124E653FD4EA301920160815E
:1083B0007181828193810F94CADE9B01AC01C60159
:1083C000B5010F9470D8A30192010F94CBDEF70191
:1083D0006083718382839383B4CF88E00E94DCE85A
:1083E0008AE690E70F94600D80E00F94F64367965D
:1083F0008FAD67970F9481480F94004425CF0F9459
:108400002C590C9494B281E00E94B3750C9494B2F0
:108410000E949D860C9494B20E9486890C9494B21A
:108420000E9458950C9494B20E946E890C9494B258
:108430001F930F9381E590E89F938F930F9465DCD2
:108440000F900F900F900F900C94DEB00E94E0718F
:1084500082EF99EA0E94DA7880E597E80E94DA785C
:108460000C9494B20F942C598091560E811102C035
:108470000E94FE6485E40E947C5C812C912CA12CDE
:1084800020ECB22E882321F00E9452614B015C0146
:108490008CE40E947C5CC12CD12C7601882321F0D5
:1084A0000E9452616B017C018AE50E947C5C412C38
:1084B000512C98ED692E91E4792E882331F00E9499
:1084C00052612B013C01E89477F888E50E947C5CBE
:1084D000882309F4BAC10E9452616A966CAF7DAFDD
:1084E0008EAF9FAF6A9789E50E947C5C882309F470
:1084F000B7C10E9452616E966CAF7DAF8EAF9FAFD9
:108500006E971A821982FE01339683E1DF011D9274
:108510008A95E9F783E40E947C5C8823F9F062E2A3
:1085200070E080919303909194030F94FAE38C018F
:10853000892BA1F00F5F1F4F62E270E0C8010F941A
:10854000FAE3009759F0801B843108F084E1482F4A
:1085500050E0B801CE0101960F94CCE380919413C2
:1085600010E0813029F48BE497E80E94DB68182F33
:108570000F942C591092DF030E943A68811177C141
:10858000A501940160914B0770914C0780914D07B4
:1085900090914E070F94CBDE60934B0770934C077E
:1085A00080934D0790934E0760E070E088EE92E470
:1085B0000F948EBA0F942C5986E29FE60E94057B99
:1085C000C301B2010E94966E6A962CAD3DAD4EADD0
:1085D0005FAD6A9720933F07309340074093410770
:1085E000509342076E968CAD9DADAEADBFAD6E970C
:1085F0008093430790934407A0934507B0934607A1
:1086000060E070E088E492E40F948EBA0F942C59E5
:10861000B12CA12C0AE9202E0FE7302E82EA882EF9
:108620008FE7982E80919413813009F023C10F9425
:10863000DD76A82E0E94CB730F942C5910928617CA
:108640001092851780919413813009F4E1C184E080
:108650008093960281E299E30E94607340E060E0BB
:108660000F94E165082F80E00E94D96F013029F551
:108670000E94C76F89E999E30E946073AC0162E0D0
:1086800080E00E94A86F80E090E0A8ECB2E48093C4
:108690003F0790934007A0934107B093420760E0E3
:1086A00070E088E492E40F948EBA0F942C598FEE08
:1086B00098E30E9460730F940C360E94C76F8DE799
:1086C00098E30E946073AC0160E080E00E94A86FB4
:1086D00061E080E00E94946F8981882341F0CE019F
:1086E00001960E949B7162E080E00E94946F8091ED
:1086F0008517811106C088E698E30E9460730E9486
:108700007F6F84E0809396020E94B171811110C046
:108710000F94A04E81E00E94999180918817882340
:1087200099F340E068EE73E082E390E00F94A16A71
:1087300032E030939602CE0101960E94847340E0AD
:1087400068EE73E082E390E00F94A16A1111A6C174
:10875000B4E0BB2EB09296020E94C76F89EB98E3FB
:108760000E946073AC0160E081E00E94A86F83EA20
:1087700098E30E946073AC0161E081E00E94A86F01
:108780008FE898E30E946073AC0162E081E00E9490
:10879000A86F83EB9BE30E946073AC0163E081E010
:1087A0000E94A86F4EE360E080E00E94B46F0E94D8
:1087B000AC7100E00F94A04E81E00E9499918091ED
:1087C0003305909134050097D9F097FF2AC1002313
:1087D00009F42BC1015046EA5FE760E080E00E94A7
:1087E000A86F4EE3602F80E00E94B46F10923405B2
:1087F0001092330564E670E080E090E00F94923DC3
:108800000E94B1718823B1F20E94C76F0F94532761
:1088100042E040939602023009F410C1033009F49B
:10882000F7C1013009F029C180919413813009F01A
:1088300000C10F94DD76082F0E94CB73802F0E9419
:10884000619480E00E94987985CF20E030E043E594
:1088500053E46A962CAF3DAF4EAF5FAF6A9743CEFD
:108860006E961CAE1DAE1EAE1FAE6E974ACE0E9417
:108870007E65A6CE84E0809396020F948B3F2B01F9
:108880003C018DE398E30E9460730F9485350E944C
:10889000B171082F811138C0A30192012054384DC5
:1088A000464F5F4F6A962CAF3DAF4EAF5FAF6A97B2
:1088B0000F94A04E81E00E949991023009F467C0A4
:1088C0000F94456B84E090E0013039F10E943E94B2
:1088D0000F948B3F6A962CAD3DAD4EAD5FAD6A9760
:1088E000261737074807590790F68CE098E30E944F
:1088F00060730F94853510926A0E1092690E0F9472
:108900002C59149A01E0D4CF1092680510926B058F
:10891000C701B6010F944D188FCE0E943E940E945D
:10892000B171882329F28091A9059091AA059093AD
:108930006A0E8093690E8CE69FE40E9460730F9428
:10894000853542E864E080E00E94B46F80916A0E51
:108950008F938091690E8F9360915D0E70915E0E82
:1089600080915F0E9091600E0F943CE07F936F9327
:108970003F922F920E946D6F81E80E94836F0F904B
:108980000F900F900F900F900F9002E091CF609199
:10899000690E70916A0E072E000C880B990B0F94CC
:1089A00031D820915D0E30915E0E40915F0E509156
:1089B000600E0F94CADE9F7720E030E040EA50E47A
:1089C0000F94C0DF87FF0BC08DE398E30E946073B4
:1089D0000F9485350F948B3F2B013C0158CF64E0F9
:1089E00081E00E94946F60915D0E70915E0E8091A7
:1089F0005F0E9091600E0F943CE07F936F939F9277
:108A00008F920E946D6F0F900F900F900F9050CF2C
:108A1000111103C08A2D0E946194812F0E949879C0
:108A200095CE033010F40F5FD6CE87E00F947F64AD
:108A3000D2CECE0101960E9484738CCE0F942C5915
:108A40000E9448650E94C76F8DEC98E30E94607396
:108A5000AC0160E080E00E94A86F89E999E30E9480
:108A60006073AC0162E080E00E94A86F87E99DE13D
:108A70000F94D0360F942C596DCE0E94C76F8DED98
:108A800098E30E946073AC0162E080E00E94A86FEE
:108A9000002319F0033009F05DCEB12C84E897E192
:108AA0000E948375B110BECD81E00E94D96F809184
:108AB000A8058093DF03111127C00E943A68C09077
:108AC0004B07D0904C07E0904D07F0904E0788235D
:108AD00009F4A1C020E030E040E85FE3C701B6013F
:108AE0000F94CADE60934B0770934C0780934D0739
:108AF00090934E0760E070E088EE92E40F948EBA97
:108B000010926A0E1092690EE0904707F0904807A5
:108B10000091490710914A0720919F023091A002CD
:108B20004091A1025091A20260919B0270919C021F
:108B300080919D0290919E021F921F921F921F9200
:108B4000812C912CE8E4AE2EE2E4BE2EFBE4CF2E85
:108B5000F7E0DF2E0F9439AB0F942C59E090A3026D
:108B6000F090A4020091A5021091A60220919F020C
:108B70003091A0024091A1025091A20260919B020B
:108B800070919C0280919D0290919E021F921F9273
:108B90001F921F92812C912CA0E7AA2EA1E4BA2E3D
:108BA0000F9439AB0F942C5987EA92E00F94DFAA07
:108BB00080E1EBE9F2E0AFE3B7E001900D928A9536
:108BC000E1F70E94EF6880916F03909170038093AA
:108BD000390290933A029F938F938EE991E79F9386
:108BE0008F930E94A08F0E943A680FB6F894DEBF60
:108BF0000FBECDBF882331F18CE890E40E946073F2
:108C00000F94600D1092710710924F070C9494B25C
:108C1000BB24B39443CF20E030E040EA50E4C701E6
:108C2000B6010F94CBDE60934B0770934C07809393
:108C30004D0790934E0760E070E080E090E40F9461
:108C40008EBA62CF8AE690E70F94600D84E29BE6CD
:108C50000E94057BD7CF0E943A6881110C9494B290
:108C60000F942C590E946C860E9446780F94973F6F
:108C70000C9494B20E943A68882311F40C9494B234
:108C80000C945CB360E080E00F948D170C9494B268
:108C9000188683E50E947C5C8823B1F00E940E5CFC
:108CA000182F8830B0F08CE297E80E94DA784AE01A
:108CB00067E070E080E090E00F9492D284EF92E061
:108CC0000F94A8D60C9494B281EA9DE00F94A3DD92
:108CD000182F8AE50E947C5C882309F4D7C00E9483
:108CE00052612B013C01209176063091770640912C
:108CF0007806509179060F9470D80F943CE06B0180
:108D00009B012156304F203A3F4030F086E197E8F2
:108D10000E94057B0C9494B25BE0159F9001112496
:108D2000C901805B924F0F94E5DD8CE40E947C5C6E
:108D3000BBE01B9F700111245701E7EBAE1AE2EF75
:108D4000BE0A882309F4BEC0E0919303F091940316
:108D50003196BF0181918032E1F3882331F047E001
:108D600050E0CE0101960F9423E447E050E0B501B6
:108D7000CE0101960F94B7DD82E40E947C5C57011E
:108D8000FEEAAF1AF2EFBF0A882309F4A3C00E94DB
:108D90000E5C982E682FC5010F94C7DD80E50E94F8
:108DA0007C5C2DEAE21A22EFF20A882309F497C0CC
:108DB0000E940E5CB82E682FC7010F94C7DD81E4B6
:108DC0000E947C5C882309F48FC00E940E5C811194
:108DD00006C081EA9DE00F94A3DD18138DC0812F9A
:108DE0000E94CB77082F882329F0612F81EA9DE02C
:108DF0000F94C7DD8FE097E80E94DA78612F70E06A
:108E000090E080E00F94F7D2812F0E94CB77811100
:108E100004C08EEF96E80E94057B8BEF96E80E94D7
:108E2000DA7844E0C301B2010F942FD688EF96E8B8
:108E30000E94DA78B601DD0C880B990B0F94F7D2FB
:108E400085EF96E80E94DA78CE0101960E94F68EB0
:108E500082EF96E80E94DA78692D70E090E080E079
:108E60000F94F7D28FEE96E80E94DA786B2D70E0BF
:108E700090E080E00F94F7D28CEE96E80E94DA78CA
:108E8000802F90E00F945E780C9494B2ABE01A9F20
:108E9000C0011124805B924F0F94B1DD6C01BC01C5
:108EA000990F880B990B0F9431D820917606309149
:108EB000770640917806509179060F94CADF2B010E
:108EC0003C0133CF47E050E0B501CE0101960F944D
:108ED00093DD52CFC5010F94A3DD982E5FCFC7015C
:108EE0000F94A3DDB82E6BCF81EA9DE00F94A3DD34
:108EF00001E0181709F47ECF00E07CCFC301B20176
:108F00000F9431D8209195033091960340919703A7
:108F1000509198030F94C0DF87FD02C00C947DB27E
:108F20000F948B3F681979098A099B09693E734040
:108F300081059105C8F086EC96E80E94DA78609188
:108F4000950370919603809197039091980341E067
:108F50000F942FD68FE20E94C178C8010F945E78DB
:108F60000F948B3F4B015C010F94A04E80E00E9458
:108F7000999180E00E945B6F0C9464B28FE30E9431
:108F80007C5C8823C9F083EB96E80E94DA7886EA55
:108F90009FE00F94A3DD21E030E0811102C030E0BA
:108FA00020E0C9010F945E788CE996E80E94057B69
:108FB0000E9412790C9494B281E20E947C5C882316
:108FC00049F161E086EA9FE00F94C7DD68E070E058
:108FD00080EB9FE00F94E5DD68E170E082EB9FE0BD
:108FE0000F94E5DD60E370E084EB9FE00F94E5DD36
:108FF00060E570E086EB9FE00F94E5DD68E770E0E8
:1090000088EB9FE00F94E5DD8BE896E80E94057BF6
:109010000C9494B28AE50E947C5C8823C1F061E0E4
:1090200086EA9FE00F94C7DD00EB1FE070E060E090
:10903000C8010F94E5DD0E5F1F4F0A3B4FE0140798
:10904000A9F781E896E80E94057B0C9494B283E529
:109050000E947C5C882321F10E941B5C8C0189E4C6
:109060000E947C5C882311F40C9494B20E940E5CE4
:10907000853010F00C9494B290E08852984FB8016B
:10908000880F991F0F94E5DD8AE09EE60E94057B1C
:109090008CE996E80E94057B0E9412790C9494B2A8
:1090A00080E796E80E94057B0C9494B20E9452617E
:1090B00020E030E040E251E40F9470D80F9443E098
:1090C0006C5A633009F4A2C098F5613009F459C0B4
:1090D000623011F00C9494B280919413E6E9FFE7AA
:1090E000813011F0E8E9FFE70591149180E50E94D5
:1090F0007C5C882309F479C00E94285CF090E90424
:10910000FF2011F40C9494B26017710711F40C94C1
:1091100094B28DEB97E30E9460738C018FE897E324
:109120000E9460734F2DB8010F94E4170C9494B211
:10913000643009F4BEC0653011F00C9494B280E53F
:109140000E947C5C882309F43AC10E94285C10913B
:10915000E704112311F40C9494B26230710510F4F9
:109160000C9494B28FED96E30E9460737C0188EBBF
:1091700096E30E946073412FB7010F94E4170C949B
:1091800094B280E50E947C5C8823A9F00E94526121
:1091900020E030E04AE754E40F9470D820E030E05B
:1091A00040E05FE30F94CBDE0F9443E0CB010F94DC
:1091B00023180C9494B281E50E947C5C882311F4FE
:1091C0000C9494B285EA9DE00F94B1DDBC0190E06F
:1091D00080E00F942FD820E030E04AE754E40F9469
:1091E000CADF0F94D8760C9494B281E50E947C5C1F
:1091F000882311F40C9494B2B80190E080E04AE026
:109200000F9492D20F94A5D60C9494B2809194139B
:109210006DE8E62E6FE7F62E813021F058E8E52E56
:109220005FE7F52E80E50E947C5C8823B1F162E265
:1092300070E080919303909194030F94FAE38C0172
:10924000892BD1F00F5F1F4F62E270E0C8010F94CD
:10925000FAE3009789F0D82ED01AC7010F9461DB8A
:10926000D8120AC0AC015527B701C8010F9482DBA0
:10927000892B11F40C9494B2F090E9048DEB97E3F0
:109280000E9460738C018FE897E30E9460734F2DFA
:10929000B8010F94E4170C9494B281E50E947C5CB1
:1092A000882311F40C9494B2C7010E94057B0C949E
:1092B00094B280E50E947C5C882309F477C0809199
:1092C0009303909194030196909394038093930356
:1092D0002091E804222311F40C9494B2BE016F5F34
:1092E0007F4F0E94CEFA8AE090E00F94B1DD298191
:1092F0003A8112E08217930728F011E02817390706
:1093000008F410E01295110F110F107C8CE090E022
:109310000F94B1DDAC012B813C8182E042175307F1
:1093200028F081E02417350708F480E050E1859F9C
:10933000C0011124180F8EE090E00F94B1DDAC0154
:109340002D813E8182E04217530728F081E02417E7
:10935000350708F480E0A4E08A9FC0011124180FAB
:1093600080E190E00F94B1DDAC012F81388592E06F
:109370004217530728F091E02417350708F490E0CE
:10938000190F163510F40C9494B2F090E8048DE4A3
:1093900097E30E9460738C0187E297E30E946073F9
:1093A0004F2DB8010F94E4170C9494B281E50E94FC
:1093B0007C5C882311F40C9494B20C9448A981E548
:1093C0000E947C5C882311F40C9494B281E090E0BC
:1093D0000F945E780C9494B28BE40E947C5CC12C58
:1093E000D12CE12C40ECF42E882349F10E945261EB
:1093F0006B017C0120E030E0A9010F94C0DF8111F6
:109400001EC01092031810920418109205181092A2
:1094100006180E94F98882EF99EA0E94DA7885E6B8
:109420009FE70E94DA786091031870910418809188
:109430000518909106180F94D8760C9494B28091E8
:109440006E0381111BC020E030E0A901C701B60105
:109450000F94C0DF87FF05C080E79FE70E94057B70
:10946000DACF20E030E040E251E4C701B6010F94CA
:10947000C0DF87FF2CC081E00E94F98880916E03D5
:1094800020E030E0A901813021F5C701B6010F9439
:1094900054E187FDE1CF20E030E040E251E4C70134
:1094A000B6010F94C0DF87FFD7CF20E030E0A901DD
:1094B000C701B6010F94C0DF87FDCECFC09203185D
:1094C000D0920418E0920518F0920618A4CF82E01A
:1094D000D3CFC701B6010F9454E187FDBDCF2FE66E
:1094E00032E143E05BE3C701B6010F9470D82AE094
:1094F00037ED43E25CE30F94CADE6B017C0120E0B0
:1095000030E0A9010F94C0DF87FD11C020E030E0FA
:1095100040E251E4C701B6010F9454E118162CF64D
:10952000C12CD12C30E2E32E31E4F32EC7CFC12C75
:10953000D12C7601C3CF9DED892E92E0992E0DE5B9
:1095400012E024EFA22E24E0B22E712CF4018191BE
:109550004F010E947C5C882309F445C0F3E07F1230
:1095600004C00E944CFB811161C00E9452616B01DA
:109570007C0120E030E0A9010F94C0DF87FD46C0E8
:1095800020E030EA40E854E4C701B6010F9454E10A
:109590001816A4F120E030E047E054E4C701B6011A
:1095A0000F9454E187FD35C020E030E04CE752E4F1
:1095B000C701B6010F9470D820E030EA40E854E4C7
:1095C0000F94CADF0F9443E0F62EC8010E94B368DF
:1095D0006F2DC8010E94BB6850E040E0D5016C913E
:1095E000872D0F944A3A73940D5F1F4FBFEFAB1A4C
:1095F000BB0AE4E07E12AACF0C9494B2C12C80EA9C
:10960000D82E80E8E82E84E4F82ECECFC12CD12CC1
:10961000760120E030E04CE752E4C701B6010F9438
:1096200070D820E034EB40E954E4CACF83EC9FE9E2
:109630000E94DA788FE596E80E94057BD4CFA0904F
:10964000670280916602811101C0AA0CB12C86E6E6
:1096500092E00F94553D882EC09064028091630281
:10966000811101C0CC0CD12C83E692E00F94553DC2
:10967000982E0091610280916002811101C0000F5B
:1096800010E080E692E00F94553DE82EF0905E02E7
:1096900080915D02811101C0FF0C8DE592E00F9475
:1096A000553DBF92AF921F928F92DF92CF921F9241
:1096B0009F921F930F931F92EF921F92FF921F9200
:1096C0008F9384E198E69F938F930F9465DC0FB698
:1096D000F894DEBF0FBECDBF0C9494B211E0823976
:1096E000934009F410E082E50E947C5C882381F0BD
:1096F0008FEF9FE00F94A3DD182F809168068117EC
:1097000011F40C9494B2812F0E943E610C9494B297
:1097100080E50E947C5C882389F001E08091570EEF
:109720009091580E8239934009F400E0602F8FEF3A
:109730009FE00F94C7DD0093A003DFCF81E50E9477
:109740007C5C8823D1F280916806811115C08EE778
:1097500097E59F938F938EE29DE39F938F9387E589
:1097600096E89F938F930F9465DC0F900F900F9066
:109770000F900F900F90C1CF8BEA9CE3EACF8DED55
:1097800092E06C969FAF8EAF6C97EAE6CE2EE6E045
:10979000DE2EF0E5EF2EF7E0FF2EA4EF2A2EA4E058
:1097A0003A2EB6E28B2EB7E09B2E67961FAE6797D8
:1097B0006C96AEADBFAD6C978D916C96BFAFAEAFF2
:1097C0006C970E947C5CB82E882309F475C00E94B7
:1097D00052610F9443E02B018B016830710509F44D
:1097E00059C36031710509F455C381E00032110598
:1097F00009F080E06796BFAD6797B33009F455C3B1
:109800009201215031092230310508F049C39B2DC6
:10981000892B6796EFAD6797E33041F4003411056B
:1098200031F0BB24B3940038110509F0B12C81113B
:1098300003C0BB2009F440C00F942C59D1018C9176
:10984000A12CBB24B39402C0B694A7948A95E2F7E6
:10985000B20167968FAD67970F94B53AF4014082D5
:10986000A016B10608F040C0C801B5010F946CDE27
:109870002B01712C612CC3010F942FD89B01AC01DB
:10988000D60114966D917D918D919C9117970F94AF
:1098900070D8F6016483758386839783D7012D91F1
:1098A0003D914D915C91C301B2010F9406DEF70129
:1098B00060837183828393836796FFAD6797FF5FB1
:1098C0006796FFAF679724E0C20ED11C34E0E30E29
:1098D000F11C4FEF241A340A5FEF851A950AF43011
:1098E00009F066CF0C946EB8C501B8010F946CDE18
:1098F0002B01712C612CC3010F942FD89B01AC015B
:10990000D60114966D917D918D919C9117970F942E
:10991000CADFF6016483758386839783D7016D91CF
:109920007D918D919C91A30192010F9494DEF7019A
:109930002083318342835383BFCF80E50E947C5CC8
:10994000882329F00E940E5C182F0C9492B184E5B4
:109950000E947C5C8111F6CF0C9491B160E070E0C4
:10996000CB010C94ABB182E08093710786E79CE554
:109970000E9460730F94600DA701960160914B07E0
:1099800070914C0780914D0790914E070F94CBDE5C
:1099900060934B0770934C0780934D0790934E074D
:1099A00060E070E080EA91E40F948EBA011106C085
:1099B00060E070E08CE092E40E94156F0E944865C0
:1099C0000F942C5940E064EF71E082E390E00F9433
:1099D000A16A8091A30381110F94B76881E00E946E
:1099E000D96F82E00E945B6F8AE690E70F94600D6A
:1099F000109271070C94C2B185E50E947C5CC12C69
:109A0000D12C7601882321F00E9452616B017C01E8
:109A10008AE50E947C5C8823A1F00E9452619F77B6
:109A20000E94966E4B015C0180919413813099F4F1
:109A30000F9468A0C501B40190580E94966E0C94D2
:109A400094B260E070E08CE092E40E94156F60E0F8
:109A500070E0CB01E5CFC701B6010F944D18EACFF6
:109A600081EC92E00E9404610C9494B282EC92E04A
:109A70000E9404610C9494B280919413813011F08F
:109A80000C9494B281E40E947C5C882311F40C94C1
:109A900094B2809193039091940340E150E070E080
:109AA00060E001960F942ED9862F0F94D81D0C9448
:109AB00094B280919413813011F00C9494B281E4AB
:109AC0000E947C5C10E0882361F080919303909168
:109AD000940340E150E070E060E001960F942ED9CD
:109AE000162F88E50E947C5C882361F00E941B5C35
:109AF000112311F40C9494B2BC01812F0E9438E020
:109B00000C9494B290E080E0F3CF60E08CEA9CE0AB
:109B10000F94C7DD109294131092421310922713E2
:109B20000C940AB261E08CEA9CE00F94C7DD0E94BD
:109B300098DC0C940AB280E00F94BC1D0C9420B207
:109B40000F9414C30C9420B28AE2F6CF843509F046
:109B500079C0109394030093930381E080939F0353
:109B60000E940E5C182F209193033091940391E092
:109B70007901E90EF11CD7018C91803211F0893006
:109B800011F49F5FF5CF082E000C990B0F94B7E3EB
:109B9000F701808390ED980F953058F08F3359F08E
:109BA000883749F08336F1F08BE39FE70E94057B0D
:109BB00013C08F33A9F480919413813069F48EE13E
:109BC0009FE30E94607370E060E00E942FDB682FCB
:109BD000D7018C910F94711D10929F030C94E597FF
:109BE000833649F4809194138130B1F70F94DD7678
:109BF000682F83E6EFCF80919413813069F40F943E
:109C0000DD76181305C08BE49FE70F948CDCE4CF5E
:109C1000812F0F94551AE0CF82EF99EA0E94DA78EB
:109C2000112359F084E50E94C178812F90E0C096FD
:109C30000F945E7883E098E6B9CF80EF97E60E94B4
:109C4000DA78CACF843409F0EEC0109394030093FD
:109C500093030E941B5C8630910509F479C09CF443
:109C60008230910509F452C08330910509F461C036
:109C7000019689F48CED97E69F938F930F9465DCA2
:109C80000F900F90FFCF8531910509F48DC094F4AA
:109C9000449709F469C080916C1290916D128E57AF
:109CA0009F4E9F938F931F9284E48F938AEE99E641
:109CB0000C9480998631910509F49BC086349105F6
:109CC00051F783E50E947C5C882311F40C94E5979E
:109CD0000E941B5C11E0009709F410E0892B91F0C1
:109CE000CE0101960F94DE470F948B3F60931D06C3
:109CF00070931E0680931F0690932006CE01019656
:109D00000F94D14710932D060C94E59747EDC42E80
:109D100047E6D42E52E0E52E00E020E032E240E0BB
:109D200050E060E072E080E090E00E9458630C94A4
:109D3000E59720EDC22E27E6D22E33E0E32E01E098
:109D400020E030E140E050E060E070E0CB01EDCF9A
:109D500089ECC82E87E6D82E96E0E92E03E020E0B5
:109D600030E044E050E0F0CF85E40E947C5C882342
:109D700029F080E00E94B1E50C94E5970F948B3FA9
:109D80006B017C010E94DFE50F948B3FDC01CB016E
:109D90008C199D09AE09BF09BF93AF939F938F9311
:109DA00080EB97E60C94809990E080E00E94FDE4BF
:109DB000811107C08DE997E69F938F930F9465DC1F
:109DC00014C081E08093960286E897E69F938F9374
:109DD0000F9465DC03E020E033E240E050E060E017
:109DE00070ED83E090E00F9424880F900F900C9416
:109DF000E59790E080E00E94FDE4811103C083E7D5
:109E000097E6DACF8CE58CBD1DBC0E9435E540E0BD
:109E100050ED63E070E080E20E94B7E40E9499E4B4
:109E200085E697E6C9CF82EF99EA0E94DA7885E65F
:109E300098E60E94DA7880916C1290916D128E579C
:109E40009F4E0E94F68E82E596E80C94F0992DECD8
:109E50003CEC4CEC5DE3C701B6010F9454E11816DD
:109E600014F40C942D9B0C949B9CA3019201622DE5
:109E7000732D8E2D9F2D0F94C0DF181614F00C94A7
:109E80007CA4E5E0CE0ED11CF2E08F0E911C850182
:109E90000C9443A467962FAD67978B2D233029F040
:109EA00091E00430110509F4B3CC90E0B1CC85E524
:109EB00099E30E9460730F94853545EB55E862E0A5
:109EC00080E00E94A86FF80181918F01982F9F7DFB
:109ED00011F40C94D7B897EF980F923010F40C94BB
:109EE000D7B88D3011F40C94D7B80E94836FEBCFA4
:109EF000CE0101960F94DE470C94C6AC8091F50319
:109F00009091F60308958150823108F05AC0E82FED
:109F1000F0E08827E157F0438F4F0D94B3DEAFCFC9
:109F2000B3CFA1CFA7CFABCFE1CFB6CFBCCFC0CF00
:109F3000C6CFCACFCECFD4CFD8CFE1CFDCCFE2CF00
:109F4000E6CF809180008F77809380000895809184
:109F500080008F7DF9CF80918000877FF5CF84B519
:109F60008F7784BD089584B58F7DFBCF8091B0003D
:109F70008F778093B00008958091B0008F7DF9CFE6
:109F8000809190008F778093900008958091900049
:109F90008F7DF9CF80919000877FF5CF8091A000D1
:109FA0008F778093A00008958091A0008F7DF9CFD6
:109FB0008091A000877FF5CF809120018F778093DB
:109FC00020010895809120018F7DF9CF809120019B
:109FD000877FF5CF83B1829581700895CF92DF920C
:109FE000EF92FF922091F703B0E0A0E0C0906007ED
:109FF000D0906107E0906207F090630720FF42C0B5
:10A00000C81AD90AEA0AFB0AC0926007D09261070F
:10A01000E0926207F0926307CB01B0E0A0E0C0904D
:10A020006407D0906507E0906607F090670721FF0E
:10A0300036C0C81AD90AEA0AFB0AC0926407D0924D
:10A040006507E0926607F092670770E060E0809134
:10A05000680790916907A0916A07B0916B0722FF8A
:10A060002BC0841B950BA60BB70B809368079093AE
:10A070006907A0936A07B0936B07FF90EF90DF909A
:10A08000CF9008958C0D9D1DAE1DBF1D8093600760
:10A0900090936107A0936207B0936307BDCF8C0DC7
:10A0A0009D1DAE1DBF1D8093640790936507A0930F
:10A0B0006607B0936707C9CF840F951FA61FB71F08
:10A0C000D4CFFB01118210826AE0DC012C91205375
:10A0D0002A30A0F440815181649F9001659F300D2A
:10A0E0001124318320834D91CD0120533109240F58
:10A0F000311D47FD3A9531832083E7CF089585E0F0
:10A100008093610E0D94532785E09CE60E94057BA9
:10A110000D9453278091630E813021F484E59BE6F2
:10A120000C94057B85E49BE6FBCF8093DF03809353
:10A130009C040D94A04E1F93CF93DF93C82FD62F6E
:10A140000E94C76F8DEB93E40E946073AC0160E0E6
:10A1500080E00E94A86F83E594E4C11102C086E606
:10A1600094E40E946073AC0161E080E00E94A86FFB
:10A170008FEF0E9495D064EF71E080E090E00F9443
:10A18000923D82EB93E40E946073AC0162E081E057
:10A190000E94A86F4EE363E080E00E94B46F83EA00
:10A1A00093E40E9460730E947F6F6D2F70E0709344
:10A1B00034056093330584E0809396020E94AC716D
:10A1C000DC2F11E01C278091330590913405009716
:10A1D00019F197FF0BC0D12F4EE362E080E00E949F
:10A1E000B46F40E263E080E00E94B46F8091330579
:10A1F00090913405181619065CF440E262E080E0A4
:10A200000E94B46F4EE363E080E00E94B46FDC2FE5
:10A2100010923405109233050F94A04E81E00E94F5
:10A22000999164E670E080E090E00F94923D0E9486
:10A23000B171882341F282E08093960280E00E940F
:10A24000D07680E00E9495D08D2FDF91CF911F9125
:10A250000895CF93DF93C82FD62FC15098F04DE2C9
:10A260006D2F82E10E94B46F84EF91E00E943E94D2
:10A270004CE76D2F82E10E94B46F84EF91E00E9461
:10A280003E94EBCF0F948B3F609398177093991780
:10A2900080939A1790939B1781E080933205809169
:10A2A0003205882329F084E690E00E943E94F7CF9F
:10A2B000DF91CF910C943967CF93DF930F942C5992
:10A2C000CFE3D7E06091711370E090E080E00F94ED
:10A2D00031D89B01AC016C857D858E859F850F945F
:10A2E000CADE6C877D878E879F8762E087E790E96B
:10A2F000DF91CF910D9472890F931F93CF93DF93CA
:10A30000982F862F142FE901692F0E94946F113026
:10A3100021F0123079F0CE0115C0CE010E947F6F7E
:10A320008AE30E94836F802FDF91CF911F910F915D
:10A330000C94836FCE010E947F6F8AE30E94836F2B
:10A3400083EB9BE6DF91CF911F910F910C947F6F70
:10A35000DF92EF92FF920F931F93CF93DF93CDB7CE
:10A36000DEB763970FB6F894DEBF0FBECDBF309156
:10A37000140520911305321373C07C0180916D0286
:10A38000882309F445C08BE993E40E9460739F938E
:10A390008F9386E390E99F938F938E010F5F1F4FFA
:10A3A0001F930F930F94BADCD82E47E050E0B7010B
:10A3B000800F912F911D0F9493DD0F900F900F90B0
:10A3C0000F900F900F9020E0822F8D0D90E027309E
:10A3D00039F02F5FF801E80FF91F30813111F4CF08
:10A3E000F801E80FF91F2DE520838C0F9D1FFC015C
:10A3F00012820F94E4CD482F6091110580E00E94F5
:10A40000B46F62E1C8010E94837180E20E94836F91
:10A4100080911205882321F1209114058091330544
:10A420009091340528171906D9F410926E028DEE1A
:10A4300097E7892B11F00E94ED7781E080936E02FF
:10A440000F9408CE63960FB6F894DEBF0FBECDBF53
:10A45000DF91CF911F910F91FF90EF90DF900895C2
:10A46000809114058F5F80931405ECCFCF92DF921B
:10A47000EF92FF920F931F93CF93DF936C017901BB
:10A48000C42FD0E0AE010F9482DB892BB9F4B80160
:10A49000C6018C0F9D1F0E9461D0F801208131817F
:10A4A0002E293F293183208381E0DF91CF911F91B5
:10A4B0000F91FF90EF90DF90CF90089580E0F5CF5F
:10A4C00087EA9CE00F94A3DD61E0823008F46827FE
:10A4D00087EA9CE00D94C7DDCF93DF93C5E1DDE013
:10A4E000FE01ED5EF0486491CE010F94C7DD219628
:10A4F000C9328DE0D807A1F7DF91CF9108958AEA9C
:10A500009DE00F94A3DD65E0833021F061E08530AC
:10A5100009F063E08AEA9DE00D94C7DD8BEA9DE0D7
:10A520000F94A3DD63E0833009F467E08BEA9DE0DC
:10A530000D94C7DD8CEA9DE00F94A3DD61E08111ED
:10A5400060E08CEA9DE00D94C7DD6091DA0381EA5A
:10A550009DE00F94C7DD0D94892A0F931F93CF932D
:10A56000DF9300D000D01F921F92CDB7DEB78C01D1
:10A570008AE090E00F94B1DD9A8389838CE090E0CB
:10A580000F94B1DD9C838B838EE090E00F94B1DD5E
:10A590009E838D8380E190E00F94B1DD98878F8357
:10A5A000C801DE011196BE01675F7F4FFC01259156
:10A5B00034914D915D914217530748F024173507A8
:10A5C00020F00296A617B70789F780E001C081E066
:10A5D00028960FB6F894DEBF0FBECDBFDF91CF91A6
:10A5E0001F910F9108950E94C58F61E089EE90E759
:10A5F0000E94028F0D945327CF938DE79DE30E9415
:10A600006073AC0160E080E00E94A86F4AE061E006
:10A6100080E00E94B46F0F9422CF10921105C2E027
:10A6200080911105843018F510921405811102C033
:10A63000C093110588E79DE30E94607366EB79E3A0
:10A640000F949FCE82E79DE30E94607364EB7AE3F0
:10A650000F949FCE0F94F6CE809111058F5F80935B
:10A660001105809113058F5F80931305D9CFCF918A
:10A670000895CF93DF9384ED93E00F942E42809161
:10A68000540E811118C08091550E811114C0C091D3
:10A69000650ED091660E89E3C638D80761F089E36C
:10A6A000CA35D80741F08091CE03811104C0809152
:10A6B0001005882331F082E080936D02DF91CF9105
:10A6C00008958AE3CC34D80749F482E080936D0280
:10A6D0008AE29DE0DF91CF910C94BE779091520E6B
:10A6E0008091530E981304C00E944568882361F03E
:10A6F0000E948068811110C082E080936D0280E02A
:10A70000DF91CF910D947F648AE3C03FD807E1F4D5
:10A7100060E08AE599E314C08AE3C03FD80759F0A6
:10A7200086EEC733D80739F084EDCA3ED80719F052
:10A73000C057DB4309F70E94C76F60E086E899E3E2
:10A74000DF91CF910D948FD086EEC733D80701F3F8
:10A750008AE3CC39D807E1F289E3CC36D807C1F2D5
:10A760008AE3C23ED807A1F284EDCA3CD80781F241
:10A7700089E3CC3BD80761F2C057DB4309F0BCCF7B
:10A78000C7CF0F9422CF109211058091110584300C
:10A7900008F03FC0109214058DE39BE30E946073A4
:10A7A0000F94EDD18091DA030E94CB77882341F09A
:10A7B00084E39BE30E9460736AEF78ED0F94A0D16D
:10A7C0008091610E811108C081E29BE30E94607359
:10A7D00065EA72ED0F94A0D188E19BE30E9460735B
:10A7E0006DEB76ED0F94A0D180E19BE30E94607346
:10A7F00065E978EE0F949FCE0F94F6CE8091110507
:10A800008F5F80931105809113058F5F80931305EF
:10A81000BCCF089587E08093DA030C94C1D386E01F
:10A820008093DA030C94C1D385E08093DA030C940F
:10A83000C1D384E08093DA030C94C1D383E0809386
:10A84000DA030C94C1D382E08093DA030C94C1D371
:10A8500081E08093DA030C94C1D31092DA030C9454
:10A86000C1D30F9422CF109211058091110584302D
:10A8700008F08FC01092140588EB9DE30E9460736E
:10A880000F94EDD182EC9AE30E94607366E17BE362
:10A890000F949FCE8091610E811108C081E29BE3ED
:10A8A0000E94607368EA7AE30F94A0D183E599E48B
:10A8B0000E94607361E27CE60F9418CE86EB9AE307
:10A8C0000E94607366EF7AE30F949FCE8BEA9AE35F
:10A8D0000E9460736CE07BE30F949FCE8BE99AE358
:10A8E0000E94607362E77AE30F949FCE8DE89AE34B
:10A8F0000E94607360ED79E30F949FCE89E79AE33D
:10A900000E9460736AEA7AE30F94A0D185E69AE325
:10A910000E94607368E47BE30F94A0D183E59AE31F
:10A920000E94607360E07AE30F94A0D18FE39AE312
:10A930000E94607368E17BE80F9418CE20E030E05D
:10A9400040E251E4609195037091960380919703E2
:10A95000909198030F9454E187FD08C082E39AE335
:10A960000E94607362E07AE30F949FCE6FE770ED10
:10A9700088EE9AE60F949FCE0F94F6CE8091110543
:10A980008F5F80931105809113058F5F809313056E
:10A990006CCF08950F9422CF10921105809111056C
:10A9A0008430B8F41092140587E69DE30E9460732A
:10A9B0000F94EDD10F94DB320F94F6CE80911105F8
:10A9C0008F5F80931105809113058F5F809313052E
:10A9D000E5CF0895EF92FF920F931F93CF93DF93EC
:10A9E00080919402909195022091B203211197C019
:10A9F00021E02093B2039093B4038093B3038FEFCD
:10AA00009FE00F94A3DD8093A0030F9422CF1092B8
:10AA1000110580911105843008F099C01092140539
:10AA20000F94A2CD81110E94986588EB9DE30E944E
:10AA300060730F94EDD18FEE9CE30E946073F12C54
:10AA4000E12C07EE13E02AE030E040E169E372E038
:10AA50000F9472CF0F94DB3288EE9CE30E946073F8
:10AA60002AE030E040E164E972E00F9472CF86EDB5
:10AA70009CE30E9460736EED79E30F949FCE0E9479
:10AA80003A68882341F083E599E40E94607360E3AB
:10AA90007BE80F9418CE88EC9CE30E9460736EE014
:10AAA0007AE30F94A0D180919413813011F40F9424
:10AAB00078330F94C1320F9414338091DD048230C7
:10AAC00009F43FC0833009F43FC08130B9F181EC13
:10AAD0009CE30E946073EC0189EB9CE30E9460732D
:10AAE00022E042EE59E3BE010F94B1D08091FA0307
:10AAF000882341F083E99CE30E9460736AE977ED63
:10AB00000F94A0D10F94F6CE809111058F5F8093A2
:10AB10001105809113058F5F809313057ACF2091E3
:10AB2000B3033091B4032817390709F468CF909321
:10AB3000B4038093B3030E946E6661CF82EB9CE303
:10AB4000C8CF89EA9CE3C5CF80EA9CE3C2CFDF91FE
:10AB5000CF911F910F91FF90EF900895BF92CF92E8
:10AB6000DF92EF92FF920F931F93CF93DF93C82F43
:10AB7000F62EE42EB22E680180E00E94D96FDCE749
:10AB8000FE1408F0DDE2BB2009F10E94C76FC1117D
:10AB900020C08DEB93E40E9460730E947F6F88EF6A
:10ABA0008C0F823078F58FE99FE30E9460730E94DA
:10ABB0007F6F8EE79FE3CC3049F188EC93E4CD3092
:10ABC00029F1CE3039F58BE69FE320C00E94C06F9B
:10ABD000DECFC130F1F2C230E1F286EF9FE3C33045
:10ABE000D1F284EE9FE3C430B1F282ED9FE3C53031
:10ABF00091F280EC9FE3C63071F2C73081F681EBB1
:10AC00009FE3C9CFCA3099F58CE89FE30E94607337
:10AC10000E947F6F43E15CE861E080E00E94A86FE2
:10AC2000C33070F58DE59FE30E946073AC0162E074
:10AC300080E00E94A86F62E082E10E94946FC111DF
:10AC40001AC08D2F0E94836F80E59FE30E9460737E
:10AC5000AC0163E080E00E94A86F63E082E10E94A3
:10AC6000946FC23019F18D2F0E94836F23C0CB30B7
:10AC700009F09FCFC9CF83EB9BE60E947F6FE4CFA3
:10AC800086EF8C0F823080F581E094E40E9460733F
:10AC9000AC0162E080E00E94A86F8AE30E94836FAB
:10ACA00062E082E10E94946FCA30E9F283EB9BE696
:10ACB0000E947F6FC114D10419F0C6010E943E9416
:10ACC00081E08F0D4E2D50E0440F551F841715065F
:10ACD0000CF080E0DF91CF911F910F91FF90EF90EA
:10ACE000DF90CF90BF900895CA3020F741E0C43084
:10ACF00021F042E0C33009F440E00D2F21E13CE8AF
:10AD000062E082E00E947CD141E0C53021F042E067
:10AD1000C53008F440E00D2F2FE03CE868E082E009
:10AD20000E947CD141E0C63021F042E0C63008F4F8
:10AD300040E00D2F2DE03CE86EE082E00E947CD1E7
:10AD400041E0C73021F042E0C73008F440E00D2F69
:10AD500029E03CE860E083E00E947CD141E0C8301B
:10AD600021F042E0C83008F440E00D2F22E03CE83A
:10AD700069E083E00E947CD19DCFCF93DF938091E7
:10AD8000A503811118C06091DA038BE0689FB001C0
:10AD90001124675B724F47E050E087EA93E00F941D
:10ADA00093DD8091A70390E0909334058093330561
:10ADB00081E08093A50380913305909134058097BD
:10ADC00034F480E290E090933405809333058091D1
:10ADD0003305909134058F3F910539F034F08FEFB2
:10ADE00090E09093340580933305E091A603F0E062
:10ADF000EB55FC4F8091330582830E94C06FC7EAF8
:10AE0000D3E089910E94836F83E0CE3AD807C9F7D7
:10AE10004EE561E08091A6030E94B46F8091A60385
:10AE2000882329F040E261E081500E94B46F0E94C3
:10AE3000B171882399F0E091A6038E2F90E00196DE
:10AE4000079778F4EF5FE093A603F0E0EB55FC4F33
:10AE5000828190E09093340580933305DF91CF9108
:10AE600008956091DA038BE0689FB0011124675B5D
:10AE7000724F47E050E087EA93E00F94B7DDDF912F
:10AE8000CF910D94EAD1CF93DF9394E0899FE001B5
:10AE90001124C15CD84F20E030E040E251E46881E9
:10AEA00079818A819B810F94CBDE688379838A8341
:10AEB0009B8360E070E084E392E40F948EBA0F9479
:10AEC0002C59DF91CF910D94103C0F948D7E1092F0
:10AED000A10310923405109233050D9444CF809154
:10AEE0000A168823F9F0815080930A1693E2E8E36A
:10AEF000F5E1A5E1B5E101900D929A95E1F728E31E
:10AF000035E190E0981760F443E2F901B396D90176
:10AF100001900D924A95E1F79F5F2D5D3F4FF2CF73
:10AF20000F948D7E1092A103109234051092330578
:10AF30000D9444CFEF92FF920F931F93CF93DF9323
:10AF40000F9422CF1092110580911105843008F0E2
:10AF500063C0109214050F94A2CD81110E94199123
:10AF600089E190E40E9460730F94EDD1C091F803E1
:10AF7000D0E088E59DE30E946073F12CE12C0FEF97
:10AF800010E09E0148E069EF73E00F9472CF0091EA
:10AF9000F90310E089E49DE30E94607330E020E053
:10AFA00048E068EF73E00F9472CF80914F028130D8
:10AFB00059F580E49DE30E946073EC018CE29DE30F
:10AFC0000E94607322E043E158EDBE010F94B1D0BE
:10AFD00082E29DE30E946073F12CE12C04E813E00F
:10AFE0002FE030E040E16DE472E00F9472CF0F94F7
:10AFF000F6CE809111058F5F809311058091130526
:10B000008F5F80931305A0CF811103C08AE39DE376
:10B01000D2CF83E39DE3CFCFDF91CF911F910F91EB
:10B02000FF90EF90089580914F02882331F0813096
:10B0300041F410924F020C94199182E080934F02D8
:10B04000FACF81E0FBCFBF92CF92DF92EF92FF92D7
:10B050000F931F93CF93DF9300D01F92CDB7DEB72E
:10B060008CEA9DE00F94A3DDC82E8BEA9DE00F943F
:10B07000A3DDF82E8AEA9DE00F94A3DD182F0F942C
:10B0800022CF1092110580E3D82EDF0C98E7B92E5D
:10B0900020E3E22EE10E80911105843008F056C0C5
:10B0A000109214050F94A2CD882331F087E0F81296
:10B0B00003C081E00F94D96787E69DE30E94607327
:10B0C0000F94EDD1D982BA82DB821C828BE19DE3A1
:10B0D0000E94607320E04EE852EDBE016F5F7F4F2B
:10B0E0000F94B1D0E9821A828DE09DE30E946073D3
:10B0F00020E04FE752EDBE016F5F7F4F0F94B1D05C
:10B1000087E0F81220C088E49DE5C11002C082E407
:10B110009DE50E9460738C0187EF9CE30E94607341
:10B1200022E04AE952EDB8010F94B1D00F94F6CE67
:10B13000909111059F5F90931105909113059F5F6A
:10B1400090931305A8CF87E09DE3E3CF0F900F9076
:10B150000F900F90DF91CF911F910F91FF90EF9083
:10B16000DF90CF90BF900895CF930F9422CF10928D
:10B17000110580911105843060F51092140588EB5B
:10B180009DE30E9460730F94EDD18EED9AE30E94CF
:10B19000607368EA79ED0F949FCEC0E083EA9BE389
:10B1A0000E94607361E36C0F2C2F47EB59ED0F94F5
:10B1B00048CECF5FC53091F70F94F6CE8091110540
:10B1C0008F5F80931105809113058F5F8093130526
:10B1D000D0CFCF91089584E00D94166A85E00D9448
:10B1E000166A86E00D94166A87E00D94166A88E068
:10B1F0000D94166A6091DA0381EA9DE00F94C7DD31
:10B2000083E00D94CED1CF930F9422CF10921105ED
:10B2100080911105843088F5109214050F94A2CD09
:10B2200081110F94F43688EB9DE30E9460730F94B4
:10B23000EDD18EED9AE30E9460736CE17BE30F9495
:10B240009FCEC0E083EA9BE30E94607361E36C0FD2
:10B250002C2F40EB5AE30F9448CECF5FC53091F7C7
:10B260000F94F6CE809111058F5F80931105809128
:10B2700013058F5F80931305CBCFCF910895EF9285
:10B28000FF920F931F93CF938C017B010F9422CFDA
:10B290001092110580911105843028F51092140543
:10B2A0000F94A2CD81110F94F43688EB9DE30E9498
:10B2B00060730F94EDD1C0E061E36C0F2C2FA701F8
:10B2C000C8010F9448CECF5FC530B1F70F94F6CECA
:10B2D000809111058F5F80931105809113058F5F19
:10B2E00080931305D7CFCF911F910F91FF90EF90CF
:10B2F000089586E59CE50E94607361E979ED0C9400
:10B300003FD985E69CE50E9460736DE979ED0C9468
:10B310003FD983EA9BE30E9460736EEB79E30C9460
:10B320003FD9CF93C82F0F949B89882321F08C2F6E
:10B33000CF910D9440A1CF910895CF93C82F0F9432
:10B34000EAD161E08C2F0F94C3A0CF910D94F43615
:10B3500080E00F9480A081E00F9480A082E00F94A1
:10B3600080A083E00F9480A084E00D9480A00D94D1
:10B3700080A02F923F924F925F926F927F928F9216
:10B380009F92AF92BF92CF92DF92EF92FF920F9374
:10B390001F93CF93DF9300D000D000D0CDB7DEB79E
:10B3A0000CE913E11F830E832E803F801982F10187
:10B3B00061817281838194819B01AC010F94D9E2F8
:10B3C000882309F47CC089810F94BDC72DEC3CEC27
:10B3D00044EF51E40F94CBDE6B017C012FEF3FEF84
:10B3E0004BEF52E40F94CADE2B013C0120E030E029
:10B3F00044E653E4C701B6010F94CADE4B015C0179
:10B4000020E030E040EC51E4C701B6010F94CADE01
:10B410006B017C01EE81FF81218132814381548166
:10B42000C301B2010F9470D8A50194010F9470D894
:10B430002FEF3FE842EA56E40F94CADF6A837B832A
:10B440008C839D83EE81FF812585368547855089D4
:10B45000C701B6010F9470D8A50194010F9470D85C
:10B4600020E030E942E256EC0F94CADF9B01AC01C8
:10B470006A817B818C819D810F94CBDE4B015C01C5
:10B48000EE81FF81218D328D438D548DC701B60130
:10B490000F9470D8A30192010F9470D821E030E985
:10B4A00042EA56E40F94CADF9B01AC01C501B40126
:10B4B0000F94CBDEF1016183728383839483F4E084
:10B4C0002F0E311C29812F5F2983273009F06FCF80
:10B4D0008E819F814C969F838E838056944109F084
:10B4E00063CF19870887F1E0F983C8018B5A9F4F12
:10B4F0009F838E83180199EA290E311CE885F9850E
:10B50000658D768D878D90A19B01AC010F94D9E25A
:10B51000882309F479C089810F94AAC72AE939E9F7
:10B5200049E351E40F94CBDE6B017C012FEF3FEF39
:10B5300047ED52E40F94CADE2B013C0120E030E0DD
:10B5400042E553E4C701B6010F94CADE4B015C012A
:10B5500020E030E040EC50E4C701B6010F94CADEB1
:10B560006B017C01EE81FF81208131814281538119
:10B570000F9470D8A50194010F9470D820E030E9A1
:10B5800042E256EC0F94CADF6A837B838C839D83EF
:10B59000F8012181328143815481C301B2010F94AA
:10B5A00070D8A50194010F9470D82FEF3FE842EABC
:10B5B00056E40F94CADF9B01AC016A817B818C81C8
:10B5C0009D810F94CBDE4B015C01F1012081318123
:10B5D00042815381C701B6010F9470D8A301920133
:10B5E0000F9470D821E030E942EA56E40F94CADFA4
:10B5F0009B01AC01C501B4010F94CBDEE885F98550
:10B60000658F768F878F90A3888599854C969987CB
:10B61000888799819F5F9983963009F06FCF0C5F7F
:10B620001F4FE3E1083B1E0709F05BCF29960FB6D9
:10B63000F894DEBF0FBECDBFDF91CF911F910F9168
:10B64000FF90EF90DF90CF90BF90AF909F908F9042
:10B650007F906F905F904F903F902F9008954F9202
:10B660005F926F927F928F929F92AF92BF92CF9292
:10B67000DF92EF92FF920F931F93CF93DF936C01B2
:10B680007B0180919413672B29F006E0813029F02B
:10B6900005E003C004E08130D9F30E94C76F84E065
:10B6A00080939602C1E0812C0350110B0F94A04EA1
:10B6B00081E00E9499918091330590913405009723
:10B6C00009F49DC097FF88C0C150109234051092B4
:10B6D0003305C4300CF486C0882D082C000C990B5F
:10B6E000801791070CF07AC083940E94C76FC3E063
:10B6F000C114D10429F0A60160E080E00E94A86F87
:10B70000A82C082C000CBB08E114F10429F082E0FD
:10B71000982EA016B10611F093E0992ED0E0DF5FCD
:10B720004DE05EE66D2F81E00E94A86F9D12F7CF7D
:10B73000482C082C000C5508660877088FEF481A2B
:10B74000580A680A780A912C9394692D8AE00E941D
:10B75000946FC301B2010E944D718FEF481A580ACD
:10B76000680A780AD911F0CFE114F10441F0A0166B
:10B77000B10629F4A70163E081E00E94A86F47E8C1
:10B7800050E961E080E00E94A86F4EE36C2F80E0FA
:10B790000E94B46F64E670E080E090E00F94923D08
:10B7A0000E94B171882309F481CF82E080939602D0
:10B7B0008FEF8C0F880DDF91CF911F910F91FF902C
:10B7C000EF90DF90CF90BF90AF909F908F907F9041
:10B7D0006F905F904F900895CF5F77CF87E00F9481
:10B7E0007F6485CFC11184CF18142CF48A940E94F1
:10B7F000C76FC1E07DCF87E00F947F64FACFC4307C
:10B800000CF06ACF75CF4F925F926F927F92AF929A
:10B81000BF92CF92DF92EF92FF920F931F93CF933D
:10B82000DF9324E030E041E050E0D901A856B5476D
:10B83000FD0165917491861797070CF066C0415021
:10B840005109440F551F440F551FEA01C656D547ED
:10B85000FE010591149148565547FA01659174917E
:10B86000F901E656F547E590F490FE01C590D490B5
:10B87000FD01C591D491FA01A590B490861B970B58
:10B88000BC01990F880B990B0F9431D82B013C0107
:10B89000B7016C197D09072E000C880B990B0F94CA
:10B8A00031D89B01AC01C301B2010F9470D86B0178
:10B8B0007C01BE016A197B09072E000C880B990BCD
:10B8C0000F9431D89B01AC01C701B6010F94CADFB8
:10B8D0006B017C01B801110F880B990B0F9431D8C3
:10B8E0009B01AC01C701B6010F94CBDEDF91CF9174
:10B8F0001F910F91FF90EF90DF90CF90BF90AF908E
:10B900007F906F905F904F9008954F5F5F4F2C5FD7
:10B910003F4F2038310509F088CFE6E1FBE865911B
:10B920007491072E000C880B990B0F9431D8DECF41
:10B930001F93CF93DF93E1E0F1E080818E7F8083DE
:10B94000E2E0F1E0808181608083EEE1F5E090E16A
:10B95000908311821282E0EDF0E08081826080832A
:10B960009093D400E1EDF0E088E1808380818068ED
:10B970008083EEE6F2E188E599E39187808782E4AF
:10B980009BE39387828713E01383158614869FB702
:10B99000F894E5E0F1E08081806280839FBFE4E07D
:10B9A000F1E08081806280830F9414C383E60F945A
:10B9B0001A8984E196EA0E94057BC5E2D3E11093DF
:10B9C000791385E999EA0E94057B8AE08C8B82E0F5
:10B9D0008093941381E08D8F8A831CA286E08C83F0
:10B9E00080E0DF91CF911F910D94A39822E02093E6
:10B9F000C0001092C50090E19093C4008091C100F6
:10BA000080618093C1008091C10088608093C100F3
:10BA10008091C10080688093C10080911D058130B4
:10BA2000A9F42093C8001092CD009093CC0080918F
:10BA3000C90080618093C9008091C90088608093AB
:10BA4000C9008091C90080688093C90008952F9231
:10BA50003F924F925F926F927F928F929F92AF929E
:10BA6000BF92CF92DF92EF92FF920F931F93CF93EB
:10BA7000DF9300D000D01F92CDB7DEB769834901B4
:10BA80005A012701682F70E090E080E00F9431D8D0
:10BA900024E032E041E05CE30F9470D82091B412CE
:10BAA0003091B5124091B6125091B7120F9470D8E0
:10BAB0006B017C012091B8123091B9124091BA12F9
:10BAC0005091BB12C501B4010F9470D82091BC12E3
:10BAD0003091BD124091BE125091BF120F94CBDE37
:10BAE000A70196010F9470D86B017C0120910A1375
:10BAF00030910B1340910C1350910D13C801B201FA
:10BB00000F94CBDE9B01AC01C501B4010F94CADEDA
:10BB1000398124E0329FF0011124E653FD4E20814B
:10BB20003181428153810F94CADF9B01AC01C7016F
:10BB3000B6010F94CADE209117133091181340916B
:10BB4000191350911A130F9470D86F837983182F9B
:10BB5000092F2091AB12E22FF0E08091AA128150C0
:10BB6000990BE817F90709F4F4C02F5F2E835E8163
:10BB700044E0549F10011124D101A657BD4E2D91D0
:10BB80003D914D915C912A833B834C835D83EE0F05
:10BB9000FF1FEE0FFF1FE657FD4E40805180628071
:10BBA0007380C090C412D090C512E090C612F0907D
:10BBB000C7129201A301B201C3010F94D9E28823F5
:10BBC00021F04F805980612E702EA10146575D4EA5
:10BBD0001A01A701960160E070E080E89FE30F94EE
:10BBE000CADE9201A3010F9470D82B013C01A7017A
:10BBF00096016F817981812F902F0F9470D89B01CE
:10BC0000AC01C301B2010F94CBDEF10160837183FB
:10BC100082839383FE81F093AB122091B012309116
:10BC2000B1124091B2125091B312C501B4010F94F8
:10BC3000CADE2A813B814C815D810F94CADE2B01D3
:10BC40003C01C090AC12D090AD12E090AE12F090DA
:10BC5000AF12A7019601C701B6010F94D9E288235C
:10BC600019F0C12CD12C760123E333E343E75FE3E2
:10BC7000C701B6010F9470D86B017C012DEC3CEC30
:10BC80004CE45DE3C301B2010F9470D89B01AC0199
:10BC9000C701B6010F94CBDE8092B0129092B11220
:10BCA000A092B212B092B3126093AC127093AD1224
:10BCB0008093AE129093AF126B017C01E894F7F879
:10BCC00021E0298320911F133091201340912113EB
:10BCD00050912213C701B6010F9454E118160CF0CD
:10BCE000198280911613398130FB81F980931613E4
:10BCF00041E0498320911B1330911C1340911D1387
:10BD000050911E13C701B6010F9454E118160CF0A0
:10BD1000198280911613598150FB82F98093161372
:10BD200027960FB6F894DEBF0FBECDBFDF91CF913F
:10BD30001F910F91FF90EF90DF90CF90BF90AF9049
:10BD40009F908F907F906F905F904F903F902F903B
:10BD500008951E820CCF2F923F924F925F926F9266
:10BD60007F928F929F92AF92BF92CF92DF92EF928B
:10BD7000FF920F931F93CF93DF93CDB7DEB7A497B6
:10BD80000FB6F894DEBF0FBECDBF9B8F8A8F7A8B24
:10BD9000698B2B8B3C8B4D8B5E8B0C8FCD8EDE8E0F
:10BDA000EF8EF8A220911C05298F80E00F94A34804
:10BDB000A989BA898D919D910D90BC91A02D89A3DF
:10BDC0009AA3ABA3BCA380E090E0A0EAB0E489838F
:10BDD0009A83AB83BC838B899C89AD89BE898D8313
:10BDE0009E83AF83B88720E030E040EA50E4BC0196
:10BDF000CD010F94CADE2AE737E34EE15FE30F94EB
:10BE000070D86B017C0120E030E040EA50E40F94F0
:10BE1000CBDE69877A878B879C87A70196016B8920
:10BE20007C898D899E890F94CADE6D877E878F8776
:10BE3000988B312C212C29853A854B855C85CD8CBE
:10BE4000DE8CEF8CF8A00C8D69897A898A8D9B8DA8
:10BE50000F94EC424B015C012D853E854F8558893E
:10BE6000CD8CDE8CEF8CF8A00C8D69897A898A8D57
:10BE70009B8D0F94EC429B01AC0111E0C501B40114
:10BE80000F9454E118160CF010E001E00127802F08
:10BE900090E0E12FF0E0EE0FFF1FEE0FFF1F41E0FB
:10BEA00050E04C0F5D1F4E0F5F1F8C01000F111FE4
:10BEB000000F111FA1E0B0E0AC0FBD1F0A0F1B1F48
:10BEC000F8013896F88FEF8BF80180859185A2856F
:10BED000B385FA0180839183A283B3838D809E8092
:10BEE000AF80B884C980DA80EB80FC80A70196011E
:10BEF000C501B4010F94CADE2AE737E34EE15FE3E0
:10BF00000F9470D82B013C01AC019B01C701B60115
:10BF10000F94CBDE69877A878B879C87A301920178
:10BF2000C501B4010F94CADE6D877E878F87988B19
:10BF3000D80118964C90EF89F88D518062807380FB
:10BF4000A5019401C701B6010F94CADE242D352D39
:10BF5000462D572D0F94CADF9F772CE031E943EC33
:10BF60005EE30F9470D86B017C015B018C01FF9242
:10BF70008F93DF926F937F926F925F924F923F9277
:10BF80002F922DE530E93F932F930F9465DC0FB688
:10BF9000F894DEBF0FBECDBF2AE037ED43E25CE38D
:10BFA0006C2D7D2D8E2D9F2D0F94C0DF87FF42C0FD
:10BFB00020E030E040EA50E4642D752D862D972D69
:10BFC0000F94C0DF8823F1F1242D352D462D572DF8
:10BFD0006B897C898D899E890F94C0DF882391F1BC
:10BFE000842D952DA62DB72DE989FA89808391831B
:10BFF000A283B383898D0F94A3486A2D7B2D802F54
:10C00000912FA4960FB6F894DEBF0FBECDBFDF917F
:10C01000CF911F910F91FF90EF90DF90CF90BF9045
:10C02000AF909F908F907F906F905F904F903F90D8
:10C030002F900895FFEF2F1A3F0A2EE122163104A8
:10C0400009F0F9CE8EE390E90E94057B89A19AA1BF
:10C05000ABA1BCA1E989FA8980839183A283B383D0
:10C06000898D0F94A348A12CB12C00EC1FE7C5CFFC
:10C07000EF92FF920F931F93CF93DF9300D01F9205
:10C080001F92CDB7DEB7082F162FF72E0F949B897E
:10C090008823D9F00B3029F1043131F187E5E82EFE
:10C0A000E9820A831B83FC82CE0101960F94E3C2CE
:10C0B0008D8347E5502F612F7F2D0F94799860E095
:10C0C00080E00F949D9F882359F30F900F900F905D
:10C0D0000F900F90DF91CF911F910F91FF90EF90F4
:10C0E000089510937113DACF10937213D7CF823063
:10C0F000910538F0880F991F880F991F05970197B0
:10C10000F1F70895CF93DF93282F30E0F901E65A35
:10C11000F1478491F901EC5FF147D491F901E255BF
:10C12000F247C491CC23A1F081110E9483CFEC2F60
:10C13000F0E0EE0FFF1FEC56F247A591B491EC91A1
:10C14000ED2381E090E009F480E0DF91CF91089544
:10C1500080E090E0FACF1F93CF93DF93282F30E059
:10C16000F901E65AF1478491F901EC5FF147D49166
:10C17000F901E255F247C491CC23A9F0162F8111A1
:10C180000E9483CFEC2FF0E0EE0FFF1FE658F2473E
:10C19000A591B4918FB7F894EC91111108C0D09586
:10C1A000DE23DC938FBFDF91CF911F910895DE2BAB
:10C1B000F8CFCF93DF9390E0FC01EC5FF14724913F
:10C1C00082559247FC0184918823D1F090E0880F3A
:10C1D000991FFC01E05AF247A591B491FC01E65881
:10C1E000F247C591D49161110EC09FB7F8948C911C
:10C1F000E22FE0958E238C932881E223E8839FBF72
:10C20000DF91CF9108958FB7F894EC91E22BEC93E6
:10C210008FBFF6CF1F93CF93DF93182FEB0161E011
:10C220000E94D9E0209739F460E0812FDF91CF910F
:10C230001F910C94ABE0CF3FD10511F461E0F5CF35
:10C24000E12FF0E0E65AF147E491E150E23108F0E5
:10C25000B3C0F0E08827E05DFE418F4F0D94B3DE60
:10C2600042E14AE14FE159E163E1DCE16DE175E171
:10C270007DE187E191E19BE1AAE1B4E1DCE1BEE18E
:10C28000C8E1D2E184B5806884BDC7BDDF91CF919C
:10C290001F91089584B5806284BDC8BDF7CF809199
:10C2A0008000806880938000D0938900C0938800CC
:10C2B000EDCF80918000806280938000D0938B00CE
:10C2C000C0938A00E3CF80918000886080938000D3
:10C2D000D0938D00C0938C00D9CF8091B00080683E
:10C2E0008093B000C093B300D1CF8091B000806242
:10C2F0008093B000C093B400C9CF80919000806853
:10C3000080939000D0939900C0939800BFCF809104
:10C310009000806280939000D0939B00C0939A001D
:10C32000B5CF80919000886080939000D0939D005D
:10C33000C0939C00ABCF8091A00080688093A00048
:10C340008091A0008F7B8093A000D093A900C09320
:10C35000A8009CCF8091A00080628093A000D09321
:10C36000AB00C093AA0092CF8091A0008860809318
:10C37000A000D093AD00C093AC0088CF8091200185
:10C38000806880932001D0932901C09328017ECF3B
:10C3900080912001806280932001D0932B01C09373
:10C3A0002A0174CF80912001886080932001D0936E
:10C3B0002D01C0932C016ACFC038D1050CF03ECFBF
:10C3C00033CF4F925F926F927F928F929F92AF92F4
:10C3D000BF92CF92DF92EF92FF920F931F93CF9372
:10C3E000DF9386B9FA01E080F18016161706B4F4DF
:10C3F000E216F30699F4C701DF91CF911F910F91D7
:10C40000FF90EF90DF90CF90BF90AF909F908F9074
:10C410007F906F905F904F900C9477E089016A0154
:10C42000EB01B70190E080E00F942FD82DEB37E3BC
:10C4300046E855E30F9470D84B015C01BE010D2E08
:10C44000000C880B990B0F9431D8A50194010F941F
:10C4500070D82B013C01A50194016AE077ED83E2DD
:10C460009CE30F94CADF9B01AC01C301B2010F949E
:10C47000CBDE4B015C012AE037ED43E25EE30F9433
:10C48000C0DF1816DCF5A50194016AE077ED83E2C0
:10C490009CE30F94CADF20E034E244E759E40F94B0
:10C4A00070D820E030E040E05FE30F94CBDE0F94E3
:10C4B00043E05B016017710708F45801EA14FB04BC
:10C4C00031F4209721F0FCF0F1E0AF1AB108C5017A
:10C4D0000E9477E0F601B182A082DF91CF911F9197
:10C4E0000F91FF90EF90DF90CF90BF90AF909F9013
:10C4F0008F907F906F905F904F90089580E1A82E6D
:10C5000087E2B82EDBCF8FEFA81AB80AE0CF2F92C0
:10C510003F924F925F926F927F928F929F92AF92D3
:10C52000BF92CF92DF92EF92FF920F931F93CF9320
:10C53000DF9300D0CDB7DEB7F901E080F180E114E0
:10C54000F10409F46BC0161617060CF067C0190148
:10C550005B834A836B018983FA0100811181B801F1
:10C5600090E080E00F942FD84B015C01B6010D2CB8
:10C57000000C880B990B0F9431D82B013C01A501BD
:10C580009401C501B4010F9470D89B01AC01C301A3
:10C59000B2010F9470D89B01AC016AE077ED83EA99
:10C5A0009BE30F94CADF20E030E040E05FE30F94AC
:10C5B000CBDE0F9443E06E157F0528F5F981F6B9BF
:10C5C000EA81FB81808191810E9477E0F101808185
:10C5D000918101979183808381E00F900F900F905C
:10C5E000DF91CF911F910F91FF90EF90DF90CF904F
:10C5F000BF90AF909F908F907F906F905F904F9083
:10C600003F902F900895662777276C197D09980130
:10C610004A815B8189810E94E1E1D8CF80E0DDCF52
:10C620000F931F93CF93DF93182F062FD1E0C0E015
:10C63000812F8D2329F0602F6D238C2F0F94776B22
:10C64000CF5FDD0FC330A1F7DF91CF911F910F9125
:10C6500008958F929F92AF92BF92CF92DF92EF9206
:10C66000FF9230E020E091E0482F492319F1A90121
:10C67000440F551F440F551FFA01E05AF84FC08070
:10C68000D180E280F380762F7923812C912C540184
:10C690008394772321F088248A94982C5401C80C21
:10C6A000D91CEA1CFB1C405A584FFA01C082D182A7
:10C6B000E282F382990F2F5F3F4F23303105A1F6BD
:10C6C000FF90EF90DF90CF90BF90AF909F908F90B2
:10C6D00008952F923F924F925F926F927F928F9226
:10C6E0009F92AF92BF92CF92DF92EF92FF920F9301
:10C6F0001F93CF93DF9300D000D0CDB7DEB7D90121
:10C70000C0906007D0906107E0906207F0906307E7
:10C710007C01EC18FD088090640790906507A0905C
:10C720006607B0906707681979098090680790904C
:10C730006907A0906A07B0906B079A012819390918
:10C740003A832983FB01FF0FEE0BFF0FFE2FEE1F35
:10C75000E270C90188E09802812D990B1124847040
:10C76000E82B8F2D881F8827881FE82BE093F7037D
:10C7700090910B01987B32E03E2730FD9160E1FF04
:10C780009260347009F0946090930B0100008AEE7F
:10C790009FEC011102C090E080E0909365058093CA
:10C7A0006405B093F603A093F50389819A819E8373
:10C7B0008D8397FF05C09195819591099E838D8307
:10C7C0008B0177FF03C0119501951109F7FE03C096
:10C7D000F194E194F1089801D8010F94BBDE4B016C
:10C7E0005C012D813E81D9010F94BBDE860E971E20
:10C7F000A81EB91E9701D7010F94BBDE680D791DE5
:10C800008A1D9B1D0F942FD80F9499E220E030E0F1
:10C8100040E05FE30F94CBDE0F9443E02B014B012C
:10C820005B016B013B011C821B82312C212C1A8283
:10C8300019826114710409F448C0E0916405F09113
:10C8400065053097F1F580E0EC14FD0448F0C40C68
:10C85000D51C29813A812F5F3F4F3A83298381E09C
:10C860000A151B0530F08260A40CB51C3FEF231A9B
:10C87000330A2D813E812815390548F08460840CE7
:10C88000951C2B813C812F5F3F4F3C832B83CE181F
:10C89000DF08A01AB10A2D813E81821A930A86B957
:10C8A000E0916005F09161053097D1F1B201C301CB
:10C8B0001995009711F00E9477E031E0631A710832
:10C8C000B8CF1995882309F4BECFE0916205F091A5
:10C8D0006305309741F030E020E04B815C81B1018D
:10C8E00089819A81199581E0672809F480E026966C
:10C8F0000FB6F894DEBF0FBECDBFDF91CF911F9171
:10C900000F91FF90EF90DF90CF90BF90AF909F90EE
:10C910008F907F906F905F904F903F902F900895F1
:10C9200084EF91E0C8CF8EBD0DB407FEFDCF8EB56C
:10C930000895459885E00E9493E48FEF0E9493E468
:10C94000459A80FDF6CF08951F93CF93DF93EA01B8
:10C95000162F0E9493E4812F0E9493E48D2F0E9452
:10C9600093E48C2FDF91CF911F910C9493E4459821
:10C970000E94A4E4459A0895EF92FF920F931F93AB
:10C98000CF93DF937A0189014598AB01BC0182E026
:10C990000E94A4E4E7010E0D1F1DC017D10741F44A
:10C9A000459ADF91CF911F910F91FF90EF900895DD
:10C9B00089910E9493E4F1CFEF92FF920F931F931E
:10C9C000CF93DF937A0189014598AB01BC0183E0E5
:10C9D0000E94A4E4E7010E0D1F1DC017D10741F40A
:10C9E000459ADF91CF911F910F91FF90EF9008959D
:10C9F0008FEF0E9493E48993F0CF0F931F93CF930F
:10CA0000DF9300D01F92CDB7DEB78C018CE58CBDD3
:10CA10001DBC24E030E0AE014F5F5F4F60E070ED81
:10CA200083E090E00E94DCE489819A81AB81BC8143
:10CA300087349545A245B54571F40115110549F0B6
:10CA400021E030E0A80165E070ED83E090E00E9415
:10CA5000DCE481E001C080E00F900F900F900F9018
:10CA6000DF91CF911F910F910895459886E00E9424
:10CA700093E4459A08954F925F926F927F928F92BE
:10CA80009F92AF92BF92EF92FF920F931F93CF931B
:10CA9000DF937C014A015B01E9018CE58CBD1DBC83
:10CAA000412C80ED582E83E0682E712C0E9435E5D4
:10CAB000B301A20180E20E94B7E40E9499E480E100
:10CAC000580E611C711C41145104E4E06E0671049F
:10CAD00069F78DB79EB7F7019387828700D08F9152
:10CAE0009F91AF91B0E086839783A087B1870E9422
:10CAF00035E52CE030E0A70160E070ED83E090E0E8
:10CB00000E94BCE40E9499E40E9435E54598B50175
:10CB1000A40182E00E94A4E4FE01219680810E948B
:10CB200093E40150110941F0FFEF8F1A9F0AAF0AF9
:10CB3000BF0AFE018110F1CF459A0E9499E40115C8
:10CB4000110511F7DF91CF911F910F91FF90EF9099
:10CB5000BF90AF909F908F907F906F905F904F901D
:10CB60000895CF93DF93CDB7DEB72C970FB6F89427
:10CB7000DEBF0FBECDBF47E455E562E575E54983ED
:10CB80005A836B837C8391E09D838E83F89488E144
:10CB90009DE00FB6F894A895809360000FBE909327
:10CBA000600000E012E230E020E040E051ED63E0A0
:10CBB00070E0CE0101960E943BE50E9401680F9350
:10CBC0001F93CF93DF93CDB7DEB72C970FB6F894B2
:10CBD000DEBF0FBECDBF87E495E5A2E5B5E589834D
:10CBE0009A83AB83BC831D821E8200E010E220E0AA
:10CBF00032E040E053ED63E070E0CE0101960E9428
:10CC00003BE52C960FB6F894DEBF0FBECDBFDF918B
:10CC1000CF911F910F910895CF93459A3D9A8CE53E
:10CC20008CBD1DBC459880E90E9493E480E00E9481
:10CC300093E480E00E9493E480E00E9493E48FEF0D
:10CC40000E9493E4C82F8FEF0E9493E4982F459A97
:10CC5000CF3E11F0C83C19F481E0913109F080E039
:10CC6000CF910895809106018095817008951F935A
:10CC7000CF93DF930F9422CF109211051BE0D1E0E8
:10CC800080911105843008F03EC21092140585E8A9
:10CC90009CE30E9460730F94EDD10E94966881110D
:10CCA00019C00E943068811115C08091DB03811189
:10CCB00011C08091630E833009F051C080916B14D4
:10CCC000882341F08BE79CE30E94607363EF72ED71
:10CCD0000F949FCE0E948068882381F00E9445684F
:10CCE000811104C08091610E843041F48BE69CE395
:10CCF0000E94607366E879E30F94A0D10E943068C7
:10CD0000811161C08091520E9091530E891B8F70DA
:10CD1000A9F50E949668811131C08091DE038230AE
:10CD200069F180911005811131C08AE59CE30E9470
:10CD300060736CE97AE30F94A0D180919A03882301
:10CD400029F18091630E813009F07EC08AE49CE372
:10CD50000E9460736AE870ED0F949FCE17C0843014
:10CD600009F0B8CF80919A03882309F4B3CF8BE7F9
:10CD70009CE30E94607364E870EDAACF84E69CE3B4
:10CD80000E9460736AEE74ED0F94A0D1C091550EAD
:10CD90000E943A68C11117C09091540E911113C0AE
:10CDA000811115C080919F0381110DC080910D05E7
:10CDB000882309F44CC080E39CE30E94607362ED19
:10CDC0007AE30F949FCE0E943A688823F1F0809115
:10CDD0001A0581111AC08091DE038230B1F0809172
:10CDE0006A02823021F49091560E992371F090914D
:10CDF0007107983051F0811136C081E29CE30E94A6
:10CE0000607364E779E30F94A0D10E9445688111B3
:10CE100008C00E943A68811104C00E9430688823CB
:10CE200041F080917107813021F080919F03882328
:10CE300039F180911005882359F180E19CE30E942B
:10CE4000607364EB7AE322C08EE39CE381CF809130
:10CE50006A14882309F4B7CF80E39CE30E946073CF
:10CE60006CED7AE3AECF813081F680919A0388230E
:10CE700061F281E29CE30E94607364E37AE3C3CFD2
:10CE80008DE79DE30E9460736CEF72ED0F94A0D16B
:10CE90000E94306881119EC00E94966881119AC0DC
:10CEA00080911A05811196C08091DE03823009F4C9
:10CEB00091C080916B14811105C08091610E88230F
:10CEC00009F4B9C08091FD16811112C080910D0541
:10CED00081110EC08091610E81110AC0D093D903D7
:10CEE00080E09CE30E9460736CE679E30F94A0D12C
:10CEF00081EA9DE00F94A3DDC82F0E94D97787FDBA
:10CF000009C0C81739F0C102C0011124875B924FD4
:10CF10000E94A8D18091EA048C3309F4B0C008F0D3
:10CF200093C0893109F49FC0883209F492C080917E
:10CF3000A30381114FC08091100581114BC08091D6
:10CF40009413813009F0AFC080916A1381110CC035
:10CF50000E9432E6811108C086ED9BE30E94607357
:10CF600064EB78ED0F94A0D185EC9BE30E94607395
:10CF70006BEE78ED0F94A0D183EB9BE30E9460737E
:10CF80006EEE78ED0F94A0D185E69CE50E9460736B
:10CF900061EF78ED0F94A0D18EEC9EE00F94A3DDAD
:10CFA000882341F086E59CE50E94607364EF78ED8C
:10CFB0000F94A0D187E69DE30E94607362EE7AE34E
:10CFC0000F94A0D181E89BE30E94607361E374ED4C
:10CFD0000F94A0D184E79BE30E94607360E779E33C
:10CFE0000F94A0D187E69BE30E94607366EA79E321
:10CFF0000F94A0D180919413813041F486E59BE396
:10D000000E9460736EE979E30F94A0D18CE49BE3F6
:10D010000E94607360E77BE30F94A0D10F94F6CE7B
:10D02000809111058F5F80931105809113058F5FAB
:10D030008093130525CED093D90383EF9BE30E9401
:10D0400060730F94EDD154CF803519F18F3F09F003
:10D050006ECF87EE9BE30E94607322E048ED5AE3B7
:10D0600066E27BE809C087EE9BE30E94607322E0E2
:10D0700048ED5AE36BE27BE80F94B1D058CF87EECE
:10D080009BE30E94607322E048ED5AE361E27BE893
:10D09000F3CF87EE9BE30E94607322E048ED5AE3F2
:10D0A0006CE17BE8E9CF80918417882319F18091A6
:10D0B0008517811108C083EA9BE30E94607368E3CF
:10D0C0007AE30F94A0D10E9432E6882339F083EBF3
:10D0D0009BE30E9460736AE67BE36ACF80918517C9
:10D0E000882309F467CF8FE89BE30E9460736EEF9B
:10D0F00079E35ECF83EA9BE30E94607368E37AE39F
:10D100000F94A0D1E4CFDF91CF911F910895CF93D9
:10D11000C82F86EA9CE00F94A3DDC0956C2F68238E
:10D1200086EA9CE0CF910D94C7DD1F93CF93DF93E8
:10D1300000D000D01F921F92CDB7DEB7BE016F5F47
:10D140007F4F8091DA030E94FB778091DA031BE026
:10D15000819FC00111246FEF7FEF805B924F0F948E
:10D16000E5DD6091DA03619FB0011124675B724FC6
:10D1700047E050E0CE0101960F94B7DD81EA9DE0D3
:10D180000F94A3DD9091DA0389130AC00E94ED7712
:10D1900080E00E94D9778F3F19F480E10E9487E8F0
:10D1A0000F94EAD128960FB6F894DEBF0FBECDBF1C
:10D1B000DF91CF911F910895CF93C82F86EA9CE00D
:10D1C0000F94A3DD682F6C2B86EA9CE0CF910D9421
:10D1D000C7DD2F923F924F925F926F927F928F9214
:10D1E0009F92AF92BF92CF92DF92EF92FF920F93F6
:10D1F0001F93CF93DF93CDB7DEB7CE5CD1090FB6C7
:10D20000F894DEBF0FBECDBF182F81E00E94656786
:10D2100081E00E943391111104C00F9457450E9480
:10D22000227880E00E94D96F0F945F8D0F94C2CB5B
:10D230001092670510926605ECE3F7E083E0DF01EA
:10D240001D928A95E9F781E00E949D67C755DF4FDF
:10D2500099838883C95AD04083E599E40E9460731A
:10D260000F94853560E070E080EA90E40E94156FCD
:10D270000E94EF6850E040E061E080E00E94F57BB2
:10D2800050E040E061E081E00E94F57B0F944EB9F0
:10D290000F94766410928F0220E030E040EA50E470
:10D2A00060913F077091400780914107909142073C
:10D2B0000F94CBDE60933F07709340078093410744
:10D2C0009093420720E030E040EA50E46091430749
:10D2D0007091440780914507909146070F94CBDEEB
:10D2E00060934307709344078093450790934607E4
:10D2F00060E070E080EA91E40F948EBA0F942C59AC
:10D300000E94F273E5968FAFE597811104C0E59610
:10D310001FAEE5970DC387E199E40E9460730F94F7
:10D320000C36112309F4DFC281E00F94BC6785EE4F
:10D3300098E40E9460730F94853543E95EE663E0EC
:10D3400080E00E94A86F0E94786711111BC084E0E2
:10D350008093960280E00F94BC678BE298E40E9471
:10D3600060730F940C3682E08093960283EC98E40D
:10D370000E9460730F9485354BE85EE663E080E0C1
:10D380000E94A86F00918F0210928F0260E070E0FF
:10D3900080E89FEB0E94966EC12CD12CB0EAEB2E58
:10D3A000B0E4FB2EC0924707D0924807E0924907AD
:10D3B000F0924A0781E080938F0284E00F94933BC0
:10D3C00060E070E080EA91E40F948EBA0F942C59DB
:10D3D0000F94643B00938F0282E00F9418592DEC58
:10D3E0003CEC44EA50E40F94C0DF18160CF484C2FD
:10D3F00082E00F94185923E333E34BE950E40F9490
:10D4000054E187FD79C211117CC280E10E9487E856
:10D4100081EA9DE00F94A3DDBBE08B9FC001112446
:10D4200070E060E0805B924F0F94E5DD0E947867CA
:10D43000EDE9F3E184ECDF011D928A95E9F784E4DC
:10D4400092E90E94DA7881E090E00F945E7883ECB4
:10D4500098E40E9460730F948535C0924707D0927C
:10D460004807E0924907F0924A07B2E0E196BFAF61
:10D47000E1972FE132E9CD56DF4F39832883C35935
:10D48000D0404CE953E1CF56DF4F59834883C1590F
:10D49000D040A0965FAF4EAFA097E0963FAF2EAFC3
:10D4A000E097A7961FAEA797312C212C0E94786792
:10D4B00063E080E00E94946FBFEF2B1A3B0A3F921B
:10D4C0002F92EFE3F2E9FF93EF930E946D6F65E512
:10D4D00075E585E591E40F944BC3E096EEADFFADA5
:10D4E000E09785919591A591B49180933F07909392
:10D4F0004007A0934107B0934207E096EEADFFAD21
:10D50000E097349685919591A591B49180934307C6
:10D5100090934407A0934507B093460760E070E0FE
:10D5200088E492E40F944BC344EA50E95F934F932D
:10D530000F9465DC43E950E963E084E00E94A86F42
:10D540000F9457450F942C5980916F008D7F8093D5
:10D550006F000FB6F894A895809160008861809361
:10D560006000109260000FBE109265051092640575
:10D570008EEE9FEC9093630580936205AEE7BFEC5F
:10D58000B0936105A0936005009168071091690749
:10D5900020916A0730916B074091640750916507AD
:10D5A00060916607709167078091600790916107AD
:10D5B000A0916207B09163073F932F931F930F933E
:10D5C0007F936F935F934F93BF93AF939F938F938B
:10D5D000E3E4F1E9FF93EF930F9465DC409060077B
:10D5E000509061076090620770906307B42CA52C7F
:10D5F0008091640790916507A0916607B0916707D5
:10D60000A6968CAF9DAFAEAFBFAFA697A3969FACCB
:10D61000A397A4968FACA497C0906807D090690791
:10D62000E0906A07F0906B070FB6F894DEBF0FBE6C
:10D63000CDBFB5E0CB16B7EFDB060CF4D9C11A822B
:10D6400019821F921F92E3E0EF93F4E8FF931F9279
:10D6500024E62F93DF92CF928F929F92AF92BF9248
:10D660004AEB50E95F934F930F9465DC0FB6F89443
:10D67000DEBF0FBECDBF89819A81803D924008F404
:10D6800082C189819A81803A954010F00C9443FAC6
:10D690009E012F5F3F4F790110E000E02CE73CEF47
:10D6A000A60144565109692D782D8B2D9A2D0F9482
:10D6B0005796882311F40C9443FA89819A818053F8
:10D6C0009D4FC0906807D0906907E0906A07F0907E
:10D6D0006B070091640710916507209166073091F0
:10D6E00067074091600750916107609162077091F0
:10D6F00063079F938F93DF92CF921F930F935F9354
:10D700004F938FE191E99F938F930F9465DC409144
:10D7100068075091690760916A0770916B074854D8
:10D72000510900E028EC30E0A3966FADA397A496D2
:10D730007FADA497C2010E9469E3209160073091F8
:10D74000610740916207509163076E962CAF3DAF21
:10D750004EAF5FAF6E978091640790916507A0917F
:10D760006607B0916707AE968CAF9DAFAEAFBFAF07
:10D77000AE97209168073091690740916A075091F0
:10D780006B07E9962CAF3DAF4EAF5FAFE997A2E7CD
:10D79000BBE00FB6F894DEBF0FBECDBF90E080E0D7
:10D7A000FC01E654FE46259134912D933D93FC01F6
:10D7B000EE55FE462591349157963C932E935697FD
:10D7C00002968831910561F7E7964EAD5FADE79718
:10D7D000AC966EAD7FADAC976C968EAD9FAD6C97F1
:10D7E0000F94DF9222E737E0A4963FAF2EAFA497C5
:10D7F0007901F0E29F2EA5E6CA2EA1E9DA2E0EEFFE
:10D8000014EA5701E0E28E2ED5018D915D011F9241
:10D810008F93DF92CF920F9465DC8A940F900F90D4
:10D820000F900F908110F0CF1F930F930F9465DC32
:10D830009A94B0E2EB0EF11C0F900F909110E1CF93
:10D840001F930F930F9465DC62E77BE00F900F90BE
:10D85000E2E7F7E090E080E050E040E02191211124
:10D8600007C34F5F5F4F6E177F07C1F79A01280FFD
:10D87000391F25383340A4F0433351058CF08333EE
:10D88000910574F020E034E0241B350B281B390B84
:10D89000241735072CF41DEF281739070CF4D8C0CE
:10D8A00066961FAE669762961FAE629722961FAE6F
:10D8B0002297198282E797E0892B99F082E79BE013
:10D8C0000FEF009749F0AE014F5A5F4FBE016B5A00
:10D8D0007F4F0F940292082F8AE89BE0892B09F072
:10D8E000CCC28FEFDCC283EC98E40E9460730F948B
:10D8F00085354FE85EE623CD80E592E90F940C363E
:10D9000006CDC755DF4F88819981C95AD0400E9402
:10D9100083670F9427CC0F94C5C90F94D0C7E596A1
:10D920008FAFE597882309F4F2CC84E00E94DCE80D
:10D9300081E00E94D96F80E00E94656780E00E94CC
:10D940003391E5968FADE597C253DF4F0FB6F8944C
:10D95000DEBF0FBECDBFDF91CF911F910F91FF9022
:10D96000EF90DF90CF90BF90AF909F908F907F907F
:10D970006F905F904F903F902F900895E1E0E19677
:10D98000EFAFE19776CDFE0131967F0110E000E028
:10D9900024E833E0A601692D782D8B2D9A2D0F9464
:10D9A0005796882309F46DCE89819A818ACE898120
:10D9B0009A8180349B40B8F4CE0101967C0104EB3F
:10D9C00010E02CE73CEFA6014C525140692D782D18
:10D9D0008B2D9A2D0F945796882329F089819A814F
:10D9E0008059974F6ECE90E9C91A91E0D90A21CE9D
:10D9F000009168071091690720916A0730916B07C1
:10DA000040916407509165076091660770916707C0
:10DA10008091600790916107A0916207B0916307C0
:10DA20003F932F931F930F937F936F935F934F9326
:10DA3000BF93AF939F938F9382EF90E99F938F93C0
:10DA40000F9465DC0FB6F894DEBF0FBECDBF1FEF9D
:10DA500082ED91E99F938F930F9465DC63E084E0FE
:10DA60000E94946F80E10E948A6F0F94C1BA88E18E
:10DA700098E20FB6F894A895809360000FBE90933B
:10DA800060008091600080648093600080916F00EE
:10DA9000826080936F000F900F901D3F09F464C364
:10DAA0001F3F11F40C94FFF920E030E0A901A0968B
:10DAB000EEADFFADA09761817281838194810F9457
:10DAC00070D820913F073091400740914107509115
:10DAD00042070F94CBDEA096AEADBFADA0971196D6
:10DAE0006D937D938D939C931497C0904307D09032
:10DAF0004407E0904507F090460720E030E0A90198
:10DB000015966D917D918D919C9118970F9470D879
:10DB1000A70196010F94CBDEA096EEADFFADA097C6
:10DB2000658376838783908720E030E040E850EC7F
:10DB3000C701B6010F94C0DF87FF0CC080E090E002
:10DB4000A0E8B0EC8093430790934407A093450767
:10DB5000B093460720E030E040E450E4609147078E
:10DB6000709148078091490790914A070F94CBDE46
:10DB700060934707709348078093490790934A073B
:10DB8000E0962EAD3FADE097285F3F4FE0963FAF68
:10DB90002EAFE097A0964EAD5FADA097485F5F4F68
:10DBA000A0965FAF4EAFA09754E02516310409F060
:10DBB0007DCCA7966FADA797662331F0E1968FAD28
:10DBC000E197813009F0DACE8AE69EE69F938F9343
:10DBD0000F9465DC90E080E00E943E940F900F90DF
:10DBE00020E030E040E950EC6091A1137091A21365
:10DBF0008091A3139091A4130F94C0DF87FFBBC241
:10DC00008EE192E90E94057B8CEE91E90E94DA7820
:10DC10006091A1137091A2138091A3139091A4130A
:10DC200042E00F942FD688EE91E90E94DA7860E006
:10DC300070E080E990EC0F94D87692E0AF969FAFB9
:10DC4000AF971092CD131092CE131092CF13109263
:10DC5000D0131092D1131092D2131092D3131092AA
:10DC6000D413A4E6E696AFAFE697A2961CAE1DAE1F
:10DC70001EAE1FAEA297A6961CAE1DAE1EAE1FAE68
:10DC8000A697FE0131966896FFAFEEAF68979E01AA
:10DC90002F5B3F4F6A963FAF2EAF6A97A6966CAD4B
:10DCA0007DAD8EAD9FADA6970F94C5DF6E966CAF20
:10DCB0007DAF8EAF9FAF6E97A6966CAD7DAD8EADEE
:10DCC0009FADA6970F948BE2CB57DF4F6883798384
:10DCD0008A839B83C558D040A2966CAD7DAD8EAD36
:10DCE0009FADA2970F94C5DFC757DF4F6883798335
:10DCF0008A839B83C958D040A2966CAD7DAD8EAD12
:10DD00009FADA2970F948BE2CB56DF4F6883798348
:10DD10008A839B83C559D0406896AEADBFAD6897E6
:10DD2000E0E41D92EA95E9F780E16A96AEADBFADF9
:10DD30006A971D928A95E9F790E080E00E943E94F0
:10DD40002091CD133091CE134091CF135091D01329
:10DD5000C555DF4F288339834A835B83CB5AD04034
:10DD60008091D1139091D213A091D313B091D41379
:10DD7000C155DF4F88839983AA83BB83CF5AD04094
:10DD8000DE01AF5BBF4FC756DF4FB983A883C959C8
:10DD9000D040FE013196AC96FFAFEEAFAC9700E0FD
:10DDA000CB56DF4F288139814A815B81C559D040EC
:10DDB0005058ED962CAF3DAF4EAF5FAFED97C757C4
:10DDC000DF4F88819981AA81BB81C958D040B05862
:10DDD000C358DF4F88839983AA83BB83CD57D04034
:10DDE000CB57DF4F288139814A815B81C558D040AC
:10DDF0005058CF57DF4F288339834A835B83C158FC
:10DE0000D040AC962EAC3FACAC9710E06CE9462EFF
:10DE100063E1562E74E0772EC12CD12C76010130AF
:10DE200011F40C94B7FA113011F40C9465FA002334
:10DE300011F40C94A5FA023009F0A1C1D201119697
:10DE40002D913D914D915C911497CF57DF4F688193
:10DE500079818A819B81C158D0400F9470D84B0141
:10DE60005C0111119AC160E070E080E89FE3AAC1F3
:10DE70002F3F09F0F8CC0196F6CCAE014F5F5F4F13
:10DE8000BE016F5B7F4F8AE89BE00F94029266961B
:10DE90006FAD669762961FAD6297801728F0229645
:10DEA0006FAD22971981082F083508F45BC170E027
:10DEB00090E080E00F9431D820E030E040EB50E477
:10DEC0000F94CBDE2B013C0165964CAE5DAE6EAE81
:10DED0007FAE6597612F70E090E080E00F9431D8BD
:10DEE00020E030E040EB50E40F94CBDE4B015C01CE
:10DEF00025968CAE9DAEAEAEBFAE259720E030E04D
:10DF000040E950E429833A834B835C83AE014F5F41
:10DF10005F4FBE016F5B7F4FCE018F5A9F4F0F94B3
:10DF2000B78EA301920165966CAD7DAD8EAD9FADB0
:10DF300065970F94CADE6B017C019F7720E030E08B
:10DF400040E450E40F9454E1181634F1A501940113
:10DF500025966CAD7DAD8EAD9FAD25970F94CADE35
:10DF60009F7720E030E040E450E40F9454E118162D
:10DF70009CF020E030E040EA50E469817A818B81B6
:10DF80009C810F94CADE9F7720E030E040E450E4AB
:10DF90000F9454E11816BCF520E030E040EA50E45C
:10DFA00069817A818B819C810F94CADE9F938F93C4
:10DFB0007F936F93A501940125966CAD7DAD8EADD9
:10DFC0009FAD25970F94CADE9F938F937F936F9396
:10DFD000FF92EF92DF92CF9286E891E99F938F9321
:10DFE0000F9465DC65964CAE5DAE6EAE7FAE659708
:10DFF00025968CAE9DAEAEAEBFAE25970FB6F8940B
:10E00000DEBF0FBECDBF20E030E048E751E46596AB
:10E010006CAD7DAD8EAD9FAD65970F94CADE20E0EF
:10E0200030E040E852E40F9470D86B017C016C96AC
:10E03000AEADBFAD6C97BD01BB0F880B990B0F94B4
:10E0400031D89B01AC01C701B6010F94CBDE6B0147
:10E050007C016596CCAEDDAEEEAEFFAE659720E0FE
:10E0600030E048E751E425966CAD7DAD8EAD9FADB7
:10E0700025970F94CADE20E030E040E852E40F9488
:10E0800070D84B015C01AC96EEADFFADAC97BF0113
:10E09000FF0F880B990B0F9431D89B01AC01C50180
:10E0A000B4010F94CBDE25966CAF7DAF8EAF9FAFE2
:10E0B00025972AE037ED43E25CE30F9470D89F93F5
:10E0C0008F937F936F932AE037ED43E25CE3C701C0
:10E0D000B6010F9470D89F938F937F936F938AE6C6
:10E0E00091E99F938F930F9465DC20E030E040E04E
:10E0F0005FE325966CAD7DAD8EAD9FAD25970F94FA
:10E10000CBDE0F943CE06B0120E030E040E05FE3C9
:10E1100065966CAD7DAD8EAD9FAD65970F94CBDEF2
:10E120000F943CE0CB0100E028EC30E0E7964EADE8
:10E130005FADE797B6010E9469E30FB6F894DEBFC2
:10E140000FBECDBF10E082E59EE0A496AEADBFADA0
:10E15000A4971D92A496BFAFAEAFA4978A179B0752
:10E16000A1F776CC1FEFEFCFE596BFADE597A79669
:10E17000BFAFA79799CCAF961FAEAF9762CDF20114
:10E180002581368147815085C358DF4F6881798169
:10E190008A819B81CD57D04060CE123011F00C9413
:10E1A000A6F9D20111962D913D914D915C91149754
:10E1B000CF57DF4F688179818A819B81C158D040D8
:10E1C0000F9470D89B01AC01C501B4010F9470D8B5
:10E1D0009B01AC01C701B6010F94CBDE6B017C0142
:10E1E00001110C94B3FA7A94F8E04F0E511C71109F
:10E1F00016CED101CD92DD92ED92FD921D011F5FF1
:10E20000143009F003CE3FE1232E32E9332EECE93E
:10E21000F3E1A896FFAFEEAFA897C357DF4F188280
:10E22000CD58D040C356DF4F1882CD59D040CF557E
:10E23000DF4F1882C15AD04010E0A896AEADBFADF6
:10E24000A89711962D913D914D915C911497E4966C
:10E250002CAF3DAF4EAF5FAFE49715964D905D90FC
:10E260006D907C901897002311F40C94D9F9812CAF
:10E27000912C5401013081F0023011F00C94CDF951
:10E28000CF57DF4F688179818A819B81C158D04007
:10E290000F9470D84B015C01E4962CAD3DAD4EADB2
:10E2A0005FADE4976E966CAD7DAD8EAD9FAD6E9714
:10E2B0000F9470D86B017C01F10125913591459146
:10E2C0005491CB55DF4F288339834A835B83C55AEA
:10E2D000D040A3019201CB56DF4F688179818A81BA
:10E2E0009B81C559D0400F9470D89B01AC01C701E8
:10E2F000B6010F94CADEC555DF4F288139814A81A6
:10E300005B81CB5AD0400F94CBDECB55DF4F2881B9
:10E3100039814A815B81C55AD0400F94CADEA5017C
:10E3200094010F9470D8C357DF4F2881CD58D04047
:10E33000C356DF4F3881CD59D040CF55DF4F48818C
:10E34000C15AD040512F0F94CBDEC357DF4F6883A3
:10E3500079838A839B83CD58D040002311F40C9499
:10E36000E1F9013011F40C94E6F9023061F0A301F7
:10E370009201ED966CAD7DAD8EAD9FADED970F9496
:10E3800070D86B017C01F101349685909590A59031
:10E39000B490E4962CAD3DAD4EAD5FADE497CB5758
:10E3A000DF4F688179818A819B81C558D0400F9465
:10E3B00070D8E4966CAF7DAF8EAF9FAFE497A301AA
:10E3C0009201C757DF4F688179818A819B81C95843
:10E3D000D0400F9470D89B01AC01E4966CAD7DAD3C
:10E3E0008EAD9FADE4970F94CBDEC155DF4F2881F2
:10E3F00039814A815B81CF5AD0400F94CBDEA50191
:10E4000094010F94CADEA70196010F9470D8C357E8
:10E41000DF4F288139814A815B81CD58D0400F94EC
:10E42000CBDEC357DF4F6883CD58D040C356DF4F94
:10E430007883CD59D040CF55DF4F8883C15AD04023
:10E44000192FA8964EAD5FADA897485F5F4FA8966D
:10E450005FAF4EAFA89758E0250E311CACEBB3E18F
:10E46000A896EEADFFADA897AE17BF0709F0E5CEB1
:10E470009058C756DF4FA881B981C959D0406D93D4
:10E480007D938D939D93C756DF4FB983A883C95958
:10E49000D0400F5FAC96EEADFFADAC977096AC96EA
:10E4A000FFAFEEAFAC97043009F0ABCC25962CADA6
:10E4B0003DAD4EAD5FAD2597AE962CAF3DAF4EAFA7
:10E4C0005FAFAE978D819E81AF81B885E4968CAFAA
:10E4D0009DAFAEAFBFAFE49729853A854B855C858C
:10E4E000ED962CAF3DAF4EAF5FAFED978D859E851E
:10E4F000AF85B889C358DF4F88839983AA83BB83CC
:10E50000CD57D04029813A814B815C81CF57DF4F75
:10E51000288339834A835B83C158D04029968CADC8
:10E520009DADAEADBFAD2997CB57DF4F88839983A3
:10E53000AA83BB83C558D04029893A894B895C8915
:10E54000C757DF4F288339834A835B83C958D0403C
:10E55000898D9A8DAB8DBC8DCB56DF4F8883998387
:10E56000AA83BB83C559D0402D8D3E8D4F8D58A1B8
:10E57000C756DF4F288339834A835B83C959D0400C
:10E580008D899E89AF89B88DC357DF4F8883998362
:10E59000AA83BB83CD58D0402D962CAD3DAD4EAD5A
:10E5A0005FAD2D97C356DF4F288339834A835B8342
:10E5B000CD59D04089A19AA1ABA1BCA1CF55DF4FC5
:10E5C00088839983AA83BB83C15AD0402DA13EA1E1
:10E5D0004FA158A5CB55DF4F288339834A835B83EE
:10E5E000C55AD0408DA59EA5AFA5B8A9CD54DF4F83
:10E5F00088839983AA83BB83C35BD04029A53AA5AE
:10E600004BA55CA5C954DF4F288339834A835B83BC
:10E61000C75BD04061968CAD9DADAEADBFAD61978F
:10E62000C554DF4F88839983AA83BB83CB5BD040DB
:10E6300029A93AA94BA95CA9C154DF4F2883398382
:10E640004A835B83CF5BD0408DA99EA9AFA9B8ADAB
:10E65000CD53DF4F88839983AA83BB83C35CD040AB
:10E6600029AD3AAD4BAD5CADC953DF4F288339833B
:10E670004A835B83C75CD04021968CAD9DADAEAD27
:10E68000BFAD2197C553DF4F88839983AA83BB838E
:10E69000CB5CD04014E6C12CD12C76014601570149
:10E6A00026013701A3019201E4966CAD7DAD8EADDC
:10E6B0009FADE4970F9470D89B01AC01AE966CAD02
:10E6C0007DAD8EAD9FADAE970F94CADE2B013C01A0
:10E6D000A5019401ED966CAD7DAD8EAD9FADED972E
:10E6E0000F9470D89B01AC01C301B2010F94CADE34
:10E6F0002B013C01A7019601C358DF4F6881798146
:10E700008A819B81CD57D0400F9470D89B01AC017A
:10E71000C301B2010F94CADECF57DF4F2881398180
:10E720004A815B81C158D0400F94CADF6E966CAFAE
:10E730007DAF8EAF9FAF6E97C757DF4F288139816E
:10E740004A815B81C958D0400F9470D89B01AC01BD
:10E75000CB57DF4F688179818A819B81C558D04032
:10E760000F94CADE2B013C01A5019401CB56DF4F6B
:10E77000688179818A819B81C559D0400F9470D876
:10E780009B01AC01C301B2010F94CADE4B015C01D5
:10E79000A7019601C756DF4F688179818A819B81E5
:10E7A000C959D0400F9470D89B01AC01C501B40188
:10E7B0000F94CADEC357DF4F288139814A815B81BC
:10E7C000CD58D0400F94CADF2B013C01CF55DF4F0D
:10E7D000288139814A815B81C15AD0406E966CADE7
:10E7E0007DAD8EAD9FAD6E970F9470D89B01AC013F
:10E7F000C356DF4F688179818A819B81CD59D04092
:10E800000F94CADE4B015C01CB55DF4F2881398163
:10E810004A815B81C55AD040C301B2010F9470D8C0
:10E820009B01AC01C501B4010F94CADE4B015C0130
:10E83000A7019601CD54DF4F688179818A819B8140
:10E84000C35BD0400F9470D89B01AC01C501B401EB
:10E850000F94CADEC954DF4F288139814A815B8118
:10E86000C75BD0400F94CADF4B015C01C154DF4F3E
:10E87000288139814A815B81CF5BD0406E966CAD37
:10E880007DAD8EAD9FAD6E970F9470D89B01AC019E
:10E89000C554DF4F688179818A819B81CB5BD040F1
:10E8A0000F94CADE6B017C01CD53DF4F2881398183
:10E8B0004A815B81C35CD040C301B2010F9470D820
:10E8C0009B01AC01C701B6010F94CADE6B017C014C
:10E8D000C953DF4F288139814A815B81C75CD040B1
:10E8E000C501B4010F9470D89B01AC01C701B601FA
:10E8F0000F94CADEC553DF4F288139814A815B817D
:10E90000CB5CD0400F94CADF6B017C01115009F041
:10E91000C9CE6E962CAD3DAD4EAD5FAD6E97C55573
:10E92000DF4F688179818A819B81CB5AD0400F94D7
:10E93000CBDE6093CD137093CE138093CF1390935F
:10E94000D013A3019201C155DF4F688179818A817B
:10E950009B81CF5AD0400F94CBDE6093D11370933C
:10E96000D2138093D3139093D413A5019401A69648
:10E970006CAD7DAD8EAD9FADA6970F94CBDEA69608
:10E980006CAF7DAF8EAF9FAFA697A7019601A29601
:10E990006CAD7DAD8EAD9FADA2970F94CBDEA296F0
:10E9A0006CAF7DAF8EAF9FAFA297E6969FADE69717
:10E9B0009150E6969FAFE697911170C9A6966CADFF
:10E9C0007DAD8EAD9FADA6970F94C5DF6093BD134F
:10E9D0007093BE138093BF139093C013A6966CAD33
:10E9E0007DAD8EAD9FADA6970F948BE26093C11362
:10E9F0007093C2138093C3139093C413A2966CAD0B
:10EA00007DAD8EAD9FADA2970F948BE29058609331
:10EA1000C5137093C6138093C7139093C813A2961F
:10EA20006CAD7DAD8EAD9FADA2970F94C5DF6093A9
:10EA3000C9137093CA138093CB139093CC13A696EB
:10EA40002CAD3DAD4EAD5FADA697A2966CAD7DAD44
:10EA50008EAD9FADA2970F94CADE4B015C017C0185
:10EA60006B01E894F7F821EE3EE245E652E4A29607
:10EA70006CAD7DAD8EAD9FADA2970F9470D89F9376
:10EA80008F937F936F9321EE3EE245E652E4C501FA
:10EA9000B4010F9470D89F938F937F936F9386E107
:10EAA0009EE69F938F930F9465DCB701A60180E6E5
:10EAB0009FE00F94D9DD0FB6F894DEBF0FBECDBF37
:10EAC0002FE132E449E05BE3C701B6010F9454E162
:10EAD00010E0181664F425E33AEF4EE85BE3C70153
:10EAE000B6010F9454E112E018160CF011E025E382
:10EAF0003AEF4EE85BE3A6966CAD7DAD8EAD9FAD73
:10EB0000A6979F770F9454E118160CF467C425E379
:10EB10003AEF4EE85BE3A2966CAD7DAD8EAD9FAD56
:10EB2000A2979F770F9454E118160CF457C42091C4
:10EB3000BD133091BE134091BF135091C013AE96D8
:10EB40002CAF3DAF4EAF5FAFAE978091C5139091A4
:10EB5000C613A091C713B091C813E9968CAF9DAFAF
:10EB6000AEAFBFAFE9972091CD133091CE13409156
:10EB7000CF135091D013E4962CAF3DAF4EAF5FAFA3
:10EB8000E4978091C1139091C213A091C313B091E7
:10EB9000C413ED968CAF9DAFAEAFBFAFED97209194
:10EBA000C9133091CA134091CB135091CC13C35861
:10EBB000DF4F288339834A835B83CD57D0408091D0
:10EBC000D1139091D213A091D313B091D413CF57F6
:10EBD000DF4F88839983AA83BB83C158D040AFE1BC
:10EBE000B2E96C96BFAFAEAF6C978CE9282E83E18B
:10EBF000382EF101C180D280E380F48045805680B8
:10EC0000678070846C96EEADFFAD6C972591359161
:10EC100045915491CB57DF4F288339834A835B83D7
:10EC2000C558D0406C96EEADFFAD6C97349685908C
:10EC30009590A590B490ED962CAD3DAD4EAD5FADE9
:10EC4000ED97C701B6010F9470D8C757DF4F68839F
:10EC500079838A839B83C958D040C358DF4F28816A
:10EC600039814A815B81CD57D040C301B2010F94F5
:10EC700070D89B01AC01C757DF4F688179818A81C9
:10EC80009B81C958D0400F94CBDECF57DF4F2881EE
:10EC900039814A815B81C158D0400F94CBDE9B0102
:10ECA000AC01C501B4010F94CADE4B015C01A701A0
:10ECB0009601AE966CAD7DAD8EAD9FADAE970F94C7
:10ECC00070D86B017C01A3019201E9966CAD7DAD1A
:10ECD0008EAD9FADE9970F9470D89B01AC01C70131
:10ECE000B6010F94CBDEE4962CAD3DAD4EAD5FADDD
:10ECF000E4970F94CBDE9B01AC01CB57DF4F6881CB
:10ED000079818A819B81C558D0400F94CADEA501C4
:10ED100094010F9467E12DEC3CEC4CE45FE30F941D
:10ED200054E118160CF41EEF38E0230E311C6C96DB
:10ED30004EAD5FAD6C97485F5F4F6C965FAF4EAF67
:10ED40006C97A8968EAD9FADA8978215930509F094
:10ED500050CF111162C1A2962CAD3DAD4EAD5FAD4D
:10ED6000A297A6966CAD7DAD8EAD9FADA6970F9484
:10ED7000CBDE20E030E040E05FE30F9470D86B0121
:10ED80007C010F94C5DFA2966CAF7DAF8EAF9FAFB5
:10ED9000A2976093BD137093BE138093BF1390939B
:10EDA000C013C701B6010F948BE2A6966CAF7DAF7E
:10EDB0008EAF9FAFA6976093C1137093C2138093D9
:10EDC000C3139093C4139B01AC015058AA962CAF67
:10EDD0003DAF4EAF5FAFAA972093C5133093C613D4
:10EDE0004093C7135093C813A2968CAD9DADAEADA2
:10EDF000BFADA2978093C9139093CA13A093CB136E
:10EE0000B093CC131092CD131092CE131092CF1357
:10EE10001092D0131092D1131092D2131092D313D8
:10EE20001092D413412C512C3201CF56DF4FA881C0
:10EE3000B981C159D04011968D909D90AD90BC90F4
:10EE4000149715962D913D914D915C9118976E9662
:10EE50002CAF3DAF4EAF5FAF6E97CD56DF4FE88121
:10EE6000F981C359D040C590D590E590F490A501A3
:10EE70009401A2966CAD7DAD8EAD9FADA2970F941F
:10EE800070D8AE966CAF7DAF8EAF9FAFAE976E96DB
:10EE90002CAD3DAD4EAD5FAD6E97AA966CAD7DAD20
:10EEA0008EAD9FADAA970F9470D89B01AC01AE9622
:10EEB0006CAD7DAD8EAD9FADAE970F94CBDE9B015B
:10EEC000AC01C701B6010F94CADE2091CD13309179
:10EED000CE134091CF135091D0130F94CBDE6B0122
:10EEE0007C01C092CD13D092CE13E092CF13F0925A
:10EEF000D01320E030E040E85FE3C301B2010F949B
:10EF0000CBDE2B013C01CD56DF4FE881F981C3599F
:10EF1000D04034962591359145915491AE962CAFC1
:10EF20003DAF4EAF5FAFAE97A5019401A6966CAD15
:10EF30007DAD8EAD9FADA6970F9470D84B015C014F
:10EF40006E962CAD3DAD4EAD5FAD6E97A2966CAD9D
:10EF50007DAD8EAD9FADA2970F9470D89B01AC0193
:10EF6000C501B4010F94CBDE9B01AC01AE966CAD34
:10EF70007DAD8EAD9FADAE970F94CADE2091D113BB
:10EF80003091D2134091D3135091D4130F94CBDE10
:10EF90004B015C018092D1139092D213A092D313B3
:10EFA000B092D413CF56DF4F48815981C159D04018
:10EFB000485F5F4FCF56DF4F59834883C159D040D8
:10EFC000CD56DF4F88819981C359D0400896CD56E0
:10EFD000DF4F99838883C359D0402416350609F042
:10EFE00024CFA3019201C701B6010F94CADF609339
:10EFF000CD137093CE138093CF139093D013A301AE
:10F000009201C501B4010F94CADF6093D1137093CC
:10F01000D2138093D3139093D4134090BD13509088
:10F02000BE136090BF137090C013C090C913D090EE
:10F03000CA13E090CB13F090CC132091C113309100
:10F04000C2134091C3135091C413A2962CAF3DAF8D
:10F050004EAF5FAFA2978091C5139091C613A09158
:10F06000C713B091C813A6968CAF9DAFAEAFBFAF1C
:10F07000A697A7019601C301B2010F9470D84B0166
:10F080005C01A6962CAD3DAD4EAD5FADA697A296A8
:10F090006CAD7DAD8EAD9FADA2970F9470D89B01E6
:10F0A000AC01C501B4010F94CADE4B015C01AC0197
:10F0B0009B01C701B6010F94CADF6B017C01A696C4
:10F0C0006CAD7DAD8EAD9FADA6979058A501940116
:10F0D0000F94CADFA6966CAF7DAF8EAF9FAFA69799
:10F0E000A2966CAD7DAD8EAD9FADA2979058A50157
:10F0F00094010F94CADFAA966CAF7DAF8EAF9FAF1D
:10F10000AA97A5019401C301B2010F94CADF4B0174
:10F110005C014090CD135090CE136090CF1370904F
:10F12000D0132091D1133091D2134091D313509129
:10F13000D413A2962CAF3DAF4EAF5FAFA297C09253
:10F14000BD13D092BE13E092BF13F092C013AA96E3
:10F150008CAD9DADAEADBFADAA978093C11390931A
:10F16000C213A093C313B093C413A6962CAD3DADA8
:10F170004EAD5FADA6972093C5133093C613409351
:10F18000C7135093C8138092C9139092CA13A092C8
:10F19000CB13B092CC13C701B6019058A3019201D2
:10F1A0000F9470D86B017C01A2962CAD3DAD4EAD95
:10F1B0005FADA297A6966CAD7DAD8EAD9FADA697C7
:10F1C0000F9470D89B01AC01C701B6010F94CADE41
:10F1D0006093CD137093CE138093CF139093D0137D
:10F1E000AA966CAD7DAD8EAD9FADAA979058A30148
:10F1F00092010F9470D86B017C01A2962CAD3DADAD
:10F200004EAD5FADA297C501B4010F9470D89B01BC
:10F21000AC01C701B6010F94CADE6093D11370939D
:10F22000D2138093D3139093D41390E080E00E9484
:10F230003E9417FDD5C084E59EE69F938F930F946F
:10F2400065DC4DEC53E165EC73E18DEB93E10F94DC
:10F2500040CA48E050E065EE7FE08DEC93E10F940A
:10F26000B7DD48E050E06DED7FE08DEB93E10F946A
:10F27000B7DD48E050E065ED7FE085EC93E10F9469
:10F28000B7DD0F94C5C90F900F90C755DF4F888128
:10F290009981C95AD0400E94836780E090E0A0EA3B
:10F2A000B0E48093470790934807A0934907B09331
:10F2B0004A0760E070E080EA91E40F948EBA0F9400
:10F2C0002C5917FD22C01092470710924807109240
:10F2D000490710924A0780E090E0A6E1B3E48093EA
:10F2E000580590935905A0935A05B0935B0565E5C1
:10F2F00075E585E591E40F945BBA85E697E40E9495
:10F3000060730F940C360F94D0C781E00E94D96FC0
:10F3100082E00E945B6F86E297E41F3F99F01E3FF8
:10F3200009F073C0AF964FADAF9781EF96E44423D9
:10F3300049F0AF965FADAF978FEA96E4523011F087
:10F3400088E696E40E9460730C947EECF2012581BD
:10F35000368147815085C358DF4F688179818A8122
:10F360009B81CD57D0400C94E0F0F201258136818D
:10F3700047815085ED966CAD7DAD8EAD9FADED971F
:10F38000B8C0F2012581368147815085ED966CAD7C
:10F390007DAD8EAD9FADED97C6C0A3019201C35860
:10F3A000DF4F688179818A819B81CD57D0400C9451
:10F3B00048F1812C912C20E8A22E2FE3B22E0C9440
:10F3C0004CF1C12CD12C76010C94C3F1C12CD12C61
:10F3D00090E8E92E9FE3F92E0C94C3F112E0A7CB3D
:10F3E0001E3F89F4AF963FADAF97323009F04DCF55
:10F3F0008DE29EE69F938F930F9465DC44CFAF968A
:10F400001FAEAF9742CF1FEF40CFAF966FADAF9714
:10F41000611113C08DE495E4113051F08AE095E458
:10F42000123031F081EF96E4111102C082E995E4C7
:10F430000E9460730F940C360DC0AF968FADAF97DE
:10F440008230F1F481E296E40E9460730F940C36EE
:10F45000111604F31F3F11F40C9487E986E00E9413
:10F46000DCE88FE59FE00F94A3DD81110C9498EC0C
:10F470008CE897E40E9460730F940C360C9498EC1F
:10F4800085ED95E4E1CF89819A818037984010F02D
:10F490000C94D7ECAE014F5F5F4F7A0104EB10E0A4
:10F4A00024E833E0A601485C5109692D782D8B2DA5
:10F4B0009A2D0F945796882311F40C94D7EC8981D8
:10F4C0009A8180569A4F0C9461EB002311F40C94AE
:10F4D000F3F0023009F049CFD20111962D913D9100
:10F4E0004D915C9114976E966CAD7DAD8EAD9FADD8
:10F4F0006E970F9470D84B015C0160E070E080E87B
:10F500009FE3113091F0123009F03BCFD2011196F8
:10F510002D913D914D915C9114976E966CAD7DADA2
:10F520008EAD9FAD6E970F9470D89B01AC01C50155
:10F53000B4010F9470D89B01AC01C701B6010F94C0
:10F54000CBDE6B017C010C94F3F0812C912C50E804
:10F55000A52E5FE3B52E11110C94CDF020E030E024
:10F5600040E85FE3EACF1111B4CF0C94F3F0812CA3
:10F57000912C40E8A42E4FE3B42E1111BECF0C9471
:10F58000F3F0CF93C82F86EA9CE00F94A3DD982F69
:10F590009C2381E09C1380E0CF9108950F931F93EB
:10F5A0008B010E9461D0FC0120812E3211F080E09D
:10F5B00034C0B8016E5F7F4F01960E9461D0FC019C
:10F5C00020812E32A1F7B8016C5F7F4F01960E9417
:10F5D00061D020E430E0F80137832683FC01DF01AD
:10F5E0009191892F8F7DC1F187EF890F8230A0F132
:10F5F0009D3091F19D3299F711969C919234E1F0F2
:10F600007CF49134A1F60A5F1F4F28E030E045E01A
:10F610006AE57DE8CF010E9436D21F910F910895CF
:10F62000943491F0923519F60A5F1F4F20E230E0D2
:10F6300042E06EE47DE8EECF0A5F1F4F20E130E04C
:10F6400044E065E57DE8E6CF0A5F1F4F30E020E04B
:10F6500043E061E57DE8DECF81E0DFCF0F931F93CC
:10F66000CF93DF93EB018A01813081F0823089F002
:10F6700080E390E40E94607322E0A801BC01CE0107
:10F68000DF91CF911F910F910D94B1D089E290E459
:10F69000F1CF80E290E4EECF84E09DE00F94A3DD13
:10F6A0008A3239F48AE29DE00F94A3DD91E0813043
:10F6B00009F090E0892F0895CF93DF93CDB7DEB79F
:10F6C00067970FB6F894DEBF0FBECDBF789484B5B0
:10F6D000826084BD84B5816084BD85B5826085BD4E
:10F6E00085B5816085BD80916E00816080936E00DC
:10F6F00010928100809181008260809381008091CE
:10F70000810081608093810080918000816080937E
:10F7100080008091B10084608093B1008091B0003E
:10F7200081608093B000809191008260809391000D
:10F730008091910081608093910080919000816020
:10F74000809390008091A10082608093A1008091BD
:10F75000A10081608093A1008091A00081608093CE
:10F76000A00080912101826080932101809121017C
:10F77000816080932101809120018160809320012C
:10F7800080917A00846080937A0080917A00826010
:10F7900080937A0080917A00816080937A008091D2
:10F7A0007A00806880937A001092C1009FB7F89425
:10F7B000A89584B7877F84BF0FB6F894A8958091E9
:10F7C0006000886180936000109260000FBE9FBF50
:10F7D0009FB7F8941092B00084E08093B1008091BC
:10F7E0007000816080937000809170008D7F8093A5
:10F7F0007000809170008B7F809370001092B30036
:10F800009FBF6B98739A6AE070E080E090E00F947D
:10F81000923D9CB181E0292F287093FD80E0809378
:10F82000FA03211122C062E082E39DE00E949377F7
:10F8300080934F0262E884E39DE00E949377809377
:10F84000F90362E383E39DE00E9493778093F803DA
:10F850006FE070E080E39DE00E947B7790934E0222
:10F8600080934D026B9A0E944C918F98559A879A7B
:10F87000859A9C9A809101018068809301019B9AEE
:10F88000809109048860809309042FEF30E782E0BB
:10F89000215030408040E1F700C0000081E00E942C
:10F8A000FF6F87EA91E7909304048093030410921A
:10F8B00006041092050412E01093FE03109208044F
:10F8C000109207040E94407089E393ED90930E0418
:10F8D00080930D0480EC9AE390930C0480930B04C6
:10F8E00080EF9AE39093660E8093650E80910401F9
:10F8F0008B7F80930401809104018D7F80930401AC
:10F900009FB7F894809105018460809305019FBFA3
:10F910009FB7F894809105018260809305019FBF95
:10F92000809101018F7B809301019FB7F8948091B2
:10F9300002018064809302019FBF809104018E7F49
:10F94000809304019FB7F8948091050181608093B2
:10F9500005019FBFAFE9BFE01197F1F700C00000BC
:10F96000809103018095817080930A0444E150E006
:10F970006AE670E786E395E00F9490DB0F944BC046
:10F980000E94C76F80EB9EE89F938F9387EB9EE862
:10F990009F938F930E946D6F80910101846080938B
:10F9A000010160E087ED9EE00E9493778093DD0483
:10F9B00060E088E09FE00E94937780931D050E949D
:10F9C000F6DC85ED98E79093050580930405109289
:10F9D0000705109206051093FF0410920905109276
:10F9E00008058CEF94E090931218809311180E94F0
:10F9F0000CE6B82E0F900F900F900F908E010F5FB6
:10FA00001F4FAA24A394882309F4D8C00F9459C087
:10FA1000A82E8091FC1F9091FD1FA091FE1FB09118
:10FA2000FF1F8A3A9545AA4AB54509F0BFC08091A3
:10FA3000FB1F87FFBBC08090FA1F982C969496946A
:10FA40009694F82DF7708F2E992009F4AFC021E01D
:10FA5000921224C040E150E060E071E0C8010F94D0
:10FA60003DDB60E071E06B01F12CE12C89819A8132
:10FA7000AB81BC81853A9A45A44BBB4409F096C042
:10FA800045EE5EE860E081E00E94A86F912C891449
:10FA900039F18EE20E9443709394F9CF8CE58CBDCE
:10FAA0001DBCC12CD12C760120E130E0A801C7019A
:10FAB000B6010E94DCE489819A81AB81BC81853AE0
:10FAC0009A45A44BBB4409F071C0F2E09F16C1F205
:10FAD0008D819E81C80ED91EE11CF11C9A94E4CF41
:10FAE00064E670E080E090E00F94923D8091FA1F10
:10FAF000887F91E0980D9770892B8093FA1F912C45
:10FB0000982C8824929480EF98228D819E8188166B
:10FB1000990608F046C0F8940D811E81081919094C
:10FB2000013020E1120710F000E010E1C701B6013A
:10FB3000680D791D811D911D980140E058E00E94DB
:10FB4000DCE4F8948AEA95E5DC018093FC1F90934D
:10FB5000FD1FA093FE1FB093FF1F8091FB1F8360CA
:10FB60008093FB1F1093F91F0093F81F80E098E02B
:10FB7000A0E0B0E08093F01F9093F11FA093F21FDC
:10FB8000B093F31FC40180509F4FB0E0A0E080937A
:10FB9000F41F9093F51FA093F61FB093F71F0E94D8
:10FBA000016861E08EEF9FE00F94C7DD1092FC1FAB
:10FBB0001092FD1F1092FE1F1092FF1F0E944CFB1F
:10FBC000882351F064E286E692E00E94BB6864E21A
:10FBD00086E692E00E94B36844E150E065E17DE092
:10FBE000C8010F9493DD8C8981110AC044E050E074
:10FBF0006CEF7FE8C8010F9482DB892B09F451C0B8
:10FC0000E0901D051D8A1F8A1E8A10921D05CE01D7
:10FC100045960F94EC3F62E370E080E090E00F9433
:10FC2000923D8091910490919204909390048093DE
:10FC30008F048AEF9EE80E94057B6801F12C33E176
:10FC4000F316A1F06AEF70E0CE0145960F94BD3F28
:10FC50008111C1C00E9493781816190684F70F9479
:10FC6000ACD6D6018D936D01F394E9CF1C8A44E0A4
:10FC700050E065EF7EE8C8010F9482DB892B59F6CE
:10FC800081E0E0921D05882309F4A7C044E150E01B
:10FC900065E17DE0C8010F94B7DD81EF9FE80F9427
:10FCA0008CDCA11004C080911D05882321F08AED11
:10FCB0009FE80E94057B82EF99EA0E94DA7883EC44
:10FCC0009FE80F948CDC60E08CEA9CE00E949377C4
:10FCD00081110E9498DC0F944C788DEF9EE80E9471
:10FCE000DA7862E086ED9EE00E949377813009F039
:10FCF00077C08AE49DE50E94057BF4B6F0FE04C05F
:10FD00008AED9DE60F948CDCF1FE04C08AEC9DE642
:10FD10000F948CDCF2FE04C089EB9DE60F948CDC22
:10FD2000F3FE04C089EA9DE60F948CDCF5FE04C066
:10FD300089E99DE60F948CDC14BE82EF99EA0E945B
:10FD4000DA7889E89DE60E94DA788FEA9FE80E94D7
:10FD5000DA788DE79DE60E94DA7880EA9FE80E94D3
:10FD6000057B82EF99EA0E94DA788EE69DE60E9492
:10FD7000DA7880910B1890910C180097A1F1081B6C
:10FD8000190BB801110F880B990B0F94F7D287E567
:10FD90009DE60E94DA7880EE96E00F945E786EE23F
:10FDA00071E08EEE9EE00E947B778C0166E371E04D
:10FDB0008CEE9EE00E947B770E32114011F00D9484
:10FDC0002F0701E08633914009F400E00E94589526
:10FDD000F82E0D94370780E054CF80EE9FE85FCF78
:10FDE00084E49DE588CF05511841CBCF8CE291E0AA
:10FDF0009093570280935602C0909704D090980435
:10FE0000C6010E9403DC20E030E046E953E40F9491
:10FE100054E1181644F4F0E1CF0ED11CD0929804AE
:10FE2000C0929704E9CF80915202909153020F94AF
:10FE3000FA4A20E030E040E251E40F94C0DF87FF4F
:10FE40000AC08091520290915302409790935302BE
:10FE500080935202E8CF80919504909196040F947C
:10FE6000FA4A20E030E04AEF52E40F9454E11816C9
:10FE700054F4809195049091960440969093960442
:10FE800080939504E8CF80915002909151020F9495
:10FE9000654A20E030E040EF51EC0F94C0DF87FF6F
:10FEA0000AC0809150029091510240979093510264
:10FEB00080935002E8CF80919304909194040F9422
:10FEC000654A20E030E040EA52E40F9454E118160D
:10FED00054F48091930490919404409690939404E8
:10FEE00080939304E8CF9FB7F89416BC8FEF88BD3A
:10FEF00083E384BD12E015BD80916E008160809324
:10FF00006E009FBF80E88093B40080917000846091
:10FF1000809370002FB7F8948091010184608093E2
:10FF200001019FB7F894809102018B7F80930201B9
:10FF30009FBF8091010180628093010181E08093E5
:10FF4000A00085E18093A1008FEF90E09093A9003D
:10FF50008093A8009093AB008093AA009093AD008B
:10FF60008093AC00109272002FBF8BE09FE80F943B
:10FF70008CDC8FE580937E0010937D0080917C0067
:10FF8000806480937C008FE980937A000E943B9587
:10FF90009FB7F894809121018F7E809321018091F9
:10FFA0002101886080932101809120018D7F8093C1
:10FFB0002001809120018E7F80932001809120017B
:10FFC0008F7380932001809120018F7C809320018A
:10FFD00080912101846080932101809121018D7F96
:10FFE00080932101809121018E7F809321011092C5
:10FFF0002501109224012BEE31E430932901209346
:020000022000DC
:100000002801D19A809173008260809373009FBF12
:1000100085E49DE60E94DA788091B5048E7F809316
:10002000B50460E08BE29DE00E9493779091B50467
:1000300080FB91F99093B50483E00E94D0766E988E
:100040009FB7F89480916A008F7D80936A008091B9
:100050006A00806180936A00EE9A1092B204109256
:10006000B1049FBF0F948B3F6093981770939917BB
:1000700080939A1790939B1768EE73E080E090E06E
:100080000F94923DEE980E94597691E02091AD0434
:100090003091AE04253631050CF490E08091B50422
:1000A00090FB80F98093B50481E00E94D076809126
:1000B000B50480FFC4C089E99FE80E94057B1092C7
:1000C000520E1092530E80E1E0E5F7E0DF01282F99
:1000D0001D922A95E9F7ECECF4E0DF01282F1D9240
:1000E0002A95E9F7ECEBF4E0DF011D928A95E9F738
:1000F0001092B8041092B9041092BA041092BB0482
:100100001092B7041092B60484E080939602809116
:10011000000186FDCDC0BFEFE3EDF0E3B150E0405C
:10012000F040E1F700C000008091000186FDC0C0F2
:100130000E94C76F85E69FE80E947F6F8091010152
:100140008460809301018091DD04823041F09FB78B
:10015000F894809102018460809302019FBF809196
:10016000000186FFFCCF9FB7F894809102018B7F3E
:10017000809302019FBF2FEF37EA81E62150304084
:100180008040E1F700C000008BE49FE89A838983F8
:1001900080E49FE89C838B8382E39FE89E838D832A
:1001A00085E29FE898878F838CE19FE89A8789870B
:1001B0000E94C76F4EE360E080E00E94B46F0E942F
:1001C000AC7110E0D12CC12C8091DC04F601E80F59
:1001D000F11D87FDFA95EE0FFF1FA1E0B0E0AC0F17
:1001E000BD1FEA0FFB1F408151816C2D81E00E94F1
:1001F000A86FBFEFCB1ADB0AE4E0CE16D10421F7DB
:100200000F94A04E81E00E949991809133059091C6
:100210003405009789F197FF15C0115014300CF484
:10022000A9C087E00F947F648091DC0418162CF03D
:100230008F5F8093DC040E94C76F13E006C082E9E1
:100240009FE83BCF1F5F143060F744E15FE860E058
:1002500080E00E94A86F612F80E00E94946F8EE37F
:100260000E94836F109234051092330564E670E0AB
:1002700080E090E00F94923D0E94B171882309F4D0
:10028000A1CF8091DC04180F0E94C76F40E070E09E
:1002900060E084E690E00F94A16A123009F4A0C0F7
:1002A00008F079C0112309F493C0113009F493C008
:1002B00082E08093960260E08FEF9FE00E94937748
:1002C00061E08FE59FE00E9493778FEF9FE00F94AE
:1002D000A3DD182F8F3F09F410E01092680661E04B
:1002E00089E69FE00E94937791E0811101C090E040
:1002F00090935C02882309F492C080E39DE60F94FA
:100300008CDC87EF9EE00F94A3DDC82E8093F80469
:1003100086EF9EE00F94A3DDD82E8093F90485EF3D
:100320009EE00F94A3DDE82E8093FA0484EF9EE014
:100330000F94A3DD8093FB042FEFC21202C0109232
:10034000F8043FEFD31202C01092F9049FEFE912B4
:1003500002C01092FA048F3F11F41092FB048091B6
:10036000260790E028E096958795009709F45AC0F3
:100370002150F9CF1F3F09F068CF87E00F947F64C9
:100380008091DC0418162CF481508093DC040E94C8
:10039000C76F10E05ACF133029F1143009F088CF1D
:1003A00064E57FE880E090E10F9484CD10E000E008
:1003B0006FEFC8010F94C7DDC8010F9455CD0F5FD3
:1003C0001F4F0115F0E11F0799F70F9476CDE7CB8A
:1003D0000E94E0716DCF0E94C6670F94195568CFD7
:1003E0000E94C6670E94E07184E00E9487E862E094
:1003F0008FE59FE00F94EBDD81E00E94B37511E083
:100400001093851761E087E09FE00F94C7DD10939C
:10041000861761E085ED9EE00F94C7DD49CF8BE143
:100420009DE66DCF2093F4048091270790E028E0AB
:1004300096958795009711F02150FACF2093F504F7
:100440008091280790E028E096958795009711F015
:100450002150FACF2093F6048091290790E028E0FC
:1004600096958795009711F02150FACF2093F704C5
:100470000E944CFB880F82700F94213C80910A01EE
:10048000816080930A0180910A01826080930A0151
:1004900080910A01846080930A0180910A0180643E
:1004A00080930A010F9A179A0E9A169A0D9A159A26
:1004B0000C9A149A26982E9A25982D9A24982C9A5C
:1004C000809107018B7F809307019FB7F8948091FB
:1004D00008018460809308019FBF809107018F7796
:1004E000809307019FB7F8948091080180688093FA
:1004F00008019FBF0998119A6E98389A4098179AE8
:1005000010923C07399A4198169A10923D073A9AF0
:1005100042983B9A4398149A809181008F7E8093F1
:1005200081008091810088608093810080918000AB
:100530008D7F80938000809180008E7F80938000EB
:10054000809180008F7380938000809180008F7CE9
:100550008093800080918100887F826080938100F9
:1005600080E090E490938900809388001092850049
:10057000109284001092E5041092E4048FEF9FEF34
:100580009093E3048093E2049093E1048093E00469
:100590001092DF041092DE0481E080938F0280913C
:1005A0006F00826080936F00789481E0111101C028
:1005B00080E0809368060F94C2AA0E944CFB880FCB
:1005C00082700F94213C0F9489CB8FE397E00E94B7
:1005D0007E6C0F944EB9B11008C088E79CE60F946A
:1005E0008CDC8CE29CE60F940C3684E99CE00F9442
:1005F000A3DD823459F46FEF84E99CE00F94EBDDC6
:1006000085E99CE00F94B1DD0F940C360F94B98806
:1006100015988BEB9FE00F94A3DD91E0813009F0FA
:1006200090E09093DB1681E00F94BD8260E084E659
:100630009FE00E94937760E086E69FE00E949377B8
:1006400060E088E69FE00E94937760E085E69FE0A7
:100650000E94937770E060E08FEF9EE00E947B77CE
:1006600070E060E085E09FE00E947B7770E060E0F2
:1006700083E09FE00E947B7770E060E081E09FE094
:100680000E947B7770E060E083ED9EE00E947B77C4
:1006900070E060E080ED9EE00E947B7760E082ED9C
:1006A0009EE00E94937760E08FEC9EE00E9493773B
:1006B00088EA9CE00F94C67D81EA9DE00F94A3DD5B
:1006C0008F3F71F460E081EA9DE00F94C7DD88EF11
:1006D0009FE00F94B1DDBC0180E59DE00F94E5DD66
:1006E00039E4C32E3DE0D32E10E0BE016F5F7F4F93
:1006F000812F0E94FB77AE014F5F5F4F67E070E094
:10070000C6010E945C771F5FABE0CA0ED11C183097
:1007100061F781EA9DE00F94A3DD0E94CB77811100
:1007200002C00E94ED770E94097B80E89CE00F9454
:10073000A3DD8F3F41F441E150E060E87CE081EED1
:1007400092E00F94B7DD85E09DE00F94C67D8DEEBD
:100750009FE00F94C67D81EF9FE00F94C67D60E01F
:100760008EEC9EE00E94937761E087EA9CE00E9415
:1007700093778EEF9FE00F94A3DD0E94E8728111C2
:1007800002C00F94642760E08FEA9FE00E94937795
:1007900086EA9FE00F94A3DD8F3FD9F461E086EAFB
:1007A0009FE00F94C7DD20EBC22E2FE0D22E70E029
:1007B00060E0C6010F94E5DDB2E0CB0ED11CEAEBA0
:1007C000CE16EFE0DE0699F760E08FEA9FE00F9427
:1007D000C7DD60E085EA9FE00E94937760E08FE7E5
:1007E0009CE00E94937760E089E09FE00E9493770D
:1007F00061E08CEA9DE00E94937763E08BEA9DE0E4
:100800000E94937763E08AEA9DE00E94937761E01B
:1008100089EA9DE00E9493776F98779880916A00AB
:100820008F7B80936A0080916A00806880936A0061
:10083000EF9A84E0809396025198599A5898509A6A
:100840008AE0589AF5E0FA95F1F70000589825E00B
:100850002A95F1F700008150A1F75098589A80919D
:10086000B9008C7F8093B9008CE08093B80084EA53
:100870008093BC0088E00F94F83F811114C08AEE89
:100880008093BB0084E88093BC0088E10F94F83F1C
:10089000811109C084E98093BC0084E491E40E9442
:1008A00060730F940C36023081F0033009F437C1C5
:1008B0000130B9F486E793E40E9460730F940C361C
:1008C00066E371E08CEE9EE00AC085E593E40E9449
:1008D00060730F940C366EE271E08EEE9EE00F9422
:1008E00001DEF11008C08EED92E40E9460730F9457
:1008F0000C360E94868980E80E94C1FA8823C9F0DC
:1009000087EF9FE00F94A3DD60E0813071F48AE807
:100910009FE80E94ADD267E1882339F08CE992E428
:100920000E9460730F940C3666E186EA9CE00F9497
:10093000C7DD82E89FE80E94ADD2F82E882331F00F
:100940008FE10E94C1FA91E0F82EF92610E000E054
:10095000F801ED58F0476491C8010F94C7DD0F5FAF
:100960001F4F0A301105A1F7E2E8FFE86591749185
:100970008AE090E00F94E5DDE4E8FFE8659174918A
:100980008CE090E00F94E5DDE6E8FFE86591749176
:100990008EE090E00F94E5DDE8E8FFE86591749162
:1009A00080E190E00F94E5DD8FE59FE00F94A3DDFB
:1009B000882309F4C1C080E00F940A6683E0809325
:1009C000960281E00E94D96F0E94C76F82E00E9468
:1009D0005B6F60E08EEF9EE00E9493778093F2045D
:1009E00060E38DEF9EE00E94937780935A0260E36C
:1009F0008CEF9EE00E9493778093580260E08BEF2B
:100A00009EE00E9493778093F30460E38AEF9EE078
:100A10000E94937780935B0260E389EF9EE00E94DF
:100A200093778093590260E088EF9EE00E9493776D
:100A30008093F104CE0101960E94FDE4882389F0A1
:100A400083E09DE60F948CDC8981882351F083E05C
:100A50009DE00F94A3DD8F3F21F08FE89CE60F947B
:100A60000C366FEF83E09DE00F94C7DD0E94306885
:100A70008823D9F10F94A04E8CE89FE00F94A3DD5A
:100A8000082F80936A028090ED049090EE04A0906D
:100A9000EF04B090F0048BE89FE00F94A3DD682F83
:100AA00070E090E080E00F942FD820E030E040EA42
:100AB00050E40F94CADE6B017C0111E0AC019B0194
:100AC000C501B4010F9454E118160CF010E0109316
:100AD000EC04A7019601C501B4010F9454E1181666
:100AE0000CF058C081E00F9413D36C9874988091E7
:100AF0006A00816080936A0080916A008D7F809394
:100B00006A00EC9A649957C00E943068882309F4FF
:100B100052C08DE79FE80E94057B0F9435AA8AE1B9
:100B200093E40E9460730F940C366EE271E08EEED7
:100B30009EE00F9401DEC4CE81E0F1103DCF0E9413
:100B4000C1FA811107C08CE292E40E9460730F9495
:100B50000C3634CF84E00E94C1FA811103C084EBCB
:100B600091E4F3CF80E10E94C1FA811106C08CE8C4
:100B700097E40E9460730F940C3688E00E94C1FADB
:100B800081111CCF80911C05882309F417CF80E9BF
:100B900091E4DBCF013011F480E0A5CF8CE691E445
:100BA0000E94607341E060E00F94E1658823A1F347
:100BB0000E9462659ACF61E088EA9DE00E94937787
:100BC0008093EB0468E287EA9DE00E94937780932C
:100BD000EA0460E971E085EA9DE00E947B7761E0CC
:100BE00084EA9DE00E9493778093E90461E083EAC0
:100BF0009DE00E9493778093E80461E082EA9DE0A3
:100C00000E9493778093E70461E080E29CE00E9479
:100C100093778093E60481E08093960288E198E2DE
:100C20000FB6F894A895809360000FBE9093600073
:100C30008091600080648093600085E0D82E00E0A1
:100C400010E0CC24C39494E0B92E1092590E8091F8
:100C50001005882309F4C4C0B09296020E943A6835
:100C6000882309F4C0C080916A02813009F0BBC0BA
:100C70008DE095E00F94EC3F0E94028A809169021A
:100C8000882389F068E873E18BE797E10F94BD3F13
:100C9000811109C01092690280916B14882309F4B4
:100CA000AEC00F94207980917D1090917E10892B99
:100CB00009F461C010927C10809168148823D1F1EE
:100CC00080916C1290916D12DC01AE57BF4E7D0188
:100CD00062E370E9CD010F94AADB892B09F09CC077
:100CE0001092FA16F70101900020E9F73197BF0141
:100CF0006E197F09C7010F945B8562E070E082EF97
:100D000092E00F945B858091FA16882341F08AEC7B
:100D100099EA0E94DA7882EE9DE60E94057B809136
:100D20006914882309F473C080917D1090917E101E
:100D3000892B11F00E94279780917C10811119C096
:100D400080917D1090917E10892B99F0E0916C122A
:100D5000F0916D12E158FF4E8081823009F06BC036
:100D6000F894D082818192810F9467AA78940E942E
:100D700046780E94E9860F94A04E0E943A680E942D
:100D8000999180910A05811110920A0580E00E94D4
:100D90005B6F0F94264080910C05882379F01092A8
:100DA0000C05823009F453C0833009F454C08130FB
:100DB00029F461E082E290E90E94028F80910B05A4
:100DC000811107C0C0920B0581E00F94299A1092FF
:100DD0000B050115110509F438CF0E94000035CF2D
:100DE000C09296023BCF60E177E28DE095E00F94F0
:100DF000BD3F882309F440CFB092630E3DCF81E020
:100E00000F94BD8280916B1481114BCF4CCF8AE03F
:100E10009EE60E94057B90CF8AEF96E10F947C6E50
:100E20008AEF96E10F946FA41092681410926914DF
:100E300088EF9DE6EECF863009F099CF80916A1455
:100E4000811195CFF894D08281E090E08DCF61E060
:100E500082E190E9B1CF61E081E090E9ADCF02E0BD
:100E60008633914009F003E00E946E89F12C82EAFA
:100E700092EAA0E0B0E08093351890933618A093E2
:100E80003718B09338181092A9041092AA0410923F
:100E9000AB041092AC042091D6063091D706409155
:100EA000D8065091D90660E070E08FE793E40F9484
:100EB000CADF6093A5047093A6048093A70490935F
:100EC000A8041092A1041092A2041092A3041092FC
:100ED000A4042091E2063091E3064091E40650918B
:100EE000E50660E070E08FE793E40F94CADF60935B
:100EF0009D0470939E0480939F049093A0046D9A28
:100F00009D9A8091010188608093010180919C04E9
:100F100090E0B4E095958795BA95E1F780939B04AE
:100F20008AE090E090939A0480939904C0905402D0
:100F3000D0905502C6010E9403DC20E030E040E280
:100F400051E40F94C0DF87FD02C00C94F6FEE0E18F
:100F5000CE1AD108D0925502C0925402E7CF0F9416
:100F600022CF1092110580911105843008F041C004
:100F70001092140589E190E40E9460730F94EDD102
:100F80008091B50481FF2FC082E49DE50E946073CB
:100F900022E048EE5CE5BC0189EF9BE60F94B1D0FE
:100FA0000E944CFB882311F188E49DE50E94607348
:100FB00022E04CEA5AE3BC018DEE9BE60F94B1D0DF
:100FC0006CE672ED8AED9BE60F949FCE0F94F6CE01
:100FD000809111058F5F80931105809113058F5FBC
:100FE00080931305C0CF88E49DE5D0CF82E49DE5D2
:100FF000DDCF0895CF930E944CFBC1E0C8276FEF6F
:1010000009F06AE284E09DE00F94C7DD8C2F880F21
:101010008270CF910D94213C44E150E0662389F029
:10102000BC0186E395E00F9490DB10924A05109284
:10103000350586EB9BE60E94057B81E080936D027F
:101040000895BC0186E395E00F9423E4EECF9091E0
:10105000CD03891780F4913061F480914B0588238A
:1010600051F040E25EE460E070E08BE495E00D94C6
:101070006F4080E0089581E00895EF92FF921F9302
:10108000CF93DF93EC01162F862F0F942708882328
:10109000E9F0BE0186E395E00F9451DB7C018BE41F
:1010A00095E00F942E421093CD0310927107109289
:1010B000EF03EF2859F061E0CE010F940C08DF91A7
:1010C000CF911F91FF90EF900D945327DF91CF9117
:1010D0001F91FF90EF9008951F93CF93DF93182FE8
:1010E000EB0180E00F947F6480E00E9433911092C6
:1010F0006A0E1092690E1092680E1092670E0F948D
:10110000A04E80E00E9499910E94C76F88EF94E4FE
:101110000E946073AC0160E080E00E94A86F88EEDE
:1011200094E40E946073AC0161E080E00E94A86FCB
:1011300011501C30A0F4E12FF0E08827ED55F74F57
:101140008E4F0D94B3DE7839083AF239BC3A8839BB
:101150009639CE39C23A423AC039F83A723984EDFA
:1011600094E40E946073AC0162E080E00E94A86F8A
:1011700084EC94E40E946073AC0163E080E00E9420
:10118000A86F45C087EB94E40E946073AC0162E0F5
:1011900080E00E94A86F88EA94E4ECCF8DE994E4A3
:1011A0000E946073AC0162E080E00E94A86F88EA50
:1011B00094E40E946073AC0163E080E00E94A86F39
:1011C00063E082E10E94946FCE011FC085E994E440
:1011D0000E946073AC0162E080E00E94A86F62E050
:1011E00082E10E94946FCE010E949B718BE894E48F
:1011F0000E946073AC0163E080E00E94A86F63E02E
:1012000082E10E94946F84EF92E00E949B7168EEED
:1012100073E080E090E00F94923D80E00F947F6453
:1012200064E670E080E090E00F94923D0F94A04E51
:1012300080E00E9499910E94B171882389F388EC23
:1012400093E40E94607362E00F943D08DF91CF91B8
:101250001F910D94532789E794E40E946073AC01B9
:1012600062E080E00E94A86F85E994E4A2CF86E660
:1012700094E496CF83E594E493CF84E494E4EDCFB3
:1012800086E394E40E946073AC0162E080E00E9417
:10129000A86F8FE294E48DCF8DE194E40E94607397
:1012A000AC0162E080E00E94A86F83E194E481CF0A
:1012B00081E094E469CF81E094E40E946073AC0122
:1012C00062E080E00E94A86F8EEE93E453CF81E04D
:1012D00094E40E946073AC0162E080E00E94A86F19
:1012E00063E080E00E94946F8AED93E40E94607353
:1012F000DF93CF939F938F930E946D6F0F900F900A
:101300000F900F9084CF8F929F92AF92BF92CF9207
:10131000DF92EF92FF920F931F93CF93DF93F82EFC
:1013200060915D0E70915E0E80915F0E9091600EE7
:101330000F943CE04B016B016091ED047091EE0461
:101340008091EF049091F0040F943CE0EB01FF20BA
:1013500009F4A6C06B01E40124EB922E90E080E03A
:1013600090936A0E8093690E84E690E0F11002C0BB
:1013700090E080E09093680E8093670EE0901C05EB
:1013800080E00F9481480F94A04E81E00E949991D3
:10139000B12CA12C85E0882E8091100581111CC0F4
:1013A0000F94A04E81E00E94999100E911E020E0A5
:1013B00042E06A2D87E0F11001C088E00E94AED5BE
:1013C000A82E8B2D682D0F9452DE911102C00E9421
:1013D000E878B394B910E0CF10926A0E1092690EBB
:1013E0001092680E1092670E0F94A04EB601DD0C9D
:1013F000880B990B4E01DD0FAA08BB08FF2009F4EA
:1014000054C00F9431D89B01AC016091ED047091F0
:10141000EE048091EF049091F0040F94CADE0F94D3
:101420003CE0EB01C501B4010F9431D89B01AC0144
:1014300060915D0E70915E0E80915F0E9091600ED6
:101440000F94CADE0F943CE01091100511110CC0EE
:10145000F1104BC0693071050CF04DC08EE190E089
:1014600011E0C817D90734F464EF72E080E00F94FC
:101470006C0810E08E2D0F9481480F94A04E81E0EF
:101480000E949991812FDF91CF911F910F91FF9031
:10149000EF90DF90CF90BF90AF909F908F90089586
:1014A0009CE3992E88EC90E05BCF0F9431D89B01A0
:1014B000AC0160915D0E70915E0E80915F0E909117
:1014C000600E0F94CADE0F943CE0EB01C501B4013D
:1014D0000F9431D89B01AC016091ED047091EE0442
:1014E0008091EF049091F004ABCF89E090E06E31F1
:1014F00071050CF4B5CF64EF72E081E00F946C08D5
:10150000B9CF2F923F924F925F926F927F928F92BC
:101510009F92AF92BF92CF92DF92EF92FF921F9372
:10152000CF93DF9300D000D01F92CDB7DEB7182F36
:10153000682E712C812C20E8922E2CE5A22E23E41B
:10154000B22E813031F0812C912C9FE7A92E93E4AB
:10155000B92E10925C020F94643B81E080938F025D
:1015600060E070E080EA90E40E94156F81E0012E57
:1015700001C0880F0A94EAF70F94933B20E030E013
:1015800040E752E4C501B4010F94CBDE69837A834E
:101590008B839C831301220C331C220C331CC1014E
:1015A000815C984F9E838D8329813A814B815C8138
:1015B000FC0160817181828193810F94CADEED818B
:1015C000FE81608371838283938360E070E084E3B3
:1015D00092E40F948EBA0F942C5910933B02109200
:1015E000C5031092C6031092C7031092C80310924D
:1015F000C9031092CA031092CB031092CC03812F1F
:101600000F9418596B017C0120E030E040EF52E468
:10161000ED81FE8160817181828193810F94CBDEA7
:10162000ED81FE81608371838283938360E070E04B
:1016300084E392E40F948EBA0F942C59A50194017F
:10164000ED81FE8160817181828193810F94CBDE77
:10165000ED81FE81608371838283938360E070E01B
:1016600084E392E40F948EBA0F942C598FEF8093F9
:101670003B026091C9037091CA038091CB039091A2
:10168000CC032091C5033091C6034091C70350910C
:10169000C8030F9416DE2D833F833F932F93F8E505
:1016A0006F0E711C7F926F9282EF9BE89F938F93D6
:1016B0000F9465DC0F900F900F900F900F900F908C
:1016C0008BE59FE0111102C08DE59FE06D817F8168
:1016D0000F9401DE812F0F9418592B013C01A701B3
:1016E00096010F94CADE6B017C01E894F7F8C10102
:1016F000815C984F9E838D8320E030E040E752E488
:10170000FC0160817181828193810F94CADEED8139
:10171000FE81608371838283938360E070E084E361
:1017200092E40F948EBA0F942C5929813A814B81FF
:101730005C81ED81FE8160817181828193810F9452
:10174000CADEED81FE81608371838283938360E0D2
:1017500070E084E392E40F948EBA0F942C59812F99
:101760000F9418599B01AC01C301B2010F94CADE5A
:101770002B013C01E89477F80F94643BFF92EF92C1
:10178000DF92CF9288E99BE69F938F930F9465DC5D
:10179000A5019401C701B6010F94CADE9F770F908F
:1017A0000F900F900F900F900F9020E030E040EAE4
:1017B00050E40F9454E118160CF453C07F926F92CA
:1017C0005F924F9288E99BE69F938F930F9465DC1D
:1017D000A5019401C301B2010F94CADE9F770F9057
:1017E0000F900F900F900F900F9020E030E040EAA4
:1017F00050E40F9454E11816A4F1A3019201C7011B
:10180000B6010F94CADE6B017C01E894F7F8FF92F1
:10181000EF92DF92CF928BE79BE69F938F930F948B
:1018200065DC0F900F900F900F900F900F9020E0BD
:1018300030E040E85FE3C701B6010F9454E11816A9
:101840000CF444C0ED81FE81108211821282138259
:101850000F944EB9812F0E9443D70F94766481E094
:101860001DC010928F0267EF72E0113011F065EF2A
:1018700072E088E00F946C08F101E15CF84F10828F
:101880001182128213820F944EB9812F0E9443D786
:1018900081E080938F020F94766480E027960FB6E4
:1018A000F894DEBF0FBECDBFDF91CF911F91FF90A7
:1018B000EF90DF90CF90BF90AF909F908F907F90F0
:1018C0006F905F904F903F902F90089567EF72E078
:1018D000113011F065EF72E087E00F946C08F101B0
:1018E000E15CF84F10821182128213820F944EB97C
:1018F000812F0E9443D7CFCF0F931F93CF93DF93B6
:101900000E94C76F81E00E9465678DE59FE00F949C
:10191000B1DDEC018BE59FE00F94B1DD182F092FAD
:1019200084EE9FE30E9460730E947F6F61E080E01D
:101930000E94946FDF93CF938DE49BE89F938F93E6
:101940000E946D6F82E08093960280E00F94810A7E
:101950000F900F900F900F90882309F445C08DE5EC
:101960009FE00F94B1DDEC0161E08AE00E94946F8A
:10197000BE0190E080E04AE00E94E87082ED9FE3C3
:101980000E946073AC0162E080E00E94A86F63E097
:1019900080E00E94946F0F931F9380E49BE89F93D5
:1019A0008F930E946D6F81E00F94810A0F900F90CA
:1019B0000F900F908823C1F08BE59FE00F94B1DD6D
:1019C000EC0163E08AE00E94946FBE0190E080E049
:1019D0004AE00E94E87043E863E083E10E94B46F4C
:1019E0008AE090E00F94735080E00E94656781E088
:1019F00080939602DF91CF911F910F910D948CD21D
:101A00000F9453271092CD0380911A05811132C093
:101A100080913802811102C081E008958FEF0E9409
:101A200095D083E00E94D0760F948B3F60939817F7
:101A30007093991780939A1790939B1781E08093E6
:101A4000320568EE73E080E090E00F94923D0F94D1
:101A5000A04E81E00E94D07680E00E9495D08091D7
:101A6000AD049091AE0445973CF462E08FE09BE6B4
:101A70000F943D0880E008958091AF049091B004E8
:101A8000459754F662E08BEF9AE6F2CF0F94000D83
:101A9000882321F085E39BE60C94057B0895CF9382
:101AA000DF93EC0180E00F942708882321F060E0A9
:101AB000CE010F940C08CE01DF91CF910D94A8D6E2
:101AC000CF93DF93EC0180E00F942708882331F057
:101AD00061E0CE01DF91CF910D940C08DF91CF91A1
:101AE00008952F923F924F925F926F927F928F92C2
:101AF0009F92AF92BF92CF92DF92EF92FF920F939D
:101B00001F93CF93DF938091610E813009F061C004
:101B10009091520E8091530E98135BC08091540E99
:101B2000811157C0109271078BE990E40E94607395
:101B30000F94600D1092610E82E08093630E1092FC
:101B4000F3030F94F5580E94D46660E070E080E2E1
:101B500091E40E94966E80913C07882321F1809148
:101B60003D07882301F180E090E0A8E4B2E480938F
:101B70003F0790934007A0934107B093420780E04E
:101B800090E0AEE3B3E48093430790934407A093BF
:101B90004507B093460760E070E084E392E40F9459
:101BA0008EBA0F942C5980911A05882309F4C8C065
:101BB0009FB7F894809102018B7F809302019FBFB1
:101BC0000F946C450E944A8988E08093DD0310924F
:101BD000DC038091610E823009F06AC09091520E50
:101BE0008091530E981364C08091540E811160C08F
:101BF00080917107873041F0109271078CE890E472
:101C00000E9460730F94600D1092610E82E08093C9
:101C1000630E1092F3030F942C591092DB03109271
:101C20006A0E1092690E609147027091480280918D
:101C3000490290914A020E94966E80913C07882347
:101C400051F180913D07882331F180913F029091BD
:101C50004002A0914102B091420280933F079093CD
:101C60004007A0934107B0934207809143029091AF
:101C70004402A0914502B09146028093430790939D
:101C80004407A0934507B093460760E070E088E4FE
:101C900092E40F948EBA80911A05882309F477C0D4
:101CA0009FB7F894809102018B7F809302019FBFC0
:101CB0008091610E843009F0A4C085EA9DE00F9404
:101CC000B1DD3091520E2091530E321371C120912B
:101CD0007D1030917E10232B09F06AC1C091560E01
:101CE000C11166C12091F303211154C02CE020934F
:101CF000F3034496BC0190E080E00F942FD820E0DD
:101D000030E04AE754E40F94CADF4B015C01E091F4
:101D1000F303E150EC3008F074C0F0E08827EC5693
:101D2000F14F8E4F0D94B3DEE83AE43AC439C4392A
:101D3000C439C4391A3ADC39FE3A1E3B5A3B263BB9
:101D40001092DF030E94227780919413813009F072
:101D500037CF80916A13882309F432CF8091DE0354
:101D6000823009F42DCF0E943A6881110E947E656D
:101D70002091690E30916A0E80916B0290916C02F5
:101D8000281739070CF41CCF0F9468A019CF1092B4
:101D9000DF038ECF2150ABCF65E086EB9CE80E943D
:101DA000818F2FC080919413813049F5D091F20337
:101DB00061E08DE19CE60E94028F61E08BEA9CE885
:101DC0000E94028F61E084EA9CE80E94028F0F94D7
:101DD000DD76D817A1F08F3F29F061E088E19CE61D
:101DE0000E94028F1F92DF9380EA9CE89F938F935B
:101DF0000E94A08F0F900F900F900F90C1E0C093A2
:101E0000F1038091610E833009F0D2C09091F30309
:101E1000911109C08093710791E09093EF03809333
:101E20006D028093F3038091F303833019F5909151
:101E3000520E8091530E98131DC00F945745109267
:101E40003E0280914C028F9380914B028F9381E4EC
:101E50009DE89F938F930E94A08F81E890E40E9459
:101E600060730F94600D82E08093F3030F900F90E6
:101E70000F900F908091F303823009F07AC0809127
:101E80003E02882309F475C01092EF038DE690E4BA
:101E90000E9460730F94600D10926A0E1092690E8A
:101EA000C091EB03D091EC031091ED030091EE0390
:101EB00020E030E0A901F8016C2F7D2F8F2F9E2F9D
:101EC0000F94C0DF81111FC020E030E0A9016091B4
:101ED000E7037091E8038091E9039091EA030F947E
:101EE000C0DF811110C020E030E0A9016091E30360
:101EF0007091E4038091E5039091E6030F94C0DFB5
:101F0000882309F47EC28091E6038F938091E503D4
:101F10008F938091E4038F938091E3038F9380915B
:101F2000EA038F938091E9038F938091E8038F9365
:101F30008091E7038F930F931F93DF93CF938AE2F0
:101F40009DE89F938F930E94A08F61E087E29CE6BB
:101F50000E94028F8DB79EB70E960FB6F8949EBF63
:101F60000FBE8DBF80EE93E00F94EC3F81E0809335
:101F7000F3038091F3038130D9F460ED77E080EED4
:101F800093E00F94BD3F882399F08AE690E70F9481
:101F9000600D1092710782ED90E090934C02809357
:101FA0004B021092F3031092610E82E08093630E55
:101FB0009091610E953099F420917D1030917E10B2
:101FC000232B79F58091F303823009F443C208F0A2
:101FD0001DC2882309F42EC2813009F446C28091C3
:101FE000610E8630F1F49091520E8091530E981349
:101FF00018C080917D1090917E10892B91F4809172
:10200000560E81110EC08091F303813009F485C210
:1020100008F445C2823009F46DC2CFEF833009F471
:1020200042C2DF91CF911F910F91FF90EF90DF900F
:10203000CF90BF90AF909F908F907F906F905F9068
:102040004F903F902F9008950E94C76F1092F00319
:1020500061E086E899E30F948FD0809194138130EA
:10206000B9F48091F10310E0811101C012E0C12F99
:10207000D0E0CC0FDD1FC257D347FE01859194916C
:1020800061E00E94028F1F5F22961930B1F7B9CE2E
:1020900061E086E89CE80E94028F20E030E040E8A2
:1020A00050E4C501B4010F9470D820E030E040E75F
:1020B00052E40F94DB889F938F937F936F9382E416
:1020C0008F9380E78F931F921F92C9E7DCE8DF931D
:1020D000CF930E94A08F20E030E040E051E4C501A2
:1020E000B4010F9470D820E030E84EE053E40F9430
:1020F000DB889F938F937F936F9383E48F938AE41E
:102100008F9380E88F931F92DF93CF930E94A08FCD
:102110008DB79EB744960FB6F8949EBF0FBE8DBF85
:1021200070CE66E08DE69CE83ACE61E083E69CE8FE
:102130000E94028F8EE38F938CE48F938CEC8F93AD
:102140008DEC8F938BE59CE89F938F930E94A08FDB
:1021500061E086E89CE80E94028F61E084E19CE6F1
:102160000E94028F20E030E040E850E4C501B40155
:102170000F9470D820E030E048EC51E40F94DB88F5
:102180009F938F937F936F9301E40F9318EC1F93AA
:102190001F921F92C9E7DCE8DF93CF930E94A08FC4
:1021A000A5019401C501B4010F94CBDE20E030E01D
:1021B00048EC51E40F94DB889F938F937F936F9348
:1021C0000F931F931F921F92DF93CF930E94A08FB4
:1021D00020E030E048EC52E4C501B4010F94DB8804
:1021E0009F938F937F936F9382E48F931F931F929C
:1021F0001F92DF93CF930E94A08F8DB79EB78496D6
:102200000FB6F8949EBF0FBE8DBF20E030E040EACD
:1022100051E4C501B4010F94DB889F938F937F93A2
:102220006F9381EC8F9380EA8F931F921F928EE4BD
:102230009CE89F938F930E94A08F8DB79EB70A96BC
:102240000FB6F8949EBF0FBE8DBFDBCD20E030E00F
:1022500046E153E4C501B4010F94DB88762E672E66
:10226000582E492E20E030E040EA51E4C501B40187
:102270000F94DB88B62EA72E982E892EC5E0DFEFAF
:1022800029E7E22E2CE8F22E31ECC32E40EAD42EC0
:102290000EE41CE84F925F926F927F926D2F0D2E8D
:1022A000000C770B880B990B0F9431D820E030E0AD
:1022B00046E153E40F9470D89F938F937F936F936D
:1022C000FF92EF920E94A08F8F929F92AF92BF9247
:1022D000CF92DF921F921F921F930F930E94A08FA5
:1022E000D195C1508DB79EB744960FB6F8949EBF56
:1022F0000FBE8DBFC111CECF84CD23E43DEC4FE2A4
:102300005DE3C501B4010F94CADE6B017C0120E0DE
:1023100030E040EA51E4C501B4010F94DB88662E39
:10232000572E482E392EA7019601C501B4010F94EE
:10233000DB88262EA72E982E892E84E0B82E90EAD0
:10234000792E09E71CE8F7FAF094F7F8F094CEE458
:10235000DCE83F924F925F926F9291E49F937F925D
:102360001F921F921F930F930E94A08F8F929F9294
:10237000AF922F92FF92EF92DF92CF92DF93CF93A3
:102380000E94A08F3F924F925F926F9281EC8F9349
:102390007F921F921F921F930F930E94A08F8F9284
:1023A0009F92AF922F92FF92EF92DF92CF92DF93A4
:1023B000CF930E94A08FBA948DB79EB788960FB620
:1023C000F8949EBF0FBE8DBFB110C3CF1ACD69E088
:1023D0008CE39CE8E4CC8AE690E70F94600D1092C1
:1023E000F3031092610E82E08093630E8FE59FE00D
:1023F0000F94A3DD882309F4DBCD8CE00F940A66EB
:1024000000CD8AEF9CE80E94DA78ACCD8430A9F048
:10241000C0F0853009F0E3CD61E081E29CE60E94E6
:10242000028F61E084EE9CE80E94028F84E080933A
:10243000F303D5CD9093F303EFCF0F942C5983E0A2
:10244000F6CF10923D0261E08AED9CE80E94028F77
:1024500082E0EDCF80913C02811105C061E087E20E
:102460009CE60E94028F81E0E2CF1092F30310926B
:10247000610E92E09093630E80933D028FE59FE0A2
:102480000F94A3DD882309F4CCCD80913C02811107
:1024900004C081E00F940A66A2CD8EE0FBCF83E0FA
:1024A0008093F303BECD60915D0E70915E0E8091BE
:1024B0005F0E9091600E0F943CE06932710574F0EC
:1024C000C093DF030F94574589E490E40E94607342
:1024D00040E061E00F94E165813029F761E081E23D
:1024E0009CE60E94028F61E087EC9CE80E94028FCC
:1024F00082E0D6CF61E080EC9CE80E94028F87E307
:1025000090E40E94607341E060E00F94E165811106
:1025100088CD1092DF0381E0C3CF1092F3031092B5
:10252000610E82E08093630E20E041E062E070E0A3
:102530008CE49AE30F944CCF83E08093F00371CD49
:102540000F931F93809103018095817090910A04ED
:102550008917A1F18091650E9091660E8C56994372
:1025600011F40F94EAD182E080936D02809103010F
:102570008095817080930A040E94407080E00E94E0
:10258000579180910A04882309F471C080916B14DB
:10259000811105C00F94BD8281E08093B9148AE651
:1025A00090E70F94600D1092D90361E08CE699E3F7
:1025B0000F948FD084ED93E00F942E420F948B3FB5
:1025C0000091D0031091D1032091D2033091D30315
:1025D0000617170728073907E8F580916D02882349
:1025E00031F084ED93E00F942E420E94496FE09108
:1025F000650EF091660E19958091650E9091660EAC
:102600008658994309F446C08091650E9091660EF4
:102610002AE3803F920709F05EC080916D0282300C
:1026200021F40E9440701092350580916D0288233C
:1026300019F0815080936D020F948B3F6C597F4F3E
:102640008F4F9F4F6093D0037093D1038093D20339
:102650009093D3038091610E843009F053C0809130
:10266000590E81114FC01F910F910D94710D109251
:102670006A1410926B1482EF99EA0E94DA7889EC5E
:102680009BE60E94057B8AE090E40E9460730F94B1
:10269000600D94CF0E94546881110EC0E091650EC8
:1026A000F091660E309739F50E94C76F0F9453274B
:1026B00082E080936D02B1CF8091610E8111A4CF31
:1026C00040E95FE561E070E084ED93E00F946F40D6
:1026D0008111E4CF99CF8658994309F49ECF40E306
:1026E00055E760E070E084ED93E00F946F4088233D
:1026F00009F493CFD3CF81E08093CF031995109243
:10270000CF03D2CF1F910F9108952F923F924F92F6
:102710005F926F927F928F929F92AF92BF92CF9271
:10272000DF92EF92FF920F931F93CF93DF93CDB77A
:10273000DEB72D970FB6F894DEBF0FBECDBF8091E8
:10274000A503813031F130F0823009F47DC210925E
:10275000A503FEC08091B914882349F01092B914E2
:1027600010926E020F948D7E81E080936E020F9422
:102770003D7D9093AD038093AC0389E09FE00F947F
:10278000A3DD8093AF0381E08093A5038FEF809357
:10279000AE038091B003811107C080EB93E00F94EA
:1027A000EC3F81E080936D0280916D02811121C028
:1027B00064EF71E080EB93E00F94BD3F8823A1F0BC
:1027C0008091AE038F3F81F082E08093A503109249
:1027D000A6031092A9031092A80380EB93E00F9434
:1027E000EC3F81E080936D0280916D02882309F4B3
:1027F000ABC08FEF8093AE0380EB93E00F94EC3F80
:102800000F9422CF10921105CE0101967C01FDEEAE
:102810002F2EF0E73F2E80911105843008F098C0EC
:10282000109214058091D903882309F4AAC088EB7B
:102830009DE30E9460730F94EDD16CE674E185E135
:1028400095E10F9492A480916C148F3209F09CC092
:102850008091DB16882341F08DEA9DE30E9460732E
:1028600065E677ED0F949FCEC090AC03D090AD039A
:1028700001E091E0C91AD10808F4D9C1809114058A
:10288000909113058913CFC16091AF03C6010F94D6
:10289000FB868091140590E020913305309134053A
:1028A0001091B6148217930751F4D092AB03C092E3
:1028B000AA031093A703409111054093AE034091E2
:1028C0006D02112309F465C04423E9F0409181149D
:1028D000ECE6AE2EE4E1BE2E442321F071E8A72EF3
:1028E00074E1B72E609111054EE38217930709F04A
:1028F00040E280E00E94B46F85E80E94836F62E14D
:10290000C5010E948371809114059091120599234D
:1029100009F489C1209133053091340582171306DB
:1029200009F081C110926E0261E08CE694E10F948F
:102930000F8010923405109233050F9444CF00930A
:102940006E020F9408CE95CF0E94B171811151CFC4
:102950002D960FB6F894DEBF0FBECDBFDF91CF919D
:102960001F910F91FF90EF90DF90CF90BF90AF90AD
:102970009F908F907F906F905F904F903F902F909F
:10298000089589E190E455CF6FE677ED8CE39BE8FD
:1029900069CF4423D1F0409181146CE6A62E64E106
:1029A000B62E442321F051E8A52E54E1B52E6091B6
:1029B00011054EE38217930709F040E280E00E9480
:1029C000B46F63E1C5010E948371809114059091F9
:1029D0001205992309F427C120913305309134055C
:1029E0008217130609F01FC110926E028091A30393
:1029F0008111A5CF6CE674E1C7010F940EE4470185
:102A000045E9A42E4FE0B42EF40161914F016623F5
:102A100019F06E3209F04BC060E0C5010F94C7DDBC
:102A20006EE270E0C7010F94FAE33C01892B19F0C4
:102A30008FEF681A780A430131E9A32E3CE0B32EE8
:102A40006114710421F0F4016081611101C060E042
:102A5000C5010F94C7DDFFEFAF1ABF0A2FEF821A2F
:102A6000920A84E9A8168CE0B80651F760900A161D
:102A7000662D8AE59FE00F94C7DD88E694E12AE0A1
:102A8000A22E2FE0B22E712C4C01E9E08E0E911C8B
:102A90007614D1F048E050E0B5018E5A9F4F0F9464
:102AA000B7DD7394F8E0AF0EB11CC401EDCFC501E2
:102AB0000F94C7DDFFEFAF1ABF0A2DE9A2162FE072
:102AC000B20609F0A1CFACCF61E0C7010F944681F7
:102AD00040907717509078176090791770907A1718
:102AE000942D852D21E0421628E7520661047104D9
:102AF00010F090E088E7A92EB82E81E0481688E70C
:102B000058066104710408F45DC098E7591A610819
:102B1000710840927E1750927F17609280177092D2
:102B20008117C301B2010F9405790E948686009334
:102B3000A2038AE89DE30E946073BC01C5010F9463
:102B400084CD80917E1790917F17A0918017B091CE
:102B5000811740917717509178176091791770918C
:102B60007A1784179507A607B70780F511112EC0AD
:102B70002091FD16211103C080E090E0DC01841952
:102B800095090F9455CD00936A140E94028A809192
:102B90007D1090917E10892BA1F287E79BE60E9421
:102BA000DB68811105C087E39BE80E94DB68811127
:102BB00011E080917C10811102C00E944678109231
:102BC0007C10E5CF412C512C3201AFCF0F9476CD44
:102BD0001092A2030F947E828AE690E70F94600D14
:102BE000112391F0FF92EF923F922F920E94A08FBB
:102BF00061E089EE90E70E94028F0F900F900F9096
:102C00000F900F9453279BCE8AE99DE30E94607337
:102C100041E060E00F94B865182F81E00E94D96F01
:102C2000112301F3EECF8F5F8093140522CE0F9412
:102C3000F6CE809111058F5F809311058091130569
:102C40008F5F80931305E7CD8091A40311E081117C
:102C500005C080916D02811101C010E08091A80330
:102C60009091A903892B91F46091AF038091AA03FD
:102C70009091AB030F94FB8680918114811146C023
:102C80008CE694E19093A9038093A803111110920C
:102C9000A6036CE271E080EB93E00F94BD3F8111DD
:102CA00003C0112309F454CE8091A70302E18111DE
:102CB00001C003E14EE36091AE0380E00E94B46F77
:102CC0008091A703882319F085E80E944370209122
:102CD000A6038091A8039091A903602F820F911DF4
:102CE0000E948371811115C080EB93E00F94EC3F3B
:102CF0008091A6038F5F8093A603112309F428CE49
:102D00001092B00381E08093A50322CE81E894E184
:102D1000B9CF1092B003F1CF61E08FE790E70E9446
:102D2000028F82E0809371078FE299E50E946073C1
:102D30000F94600D0F94532783E080936D020895E4
:102D40000F94000D882339F11092A2038FE299E5C8
:102D50000E9460730F94600D0F942C5988E080934B
:102D600071070E9422771092100560E070E080E801
:102D70009FE30E94F9681092DC03809199038230EE
:102D800011F40F94D1580E94786784E29BE60E9468
:102D9000057B109271070895CF93DF93EC0180E0DB
:102DA0000F942708882331F060E0CE01DF91CF91A6
:102DB0000D940C08DF91CF9108950F94347E9F936A
:102DC0008F938AE59BE89F938F930F9465DC0F9018
:102DD0000F900F900F900895EF92FF920F931F9313
:102DE000CF93DF930E9432E6C82F8CEB9EE3C11194
:102DF0008AC087E79EE30E9460730F940C3610929E
:102E0000861710928517D0918D170F942C7E8C0108
:102E1000BC0190E080E00F942FD820E030EC4FE729
:102E200056E40F94CADF20E030E040EA50E40F940B
:102E300070D89F938F937F936F9389EB9BE89F93B9
:102E40008F930F9465DC0F900F900F900F900F9061
:102E50000F900D3586E2180708F43FC08FEB9DE315
:102E60000E9460730F940C360F942C7E7C01BC0181
:102E700090E080E00F942FD820E030EC4FE756E44C
:102E80000F94CADF20E030E040EA50E40F9470D89D
:102E90009F938F937F936F938DE89BE89F938F937E
:102EA0000F9465DC0F900F900F900F900F900F9084
:102EB0008FE2E81683E1F80680F461E0033D1A43EF
:102EC00008F060E0D61741F060938D1788E49DE02C
:102ED0000F94C7DD0F94DD16C1E084E897E10E94EE
:102EE00083758DE39EE3CC2371F081E19EE30E9424
:102EF00060730F940C36DF91CF911F910F91FF906B
:102F0000EF900D94B9880E946073DF91CF911F916B
:102F10000F91FF90EF900D940C36CF93DF93C82F55
:102F2000DFB76623D9F1F8940F94574581E0809379
:102F3000620E1092DB030E9462650F9408BC0E942F
:102F400086861092A2030F948659DFBF1092DC038D
:102F50000F94F5588091FD16882371F010926A1431
:102F60008AEF96E10F947C6E8AEF96E10F946FA43E
:102F7000109268141092691487E69BE60E94057B04
:102F800010929C13C1111092100581E08093610E84
:102F90001092630EDF91CF910D945327F89481E046
:102FA0008093620E1092DB030E9462650F9408BC4E
:102FB0000E9486861092A2030F948659DFBFCACF63
:102FC00060E081E00D948D17413041F440E061E014
:102FD0000F94B865813041F40D94E017423021F42C
:102FE000CB010F940C36F8CF08950F931F93CF9316
:102FF0008CEA9CE00F94A3DD882329F081E0CF9137
:103000001F910F910895809184178823B9F30E942E
:1030100032E68111F3CFC091E604CC2379F385E247
:1030200091E40E9460738C0185E291E40E946073D8
:103030004C2FB8010F94E41781E09091610E91300C
:10304000F1F680E0DCCF1F93CF93DF931091EB0478
:103050001123F9F0EC0185EA9DE00F94B1DD8C17A6
:103060009D07B9F086ED90E40E946073EC018BEA55
:1030700090E40E946073412FBE010F94E4171092F8
:10308000F40360E08CE49AE3DF91CF911F910D94FB
:103090008FD0DF91CF911F910895CF92DF92EF9261
:1030A000FF92CF936B017C0182E08093710782EDE8
:1030B00098E50E9460730F94600D1092861710922D
:1030C000851720E030E044E352E460914B077091B3
:1030D0004C0780914D0790914E070F94CADE609384
:1030E0004B0770934C0780934D0790934E076AE00F
:1030F00077E58DEA92E40F948EBA0F942C5920E074
:1031000030E04CE052E460914B0770914C078091A5
:103110004D0790914E070F94CADE60934B07709352
:103120004C0780934D0790934E0769E27CE585E854
:1031300091E40F948EBA0F942C5920E030E0A9014D
:10314000C701B6010F94C0DF8823E1F0A701960103
:1031500060914B0770914C0780914D0790914E07FD
:103160000F94CBDE60934B0770934C0780934D0711
:1031700090934E0760E070E080E291E40F948EBA85
:103180000F942C5989EE9AE30E9460730F94853551
:10319000149A64E670E080E090E00F94923D82E043
:1031A0000F947F64C3E30E94B171811107C0C150C5
:1031B00029F084E690E00E943E94F5CF0F942C59BC
:1031C0000E94B171882329F084E690E00E943E9429
:1031D000F7CF81E00E94D96F8AE690E70F94600DE7
:1031E000109271070F94F43684E897E1CF91FF9025
:1031F000EF90DF90CF900C9483752F923F924F9277
:103200005F926F927F928F929F92AF92BF92CF9276
:10321000DF92EF92FF920F931F93CF93DF93CDB77F
:10322000DEB767970FB6F894DEBF0FBECDBF082F8D
:10323000CE0146969F8B8E8B83E0F82E95E1292E4A
:103240000F9429C300937C13402F64E5CE010196AF
:103250000F9407C349815A816B817C818D810F94C2
:10326000799861E081E00F949D9F182F811107C02C
:103270000F946BC20F943B9F0F942BA0E1CF0F9440
:103280002C590F945FC3813079F10F942BA092E0F9
:10329000F91209C08EEC9EE00F94A3DD813019F481
:1032A000802F0F9416A1FA94F110CACF8091590E75
:1032B000882309F4EFC067960FB6F894DEBF0FBEFF
:1032C000CDBFDF91CF911F910F91FF90EF90DF90D5
:1032D000CF90BF90AF909F908F907F906F905F90B6
:1032E0004F903F902F9008956091711370E090E09F
:1032F00080E00F9431D89B01AC0160E070E08CE578
:1033000092E40F94CADE362E872E982EE92E262FB1
:10331000372F482F592F60E070E080E291E40F943E
:10332000CADF2B013C01E6E3F5E0822D11928A957C
:10333000E9F710923505832D982DA92DBE2DBC01DE
:10334000CD01912C312CE12C5B016C01D7FAD0948A
:10335000D7F8D09420E030E048E452E40F942BC337
:103360009091520E8091530E981709F449C0112381
:1033700031F00F945FC311E0813009F010E083E079
:103380000F94185920914B0730914C0740914D07ED
:1033900050914E070F94CADEA30192010F9470D88A
:1033A0000F94A9DF0F9443E0862EE616C1F0E32DBB
:1033B000E43108F0E3E1332433943E0E8FEF111132
:1033C00001C08DE2F0E0EA5CFA4F808391E09093D7
:1033D0006D0280916E02811102C00F94B24090E0A4
:1033E00080E00E943E94E82C8091590E882309F4D5
:1033F000B7CF10E037C0C601B50199249394AACF86
:1034000091E09912F8CF0F9429C3111108C08FECE5
:103410009EE00E94B27780ED9EE00E94A57744E195
:1034200050E066E375E0CE0101960F9423E4FE01BF
:103430003196819187FD2CC080E3DF0111978C9339
:103440008E899F898E179F07A1F71D8A82EF99EABF
:103450000E94DA788DE890E90E94DA78CE01019630
:103460000F94A8D68BE495E00F942E42112309F413
:103470000CCF802F0F941A890093231380919813F7
:10348000909199130196909399138093981313CF69
:1034900081E3D3CF8AE290E890932613809325139B
:1034A00061E081E00F949D9FC7CECF93DF93D82F2B
:1034B0000F949B89C82F8823D9F080917B138D1797
:1034C000B9F00E949668811102C00F9468A00F9411
:1034D0000F8910928617109285170F942C598D2FF3
:1034E0000F94FD1884E897E10E9483750F949089EA
:1034F0008C2FDF91CF910895CF92DF92EF92FF92C0
:103500000F931F93CF93DF9300D01F92CDB7DEB7F9
:1035100080918D178F3F31F480919413813011F099
:103520000F94EC160F945745D090DF038FEF8093E4
:10353000DF038CEEE82E8BE8F82E06EE1BE820E089
:1035400030E048E452E460915D0E70915E0E80912F
:103550005F0E9091600E0F9454E118168CF020E0ED
:1035600030E048E452E46091ED047091EE04809103
:10357000EF049091F0040F9454E118160CF042C03F
:1035800089EF9EE30E9460730F94853542E864E002
:1035900080E00E94B46F60915D0E70915E0E80912C
:1035A0005F0E9091600E0F943CE07F936F93FF92BB
:1035B000EF920E946D6F81E80E94836F40E864E0A3
:1035C00089E00E94B46F6091ED047091EE048091E7
:1035D000EF049091F0040F943CE07F936F931F935E
:1035E0000F930E946D6F81E80E94836F88EE93E0D5
:1035F0000E943E940E94E8780FB6F894DEBF0FBE9A
:10360000CDBF9DCFD092DF0381E00E94D96F0E9491
:10361000C76F8FE39FE30E946073AC0160E080E0BE
:103620000E94A86F81E00E94656781E00E9433914B
:1036300060ED77E080E090E00F94923D82E080932F
:10364000960200ED17E021E043E060E080E00E9498
:10365000AED5F82E83E00E94D07680E00E9495D00F
:1036600062E082E00E9429D180E00E94D076C09082
:10367000AD04D090AE0494E1C916D1045CF121E010
:1036800043E06F2D81E00E94AED5F82E8FEF0E94AF
:1036900095D063E085E00E9429D180E00E9495D01A
:1036A0008091AF049091B00484319105CCF464EF23
:1036B00072E085E00F946C0896E4C916D1049CF47E
:1036C00008E813E121E043E06F2D8DE00E94AED5C4
:1036D000E12C5DC164EF72E086E00F946C08F0CFDE
:1036E0008634910554F460E081E00E949BD0811102
:1036F0007CC164EF72E089E0F0CF86E4C816D104A3
:1037000094F700ED17E021E043E06F2D82E00E9486
:10371000AED5F82E1C9B18C01C9B16C020E030E0D4
:1037200040E251E460914707709148078091490752
:1037300090914A070F94CBDE609347077093480738
:103740008093490790934A0760E070E084E392E435
:103750000F948EBA0F942C591C9B51C11A82198256
:103760001C821B821C9B06C069EF72E0CE01019691
:103770000F94EFE3BE016F5F7F4F82E00F946C0800
:1037800010E00F94A04E81E00E949991112309F45A
:1037900097CF00ED17E021E043E06F2D84E00E9419
:1037A000AED5F82E80E00F94810A882309F488CFE3
:1037B00010E000E021E043E06F2D84E00E94AED5F0
:1037C0000CED15E021E043E0682F85E00E94AED5C6
:1037D000F82E81E00F94810A882309F471CF10E05C
:1037E00000E021E043E06F2D86E00E94AED5F82E88
:1037F0000F94643B10928F02EFE1F2E9859195916D
:10380000A591B49180933F0790934007A0934107FF
:10381000B0934207E3E2F2E9659175918591949145
:1038200020E030E040E850E40F94CBDE60934307A3
:1038300070934407809345079093460760E070E0DB
:1038400080E291E40E94966E0E94EF680CED15E014
:1038500021E043E06F2D86E00E94AED550E040E0CD
:1038600061E082E00E94F57B60E070E080EA91E434
:103870000E94966E60E070E080E291E40E94966E95
:1038800010E000E021E042E060E08EE00E94AED572
:1038900080E00F945638E82E21E042E061E08EE0AF
:1038A0000E94AED581E00F945638E82221E042E034
:1038B00062E08EE00E94AED5F82EEE2009F400CF33
:1038C00061E088EF9EE00F94C7DD00ED17E021E096
:1038D00043E06F2D87E00E94AED5F82E81E00F9473
:1038E0008309882309F4ECCE08EE13E021E043E0DD
:1038F0006F2D88E00E94AED5F82E80E00F948309EA
:10390000E82E882309F4DCCE00ED17E021E043E047
:103910006F2D89E00E94AED590919413913079F586
:1039200021E043E0682F8AE00E94AED5F82E8EE1B8
:103930009FE30E94607370E060E00E942FDBD82E4E
:1039400010E000E021E041E060E08AE00E94AED5B6
:1039500010926C0210926B028D2D0F94551A0F94D9
:1039600068A08FEA90E090936C0280936B0200ED68
:1039700017E021E043E06F2D8BE00E94AED508E810
:1039800013E121E043E0682F8CE00E94AED5109255
:10399000CD0361E087E79BE60E94028F81E00E94F1
:1039A000D96FEE2071F181E00E94DCE881E39FE3B2
:1039B0000E9460730F94600D0F94532780E00E9463
:1039C000656780E00E94339181E0809396028E2D9E
:1039D0000F900F900F900F90DF91CF911F910F914B
:1039E000FF90EF90DF90CF90089561E080E00E941B
:1039F0009BD0811186CE64EF72E085E06ECE11E03F
:103A0000C0CE88EC93E40E94607362E00F943D089E
:103A1000D5CF0D947C1ACF93C82F8BEC9AE30E94DC
:103A200060736C2F0F944CC28C2F0F94551A0F9407
:103A30002C590F9468A00F9449C2CF910D94F4367D
:103A4000CF93C0E08BEC9AE30E9460736C2F0F94CD
:103A50004CC28C2F0F94551A0F942C590F9468A0B8
:103A60000F9449C2CF5FC53069F7CF910D94F436FA
:103A7000CF93DF93D82F0F949B89C82F882369F1A8
:103A800088EC90E00F94A8C682E00F947F6486E7EC
:103A90009CE50E9460736D2F0F944CC20F940F89A8
:103AA000109286171092851780917B13833629F028
:103AB00062E184E895EA0F9472898D2F0F94FD18C6
:103AC0000E945CD183E00F947F6484E897E10E94B8
:103AD00083750F9490890F9449C28C2FDF91CF91F9
:103AE00008951F93CF93DF93C82F162F0F949B89B0
:103AF000D82F8823A9F01092861710928517C33605
:103B000011F1C83791F0CF3339F484E690E00F9487
:103B1000A8C6812F0F94381D84E897E10E94837511
:103B20008D2FDF91CF911F91089510926C0210920A
:103B30006B02812F0F94551A8FEA90E090936C02DC
:103B400080936B02E9CF84E690E00F94A8C60E94B0
:103B50005CD1E2CF0F94381D0E9448650F942C5918
:103B60000F9453270F94B7688AE690E70F94600D7F
:103B7000109271070D94F436CF93DF9300D01F920B
:103B80001F92CDB7DEB7482F68E5CE0101960F949E
:103B900007C349815A816B817C818D810F9479980B
:103BA0000F900F900F900F900F90DF91CF9108958D
:103BB0001F93CF93DF9300D01F921F92CDB7DEB734
:103BC000182F0F949B898823D9F0412F62E5CE01ED
:103BD00001960F9407C349815A816B817C818D8145
:103BE0000F94799860E080E00F949D9F882369F39B
:103BF00020914013309141133093911320939013EF
:103C00000F900F900F900F900F90DF91CF911F9119
:103C10000895FF920F931F93CF93DF931F92CDB719
:103C2000DEB7CE0101960F94DE4710E000E085E09C
:103C3000F82ED19911C00F94A04E0E3D1105C9F771
:103C4000CE0101960F94D147C8010F90DF91CF911B
:103C50001F910F91FF900895D19A80911B058823A1
:103C600061F310921B050E943B950F94FD4B8091D0
:103C70001A0581111BC0F09EF001F19EF00D112478
:103C8000EE58F84F8091160590911705A0911805F0
:103C9000B091190580839183A283B3838091150528
:103CA00084830F5F1F4F0F94C850C7CF10E000E010
:103CB000C7CFFC018081882321F0813029F482E084
:103CC00001C081E08083089510820895FC019491E1
:103CD000903249F087EF890F823028F081E09D30E3
:103CE00019F080E0089581E00895883E23E092076E
:103CF00010F087EE93E008959091200580911F05C4
:103D00002FEF3FEF891771F0E92FF0E0EE5DFA4FEA
:103D1000208130E09F5F80911E05981708F090E0A9
:103D200090932005C90108959091D00095FFFCCF94
:103D30008093D60090E080E00895CF92DF92EF92DA
:103D4000FF920F931F93CF93DF938C01EA0190E0D2
:103D500050E06150770B292F30E0261737072CF001
:103D6000552319F190E050E0F6CF7801E20EF31EF2
:103D7000F7018081D90111966801CA0EDB1EF60198
:103D80004081481780F4F7014083F6018083209733
:103D900049F0FE01E20FF31F8081AC0FBD1F2C9193
:103DA00020838C9351E09F5FD6CFDF91CF911F91FD
:103DB0000F91FF90EF90DF90CF900895813041F008
:103DC00028F0823039F0833071F00895A09A089578
:103DD000A29A08959FB7F894809108018062809319
:103DE00008019FBF08959FB7F894809108018061F2
:103DF000F6CF813041F028F0823039F0833071F015
:103E00000895A0980895A29808959FB7F894809176
:103E100008018F7D809308019FBF08959FB7F89494
:103E2000809108018F7EF6CF8EBD0DB407FEFDCFC9
:103E30008EB508952F923F924F925F926F927F922C
:103E40008F929F92AF92BF92CF92DF92EF92FF92AA
:103E50000F931F93CF93DF93CDB7DEB72E970FB697
:103E6000F894DEBF0FBECDBF209017063090180625
:103E70004090160550901705609018057090190530
:103E80002114310439F481E08093EE05812C912CCA
:103E90005401F9C0B101032C000C880B990B0F944D
:103EA00031D8A30192010F94CADE6B017C0180918D
:103EB000EE05882391F01092EA051092EB0510921E
:103EC000EC051092ED051092E6051092E7051092B0
:103ED000E8051092E9051092EE052091D206309186
:103EE000D3064091D4065091D506C701B6010F9470
:103EF00070D869837A838B839C832091EA05309103
:103F0000EB054091EC055091ED05C701B6010F940A
:103F1000CBDE4B015C012091A9042D873091AA04CE
:103F200039871091AB040091AC04412F502F0F94AE
:103F3000C0DF87FD17C08091A5048D879091A604EE
:103F400099871091A7040091A8049C01412F502F3C
:103F5000B401C5010F9454E1181624F08D8699869A
:103F60001A2D0B2D8D859985A12FB02F8093EA05F1
:103F70009093EB05A093EC05B093ED052091D60648
:103F80003091D7064091D8065091D906BC01812FB7
:103F9000902F0F9470D86D837E838F8398872091A4
:103FA000E2053091E3054091E4055091E505C30138
:103FB000B2010F94CADE2091DA063091DB064091FF
:103FC000DC065091DD060F9470D820ED3CEC4CE4FB
:103FD0005DE30F9470D84B015C0123E333E343E7C7
:103FE0005FE36091E6057091E7058091E8059091A7
:103FF000E9050F9470D89B01AC01C501B4010F9481
:10400000CBDE4B015C018092E6059092E705A09221
:10401000E805B092E9052D813E814F81588569817F
:104020007A818B819C810F94CBDEA50194010F9442
:10403000CADE4B015C0120E030E04FE753E40F940F
:1040400054E120E030E0A90118160CF06DC1C70161
:10405000B6010F9454E1181684F4A70196016D85FA
:104060007985812F902F0F94CADE6093EA057093B3
:10407000EB058093EC059093ED05812C912C3FE7A7
:10408000A32E33E4B32E4092E2055092E3056092F2
:10409000E4057092E5056091560270915702072E73
:1040A000000C880B990B0F9431D89B01AC01C30114
:1040B000B2010F94C0DF87FF57C1232809F454C110
:1040C000C501B4010F943CE07595679560931505A3
:1040D00020911006309111063A83298340901206F0
:1040E000509013066090140670901506B901330FB6
:1040F000880B990B0F9431D8A30192010F94CADE5B
:104100006B017C012091DE063091DF064091E006D4
:104110005091E1060F9470D86D837E838F839887CA
:104120002091F7053091F8054091F9055091FA0575
:10413000C701B6010F94CBDE5B018C013091A10465
:104140003E878091A2048D873090A3042090A40420
:10415000232F382F432D522DB501C8010F94C0DFF6
:1041600087FD18C090919D049E8720919E042D8705
:1041700030909F042090A004292F3D85432D522D7F
:10418000B501C8010F9454E1181624F0AE86BD861F
:10419000302E212E8E859D85A32DB22D8093F7057F
:1041A0009093F805A093F905B093FA052091E206E3
:1041B0003091E3064091E4065091E506BC01832D61
:1041C000922D0F9470D869877A878B879C8720916E
:1041D000F3053091F4054091F5055091F605C301C2
:1041E000B2010F94CADE2091E6063091E7064091B5
:1041F000E8065091E9060F9470D820ED3CEC4CE4B1
:104200005DE30F9470D84B015C0123E333E343E794
:104210005FE36091EF057091F0058091F105909159
:10422000F2050F9470D89B01AC01C501B4010F9445
:10423000CBDE4B015C018092EF059092F005A092DD
:10424000F105B092F2054092F3055092F4056092A8
:10425000F5057092F60529853A854B855C856D815B
:104260007E818F8198850F94CBDEA50194010F94F8
:10427000CADE4B015C0120E030E04FE753E40F94CD
:1042800054E120E030E0A90118160CF070C0C7011D
:10429000B6010F9454E1181684F4A70196016E85B7
:1042A0007D85832D922D0F94CADE6093F705709360
:1042B000F8058093F9059093FA05812C912C9FE7DE
:1042C000A92E93E4B92E20E030E04AEF52E4C30176
:1042D000B2010F94C0DF87FF6DC0C501B4010F9418
:1042E0003CE0759567956093160689819A81892BC4
:1042F00011F4109216062E960FB6F894DEBF0FBE7C
:10430000CDBFDF91CF911F910F91FF90EF90DF9084
:10431000CF90BF90AF909F908F907F906F905F9065
:104320004F903F902F900895C501B4010F94C0DFC6
:1043300087FFA9CE20E030E0A901C701B6010F94A4
:10434000C0DF87FFA3CDA70196016D857985812FF9
:10435000902F0F94CADE6093EA057093EB0580936B
:10436000EC059093ED0592CD10921505B1CEC501E7
:10437000B4010F94C0DF87FFA6CF20E030E0A90191
:10438000C701B6010F94C0DF87FF10C0A7019601D7
:104390006E857D85832D922D0F94CADE6093F7057F
:1043A0007093F8058093F9059093FA05812C912C70
:1043B000540189CF1092160698CF8091690E909182
:1043C0006A0E90931806809317068091670E90915D
:1043D000680E90931106809310060895813041F184
:1043E00020F0823009F445C00895179880910901A2
:1043F000817091E06927861759F090910B0166232F
:1044000089F0916090930B01EBE4F0E03197F1F7C4
:1044100091E096B9882341F080910B0181608093EF
:104420000B0108959E7FEECF80910B018E7FF7CF19
:1044300016989091090181E0292F227091FF80E068
:10444000861759F080910B01662379F08260809382
:104450000B018BE490E00197F1F782E086B980913F
:104460000B01222321F08260DACF8D7FF0CF8D7F88
:10447000D6CF15989091090181E0292F247092FFE1
:1044800080E091E06927861759F090910B0166232F
:1044900091F0946090930B01EBE4F0E03197F1F729
:1044A00094E096B9861709F4BCCF80910B012223C2
:1044B00021F08460B4CF9B7FEDCF8B7FB0CF809114
:1044C0001D05811125C08091C00087FF3DC08091EE
:1044D000C00084FF03C08091C60008954091C600CB
:1044E00020918F0430919004C90101968F7799270C
:1044F00060919104709192048617970729F1215FCA
:104500003B4FF90140839093900480938F041CC02B
:104510008091C80087FF18C08091C80084FF03C045
:104520008091CE0008954091CE0020918F0430916B
:104530009004C90101968F77992760919104709139
:10454000920468177907D9F6089523E0811121E0D4
:1045500080E06BE173E04BEC57E03FB7F89490914B
:1045600002019460909302013FBFFB013197F1F784
:104570003FB7F894909102019B7F909302013FBF57
:10458000FA013197F1F78F5F8213E7CF08958AE040
:104590002BE831E04FB7F89490910201946090932A
:1045A00002014FBFF9013197F1F74FB7F89490919D
:1045B00002019B7F909302014FBFF9013197F1F700
:1045C000815041F7089587EA9CE00F94A3DD8111A3
:1045D00005C08091A3038150883010F080E00895D9
:1045E00081E008950F9422CF10921105809111055A
:1045F0008430A8F51092140587E69DE30E9460734D
:104600000F94EDD18FEF9DE40E94607360ED7AE32B
:104610000F94A0D186EF9DE40E9460736AED7AE367
:104620000F94A0D18DEE9DE40E9460736AE579E35A
:104630000F94A0D182EE9DE40E9460736AEE79E34C
:104640000F94A0D10F94F6CE809111058F5F8093C7
:104650001105809113058F5F80931305C7CF0895CF
:104660000F9422CF1092110580911105843028F506
:104670001092140588EB9DE30E9460730F94EDD1B6
:1046800081E89AE40E9460736EE679E30F94A0D10A
:1046900089E79AE40E9460736CEE79E30F94A0D1ED
:1046A0000F94F6CE809111058F5F80931105809154
:1046B00013058F5F80931305D7CF08950F9422CFF2
:1046C0001092110580911105843068F5109214053F
:1046D00088EB9DE30E9460730F94EDD181E89AE42A
:1046E0000E94607366EC7AE30F94A0D189E79AE4A4
:1046F0000E9460736AE07BE30F94A0D187E19AE4A3
:104700000E94607364E879E30F94A0D10F94F6CE11
:10471000809111058F5F80931105809113058F5F44
:1047200080931305CFCF089589EA9DE00C94BE775E
:104730008CEA9CE00F94A3DD882361F0109294131F
:1047400010924213109227138CEA9CE00E94BE77CD
:104750000D944C780E9498DCF7CF8091A5038823B4
:1047600021F080916D02882351F081E08093A503B0
:1047700060E08AE29DE00E9493778093A6030F9405
:1047800022CF1092110580911105843008F081C06C
:10479000109214058091F40381114AC089E190E4DC
:1047A0000E9460730F94EDD18DE39BE30E946073D0
:1047B00062E87AE30F94A0D18091EA048C3309F483
:1047C00054C0C8F5893109F444C08832C1F183E589
:1047D00097E50E94607366E37BE30F949FCE8AE4C3
:1047E00097E50E94607364EE79E30F94A0D1809105
:1047F0009413813031F062E27AE382E994EA0F9413
:104800009FCE8091A603882331F06CE37AE385E89C
:1048100094EA0F94A0D10F94F6CE809111058F5F8A
:1048200080931105809113058F5F80931305ABCFA3
:1048300087E69DE3B5CF803511F18F3F41F687EED6
:104840009BE30E94607322E048ED5AE36EEA74EA4B
:1048500009C087EE9BE30E94607322E048ED5AE3B3
:1048600063EB74EA0F94B1D0B2CF87EE9BE30E9462
:10487000607322E048ED5AE369EA74EAF3CF87EE09
:104880009BE30E94607322E048ED5AE364EA74EA15
:10489000E9CF089580E00D94BC1D0F9422CF1092B3
:1048A000110580911105843008F045C0109214055F
:1048B0008EEB97E50E9460730F94EDD16DE274ED7D
:1048C00089E49DE00F9450D168E274ED84E59DE0A9
:1048D0000F9450D163E274ED8FE59DE00F9450D1B9
:1048E0006EE174ED8AE69DE00F9450D169E174EDBC
:1048F00085E79DE00F9450D164E174ED80E89DE080
:104900000F9450D16FE074ED8BE89DE00F9450D17F
:104910006AE074ED86E99DE00F9450D10F94F6CED5
:10492000809111058F5F80931105809113058F5F32
:1049300080931305B6CF08950F9422CF10921105DE
:10494000809111058430D8F5109214058EEB97E50F
:104950000E9460730F94EDD181E497E50E9460732B
:1049600042EA59E3BC018091EB040E942EFB89E3EB
:1049700097E50E9460734EE85AE3BC018091E90418
:104980000E942EFB46E45AE36BE470E78091E80452
:104990000E942EFB4AE35BE36DE07EE68091E60435
:1049A0000E942EFB0F94F6CE809111058F5F8093AD
:1049B0001105809113058F5F80931305C1CF089572
:1049C00086EE94E00F94591E6091E60480E29CE02C
:1049D0000D94C7DD88EE94E00F94591E6091E804B1
:1049E00083EA9DE00D94C7DD89EE94E00F94591E93
:1049F0006091E90484EA9DE00D94C7DD8BEE94E0BC
:104A00000F94591E6091EB0488EA9DE00D94C7DD78
:104A100080918C1760E0811101C061E060938C1778
:104A200087E49DE00D94C7DDCF93DF930F9422CFF1
:104A30001092110580911105843008F096C01092F3
:104A4000140589E190E40E9460730F94EDD1809188
:104A500084178823F1F188E49DE50E946073EC01DE
:104A600088EC9CE30E94607322E04CE55AE3BE01AF
:104A70000F94B1D080918417882309F466C08330E5
:104A800059F587E09DE30E946073EC0183EE96E5A3
:104A90000E94607322E04CE35BE3BE010F94B1D04F
:104AA00087E09DE30E946073EC0185ED96E50E942E
:104AB000607322E04CE35BE3BE010F94B1D08091C0
:104AC0008C17882399F1813009F44CC00F94082584
:104AD0003CC082E49DE5C1CF80918617882301F117
:104AE00088E49DE50E946073EC0183EE96E50E94E8
:104AF000607322E042E35AE3BE010F94B1D080918B
:104B00008517882381F088E49DE50E946073EC019D
:104B100085ED96E50E94607322E04EED5AE3CCCF1E
:104B200082E49DE5DFCF82E49DE5EFCF8DEC96E555
:104B30000E946073EC0181EC96E50E94607322E0B4
:104B400042E859E3BE010F94B1D00F94F6CE8091A4
:104B500011058F5F80931105809113058F5F8093FE
:104B6000130568CF89EB96E5E3CFDF91CF910895E8
:104B7000E4E8F7E1618181E06827618387E09FE0F5
:104B80000D94C7DDE4E8F7E1628181E06827628384
:104B900085ED9EE00D94C7DDEBEDF6E1608181E0EF
:104BA000682760838BEB9FE00D94C7DD80911D0526
:104BB000813051F410921D0560911D0588E09FE041
:104BC0000F94C7DD0C94F6DC81E080931D05F4CFD3
:104BD0008FEA9FE00F94A3DD61E0811160E08FEA2E
:104BE0009FE00D94C7DD8091DD04813071F020F0ED
:104BF000823069F483E001C081E08093DD0460913C
:104C0000DD0487ED9EE00D94C7DD82E0F6CF1092C3
:104C1000DD04F5CF89E09FE00F94A3DD61E08823F8
:104C200021F062E0813009F060E089E09FE00F94BC
:104C3000C7DD81E08093B9140895EF92FF920F933E
:104C40001F938091B203811135C080EC9FE00F94D7
:104C5000A3DD813061F58FEB9FE00F94A3DD082E7B
:104C6000000C990B9093B4038093B3038EEB9FE0F9
:104C70000F94A3DD082E000C990B9093B60380933C
:104C8000B5038DEB9FE00F94A3DD082E000C990B6C
:104C90009093B8038093B7038CEB9FE00F94A3DD50
:104CA000082E000C990B9093BA038093B90381E00E
:104CB0008093B2030F9422CF1092110580911105B9
:104CC000843008F06EC0109214050F94A2CD882392
:104CD000E9F06091B3038FEB9FE00F94C7DD609123
:104CE000B7038DEB9FE00F94C7DD6091B9038CEBA8
:104CF0009FE00F94C7DD6091B5038EEB9FE00F94AA
:104D0000C7DD61E080EC9FE00F94C7DD89E190E4AE
:104D10000E9460730F94EDD187E49DE40E9460735C
:104D2000F12CE12C04E610E02CE93FEF40E163EBCD
:104D300073E00F9472CF86E39DE40E9460732CE9C8
:104D40003FEF40E165EB73E00F9472CF85E29DE4A5
:104D50000E9460732CE93FEF40E167EB73E00F9432
:104D600072CF84E19DE40E9460732CE93FEF40E143
:104D700069EB73E00F9472CF80E19BE30E94607354
:104D80006EE37BE30F949FCE0F94F6CE80911105D6
:104D90008F5F80931105809113058F5F80931305BA
:104DA0008DCF1F910F91FF90EF9008958EEC9EE0B4
:104DB0000F94A3DD60E0813009F061E08EEC9EE0AD
:104DC0000D94C7DD6091380281E068276093380256
:104DD00087E89FE00F94C7DD80913802811102C0FF
:104DE0001092DE03089586ED9EE00F94A3DD61E04E
:104DF000823009F062E086ED9EE00D94C7DDCF932E
:104E0000DF938091EA048C33E1F0803501F1883240
:104E100091F088E28093EA04C0E9D1E06091EA046D
:104E200087EA9DE00F94C7DDBE0185EA9DE0DF9132
:104E3000CF910D94E5DD8CE38093EA04C8E5D2E0E0
:104E4000EDCF80E58093EA04C0E2D3E0E7CF89E1CB
:104E50008093EA04CAEFD0E0E1CF0E94C06F88E0FF
:104E60009EE40E9460730E947F6F0D948CD20E941A
:104E7000C06F8FE39EE40E9460730E947F6F0D9469
:104E80008CD2813021F48BE190E70C947F6F87E125
:104E900090E7FBCF81E090918417911180E00C9412
:104EA000B3750D94B9880E9440701092350520E0CA
:104EB00041E070E060E080EF9AE30F944CCF1092F5
:104EC000F0031092A3030895CF93DF9381E00E9433
:104ED000D96F21E041E070E060E084ED9AE30F9447
:104EE0004CCF1092D403C091650ED091660E0E94F3
:104EF000D171C05FDA4339F0811107C082E390E0DD
:104F00000E943E94F0CF882321F0DF91CF910D9441
:104F1000532780E0DF91CF910C94E87261E08DE53A
:104F200094EA0E94028F0D94532761E087E594EA8A
:104F30000E94028F0D94532761E083E594EA0E945A
:104F4000028F0D94532761E08FE494EA0E94028F50
:104F50000D9453270E94C76F88E59DE40E946073FB
:104F6000AC0160E080E00E94A86F80914B029091BC
:104F70004C022091330530913405820F931F8D32FE
:104F800021E0920750F18CE291E090934C028093E3
:104F90004B02109234051092330562E081E00E94CA
:104FA000946F80914C028F9380914B028F9387ED89
:104FB00093EA9F938F930E946D6F0E94B1710F903F
:104FC0000F900F900F90882371F083E08093610E13
:104FD0000F94532782E00C945B6F8A309105A8F6FA
:104FE0008AE090E0D2CF0895DF92EF92FF920F9384
:104FF0001F93CF93DF931092D4030E94C06FCDEA2A
:10500000D4E08A819B812CE3F22EF89E8001F99EE8
:10501000100D112480E59FE30E946073E82ED92EC5
:1050200088819981F89EE001F99ED00D11248DE5CB
:105030009FE30E9460731F930F93DF92EF92DF93C1
:10504000CF939F938F9383EE90EA9F938F930E94C9
:105050006D6F8DB79EB70A960FB6F8949EBF0FBEC0
:105060008DBFDF91CF911F910F91FF90EF90DF9057
:105070000D948CD20F931F93CF93DF930E94C06F38
:105080008BE59FE00F94B1DD182F092F8DE59FE090
:105090000F94B1DDEC0182EB9AE40E9460730F93F0
:1050A0001F93DF93CF939F938F9381EC91EA9F930C
:1050B0008F930E946D6F8DB79EB708960FB6F894C8
:1050C0009EBF0FBE8DBFDF91CF911F910F910D94A9
:1050D0008CD2CF93DF93CDB7DEB72F970FB6F8946E
:1050E000DEBF0FBECDBFFC01DE01119690E09D0139
:1050F000849141E0490F882329F08D933196942FB4
:105100004D30B1F7F901E90FF11D8AE380839F5F0C
:10511000F901E90FF11D80E29E3019F081939F5F44
:10512000FBCF1F867F936F933F932F938FE791EA77
:105130009F938F930E946D6F0F900F900F900F9021
:105140000F900F902F960FB6F894DEBF0FBECDBF15
:10515000DF91CF910895CF92DF92EF92FF9210925C
:10516000D4030E94C06F60915D0E70915E0E8091BD
:105170005F0E9091600E0F943CE06B0181E497E527
:105180000E946073B6010F9469286091ED047091DC
:10519000EE048091EF049091F0040F943CE06B01D9
:1051A00086E297E50E946073B6010F9469286091CA
:1051B0004F067091500680915106909152060F94BF
:1051C0003CE06B018EE89AE40E946073B6010F9494
:1051D000692860919503709196038091970390914F
:1051E00098030F943CE085E290E70F946928FF90C4
:1051F000EF90DF90CF900D948CD2AF92BF92CF9270
:10520000DF92EF92FF920F931F93CF93DF93109251
:10521000D40384E69FE00F94A3DD182F85E69FE07A
:105220000F94A3DDE82E86E69FE00F94A3DDB82E51
:1052300088E69FE00F94A3DDA82E0E94C06F81E74F
:105240009AE40E946073D82EC92E82E69AE40E94E6
:105250006073082FF92E81E59AE40E946073EC01D7
:105260008BE39AE40E9460731F92AF921F92BF92E9
:10527000CF92DF921F92EF92FF920F931F921F9394
:10528000DF93CF939F938F938AE491EA9F938F93B9
:105290000E946D6F8DB79EB742960FB6F8949EBF71
:1052A0000FBE8DBFDF91CF911F910F91FF90EF90B7
:1052B000DF90CF90BF90AF900D948CD26F927F9281
:1052C0008F929F92AF92BF92CF92DF92EF92FF9216
:1052D0000F931F93CF93DF931092D4030E94C06F5C
:1052E00083E09FE00F94B1DD0F94751E782E692E38
:1052F00085E09FE00F94B1DD0F94751E982E892EE6
:1053000081E79AE40E946073B82EA92E81E09FE0A5
:105310000F94B1DD0F94751ED82EC92E82E69AE443
:105320000E946073F82EE92E8FEF9EE00F94B1DD9E
:105330000F94751E182F092F81E59AE40E9460735F
:10534000EC018AE29AE40E9460736F927F928F92DE
:105350009F92AF92BF92CF92DF92EF92FF920F9304
:105360001F93DF93CF939F938F938AE491EA9F9348
:105370008F930E946D6F8DB79EB742960FB6F894CB
:105380009EBF0FBE8DBFDF91CF911F910F91FF90F8
:10539000EF90DF90CF90BF90AF909F908F907F90D5
:1053A0006F900D948CD28F929F92AF92BF92CF92BA
:1053B000DF92EF92FF920F931F93CF93DF931092A0
:1053C000D4030E94C06F80919A1390919B130F9405
:1053D000751E982E892E85E09AE40E946073B82E7F
:1053E000A92E80ED9EE00F94B1DD0F94751ED82E8E
:1053F000C92E84EF99E40E946073F82EE92E83EDA4
:105400009EE00F94B1DD0F94751E182F092F88EEC2
:1054100099E40E946073EC018AE29AE40E9460734E
:105420008F929F92AF92BF92CF92DF92EF92FF92B4
:105430000F931F93DF93CF939F938F938DE191EA07
:105440009F938F930E946D6F8DB79EB740960FB656
:10545000F8949EBF0FBE8DBFDF91CF911F910F912A
:10546000FF90EF90DF90CF90BF90AF909F908F9084
:105470000D948CD2CF92DF92EF92FF920F931F93F5
:10548000CF93DF931092D4030E94C06F8FEC9EE005
:105490000F94A3DD90E00F94751ED82EC92E84EFD3
:1054A00099E40E946073F82EE92E82ED9EE00F943D
:1054B000A3DD90E00F94751E182F092F88EE99E454
:1054C0000E946073EC018BE39AE40E946073CF92B8
:1054D000DF92EF92FF920F931F93DF93CF939F93EF
:1054E0008F938EEF90EA9F938F930E946D6F8DB78D
:1054F0009EB70C960FB6F8949EBF0FBE8DBFDF917E
:10550000CF911F910F91FF90EF90DF90CF900D946E
:105510008CD2AF92BF92CF92DF92EF92FF920F9315
:105520001F93CF93DF9300D000D01F92CDB7DEB78B
:105530008091A403811118C081EA9DE00F94A3DD3E
:10554000182F0E94CB77882379F080E10E94C1FA5E
:10555000882351F02BE0129FC0011124805B924FF1
:105560000F94B1DD892BF1F48091A503882371F0AC
:1055700081EA9DE00F94A3DD2BE0829FC0011124FE
:105580006FEF7FEF805B924F0F94E5DD0E94B1716A
:1055900021E0811120E041E070E060E08EE49BE3D7
:1055A0000F944CCF209133053091340521153105EE
:1055B00059F081E0121613060CF080E08093A503E9
:1055C000109234051092330581EA9DE00F94A3DD1B
:1055D0001BE0819FB0011124675B724F47E050E0F0
:1055E000CE0101967C010F9493DD0E94C06F81EA89
:1055F0009DE00F94A3DD819FC0011124805B924F39
:105600000F94B1DDBC01990F880B990B0F9431D821
:105610002091760630917706409178065091790670
:105620000F94CADFD62EC72EB82EA92E8091A503BF
:105630000EE310E2811102C000E21EE38BEB9EE458
:105640000E9460731F920F931F921F93AF92BF929D
:10565000CF92DF92FF92EF929F938F930E946D6F94
:105660000FB6F894DEBF0FBECDBF27960FB6F894E5
:10567000DEBF0FBECDBFDF91CF911F910F91FF9085
:10568000EF90DF90CF90BF90AF9008952F923F9210
:105690004F925F926F927F928F929F92AF92BF9242
:1056A000CF92DF92EF92FF920F931F93CF93DF93EE
:1056B000CDB7DEB7A8970FB6F894DEBF0FBECDBF4B
:1056C00048E050E065EE7FE0CE0141960F9493DD17
:1056D00048E050E06DED7FE0CE0109960F9493DD38
:1056E00048E050E065ED7FE0CE0101960F9493DD38
:1056F0008D849E84AF84B888EFE1F2E925913591DD
:1057000045915491CD80DE80EF80F884E3E2F2E9A8
:1057100085919591A591B4918DA39EA3AFA3B8A7B0
:105720008D899E89AF89B88D89A39AA3ABA3BCA3A9
:10573000C501B4010F9470D82B013C012DA13EA1ED
:105740004FA158A5C701B6010F9470D89B01AC01B9
:10575000C301B2010F94CBDE29A13AA14BA15CA1F8
:105760000F94CBDE20E030E040E950E40F94CBDE34
:105770001B018C01E7E2F2E92591359145915491A5
:10578000EBE2F2E94590559065907490C501B40143
:105790000F9470D84B015C01A3019201C701B601BF
:1057A0000F9470D89B01AC01C501B4010F94CBDEFE
:1057B00029A13AA14BA15CA10F94CBDE20E030E0FF
:1057C00040E950E40F94CBDE6D8F7E8F8F8F98A3CE
:1057D0000E94C06F8DEB9CE40E946073D82EC92E8E
:1057E00086EB9CE40E946073F82EE92E80EA9CE42C
:1057F0000E946073CF92DF92EF92FF9223E13CE828
:105800003F932F939F938F9385ED9FE69F938F9365
:105810000E946D6F62E08BE00E94946F0FB6F89467
:10582000DEBF0FBECDBF20E030E048E453E4622D80
:10583000732D802F912F0F9454E187FF51C01F9338
:105840000F933F922F928DEC9FE69F938F930E9430
:105850006D6F0F900F900F900F900F900F9063E06F
:105860008BE00E94946F1D8D0E8DFF8CE8A020E0D0
:1058700030E048E453E4D801F7016B2F7A2F8F2FE3
:105880009E2F0F9454E187FD32C087E09DE30E9474
:1058900060730E947F6F0E94B171882341F020E005
:1058A00041E070E060E088E99AE30F944CCFA8965D
:1058B0000FB6F894DEBF0FBECDBFDF91CF911F9121
:1058C0000F91FF90EF90DF90CF90BF90AF909F909F
:1058D0008F907F906F905F904F903F902F900895A2
:1058E00087E09DE30E9460730E947F6FB8CFEF92C4
:1058F000FF920F931F938DEC9FE69F938F930E94CF
:105900006D6F0F900F900F900F900F900F90C3CF6F
:1059100086E39FE60C94057BAF92BF92CF92DF9215
:10592000EF92FF920F931F93CF93DF936C010E942E
:10593000496FE601F12CE12C6F2D80E00E94946FFD
:10594000C6010F94661E882329F08FEFC81AD80A63
:1059500009F449C0C6010F9461DB8431910510F050
:1059600084E190E0E601C80FD91FE3E0FE120AC00F
:10597000843141F4FE018491E12C882319F02297AF
:10598000EE24E394FE018491882309F440C0CE0103
:105990000F94661E81113BC0FE01849192ED980F19
:1059A0009230A8F18C3299F196EC980F923078F100
:1059B0008F3369F1813259F18E01C016D10658F446
:1059C0005801F1E0AF1AB108C5010F94661E8111AC
:1059D0001DC08501F2CFC016D106C9F0E801F394CD
:1059E00084E0F812A9CFEE20F9F048E863E083E103
:1059F0000E94B46FCE01DF91CF911F910F91FF9064
:105A0000EF90DF90CF90BF90AF900895E801CC1653
:105A1000DD0628F7F60184918A3009F30E9443706D
:105A2000FFEFCF1ADF0AF3CFD0E0C0E0E3CF83EF80
:105A30009BE40E9460730F948C2C0D948CD20E9476
:105A400022781092B2030895CF93DF9381EF9CE404
:105A50000E946073AC0160E080E00E94A86F43E1A7
:105A60005CE861E080E00E94A86F62E080E00E9454
:105A7000946F85EE9FE00F94ABDD9F938F937F93A0
:105A80006F931F9288E58F93C2EBD3EADF93CF9396
:105A90000E946D6F63E080E00E94946F89EE9FE04A
:105AA0000F94ABDD9F938F937F936F931F9289E544
:105AB0008F93DF93CF930E946D6F8DB79EB7409603
:105AC0000FB6F8949EBF0FBE8DBFDF91CF910D949E
:105AD0008CD2CF92DF92EF92FF920F931F93CF93CE
:105AE000DF9380E69FE00F94ABDD6B017C010E94A9
:105AF000C06F83EE9CE40E946073182F092F85ED20
:105B00009CE40E946073EC0185EC9CE40E9460734D
:105B10002EE32F9320E82F931F921F920F931F9332
:105B20002DE32F9325EF2F9322EC2F9320E92F9332
:105B3000DF93CF9323E13CE83F932F939F938F9381
:105B40008AEE9FE69F938F930E946D6F60E08FE0D7
:105B50000E94946F8DB79EB742960FB6F8949EBF81
:105B60000FBE8DBF20E030E048EC52E4C701B60123
:105B70000F94C0DF87FF32C020E030E044E353E4FD
:105B8000C701B6010F9470D82BED3FE049E450E413
:105B90000F94CADF9F938F937F936F9383EE9FE65B
:105BA0009F938F930E946D6F0F900F900F900F90A7
:105BB0000F900F900E94B1718823B9F020E041E06E
:105BC00070E060E088EC99E3DF91CF911F910F9135
:105BD000FF90EF90DF90CF900D944CCF87E09DE346
:105BE0000E9460730E947F6FE5CFDF91CF911F917C
:105BF0000F91FF90EF90DF90CF9008952F923F92FA
:105C00004F925F926F927F929F92AF92BF92CF928C
:105C1000DF92EF92FF920F931F93CF93DF937091D8
:105C2000540E711104C07091550E772399F0DF91D5
:105C3000CF911F910F91FF90EF90DF90CF90BF9089
:105C4000AF909F907F906F905F904F903F902F907C
:105C50000D94EAD17091A503711109C070918F0262
:105C600010928F027093A60371E07093A50319013F
:105C70006A01C62FD92F982E809133059091340553
:105C8000892B09F471C00E9478678091520E8F5F52
:105C9000803109F480E09091530E981709F464C0A4
:105CA00084E0C89F80011124F801E15CF84F5F0196
:105CB0006091330570913405072E000C880B990B09
:105CC0000F9431D8F50120813181428153810F94A5
:105CD000CBDE2B013C01B601DD0C880B990B0F9438
:105CE00031D86B017C01AC019B01C301B2010F945F
:105CF000C0DFF50187FD7DC04082518262827382E0
:105D0000B101330C880B990B0F9431D82B013C0156
:105D1000C801815C984F7C01A3019201FC01608164
:105D20007181828193810F9454E118162CF4F7014C
:105D30004082518262827382109234051092330540
:105D400063E477E08FE397E00E945F6BF801E55032
:105D5000FD4F60817181828193810E947C670F94E5
:105D60008EBA81E080936D0280916D02882311F1DB
:105D700061E080E00E94946F84E0C89FF0011124EC
:105D8000E15CF84F83818F9382818F9381818F9320
:105D900080818F93DF939F9289E993EA9F938F93FA
:105DA0000E946D6FEDB7FEB738960FB6F894FEBF40
:105DB0000FBEEDBF8091CF03811104C08091A40379
:105DC000882321F08091A60380938F02DF91CF91E9
:105DD0001F910F91FF90EF90DF90CF90BF90AF9009
:105DE0009F907F906F905F904F903F902F900D9479
:105DF0008CD2C082D182E282F38282CF2FEF30E058
:105E000050E040E060E08DEB93EA0D94FE2D24ED30
:105E100030E04CEF5FEF61E080EC93EA0D94FE2DF3
:105E200022ED30E050E040E062E083EC93EA0D9434
:105E3000FE2D80915C06811103C082E00D94CED1CD
:105E400081E0FCCF5F934F937F936F93282F082EB1
:105E5000000C330B3F938F9381ED9EE69F938F93BE
:105E60000E946D6F2DB73EB7285F3F4F0FB6F89475
:105E70003EBF0FBE2DBF99E0981B892F0C948A6FEF
:105E8000CF93DF930E94C06FC091690ED0916A0ECC
:105E900060915D0E70915E0E80915F0E9091600E2C
:105EA0000F943CE0AE0182E80F94222F60E08AE07C
:105EB0000E94946FC091670ED091680E209781F078
:105EC0006091ED047091EE048091EF049091F004E4
:105ED0000F943CE0AE0180E8DF91CF910D94222F2A
:105EE0008AE0DF91CF910C948A6F1092D4030F94C3
:105EF000402F8EE49BE40E946073AC0161E080E07F
:105F00000E94A86F62E080E00E94946F8091A303DA
:105F1000833081F148F4813060F08BE39BE40E9490
:105F200060730E947F6F05C0853021F1B0F3883027
:105F3000A1F30E94B171811109C08091A303815026
:105F4000823028F580918817882309F180915C06BA
:105F5000811113C083E00F94CED18091A3038230CE
:105F600071F0833081F0813091F461E080E89FE648
:105F70000C94028F86E29BE4D2CF82E0ECCF81E0EA
:105F80008093A303F2CF61E088E19CE6F1CF08950E
:105F9000CF92DF92EF92FF920F931F93CF93DF93F5
:105FA0001092D4036091550670915606072E000C8E
:105FB000880B990B0F9431D820E030EC4FE756E472
:105FC0000F94CADF20E030E040EA50E40F9470D82C
:105FD00027ED30E344E45EE30F94CADFEB01182FB2
:105FE000092F6091530670915406072E000C880B00
:105FF000990B0F9431D820E030EC4FE756E40F9422
:10600000CADF20E030E040EA50E40F9470D827ED7A
:1060100030E344E45EE30F94CADFF62EE72ED82E79
:10602000C92E0E94C06FCF92DF92EF92FF920F9322
:106030001F93DF93CF938DE991EA9F938F930E94F3
:106040006D6F0F942C7EBC0190E080E00F942FD8F0
:1060500020E030EC4FE756E40F94CADF20E030E058
:1060600040EA50E40F9470D89F938F937F936F937F
:1060700089E891EA9F938F930E946D6F8DB79EB7C9
:1060800040960FB6F8949EBF0FBE8DBFDF91CF91A3
:106090001F910F91FF90EF90DF90CF900D948CD2D5
:1060A000EF92FF920F931F93CF93DF938091A503FD
:1060B000882329F090916D02923009F08CC181E023
:1060C0008093A5038091DB168093A603882321F09B
:1060D00087EA93E00F94C9870F9422CF109211059D
:1060E00081E0E82E82EAF82EC0EDD1EA0BEA13E057
:1060F00080911105843008F095C11092140588EB49
:106100009DE30E9460730F94EDD18AE792EA0F94A9
:10611000EDD18DE692EA0F94EDD188E592EA0F94E5
:10612000EDD188E492EA0F94EDD184E79FE60F94D5
:10613000EDD182E69FE60F94EDD181E59FE60F94C5
:10614000EDD183E19CE80F94EDD18CE392EA0F94BA
:10615000EDD182E392EA0F94EDD18AE292EA0F94B4
:10616000EDD183E19CE80F94EDD18EE19BE40E9498
:1061700060730F94EDD18FE192EA0F94EDD183E13A
:106180009CE80F94EDD18FE092EA0F94EDD10F943B
:10619000347E0F94EDD183E19CE80F94EDD1809192
:1061A0009413813009F039C18EE09BE40E94607342
:1061B0000F94EDD18AE092EA0F94EDD1809114050D
:1061C0008150990B209113052817190649F58091E4
:1061D0006D02882329F16091110586E00E94946F79
:1061E00080919413813009F011C1809174139091C2
:1061F000751320917613882309F408C11F922F93F9
:106200001F929F931F928F93FF92EF920E946D6F48
:106210008DB79EB708960FB6F8949EBF0FBE8DBF80
:106220008091A603882309F440C083E19CE80F9481
:10623000EDD180EE91EA0F94EDD18EED91EA0F94BD
:10624000EDD1809114058150990B209113052817E9
:10625000190659F580916D02882339F16091110575
:1062600082E00E94946F8091AA031F928F93809185
:10627000A9031F928F938091A8031F928F938091FF
:10628000A7031F928F93DF93CF931F930F930F94C6
:10629000BADC8BEA93E00E949B718DB79EB70C9697
:1062A0000FB6F8949EBF0FBE8DBF80915706909198
:1062B0005806A0915906B0915A06892B8A2B8B2B30
:1062C00009F442C083E19CE80F94EDD181EF9AE498
:1062D0000E9460730F94EDD18CED91EA0F94EDD193
:1062E000809114058150990B2091130528171906E8
:1062F00059F580916D02882339F16091110582E092
:106300000E94946F80915A061F928F938091590634
:106310001F928F93809158061F928F9380915706FA
:106320001F928F93DF93CF931F930F930F94BADC39
:106330008BEA93E00E949B718DB79EB70C960FB6C7
:10634000F8949EBF0FBE8DBF83E19CE80F94EDD102
:106350008EED9AE40E94607362EC79E30F94A0D111
:106360008EEC9AE40E94607364E67AE30F94A0D105
:1063700080EC9AE40E94607368E979E30F94A0D1FD
:1063800082EB9AE40E94607368E47AE30F94A0D1F0
:1063900083EA9AE40E94607368EC7AE30F94A0D1D8
:1063A00088E99AE40E94607362E27BE30F94A0D1D3
:1063B00066EB7AE385E49FE60F949FCE0F94F6CECA
:1063C000809111058F5F80931105809113058F5F78
:1063D000809313058DCE9091A603992309F47CCE6A
:1063E0004091A7035091A8036091A9037091AA035B
:1063F000452B462B472B09F06FCE8F5F803119F06C
:106400008093A50369CE1092A50366CE84E09BE439
:106410000E9460730E947F6F03CF82EF91EA0F9416
:10642000EDD1FECEDF91CF911F910F91FF90EF90B4
:1064300008958091A503811119C00E94C76F87E15B
:106440009AE40E9460730E947F6F8AE30E94836FC8
:1064500061E08AE00E94946F88EA9CE00F94ABDDD3
:106460004AE00E94E87081E08093A5030D948CD2ED
:106470000F931F93CF93DF93EC01CB01BA014A81B5
:10648000413029F088F0423009F14330D1F48B815A
:10649000811125C082E08A8363E08CED9EE90F9430
:1064A0003D0885E08B830DC0A90198010F9454E14C
:1064B00018163CF463E0888199810F943D0881E0CF
:1064C0008A83DF91CF911F910F9108958B81811164
:1064D00006C08881998123E02A8363E0E0CF815060
:1064E000E1CFCF9390911005911118C0C62F88234A
:1064F000C9F080E89EE9662311F08EE89EE963E02A
:106500000F943D088AEC99EA0E94DA788DE59EE9BD
:10651000C11102C08BE39EE90E94057B80E0CF9110
:106520000C94367B87E19EE9662311F087E29EE9B1
:1065300063E00F943D088AEC99EA0E94DA788EEFC6
:106540009DE9C111E9CF86EE9DE9E6CF82E00E9488
:1065500057919FB7F894E2E0F1E0808184608083F6
:106560009FBF2FEF89E698E1215080409040E1F7EE
:1065700000C000009FB7F89480818B7F80839FBF0D
:106580000895CF93DF9380913802882389F088E4BF
:106590009DE50E946073EC018CE297E50E946073B8
:1065A00022E04AE15BE3BE01DF91CF910D94B1D0CF
:1065B00082E49DE5EECFEF92FF920F931F9381E46B
:1065C00097E50E94607328ECE22EF12C02E211E0C4
:1065D00030E020E040E169E67EE00F9472CF86E291
:1065E00097E50E94607332E3E32EF12C08E710E098
:1065F00030E020E040E167E67EE00F9472CF8AE170
:1066000097E50E9460734FE7E42EF12C0FEF10E046
:1066100030E020E048E06FED73E00F9472CF1F91FF
:106620000F91FF90EF900895CF93DF938FEF9FE04E
:106630000F94A3DD90916806811135C0992311F163
:106640008CE29DE30E94607322E042EF5AE360E82F
:1066500074EA0F94B1D089E69FE00F94A3DD8823FC
:10666000F9F088E49DE50E946073EC018DE097E508
:106670000E94607322E04AEF59E3BE01DF91CF919F
:106680000D94B1D08CE797E50E946073EC018CE229
:106690009DE30E94607322E042EF5AE3BE01D9CF2E
:1066A00082E49DE5E0CF9817A9F08CE29DE30E947B
:1066B000607322E042EF5AE36BE774EA0F94B1D0C3
:1066C0008DE097E50E94607322E044E65BE370E0B2
:1066D00060E0D4CF83E097E50E946073EC018CE228
:1066E0009DE30E94607322E042EF5AE3BE01E6CFD1
:1066F000CF93DF9386ED9EE00F94A3DD8130C1F54B
:1067000088E49DE50E94607322E04AE95AE3BC01F7
:1067100081E490E70F94B1D08EEC9EE00F94A3DD5E
:10672000813049F588E49DE50E946073EC018AEFB1
:1067300096E50E94607322E048E25BE3BE010F949D
:10674000B1D089EA9DE00F94A3DD8823B9F083E0FE
:1067500097E50E946073EC018FEE96E50E946073EE
:1067600022E04EE55AE3BE01DF91CF910D94B1D006
:1067700082E49DE5C7CF82E49DE5D6CF8CE797E51F
:10678000E8CF1F93CF93DF938FEF9FE00F94A3DDAC
:106790008093A0030F9422CF1092110511E08091F5
:1067A0001105843008F05CC11092140588EB9DE35C
:1067B0000E9460730F94EDD187EF97E50E9460739C
:1067C0006AEC74ED0F94A0D10E949668882321F0A2
:1067D0000E943A68882381F08BEE97E50E946073EF
:1067E00062EA7AE30F94A0D188ED97E50E94607386
:1067F00067E77BE60F9418CE88EC9CE30E946073F9
:106800006EE07AE30F94A0D18CEA9CE00F94A3DDB4
:10681000882309F4ACC088E49DE50E94607322E0FF
:106820004AE05AE3BC0182EC94EA0F94B1D08CEABE
:106830009CE00F94A3DD882331F06EE07BE388EBCE
:1068400094EA0F949FCE80919413813051F40F9469
:10685000783389EC97E50E94607367EF78ED0F94C9
:10686000A0D10F94C1320F9414331093F4038EEB24
:1068700097E50E9460736CE47AE30F94A0D189E7F6
:106880009AE30E94607363E278ED0F94A0D18CEAE2
:1068900097E50E94607360EE7AE30F94A0D120E048
:1068A00030E040E251E4609195037091960380914D
:1068B0009703909198030F9454E187FD16C08FEAD7
:1068C0009FE00F94A3DD882309F454C088E49DE57C
:1068D0000E946073EC0182E39AE30E94607322E0FD
:1068E00040E25BE3BE010F94B1D080911D058111A0
:1068F00044C082E49DE50E946073EC0181EA97E563
:106900000E94607322E046E85AE3BE010F94B1D0C2
:106910000E943A68811108C08BE69CE30E94607374
:1069200066E879E30F94A0D18FE897E50E94607341
:1069300064ED7AE30F94A0D18091DB16882301F1F6
:1069400085E897E50E94607322E044E55BE361E639
:1069500070E70F94B1D089E09FE00F94A3DD882306
:10696000E9F0813009F46DC080E390E419C082E45D
:106970009DE553CF82E49DE5ABCF88E49DE5BBCF99
:106980008CE797E50E946073EC0185E897E50E942B
:10699000607322E044E55BE3BE01DBCF85E797E56A
:1069A0000E946073EC018EE697E50E94607322E01E
:1069B00046E659E3BE010F94B1D08091DD048230E8
:1069C00009F445C0833009F445C08130E9F181EC18
:1069D0009CE30E946073EC0189EB9CE30E9460736E
:1069E00022E042EE59E3BE010F94B1D08091FA0348
:1069F000882341F083E99CE30E9460736AE977EDA4
:106A00000F94A0D187EA9CE00F94A3DD882329F19D
:106A100082E79DE30E94607322E040E652EDBC01F4
:106A200084E590E70F94B1D00F94F6CE80911105D4
:106A30008F5F80931105809113058F5F80931305FD
:106A4000AECE83E697E5ACCF82EB9CE3C2CF89EA7A
:106A50009CE3BFCF80EA9CE3BCCF88E79DE3DACF1D
:106A6000DF91CF911F910895CF92DF92EF92FF9225
:106A70000F931F93CF93DF93D82F6B017A01C22F0F
:106A800040E2811101C04EE363E080E00E94B46FF8
:106A9000C6010E947F6F40E2D13009F44EE363E00B
:106AA0008C2F0E94B46FC7010E947F6F01151105E2
:106AB00019F1C8010F9461DBD82EC7010F9461DB77
:106AC000CE5F93E19D198C0F891708F4892F8331CC
:106AD00008F082E140E2D23009F44EE363E00E9424
:106AE000B46FC801DF91CF911F910F91FF90EF908C
:106AF000DF90CF900C947F6FDF91CF911F910F911A
:106B0000FF90EF90DF90CF900895CF93DF93EC014B
:106B100080E00E94D96F0E94C76FCE01DF91CF91B4
:106B20000D948C2CCF92DF92EF92FF9280E090E058
:106B3000A8ECB2E48093470790934807A0934907D5
:106B4000B0934A0765E575E585E591E40F948EBA43
:106B500080ED97E00E943E948CE69FE40E94607373
:106B60000F9485356091690E70916A0E072E000CA6
:106B7000880B990B0F9431D89B01AC0160915D0E8D
:106B800070915E0E80915F0E9091600E0F94CADE40
:106B90009F7720E030E040EA50E40F9454E118166B
:106BA000B4F58CE69FE40E9460730F94853564E031
:106BB00080E00E94946F6091690E70916A0E072EBA
:106BC000000C880B990B0F9431D820E030E040E0A6
:106BD0005FE30F94CBDE0F943CE06B0120E030E0EC
:106BE00040E05FE360915D0E70915E0E80915F0EFC
:106BF0009091600E0F94CBDE0F943CE0A60182E8EA
:106C00000F94222F88EE93E00E943E94ABCFFF902A
:106C1000EF90DF90CF900895CF92DF92EF92FF92A6
:106C20000F931F93CF93DF93D82EC92E01E080914D
:106C30006E02811101C000E010926E028D2D9C2D1C
:106C40000F9485357C010E94AC7184E0809396029C
:106C5000E701209729F449E863E083E10E94B46FDB
:106C600014E682E390E00E943E940E94B171882372
:106C700081F0209781F482E08093960200936E0267
:106C8000DF91CF911F910F91FF90EF90DF90CF9008
:106C90000895115031F7E114F104D9F2209711F45D
:106CA000CD2DDC2DCE010F948535EC01D2CFCF93C5
:106CB000C82F8EE591E50E9460730F940C36809189
:106CC0009413813069F485E091E50E9460730F941C
:106CD0000C3683E390E50E946073CF910D940C36DF
:106CE000CC23B9F383ED90E5F0CF809194138130FC
:106CF00071F48AED9FE40E9460730F940C3684E077
:106D00008093A30361E081E694EA0C94028F8EE8FD
:106D10009FE40E9460730F940C3680E00E94D96F4C
:106D20000E94C76F86E79CE50E946073AC0162E039
:106D300080E00E94A86F81E0E3CFCF93C82F10922C
:106D40007107179A10923C07169A10923D07149AF1
:106D50001092680E1092670E682F86EA9FE00F94DB
:106D6000C7DD6C2F8FEA9FE00F94C7DDCC2389F03D
:106D700086E194EA0E94057B86E89DE40E946073A8
:106D80000F940C3681E00E94D96F82E0CF910C9471
:106D90005B6F8BED93EA0E94057B8BE69DE4EECF63
:106DA0001F93CF93DF9364E670E00F946CDEEB01EA
:106DB00010E04EE263E0812F0E94B46FCE010E948A
:106DC0003E94CE010E943E94CE010E943E94CE019C
:106DD0000E943E94CE010E943E941F5F143149F7F9
:106DE000DF91CF911F9108951092A3030895CF933F
:106DF0000F9422CF1092110580911105843008F074
:106E0000A1C0109214058FE59FE00F94A3DD8111BE
:106E100010C00F94A2CD81110F94F4368091A3037A
:106E20008A3009F48CC088EB9DE30E9460730F9454
:106E3000EDD10F94E322C82F8EE793EACC2311F013
:106E40008DE893EA60EB79E30F94A0D183E693EAAF
:106E5000CC2311F082E793EA6CE07AE30F94A0D19F
:106E600087E493EACC2311F087E593EA62E37BE3BE
:106E70000F94A0D18BE293EACC2311F08BE393EA39
:106E800064E17AE30F94A0D180E193EACC2311F07E
:106E90008FE193EA60E47BE30F94A0D185EF92EA5F
:106EA000CC2311F084E093EA66E57AE30F94A0D155
:106EB00089ED92EACC2311F089EE92EA64EA79E353
:106EC0000F94A0D18DEB92EACC2311F08DEC92EAD5
:106ED00068E67BE30F94A0D181EA92EACC2311F01B
:106EE00081EB92EA60E679E30F94A0D186E892EA1A
:106EF000CC2311F085E992EA68EB79E30F94A0D1F5
:106F00008FE59FE00F94A3DD81110CC08091A30356
:106F1000893041F485EB9BE40E94607362EB7AE375
:106F20000F949FCE0F94F6CE809111058F5F8093C2
:106F30001105809113058F5F809313055DCF89E163
:106F400090E473CFCF91089589E08093A3030D94CB
:106F5000F73681E00E948A6F0F94DD7690917C1362
:106F6000933609F49FEF89130EC086E40E94836F65
:106F70000F94DD768F3F29F08F5C0E94836F83E052
:106F800008958FE3FACF8F3F89F08F5C0E94836F63
:106F90008EE30E94836F80917C13833649F08F3F8C
:106FA00039F08F5C0E94836F84E008958FE3EECF09
:106FB0008FE3F8CF1F920F920FB60F9211240BB6EA
:106FC0000F922F933F934F935F936F937F938F9382
:106FD0009F93AF93BF93EF93FF932091D60080913F
:106FE0001F0590912005E82FF0E0EE5DFA4F208319
:106FF0008F5F20911E05821708F080E0981317C05C
:1070000080EA90EA0F948CDCFF91EF91BF91AF91F1
:107010009F918F917F916F915F914F913F912F91B0
:107020000F900BBE0F900FBE0F901F90189580937E
:107030001F05EACF1F920F920FB60F9211240BB6C5
:107040000F928F939F93EF93FF939FB7F894E2E093
:10705000F1E080818B7F80839FBFFF91EF919F91B3
:107060008F910F900BBE0F900FBE0F901F90189531
:107070001F920F920FB60F9211240BB60F928F939F
:107080009F93EF93FF939FB7F894E2E0F1E0808144
:10709000846080839FBFFF91EF919F918F910F90AC
:1070A0000BBE0F900FBE0F901F9018956F927F929E
:1070B0008F929F92AF92BF92DF92EF92FF920F93C7
:1070C0001F93CF93DF93CDB7DEB7E0970FB6F89459
:1070D000DEBF0FBECDBFD82EAE014F5F5F4F60E168
:1070E0000E94F57B50E040E060E1CE0101960F94F4
:1070F0009D1E80E990EA0F948CDC9E012F5F3F4F2C
:10710000590110E000E02FE7E22E20EAF22ED5012F
:107110008D915D011F928F931F930F93FF92EF92BA
:107120000F9465DC0F5F1F4F0F900F900F900F9023
:107130000F900F900031110551F7098110E05E01A9
:10714000B2E0AB0EB11CEE24E394F12CEC0EFD1E6C
:10715000E0E1EE0EF11CE0E021E0D5013D915D01A2
:10716000622F70E0C8010F946CDE462F431B361768
:1071700010F0432F461B832F90E0423008F047C0A9
:107180002F5F080F191FAE14BF0439F7AE2EB12CB4
:10719000A1E1B0E0AC0FBD1FAA0DBB1D2C937E0179
:1071A000B1E2EB0EF11CAE0CBF1C622F70E0C80107
:1071B0000F946CDED5016C9311E01E0F85E790EA09
:1071C0000F948CDCFE0171963F0157018DE5882EEE
:1071D00080EA982E8A2D8E19811770F5C5018E19B7
:1071E0009F09D5013D915D01F30121913F011F925E
:1071F0003F931F922F939F938F939F928F920F9401
:1072000065DC0FB6F894DEBF0FBECDBFE3CF4E2FC7
:1072100050E0A1E1B0E0AC0FBD1FA40FB51FEF5FC0
:107220002C9321E230E02C0F3D1F420F531FDA0157
:107230006C938C0121E0A7CFA701612FCE0141966D
:107240000F949D1EFE01E10FF11D80A1ED2DF0E0D8
:10725000EE50FB4F80831F928F938BE490EA9F93B5
:107260008F930F9465DC0F900F900F900F906091AB
:10727000F2048EEF9EE0DD2021F06091F3048BEFAD
:107280009EE00F94C7DD81E0E0960FB6F894DEBF74
:107290000FBECDBFDF91CF911F910F91FF90EF9067
:1072A000DF90BF90AF909F908F907F906F900895E8
:1072B000813049F028F0823041F0833041F0089568
:1072C00081E086B9089582E0FCCF84E0FACF88E0BF
:1072D000F8CF8130D1F048F0823021F1833079F15C
:1072E0008BE490E00197F1F708959FB7662341F092
:1072F000F89480910B01816080930B019FBFF0CFC8
:10730000F89480910B018E7FF7CF9FB7611105C074
:10731000F89480910B018260EFCFF89480910B017B
:107320008D7FEACF9FB7662329F0F89480910B01F7
:107330008460E2CFF89480910B018B7FDDCF9FB703
:10734000662329F0F89480910B018064D5CFF894DE
:1073500080910B018F7BD0CFCF92DF92EF92FF9283
:107360000F931F93CF93DF93182FF62EEA010CE5AE
:107370000CBD1DBC0F94F91E8F2D0F94141F80E0BF
:107380000F94141F80E00F94141F80E00F94141FBB
:1073900080E00F94141F812F0F94DE1E0CBD1DBCC6
:1073A000812F0F94F91E80E00F94141F082F80E0A6
:1073B0000F94141F90E0B0E0A0E0CC24D82EE92E6A
:1073C000FA2E80E00F94141FC82AFE2CED2CDC2C22
:1073D000CC2480E00F94141FC82AFE2CED2CDC2C4A
:1073E000CC2480E00F94141FC82A812F0F94DE1E36
:1073F000C882D982EA82FB82802FDF91CF911F91D0
:107400000F91FF90EF90DF90CF900895EF92FF9251
:107410000F931F93CF93DF93C82FE62ED22F132FF6
:10742000042FF52E8CE58CBD1DBC8C2F0F94F91EFE
:107430008E2D0F94141F8F2D0F94141F802F0F94D7
:10744000141F812F0F94141F8D2F0F94141F8C2F36
:10745000DF91CF911F910F91FF90EF900D94DE1E61
:10746000CF93DF9300D01F92CDB7DEB719821A8277
:107470001B821C82AE014F5F5F4F6AE60F94AC39EE
:1074800089819A8193700F900F900F900F90DF91E8
:10749000CF910895FF920F931F93CF93DF93F82E10
:1074A000EA01E82FF0E083E0F89E80011124035AFE
:1074B0001D4FD8018C9130E0377F3F7E3F7D3F7B71
:1074C00040E080FB41F94370562F5F7050625F7B54
:1074D0005F7781E0611101C080E080FB54F9BF015A
:1074E000660F771FFB01E358FD4F2081922F991FF4
:1074F0009927991F81818770880F892B80FB27F935
:1075000086958770387F382B62587D4FFB018081CC
:1075100086958695869580FB37F981FB40F96CEE60
:107520008F2D0F94063A209709F4E80119818A817A
:10753000C12F811708F4C82F181740F482EF99EA79
:107540000E94DA788BEA9EE60E94057B2C2F2F7131
:10755000312F3F714FE050E060E98F2DDF91CF91E7
:107560001F910F91FF900D94063AE82FF0E098E0FC
:10757000769567956115710511F09150F9CFEC5032
:10758000FB4F908350E040E0692F0D944A3A0F93EF
:107590001F93CF93DF93C82F082F10E0F801EC5012
:1075A000FB4F50E040E060810F944A3A20E030E029
:1075B000A90161E98C2F0F94063AD0916806C23078
:1075C000E1F520E030E044E051E06DEE82E00F9420
:1075D000063A24EF31E040E050E0D13019F420E0E9
:1075E00030E0A90164E982E00F94063A24E831E032
:1075F00040E050E0D13021F424E030E040E050E0C1
:1076000060E882E00F94063A28EC34E046E050E06F
:1076100060EF82E00F94063A20EF3FEF4FE050E03A
:10762000D13019F420E030E0A90163E982E0DF9174
:10763000CF911F910F910D94063AF801E55EFC4F32
:10764000208130E050E040E0A9013327222751603B
:107650006DEE8C2F0F94063A20E030E0A901D13076
:1076600061F02EEA31E0C23030F024EF31E0C23078
:1076700011F030E020E050E040E064E98C2F0F94FE
:10768000063A20E831E040E050E0D13021F424E037
:1076900030E040E050E060E88C2F0F94063A000F95
:1076A000111F000F111FF801E55FFC4F2081318190
:1076B0004281538160EF8C2F0F94063A20E030E036
:1076C000A90163E98C2FB3CF1F93CF93DF938091F0
:1076D0003C061F928F9385E190EA9F938F930F94BE
:1076E00065DC80913C0683700F900F900F900F9097
:1076F00011F00F942F8910913C06112371F0D1E005
:10770000C0E0812F8D2319F08C2F0F94C73ACF5FE3
:10771000DD0FC330B1F710923C0610920C05DF91DB
:10772000CF911F910895DF92EF92FF920F931F93D5
:10773000CF93DF9300D0CDB7DEB7D82E1F928F93B3
:107740008FEE9FE99F938F930F9465DC8D2D83704F
:107750000F900F900F900F9011F00F942F8910E061
:1077600000E0FF24F394E02E8D2D8F2109F446C014
:1077700080913C068F2980933C0620E030E0A901EF
:1077800060E8802F0F94063AF801E55EFC4F2081F7
:1077900030E050E040E0A901332722276DEE802F32
:1077A0000F94063A82E024EF31E0081711F02EEA38
:1077B00031E050E040E064E98E2D0F94063AB801C4
:1077C000660F771F600F711F6D51704643E050E0E8
:1077D000CE0101960F943DDBAE014F5F5F4FF80184
:1077E000EC50FB4F60818E2D0F944A3A20E831E037
:1077F00040E050E060E88E2D0F94063AFF0C0F5FDA
:107800001F4F0330110509F0AECF0F900F900F906E
:10781000DF91CF911F910F91FF90EF90DF9008952E
:1078200089E69FE00F94A3DD91E0811101C090E013
:1078300090935C02089589E69FE00E94BE770D94C4
:10784000103CCF93C82FA09AA29A9FB7F89480912A
:1078500008018062809308019FBF9FB7F8948091D0
:1078600008018061809308019FBF989A9A9A80913D
:1078700007018062809307018091070180618093F6
:107880000701809107018B7F809307018091070199
:107890008F7780930701809107018F7B8093070189
:1078A00080910701877F809307019FB7F8948091AB
:1078B00008018460809308019FBF9FB7F89480916E
:1078C00008018068809308019FBF9FB7F89480915A
:1078D00008018064809308019FBF9FB7F89480914E
:1078E00008018860809308019FBF80E00F94C73A29
:1078F00081E00F94C73A82E00F94C73A50E040E02D
:107900006091F70483E00F944A3A20E030E0A90147
:1079100061E983E00F94063AC1FD1DC020E831E023
:1079200040E050E060E883E00F94063A6091F8048C
:1079300080E00F94A3896091F90481E00F94A389FA
:107940006091FA0482E00F94A3896091FB0483E0C4
:10795000CF910D94A38920E030E043E050E06DEE3C
:1079600083E00F94063A20E030E0A90164E983E067
:107970000F94063A24E030E040E050E060E883E015
:107980000F94063A2BE234E542E050E060EF83E0EA
:107990000F94063A23E931E040E050E063E983E0E8
:1079A0000F94063A83EC9FE90E94057BBFCFDF92DC
:1079B000EF92FF920F931F93CF93DF930F9422CFF9
:1079C0001092110580911105843008F066C0109264
:1079D00014050F94A2CD8823E9F0C8EFD4E007EF97
:1079E0001EE0FE0188818E3108F4188221966081A4
:1079F000C8010F94C7DD01501109033F8EE018073D
:107A000081F70E944CFBE894D0F880FBD1F88D2DD3
:107A10000F94213C87E69DE30E9460730F94EDD1A3
:107A20008DEA96E50E946073F12CE12C08EC10E0E1
:107A30002DE130E048E068EF74E00F9472CF81EA06
:107A400096E50E9460732DE130E048E069EF74E054
:107A50000F9472CF85E996E50E9460732DE130E0C6
:107A600048E06AEF74E00F9472CF89E896E50E94CF
:107A700060732DE130E048E06BEF74E00F9472CF5B
:107A80000F94F6CE809111058F5F80931105809140
:107A900013058F5F8093130595CFDF91CF911F91D1
:107AA0000F91FF90EF90DF900895FC01208192816B
:107AB000492F50E0211102C0440F551F818121112F
:107AC00001C0880F8417150631F02CF0892F211181
:107AD00002C0880F089508953FB7F8948091380642
:107AE00090913906A0913A06B0913B062091B200E0
:107AF000B89B05C02F3F19F00196A11DB11D3FBFD6
:107B0000BA2FA92F982F8827BC01CD01620F711DB4
:107B1000811D911D42E0660F771F881F991F4A95AE
:107B2000D1F708958F929F92AF92BF92CF92DF923A
:107B3000EF92FF926B017C010F946C3D4B015C0155
:107B4000C114D104E104F104B9F00F946C3D68193B
:107B500079098A099B09683E73408105910580F384
:107B600021E0C21AD108E108F10888EE880E83E00E
:107B7000981EA11CB11CE4CFFF90EF90DF90CF9036
:107B8000BF90AF909F908F900895EF92FF920F93C8
:107B90001F93CF93DF93CDB7DEB763970FB6F894FB
:107BA000DEBF0FBECDBF8091A50381113AC081E039
:107BB0008093A5030E94097B81EA9DE00F94A3DDD9
:107BC000182F0E94CB778111EEC01092A70310925C
:107BD000A60380E10E94C1FA811104C01092A7039C
:107BE0001092A6036091A6037091A703072E000CC4
:107BF000880B990B0F9431D8209176063091770637
:107C000040917806509179060F94CADF6093A803DB
:107C10007093A9038093AA039093AB0381E08093B0
:107C20006D0280913305909134050097F1F1209118
:107C3000A6033091A703280F391F3093A703209381
:107C4000A603213640EF34070CF0BAC081E690EF6E
:107C50009093A7038093A6036091A6037091A70356
:107C6000072E000C880B990B0F9431D820917606C3
:107C70003091770640917806509179060F94CADFCB
:107C80006093A8037093A9038093AA039093AB0316
:107C900062E370E080E090E00F94923D1092340532
:107CA0001092330581E080936D0280916D028823EC
:107CB000C9F181EA9DE00F94A3DD2BE0829FC00112
:107CC0001124BE016F5F7F4F875B924F0F94BCCD35
:107CD0000E94C06FCE0101960E949B7161E080E01E
:107CE0000E94946F1091A8030091A903F090AA0339
:107CF000E090AB0386E09DE40E946073EF92FF92F8
:107D00000F931F939F938F931F9280E28F9386EC24
:107D100093EA9F938F930E946D6F0FB6F894DEBF26
:107D20000FBECDBF8091A403811104C08091CF0309
:107D3000882351F181EA9DE00F94A3DD9BE0899FA8
:107D4000800111246091A6037091A703C801805B94
:107D5000924F0F94E5DD6091670EC8018E5A924FE5
:107D60000F94C7DD609195037091960380919703FE
:107D7000909198030F9443E0C8018D5A924F0F944D
:107D8000C7DD80E10E94DCE80F948CD263960FB6C9
:107D9000F894DEBF0FBECDBFDF91CF911F910F9141
:107DA000FF90EF9008952BE0129FC0011124805B9B
:107DB000924F0F94B1DD9093A7038093A60309CF50
:107DC000121613062CF41092A7031092A60344CFA8
:107DD0002FB7F8944091660650916706840F951F5F
:107DE00090936706809366062FBF36CF60915D0E35
:107DF00070915E0E80915F0E9091600E0F943CE04A
:107E000020916B0230916C02261737070CF065C089
:107E10008091330590913405892BB9F10E947867E0
:107E20008091520E8F5F803109F480E09091530E63
:107E3000981759F16091330570913405072E000CA5
:107E4000880B990B0F9431D89B01AC0160914B07C3
:107E500070914C0780914D0790914E070F94CBDEA7
:107E600060934B0770934C0780934D0790934E0798
:107E7000109234051092330565E575E585ED9FE3B5
:107E80000F948EBA81E080936D0280916D028823F9
:107E900011F161E080E00E94946F80914E078F9312
:107EA00080914D078F9380914C078F9380914B0762
:107EB0008F9388EA93EA9F938F9389E993EA9F933C
:107EC0008F930E946D6F8DB79EB708960FB6F8948A
:107ED0009EBF0FBE8DBF0D948CD20E94C76F87E9E5
:107EE0009CE40E946073AC0160E080E00E94A86F97
:107EF00081E89CE40E946073AC0162E080E00E9433
:107F0000A86F60ED77E080E090E00F94923D0E94D2
:107F1000C76F0D9453272FB7F89460913406709172
:107F2000350680913606909137062FBF089520E0E0
:107F300030E040E85FEB60E070E0CB010E94219010
:107F400086E29FE60E94057B81E08093DC038091BE
:107F50009903813069F482E0809399030F948B3FF9
:107F600060934B0670934C0680934D0690934E069B
:107F700082E08093610E0D945327FF920F931F931D
:107F8000CF93DF93FC01F080F11008C0F12C8F2D0E
:107F9000DF91CF911F910F91FF9008958B01EC011C
:107FA0000F948B3F89819A81080F191F08171907B1
:107FB00040F06017710718F46817790738F71882CE
:107FC000E6CF60177107C0F7E1CFFC0120812111D6
:107FD0000D94BD3F81E00895CF93DF93EC010F94A2
:107FE0008B3F7A83698381E08883DF91CF91089505
:107FF0001F93CF93DF9300D0CDB7DEB7182F198230
:108000001B821A82CE0101960F94EC3F8091BC0036
:1080100087FD0AC06AE070E0CE0101960F94BD3F73
:108020008823A1F382E009C08091B900887F1817E6
:1080300059F084E98093BC0081E00F900F900F907D
:10804000DF91CF911F91089580E0F7CF1F93CF93D9
:10805000DF9300D01F92CDB7DEB768EE73E08DE3FB
:1080600096E00F94E53F882391F110E019821A827F
:108070001B821C82AE014F5F5F4F6FE6812F0F9412
:10808000AC3989819A81AB81BC81B2FF19C087E983
:108090009EE60E94DA78812F0E94C1780F94A5D6BF
:1080A00010E020E030E041E050E06CEE812F0F94D2
:1080B000063A1F5F1430A9F787E99EE60E94947B79
:1080C0001F5F143099F68DE396E00F94EC3F0F900C
:1080D0000F900F900F90DF91CF911F9108958F9285
:1080E0009F92AF92BF92CF92DF92EF92FF921F9337
:1080F000CF93DF93FC01108111110EC010E0812F8E
:10810000DF91CF911F91FF90EF90DF90CF90BF90C4
:10811000AF909F908F9008956A017B01EC010F94BE
:108120008B3F4B015C0189819A81AB81BC81C80E78
:10813000D91EEA1EFB1EC816D906EA06FB0660F029
:108140008C149D04AE04BF0428F488169906AA0670
:10815000BB06A0F61882D3CF8C149D04AE04BF04D6
:10816000A0F7CCCF0F931F93CF938091DB0388238D
:1081700009F44DC0809144068F5F8E30B0F4809337
:10818000440663E087E00E94946F8DE00E948A6F4E
:10819000C0E080914406C81758F44EE263E087E0DF
:1081A0008C0F0E94B46FCF5FF4CF10924406E9CFDA
:1081B0008091DB038230D1F030F4813059F0CF91DF
:1081C0001F910F9108958330F9F08430C1F785EB4A
:1081D00099E40EC08EED99E40E946073AC0163E0F7
:1081E00080E0CF911F910F910C94A86F8EEC99E4D1
:1081F0000E946073AC0163E080E00E94A86F10925F
:10820000DB0310924406DBCF80EC99E4E5CF80914C
:108210006A14882361F180917107811128C08091CF
:10822000CD03823020F580914B05811116C08091DD
:108230008114882309F435C081E894E12091640E0B
:1082400064E1820F911D0E94837181112DC0809184
:10825000640E8F5F8093640EB2CF40E25EE460E014
:1082600070E08BE495E00F946F408111E0CF809136
:10827000710781111CC0E0917107EA3008F09FCFAF
:10828000F0E08827E95BFE4B8E4F0D94B3DEDA39C0
:10829000743ADA39EE397C39EC3ADA39DA39923A29
:1082A000DA398CE694E1CACF1092640E88CF8091BF
:1082B0004B05882301F30F948B3F00914C051091DF
:1082C0004D0520914E0530914F05601B710B820BBF
:1082D000930B603A7F408105910568F670CF63E0AB
:1082E000809135050E94946F80913505C4E16C2F13
:1082F000681B90E08A5C9A4F0E948371C81BC093F0
:1083000035055DCF8091EF038B3008F163E080E0AD
:108310000E94946F84E10E948A6F85EA99E40E942A
:108320006073AC0163E080E00E94A86F8CEC90EA7F
:108330000E947F6F6091EF036A50770B072E000C4D
:10834000880B990BCF911F910F910C944D71833035
:1083500031F48AE690E70F94600D109271078091D6
:10836000EF038450873008F02ACF63E080E00E945A
:10837000946F83E10E948A6F82E999E40E9460739E
:10838000AC0163E080E00E94A86F8091EF03815010
:108390008093EF0314CF64E186E395E00E9483713C
:1083A000209142063091430680914006909141060B
:1083B000821793070CF403CF8091EF03882309F40D
:1083C000FECE63E08AE00E94946F809141068F9315
:1083D000809140068F93809143068F93809142064F
:1083E0008F9383EC90EA9F938F930E946D6F0F9011
:1083F0000F900F900F900F900F90E1CE63E080E010
:108400000E94946FC091EF0382E39AE30E9460732D
:108410001F92CF939F938F9385EB90EAE4CF82E8EE
:1084200099E40E946073AC0163E080E00E94A86F51
:108430008091EF03893708F0C2CE82EB90EA0E9468
:108440007F6F8091EF030E94437080E2CF911F9174
:108450000F910C94437081E799E4BECECF93DF93E4
:10846000EC010F948B3F69837A838B839C8381E03B
:108470008883DF91CF910895CF92DF92FF920F937F
:108480001F93CF93DF93CDB7DEB764970FB6F89401
:10849000DEBF0FBECDBF8C01F62E66EC7EE9CE01AD
:1084A00001960F945ADBB801CE0101960F9446DB7A
:1084B00083E00F9427088823E1F0BE016F5F7F4FB0
:1084C00086E395E00F9405E46C018BE495E00F944E
:1084D0002E4283E08093CD03109271071092EF0338
:1084E000CD2839F060E0CE0101960F940C080F946E
:1084F00053278AEC99EA0E94DA7881E0F81649F06D
:1085000060E070E0CB010F94F7D283EC9EE90E940B
:10851000DA788CEA9EE90E94DA78C8010E94DA785B
:1085200080EA9EE90E94057B64960FB6F894DEBF50
:108530000FBECDBFDF91CF911F910F91FF90DF90C4
:10854000CF9008951F920F920FB60F9211242F9380
:108550003F938F939F93AF93BF93809134069091F5
:108560003506A0913606B09137063091330623E0E8
:10857000230F2D3758F50196A11DB11D2093330609
:108580008093340690933506A0933606B093370651
:108590008091380690913906A0913A06B0913B0639
:1085A0000196A11DB11D8093380690933906A093C2
:1085B0003A06B0933B06BF91AF919F918F913F9147
:1085C0002F910F900FBE0F901F90189526E8230F44
:1085D0000296A11DB11DD2CF2F923F924F925F9272
:1085E0006F927F928F929F92AF92BF92CF92DF92C3
:1085F000EF92FF920F931F93CF93DF9300D000D0A1
:108600001F92CDB7DEB79C838B830D832601370184
:10861000FB0120833183428353832091C012309128
:10862000C1124091C2125091C31261E77DE38AE802
:108630009EE30F94CADF609317137093181380930F
:10864000191390931A1321E73DE34AE85EE3609122
:108650000E1370910F1380911013909111130F94BA
:1086600070D860931B1370931C1380931D13909309
:108670001E1321E73DE34AE85EE360911213709117
:10868000131380911413909115130F9470D8609365
:108690001F137093201380932113909322138091C2
:1086A000C8129091C9126EE071E00F946CDE609375
:1086B000AA12EAE8F2E180E090E0A0ECBFE7819343
:1086C0009193A193B19322E1EA3AF207C1F7109294
:1086D000AB121092AC121092AD121092AE12109218
:1086E000AF128093B0129093B112A093B212B093D4
:1086F000B312809116138E7F8093161382E797E052
:108700009F838E83E1E0F0E0FA83E983312C212C12
:10871000812C912C540129813A818B819C812817CD
:108720003907C8F5EE81FF81258136814781508563
:10873000830172016D8181850E9427DDC090AC129A
:10874000D090AD12E090AE12F090AF12A70196015A
:10875000C701B6010F94D9E2811111C0A70196019A
:10876000C701B6010F9470D89B01AC01C501B401DB
:108770000F94CBDE4B015C01FFEF2F1A3F0A2981DA
:108780003A812F5F3F4F3A8329838E819F810596DF
:108790009F838E83C0CF60E070E080EC9FE7211460
:1087A000310459F0B10190E080E00F942FD89B0183
:1087B000AC01C501B4010F94CADF27960FB6F89437
:1087C000DEBF0FBECDBFDF91CF911F910F91FF9004
:1087D000EF90DF90CF90BF90AF909F908F907F9061
:1087E0006F905F904F903F902F900895CF93C82F38
:1087F0000E94C275C093DF03C0939C04CF9108957B
:10880000CF92DF92EF92FF920F931F93CF93DF935C
:1088100082EF99EA0E94DA788BE69FE90E94057B55
:10882000CAECD2E110E000E082EFE82E89EAF82EEF
:1088300097E5C92E9FE9D92E888199812A813B81AC
:1088400024963F932F939F938F931F930F93FF92A1
:10885000EF92DF92CF920F9465DC0F5F1F4F8DB7C1
:108860009EB70A960FB6F8949EBF0FBE8DBF00311B
:10887000110511F780910D138F9380910C138F9335
:1088800080910B138F9380910A138F938091111312
:108890008F93809110138F9380910F138F938091FA
:1088A0000E138F93809115138F93809114138F93D0
:1088B000809113138F93809112138F9380913D02B7
:1088C0001F928F9380911C051F928F938091C912E4
:1088D0008F938091C8128F938091C7128F9380914C
:1088E000C6128F938091C5128F938091C4128F937B
:1088F0008091C3128F938091C2128F938091C11285
:108900008F938091C0128F938091BF128F9380912B
:10891000BE128F938091BD128F938091BC128F9362
:108920008091BB128F938091BA128F938091B9126C
:108930008F938091B8128F938091B7128F9380910B
:10894000B6128F938091B5128F938091B4128F934A
:10895000FF92EF9281E19FE99F938F930F9465DCE3
:108960008DB79EB78A960FB6F8949EBF0FBE8DBF87
:10897000DF91CF911F910F91FF90EF90DF90CF90FB
:10898000089589579F4F6EE071E00F946CDE61157A
:10899000710599F06930710510F068E070E02EE023
:1089A00031E0629FC001639F900D729F900D112472
:1089B0009093C9128093C812089561E070E0EFCFE0
:1089C000CF93DF9320E030E0A9016091B412709161
:1089D000B5128091B6129091B7120F9454E1181607
:1089E0000CF054C06091B8127091B9128091BA1213
:1089F0009091BB129B01AC010F94D9E2811146C04A
:108A00006091BC127091BD128091BE129091BF1204
:108A10009B01AC010F94D9E2811138C020E030E015
:108A2000A9016091C0127091C1128091C2129091FF
:108A3000C3120F9454E118164CF56091C412709152
:108A4000C5128091C6129091C7129B01AC010F9480
:108A5000D9E281111BC08091C8129091C912892B53
:108A6000A9F0CAECD2E1699179918991999120E0BC
:108A700030E0A9010F9454E187FD08C083E1CA30BA
:108A8000D80789F781E0DF91CF91089580E0FBCF8F
:108A90000F94E044811102C010921C0581E0809384
:108AA0001613809132068D7F809332060895CF93FE
:108AB00010926A0E1092690E1092680E1092670E54
:108AC000CFB7F8940F94DD210F941A1F7598109268
:108AD0006906CFBFCF9108950F9457451092DF03D9
:108AE0000D9453271F93CF93DF93C82F162FD42FA6
:108AF00080911A0580FD18C08091560E811114C016
:108B00008091670E8093AB05E62FF0E0EE0FFF1F1C
:108B1000E759F14F808191819093AA058093A9052F
:108B20008091DF038093A8050F9457458091B50489
:108B300082608093B5040E94C27583E00E94D07663
:108B4000809101018860809301018FEF80939C04E4
:108B50008093DF0380911A0580FF07C080911A057A
:108B6000829586958770D817C0F4C370CC0FCC0F50
:108B700080911A05837F8C2B80931A0580911A05AA
:108B800010FB84F980931A05D295DD0FD07E4091B9
:108B90001A054F714D2B40931A0580911A0581607B
:108BA00080931A0580911A05826080931A05DF91DF
:108BB000CF911F9108952091020630910306809174
:108BC000520290915302281739072CF041E060E0DF
:108BD00081E00D94724508952091040630910506B8
:108BE0008091540290915502281739072CF041E0EA
:108BF00060E080E00D94724508952F923F924F926D
:108C00005F926F927F928F929F92AF92BF92CF921C
:108C1000DF92EF92FF920F931F93CF93DF93CDB725
:108C2000DEB72C970FB6F894DEBF0FBECDBF282E4F
:108C300049835A836B837C83280139013A2C0F9432
:108C40008B3F022D10E09801220F331F220F331F9C
:108C50003C872B87F901EA53FA4F80809180A280EC
:108C6000B380681979098A099B09613D77408105BC
:108C7000910508F4EAC0332009F475C088E691E054
:108C80009A87898780E090E0A0EAB0E48D839E8394
:108C9000AF83B8870F948B3FEB85FC85EA53FA4F7F
:108CA000608371838283938320E030E0A901C70150
:108CB000B6010F94C0DF811107C0F801EE0FFF1F4E
:108CC000EE53FA4F11821082AB85BC85A654BA4F81
:108CD0005D0129813A814B815C816D917D918D91FE
:108CE0009C910F94C0DF882309F491C020E030E00C
:108CF000A90169817A818B819C810F9454E1F801EB
:108D0000E854FA4F1816C4F581E0808389819A816E
:108D1000AB81BC81F50180839183A283B383EB8512
:108D2000FC85E055FA4F4082518262827382F801DD
:108D3000E255FA4F1082A3019201BC01CD010F94BC
:108D400054E118161CF5F801E255FA4F80818F5F47
:108D500080833110C7C08930C8F0812C912CA12CA0
:108D600050E4B52EE8C0ADE2B0E0BA87A98780E054
:108D700090E0A0E7B1E48ACF108289819A81AB812B
:108D8000BC81F50180839183A283B3832D813E81D1
:108D90004F81588569817A818B819C810F94CADECD
:108DA000A30192010F94C0DF87FF46C0F801E85489
:108DB000FA4F8081813049F482E08083F801EE0F20
:108DC000FF1FEE53FA4F1182108220E030E0A9011C
:108DD000C701B6010F9454E11816BCF529813A81F8
:108DE0004B815C816D817E818F8198850F94CBDE74
:108DF000A30192010F9454E118160CF03FC0000F2C
:108E0000111FF801EE53FA4F118210821EC0A30108
:108E1000920169817A818B819C810F9454E11816AB
:108E20000CF0B4CFF801E854FA4F8081813009F09A
:108E3000ADCF89CF108297C020E030E0A901C701F3
:108E4000B6010F9454E11816CCF02C960FB6F89496
:108E5000DEBF0FBECDBFDF91CF911F910F91FF906D
:108E6000EF90DF90CF90BF90AF909F908F907F90CA
:108E70006F905F904F903F902F900895F801E854C5
:108E8000FA4F8081823008F3000F111FF801EE5372
:108E9000FA4F80819181019691838083880F991F79
:108EA000E985FA85E817F90780F643E0622D832DFE
:108EB0002C960FB6F894DEBF0FBECDBFDF91CF91D9
:108EC0001F910F91FF90EF90DF90CF90BF90AF90E8
:108ED0009F908F907F906F905F904F903F902F90DA
:108EE0000D947245813108F451CF20E030E044EB1D
:108EF00052E4C301B2010F9454E1812C912CE0E4BF
:108F0000AE2EBA2C18162CF4812C912CA12C70E4C6
:108F1000B72E20E030E042ED52E4C301B2010F94DD
:108F200054E1181644F46AE9862E69E9962E69E13F
:108F3000A62E6FE3B62EEB85FC85E055FA4F208117
:108F4000318142815381C301B2010F94CADEA50170
:108F500094010F94C0DFF801E455FA4F87FF6ACF00
:108F600080818F5F8083808190E0311004C00697FC
:108F70004CF080E003C004972CF081E042E0622DC9
:108F80000F9472452B853C8520553A4FD9014D925F
:108F90005D926D927C921397F801E255FA4F108220
:108FA000F5CEFC019FB7F8948081882329F0809149
:108FB00073008260809373009FBF0895DC012FB718
:108FC000F894E3E7F0E09081969591709C9380810E
:108FD0008D7F80832FBF0895CF93DF931F92CDB7EE
:108FE000DEB7CE0101960F94DE4780E090E0A0E26C
:108FF000B2E48093B4129093B512A093B612B093DA
:10900000B71284E390E8A7EBBAEB8093B812909381
:10901000B912A093BA12B093BB1286E696E6A6E800
:10902000BFE38093BC129093BD12A093BE12B09385
:10903000BF128CEE91E5ACE0B1E48093C012909346
:10904000C112A093C212B093C3128AE999E9A9E1AF
:10905000BEE38093C4129093C512A093C612B0933E
:10906000C7128EE091E09093C9128093C81283E8F2
:109070009FE9AAECB2E1FC0145915591659174918B
:109080004D935D936D937D93049623E1AA30B207CF
:1090900091F780E090E0A0EEB0EC80930A139093FB
:1090A0000B13A0930C13B0930D138AE999E9A9E56A
:1090B000BFE380930E1390930F13A0931013B093FC
:1090C000111384EA90E7ADE9BFE380931213909304
:1090D0001313A0931413B093151381E080933D02F2
:1090E00080931C0580931613809132068D7F8093A8
:1090F0003206CE0101960F94D1470F90DF91CF91A8
:1091000008951F93CF93DF931F92CDB7DEB7182F2B
:10911000CE0101960F94DE4710931C050F9448452D
:10912000CE0101960F94D147112341F080911C0587
:10913000811104C08BEE9EE90E94057B0F90DF91A8
:10914000CF911F9108951F93CF93DF931F92CDB7B7
:10915000DEB7182FCE0101960F94DE4710931C0541
:1091600081E080931613E2E3F6E080818D7F8083B7
:10917000CE0101960F94D1470F90DF91CF911F91AF
:109180000895CF93DF931F92CDB7DEB7CE0101963E
:109190000F94DE478091160590911705A091180550
:1091A000B091190580935D0E90935E0EA0935F0EB3
:1091B000B093600E8091120690911306A091140650
:1091C000B09115068093ED049093EE04A093EF0404
:1091D000B093F0048091FC059091FD05A091FE05EF
:1091E000B091FF058093950390939603A093970306
:1091F000B09398038091190690911A06A0911B06CE
:10920000B0911C0680934F0690935006A093510690
:10921000B093520680911A05811102C00F94DD218E
:109220001092FB05CE0101960F94D1470F90DF916C
:10923000CF9108951F920F920FB60F9211240BB683
:109240000F92FF920F931F932F933F934F935F9330
:109250006F937F938F939F93AF93BF93CF93DF933E
:10926000EF93FF93809170008B7F809370007894D0
:109270008091000186FDC8C068EC70E08CED95E03F
:109280000F94E53F8823B9F08CED95E00F94EC3F07
:1092900087ED95E00F942E428091D6058111A5C0EF
:1092A0008091D5058111A1C082ED95E00F94EC3F2E
:1092B00081E08093D6058091030182FB882780F9A5
:1092C00091E089279091030191FF8260E091CF05A1
:1092D000E817E1F024E0E29FF0011124E82BE453C9
:1092E000F146E4919091CE05E90FE093CE050E2E64
:1092F000000CFF0BF7FF03C0F195E195F1093497DE
:109300001CF091E09093D0058093CF0580917C0272
:10931000811108C0809115058093E105882309F427
:1093200087C0759A80917C028F70A9F480919C040B
:1093300090E024E0959587952A95E1F780939B042A
:10934000892B09F477C09FB7F89480910201886057
:10935000809302019FBF9091E10580917C02981754
:1093600008F4759880917C028F7090919B049817F7
:1093700040F49FB7F89480910201877F80930201A7
:109380009FBF80917C028F5F8F7780937C0210E07B
:1093900000E0E801CC0FDD1FCE59D94F88819981BB
:1093A000181619060CF04CC0FFB6F89461E0802F37
:1093B0000F94EE2188819981019799838883FFBE5C
:1093C0000F5F1F4F0330110521F7809135189091E1
:1093D0003618A0913718B0913818823A924AA105F0
:1093E000B105D9F181E00E940D6868EE73E082ED6D
:1093F00095E00F94BD3F882309F45DCF81E0809311
:10940000D5058093D10557CF8091D605882309F4DF
:1094100052CF1092D6058091D505811103C081E00D
:109420008093A40381E08093D0051092D50543CFAB
:10943000759878CF9FB7F89480910201877F88CF85
:10944000892B09F4BDCFFFB6F89460E0802F0F940C
:10945000EE21888199810196B0CF9CB18091DF0582
:1094600096FB992790F9981791F0909132059923DE
:1094700051F02091B1043091B2042F5F3F4F3093EF
:10948000B2042093B10491E089278093DF05F8941A
:1094900080917000846080937000FF91EF91DF9164
:1094A000CF91BF91AF919F918F917F916F915F917C
:1094B0004F913F912F911F910F91FF900F900BBEF5
:1094C0000F900FBE0F901F9018954F925F926F9262
:1094D0007F92AF92BF92CF92DF92EF92FF920F9363
:1094E0001F93CF93DF9324E030E041E050E0D901B7
:1094F000A25AB246FD0165917491861797070CF048
:1095000066C041505109440F551F440F551FEA01D1
:10951000C05AD246FE0105911491425A5246FA01B0
:1095200065917491F901E05AF246E590F490FE01DC
:10953000C590D490FD01C591D491FA01A590B49045
:10954000861B970BBC01990F880B990B0F9431D890
:109550002B013C01B7016C197D09072E000C880B0B
:10956000990B0F9431D89B01AC01C301B2010F9448
:1095700070D86B017C01BE016A197B09072E000CB3
:10958000880B990B0F9431D89B01AC01C701B60130
:109590000F94CADF6B017C01B801110F880B990B86
:1095A0000F9431D89B01AC01C701B6010F94CBDEFB
:1095B000DF91CF911F910F91FF90EF90DF90CF90AF
:1095C000BF90AF907F906F905F904F9008954F5FE6
:1095D0005F4F2C5F3F4F2838310509F088CFE4EE0C
:1095E000FDE965917491072E000C880B990B0F947F
:1095F00031D8DECF4F925F926F927F92AF92BF923F
:10960000CF92DF92EF92FF920F931F93CF93DF934E
:1096100024E030E041E050E0D901A659B346FD0115
:1096200065917491861797070CF080C041505109DD
:10963000440F551F440F551F8A0104591346F80162
:10964000C590D49046595346FA0165917491F90139
:10965000E459F346C591D491F80105911491FD01A7
:10966000E590F490FA01A590B490861B970BBC018D
:10967000990F880B990B0F9431D82B013C01BE0137
:10968000601B710B072E000C880B990B0F9431D8BF
:109690009B01AC01C301B2010F9470D82B013C01B6
:1096A000B7016A197B09072E000C880B990B0F94E0
:1096B00031D89B01AC01C301B2010F94CADF2B0169
:1096C0003C01B601DD0C880B990B0F9431D89B013E
:1096D000AC01C301B2010F94CBDE6B017C0120E031
:1096E00030E040E252E4C701B6010F9454E187FD37
:1096F00030C020E030E048E452E4C701B6010F94E6
:10970000C0DF181634F120E030E040E252E4C70137
:10971000B6010F94CADE20E030E040E05FE30F9432
:1097200070D89B01AC01C701B60143C04F5F5F4FCA
:109730002C5F3F4F243F310509F06ECFECE5FDE98A
:1097400065917491072E000C880B990B0F9431D8FA
:10975000C4CF20E030E048E452E4C701B6010F94E2
:1097600054E11816DCF520E030E048EC52E4C70183
:10977000B6010F94C0DF18168CF120E030E040EA0B
:1097800050E4C701B6010F94CBDE2B013C0120E071
:1097900030E048E452E4C701B6010F94CADE2DEC74
:1097A0003CEC4CEC5DE30F9470D89B01AC01C30121
:1097B000B2010F94CBDE6B017C01C701B601DF91D2
:1097C000CF911F910F91FF90EF90DF90CF90BF90BE
:1097D000AF907F906F905F904F90089520E030E0C1
:1097E00048EC52E4C701B6010F9454E118162CF767
:1097F00020E030E040E251E496CF4F925F926F92CA
:109800007F92AF92CF92DF92EF92FF920F931F93CE
:10981000CF93DF9380910406909105060E9403DCAC
:10982000609316057093170580931805909319059A
:109830006090020670900306C3010F94FA4A6B0110
:109840007C01C0921206D0921306E0921406F092A8
:10985000150680910006909101060F94FA4A6093D4
:10986000FC057093FD058093FE059093FF05C09164
:109870000E06D0910F06CE010F94654A609319062B
:1098800070931A0680931B0690931C0681E08093C8
:10989000FB0580911A058D7F80931A05209104069F
:1098A0003091050680919704909198048217930750
:1098B0002CF040E060E080E00F94724580919504C8
:1098C00090919604861597052CF040E060E081E0C9
:1098D0000F94724580919304909194048C179D0786
:1098E0002CF040E060E082E00F94724580915002DD
:1098F00090915102C817D9072CF041E060E082E056
:109900000F947245C13ADE430CF4CDC160919904C5
:1099100070919A048091170690911806681779073C
:109920000CF055C0C0910D06C11118C06B5F7F4F80
:10993000072E000C880B990B0F9431D89B01AC01BA
:10994000C1E06091160570911705809118059091FE
:1099500019050F9454E118160CF0C0E0C0930D06E1
:1099600068E97AE38AE096E00F94E53F811102C04E
:10997000CC2329F081E080930D060F94EC45809173
:109980001006909111060B974CF1C0910906C11178
:109990000CC0C1E020E030E040E751E4C701B6016F
:1099A0000F9454E118160CF0C0E0C093090660E56E
:1099B00073EC86E096E00F94E53F811102C0CC2362
:1099C00099F081E0809309060F94DB450DC08AE091
:1099D00096E00F94EC3F10920D06D1CF86E096E012
:1099E0000F94EC3F109209066091150570E090E02D
:1099F00080E00F942FD86B017C01409016055090A9
:109A00001705609018057090190560911706709100
:109A10001806072E000C880B990B0F9431D8AB0158
:109A2000BC01A12C9301820181E00F94FD4560915E
:109A3000160670E090E080E00F942FD86B017C0157
:109A40004090120650901306609014067090150610
:109A50006091100670911106072E000C880B990B6F
:109A60000F9431D8AB01BC01AA24A39493018201C5
:109A700080E00F94FD4580911C05882309F4BCC04B
:109A8000C0911505D0919B04409016055090170584
:109A90006090180570901905C0901906D0901A06AC
:109AA000E0901B06F0901C068091161380FF72C098
:109AB0002091C0123091C1124091C2125091C31234
:109AC00061E77DE38AE89EE30F94CADF6093171392
:109AD000709318138093191390931A1321E73DE3A1
:109AE0004AE85EE360910E1370910F13809110139A
:109AF000909111130F9470D860931B1370931C13E3
:109B000080931D1390931E1321E73DE34AE85EE323
:109B10006091121370911313809114139091151387
:109B20000F9470D860931F137093201380932113A8
:109B3000909322138091C8129091C9126EE071E047
:109B40000F946CDE6093AA12EAE8F2E18AEA92E1ED
:109B500040E050E060EC7FE7419351936193719353
:109B60008E179F07C9F71092AB121092AC12109289
:109B7000AD121092AE121092AF124093B0125093E9
:109B8000B1126093B2127093B312809116138E7F4C
:109B90008093161387017601A30192016D2F8C2FFC
:109BA0000E9427DD8091161381FF05C044E060E02C
:109BB00080E00F947245909116138091320692FBCB
:109BC00081F9809332068091320681FF15C0809121
:109BD00032068160809332068091AC129091AD1272
:109BE000A091AE12B091AF1280932E0690932F06E3
:109BF000A0933006B093310680912D06882309F496
:109C00003FC00F948B3FC0901D06D0901E06E09081
:109C10001F06F090200660931D0670931E06809329
:109C20001F0690932006209122062F5F2093220684
:109C30006C196E5060932106809115058093230660
:109C40008091160590911705A0911805B0911905FE
:109C50008093240690932506A0932606B0932706AA
:109C60008091190690911A06A0911B06B0911C06CE
:109C70008093280690932906A0932A06B0932B067A
:109C800080913E02882391F0DF91CF911F910F9137
:109C9000FF90EF90DF90CF90AF907F906F905F90AC
:109CA0004F900D941A1F0F94EC458ECEDF91CF91FB
:109CB0001F910F91FF90EF90DF90CF90AF907F902A
:109CC0006F905F904F9008951F920F920FB60F9272
:109CD00011240BB60F922F933F934F935F936F9383
:109CE0007F938F939F93AF93BF93EF93FF93809155
:109CF0001B05882391F010921B050E943B958091D3
:109D000073008D7F8093730078940F94FD4BF894CB
:109D100080917300826080937300FF91EF91BF91F7
:109D2000AF919F918F917F916F915F914F913F91F3
:109D30002F910F900BBE0F900FBE0F901F90189594
:109D40006F927F928F929F92AF92BF92CF92DF924B
:109D5000EF92FF920F931F93CF93DF931F92CDB794
:109D6000DEB7A8958091FB05882309F4BBC00F944A
:109D7000C1488091320680FF51C010910E130091AE
:109D80000F13B0901013A0901113CE0101960F94F1
:109D9000DE47C0902E06D0902F06E0903006F0905F
:109DA0003106CE0101960F94D147AF92BF920F9327
:109DB0001F9321E73DE34AE85EE3C701B6010F9434
:109DC000CADF9F938F937F936F9387E59CE99F935F
:109DD0008F930F9465DC909132060FB6F894DEBF36
:109DE0000FBECDBF80913D0291FF93C090917B0249
:109DF000992309F487C0882379F08FE599E40E94BC
:109E0000607361E00F943D089FB7F8948091020160
:109E10008460809302019FBF10927B0280911A059B
:109E2000882389F080911A05829586958770843001
:109E300008F082C0823008F01DC1882309F4F4C004
:109E4000813009F494C00E94448780912D068823B4
:109E500009F448C08091220670902C06871509F4F9
:109E600041C0CE0101960F94DE470091210610916A
:109E7000220660902306C0902406D0902506E0902C
:109E80002606F09027068090280690902906A0903C
:109E90002A06B0902B06CE0101960F94D14710935D
:109EA0002C06BF92AF929F928F92FF92EF92DF9219
:109EB000CF921F926F92802F000F990B01969F9364
:109EC0008F93812F87198150990B9F938F938AEDE0
:109ED0009BE99F938F930F9465DC0FB6F894DEBFD8
:109EE0000FBECDBF0F90DF91CF911F910F91FF90CB
:109EF000EF90DF90CF90BF90AF909F908F907F902A
:109F00006F900895882309F489CF84E0809300013D
:109F100085CF909132069E7F90933206882341F040
:109F20009FB7F894809102018B7F809302019FBFBD
:109F300081E080937B0272CF843009F084CF8091DE
:109F40001A0581FFB4C080911005811104C082E41C
:109F50009CE90E94057B81E00E94367B9FB7F894C4
:109F6000809102018460809302019FBF6CCF809139
:109F70001A058695869583708130D9F158F0823024
:109F800009F061CF80911005811114C061E084E077
:109F90009CE90EC080911A0581FF10C060911A05DE
:109FA0006295617080911005811104C080EF9BE97A
:109FB0000F943C4280E00E94367B45CF609199042B
:109FC00070919A046B5F7F4F072E000C880B990BE2
:109FD0000F9431D88B019C0140915D0E50915E0E23
:109FE00060915F0E7091600E87E792E00F943832B7
:109FF0002ACF80911A0581FF08C080911005811138
:10A00000D9CF61E088EF9BE9D3CF4091ED04509127
:10A01000EE046091EF047091F00400E010E020E79E
:10A0200031E483E792E0E2CF80911A058695869528
:10A0300083708130B9F058F0823009F004CF8091FC
:10A0400010058111B7CF61E084E29CE9B1CF609146
:10A050001A0562956170809110058111ABCF80E186
:10A060009CE9A6CF809110058111A4CF61E088E121
:10A070009CE99ECF80911A058695869583708230E3
:10A0800008F0E1CE80911A058695869583709091AF
:10A090001A0592959695977061E0813009F060E01D
:10A0A00081E0923009F080E00F947132CCCE1092B2
:10A0B0001A059FB7F894809102018B7F809302016B
:10A0C0009FBF8091670E9091680E892B39F4809123
:10A0D000AB0590E09093680E8093670E80E39CE957
:10A0E0000E94057BB0CE4F925F926F927F928F92CB
:10A0F0009F92AF92BF92CF92DF92EF92FF926C014C
:10A100000F948B3F28EE33E040E050E00F9416DED2
:10A1100029013A010E94AC7184E080939602F12CEF
:10A12000E12C0F94A04E81E00E9499910F948B3FF7
:10A1300028EE33E040E050E00F9416DE49015A016A
:10A1400084189508A608B7080E94B171811107C04C
:10A15000C814D904EA04FB0420F781E007C081E0B9
:10A16000C814D904EA04FB0408F080E092E090935C
:10A17000960291E08927FF90EF90DF90CF90BF90FB
:10A18000AF909F908F907F906F905F904F900895C9
:10A190000F94A04E0E94E9860E94E27A0E944487B2
:10A1A00080E00C945B6F6091690E70916A0E65504F
:10A1B0007109072E000C880B990B0F9431D89B0165
:10A1C000AC0160915D0E70915E0E80915F0E90917A
:10A1D000600E0F94C0DF87FF07C080911A058111C0
:10A1E00003C00F94C850DFCF0895CF92DF92EF9253
:10A1F000FF927C010F948B3F9B01AC012E0D3F1D04
:10A20000411D511D69017A010F948B3F6C157D052D
:10A210008E059F0538F480911A05811103C00F94B3
:10A22000C850F2CFFF90EF90DF90CF90089520912B
:10A23000D6063091D7064091D8065091D90660E0F5
:10A2400070E08FE793E40F94CADF6093A5047093E6
:10A25000A6048093A7049093A8042091E20630916D
:10A26000E3064091E4065091E50660E070E08FE778
:10A2700093E40F94CADF60939D0470939E048093CF
:10A280009F049093A00408952F923F924F925F9263
:10A290006F927F928F929F92AF92BF92CF92DF92F6
:10A2A000EF92FF920F931F93CF93DF93CDB7DEB75B
:10A2B000E0970FB6F894DEBF0FBECDBF6A877B87ED
:10A2C0008C879D871A013AA729A70F9457451092AA
:10A2D0003E0229A53AA530934106209340061092EC
:10A2E0004306109242060F948B3F6E837F838887CC
:10A2F000998737FEFFC03DE23F8F0F948B3F6CA3E1
:10A300007DA38EA39FA380EB9BE9121413040CF48E
:10A310008AC28DE99BE90E94057B6A857B858C85D5
:10A320009D850F943CE02FE72114310409F4E5C02A
:10A33000209316067093680E6093670E8E819F813E
:10A34000A885B9858E879F87A88BB98B88A399A389
:10A35000AAA3BBA31A8A90E49B8BACE1AC8BB6E4B6
:10A36000BD8B1E8A1F8A188E198E6FE7C62ED12CC0
:10A37000E12CF12C00E010E018AA1FA61D822FE7A7
:10A3800030E040E050E029833A834B835C831B8EAE
:10A390001C8E1D8E1E8E31E03A8FA8954091FB05D4
:10A3A00048A7442309F42CC20F94C1482114310456
:10A3B00009F0AAC000915D0E10915E0E50915F0EE3
:10A3C00058AB8091600E8FA72E893F89488D598D9B
:10A3D000B80188A99FA50F94C0DF87FD06C00E8B2A
:10A3E0001F8BB8A9B88F2FA5298F2A893B894C8943
:10A3F0005D89B80188A99FA50F9454E1181634F01F
:10A400000A8B1B8B38A93C8B4FA54D8B0F948B3F30
:10A410002CA13DA14EA15FA1621B730B840B950B78
:10A42000653C79408105910540F00E9431770F9499
:10A430008B3F6CA37DA38EA39FA34A8D442309F475
:10A440004CC02A853B854C855D85B80188A99FA5B0
:10A450000F9454E118160CF0D3C10F948B3F2E8546
:10A460003F8548895989621B730B840B950B6938AA
:10A4700073418105910508F4C3C1D701C601298143
:10A480003A814B815C81821B930BA40BB50BB59574
:10A49000A795979587952114310409F440C08093BE
:10A4A00016060F948B3F6E837F8388879987DC0124
:10A4B000CB012E853F8548895989821B930BA40BBC
:10A4C000B50B8B8F9C8FAD8FBE8F3A853E8B4B85A6
:10A4D0004F8B5C85588F8D85898F2A853B854C8570
:10A4E0005D85B80188A99FA50F94C0DF87FD1AC0BC
:10A4F0001A8E86C14AE04F8F00CF209315057093C6
:10A500006A0E6093690E1ACF0091ED041091EE046B
:10A510009091EF0498ABA091F004AFA755CF809332
:10A520001505BFCF0F948B3F2E813F8148855985FC
:10A53000621B730B840B950B693873418105910580
:10A54000B8F20F948B3F6E877F87888B998B8091B1
:10A55000420690914306181619060CF02CC18E8500
:10A560009F85A889B9892E813F8148855985821B9D
:10A57000930BA40BB50B4B8C5C8C6D8C7E8C480EB6
:10A58000591E6A1E7B1E2B8D3C8D4D8D5E8D281BAA
:10A59000390B4A0B5B0B69817A818B819C810F940B
:10A5A00006DEA30192010F9494DEDA01C9018C0D3D
:10A5B0009D1DAE1DBF1D84319105A105B1050CF493
:10A5C0003CC16C017D013CEEC316D104E104F104F1
:10A5D0002CF04BEEC42ED12CE12CF12C80389105BF
:10A5E000A105B1050CF437C18EEF90E0A0E0B0E01A
:10A5F0008C199D09AE09BF0989839A83AB83BC83FB
:10A6000085E99BE90E94DA78C701B6010F94F7D279
:10A6100080E99BE90E94DA7869817A818B819C814B
:10A620000F94F7D289E89BE90E94DA7842E06A89C0
:10A630007B898C899D890F942FD682E89BE90E94A3
:10A64000DA786E897F89888D998D0F94D87680917C
:10A6500042069091430603970CF4ADC069817A815C
:10A660008B819C810F9431D820E030E040E850E4A9
:10A670000F9470D84B015C012A893B894C895D8914
:10A680006E897F89888D998D0F94CADE20ED3FE019
:10A6900049E450E40F9470D820E030E040E05FE3FC
:10A6A0000F9470D89B01AC01C501B4010F94CADFAF
:10A6B0004B015C01C301B2010F9431D820E030E0BE
:10A6C0004AE754E40F94CADF2B013C018CE79BE975
:10A6D0000E94DA7842E0C501B4010F942FD686E7D4
:10A6E0009BE90E94DA78C301B2010F94D8762AE977
:10A6F00039E949E15FE3C501B4010F9470D84B011A
:10A700005C018092EB039092EC03A092ED03B09277
:10A71000EE03AC019B010F94CBDEA30192010F94D9
:10A72000CADF6093E7037093E8038093E903909393
:10A73000EA03A3019201C501B4010F9470D820E08F
:10A7400030E040E05EE30F9470D86093E3037093D1
:10A75000E4038093E5039093E60388E69BE90E9477
:10A76000057B82E69BE90E94DA786091EB037091A9
:10A77000EC038091ED039091EE030F94D8768CE575
:10A780009BE90E94DA786091E7037091E803809179
:10A79000E9039091EA030F94D87686E59BE90E943D
:10A7A000DA786091E3037091E4038091E50390917E
:10A7B000E6030F94D87689819A81AB81BC818C0D98
:10A7C0009D1DAE1DBF1DB595A79597958795211425
:10A7D000310409F445C08093160680914206909199
:10A7E0004306019690934306809342063A853A8B3E
:10A7F0004B854B8B5C855C8B8D858D8B98A59A8F5B
:10A8000020E030E040EA51E46A857B858C859D85B7
:10A810000F94CBDE980148A95FA50F94C0DF87FF96
:10A8200022C08CE29BE90E94057B81E080933E027E
:10A83000109243061092420698C034E1C32ED12CE8
:10A84000E12CF12C24E130E040E050E029833A8310
:10A850004B835C83D5CEC982DA82EB82FC82D0CE78
:10A8600080931505BACF0F948B3F28A139A14AA137
:10A870005BA1621B730B840B950B613D77408105D7
:10A88000910558F1A0901606B12C89E29BE921149C
:10A89000310429F4A0901505B12C86E29BE90E94B1
:10A8A000DA7842E0B80188A99FA50F942FD682E2FA
:10A8B0009BE90E94DA78C5010F945E784D814423AC
:10A8C00009F46CC05F8D451770F54F5F4D830F9491
:10A8D0008B3F68A379A38AA39BA30F948B3F4B0163
:10A8E0005C010F948B3F4E805F80688479842E8555
:10A8F0003F8548895989420E531E641E751E84186F
:10A900009508A608B708860E971EA81EB91E31E83E
:10A9100083163FE4930632E1A306B10408F447C06E
:10A9200085E09BE980CF8D819F8D8913D0CF8F5F8C
:10A930008D832BA53CA54DA55EA5B80188A99FA533
:10A940000F94CADE9F7720E030E040EA50E40F9495
:10A95000C0DF87FFBCCF632D661F6627661F80E0C0
:10A960000F94713281E080933E02E0960FB6F89426
:10A97000DEBF0FBECDBFDF91CF911F910F91FF9032
:10A98000EF90DF90CF90BF90AF909F908F907F908F
:10A990006F905F904F903F902F9008950BA71CA74A
:10A9A000A8A9ADA7BFA5BEA721E02D8390CF809118
:10A9B00042069091430649A55AA5481759071CF429
:10A9C00089EA9AE930CF80E00E945B6FE6CC0F9372
:10A9D0001F9380919903813019F50F948B3F00915B
:10A9E000A4051091A5052091A6053091A705601B2F
:10A9F000710B820B930B28EE33E040E050E00F9494
:10AA000016DE6091A0057091A1058091A20590913C
:10AA1000A305620F731F841F951F1F910F91089547
:10AA200060914B0670914C0680914D0690914E06B8
:10AA3000D6CF4F925F926F927F928F929F92AF92FA
:10AA4000BF92CF92DF92EF92FF920F931F93CF931B
:10AA5000DF931092D4030E944568882309F46EC0E6
:10AA600060915E0670915F0680916006909161062C
:10AA70000F942FD820E030E543EC57E40F94CADF61
:10AA8000562E472EEC010F94E7546B017C010E9477
:10AA9000C06F84E79CE40E946073182F092F84E63E
:10AAA0009CE40E946073782E692E8CE3882E912C92
:10AAB000A12CB12CC701B601A50194010F9416DE9B
:10AAC0007F936F93CA01B901A50194010F9416DE1B
:10AAD0007F936F93C701B60120E13EE040E050E074
:10AAE0000F9416DE5F934F933F932F930F931F9313
:10AAF000DF93CF934F925F926F927F9289EA9FE6A6
:10AB00009F938F930E946D6F8DB79EB742960FB63D
:10AB1000F8949EBF0FBE8DBFDF91CF911F910F9113
:10AB2000FF90EF90DF90CF90BF90AF909F908F906D
:10AB30007F906F905F904F900D948CD281EF9FE04B
:10AB40000F94ABDD2B013C018DEE9FE00F94ABDD4C
:10AB50006B017C010E94C06F81E59CE40E946073E0
:10AB6000982E892E80E49CE40E946073B82EA92E52
:10AB7000C701B6012CE330E040E050E00F9416DE50
:10AB80007F936F93CA01B90128E130E040E050E0C3
:10AB90000F9416DE7F936F93C701B60120EA35E06C
:10ABA00040E050E00F9416DE5F934F933F932F9356
:10ABB0008F929F92C301B2010F942FD820E030E012
:10ABC00048EC52E40F94CADF9F938F937F936F9367
:10ABD000AF92BF9285E89FE69F938F930E946D6F1F
:10ABE0008DB79EB742960FB6F8949EBF0FBE8DBF2D
:10ABF00093CFCF92DF92EF92FF920F931F93CF9359
:10AC0000DF9300D000D01F921F92CDB7DEB78091A6
:10AC10003305909134050097E1F12091390230918C
:10AC20003A02243631054CF4AC01420F531F45362D
:10AC300051056CF4820F931F0CC02436310509F4C2
:10AC400055C0AC01420F531F443651059CF784E6B2
:10AC500090E090933A02809339028091390290916A
:10AC60003A0282179307A9F0883E53E0950714F043
:10AC700087EE93E08A30910514F48AE090E0909397
:10AC80003A028093390210923405109233050E94E3
:10AC9000986580916D02811110924A0610914A06C2
:10ACA000112391F12FEF210F20934A068091CE03BB
:10ACB00081110DC00E94B171882349F01092F003F8
:10ACC00060E087E396EE0F948FD00E944070289644
:10ACD0000FB6F894DEBF0FBECDBFDF91CF911F91AD
:10ACE0000F91FF90EF90DF90CF9008958B309105FA
:10ACF0001CF0865A9F4FADCF863F4FEF94070CF064
:10AD0000ACCF82599F4FA5CF6AE060934A068091ED
:10AD100049068F5F809349068E3109F09FC01092DB
:10AD200049060E944070109235050E94496F0E94AA
:10AD3000C06F6091690E70916A0E072E000C880B2F
:10AD4000990B0F9431D820E030E040E05FE30F949E
:10AD5000CBDE0F943CE06B0120E030E040E05FE3AD
:10AD600060915D0E70915E0E80915F0E9091600E0D
:10AD70000F94CBDE0F943CE0A60182E80F94222FC3
:10AD800083E00E948A6F80917107813009F06EC064
:10AD900084EE9EE60E947F6F61E080E00E94946FE7
:10ADA0006091670E7091680E072E000C880B990B4E
:10ADB0000F9431D820E030E040E05FE30F94CBDE29
:10ADC0000F943CE06B0120E030E040E05FE36091F5
:10ADD000ED047091EE048091EF049091F0040F94D3
:10ADE000CBDE0F943CE0A60180E80F94222F83E095
:10ADF0000E948A6F80913A028F93809139028F93DB
:10AE00008DEE9EE69F938F930E946D6F98E0981B46
:10AE1000892F0E948A6F62E080E00E94946F0F90F9
:10AE20000F900F900F9080910D05E0906A148111A2
:10AE30003EC020E0C22E2FE6D22EE1103CC084E0BE
:10AE4000C82E8FE6D82E0E949668F82E8823E1F14E
:10AE5000809186028F3F89F5F12C36C00F945EDE1B
:10AE6000911163CF80E00E94FF6F5DCF80913E071C
:10AE70008823D9F080E21F928F9380914A078F93A5
:10AE8000809149078F93809148078F93809147075E
:10AE90008F938BED9EE69F938F930E946D6F0FB6FD
:10AEA000F894DEBF0FBECDBF77CF8FE3E4CF98E03D
:10AEB000C92E9FE6D92EEE2031F28091DB03FF24CC
:10AEC000F394882309F4BBC081EA9DE00F94A3DDCD
:10AED000082F0E94D97787FDB2C0081709F4AFC0C8
:10AEE0009BE00902B0011124675B724F47E050E01C
:10AEF0008E010F5F1F4FC8010F9493DD18861F93BB
:10AF00000F9384ED90EA9F938F930E946D6F0F9043
:10AF10000F900F900F9080919413813009F0E9C049
:10AF20000F94A93795E0981B892F0E948A6F0E9481
:10AF30009668882309F4FAC08091A003882309F455
:10AF4000DAC0C0908D02D0908E02E0908B02F0901B
:10AF50008C02809148068A3011F410924806809144
:10AF600048068F5F809348062FEFE216F20621F025
:10AF7000970113E4863070F43FEFC316D30609F04F
:10AF8000C3C00F94E7542CE330E040E050E00F944E
:10AF900016DE10E24091390250913A0244365105D2
:10AFA00009F4B5C0C216D30621F0E216F30609F083
:10AFB000AEC0A4E6B0E00F9443DE9A01550F440BF7
:10AFC000550B0F9416DE4FE3E42E042E000CFF0801
:10AFD000E12F012E000CFF0BC9016CE370E00F9410
:10AFE0006CDE2037374108F094C0FF924F93FF93F7
:10AFF0001F939F938F937F936F9387E19FE69F9318
:10B000008F930E946D6F0FB6F894DEBF0FBECDBF59
:10B0100098E0981B892F0E948A6F63E080E00E946D
:10B02000946F0F94B2408091610E882309F43ECE54
:10B030008091590E81113ACE0F94710D37CEE110E7
:10B0400004C080919A0381114AC0DF92CF9280EDB3
:10B0500090EA9F938F930E946D6F0F900F900F90C7
:10B060000F908091A003811104C0809186028536E3
:10B07000F0F1809185028536D0F18091FD1688230C
:10B0800019F18091771790917817A0917917B09165
:10B090007A170097A105B105B9F0BC01CD016D5932
:10B0A0007F4F8F4F9F4F24E630E040E050E00F94F9
:10B0B00016DE60917E1770917F17809180179091B6
:10B0C00081170F9416DE122F212F30E08AEF9EE6B3
:10B0D000F11002C084EF9EE63F932F9314CF81E0DE
:10B0E0000E948A6F85E496E00E949B71BACF182F68
:10B0F000EBCF85E01ACFC0908902D0908A02E09011
:10B100008702F090880225CF960112E543CF40E2F6
:10B110005BCFFF924F93FF931F937F936F938CE0CE
:10B120009FE69F938F930E946D6F6DCF85EA9DE0A0
:10B130000F94B1DDBC0190E080E00F942FD820E0A7
:10B1400030E04AE754E40F94CADF9F938F937F93D4
:10B150006F9389ED90EA9F938F930E946D6F0F908C
:10B160000F900F900F900F900F9052CF1092990365
:10B170001092A4051092A5051092A6051092A7059D
:10B1800010924B0610924C0610924D0610924E06ED
:10B190001092A0051092A1051092A2051092A3058D
:10B1A0000895809199038130F1F08230C9F40F94B1
:10B1B000E7546093A0057093A1058093A205909336
:10B1C000A30581E0809399030F948B3F6093A405BE
:10B1D0007093A5058093A6059093A70581E0089537
:10B1E0000F94B658EECF80E0089580919903815076
:10B1F000823070F4109299030F948B3F60934B064A
:10B2000070934C0680934D0690934E0681E008950E
:10B2100080E008952FB7F89494E0899FF0011124FD
:10B22000E05AF84F60817181828193812FBF089528
:10B23000CF93C82F0F940A590F9431D824E0C29F9E
:10B24000F0011124E259F94F20813181428153816B
:10B250000F94CADFCF910895CF93DF9300D01F9250
:10B26000CDB7DEB79091520E8091530E981709F426
:10B2700046C00F94A04E80913B02843038F081E0AC
:10B280000E94999180E00E945B6FECCF19821A8234
:10B290001B821C82AE014F5F5F4F6FE60F94AC398B
:10B2A00089819A81AB81BC819370AA27BB27409189
:10B2B000C9035091CA036091CB037091CC03840FF2
:10B2C000951FA61FB71F8093C9039093CA03A0932D
:10B2D000CB03B093CC038091C5039091C603A0919A
:10B2E000C703B091C8030196A11DB11D8093C5038A
:10B2F0009093C603A093C703B093C803B3CF0F9036
:10B300000F900F900F90DF91CF910895B19A109206
:10B3100085001092840080ED97E0909389008093DF
:10B3200088001092E5041092E4048091E204909168
:10B33000E30401978E3F9F4F20F41092E304109294
:10B34000E20408958091A00381113CC081E08093C4
:10B35000A0036091A0038FEF9FE00F94C7DD909151
:10B36000520E8091530E981741F083E79EE40E949D
:10B3700060730F9485350F942C590F942F89F8948E
:10B3800081E09091A003911101C080E08093680654
:10B390000F94C2AA0E944CFB880F82700F94213C2C
:10B3A0000F948659789489E69FE00F94A3DD882353
:10B3B00061F08091A003882341F060E080E79AE388
:10B3C0000D948FD01092A003C4CF08951F920F92B6
:10B3D0000FB60F9211240BB60F926F927F928F923D
:10B3E000CF92DF92EF92FF920F931F932F933F9391
:10B3F0004F935F936F937F938F939F93AF93BF937D
:10B40000CF93DF93EF93FF938091E2049091E30455
:10B410009C01215031092E3F3F4F90F4209188002C
:10B42000309189002817390708F0F9C02091880069
:10B4300030918900821B930B9093E3048093E20484
:10B4400020918800309189008091E4049091E50476
:10B450002817390708F0E8C020918800309189004A
:10B46000821B930B9093E5048093E4048091E404A1
:10B470009091E504892B11F00D943663E0919E05BF
:10B48000F0919F05309709F087C19091520E8091FD
:10B49000530E981709F4F9C1C091530E2C2F30E0C8
:10B4A0005EE6C59FE0011124CE58D84FFE01E95B4E
:10B4B000FF4F41E04083D0939F05C0939E052097A6
:10B4C00009F4E3C110929A0510929B0510929C0515
:10B4D00010929D05109299058AAD9BAD90939805A9
:10B4E000809397058134ECE99E0708F0A2C0813271
:10B4F000FEE49F0708F4A0C09695879596958795DA
:10B5000044E04093960580978115E8E09E0708F493
:10B51000A4C0E92FFF27EE0FFF1FEE0FFF1FAF01A3
:10B5200047555946FA013296A591B491FA014591D1
:10B530005491B89FB001A89F000C611D1124711D8A
:10B54000CA01861B970B8436910510F484E690E0BF
:10B55000B0E0A0E08093920590939305A0939405AA
:10B56000B09395054EE6429FC001439F900D112474
:10B570008E58984FFC01E45BFF4F4081442349F013
:10B58000815B9F4FFC018081918190939105809315
:10B59000900510928F058FEF9FEF9093E3048093B7
:10B5A000E20480938E058EE6829FF001839FF00D6A
:10B5B0001124EE58F84F85A984FF08C010926C073B
:10B5C00010926D0710926E0710926F0783FF66C08E
:10B5D0008EE6829FF001839FF00D1124EE58F84F04
:10B5E00080899189969587959195819591099093F8
:10B5F0007F0580937E0590938305809382059093C9
:10B6000087058093860590938B0580938A0581E05A
:10B6100024853585232B09F082C080E080C01092FC
:10B62000E3041092E2040CCF1092E5041092E404BB
:10B630001DCF80E49CE960CF813157E2950720F06F
:10B640009695879542E05DCF4093960580329105AF
:10B6500008F059CF80E290E056CFAC01569547955F
:10B660004C7F47555D46FA0165917491FA01329617
:10B67000A591B491AC01477055274A9FC0014B9FDB
:10B68000900D5A9F900D1124E3E096958795EA95C9
:10B69000E1F7AB01481B590BCA0155CF8EE6829FDB
:10B6A000F001839FF00D1124EE58F84F80899189A5
:10B6B000A289B389B695A79597958795B095A095DA
:10B6C000909581959F4FAF4FBF4F80937E0590938C
:10B6D0007F05A0938005B0938105809382059093A8
:10B6E0008305A0938405B093850580938605909388
:10B6F0008705A0938805B093890580938A05909368
:10B700008B05A0938C05B0938D0581E0448555850C
:10B7100066857785452B462B472B09F47ECF809392
:10B720007D051092790510927A0510927B05109292
:10B730007C05888D8093780580FF90C080910B01F7
:10B74000816080930B018FEF80936F028091780569
:10B7500081FF8BC080910B018D7F80930B018FEF58
:10B76000809370028091780582FF86C080910B01E2
:10B77000846080930B018FEF809371028091780534
:10B7800083FF81C08FEF80937202E0919E05F0915C
:10B790009F05309709F43DC780918F025091750540
:10B7A000882309F4CBC020910A05809177059091F8
:10B7B0007605309178054091060130FF87C042FD43
:10B7C00083C08160492F41704823B1F0C080D1808F
:10B7D000E280F3801C141D041E041F046CF421601D
:10B7E000C088D188E288F388C0927905D0927A0522
:10B7F000E0927B05F0927C054091060131FF70C01C
:10B8000047FD6CC08260492F42704823B1F0C4806C
:10B81000D580E680F7801C141D041E041F046CF400
:10B820002260C088D188E288F388C0927905D092DE
:10B830007A05E0927B05F0927C0532FF94C05111AD
:10B8400077C030916806313009F052C030913C0623
:10B8500032FD4EC01C9B52C0846051C080910B01D0
:10B860008E7F80930B0181E06FCF80910B0182600E
:10B8700080930B0181E074CF80910B018B7F8093CB
:10B880000B0181E079CF81E07ECF80ED97E090934E
:10B89000E5048093E4049093E1048093E0048FEF47
:10B8A0009FEF9093E3048093E20410928F058091C0
:10B8B000DE049091DF04009709F467CF019790931D
:10B8C000DF048093DE0461CF8E7F7CCF42FD04C015
:10B8D0008061492F407178CF8F7EFBCF8D7F93CFD2
:10B8E00047FD04C08062492F40728FCF8F7DFBCF10
:10B8F0001C99B2CF3091060136FFAECF8B7F94708A
:10B900009823B1F0C084D184E284F3841C141D0414
:10B910001E041F046CF42460C088D188E288F38878
:10B92000C0927905D0927A05E0927B05F0927C0571
:10B93000809377058093760520930A05552309F4B3
:10B9400040C020910A05809177059091760530914D
:10B9500068063130C9F430913C0632FD15C01C9B9D
:10B9600019C0846018C030916806313031F43091CC
:10B970003C0632FD02C08F7B05C03091060136FDCA
:10B98000FACF80649074BCCF1C99EBCF3091060144
:10B9900036FFE7CF8B7F9470982369F0246040894D
:10B9A0005189628973894093790550937A05609330
:10B9B0007B0570937C0580937705809376052093B3
:10B9C0000A0585A9C0E0D1E012E004E083FF08C1C8
:10B9D00080919605C81708F072C20F945F22E0911B
:10B9E0009E05F0919F058081918120917E05309187
:10B9F0007F05820F931F90937F0580937E05181615
:10BA0000190664F5D6B9E0919E05F0919F058091E5
:10BA10007E0590917F0520893189821B930B90933D
:10BA20007F0580937E0590916F0240916007509151
:10BA300061076091620770916307892F990F990BD5
:10BA4000AA0BBB0B840F951FA61FB71F809360071F
:10BA500090936107A0936207B0936307E0919E05FE
:10BA6000F0919F0584819581209182053091830515
:10BA7000820F931F909383058093820518161906F1
:10BA800044F516B9E0919E05F0919F052089318912
:10BA9000821B930B90938305809382059091700293
:10BAA0004091640750916507609166077091670740
:10BAB000892F990F990BAA0BBB0B840F951FA61FFB
:10BAC000B71F8093640790936507A0936607B093B0
:10BAD0006707E0919E05F0919F05808591852091F3
:10BAE000860530918705820F931F90938705809379
:10BAF00086051816190644F506B9E0919E05F091E1
:10BB00009F0520893189821B930B90938705809331
:10BB10008605909171024091680750916907609184
:10BB20006A0770916B07892F990F990BAA0BBB0BB2
:10BB3000840F951FA61FB71F80936807909369070E
:10BB4000A0936A07B0936B07E0919E05F0919F0563
:10BB500080918A0590918B0524853585820F931FEE
:10BB600090938B0580938A052089318918161906D0
:10BB700044F5821B930B90938B0580938A059091DB
:10BB8000720240916C0750916D0760916E07709141
:10BB90006F07892F990F990BAA0BBB0B840F951F69
:10BBA000A61FB71F80936C0790936D07A0936E0735
:10BBB000B0936F079091720280918F05890F8093E7
:10BBC0008F058091790590917A05019690937A0579
:10BBD000809379058217930708F071C1CF5FF8CE83
:10BBE00080919605C81708F06AC10F945F22E09112
:10BBF0009E05F0919F0580819181A281B381409142
:10BC00007E0550917F056091800570918105840FBC
:10BC1000951FA61FB71F80937E0590937F05A09365
:10BC20008005B0938105181619061A061B06C4F57F
:10BC3000D6B9E0919E05F0919F0580917E05909187
:10BC40007F05A0918005B091810540895189628965
:10BC50007389841B950BA60BB70B80937E0590937D
:10BC60007F05A0938005B093810590916F0240916C
:10BC70006007509161076091620770916307892F97
:10BC8000990F990BAA0BBB0B840F951FA61FB71F0B
:10BC90008093600790936107A0936207B093630756
:10BCA000E0919E05F0919F0584819581A681B781E1
:10BCB00040918205509183056091840570918505BE
:10BCC000840F951FA61FB71F80938205909383054D
:10BCD000A0938405B0938505181619061A061B064D
:10BCE00084F516B9E0919E05F0919F054089518930
:10BCF00062897389841B950BA60BB70B8093820511
:10BD000090938305A0938405B0938505909170026C
:10BD100040916407509165076091660770916707CD
:10BD2000892F990F990BAA0BBB0B840F951FA61F88
:10BD3000B71F8093640790936507A0936607B0933D
:10BD40006707E0919E05F0919F0580859185A2850A
:10BD5000B385409186055091870560918805709163
:10BD60008905840F951FA61FB71F809386059093A2
:10BD70008705A0938805B0938905181619061A0639
:10BD80001B0684F506B9E0919E05F0919F05408958
:10BD9000518962897389841B950BA60BB70B80931D
:10BDA000860590938705A0938805B09389059091A7
:10BDB0007102409168075091690760916A0770911C
:10BDC0006B07892F990F990BAA0BBB0B840F951F3B
:10BDD000A61FB71F8093680790936907A0936A070F
:10BDE000B0936B07E0919E05F0919F0580918A05C5
:10BDF00090918B05A0918C05B0918D05448555855A
:10BE000066857785840F951FA61FB71F80938A05C7
:10BE100090938B05A0938C05B0938D054089518933
:10BE200062897389181619061A061B0674F5841B95
:10BE3000950BA60BB70B80938A0590938B05A09367
:10BE40008C05B0938D0590917202C0906C07D090D4
:10BE50006D07E0906E07F0906F07892F990F990B8F
:10BE6000AA0BBB0B8C0D9D1DAE1DBF1D80936C07D7
:10BE700090936D07A0936E07B0936F079091720235
:10BE800080918F05890F80938F058091790590911E
:10BE90007A05A0917B05B0917C050196A11DB11D8D
:10BEA0008093790590937A05A0937B05B0937C05E8
:10BEB00084179507A607B70710F4CF5F91CE80913E
:10BEC0008F05882339F087FFEEC080910B018064D5
:10BED00080930B014091790550917A0560917B0523
:10BEE00070917C05C0919E05D0919F05898D9A8D9A
:10BEF000AB8DBC8D84179507A607B70708F434C12E
:10BF0000409192055091930560919405709195052B
:10BF1000CC88DD88EE88AA274D9DB12D5E9DC0019D
:10BF20006E9D900D6D9D800D911D4E9DB00D811DDE
:10BF30009A1F5D9DB00D811D9A1F6C9DB00D811DD6
:10BF40009A1F5C9DB10D8A1F9A1FBB0F8A1F9A1FF3
:10BF500011242AAD3BAD820F931F909398058093D7
:10BF600097052EA93FA92817390720F43093980583
:10BF70002093970580919705909198058134FCE96D
:10BF80009F0708F094C081322EE4920708F492C013
:10BF9000969587959695879524E0209396058097AA
:10BFA0008115F8E09F0708F497C0E92FFF27EE0FEF
:10BFB000FF1FEE0FFF1F9F0127553946F9013296EB
:10BFC000A591B491F90125913491B89FF001A89FF2
:10BFD000000CE11D1124F11DC9018E1B9F0B84363D
:10BFE000910510F484E690E09093E5048093E404D6
:10BFF0009093E1048093E004480F591F611D711D67
:10C000004093920550939305609394057093950522
:10C01000FE01E45BFF4F808181117DC080E080FFE5
:10C0200016C09FEF90938E05E091DE04F091DF043F
:10C030002091900530919105E217F30709F024C291
:10C040008FEF9FEF9093E3048093E20480E080FD04
:10C0500007C08091E2049091E304019609F4B2C212
:10C06000E091E004F091E10480916F0590917005FA
:10C07000A0917105B09172058E0F9F1FA11DB11D7A
:10C08000C35BDF4F0881198130E020E060E080175A
:10C090009107A207B30708F427C26F5F801B910BBB
:10C0A000A20BB30BF4CF80910B018F7B11CF80E4F7
:10C0B0009CE96ECF8131E7E29E0720F09695879547
:10C0C00022E06BCF21E0209396058032910508F0A5
:10C0D00066CF80E290E063CF9C01369527952C7F58
:10C0E00027553D46F901A591B491F9013296059184
:10C0F000149187709927809F9001819F300D909FA8
:10C10000300D1124F3E036952795FA95E1F7CD012E
:10C11000821B930B64CF4091790550917A05609111
:10C120007B0570917C058091960590E0B0E0A0E0E1
:10C1300084179507A607B70708F470CF80917D058F
:10C14000811102C083E06BCF8091DE049091DF0407
:10C1500020919005309191052817390798F7909311
:10C16000910580939005EECF8091790590917A05A5
:10C17000A0917B05B0917C054D8D5E8D6F8D78A172
:10C18000481759076A077B0708F0E3C0C0909A0573
:10C19000D0909B05E0909C05F0909D056C887D8873
:10C1A0008E88AA27C79CB12DD89CF001E89CF00D81
:10C1B000E79CE00DF11DC89CB00DE11DFA1FD79C56
:10C1C000B00DE11DFA1FE69CB00DE11DFA1FD69CD3
:10C1D000B10DEA1FFA1FBB0FEA1FFA1F11242091AD
:10C1E0009705309198058EAD9FAD2E173F0730F023
:10C1F0002E1B3F0B8217930708F4C90181342CE9E9
:10C20000920708F075C08132EEE49E0708F473C00F
:10C21000969587959695879524E020939605809727
:10C22000811528E0920708F478C0E92FFF27EE0F68
:10C23000FF1FEE0FFF1F9F0127553946F901329668
:10C24000A591B491F90125913491B89FF001A89F6F
:10C25000000CE11D1124F11D2E1B3F0BC9012436DA
:10C26000310510F484E690E09093E5048093E404B3
:10C270009093E1048093E004C80ED91EE11CF11CE8
:10C28000C0929A05D0929B05E0929C05F0929D0584
:10C29000FE01E45BFF4F8081882309F4BFCE8091CB
:10C2A000790590917A05A0917B05B0917C0520914C
:10C2B0009605420F511D611D711D481759076A07E8
:10C2C0007B0708F4ABCE3596208131813093910500
:10C2D0002093900580917D05882309F433CF8091C8
:10C2E000DE049091DF048217930708F02BCF37CF3D
:10C2F00080E49CE98DCF8131F7E29F0720F096958D
:10C30000879522E08ACF21E020939605803291051F
:10C3100008F085CF80E290E082CFDC01B695A7954A
:10C32000AC7FA755BD46FD0125913491FD013296A4
:10C33000A591B491877099278A9FF0018B9FF00D8A
:10C340009A9FF00D1124A3E0F695E795AA95E1F7E1
:10C3500083CF80919905882371F080E02091730547
:10C36000309174053093E5042093E4043093E104A4
:10C370002093E00454CE8EA99FA981344CE9940700
:10C3800008F04EC081325EE4950708F44CC09695E3
:10C3900087959695879524E020939605809781153B
:10C3A000F8E09F0708F451C0E92FFF27EE0FFF1FA9
:10C3B000EE0FFF1F9F0127553946F901329665910F
:10C3C0007491F90125913491789FA001689F000C28
:10C3D000411D1124511DC901841B950B8436910503
:10C3E00010F484E690E09093740580937305809137
:10C3F000960580939905FE01E45BFF4F80818823B9
:10C4000009F4ABCF80917D05882341F08091DE0453
:10C410009091DF04909391058093900581E09ECFE9
:10C4200080E49CE9B4CF8131E7E29E0720F0969545
:10C43000879522E0B1CF21E02093960580329105C7
:10C4400008F0ACCF80E290E0A9CF9C01369527950B
:10C450002C7F27553D46F90145915491F9013296BB
:10C460006591749187709927869F9001879F300D01
:10C47000969F300D1124A3E036952795AA95E1F7F4
:10C48000CA01821B930BAACFDE01A35BBF4F4D9164
:10C490005C91119770E060E040936F0550937005D8
:10C4A000609371057093720516969C9190936E053A
:10C4B000982F927009F4CBCD90917D05992309F4C2
:10C4C000C6CD2E173F0708F0C2CD440F551F661F7B
:10C4D000771F40936F0550937005609371057093BB
:10C4E000720510928E05B3CD80936F059093700501
:10C4F000A0937105B093720561111BC0F0936D0597
:10C50000E0936C05F093E304E093E20480918E05E0
:10C5100087FD58C08091960510916E05288139815C
:10C52000811335C081E02E173F0708F449C080E031
:10C5300047C0643028F56F5F6330A9F06695AF019E
:10C5400002C0569547956A95E2F7BA0170936D055A
:10C5500060936C0580916C0590916D059093E30458
:10C560008093E204D3CF9F01ABEABAEA0F9443DE93
:10C5700041E196958795779567954A95D1F7E6CFEE
:10C5800070E06F5F7F4FCF010F946CDEDFCF8330A1
:10C5900009F4CFC08695A90102C0569547958A95A2
:10C5A000E2F7133009F4D3C01695BF0102C07695A7
:10C5B00067951A95E2F781E04617570708F0B7CF5D
:10C5C00080938E050F945F224091790550917A05F2
:10C5D00060917B0570917C05E0919E05F0919F052F
:10C5E00080899189A289B389481759076A077B070F
:10C5F00080F010929F0510929E059091520E8091AE
:10C60000530E981731F08091530E8F5F8F70809387
:10C61000530E80916806813049F180915C02882335
:10C6200029F180913C06811121C09091060181E0A1
:10C63000292F247092FD80E090910601826097FF7F
:10C6400003C0211113C081E080930C0510925C029D
:10C6500060914702709148028091490290914A028C
:10C6600020E030E040E85FEB0E9421906091E2041E
:10C670007091E3046115710509F046C04091DE0434
:10C680005091DF04209190053091910580918F05A4
:10C690002417350708F06CC090916E05913041F079
:10C6A000421B530B9417150619F010F040936E05BA
:10C6B00090916E05891B80938F05882339F087FF41
:10C6C00053C080910B01806480930B0120916E0513
:10C6D0008091DE049091DF04821B91099093DF0426
:10C6E0008093DE042091DE043091DF048091900578
:10C6F000909191052817390709F066C08FEF9FEFD9
:10C700009093E3048093E20440918F05411161C04E
:10C710008091E2049091E3042091E4043091E504D7
:10C720008F3F980709F088C03093890020938800D4
:10C730008EC0ABEABAEA0F9443DEAB01BC0131E133
:10C7400076956795579547953A95D1F72ACF9F01EA
:10C75000ABEABAEA0F9443DE21E196958795779587
:10C7600067952A95D1F727CF80910B018F7BACCFAE
:10C770004217530708F0B6CF90916E05913041F003
:10C78000241B350B9217130619F010F020936E0539
:10C7900090916E05890F80938F05882339F087FF6C
:10C7A0000FC080910B01806480930B0180916E0516
:10C7B0002091DE043091DF04820F932F911D8ECFE4
:10C7C00080910B018F7BF0CF80916C0590916D056E
:10C7D00097CF80918E0587FD0EC0082E000C990B17
:10C7E00021E030E06115710511F030E020E08217A2
:10C7F000930709F08DCF20916E05672B11F02091E2
:10C800009605842F042E000C990B97FF03C0919579
:10C810008195910930E0281739070CF4C90121E00E
:10C8200047FF2FEF38E036B990918F05920F909324
:10C830008F058150C1F76CCFAC01485D5F4F421747
:10C84000530708F071CF909389008093880020915E
:10C8500088003091890080918400909185004096F5
:10C860002817390748F480918400909185004096FC
:10C870009093890080938800FF91EF91DF91CF9191
:10C88000BF91AF919F918F917F916F915F914F91E8
:10C890003F912F911F910F91FF90EF90DF90CF90DC
:10C8A0008F907F906F900F900BBE0F900FBE0F90E8
:10C8B0001F90189590917505809375052FB7F89482
:10C8C00080910A058B7F80930A052FBF892F0895D9
:10C8D00080910A052FB7F89490910A059B7F909359
:10C8E0000A052FBF82FB882780F9089590910A05D9
:10C8F00010920A0581E0911101C080E008959091A5
:10C90000DD049130A1F028F09230A9F09330C1F00D
:10C910000895811102C00D94C722823011F40D9444
:10C92000A632853009F050C080E00D94A5228823FE
:10C9300091F38230A1F3853009F046C081E0F5CF54
:10C94000882349F3823059F3853071F38630E1F45E
:10C9500085E027E231E04FB7F894909102019460AE
:10C96000909302014FBFF9013197F1F74FB7F89457
:10C97000909102019B7F909302014FBFF901319783
:10C98000F1F7815041F708958730F1F481E00E947A
:10C99000579184E123E731E04FB7F8949091020179
:10C9A0009460909302014FBFF9013197F1F74FB7AF
:10C9B000F894909102019B7F909302014FBFF9017F
:10C9C0003197F1F7815041F708952F923F924F929E
:10C9D0005F926F927F928F929F92AF92BF92CF920F
:10C9E000DF92EF92FF920F931F93CF93DF9300D0CC
:10C9F00000D0CDB7DEB75C016C83342E3B832A8335
:10CA000048012C2C009709F051C08701222DA40168
:10CA10006A817B81832D0F943435D12CC12C0F94E6
:10CA20008B3F2B013C010E94AC7184E08093960205
:10CA3000DE82CD8224E6298382E390E00E943E9448
:10CA40003C8131113AC080913305909134050097B3
:10CA500009F042C00E94B171882309F467C08D813A
:10CA60009E81892B09F05EC082E08093960291E05E
:10CA700090936E0280936D02832D26960FB6F894E4
:10CA8000DEBF0FBECDBFDF91CF911F910F91FF9001
:10CA9000EF90DF90CF90BF90AF909F908F907F905E
:10CAA0006F905F904F903F902F9008950F94853531
:10CAB0006C01892B09F0B3CFA8CF0F948B3F641979
:10CAC000750986099709613375478105910508F451
:10CAD000BACF33243A94C8CF2D813E81232BF9F469
:10CAE000E114F104B1F097FF0FC031103A948701BF
:10CAF000222DA4016A817B81832D0F9434351092FD
:10CB0000340510923305A6CF32E0331681F3339407
:10CB1000EECF392E3094331C3324331CE8CF87E01A
:10CB20000F947F64C114D10479F484CF998191501A
:10CB30009983911181CFC114D10461F02D813E817F
:10CB4000232B11F4BE82AD828D819E810F94853599
:10CB50009E838D838D819E81892B09F06BCF870108
:10CB6000222DA4016A817B81832D0F94343562CFFD
:10CB7000BF92CF92DF92EF92FF920F931F93CF93CA
:10CB8000DF93EC01D62EB42E8CE09FE40E946073FC
:10CB90008C018DEC96E50E9460732AE0C22EF12C88
:10CBA000E12C9C014B2D6D2DCE010F94E564DF919E
:10CBB000CF911F910F91FF90EF90DF90CF90BF909A
:10CBC0000895BF92CF92DF92EF92FF920F931F933F
:10CBD000CF93DF93EC01D62EB42E88E79DE30E941D
:10CBE00060738C0182E79DE30E9460732AE0C22E8D
:10CBF000F12CE12C9C014B2D6D2DCE010F94E564A1
:10CC0000DF91CF911F910F91FF90EF90DF90CF9028
:10CC1000BF900895AF92BF92CF92DF92EF92FF92B2
:10CC20000F931F93CF93C82F882329F061E08FE5DE
:10CC30009FE00F94C7DD81E00E94339189E6E82EE2
:10CC400084EAF82E9CEDC92ED12C2CE3A22EB12C17
:10CC50000C2F10E01F92CF93FF92EF920F9465DCA0
:10CC60000F900F900F900F90CF30A0F7F80188270A
:10CC7000E35CF9498E4F0D94B3DE543A5A3A383B8F
:10CC80007A3A7E39263A6C3B8A397E3A143BE83947
:10CC9000EA3A8A3A043B043B1092560E8FE59FE035
:10CCA0000F94A3DD823039F484EE95E50E94607321
:10CCB0000F940C360FC08FE795E50E94607340E03B
:10CCC00060E00F94E165811107C061E08FE59FE0AE
:10CCD0000F94C7DDC1E0BCCF60E08FE59FE00F940B
:10CCE000C7DD10E000E080E00E9433911F930F93B6
:10CCF0008BE290E79F938F930F9465DC0F900F90DA
:10CD00000F900F90CD3009F4FFC0CE3009F411C15F
:10CD10008EE992E5CC2309F40EC181E00E94D96F1F
:10CD200082E0CF911F910F91FF90EF90DF90CF9015
:10CD3000BF90AF900C945B6F1092CD0381E00E9486
:10CD4000C1FAC2E0882309F483CF82E00E94C1FACD
:10CD5000C3E0882309F47CCF84E00E94C1FAC4E0D8
:10CD6000882309F475CF88E00E94C1FAC5E08823C2
:10CD700009F46ECF80E10E94C1FACDE0811168CF45
:10CD8000C6E066CF86E395E50E9460730F940C368B
:10CD90000F947C1A81119ECFCEE05ACF88EF94E594
:10CDA0000E9460730F940C3680E00E94E9E8F2CF95
:10CDB00080ED94E50E9460730F940C3682EA94E54E
:10CDC0000E9460730F940C3682E894E50E946073B1
:10CDD0000F940C3681E00E94E9E88823E9F260E0D4
:10CDE00070E088ED91E40E94156F8091941381307A
:10CDF00009F470CFD0926A0EC092690E8DE594E569
:10CE00000E9460730F9485350F94923560E070E056
:10CE1000CB010F944D180F94753610926A0E109234
:10CE2000690E58CF8DE194E50E9460730F940C3623
:10CE300085E08093610E05E010E055CFD0926A0E38
:10CE4000C092690EB092680EA092670E87E094E5DA
:10CE50000E94607341E060E00F94E165882309F16E
:10CE600080919413C7E0813009F0F2CEC8E0F0CE93
:10CE700020E041E070E060E08CE99AE30F944CCF51
:10CE800086EC93E50E9460730F940C3607E010E087
:10CE90002ACF0F9492350F947536CBE0D9CE0F94EC
:10CEA0007536CAE0D5CE81E00F94573620E041E0D8
:10CEB00070E060E08EE49BE30F944CCF0AE010E05A
:10CEC00012CF80E00F94573684E08093610E0BE020
:10CED00010E009CF83E793E50E94607341E060E0D2
:10CEE0000F94E165811107C083E493E50E946073AC
:10CEF0000F940C36D6CF8DED92E5D8CE60E08FE55D
:10CF00009FE00F94C7DDEFCE8FE792E50E9460733C
:10CF10008C011092CD038AE690E70F94600D0F9478
:10CF200053270115110509F4F8CEC8010F940C36EA
:10CF3000F4CE8DE192E50E9460738C01F2CF8FE117
:10CF40000E94C1FA811106C08FE10E9487E880E04B
:10CF50000D940A6685E19FE40E94607341E060E001
:10CF60000F94B865882381F30F94532781E00E94C2
:10CF7000D96F82E00C945B6FCF93C82F80E092E56D
:10CF80000E94607341E04C2760E00F94E16591E0FE
:10CF9000811190E0C91759F086ED91E5CC2311F08D
:10CFA00085E697E40E946073CF910D940C36CF9183
:10CFB0000895CF93C82F8DEA91E50E94607340E0F9
:10CFC0006C2F0F94E165811103C0CF910D949527CB
:10CFD000CF910895CF93C82F0E94E872811137C076
:10CFE00080E99EE40E94607340E060E00F94E16598
:10CFF000811120C00E949D72C230E0F08C17D0F0E9
:10D00000F8948AEA95E5DC018093FC1F9093FD1F5C
:10D01000A093FE1FB093FF1F80E88093FB1F109228
:10D02000F91F1092F81FCC0FCC0FCC0FC093FA1F32
:10D030000E94016881E00E94D96F21E041E070E028
:10D0400060E084ED9AE30F944CCF1092D403CF911B
:10D050000895CF930F9422CF10921105809111055E
:10D06000843008F04AC0109214050E94D1718823C0
:10D0700031F087E69DE30E9460730F94EDD18EE658
:10D0800095E60E94E7710F94D0CE882321F080E0CE
:10D09000CF910D94EA670E949D72C2E0823051F4F4
:10D0A0000E94BE710E94E7710F94D0CE882381F058
:10D0B00081E0EECF8C2F0E944E720E94E7710F9498
:10D0C000D0CE882311F08C2FE3CFCF5FC83091F7FB
:10D0D0008AEA9EE40E9460736AE27BE30F94A0D127
:10D0E0000F94F6CE809111058F5F8093110580918A
:10D0F00013058F5F80931305B1CFCF910895CF9320
:10D10000DF930F9422CF1092110580911105843086
:10D1100058F5109214050E949D72D82F8FE897E55C
:10D120000E9460730F94EDD1C8E0CD1780F48C2F6E
:10D130000E944E720E94E7710F94D0CE882329F08E
:10D140008C2FDF91CF910D94EA67CF5FEECF0F94D4
:10D15000F6CE809111058F5F8093110580911305A4
:10D160008F5F80931305D1CFDF91CF910895CF9238
:10D17000EF92FF920F931F93CF93DF9382E79DE38C
:10D180000E9460730F9461DBC82E8BEE9BE40E94BB
:10D1900060737C0188E79DE30E9460738C0182E7E5
:10D1A0009DE30E946073EC0180EC9BE40E9460733D
:10D1B000C394C3949E0140E060E00F94E564813025
:10D1C00029F40E9448650F942C59D8CF823061F41D
:10D1D00060E070E0CB01DF91CF911F910F91FF9044
:10D1E000EF90CF900D944D18DF91CF911F910F913B
:10D1F000FF90EF90CF9008950F931F93CF93DF93FD
:10D200008C01EB0190936A0E8093690E0F94E322D8
:10D21000811104C0D093680EC093670EC091A30320
:10D2200087EF8C0F8230F8F40F945327CA3041F403
:10D2300084E08093610EDF91CF911F910F9108954B
:10D2400060E070E080E291E40E94156F8FE59FE05E
:10D250000F94A3DD882379F389E0DF91CF911F91AB
:10D260000F910D940A661092D40380915D0681118E
:10D2700012C060915D0E70915E0E80915F0E909174
:10D28000600E0F943CE0601B710B6C5F7F4F693048
:10D29000710508F060C0C150C83088F5EC2FF0E08F
:10D2A0008827EA5AF6498E4F0D94B3DECE3ACE3A2D
:10D2B000CE3A303B063B523B883A803AC9E8D9ED3A
:10D2C00080915B06882329F082E00F947F6410929E
:10D2D0005B06209709F4AFCF0F94192F61E0CE01C0
:10D2E000DF91CF911F910F910D948FD080915B06AC
:10D2F000882341F061E086EF99E30F948FD0D0E06E
:10D30000C0E0DECF0F94192F8091A303823019F46F
:10D3100081E08093A3038091A303813031F461E025
:10D3200080E89FE60E94028FEACF833041F761E0F8
:10D3300088E19CE6F7CFC3E0D9EDC2CF0F94192F57
:10D340000F9468A00F94F436DACFC1E8D9EDB8CFC6
:10D35000C9E7D9EDB5CF80915B06882321F0809194
:10D360006D028823A1F181E080935B0680936D02BA
:10D370000E94C76F44E852EA63E080E00E94A86F11
:10D380008CE09FE40E946073AC0163E081E00E9446
:10D39000A86F61E080E00E94946FE091A303E150E8
:10D3A000E830A8F4F0E08827E752F6498E4F0D9454
:10D3B000B3DECC3ACC3ABA39CC3ABA393A3A043A32
:10D3C000CC3A80EA9BE40E9460730E947F6F809158
:10D3D0005B0681110F94402F0E94B171882309F4DC
:10D3E0002ACF10925B0680915C0681110EC01092CC
:10D3F0006A0E1092690E0E943A68811104C0109260
:10D40000680E1092670E0F94EAD10F94EAD1DF9163
:10D41000CF911F910F910D94F43689E89BE4D3CFFF
:10D4200083E79BE4D0CF8FE59BE4CDCF8093A3032C
:10D43000409194132091690E30916A0E413059F059
:10D4400010925D0680916B0290916C02281739074B
:10D450005CF40D94F73690916A139111F1CF8650D8
:10D46000823070F740935D0681E080935C066091A6
:10D47000670E7091680EC9010F94FC6810925D06EA
:10D48000089582E00D94166A81E00D94166A83E097
:10D490000D94166A10925C066CE370E08CED90E0DF
:10D4A0000D94FC6810925C066BE470E08FEF90E0E6
:10D4B0000D94FC6810925C0669E670E084E091E0EF
:10D4C0000D94FC6810925C066EE670E083E191E0DA
:10D4D0000D94FC6810925C066BE470E087ED90E0C0
:10D4E0000D94FC6810925C066AE570E083E191E0BF
:10D4F0000D94FC6810925C0664E670E08FEF90E09B
:10D500000D94FC6810925C0664E670E08CED90E08F
:10D510000D94FC6810925C0664E670E08EEF90E07B
:10D520000D94FC6810925C0662E370E080EF90E07E
:10D530000D94FC6880E00F947F640E94DFE50D94F9
:10D540005327CF92DF92EF92FF92411104C02091B6
:10D55000DD042230D1F09B016C01F12CE12C672B12
:10D56000C9F49FB7F894809102018460809302010E
:10D570009FBFC701B6010F94923D9FB7F894809169
:10D5800002018B7F809302019FBFFF90EF90DF909D
:10D59000CF900895220F331F50E040E060E074E226
:10D5A00084EF90E00F9494DE91E02115310581E045
:10D5B0004807510544F086E05695479537952795DD
:10D5C0008A95D1F793E0215031094FB7F8948091B3
:10D5D000A100887F892B8093A1006091AC0070919D
:10D5E000AD00269FC001279F900D369F900D1124FE
:10D5F000509172006FEF70E051FF04C06091A8007D
:10D600007091A9000F946CDE7093AD006093AC0034
:10D610003093A9002093A8008091720083608093CA
:10D6200072004FBFC701B6010F94923D2FB7F89417
:10D630008091A100887F85608093A1004091AC001B
:10D640005091AD003FEF349FC001359F900D1124E4
:10D65000309172006FEF70E031FF04C06091A8005C
:10D660007091A9000F946CDE7093AD006093AC00D4
:10D670008FEF90E09093A9008093A80080917200B2
:10D680008C7F809372002FBF78CFCF93C091DD0441
:10D69000C23059F1C13069F480916B05811125C008
:10D6A00040E070E060E080E590E00F94A16AC093F4
:10D6B0006B0560ED77E088E695E00F94E53F882301
:10D6C000A1F088E695E00F94EC3F8091DD04811194
:10D6D00008C040E070E060E080E590E0CF910D94FC
:10D6E000A16A80E0CF910D947F64CF91089582303C
:10D6F000B9F08330E9F0813059F080910B0161304D
:10D7000029F4816080930B01000008958E7FFACF89
:10D7100080910B01611102C08260F4CF8D7FF2CF46
:10D7200080910B01613011F48460ECCF8B7FEACFE4
:10D7300080910B01613011F48064E4CF8F7BE2CFE4
:10D74000CF938091730EC1E08823A1F040916B0EBE
:10D7500050916C0E60916D0E70916E0E27E73EE059
:10D760008091740E9091750E0F9433A6C82F81117D
:10D7700004C0C0E08C2FCF91089540916F0E50915E
:10D78000700E6091710E7091720E41155105610518
:10D79000710591F027E73EE08091740E9091750E2F
:10D7A0000F9433A6882329F310926F0E1092700EF7
:10D7B0001092710E1092720E1092730EDBCFCF92F8
:10D7C000DF92EF92FF92CF936B017C01C42F809187
:10D7D0006B0E90916C0EA0916D0EB0916E0E8C152B
:10D7E0009D05AE05BF0501F10F94A06B811108C026
:10D7F000C0E08C2FCF91FF90EF90DF90CF900895F5
:10D8000027E73EE0B701A6018091740E9091750E56
:10D810000F9497A6882361F3C0926B0ED0926C0E82
:10D82000E0926D0EF0926E0ECC2321F081E0809399
:10D83000730EDFCFC1E0DDCF4F925F926F927F9288
:10D840008F929F92AF92BF92CF92DF92EF92FF9210
:10D850000F931F93CF93DF93EC0142305105610585
:10D86000710590F480E0DF91CF911F910F91FF90AF
:10D87000EF90DF90CF90BF90AF909F908F907F9070
:10D880006F905F904F90089589859A85AB85BC8590
:10D890000196A11DB11D84179507A607B70710F3C0
:10D8A0008F898031C9F5852E962EA72EBB248B89B2
:10D8B0009C89AD89BE89880E991EAA1EBB1E2801AF
:10D8C00039016A017B0141E0C501B4010F94DF6BAE
:10D8D000882341F29F89903181F5DD24EE24FF24D5
:10D8E000F601EE0FFF1FE958F14F118300839A896B
:10D8F000923008F4B8CF4D815E816F817885840EB7
:10D90000951EA61EB71E80926F0E9092700EA0926A
:10D91000710EB092720EA7CF803209F0A3CF8B891F
:10D920009C89AD89BE894A015B01E7E0B694A79462
:10D9300097948794EA95D1F7BECFE894C7F8DD2491
:10D94000EE24FF24F601EE0FFF1FEE0FFF1FE95834
:10D95000F14F4082518262827382C9CFCF92DF92AF
:10D96000EF92FF920F931F93CF93DF93FC0181857A
:10D970009285A385B4850196A11DB11D84179507D5
:10D98000A607B70750F480E0DF91CF911F910F9168
:10D99000FF90EF90DF90CF90089587898031A9F5AF
:10D9A000BB27A72F962F852FC388D488E588F688B4
:10D9B0008C0D9D1DAE1DBF1DE9016A017B018F010C
:10D9C00040916B0E50916C0E60916D0E70916E0EC9
:10D9D00084179507A607B70749F5F80187898031AD
:10D9E00069F5B701A601552766277727440F551F0C
:10D9F0004958514FFA0180819181B0E0A0E08883BD
:10DA00009983AA83BB8381E0BFCF803209F0BBCF6B
:10DA1000C388D488E588F688DB01CA01C7E0B695DB
:10DA2000A79597958795CA95D1F7C2CF40E0BC01DD
:10DA3000CD010F94DF6B8111D0CFA5CFB701A60127
:10DA40004F77552766277727440F551F440F551FDB
:10DA50004958514FFA0180819181A281B381BF70F1
:10DA6000CECF4F925F926F927F92AF92BF92CF9242
:10DA7000DF92EF92FF920F931F93CF93DF9300D02B
:10DA80001F92CDB7DEB78C0149835A836B837C83A9
:10DA90005901C12CD12C7601412C82E0582E612CE9
:10DAA000712C49815A816B817C819E012F5F3F4F90
:10DAB000C8010F94AE6C882319F1F8018585A30184
:10DAC000920104C0220F331F441F551F8A95D2F7BD
:10DAD000DA01C901C80ED91EEA1EFB1E49815A810E
:10DAE0006B817C8187898031F1F481E0483F5F4F11
:10DAF00061057105B0F2F501C082D182E282F38244
:10DB00000F900F900F900F90DF91CF911F910F9179
:10DB1000FF90EF90DF90CF90BF90AF907F906F908D
:10DB20005F904F90089581E0483F5F4F6F4F7F4077
:10DB300008F4B7CFE0CFCF92DF92EF92FF921F931E
:10DB4000CF93DF93EC01EB81E11109C080E0DF911D
:10DB5000CF911F91FF90EF90DF90CF900895898132
:10DB600080FFF4CF488559856A857B859A0131709D
:10DB70003AA329A3898D9A8D6A017B01F9E0F69475
:10DB8000E794D794C794FA95D1F7E23079F4FC0181
:10DB9000828D938DA48DB58D8C0D9D1DAE1DBF1DE9
:10DBA0008D8F9E8FAF8FB8A381E0D1CFFC01148100
:10DBB00011501C21232B71F411110CC0452B462B45
:10DBC000472B31F58D899E89AF89B88D8C839D83D4
:10DBD000AE83BF83E98DFA8D8C819D81AE81BF813B
:10DBE0000297A109B109258504C0880F991FAA1FB2
:10DBF000BB1F2A95D2F74685578560897189840FA6
:10DC0000951FA61FB71F810F911DA11DB11DC8CF64
:10DC10004C815D816E817F819E012C5F3F4F0F940F
:10DC2000AE6C8111D7CF92CFDF92EF92FF920F931C
:10DC30001F93CF93DF938C01EB017A018DE0D82EF7
:10DC400040E250E0BE01C8010F9450A78032910518
:10DC500071F021E0892B09F420E0822F8195DF917A
:10DC6000CF911F910F91FF90EF90DF900895288141
:10DC7000222309F43FC0253E19F32E3209F33B85D8
:10DC80003F733F3099F5E114F10481F14A8D5B8DCA
:10DC9000452B61F52F713FEF320F343038F52150AD
:10DCA000330BD29EC001D39E900D1124F701E80FD3
:10DCB000F91F298120832B8121832D8122832F81AC
:10DCC0002383298524832E852583288926832A89F1
:10DCD00027832C8920872E892187288D22872C8DC8
:10DCE00023872E8D2487288126FD15862B8523FDED
:10DCF000A7CFB5CF80E0B3CFCF93DF93EC018B817B
:10DD0000882349F1898187FF22C061E0CE010F9409
:10DD100078A4FC01892BF9F08081853EE1F08B81AC
:10DD2000823040F489899A89AB89BC89848F958F28
:10DD3000A68FB78F8D899E89938F828F8D899E89BB
:10DD4000AF89B88DB58BA48B89818F778983DF915B
:10DD5000CF910D94A06B81E0888380E0DF91CF911B
:10DD600008958F929F92AF92BF92CF92DF92EF92DF
:10DD7000FF920F931F93CF93DF93EC018B8181115F
:10DD80000EC080E0DF91CF911F910F91FF90EF9037
:10DD9000DF90CF90BF90AF909F908F9008950989AA
:10DDA0001A892B893C89041715072607370748F37A
:10DDB0004A015B01823031F488869986AA86BB8647
:10DDC00081E0E0CF81149104A104B10449F41C82E4
:10DDD0001D821E821F82188619861A861B86F0CF26
:10DDE000088519852A853B85E98DFA8D858590E022
:10DDF0000996B901A8014150510961097109082E1C
:10DE000004C076956795579547950A94D2F77501A2
:10DE10006401E1E0CE1AD108E108F10804C0F694EB
:10DE2000E794D794C7948A95D2F7C416D506E60628
:10DE3000F70620F0012B022B032B11F58D899E890B
:10DE4000AF89B88D8C839D83AE83BF838E010C5FB9
:10DE50001F4FC114D104E104F10409F4ADCF4C818A
:10DE60005D816E817F819801898D9A8D0F94AE6C52
:10DE700091E0C91AD108E108F1088111EACF81CFF8
:10DE8000C41AD50AE60AF70AE1CF809184178823DD
:10DE900061F00E9432E6882341F08CEB9EE30E9401
:10DEA00060730F940C360D94532786E08093610EB7
:10DEB000FACFCF93DF93809194138130E9F48CE013
:10DEC0009FE40E946073EC018EE19FE30E94607307
:10DED000BE010E942FDB8530A0F58093F2038AE01B
:10DEE0008093A30320E041E070E060E088EA99E3DA
:10DEF000DF91CF910D944CCF8FE59FE00F94A3DD80
:10DF00008111EDCF809184178230F9F40E9432E6BE
:10DF1000982F9111E4CF8EEE9EE40E9460730F94CF
:10DF200085350E94AC71C4E184E690E00E943E9485
:10DF30000E94B171811102C0C150B1F781E080939C
:10DF40006E02DF91CF910D94EAD187E094E50E94B3
:10DF5000607341E060E00F94E16591E0811190E031
:10DF600081E080936E02D5CFCF931092D403C3B1DA
:10DF700045E250E760E080E00E94A86F60E086E044
:10DF80000E94946FC4FB882780F90F9441278091E9
:10DF90009413813099F4C1E080916A13811101C01A
:10DFA000C0E04FE150E760E08AE00E94A86F60E0C7
:10DFB00081E10E94946F8C2F0F9441270E9432E6DA
:10DFC000C82F88EC9CE30E946073AC0161E080E0A4
:10DFD0000E94A86F61E081E10E94946F8C2F0F94E2
:10DFE0004127CF910D948CD22F923F924F925F9206
:10DFF0006F927F928F929F92AF92BF92CF92DF9259
:10E00000EF92FF920F931F93CF93DF9300D01F9255
:10E010001F92CDB7DEB71C012A013B0100E210E0E0
:10E0200019829981892F90E09B838A8380179107B9
:10E030009CF5880F991F880F991F9D838C83820DF3
:10E04000931D9B838A83FC01C080D180E280F38092
:10E050008C819D810496820D931D9D838C83FC0190
:10E0600080809180A280B380A5019401C701B60190
:10E070000F9454E1181664F4EA81FB818082918246
:10E08000A282B382EC81FD81C082D182E282F382DE
:10E09000F981FF5FF983C5CF0150110908F6F1013D
:10E0A000E05CFF4F2081318142815381C301B20185
:10E0B0000F9470D86B017C0120E030E040E05FEB12
:10E0C0000F94C0DF87FD10C020E030E040E05FE348
:10E0D000C701B6010F94C0DF18165CF4C12CD12C17
:10E0E000E12C8FE3F82E05C0C12CD12CE12C9FEB45
:10E0F000F92EC701B6010F900F900F900F900F905F
:10E10000DF91CF911F910F91FF90EF90DF90CF9013
:10E11000BF90AF909F908F907F906F905F904F9047
:10E120003F902F9008950F948B3F6093341370931A
:10E1300035138093361390933713089580917A1393
:10E14000882369F080917913882349F089E799EA57
:10E150000E94057B809179138150809379130895F3
:10E160009F92AF92BF92CF92DF92EF92FF920F9366
:10E170001F93CF93DF93CDB7DEB7E0970FB6F89438
:10E18000DEBF0FBECDBF8C01E0906213FE01319661
:10E1900021E030E05F01F12C40E1C42ED12C50E2AF
:10E1A000952EC701821B930BB6010F9480DEDC0114
:10E1B000BB27AB5DBC4E9D968C91482F50E094E000
:10E1C000559547959A95E1F796EF940F9630A8F1FB
:10E1D000405D40838F7096EF980F963080F1805DA0
:10E1E000818392822F5F3F4F339621313105C9F6EB
:10E1F00018AA82EF99EA0E94DA788CEE99EA0E94D6
:10E20000DA78C8010E94DA7884EA99EA0E94DA781A
:10E21000C5010F94A8D6E0960FB6F894DEBF0FBEE6
:10E22000CDBFDF91CF911F910F91FF90EF90DF90C5
:10E23000CF90BF90AF909F900895495ACACF895A06
:10E24000CFCF9C01909139139A3011F46093381319
:10E2500091509093391391110DC0C9010F94B07072
:10E2600085E999EA0E94057B8AE0809339138091C1
:10E270003813089580E00895CF93DF93CDB7DEB7CC
:10E280002E970FB6F894DEBF0FBECDBF2EE330E061
:10E290003A832983FE0133962CE0DF011D922A95F3
:10E2A000E9F7DE011296482FFC019D018E2F841B99
:10E2B000861740F4819190EE980F903608F08EE228
:10E2C0008D93F4CFF901E60FF11D10824EE050E07E
:10E2D00068EF79EACE0101960F9482DB892B59F41D
:10E2E0004EE050E0BE016F5F7F4F8CE792E10F94EC
:10E2F00015E4892B61F082EF99EA0E94DA788CEEBE
:10E3000099EA0E94DA78CE0101960F94A8D64EE0E1
:10E3100050E0BE016F5F7F4F8CE792E10F9423E4E2
:10E320002E960FB6F894DEBF0FBECDBFDF91CF9112
:10E330000895CF92DF92EF92FF921F93CF93DF93D6
:10E34000CDB7DEB762970FB6F894DEBF0FBECDBF74
:10E350004E875F87688B798B8A8B4983852F511114
:10E3600031C080E38A8311E0E1E0E10F81E090E0D9
:10E370008C0F9D1F8E0F911DFC018A899AE290835C
:10E38000811127C080E3818381E01E5F180FE1E0E7
:10E39000F0E0EC0FFD1FE10FF11D8AE080831F5FAD
:10E3A000FE0131967F016F01C10ED11CEC14FD04FA
:10E3B000B1F0F70181917F016EE672E190E00F9478
:10E3C0000BDCF4CFBE016E5F7F4F0F94B7C2182FE6
:10E3D000CBCFBF016F5F7F4F0F94B7C2D6CF612FF6
:10E3E000CE0101960F943C710F94937062960FB614
:10E3F000F894DEBF0FBECDBFDF91CF911F91FF908C
:10E40000EF90DF90CF9008958F929F92AF92BF923E
:10E41000DF92EF92FF920F931F93CF93DF93CDB7CD
:10E42000DEB767970FB6F894DEBF0FBECDBF182FCB
:10E430007B01D42E07E50B8B8C8B7E8B6D8BCE01F5
:10E4400043960F94E3C28F8B0E871F87F98AE88A61
:10E45000CE010E960F94E3C28A8B0983111127C057
:10E4600080E38A8381E0E1E0E80F21E030E02C0FD7
:10E470003D1F2E0F311DF90190E2908302E0080F3D
:10E48000AA24A394B12CAC0EBD1EA00EB11CE114A5
:10E49000F10439F114E0C7018827907F892B71F4CA
:10E4A00024E0EE0CFF1C2A95E1F71150F4CFBE01D9
:10E4B0006E5F7F4F812F0F94B7C2D5CF4501882D56
:10E4C0008A19811790F48F2D82958F7094E0EE0C4D
:10E4D000FF1C9A95E1F70F94ADC2F40181934F01AF
:10E4E000EECF80E3F501808311E0100FE1E0F0E072
:10E4F000EC0FFD1FE10FF11D8A899AE290838111D3
:10E5000021C080E3818381E01F5F180FE1E0F0E02C
:10E51000EC0FFD1FE10FF11D8AE080831F5F9E015C
:10E520002F5F3F4F79015901A10EB11CEA14FB0482
:10E5300079F0F70181917F016EE672E190E00F942E
:10E540000BDCF4CFBF016F5F7F4F0F94B7C2DCCFFE
:10E55000612FCE0101960F943C710F949370D0926D
:10E56000281367960FB6F894DEBF0FBECDBFDF91BC
:10E57000CF911F910F91FF90EF90DF90BF90AF90E0
:10E580009F908F900895209173132F5F20937313A2
:10E59000223078F430E0F901ED56F64584912F5899
:10E5A0003C4EF901608170E049E00F94047280E014
:10E5B000089581E008958F929F92AF92BF92CF927B
:10E5C000DF92EF92FF92CF93DF9327ED36E1309306
:10E5D000750E2093740E1092F31642E050E060E046
:10E5E00070E04093DC165093DD166093DE16709356
:10E5F000DF161092730E10926F0E1092700E109222
:10E60000710E1092720E4FEF5FEFBA0140936B0ED6
:10E6100050936C0E60936D0E70936E0E882309F408
:10E6200070C040E060E070E0CB010F94DF6B8111BF
:10E630000DC0C0E08C2FDF91CF91FF90EF90DF9065
:10E64000CF90BF90AF909F908F900895809135109C
:10E650008F7779F78091411090914210A0914310EB
:10E66000B091441084369105A105B10510F3C09016
:10E670003D10D0903E10E0903F10F0904010C1143B
:10E68000D104E104F104A9F240E0C701B6010F94FE
:10E69000DF6BC82F882369F28091820E9091830EE0
:10E6A0008115924031F6A091870EAA2311F2609154
:10E6B000850E7091860E6115710509F4BACF20910F
:10E6C000840E222309F4B5CFA093EE162093E01612
:10E6D00090E080E030E0E1E0F0E0D82FAF01082EDC
:10E6E00002C0440F551F0A94E2F72417350769F05A
:10E6F00041E0480F01968930910579F74093E9167A
:10E7000098CFC12CD12C7601BFCF8093E9162091F0
:10E710008D0E30918E0E50E040E02115310541F410
:10E7200020919B0E30919C0E40919D0E50919E0E1B
:10E730002093E1163093E2164093E3165093E416CB
:10E7400046015701860E971EA11CB11C8092EF1640
:10E750009092F016A092F116B092F216E091880E07
:10E76000F091890EF093F516E093F416B0E00F9453
:10E7700038DEDC01CB01880D991DAA1DBB1D8093DD
:10E78000F6169093F716A093F816B093F91625E0B5
:10E79000EE0FFF1F2A95E1F7E150FE4FEF2FFF2705
:10E7A000E6958E0F9F1FA11DB11D8093EA169093D1
:10E7B000EB16A093EC16B093ED1680908A0E909015
:10E7C0008B0EB12CA12C8114910441F48090970EF2
:10E7D0009090980EA090990EB0909A0EC81AD90AEF
:10E7E000EA0AFB0AC80CD91CEA1CFB1C04C0F694FC
:10E7F000E794D794C794DA95D2F7C092E516D092F1
:10E80000E616E092E716F092E81685EFC8168FE05C
:10E81000D806E104F10420F48CE08093F31609CFCC
:10E8200080E125EFC2162FEFD206E104F10488F053
:10E830008091A30E9091A40EA091A50EB091A60E6A
:10E840008093F6169093F716A093F816B093F916E6
:10E8500080E28093F316EECE20E030E040EA52E40E
:10E8600060E070E080EA92EC0D942BC390919513D8
:10E8700091FD17C08823A9F092FD13C00F9429C3FE
:10E880008091690E90916A0E90938A1380938913F8
:10E890008091951384608093951388E796EA0D9490
:10E8A0004FC308958091951380FF47C080E996EA91
:10E8B0000F944FC38091811390918213A091831381
:10E8C000B091841340917D1350917E1360917F131A
:10E8D0007091801340933F07509340076093410726
:10E8E000709342078093430790934407A093450792
:10E8F000B093460760E070E088E492E40F944BC365
:10E900008091851390918613A0918713B0918813FD
:10E910008093470790934807A0934907B0934A070D
:10E9200060E070E080E791E40F944BC310924F07D2
:10E93000809195138E7F8093951308950F931F9365
:10E94000CF9390919513911172C0C82F85E696EAE6
:10E950000F944FC30F9429C30F942C598091560ED6
:10E96000811102C00E94FE64CC2309F460C0809132
:10E970009513816080939513809147079091480784
:10E98000A0914907B0914A0740914307509144072D
:10E99000609145077091460700913F07109140072D
:10E9A000209141073091420700937D1310937E130D
:10E9B00020937F13309380134093811350938213DD
:10E9C00060938313709384138093851390938613BD
:10E9D000A0938713B093881360E070E080EA91E41D
:10E9E0000E94966E80913C07882309F180913D0733
:10E9F0008823E9F080E090E0AAEFB2E480933F073B
:10EA000090934007A0934107B093420710924307A9
:10EA100010924407109245071092460760E070E09C
:10EA200088E492E4CF911F910F910D944BC3CF9145
:10EA30001F910F910895EF92FF920F931F93CF9321
:10EA4000DF931F921F92CDB7DEB7F82EE62E80E13E
:10EA500097E29A8389838A01169507958F2D0E94E4
:10EA600010E30150110978F028EC30E0AE014F5F5F
:10EA70005F4F68EE73E08F2D0E94E1E16E2D8F2DC8
:10EA80000E9429E3EECF6E2D8F2D0E9410E30F9090
:10EA90000F90DF91CF911F910F91FF90EF9008950C
:10EAA000EF92FF920F931F93CF93DF93CDB7DEB713
:10EAB0002F970FB6F894DEBF0FBECDBFEAE8F2E1A4
:10EAC00010A211A212A213A214A215A216A217A29A
:10EAD00010A611A61092231305E213E1EE24E3948D
:10EAE000F12CD8011196FC92EE9212961C9212977C
:10EAF00082E813968C9340E060E08AE293E10F9401
:10EB000007C340E060E08FE293E10F9407C3F80190
:10EB10001786108A118A128A138A8AE0848B40E051
:10EB200060E0CE0101960F9407C385E0FE013196A7
:10EB3000DE01169601900D928A95E1F785E0FE01BF
:10EB40003696AAE3B3E101900D928A95E1F7D801D8
:10EB50005A961C925A975C961C921E925B978AE377
:10EB600093E10F94F6C2F801818F158E168E40E066
:10EB700060E084E493E10F9407C3D80194961C925B
:10EB800040E060E0CE010B960F9407C385E0FE01E4
:10EB90003B96DE01119601900D928A95E1F785E092
:10EBA000FE013196AAE4B3E101900D928A95E1F756
:10EBB000F80112A614A613A68AE493E10F94F6C2F4
:10EBC000D80199968C939997DD961C92DD9784E2F3
:10EBD00093E1DF969C938E93DE97F0926613E0921A
:10EBE0006513109267131FEF109368130F945FC3A0
:10EBF0008093691310926A1310926B1310926C1326
:10EC000010926E1310926D131092701310926F1376
:10EC1000109273131092741310927513109276134E
:10EC200083E08093791310927A1385E080937113B7
:10EC300084E18093721383E680937B1380937C132B
:10EC400010927D1310927E1310927F1310928013F6
:10EC500010928113109282131092831310928413D6
:10EC600010928513109286131092871310928813B6
:10EC700010928A131092891310928B138EE290E8EF
:10EC800090938D1380938C1310938E1310938F1386
:10EC900010929113109290131093921382E080932C
:10ECA000931310929413109295131092961310923E
:10ECB0009713109299131092981310929B1310921D
:10ECC0009A130F945F8DE8E6F4E11092F01410921D
:10ECD000F314109215151092181589E18093D71628
:10ECE0001092DA161092DB161092F3161092FA16A2
:10ECF0001092FD1610927B1710927D1710927C17C0
:10ED000010920C1610920B1610927717109278171B
:10ED10001092791710927A1710927E1710927F171F
:10ED20001092801710928117128213821082118222
:10ED300010920A1610921D17E8E3F5E182EDDF014B
:10ED40001D928A95E9F71092B9141092B814109296
:10ED5000B7148BE797E10F94EC3FE1E6F4E1118201
:10ED6000128213821482158216821083E4E8F7E17E
:10ED70001582178216828AEB9CE496878587108A13
:10ED800017860F948B3F6093981770939917809311
:10ED90009A1790939B172F960FB6F894DEBF0FBE6D
:10EDA000CDBFDF91CF911F910F91FF90EF9008950C
:10EDB00042E00F942FD60D94A5D680917B13833615
:10EDC00009F48FEF08959FB7F894E5E0F1E08081B2
:10EDD000806480839FBF08950F931F93CF93DF9329
:10EDE000EC010F948B3F8B010F94CCA58F3F69F002
:10EDF0000F948B3F601B710B6C177D07A8F380E0AD
:10EE0000DF91CF911F910F91089581E0F9CF2F925B
:10EE10003F924F925F926F927F928F929F92AF92AA
:10EE2000BF92CF92DF92EF92FF920F931F93CF93F7
:10EE3000DF9300D000D000D01F92CDB7DEB72B01FA
:10EE40003C0149015A0120E030E040EC51E40F94CC
:10EE5000CADE20E030E048E052E40F94CADF6B01E4
:10EE60007C010F9472E00F943CE0312C212C77FD53
:10EE70001EC01B01663071051CF045E0242E312CAC
:10EE8000822D0F94BDC72DEC3CEC44EF51E40F9460
:10EE9000CBDE9B01AC01C301B2010F94CADE20E0BE
:10EEA00030E048E052E40F94CADF6B017C0120E0BF
:10EEB00030E040EC50E4C501B4010F94CADE20E01C
:10EEC00030E048E052E40F94CADF69837A838B8391
:10EED0009C830F9472E00F943CE077FDDAC07A8750
:10EEE00069876630710524F0E5E0F0E0FA87E9878C
:10EEF00089850F94AAC72AE939E949E351E40F94B7
:10EF0000CBDE9B01AC01C501B4010F94CADE20E049
:10EF100030E048E052E40F94CADF69837A838B8340
:10EF20009C83A701960160E070E080E89FE30F9466
:10EF3000CADE2B013C0191012F5F3F4F3E832D83A1
:10EF400089859A85019698878F8327E0E985FA85D8
:10EF50002E9F80012F9F100D1124F801E20DF31D4B
:10EF6000EE0FFF1FEE0FFF1FE456FC4E2181328192
:10EF700043815481C301B2010F9470D84B015C01ED
:10EF8000ED81FE81E00FF11FEE0FFF1FEE0FFF1F5F
:10EF9000E456FC4E2181328143815481C701B60180
:10EFA0000F9470D89B01AC01C501B4010F94CBDE66
:10EFB0004B015C0129813A814B815C8160E070E00A
:10EFC00080E89FE30F94CADE9B01AC01C501B40148
:10EFD0000F9470D84B015C0127E0EF81F8852E9FDC
:10EFE000C0012F9F900D11249A878987FC01E20DA3
:10EFF000F31DEE0FFF1FEE0FFF1FE456FC4E2181A5
:10F00000328143815481C301B2010F9470D82B0126
:10F010003C0189859A85ED81FE818E0F9F1F880FA7
:10F02000991F880F991F84569C4EFC0121813281C3
:10F0300043815481C701B6010F9470D89B01AC0184
:10F04000C301B2010F94CBDE29813A814B815C81EF
:10F050000F9470D89B01AC01C501B4010F94CBDEB5
:10F060002A960FB6F894DEBF0FBECDBFDF91CF91C9
:10F070001F910F91FF90EF90DF90CF90BF90AF90D6
:10F080009F908F907F906F905F904F903F902F90C8
:10F0900008951A86198645CF80E09AEA0E94DA78A8
:10F0A00060E08CEA9CE00E949377813021F48AE44E
:10F0B0009DE50C94057B84E49DE5FBCFBC01990F95
:10F0C000880B990B0F94F7D20D94A5D60F931F932D
:10F0D000CF93DF93EC010F9461DB8C0180369105B7
:10F0E00008F085C080917C10811105C00E9446788F
:10F0F00081E080937C1040916C1250916D12809150
:10F100007A1090917B104817590741F420917D1097
:10F1100030917E10121613060CF469C020917810FD
:10F1200030917910121613060CF041C09C012F5932
:10F130003F4F84179507E8F544505109401B510B88
:10F14000421753070CF453C050936D1240936C1246
:10F1500080916C1290916D12FC01E158FF4E23E0FA
:10F160002083BE018E579F4E0F945ADB80917D10F5
:10F1700090917E10019690937E1080937D1082EF87
:10F1800099EA0E94DA7883ED99EA0E94DA78809110
:10F190006C1290916D128E579F4E0E94F68E81EDEB
:10F1A00099EADF91CF911F910F910C94057B9C01FF
:10F1B000C0CFC80104964817590728F04450510998
:10F1C000401B510BC1CF89EE91E0BC01601B710B5C
:10F1D0008B01621773075CF070E060E08FE790E1ED
:10F1E0000F94D5E310936D1200936C12B1CF8AEC9B
:10F1F00099EA0E94DA7883ED99EA0E94DA78CE01E2
:10F200000E94DA7883EB99EACCCFAB01BC018AEF9C
:10F2100096E10F94B16E811102C080E008958AEFEB
:10F2200096E10F949B6D8823C1F320911B173091B9
:10F230001C172958314F309316172093151708952E
:10F240008F929F92AF92BF92CF92DF92EF92FF92F6
:10F250000F931F93CF93DF93CDB7DEB7EE970FB623
:10F26000F894DEBF0FBECDBF8091B8148F9380910C
:10F27000B7148F938EE699EA9F938F938E010F5D5B
:10F280001F4F1F930F930F94BADC0F900F900F90A6
:10F290000F900F900F90F12CF80101900020E9F7EA
:10F2A0003197E01BF10BFE1684F46801CF0CD11CE2
:10F2B000F7FCDA94F6018081082E000C990B0F946C
:10F2C000B7E3F6018083F394E7CF80EF94E10E94E7
:10F2D000B678A12CCE0101967C018DEEC82E80E778
:10F2E000D82E8091F314823008F450C08091F81425
:10F2F0009091F914A091FA14B091FB148F71992791
:10F30000AA27BB27892B8A2B8B2B09F03FC050E003
:10F3100040E0B70180EF94E10F94146E1816B4F535
:10F32000B12CF70101900020E9F73197EE19FF09A0
:10F33000BE1674F447018B0C911CB7FC9A94F4012F
:10F34000808190E00F94B7E3F4018083B394E9CF18
:10F350008A858E3731F245E050E0B801C7010F943D
:10F3600015E4892B09F0BDCF1F930F93DF92CF9245
:10F370000E94A08F61E089EE90E70E94028F0F90BB
:10F380000F900F900F90AA24A394ABCF8FEF9FEF15
:10F39000AA2029F08091B7149091B8140196909307
:10F3A000B8148093B714EE960FB6F894DEBF0FBE74
:10F3B000CDBFDF91CF911F910F91FF90EF90DF9024
:10F3C000CF90BF90AF909F908F9008958F929F9213
:10F3D000AF92BF92CF92DF92EF92FF920F931F9363
:10F3E000CF93DF9300D01F92CDB7DEB7FC018381AE
:10F3F000813011F080E060C0818181FFFBCF818985
:10F400009289A389B489892B8A2B8B2B09F46EC02E
:10F410007F0140E050E0BA01CF010F94B16E882324
:10F4200049F3F701C18CD28C85889688A788B08C67
:10F4300082E090E0A0E0B0E0F60180839183A283B7
:10F44000B3839E012F5F3F4FB501A401C6010F9406
:10F45000AE6C882379F200E010E09801B501A401B8
:10F46000C6010F941C6C882329F289809A80AB8096
:10F47000BC80F6018789803181F5F8EF8F16FFEFA8
:10F480009F06A104B104E8F2F701158A168A178ACB
:10F49000108E118A128A138A148A8181806881836E
:10F4A000C7010F947C6E882309F4A4CF40E050E09C
:10F4B000BA01C7010F94B16E0F900F900F900F908B
:10F4C000DF91CF911F910F91FF90EF90DF90CF9040
:10F4D000BF90AF909F908F90089588EF88168FEF20
:10F4E0009806A8068FE0B80678F6ABCF81E0E4CFA7
:10F4F0002F923F924F925F926F927F928F929F9244
:10F50000AF92BF92CF92DF92EF92FF920F931F9331
:10F51000CF93DF93CDB7DEB7C657D1090FB6F894B6
:10F52000DEBF0FBECDBF4C016B013A01E5962FAF98
:10F53000E597502E2DB63EB6102F11708091760EA5
:10F540008F5F8093760EFB0180859185A285B385C0
:10F5500080937D1490937E14A0937F14B0938014B5
:10F56000412C5E01F7E6AF0EB11CF60183818230BB
:10F5700008F4C0C180859185A285B3858F719927D4
:10F58000AA27BB27892B8A2B8B2B09F0B3C110929A
:10F59000811441E854E1BE01695B7F4FC6010F94BD
:10F5A000146E18160CF0A6C18091760E873008F004
:10F5B000A1C128968FAD2897882309F49BC1853E69
:10F5C00009F439C18E3209F436C1809181148E322A
:10F5D00009F431C163968FAD6397982F9A7009F043
:10F5E0002AC1887191E0803119F090E0803131F4C6
:10F5F000E596FFADE597FF2309F494C09093B61408
:10F60000803161F060968FAD6097873409F013C147
:10F6100061968FAD61978E3709F40DC1E596FFAD08
:10F62000E597F13009F41BC1F23009F425C1BE01A0
:10F63000695B7F4F8CE694E10E94A078C4010E9430
:10F64000F68E8CE694E10E94F68E80E20E94C178EC
:10F65000A7966CAD7DAD8EAD9FADA7974AE00F9498
:10F6600092D251FE45C0A1962EAD3FADA1973093E9
:10F670007C1420937B146F964EAD5FAD6F975093C3
:10F680007A144093791469968EAD9FAD69972817C7
:10F69000390750F02817390799F467962EAD3FAD1A
:10F6A00067974217530760F490937C1480937B1400
:10F6B00067968EAD9FAD679790937A148093791477
:10F6C00080917C148F9380917B148F9380917A1416
:10F6D0008F93809179148F932BE439EA3F932F9382
:10F6E0000F9465DC0F900F900F900F900F900F907C
:10F6F000112399F080918114882309F4BAC081E81C
:10F7000094E19F938F93E5E4F9EAFF93EF930F94CD
:10F7100065DC0F900F900F900F900F94A5D60F946B
:10F72000A04E89C02DB73EB7E7963FAF2EAFE79703
:10F73000BE01695B7F4FC5010E94A078F401808102
:10F74000882309F486C001900020E9F73197E81971
:10F75000F909D5010D900020E9F7EA19FB09EA0F34
:10F76000FB1F31962DB73EB72E1B3F0B0FB6F894FB
:10F770003EBF0FBE2DBFEDB7FEB731967F016FE1E3
:10F7800073E08111B401C7010F940EE4B501C70104
:10F790000F94EFE36FE173E0C7010F94EFE31123E0
:10F7A000A9F080918114811157C0C5019F938F9357
:10F7B000FF92EF922AE539EA3F932F930F9465DC8D
:10F7C0000F900F900F900F900F900F901CA21FA200
:10F7D00021E0A501B601CE0184960F9450D783E2B3
:10F7E000FE01B496DE01119601900D928A95E1F723
:10F7F00010FB50F8052D20E050E040E0BE016F5FA7
:10F800007F4FC7010F94787ACE0101960E94BB7892
:10F81000112321F081E599EA0F948CDCCE018496C6
:10F820000E94BB78E796EEADFFADE7970FB6F89470
:10F83000FEBF0FBEEDBFF60180859185A285B38521
:10F8400080937D1490937E14A0937F14B0938014C2
:10F850008CCEE1E0F0E07DCF81E894E1A7CF80910C
:10F860008217909183170196909383178093821744
:10F87000E2CF8CE694E145CFBE01695B7F4F8CE619
:10F8800094E10E94A078A1962EAD3FADA197309350
:10F890007C1420937B146F964EAD5FAD6F975093A1
:10F8A0007A144093791469968EAD9FAD69972817A5
:10F8B000390750F02817390799F467962EAD3FADF8
:10F8C00067974217530760F490937C1480937B14DE
:10F8D00067968EAD9FAD679790937A148093791455
:10F8E0006114710459F16CE674E1C3010F94DCE317
:10F8F000892B59F58091760E81508093760E0FB644
:10F90000F8943EBE0FBE2DBECA58DF4F0FB6F89416
:10F91000DEBF0FBECDBFDF91CF911F910F91FF9042
:10F92000EF90DF90CF90BF90AF909F908F907F909F
:10F930006F905F904F903F902F9008958091821725
:10F940009091831748161906A9F2439474CFCF9269
:10F95000DF92EF92FF920F93CF93DF93CDB7DEB795
:10F96000A3970FB6F894DEBF0FBECDBF6C0183E145
:10F97000E82E85E1F82E85E195E1D7018D939C93E2
:10F9800010928317109282170E94B67800E00E7FC3
:10F990000D7FD701ED91FC9183E2DE01119601907C
:10F9A0000D928A95E1F722E0A601BE016F5F7F4FBD
:10F9B00084EF92E00F94787ACE0101960E94BB7892
:10F9C000A3960FB6F894DEBF0FBECDBFDF91CF91E7
:10F9D0000F91FF90EF90DF90CF900895EF92FF92FC
:10F9E0000F93CF93DF93CDB7DEB7A3970FB6F894FD
:10F9F000DEBF0FBECDBF23E1E22E25E1F22E25E1D1
:10FA000035E1D7012D933C93109283171092821702
:10FA1000B0E0A0E0AC01BD01E5E0440F551F661F5A
:10FA2000771FEA95D1F7C9010F94B16E00E00E7F00
:10FA30000D7FD701ED91FC9183E2DE0111960190DB
:10FA40000D928A95E1F722E050E040E0BE016F5F41
:10FA50007F4F84EF92E00F94787ACE0101960E9456
:10FA6000BB78A3960FB6F894DEBF0FBECDBFDF9173
:10FA7000CF910F91FF90EF900895CF92DF92EF9288
:10FA8000FF920F93CF93DF93CDB7DEB7A3970FB657
:10FA9000F894DEBF0FBECDBF83E1C82E85E1D82E1E
:10FAA00085E195E1D6018D939C9322E8E22E27E132
:10FAB000F22EF701118210820E94B67800E00E7FCC
:10FAC0000D7FD601ED91FC9183E2DE01119601904C
:10FAD0000D928A95E1F721E050E040E0BE016F5FB2
:10FAE0007F4F84EF92E00F94787ACE0101960E94C6
:10FAF000BB78F70180819181A3960FB6F894DEBFA1
:10FB00000FBECDBFDF91CF910F91FF90EF90DF90AF
:10FB1000CF900895CF93DF938FE20E94C178C0E029
:10FB2000D9E080910A16C81760F4CD9FC001112456
:10FB300086549B4E0E94F68E8FE20E94C178CF5F62
:10FB4000F0CF80918114811106C08CE694E1DF91A1
:10FB5000CF910C94F68E81E894E1F9CFCF92DF92A9
:10FB6000EF92FF926B017C0188EA9CE00F94ABDD81
:10FB7000AB01BC014C0D5D1D6E1D7F1D88EA9CE034
:10FB8000FF90EF90DF90CF900D94F9DDCF93DF934E
:10FB9000EC010F94ABDD6F3F2FEF720782079207E6
:10FBA00049F440E050E0BA01CE010F94F9DD60E085
:10FBB00070E0CB01DF91CF910895E2E0F7E1408161
:10FBC000518162817381480F591F611D711D4083EE
:10FBD00051836283738308950F931F936091171766
:10FBE000709118178091191790911A1700916B0E48
:10FBF00010916C0E20916D0E30916E0E6017710792
:10FC00008207930739F140E00F94DF6B8823F9F006
:10FC100020911B1730911C1740910B1750910C1716
:10FC200060910D1770910E17421B530B61097109FA
:10FC3000413092E059076105710520F040E052E043
:10FC400060E070E04958514F9AE0FA0190831F91AB
:10FC50000F91089581E0FBCF2FB7F89480918F1713
:10FC6000909190172FBF089580918D17882329F0C8
:10FC7000813039F082E19DE502C082E39DE50C947C
:10FC8000607382E29DE5FBCFCF932091690E3091A6
:10FC90006A0E232BB9F42091670E3091680E232B46
:10FCA00089F42091650E3091660E205F3A4351F43D
:10FCB00090918D17981711F09F3F21F48091841730
:10FCC000823031F01092961710929517CF910895C7
:10FCD000809195179091961701968530910528F49B
:10FCE0009093961780939517F1CFC62F1092961781
:10FCF0001092951760938D1788E49DE00F94C7DDEF
:10FD00000F94DD1682E39DE5C13011F482E29DE59A
:10FD10000E946073CF910D94600D2F923F924F928D
:10FD20005F926F927F928F929F92AF92BF92CF928B
:10FD3000DF92EF92FF920F931F93CF93DF93CDB794
:10FD4000DEB7ED970FB6F894DEBF0FBECDBF1092B1
:10FD50000C1610920B161092D6161092D516809192
:10FD6000030180FDEFC089E09FE00F94A3DD382EF2
:10FD700082E0809396020F943D7D6C01009709F418
:10FD8000DEC08536910560F032E0331631F08FEB3E
:10FD90009CE50E9460730F940C36F4E6CF2ED12CB4
:10FDA000D0920C16C0920B166DE0662E66E1762E90
:10FDB000F12CE12C75E1A72E75E1B72E88248394F0
:10FDC000912C8091030180FDBDC00F94A04EE114E1
:10FDD000F10409F0D0C090E080E00F94A77C8091FE
:10FDE0007D1490917E14A0917F14B091801455E001
:10FDF000B695A795979587955A95D1F7F301819375
:10FE000091933F01FFEFEF1AFF0ACE14DF04C9F60A
:10FE100021E0E216F10409F492C032E0331609F44D
:10FE20008EC09093D6168093D5168FEA9CE50E94DB
:10FE30006073EE9C9001EF9C300D300D1124BC01DD
:10FE4000C901969587950F9484CD3FE0A32E36E1A6
:10FE5000B32E912C812CCC24C394D12CC4010F94AB
:10FE600055CD8C0C9D1CF5010190F081E02DF9AF72
:10FE7000E8AFCF010F94EE7C809181146CE674E1C1
:10FE8000882311F061E874E1CE0101960F940EE42D
:10FE900060907B1470907C142091791430917A14C6
:10FEA0003BAF2AAF2090B614BFAAAEAA86018091BC
:10FEB000030180FD47C00F94A04EC80101979DAF7C
:10FEC0008CAFEEA9FFA952904290FFABEEABC201FE
:10FED0000F94EE7C809181146CE674E1882311F01C
:10FEE00061E874E131108AC08091B614281283C091
:10FEF00080917B1490917C146816790609F06CC08F
:10FF00008091791490917A142AAD3BAD82179307B2
:10FF100008F066C0000F111FF801E35FF94E28AD2D
:10FF200039AD318320833FEFC31AD30A82E0A80E94
:10FF3000B11CEC14FD0409F091CF0F9476CD81E053
:10FF400080939602ED960FB6F894DEBF0FBECDBF3C
:10FF5000DF91CF911F910F91FF90EF90DF90CF90A5
:10FF6000BF90AF909F908F907F906F905F904F90D9
:10FF70003F902F90089540917D1450917E14609190
:10FF80007F1470918014B0921415A0921315909262
:10FF900083178092821785E195E10F94B16E1E7FE1
:10FFA0001D7FE0911315F091141583E2DE01119687
:10FFB00001900D928A95E1F7012F22E050E040E098
:10FFC000BE016F5F7F4F84EF92E00F94787ACE018D
:10FFD00001960E94BB7803CF8615970508F49ACF47
:10FFE000EEA9FFA9538242820CAD1DAD011511058A
:10FFF00009F05DCF8FCF222099F38CCF31E03312FF
:020000023000CC
:10000000EFCF8091B614281207C0CE0101960F944D
:10001000DCE397FDE5CF7ECF2110E2CF7BCFCF92FF
:10002000DF92EF92FF920F931F93CF93DF93CDB7A1
:10003000DEB7A3970FB6F894DEBF0FBECDBF7C012D
:10004000062F19821C828091181595E1C92E95E121
:10005000D92E811104C080EFC82E84E1D82E21E072
:10006000A701B601CE0101960F9450D7182F88230F
:1000700021F180910A16853000F529E0829FC001A8
:100080001124B70186549B4E0F940EE4C7010F94C0
:1000900032E480910A16863080F183E2FE013196C7
:1000A000A5E1B5E101900D928A95E1F7002309F4ED
:1000B0004CC00F948D7E102F0CC082EF99EA0E94E5
:1000C000DA7883ED90E70E94DA78C7010F94A8D61A
:1000D00010E0CE0101960E94BB78812FA3960FB647
:1000E000F894DEBF0FBECDBFDF91CF911F910F916E
:1000F000FF90EF90DF90CF9008958F5F80930A1666
:1001000093E28150C8F0282F30E0A9014F5F5F4F84
:10011000949FD001959FB00D1124A85CBA4E929F78
:10012000F001939FF00D1124E85CFA4E292F019005
:100130000D922A95E1F7E5CF83E2F601A8E3B5E158
:1001400001900D928A95E1F7A8CF81E08093B914D0
:10015000C0CF93E2E0EFF4E1A5E1B5E101900D92AB
:100160009A95E1F710920A1625E135E130931415BE
:100170002093131581110D948D7E81E08093B91425
:1001800008958F929F92AF92BF92CF92DF92EF929B
:10019000FF920F931F93CF93DF93CDB7DEB72D97C9
:1001A0000FB6F894DEBF0FBECDBF20EF34E1309321
:1001B000141520931315DC01ED91FC913097A1F4F7
:1001C00081E02D960FB6F894DEBF0FBECDBFDF9154
:1001D000CF911F910F91FF90EF90DF90CF90BF9044
:1001E000AF909F908F90089520812F3209F047C0E3
:1001F0006C0180E00F94A980F601008111810F5FEE
:100200001F4F95E1892E95E1992ED8018C91882375
:10021000B9F26FE270E0C8010F94FAE35C01009755
:1002200051F10817190738F57C01E01AF10ABDE011
:10023000EB16F10418F08CE0E82EF12CA701B801C0
:10024000CE0101960F9423E4E1E0F0E0EC0FFD1FF6
:10025000EE0DFF1D108260E0CE0101960F940F801D
:10026000882309F4AECF909214158092131585015E
:100270000F5F1F4FCACFF60111830083A1CF85E125
:1002800095E190931415809313159ACFBF92CF9256
:10029000DF92EF92FF920F931F93CF93DF931F9202
:1002A0001F92CDB7DEB720916B14222309F4EFC063
:1002B0007C018091FD16882309F404C16111F6C008
:1002C000D0901D17DD2021F080E199EA0E94947BF7
:1002D00082EF99EA0E94DA7887EF98EA0E94DA784A
:1002E000C7010E94F68E8CEE98EA0E94DA7800919F
:1002F0001D1725E5029F800111240E5D184E8FE227
:10030000F80181938F01CC24C39483E2B82E8091AD
:100310000A16D816B0F4DB9CC0011124B801885C21
:100320009A4E0F9492A4C8018C010196F801208185
:10033000222329F0F4E5FC1510F0C394F5CFD394F3
:10034000E6CF27E42C1508F4AEC0B8018AEF96E199
:100350000F9492A480911D17F5E58F9FC001112481
:100360008E5D984E0E94F68E86EE98EA0E94DA78AC
:1003700060917E1770917F178091801790918117FF
:100380004AE00F9492D20F94A5D680911D1724E0D5
:10039000829FF0011124E25EF84E40917E17509149
:1003A0007F1760918017709181174083518362831A
:1003B00073838F5F80931D178AEF96E10F946FA46C
:1003C00010926A14FA82E982CE0101960F94C180DC
:1003D000882309F45CC049815A816091131570919A
:1003E000141521E08AEF96E10F9450D7882309F481
:1003F00077C08AEF96E10F949B6D882309F470C053
:1004000080911B1790911C178958914F9093161744
:100410008093151789819A810F94A77C80910B177F
:1004200090910C17A0910D17B0910E17809377172C
:1004300090937817A0937917B0937A1786EB98EA80
:100440000E94DA780F948A7D8EEA98EA0E94DA7820
:1004500060917717709178178091791790917A173A
:100460004AE00F9492D20F94A5D610927E17109264
:100470007F17109280171092811780EA98EA0E94E5
:10048000057B80EA98EA0F94600D1092640E0F903D
:100490000F90DF91CF911F910F91FF90EF90DF9020
:1004A000CF90BF900895F801108254CF82EF99EA5F
:1004B0000E94DA7885ED98EA0E94DA78C7010F94F5
:1004C000A8D67ACF10921D1782EF99EA0E94DA78A7
:1004D00084EC98EA0E94DA78C7010F94A8D670CF0E
:1004E0008FEB90E70E94DA7889819A810E94F68EDC
:1004F0008EE20E94C1780F94A5D6C9CF0F942C59D3
:100500008AEF96E10F946FA480911D17882369F1FB
:10051000815080931D1725E5829FC001112461E061
:100520008E5D984E0F944681E0911D1784E0E89F00
:10053000F0011124E25EF84E608171818281938125
:1005400060937E1770937F17809380179093811725
:100550000F94057980916B14882371F081E080936A
:100560006A1485E08093630E089510926A1483E004
:100570008093630E0C944A890895CF92DF92EF9294
:10058000FF920F931F93CF93DF93082F10926B145A
:100590008091F314882321F080EF94E10F946FA4ED
:1005A0001092DA161092D7160F948B3FEB010F942E
:1005B000E376809104018064809304012398229A59
:1005C000219A209A289A85E08093D81682E58CBDDE
:1005D0001DBC1AE08FEF0F94C7A51150D9F72B9AC5
:1005E00020E030E0A90160E087ED96E10F94D3A50B
:1005F0008093D916813061F00F948B3F6C1B7D0B7B
:10060000613D774068F32B9881E08093D71622C034
:100610002B980F948B3FEB0183E998EA0E94057BAE
:100620008FEF0F94C7A50F94CCA58093D9168F3F59
:1006300059F18FEF0F94C7A50F948B3F6C1B7D0B67
:100640006232710580F382E08093D71682E898EADF
:100650000E94057B0F94E37682EF99EA0E94DA7894
:1006600082EB90E70E94057B80916B14882309F44C
:100670009AC0802FDF91CF911F910F91FF90EF9043
:10068000DF90CF900D94A9802AEA31E040E050E05D
:1006900068E087ED96E10F94D3A582FF2BC081E03F
:1006A0008093DA168091DA16C12CD12C7601823033
:1006B00029F4C12CD12CE12C80E4F82E20E030E08C
:1006C000A90167E387ED96E10F94D3A5A7019601F1
:1006D00069E287ED96E10F94D3A58093D91688231C
:1006E000B1F00F948B3F6C1B7D0B613D774030F375
:1006F0008AE08BCF14E00F94CCA58093D9161150CB
:10070000D1F78A3A11F082E080CF82E0C9CF8091A0
:10071000DA168230D1F420E030E0A9016AE387EDF7
:1007200096E10F94D3A5882311F088E06ECF0F9443
:10073000CCA5807C803C19F483E08093DA160F947A
:10074000CCA50F94CCA50F94CCA50F94E376109272
:10075000D81681E00F94DB7281110CC080E00F94F9
:10076000DB72811107C08AEC99EA0E94DA788FE97E
:1007700090E778CF6CED76E180EF94E10F941FA4C1
:10078000811107C08AEC99EA0E94DA788FE890E735
:1007900069CF81E080936B1482EF99EA0E94DA7846
:1007A00084E890E75FCFDF91CF911F910F91FF9089
:1007B000EF90DF90CF9008954F925F926F927F926B
:1007C0008F929F92AF92BF92CF92DF92EF92FF9261
:1007D0004B015C016091690E70916A0E072E000C4E
:1007E000880B990B0F9431D820E030E0A9010F94C9
:1007F000C0DF8823D1F01092620ECC24CA94DC2C86
:10080000760198EE492E93E0592E612C712C80913F
:10081000620E81110AC02FEFC216D206E206F2065E
:1008200089F48091610E8230B9F4FF90EF90DF90EF
:10083000CF90BF90AF909F908F907F906F905F9080
:100840004F900895F7FCF1CF0F948B3F6C197D0901
:10085000683B7B4030F3E9CF0F948B3F68197909EF
:100860008A099B09693E734081059105F0F18FE784
:1008700098EA0E94DA7860915D0E70915E0E809128
:100880005F0E9091600E41E00F942FD68BE798EAAF
:100890000E94DA7860E070E0CB010F94F7D287E72E
:1008A00098EA0E94DA78F7FC52C00F948B3F460119
:1008B000570158EB850E5BE0951EA11CB11CA501EC
:1008C0009401261B370B480B590BCA01B901A30130
:1008D00092010F9416DECA01B9010F94F7D20F945A
:1008E000A5D60F948B3F4B015C0190E080E00E9405
:1008F0003E943FEFC316D306E306F30609F046C065
:1009000080915C0E6091690E70916A0E882319F1D6
:10091000072E000C880B990B0F9431D820E030E0A3
:1009200040E85FE30F94CADE9B01AC0160915D0E6D
:1009300070915E0E80915F0E9091600E0F9454E165
:1009400087FD65CF0F948B3F6B017C0160CF8FE3F8
:100950000E94C178C4CF072E000C880B990B0F940E
:1009600031D820E030E040E85FE30F94CBDE9B011C
:10097000AC0160915D0E70915E0E80915F0E909162
:10098000600E0F94C0DF1816ECF641CFF7FC3FCF96
:100990006091690E70916A0E072E000C880B990BFE
:1009A0000F9431D89B01AC0160915D0E70915E0E89
:1009B00080915F0E9091600E0F94CADE9F7720E0C9
:1009C00030E040EA50E40F9454E118160CF01FCFC9
:1009D000B9CF1F93CF93DF93EC01162F809167134C
:1009E000833009F44EC08C3109F452C080918C13CD
:1009F00090918D138C179D0779F1D0938D13C0932F
:100A00008C1310938E13CE010F9461C3E82FF0E086
:100A1000EE0FFF1FE555F8458591949102960F94CE
:100A20004FC3C130D105C1F0CC3080E8D807A1F068
:100A3000C93280E8D80781F00F946BC2CE018827B5
:100A40009E77892B49F080919A1390919B13019680
:100A500090939B1380939A13809179138823D9F0F4
:100A600011E010935B0ECE010F94ECC58F3F99F00F
:100A700010937A1388E997EADF91CF911F910C9434
:100A8000057B109297130F9408BC1092590EAECFAD
:100A900010929613F8CF10927A1380915A0E81110A
:100AA00006C0CE01DF91CF911F910D94B2C4DF91AA
:100AB000CF911F9108952F923F924F925F926F9224
:100AC0007F928F929F92AF92BF92CF92DF92EF92DE
:100AD000FF920F931F93CF93DF9300D01F92CDB758
:100AE000DEB75C014B018091FD16813009F0DEC05C
:100AF0008091FB1681FFDAC082FDBCC07401212CFD
:100B000032E0332E00910217109103172091041741
:100B100030910517E114F10409F430C180911317E5
:100B200090911417DC0114967C907A94B901A80175
:100B300029E076956795579547952A95D1F77422C0
:100B40001170711025C00115110511F54091FE16A7
:100B50005091FF16609100177091011741155105D2
:100B60006105710509F0A8C080910F1790911017C9
:100B7000A0911117B09112170097A105B10509F0C6
:100B8000B4C08AEF96E10F94CCA4882309F48EC0F8
:100B9000C101801B910B67018E159F0508F46C0144
:100BA000E0911317F09114178091FE169091FF16A3
:100BB000A0910017B09101170297A109B1092585ED
:100BC00004C0880F991FAA1FBB1F2A95D2F746851C
:100BD000578560897189840F951FA61FB71F9C01D7
:100BE000AD01270D311D411D511D29013A01C114CF
:100BF00032E0D30609F08AC080916B0E90916C0EA2
:100C0000A0916D0EB0916E0E481659066A067B06CD
:100C100069F41092730E8FEF9FEFDC0180936B0EDF
:100C200090936C0EA0936D0EB0936E0E9501B30170
:100C3000A2018091740E9091750E0F9433A68823B3
:100C4000A9F18091021790910317A0910417B09118
:100C500005178C0D9D1DA11DB11D8093021790934A
:100C60000317A0930417B0930517AC0CBD1CEC1828
:100C7000FD0848CF40910B1750910C1760910D174C
:100C800070910E178091021790910317A09104178D
:100C9000B0910517481759076A077B0709F42ECF4B
:100CA0008AEF96E10F94B16E811128CF81E0809395
:100CB000FA168FEF9FEF81C09E012F5F3F4F0F9479
:100CC000AE6C882399F389819A81AB81BC81E091D4
:100CD0001317F09114172789203181F4883FEFEF23
:100CE0009E07A105B10508F04CCF8093FE169093A6
:100CF000FF16A0930017B09301174ACF883FFFEF6C
:100D00009F07AF07FFE0BF0780F33BCF0115110539
:100D100069F5409102175091031760910417709183
:100D2000051780910B1790910C17A0910D17B0919A
:100D30000E17481759076A077B07C0F00F94A06B7E
:100D4000882309F4B3CF81E08093730E40926B0E39
:100D500050926C0E60926D0E70926E0EA601B501EF
:100D6000C8018958914F0F94CCE36BCF41E0C30188
:100D7000B2010F94DF6B8111F1CF98CF80910B17E7
:100D800090910C17A0910D17B0910E178017910735
:100D9000A207B30768F48091FB1600930B1710931A
:100DA0000C1720930D1730930E1780688093FB1655
:100DB0008091FB1683FD18C0C4010F900F900F9017
:100DC0000F90DF91CF911F910F91FF90EF90DF90E7
:100DD000CF90BF90AF909F908F907F906F905F90DB
:100DE0004F903F902F9008958AEF96E10F947C6E7C
:100DF0008111E2CF5BCF0F93CF93DF93CDB7DEB7F7
:100E0000A3970FB6F894DEBF0FBECDBF20910B168F
:100E100030910C1682179307D8F4613031F42150C9
:100E20003109A901481B590BCA01880F991FFC0100
:100E3000E35FF94E808191810F94EE7CA3960FB60B
:100E4000F894DEBF0FBECDBFDF91CF910F91089513
:100E500045E155E15093141540931315821B930BF4
:100E6000019690938317809382174091D5165091E5
:100E7000D61685E0440F551F8A95E1F770E060E0D3
:100E800085E195E10F94B16E00E00E7F0D7FE0915A
:100E90001315F091141583E2DE01119601900D9265
:100EA0008A95E1F722E050E040E0BE016F5F7F4F9E
:100EB00084EF92E00F94787ACE0101960E94BB787D
:100EC000BDCF0F931F93CF93DF931F921F92CDB788
:100ED000DEB720916B14222369F18C018091FD16FD
:100EE000882379F18FEB96EA0E94057B10926A14B1
:100EF0001A830983CE0101960F94C1808823D1F013
:100F000049815A81609113157091141526E58AEF75
:100F100096E10F9450D7811122C08FEB90E70E9489
:100F2000DA7889819A810E94F68E8EE20E94C178D9
:100F30000F94A5D60F900F90DF91CF911F910F9135
:100F4000089510921D1782EF99EA0E94DA7884ECD6
:100F500098EA0E94DA78C8010F94A8D6C7CF81E03A
:100F60008093681489819A810F94A77C8DEA96EA10
:100F70000E94DA780F948A7D0F94A5D680EA98EAC9
:100F80000E94057B80EA98EA0F94600D1092640E2F
:100F9000D1CF0F931F93CF93DF93EC0184E0FE0139
:100FA00011928A95E9F723E030EA4AE050E960E3DC
:100FB00087ED96E10F94D3A5882391F023E030EAE2
:100FC0004AE050E961E187ED96E10F94D3A58823CB
:100FD00039F080E88093D7160F94E37680E02FC035
:100FE0000F948B3F8B010F94CCA58093D9168F3F24
:100FF00069F40F948B3F601B710B6D32714098F355
:1010000081E18093D7160F94E376E6CF8E3F11F0FF
:101010008FE0F7CF8E010C5F1F4F0F94CCA5899303
:10102000C017D107D1F7CEEFD1E00F94CCA521970F
:10103000E1F70F94E3768FEF0F94C7A581E0DF917E
:10104000CF911F910F9108958F929F92AF92BF926F
:10105000CF92DF92EF92FF920F931F93CF93DF9384
:101060001F92CDB7DEB76B017C0149015A010330F5
:1010700019F48CE58CBD1DBC81149104A104B1044C
:1010800009F459C08E2D0E943B788D2D0E943B782B
:101090008C2D0E943B78609111187091121880E29B
:1010A00090E00F940BDC10E119820130B1F188F16E
:1010B0000330B9F18FEFC81AD80AE80AF80A60912C
:1010C00011187091121880E290E00F940BDC898166
:1010D0000E943B78115081E0881A9108A108B1085C
:1010E0000FB607FE06C0C4019F71892B11F40F943F
:1010F000A04E81149104A104B10411F01111D4CFB8
:1011000060911118709112188AE090E00F940BDC36
:10111000B3CFF60180818983CDCFC6010F94A3DDC3
:10112000FACF21E030E0AE014F5F5F4FC701B6015B
:101130000E94DCE4BFCF0F90DF91CF911F910F9100
:10114000FF90EF90DF90CF90BF90AF909F908F90E7
:101150000895E7E0F1E080818E7F80839FB7F89467
:10116000E8E0F1E080818E7F80839FBF109284173A
:10117000089580918417833011F40F94A988809189
:1011800007018E7F809307019FB7F8948091080133
:101190008160809308019FBF84E897E10E94837576
:1011A00084E897E10E94837588E49DE00F94A3DDB5
:1011B00080938D170895CF92DF92EF92FF9269018D
:1011C0007A012DEC3CEC4CE45EE30F94CADE2DEC8E
:1011D0003CEC4CE45EE30F9470D82DEF3DEA40E028
:1011E0005DE30F94CBDEA70196010F9470D824E243
:1011F00030EF49E150E40F94CADFFF90EF90DF90A9
:10120000CF9008959FB7F89480E1E0E5F7E0A0E67D
:10121000B7E001900D928A95E1F79FBF089589E0AC
:1012200080937107E5EDF6EA859194910E946073D1
:101230000D94600DCF93C82F80937B1382EF99EAB2
:101240000E94DA7887EA96EA0E94DA788DE996EACF
:101250000E94DA788C2F90E0CF910D945E780F93F6
:101260001F93CF93DF9300D000D01F921F92CDB772
:10127000DEB708EE13E01D821E821F8218861982D7
:101280001A821B821C82AE014B5F5F4F6FE680E0CB
:101290000F94AC39AE014F5F5F4F6FE681E00F9462
:1012A000AC398D819E81AF81B885B7FD07C00F94A1
:1012B000264001501109F9F680E009C089819A8120
:1012C000AB81BC81B7FFF3CF0F94264081E0289615
:1012D0000FB6F894DEBF0FBECDBFDF91CF911F9147
:1012E0000F9108951F93CF93DF93EC01162F0F9466
:1012F0002C59FE0134962591359145915491FE016A
:1013000065917591859194910F942BC328961150F6
:1013100081F70F942C59DF91CF911F910D9429C320
:101320000E944568811104C08AE690E70F94600D21
:1013300010927107089580919413882311F081E031
:10134000089580E008952F923F924F925F926F929E
:101350007F928F929F92AF92BF92CF92DF92EF9245
:10136000FF920F931F93CF93DF93CDB7DEB72D97E7
:101370000FB6F894DEBF0FBECDBFE82E412C512C26
:1013800032016E3190F0693C08F068EC70E0685111
:101390007C4F90E080E00F942FD820E030E04AE7C7
:1013A00054E40F94CADF2B013C018091BF0290915D
:1013B000C002A091C102B091C20289839A83AB831B
:1013C000BC838091C3029091C402A091C5028D8319
:1013D0009E83AF8320E030E047EF50E069EE8E2D32
:1013E0000F94063A812C912C5401F12C10E001E06D
:1013F000D12C19862F2C312C8F2D8F71888781113C
:1014000003C0812C912C5401B101032C000C880BDA
:10141000990B0F9431D82BED3FE049EC50E40F9439
:1014200070D86A877B878C879D8720E030E0A90190
:10143000C301B2010F94C0DF81114DC02BED3FE01D
:1014400049E450E46A857B858C859D850F94CBDECD
:1014500020E030E040E85AE30F9470D80F948BE21C
:1014600020E030E048E753E40F9470D820E030E00B
:1014700040E05FE30F94CBDE0F9443E0CC24CA94AA
:10148000C60E8C2D9985891B8D15F9F0801709F4EE
:1014900071C08D150CF053C08823E9F1813009F437
:1014A00044C08F3F09F081C0E2E0F0E0EC0FFD1F87
:1014B000E10FF11D108200E0E5E0F0E0EC0FFD1F10
:1014C000E10FF11DF0821F5FD82E143008F456C0D2
:1014D0006CC0F82E8FCF20E030E040E85AE36A85F8
:1014E0007B858C859D850F9470D80F948BE2A3012A
:1014F00092010F943BE220E030E047E753E40F9481
:1015000070D820E030E040E05FE30F94CBDE0F9432
:1015100043E0C62EB6CFE2E0F0E0EC0FFD1FE10F96
:10152000F11D91E0908301E0C7CFE2E0F0E0EC0F25
:10153000FD1FE10FF11D92E0908302E0BDCF08177F
:10154000A4F5823009F480C0833009F488C081306A
:1015500061F5E2E0F0E0EC0FFD1FE10FF11D80838B
:1015600001E0D12CE5E0F0E0EC0FFD1FE10FF11DF3
:10157000F0821F5F1430C8F46894B7F888858F3103
:1015800009F078C0B101E5E075956795EA95E1F756
:10159000605A6068A50194018E2D0F94063A81E08F
:1015A0008F0DC9869FEFF91294CF2A8130E050E069
:1015B00040E082E0220F331F441F551F8A95D1F768
:1015C0008B80912CB12CA12C94E0880C991CAA1C26
:1015D000BB1C9A95D1F7822A932AA42AB52A89811D
:1015E000882A8C8190E0B0E0A0E09C01AD0166E02B
:1015F000220F331F441F551F6A95D1F72829392917
:101600004A295B298D81382B8E81482B8F81582B5D
:1016100068EE8E2D2D960FB6F894DEBF0FBECDBFAF
:10162000DF91CF911F910F91FF90EF90DF90CF90BE
:10163000BF90AF909F908F907F906F905F904F90F2
:101640003F902F900D94063AE2E0F0E0EC0FFD1F82
:10165000E10FF11D808302E0DD24D39483CFE2E02B
:10166000F0E0EC0FFD1FE10FF11D808303E0F2E0DD
:10167000DF2E78CFB694A7949794879490CF8F92CB
:101680009F92AF92BF92CF92DF92EF92FF92909192
:101690003B07882309F49DC0911192C00F942C59E7
:1016A0000E94EF686091940270919502072E000CE1
:1016B000880B990B0F9431D82091ED063091EE06EE
:1016C0004091EF065091F0060F9470D82AE037ED64
:1016D00043E25CE30F9470D820914B0730914C07A4
:1016E00040914D0750914E070F94CBDE60934B070E
:1016F00070934C0780934D0790934E078BE497E0CF
:101700000F94DFAAC0909002D0909102E0909202D4
:10171000F090930220E030E040E752E46091F1065F
:101720007091F2068091F3069091F4060F9470D8B0
:10173000609390027093910280939202909393022F
:1017400081E080933B0790E080E00E94BD6C20E048
:1017500030E0A9016091F5067091F6068091F706D8
:101760009091F8060F94C0DF882311F10F942C5943
:101770002091F5063091F6064091F7065091F80653
:1017800060914707709148078091490790914A07F7
:101790000F94CADE60934707709348078093490708
:1017A00090934A070F944EB990E080E00E94BD6C80
:1017B000C0929002D0929102E0929202F092930233
:1017C000FF90EF90DF90CF90BF90AF909F908F9061
:1017D00008959923A9F30F942C590E94EF688090E3
:1017E000900290909102A0909202B090930220E01B
:1017F00030E040E752E46091FD067091FE06809172
:10180000FF06909100070F9470D860939002709338
:1018100091028093920290939302C090F506D0902B
:10182000F606E090F706F090F80620E030E0A90117
:10183000C701B6010F94C0DF8823E1F0A70196012C
:1018400060914707709148078091490790914A0736
:101850000F94CBDE60934707709348078093490746
:1018600090934A070F944EB990E080E00E94BD6CBF
:101870000F942C592091F9063091FA064091FB06FD
:101880005091FC066091ED067091EE068091EF0696
:101890009091F0060F94CBDE6B017C016091940275
:1018A00070919502072E000C880B990B0F9431D87C
:1018B0009B01AC01C701B6010F9470D82AE037ED47
:1018C00043E25CE30F9470D89B01AC0160914B073D
:1018D00070914C0780914D0790914E070F94CADE8E
:1018E00060934B0770934C0780934D0790934E077E
:1018F0008BE497E00F94DFAA10923B0790E080E022
:101900000E94BD6C8092900290929102A0929202ED
:10191000B092930255CFEF92FF920F931F93CF9304
:10192000C82F8B0180910901C130B9F0C230C1F0DC
:101930008170481721F0642F8C2F0F9469398BE93F
:10194000E82E8FE0F82E0150110970F08C2F0F94C3
:101950005839C7010197F1F7F6CF86958C27E8CF64
:1019600082FB882780F9E5CFCF911F910F91FF90DF
:10197000EF9008958F929F92AF92BF92CF92DF9295
:10198000EF92FF920F931F93CF93C82F8A01C62E19
:10199000D12C1F934F9383E08F9388EE8F931F92E8
:1019A00082E08F931F926F931F92CF9384E695EA04
:1019B0009F938F930F9465DC8DB79EB70C960FB6EF
:1019C000F8949EBF0FBE8DBF90E080E040E051E0F4
:1019D000282FBA01082E02C0769567950A94E2F77F
:1019E0000617170729F001968830910589F728E036
:1019F000E22EF12C88E090E08E199F0924E030E07F
:101A0000590102C0AA0CBB1C8A95E2F78C2F0F94D7
:101A1000303ACC2329F02EEF2C0F60E0223008F46E
:101A200061E00E2C02C0969587950A94E2F7860134
:101A3000081B190BC501969587958017910774F1BE
:101A400081E0682717FF05C081E06827119501959F
:101A500011098C2F0F9469398C2F0F94303AB12CC7
:101A6000A12C2BE9822E2FE0922EA016B106D9F0E0
:101A70002FEFA21AB20A0E2C02C0969587950A94EF
:101A8000E2F78C159D0579F08C2F0F945839C4011D
:101A90000197F1F78C2F0F94303AE7CFC501801BE7
:101AA000910B8C01CFCFCF911F910F91FF90EF90B1
:101AB000DF90CF90BF90AF909F908F90089510923D
:101AC0009C13EDE9F3E184ECDF011D928A95E9F7BF
:101AD00008952F923F924F925F926F927F928F92D2
:101AE0009F92AF92BF92CF92DF92EF92FF920F93AD
:101AF0001F93CF93DF9300D01F92CDB7DEB74B017A
:101B00005C01042F81E0809369068091680610E0F3
:101B1000813019F40E94656711E020918F022A83B9
:101B200081E080938F0280E00F945A6489830F9440
:101B300068648092470790924807A0924907B09244
:101B40004A0765E575E585E591E40F944BC30F946D
:101B5000B6C90F9468648C83882309F4F9C0809116
:101B6000060186FFF5C01B82C12CD12C7601312CD9
:101B70008B81801708F0A8C06091470770914807D3
:101B80008091490790914A0720E030E040E05FE310
:101B9000311004C02DEC3CEC4CE45EE30F94CBDE42
:101BA0002B013C0140924707509248076092490739
:101BB00070924A0765E575E585E591E40F944BC39E
:101BC0008092470790924807A0924907B0924A072F
:101BD00065E575E585E590E40F944BC30F94B6C9B0
:101BE000A3019201609147077091480780914907CE
:101BF00090914A070F94CADE9F772DEC3CEC4CEC99
:101C00005CE30F94C0DF87FF16C060E070E080E007
:101C10009FE30E94966E8092470790924807A09299
:101C20004907B0924A0765E575E585E590E40F94AC
:101C30004BC30F94B6C90F946864282E882309F407
:101C400087C08091060186FF83C04090470750906F
:101C500048076090490770904A072B812223D9F0EA
:101C6000622F70E090E080E00F9431D89B01AC01CE
:101C7000C701B6010F94CADF9B01AC01C301B201D9
:101C80000F94CADE9F772DEC3CEC4CE45DE30F949F
:101C900054E1181664F0A3019201C701B6010F9434
:101CA000CBDE6B017C012B812F5F2B8361CF311049
:101CB0004FC084EF91E00E943E94322C8FEF8B83D3
:101CC000C12CD12C7601EFCF023068F5C0924707C6
:101CD000D0924807E0924907F0924A078A818093A0
:101CE0008F0289810F945A64112319F080E00E94B9
:101CF0006567109269068C810F900F900F900F907E
:101D0000DF91CF911F910F91FF90EF90DF90CF90D7
:101D1000BF90AF909F908F907F906F905F904F900B
:101D20003F902F900895602F70E090E080E00F9436
:101D30002FD89B01AC01C701B6010F94CADF609395
:101D40004707709348078093490790934A07C6CF87
:101D50002A8120938F0289810F945A64112319F0EC
:101D600080E00E946567109269061C82C4CF2F92A2
:101D70003F924F925F926F927F928F929F92AF921B
:101D8000BF92CF92DF92EF92FF920F931F93CF9368
:101D9000DF93CDB7DEB7CD5BD1400FB6F894DEBF91
:101DA0000FBECDBFC357DE4F99838883CD58D14036
:101DB000C157DE4F79836883CF58D140CE56DE4F6E
:101DC00059834883C259D14084E1CF56DE4F88837E
:101DD000C159D140CE56DE4FA881B981C259D140F8
:101DE0008D919D910D90BC91A02DC656DE4F88839C
:101DF0009983AA83BB83CA59D140C157DE4FA881BA
:101E0000B981CF58D1408D919D910D90BC91A02D5D
:101E1000CA54DE4F88839983AA83BB83C65BD140B3
:101E2000C357DE4FA881B981CD58D1408D919D9186
:101E30000D90BC91A02DC654DE4F88839983AA8350
:101E4000BB83CA5BD140FE01E75FFE4FC855DE4F42
:101E5000F983E883C85AD140CE018B579F4FCA55AA
:101E6000DE4F99838883C65AD140DE011196C85649
:101E7000DE4FB983A883C859D140312C212CB10140
:101E8000032C000C880B990B0F9431D82AE138EF02
:101E900042E45EE30F9470D86B017C010F948BE2F7
:101EA000C256DE4F688379838A839B83CE59D140A3
:101EB000C701B6010F94C5DFCE55DE4F6883798325
:101EC0008A839B83C25AD1409B01AC01C656DE4F28
:101ED000688179818A819B81CA59D1400F9470D8D9
:101EE000C654DE4F288139814A815B81CA5BD1406B
:101EF0000F94CBDE6B017C0120E030E0A9010F9450
:101F0000C0DF18160CF07AC2C256DE4F2881398124
:101F10004A815B81CE59D140C656DE4F68817981B6
:101F20008A819B81CA59D1400F9470D8CA54DE4F20
:101F3000288139814A815B81C65BD1400F94CBDE19
:101F40004B015C0120E030E0A9010F94C0DF1816BE
:101F50000CF054C220E030E048EF51E4C701B60174
:101F60000F9454E187FF4AC220E030E048EF51E48B
:101F7000C501B4010F9454E187FF40C2C701B60107
:101F80000F9472E09B01AC01C701B6010F94CADE49
:101F90002B013C01C501B4010F9472E09B01AC011F
:101FA000C501B4010F94CADECC56DE4F6883798335
:101FB0008A839B83C459D140A301920160E070E001
:101FC00080E89FE30F94CADEC255DE4F68837983B1
:101FD0008A839B83CE5AD140CC56DE4F28813981EB
:101FE0004A815B81C459D14060E070E080E89FE3A2
:101FF0000F94CADECE54DE4F688379838A839B8335
:10200000C25BD140C701B6010F9443E06B01FB01F5
:102010003196C655DE4FF983E883CA5AD140C501CF
:10202000B4010F9443E08B0195E0000F111F9A95C6
:10203000E1F7C8018096C455DE4F99838883CC5A56
:10204000D140F801EC0DFD1DEE58F84F608170E0B5
:1020500090E080E00F9431D84B015C01CE54DE4F0C
:10206000288139814A815B81C25BD140C255DE4FF4
:10207000688179818A819B81CE5AD1400F9470D832
:102080009B01AC01C501B4010F9470D84B015C01F8
:10209000C455DE4FE881F981CC5AD140EC0DFD1DCD
:1020A000EE58F84F608170E090E080E00F9431D8F6
:1020B0006B017C01C255DE4F288139814A815B81E9
:1020C000CE5AD140CC56DE4F688179818A819B817E
:1020D000C459D1400F9470D89B01AC01C701B6011F
:1020E0000F9470D89B01AC01C501B4010F94CBDEF5
:1020F0006B017C01C655DE4FA881B981CA5AD14017
:102100000A0F1B1FF801EE58F84F608170E090E055
:1021100080E00F9431D84B015C01CE54DE4F288112
:1021200039814A815B81C25BD140C301B2010F9406
:1021300070D89B01AC01C501B4010F9470D89B010C
:10214000AC01C701B6010F94CBDE6B017C01C65513
:10215000DE4FE881F981CA5AD140C455DE4F8881EB
:102160009981CC5AD140E80FF91FEE58F84F6081A1
:1021700070E090E080E00F9431D84B015C01CC56C8
:10218000DE4F288139814A815B81C459D140C30126
:10219000B2010F9470D89B01AC01C501B4010F943A
:1021A00070D89B01AC01C701B6010F94CBDE20E0D3
:1021B00030E040E052E40F94CADE6B017C01AC01D8
:1021C0009B01CE55DE4F688179818A819B81C25AFD
:1021D000D1400F9470D8C855DE4FA881B981C85A34
:1021E000D1406D937D938D939D93C855DE4FB983F8
:1021F000A883C85AD140A7019601C256DE4F688114
:1022000079818A819B81CE59D1400F9470D8CA556B
:10221000DE4FE881F981C65AD14061937193819371
:102220009193CA55DE4FF983E883C65AD140C85608
:10223000DE4FA881B981C859D140CD92DD92ED928F
:10224000FD92C856DE4FB983A883C859D140BFEF6D
:102250002B1A3B0AE1E22E16310409F010CE40E0C1
:1022600050E060E07DE3CE01875F9E4F0F94F46FF6
:102270009B01AC01C357DE4FA881B981CD58D14035
:102280006D917D918D919C910F94CBDEC357DE4F64
:10229000E881F981CD58D140608371838283938333
:1022A00040E050E060E07DE3CE018B579F4F0F94FC
:1022B000F46F9B01AC01C157DE4FA881B981CF58A3
:1022C000D1406D917D918D919C910F94CBDEC15742
:1022D000DE4FE881F981CF58D140608371838283DA
:1022E000938340E050E060E87CE3CE0101960F94D8
:1022F000F46FCE56DE4FA881B981C259D1402D91DD
:102300003D914D915C910F94CBDE162F072FF82E47
:10231000E92E20E030E040E050E40F94C0DF1816D2
:102320002CF010E000E0F12C80E4E82EA8019701E9
:10233000852F902FA32FBE2DCE56DE4FE881F98139
:10234000C259D14080839183A283B383CF56DE4F9D
:10235000F881C159D140F150CF56DE4FF883C159B1
:10236000D140F11137CDEF92FF920F931F93C157D8
:10237000DE4FA881B981CF58D14013968C91139725
:102380008F9312968C9112978F9311968C9111972F
:102390008F938C918F93C357DE4FE881F981CD588D
:1023A000D14083818F9382818F9381818F938081AC
:1023B0008F9388E495EA9F938F930F9465DC0FB613
:1023C000F894DEBF0FBECDBFC354DE4F0FB6F894F6
:1023D000DEBF0FBECDBFDF91CF911F910F91FF9058
:1023E000EF90DF90CF90BF90AF909F908F907F90B5
:1023F0006F905F904F903F902F90089560E070E055
:10240000CB01D5CE2F923F924F925F926F927F92E7
:102410008F929F92AF92BF92CF92DF92EF92FF92F4
:102420000F931F93CF93DF9300D01F921F92CDB7CE
:10243000DEB72B011A01F12CE12C1C821D8210E069
:1024400050E066246394712C70E060E097012E5890
:10245000384F3A832983862EC980DA80C60ED71E6C
:10246000FC0100E040E030E020E0AEEFA40FAB83E1
:10247000442319F04B3009F07DC0AEEFA20FA83015
:1024800008F47AC02F5F3F4F2C30310589F74F5F3A
:1024900020E2C20ED11C32964C3029F73C81301715
:1024A00018F40C835D83182D6F5F7F4F64317105C5
:1024B00091F65F5FA0E2EA0EF11C543129F6EC813F
:1024C0006E2F70E090E080E00F9431D823EC35EF70
:1024D00048EA5FE30F94CADF9F938F937F936F93D4
:1024E000FD816F2F70E090E080E00F9431D820E004
:1024F00030E040EB50E40F94CBDE9F938F937F93BB
:102500006F93612F70E090E080E00F9431D820E06D
:1025100030E040EB50E40F94CBDE9F938F937F939A
:102520006F9384E295EA9F938F930F9465DCF20199
:1025300010832D81F10120830FB6F894DEBF0FBE0A
:10254000CDBF8C810F900F900F900F900F90DF9167
:10255000CF911F910F91FF90EF90DF90CF90BF90A0
:10256000AF909F908F907F906F905F904F903F9033
:102570002F900895222311F02B3021F4AB81A83045
:1025800008F080CF99249394D601A20FB31FAC9189
:10259000A13108F4912CA080B180D301022E02C099
:1025A000AA0FBB1F0A94E2F7AA21BB21BB24B39454
:1025B000AB2B09F4B12C9B1065CF0F5F63CF2F922B
:1025C0003F924F925F926F927F928F929F92AF92C3
:1025D000BF92CF92DF92EF92FF920F931F93CF9310
:1025E000DF93CDB7DEB7CA55D1090FB6F894DEBF79
:1025F0000FBECDBF63969FAF8EAF63978B016A010D
:102600007E0125E4E20EF11C80E197E2F70191835F
:10261000808383E195EA9F938F930F9465DC22E793
:1026200037E061963FAF2EAF6197C801805E93405F
:102630002B969FAF8EAF2B970F900F90E0E4F0E0BA
:102640002996FFAFEEAF299763962EAD3FAD639706
:10265000205E334069963FAF2EAF699729964EAC06
:102660005FAC2997312C63968EAD9FAD63978052F6
:102670009C4F6B969FAF8EAF6B9760906807709082
:10268000690780906A0790906B076B96AEACBFAC01
:102690006B97311004C06996AEACBFAC699780915E
:1026A000600790916107A0916207B0916307F501FF
:1026B000E81BF90BCF0171F0AF01F7FF04C044270D
:1026C00055274E1B5F0B692F661F6627661F81E02B
:1026D0000F941B758091640790916507A091660720
:1026E000B09167072B964EAD5FAD2B97481B590BEA
:1026F00057FDB2C060E04115510509F0AEC08091B0
:10270000680790916907A0916A07B0916B07681AF2
:10271000790A77FCABC060E06114710409F0A7C0CE
:10272000409168075091690760916A0770916B0743
:1027300000E028EC30E02B966EAD7FAD2B97C50105
:102740000E9469E3632D80E00F94776B5F924F9254
:102750008FE095EA9F938F930F9465DC63E084E0AC
:102760000E94946F5F924F9280E095EA9F938F93BF
:102770000E946D6F0FB6F894DEBF0FBECDBF21E093
:1027800030E0311002C02FEF3FEF40EC4203C001B8
:10279000439F900D112467969FAF8EAF679740EED1
:1027A00053E0249F4001259F900C349F900C1124EE
:1027B0006396EEADFFAD63978E0E9F1E9E012F5F59
:1027C0003F4F2D963FAF2EAF2D9761968EAD9FADAB
:1027D00061972F969FAF8EAF2F97712C612CE0E100
:1027E000F7E22796FFAFEEAF2797809160079091B1
:1027F0006107A0916207B09163078401081B190B60
:1028000017FF03C01195019511099801359527957A
:1028100065963FAF2EAF65971C9B33C045E0242ED5
:102820006596AEACBFAC6597632D822D0E9410E318
:1028300031E0A31AB10840F128EC30E0A70168EEBE
:1028400073E0822D0E94E1E1632D822D0E9429E335
:10285000EFCF3324339411CF62E057FF03C051957B
:102860004195510982E00F941B7549CF64E0A301A3
:1028700077FE03C051954195510984E00F941B7573
:102880004FCF22242394CCCF6596EEADFFAD659754
:102890000E1B1F0B23961FAF0EAF2397632D822DA8
:1028A0000E9410E39E012F5B3F4FA70168EE73E08B
:1028B000822D0E9487E2882329F0632D822D0E94B9
:1028C00029E3F0CF60E082E00F94776B20E137E2FC
:1028D00027963FAF2EAF27970091680710916907A1
:1028E00020916A0730916B07005A164F17FF02C0FC
:1028F0000F5F1F4F159507958091680790916907A5
:10290000A0916A07B0916B0780179107F4F41C9BA4
:102910001CC028EC30E0A70168EE73E084E00E9460
:10292000E1E18091680790916907A0916A07B091F1
:102930006B070196A11DB11D8093680790936907ED
:10294000A0936A07B0936B07D7CF1C9B3FC08091C1
:10295000680790916907A0916A07B0916B07E0E65C
:10296000F9E0E81BF90BCF01F7FF02C090E080E02F
:1029700025969FAF8EAF25971C9B28C08091680736
:1029800090916907A0916A07B0916B0780369940D2
:10299000ECF49E012D5B3F4FA70168EE73E084E0ED
:1029A0000E9487E28091680790916907A0916A0769
:1029B000B0916B070196A11DB11D8093680790939C
:1029C0006907A0936A07B0936B07D6CF60E084E0F5
:1029D0000E9410E3F701208131812031F7E23F07A7
:1029E00058F4A70168E17CEF84E00E94E1E160E037
:1029F00084E00E9429E3EECF61E082E00F94776BE0
:102A000020E137E2F70131832083009168071091BC
:102A1000690720916A0730916B070C0D1D1D17FF88
:102A200002C00F5F1F4F1595079580916807909121
:102A30006907A0916A07B0916B07081719070CF096
:102A4000D9C01C9BBBC000916807109169072091F9
:102A50006A0730916B071C9928C080916807909194
:102A60006907A0916A07B0916B078C199D0997FFC0
:102A700002C090E080E025969FAF8EAF25971C990D
:102A80000CC08091680790916907A0916A07B09186
:102A90006B07C816D9060CF4AFC0009168071091F7
:102AA000690720916A0730916B07809168079091C0
:102AB0006907A0916A07B0916B07C816D9063CF464
:102AC000F701808191818031974208F4B2C00C19DE
:102AD0001D093110CAC0F301EE0FFF1F21E030E0E5
:102AE0002C0F3D1FE20FF31F11830083FFEF6F1ABE
:102AF0007F0A67962EAD3FAD6797820E931E2D9687
:102B00008EAD9FAD2D9702972D969FAF8EAF2D97CF
:102B10002F96EEADFFAD2F9731972F96FFAFEEAF0B
:102B20002F97F0E26F16710409F059CE21E0421A96
:102B3000510831E033128DCE61968EAD9FAD619715
:102B4000809661969FAF8EAF61972B96EEADFFADED
:102B50002B97E05CFF4F2B96FFAFEEAF2B9729969C
:102B60002EAD3FAD29972250310929963FAF2EAFA8
:102B70002997232B09F072CD8EEF94EA9F938F93C0
:102B80000F9465DC0F900F90C65ADF4F0FB6F89484
:102B9000DEBF0FBECDBFDF91CF911F910F91FF9090
:102BA000EF90DF90CF90BF90AF909F908F907F90ED
:102BB0006F905F904F903F902F90089528EC30E0F9
:102BC000A70168EE73E084E00E94E1E1809168076C
:102BD00090916907A0916A07B0916B070197A109CD
:102BE000B1098093680790936907A0936A07B0932F
:102BF0006B071BCF86012FCF9E012D5B3F4FA70197
:102C000068EE73E084E00E9487E28091680790910B
:102C10006907A0916A07B0916B070197A109B109F3
:102C20008093680790936907A0936A07B0936B0736
:102C300026CF28EC30E0A70168E17CEF84E00E9419
:102C4000E1E18091680790916907A0916A07B091CE
:102C50006B070197A109B1098093680790936907F1
:102C6000A0936A07B0936B0720CF2D96EEADFFAD12
:102C70002D9786AD97AD012E000C220B330B080F5C
:102C8000191F211D311D36952795179507950F3F63
:102C900011052105310529F020F00FEF10E020E0AB
:102CA00030E02F96EEADFFAD2F97078F1FCF2F92FD
:102CB0003F924F925F926F927F928F929F92AF92CC
:102CC000BF92CF92DF92EF92FF920F931F93CF9319
:102CD000DF93CDB7DEB76C970FB6F894DEBF0FBEAB
:102CE000CDBF6C015B014A01190118870F83FA827D
:102CF000E982D7018D919C9160ED72E00F946CDEBA
:102D00009C8F8B8F9F938F933F922F931F9284E67C
:102D10008F939F928F92BF92AF92DF92CF9286EC69
:102D200094EA9F938F930F9465DC0FB6F894DEBFFF
:102D30000FBECDBF22273327221933093A8F298F9F
:102D4000C401990CAA0BBB0B89879A87AB87BC87F8
:102D50009501BB0C440B550B298B3A8B4B8B5C8B31
:102D6000C601DD0CAA0BBB0B8D8B9E8BAF8BB88F76
:102D7000121413040CF0BAC08B8D9C8D6CE370E0C0
:102D80000F946CDE10E1161B2B8D3C8DD1010F943E
:102D9000C3DE0F942FD820E030E044E354E40F94D6
:102DA000CADF6B017C016F817885EB8DFC8D6E0F26
:102DB0007F1F90E080E00F942FD825E33AEF4EE894
:102DC0005CE30F9470D84B015C010F94C5DF6B83FB
:102DD0007C838D839E83C501B4010F948BE22B010C
:102DE0003C0169857A858B859C850F9431D84B0190
:102DF0005C012B8D3C8DA4E6B0E00F9443DE0F9474
:102E000031D820E030E044E354E40F94CADF9B0162
:102E1000AC01C501B4010F94CADE0F943CE06D878C
:102E20007E878F87988B69897A898B899C890F9493
:102E300031D84B015C01A3019201C701B6010F9487
:102E400070D89B01AC01C501B4010F94CBDE0F9487
:102E50003CE04B016D897E898F89988D0F9431D824
:102E60002B013C01A70196016B817C818D819E81A4
:102E70000F9470D89B01AC01C301B2010F94CBDE5B
:102E80000F943CE0CB0101E020E431E04D855E850C
:102E9000B4010E9469E3212F30E08823B9F14B8D02
:102EA0005C8D420F531F4F5F5F4F5C8F4B8FEB8DDD
:102EB000FC8DA981BA81ED93FC936C960FB6F894C2
:102EC000DEBF0FBECDBFDF91CF911F910F91FF905D
:102ED000EF90DF90CF90BF90AF909F908F907F90BA
:102EE0006F905F904F903F902F9008952FEC32E0BD
:102EF000AB8DBC8D2A1B3B0BC9016CE370E00F94BA
:102F00006CDE10E1161BA98DBA8D41CF2F5F3F4FAC
:102F1000AB8DBC8DA20FB31FBC8FAB8FA03DB24059
:102F200008F426CFC4CF1F93CF93DF9300D01F9216
:102F30001F92CDB7DEB7162F482F62E5CE0101965E
:102F40000F9407C349815A816B817C818D810F94D5
:102F50009971109328130F900F900F900F900F906E
:102F6000DF91CF911F91089510927313E0E9F9EA70
:102F7000849167E00D949397E0917313AE2FB0E0C6
:102F8000AA0FBB1FA359BC4E20914013309141138F
:102F90002D933C93EF5FE0937313E23040F4F0E045
:102FA000E958F645849168E00F94939788E0089576
:102FB000E0917313AE2FB0E0A659BC4E8091401340
:102FC0008C93EF5FE0937313E33040F01092731330
:102FD000E7E7F9EA849168E00D949397F0E0E05711
:102FE000F645849167E0F8CFCF93DF9300D000D00F
:102FF00000D01F92CDB7DEB780912F13823409F431
:1030000046C0B8F5882309F472C084E08093271382
:1030100085E0EFE2F3E1DE01169601900D928A95CC
:10302000E1F785E0FE013696AAE2B3E101900D9248
:103030008A95E1F740E060E0CE0101960F9407C366
:1030400085E0FE013196AFE2B3E101900D928A95E1
:10305000E1F785E08093281340912A1350912B13B8
:1030600060912C1370912D1380912E130F949971F0
:103070002EC08235B1F1873541F6609131137091E0
:1030800032134CE0809130130F94047211C04091C0
:10309000301362E4CE0101960F9407C349815A812F
:1030A0006B817C818D810F9499718AE080932813C4
:1030B00040E060E0CE0101960F9407C385E0FE0179
:1030C0003196AFE2B3E101900D928A95E1F781E08C
:1030D0002A960FB6F894DEBF0FBECDBFDF91CF9119
:1030E00008956BE0809130130F949397E1CF80E0C7
:1030F000EFCFCF93DF9300D01F921F92CDB7DEB7F3
:1031000049835A836B837C838D8385E0FE013196EE
:10311000AFE2B3E101900D928A95E1F78091281317
:1031200087FF09C00F900F900F900F900F90DF91C5
:10313000CF910D94F4970F900F900F900F900F90E8
:10314000DF91CF9108951F93CF93DF9300D01F920B
:103150001F92CDB7DEB7182F482F63E5CE01019639
:103160000F9407C349815A816B817C818D810F94B3
:103170009971109328130F900F900F900F900F904C
:10318000DF91CF911F910895CF93DF9300D01F92CD
:103190001F92CDB7DEB740E061E5CE0101960F94F6
:1031A00007C349815A816B817C818D810F9499710C
:1031B00084E0809328130F900F900F900F900F9042
:1031C000DF91CF910895CF93DF9300D01F921F928C
:1031D000CDB7DEB70F945FC380936913482F66E6BF
:1031E000CE0101960F9407C349815A816B817C817E
:1031F0008D810F94997186E0809328130F900F9022
:103200000F900F900F90DF91CF910895CF93DF93A0
:1032100000D01F921F92CDB7DEB780913F13853447
:10322000F1F020F4823451F185E011C0863471F15F
:103230008035D1F7809140138093671381E090E04F
:1032400090936613809365130F94E39880E00F903A
:103250000F900F900F900F90DF91CF9108958CE019
:10326000809367138091401390914113909366135C
:10327000809365130F94E39887E0E9CF8091401322
:10328000809368130F94E3988BE0E1CF90912A1319
:1032900080913A13981322C090912B1380913B1385
:1032A00098131CC01092671381E090E0909366130E
:1032B0008093651382E88093281340E060E0CE019C
:1032C00001960F9407C385E0FE013196AAE2B3E1AF
:1032D00001900D928A95E1F782E0B9CF83E0B7CFF4
:1032E0001F93CF93DF9300D01F921F92CDB7DEB70D
:1032F00080915B0E81112AC010918F131F3F91F5B1
:1033000080918E13811160C01F3FB9F081E090E081
:10331000909326138093251390938D1380938C1391
:103320008FEF80938E13133009F482C0F8F01630BB
:1033300008F47BC0173009F47EC00F900F900F90F7
:103340000F900F90DF91CF911F91089580918C1372
:1033500090918D130F94ECC5182F10925B0E8F3F38
:1033600079F6CACF8FEF80938F13CACF8CE098EA9B
:103370000E94DA78812F90E00F945E780F943B9F43
:1033800080918E13813089F485E098EA0F944FC3C1
:10339000412F62E4CE0101960F9407C349815A81FF
:1033A0006B817C818D810F94799880918C139091A1
:1033B0008D13843020E8920721F08930904809F07D
:1033C000BCCF0F942C74B9CF193008F0B6CFE12FD1
:1033D000F0E08827E151F6468E4F0D94B3DEAE3A09
:1033E000AE3AAE3A2C3B6E3B6E3B8E39D4399439B3
:1033F00080918C1390918D13873820E8920721F0EB
:103400008730914809F099CF80912713843021F4B7
:1034100080912A13811191CF81E080935A0E60E050
:1034200088E19BE30F948FD088CF1093921385CFC0
:103430000F9414C382CF10929413109242131092DF
:10344000271360E08CEA9CE00F94C7DD0F944C7862
:1034500074CF4F925F926F927F928F929F92AF92B2
:10346000BF92CF92DF92EF92FF920F931F93CF9371
:10347000DF93CDB7DEB7A0970FB6F894DEBF0FBECF
:10348000CDBF082F0F9470998091281387FD0F945A
:10349000F4979091281397FF7DC080912713823075
:1034A000B1F008F475C08330E1F1843009F454C000
:1034B0000F94F49781116BC382E08093421383E0F1
:1034C0008093271382E88093281312E0DBC20F94C5
:1034D0008B3FAB01BC018091341390913513A091C7
:1034E0003613B091371388519C4FAF4FBF4F4817D9
:1034F00059076A077B0708F44BC08EE692E10F94E8
:10350000CFDB0196D1F781E080934213809327139C
:103510001092491386E08093291380E00F94A398BA
:1035200037C0923829F60F948B3FAB01BC018091D4
:10353000341390913513A0913613B09137138851FD
:103540009C4FAF4FBF4F481759076A077B0708F4D6
:10355000AFCF0F94C4981CC00F948B3FAB01BC013C
:103560008091341390913513A0913613B091371395
:1035700088519C4FAF4FBF4F481759076A077B07C9
:1035800040F70F945FC39091691389130F94E398E8
:1035900010E078C2A12CD12CC12C9924939455E031
:1035A000B52E63E0862E74E0772EE2E06E2E66C0C4
:1035B000233009F4E0C0243009F083C020ED280F47
:1035C0002A3008F4F8C02FE9280F263008F4F3C099
:1035D0008A3009F0FAC040904E138AE493E10F94C8
:1035E000F6C24812B8C01092491388E0EAE4F3E149
:1035F000DE01519601900D928A95E1F788E0FE0177
:103600007196DE01599601900D928A95E1F788E056
:10361000FE017996AAE3B3E101900D928A95E1F754
:103620008CE38983FE013296A2E5B3E120E0CF016D
:10363000521609F4CDC03D9140EE430F403608F0DC
:103640003EE231932F5FF4CF8E3408F056C08B34B6
:1036500008F046C0823409F443C0E0F58A3059F0DE
:103660008D3049F0B0924913A11005C11F3609F001
:10367000FCC3AA24A3944FEFC41AD40A8EE692E1A5
:103680000F94CFDB97FD00C1182F2091621330E01B
:10369000F901EB5DFC4E85A77901EFEFEE1AFE0A0A
:1036A000FFE0EF22FF245E2CE09262132091491389
:1036B000223009F448C008F07BCF222329F22130C0
:1036C00051F11A3009F48FCF1D3009F48CCF1092CC
:1036D0004F13CACF853430F2873410F0883411F696
:1036E00080934A1310924B1310924D1310924C1367
:1036F00010924E1390924913BECF893540F487350E
:1037000078F720EB280F263008F0ACCFE9CF8636CB
:1037100009F0A8CFE5CF20ED280F2A3050F02FE98F
:10372000280F263030F0803209F09CCF6092491388
:10373000A2CF0F94D5C290914B139295907F890F91
:1037400080934B1398CF873448F4853458F42FEB8B
:10375000280F223038F010924F1384CF803511F0AB
:103760008235C9F78092491380934F1310925113F9
:103770001092501380CF20ED280F2A3048F02FE907
:10378000280F263028F08A3231F77092491373CF10
:103790000F94D5C2209150133091511344E0220F61
:1037A000331F4A95E1F7820F932F911D9093511388
:1037B0008093501360CF0F94D5C290914E13929581
:1037C000907F890F80934E1356CF8D3021F603CF13
:1037D000E80EF91EF70110821092621382EF99EA47
:1037E0000E94DA788CEE99EA0E94DA78CE0101968E
:1037F0000F94A8D60F94937080912713813009F409
:1038000074C008F4C5CE833009F4D1C0843009F007
:103810004FCE80912813863009F46CC108F093C113
:10382000843009F409C1853009F0CCC080913F1380
:10383000813409F496C1823509F0C4C0109267132F
:103840008DE290E8909366138093651385E797EA7D
:103850000F94B07085E08093281340912A13509103
:103860002B1360912C1370912D1380912E130F94B4
:10387000997116E007C11B3609F0F7C286E597EA91
:103880000F94B07018E0FEC0CD2819F00F9493701B
:103890007FCE0F948B3FAB01BC018091341390918C
:1038A0003513A0913613B09137138053984FAF4F13
:1038B000BF4F481759076A077B0708F469CE809104
:1038C0002713882309F464CE1092491381E0809372
:1038D00042138093271386E08093291380E00F948E
:1038E000A39864E08EE297EA79C010912813133010
:1038F000B1F160F0163009F450C0193009F0BECFB4
:103900000F94C372882309F443CE40CE80913A13BA
:10391000833521F480913B13181711F0812FFECDD0
:1039200080914013E12FF0E0DF01AC58BC4E8C9346
:10393000ED5AF845E4918E1741F08091291381509A
:10394000809329138111EACF99CF85E999EA0E94E2
:10395000057B8AE08093391381E0810FDFCD809170
:103960003A13833521F480913B13833011F083E0C7
:10397000D5CD80914013909141139093781380930B
:10398000771310927313E3E9F9EA8491609171134C
:1039900070E049E00F940472FBCD82E08093421303
:1039A00083E08093271382E880932813D2CD8091FF
:1039B0002813883009F4B7C0A8F48430D9F08730D0
:1039C00009F4AEC081E08093421382E08093271314
:1039D00083E88093281365E084E497EA0F942171CB
:1039E000182F50C08A3009F4A7C060F38D3008F456
:1039F0005FCDE8CF80913A138E3460F58B3410F4AC
:103A0000853401F780913F13863409F473C084E054
:103A10008093271385E0EAE3F3E1DE01119601903C
:103A20000D928A95E1F785E0FE013196AAE2B3E1B5
:103A300001900D928A95E1F70F940699182F853021
:103A400009F208F09CC0823009F432CD843009F4C8
:103A50003BCF18C0843508F4B5CF863598F2883549
:103A600009F0B0CF80913F13863489F18035C1F1E0
:103A7000823409F042C080914013809368130F9400
:103A8000B4971BE080912513909126138130910506
:103A900009F0EEC1123009F490C008F07DC0112386
:103AA00009F418C1002309F4E4C0173009F4C4C1B3
:103AB00008F0B8C1143009F4C7C1153009F0D9C0F5
:103AC00082E08093941360E08DE290E8BAC1809127
:103AD0002A13882329F082E88093281313E0D2CF99
:103AE000809140138093671381E090E09093661378
:103AF000809365130F94B4974BCD8CE0809367133C
:103B000080914013909141139093661380936513B5
:103B10000F94B49787E697EA0F94B07017E0B2CF8E
:103B20000F94D89735CD82E80F94BC9780932813D3
:103B3000823809F02DCDBCCC80913F138134D1F671
:103B40000F949E70D7CF8830B1F050F38A3009F0CF
:103B500039CF80913F13813409F018CD0F949E70B6
:103B600015CD10926713109266131092651381E8B9
:103B7000809328130DCD81E80F94BC97F9CF87303F
:103B800049F208F463CE883009F478CE7BCF809177
:103B9000281387FD9ACCFCCC133009F46AC01B3083
:103BA00009F080CF8091681380938F1386E897EA9D
:103BB0000F944FC30F9470995CC080916A13811168
:103BC00058C00E944568882309F453C08091570E5D
:103BD0009091580E8835924009F44BC08091560E52
:103BE000811147C08091550E811143C08091540EC0
:103BF00081113FC09091530E8091520E9817C9F1D8
:103C00008091530E90E02EE63091520E381789F0D5
:103C1000289FF0011124EE58F84F4485558566859C
:103C20007785452B462B472B09F09F5F8F5F8F7061
:103C3000EBCF9923F1F087E197EA0E94057B20E022
:103C400030E0A901CA01B9010E94219060E070E052
:103C5000CB010E94F96886ED9EE00F94A3DD8130D0
:103C600021F40F94DD768F3F91F58FE790E70F9465
:103C7000667880914213823019F481E08093941326
:103C80001093931380917007882351F080915A0EFE
:103C9000811106C080918C1390918D130F94B2C442
:103CA000A0960FB6F894DEBF0FBECDBFDF91CF91C7
:103CB0001F910F91FF90EF90DF90CF90BF90AF904A
:103CC0009F908F907F906F905F904F9008958DE0C0
:103CD00097EACDCF0091671380918B13081709F4F1
:103CE00049C0809127138430B9F480912A13882326
:103CF00099F089E080937107E3EDF6EA0E3130F434
:103D0000E02FF0E0EE0FFF1FED52F9458591949101
:103D10000E9460730F94600DE3EDF6EA0E3130F40B
:103D2000E02FF0E0EE0FFF1FED52F94585919491E1
:103D300002960F944FC300938B13033049F00C315C
:103D400009F097CF0F942C5981E08093961391CF6F
:103D500080912713843031F480912A138455823066
:103D600008F487CF0F942C5981E0809397130F9418
:103D70002C747FCF033071F10C3109F07ACF809130
:103D80009613882309F475CF0F945FC38823B1F18C
:103D9000813009F06ECF109296130F9408BC1092E8
:103DA000590E6091721370E090E080E00F942FD86C
:103DB0006B017C016091711370E06E5F7F4F072E85
:103DC000000C880B990B0F9431D8A70196010F9422
:103DD0002BC34FCF80919713882309F44ACF90913A
:103DE000520E8091530E981344CF0F945FC38150AD
:103DF000833008F4BCCF109297133BCF9091520EB2
:103E00008091530E981335CF6091721370E090E05B
:103E100080E00F942FD89B01AC0160E070E08FEA46
:103E200093E4D5CF1830B9F0193009F022CF60E013
:103E30000F94E98419E01DCF61E0809165139091A2
:103E400066130F94E98415CF82E08093941360E0A9
:103E50008EE290E8F6CF10929413109242131092D3
:103E6000271360E08CE290E8ECCF0F949370AACD1A
:103E7000002301F3DCCF8091951382FF07C08B7F75
:103E80008093951381E698EA0F944FC38091951320
:103E900081FF52C08091891390918A13892B09F474
:103EA0004BC083E598EA0F944FC38091891390919A
:103EB0008A130F945E78809195138D7F809395136C
:103EC0008091891390918A1390936A0E8093690E62
:103ED00089E89CE50E9460730F94853543E258EAB7
:103EE00062E080E00E94A86F60915D0E70915E0EAE
:103EF00080915F0E9091600E0F943CE02091690ECE
:103F000030916A0EC901861B970B06976CF081E011
:103F10000E94999180E00F94299A0F9473C284E6CD
:103F200090E00E943E94E0CF0F9449C288E398EA63
:103F30000F944FC30C94C76F08950F931F93CF93A3
:103F4000DF9300D01F921F92CDB7DEB7182F062F38
:103F50001092951383E08093960219821A821B8235
:103F60001C821D8290E080E00E943E949091951307
:103F7000898192FF37C081111EC0CE0101960F9436
:103F80002E428DE496EA0F944FC3E0919313E250D2
:103F9000EA3040F7F0E08827EF52F0468E4F0D945C
:103FA000B3DEF839723B503A503ACA39503A5C3B6A
:103FB000243B303A503A40E457E76BE170E0CE01E1
:103FC00001960F946F40882301F3809195138B7FA6
:103FD00082608093951310926A0E1092690E8DE3A1
:103FE00096EAD1CF882389F2198287E296EACBCF6D
:103FF0000F943B9F0F94527480915A0E811107C009
:1040000084E196EA0E94057B83E0809379130F9404
:104010002C5981E00F900F900F900F900F90DF912F
:10402000CF911F910F9108950F947099F2CF8091C5
:104030007A13811197CF812F0F949E74802F0F9444
:1040400036740F9470998ECF0F943B9F0F945274D7
:1040500089CF80E0DFCFCF93DF9300D01F921F92F4
:10406000CDB7DEB7109286171092851762E184E80B
:1040700095EA0F9472890F9429C340E065E5CE015B
:1040800001960F9407C349815A816B817C818D8190
:104090000F94799861E080E00F949D9F811103C097
:1040A0000F946BC2E8CF83E00F947F6483E60F9494
:1040B0001A8983E680937C1384E897E10E948375D4
:1040C0000F900F900F900F900F90DF91CF91089568
:1040D000CF930F949B89C82F882379F088EC90E0C8
:1040E0000F94A8C682E00F947F640F940F890F94F9
:1040F0002BA00F9490890F9449C28C2FCF910895D3
:104100000F931F93CF93DF9300D01F921F92CDB7D1
:10411000DEB7082F0F949B89182F882349F186E773
:104120009CE50E946073602F0F944CC20F940F891E
:104130000F9429C3402F6CE4CE0101960F9407C35E
:1041400049815A816B817C818D810F94799860E0DF
:1041500080E00F949D9F182F811103C00F946BC2B4
:10416000E7CF83E00F947F640F9490890F9449C246
:10417000812F0F900F900F900F900F90DF91CF91A4
:104180001F910F910895FF920F931F93CF93DF9389
:1041900000D01F921F92CDB7DEB7082FF62E0F94D6
:1041A0009B89182F8823B1F1FF2039F085E69CE523
:1041B0000E946073602F0F944CC280916A1381112A
:1041C0000F9468A00F940F890F9429C3402F65E4C2
:1041D000CE0101960F9407C349815A816B817C817E
:1041E0008D810F94799861E080E00F949D9F182F46
:1041F000811103C00F946BC2E7CF83E60F941A8935
:1042000083E680937C1383E00F947F640F949089FE
:104210000F9449C2812F0F900F900F900F900F9025
:10422000DF91CF911F910F91FF9008951F93CF932E
:10423000DF9300D01F921F92CDB7DEB7182F0F94D7
:1042400029C3412F6BE4CE0101960F9407C3498126
:104250005A816B817C818D810F94799861E080E037
:104260000F949D9F811103C00F946BC2E8CF0F90F4
:104270000F900F900F900F90DF91CF911F910895A5
:10428000CF93C82F86E59CE50E9460736C2F0F9436
:104290004CC280916A1381110F9468A00F940F890A
:1042A0008C2F0F9416A183E60F941A8983E68093CE
:1042B0007C1383E00F947F640F9490890F9449C21C
:1042C00081E0CF9108959091C00095FFFCCF80933D
:1042D000C60008958091C00087FFFCCF8091C00088
:1042E00084FD01C0A8958091C6000895862798E0B6
:1042F00027E0382F880F37FD82279150D1F7089596
:104300002F923F924F925F926F927F928F929F92E5
:10431000AF92BF92CF92DF92EF92FF920F931F93D3
:10432000CF93DF93CDB7DEB7A1970FB6F894DEBF7A
:104330000FBECDBF1C0148015901FC01E85BFF4FD6
:10434000C080D180E280F3809A01AB01C701B60141
:104350000F9470D80F94A9DF0F9443E08B018D83E5
:104360009983A5019401C701B6010F9470D80F94E9
:10437000A9DF0F9443E0362F272FA8016D817981A3
:10438000483751056105710520F448E750E060E0C9
:1043900070E0D101D6968D909D90AD90BC90D9974C
:1043A0008F8A988EA98EBA8E481559056A057B05A5
:1043B00020F44F8B588F698F7A8F432F522FBC0177
:1043C000483751056105710520F448E750E060E089
:1043D00070E0182D092DA9A2B8A2481559056A0543
:1043E0007B0520F4142F052F69A378A3F101EE5B60
:1043F000FF4FC080D180E280F380CD82DE82EF82E9
:10440000F886CD28CE28CF2841F4C12CD12C7601B6
:10441000C394CD82DE82EF82F8862F89388D498D54
:104420005A8DB901CA010F9406DE6D877E878F878A
:10443000988BA5019401C501B4010F9406DE2B01F0
:104440003C01212F302F49A158A1612F702FCA01A3
:104450000F9406DE698B7A8B8B8B9C8BCD80DE80F4
:10446000EF80F884CC0CDD1CEE1CFF1CC986DA86BC
:10447000EB86FC86C301B201615071098109910983
:10448000CD84DE84EF84F8886C197D098E099F093C
:10449000C984DA84EB84FC846C0D7D1D8E1D9F1D08
:1044A000A70196010F9416DE69017A01C301B201DA
:1044B00029893A894B895C89621B730B840B950BA4
:1044C00029853A854B855C850F9416DE29013A01D2
:1044D000D701C601840D951DA61DB71D8C8F9D8F1C
:1044E000AE8FBF8FF101E45BFF4F90819B8F9923CB
:1044F00009F48DC0612F702F89A198A10F942FD836
:10450000F101EC5AFF4F20813181428153810F9498
:1045100070D80F9443E06D8B7E8BD10150962D9116
:104520003D914D915C91539729833A834B835C83F2
:104530008C8D9D8DAE8DBF8D82179307A407B50717
:1045400008F068C029013A01481A590A6A0A7B0A28
:104550009B8D40E080E0992389F0C501B4010F9460
:104560002FD8F101EC5AFF4F2081318142815381D4
:104570000F9470D80F9443E0462F872F3FB7F894DD
:10458000F101E95BFF4F2081211127C0D10159962C
:10459000CD92DD92ED92FC925C97C40CD51CE61C8A
:1045A000F71CF101C58ED68EE78EF0A2CF88C2AE81
:1045B000D88CD3AEE98CE4AEFA8CF5AEFE961083BF
:1045C0000183C9A0C282D8A0D3827396ED88E0820D
:1045D000FE88F1823297408381833FBFA1960FB658
:1045E000F894DEBF0FBECDBFDF91CF911F910F9129
:1045F000FF90EF90DF90CF90BF90AF909F908F9003
:104600007F906F905F904F903F902F9008951D8AFC
:104610001E8A83CF2D813E814F81588582E0220FF3
:10462000331F441F551F8A95D1F789819A81AB8129
:10463000BC8181709927AA27BB278D839E83AF8376
:10464000B88789809A80AB80BC80B694A7949794F1
:104650008794CD84DE84EF84F88889899A89AB8930
:10466000BC898C159D05AE05BF0508F46FC06C01B3
:104670007D0191E0C91AD108E108F1088D859E8578
:10468000AF85B889C81AD90AEA0AFB0AC701B60178
:10469000620F731F841F951FCD80DE80EF80F8842A
:1046A000CD28CE28CF2841F0C984DA84EB84FC845D
:1046B0006C0D7D1D8E1D9F1D0F9416DE750164010E
:1046C000C20ED31EE41EF51E29813A814B815C8106
:1046D0002C153D054E055F0510F469017A012B8DFF
:1046E000222309F469C0C114D104E104F10409F4DE
:1046F00066C04D898E89411451046104710409F426
:104700003DCFA701960169857A858B859C850F949D
:1047100006DE2D853E854F855889620F731F841FE5
:10472000951F0F942FD80F9499E2F101EC5AFF4F87
:1047300020813181428153810F9470D80F9443E0DE
:10474000462F872F412C512C320118CF6D857E8545
:104750008F859889C988DA88EB88FC886C197D096F
:104760008E099F09CD80DE80EF80F884CD28CE2889
:10477000CF2841F0C984DA84EB84FC846C0D7D1D64
:104780008E1D9F1D0F9416DE820E931EA41EB51E55
:1047900049805A806B807C8084149504A604B704F9
:1047A00010F424013501C980DA80EB80FC80C41844
:1047B000D508E608F70893CF40E080E0C3CF4D89E5
:1047C0008E89C0CF0F946AA1803229F081E10F94C5
:1047D00063A10E94016884E10D9463A1CF93C82F67
:1047E0000F946AA1C150E1F7CF910D94E2A30F930A
:1047F0001F93CF93DF93EB01142F052F0E94836F3C
:10480000CE010E947F6F8AE30E94836FCE010F94D6
:1048100061DB9EE0981B892F0E948A6F0F931F9384
:104820008FE09AEA9F938F930E946D6F0F900F9085
:104830000F900F90DF91CF911F910F9108950F93DB
:104840001F93CF93DF93FC012381222331F080E07B
:10485000DF91CF911F910F9108958B01EC01FB0126
:104860008789803139F582E08B831D8A1E8A1F8AF1
:10487000188E808D918DB0E0A0E025E0880F991F03
:10488000AA1FBB1F2A95D1F7898B9A8BAB8BBC8B48
:104890001A8F098F81E089831C821D821E821F82EC
:1048A000188619861A861B861C861D861E861F86FC
:1048B000188ACECF803259F683E08B83428D538D98
:1048C000648D758D4D8B5E8B6F8B788F9E012F5E07
:1048D0003F4FC8010F94316D8111DACFB8CFCF931C
:1048E000DF93EC010F947C6E1B82DF91CF910895D2
:1048F000CF93DF93EC01462F41706C857D858E85CB
:104900009F850F94DF6B882351F0888920E2829F76
:10491000C00111248958914FDF91CF91089590E003
:1049200080E0FACFCF93DF93EB01FC0123812111CB
:1049300004C080E0DF91CF9108952250223028F406
:104940008FE28883198281E0F5CF60E00F9478A42C
:10495000009779F3DC0160E080E09EE22D91203247
:1049600099F0883031F49E01260F311DF9019083B2
:104970006F5F9E01260F311DAD0141505109FA01B3
:104980004081F90140836F5F8F5F8B3039F7FE0103
:10499000E60FF11D1082D7CF3F924F925F926F9238
:1049A0007F928F929F92AF92BF92CF92DF92EF92BF
:1049B000FF920F931F93CF93DF93CDB7DEB72C9762
:1049C0000FB6F894DEBF0FBECDBF5C01DC01599677
:1049D0008D909C90F40181859285A385B4859C017E
:1049E000AD012F5F3F4F4F4F5F4F29873A874B876E
:1049F0005C87D50114964D905D906D907C901797D3
:104A0000411451046104710409F459C0BFEF4B1AF9
:104A10005B0A6B0A7B0A312C730162011D821E82C4
:104A20001F821886F40181859285A385B4852D8126
:104A30003E814F815885281739074A075B0708F0E0
:104A400056C089859A85AB85BC858C159D05AE05BC
:104A5000BF0550F482E0C82ED12CE12CF12C92E05D
:104A6000492E512C612C712C9E012F5F3F4FB701B5
:104A7000A601C4010F94AE6C8823C9F189819A8183
:104A8000AB81BC81892B8A2B8B2B01F1260137014D
:104A90009FEF491A590A690A790A2D813E814F818F
:104AA00058852F5F3F4F4F4F5F4F2D833E834F837E
:104AB00058873FEFC31AD30AE30AF30AB3CF408003
:104AC00051806280738033243394A6CFC414D504FC
:104AD000E604F70411F70FEF1FEF2FEF3FE0B701E8
:104AE000A601C4010F941C6C782E81111AC0712C80
:104AF000872D2C960FB6F894DEBF0FBECDBFDF9189
:104B0000CF911F910F91FF90EF90DF90CF90BF90CA
:104B1000AF909F908F907F906F905F904F903F905D
:104B20000895F501448155816681778141155105CC
:104B30006105710539F097018601C4010F941C6C61
:104B40008823A9F2D5011496CD92DD92ED92FC92C4
:104B50001797332051F0D701C6010196A11DB11D51
:104B6000F40180839183A283B383F50185899689BB
:104B7000A789B08D892B8A2B8B2B09F0B9CFC58AD9
:104B8000D68AE78AF08E818180688183B1CF8EBD1D
:104B90000DB407FEFDCF08958FEF8EBD0DB407FE57
:104BA000FDCF8EB508958F929F92AF92BF92EF92F4
:104BB000FF920F931F93CF937C01C62F49015A0197
:104BC000FC019181892F806A86958CBD90FD03C080
:104BD00081E0963009F480E08DBD9FB7F894809114
:104BE00005018F7B809305019FBF8CE291E00F94BC
:104BF000EC768C2F80640F94C7A508E110E0D501F6
:104C0000C401002E04C0B695A795979587950A9480
:104C1000D2F70F94C7A508501109083FFFEF1F07EF
:104C200071F785E9CC2321F087E8C83009F08FEFD0
:104C30000F94C7A5CC3011F40F94CCA5C0E00F940D
:104C4000CCA5F701828387FF04C0CF3F11F0CF5F6F
:104C5000F6CFCF911F910F91FF90EF90BF90AF9043
:104C60009F908F9008950F931F93CF93DF93EC0144
:104C700089018B81833039F089E0440F551F661F0D
:104C8000771F8A95D1F79A01AB0168E1CE010F94A5
:104C9000D3A5882319F086E0888339C08EEF8EBDB6
:104CA000F801C8019E5F0DB407FEFDCF20812EBD27
:104CB0000DB407FEFDCF21812EBD3296E817F9070E
:104CC00091F70DB407FEFDCF8FEF0F94C7A58FEFBF
:104CD0000F94C7A50F94CCA58A838F71853099F462
:104CE00088E592E00F94EC76182F87E11123A1F26A
:104CF00020E030E0A9016DE0CE010F94D3A5882318
:104D000051F086E1C9CF83E188830F94E3760F9455
:104D1000E37610E006C00F94CCA58111F2CF0F947A
:104D2000E376812FDF91CF911F910F9108952F92FC
:104D30003F924F925F926F927F928F929F92AF922B
:104D4000BF92CF92DF92EF92FF920F931F93CF9378
:104D5000DF93EC012A013B0169018B81833039F03B
:104D600069E0440C551C661C771C6A95D1F743E03A
:104D7000942E560181E0A81A8EEFB80A1601EEEFC4
:104D80003E1A54E0852E9A94A301920161E1CE016E
:104D90000F94D3A5882379F08882992009F47AC0EA
:104DA0000F94E37620E030E0A9016CE0CE010F948F
:104DB000D3A51882E8CF0F948B3F8B010F94CCA51D
:104DC0008A838F3F91F40F948B3F601B710B6D3280
:104DD0007140A0F381E188830F94E3768C8188236E
:104DE000E1F28FEF0F94C7A5D8CF8E3F11F08FE07F
:104DF000F2CF8FEF8EBDD601F6010DB407FEFDCFC9
:104E00009EB591938EBDEA15FB05B9F70DB407FE6B
:104E1000FDCF8EB5F5018083F12CE12C8D91EF2D26
:104E2000FF27E827EE0FFF1FE555F3458591949185
:104E3000FE2CEE24E826F9262A163B0679F70F9475
:104E4000CCA5082F10E0102F00270F94CCA5082B1D
:104E50000E151F0519F0F0E2F883BECF0F94E3762C
:104E6000CC81CC23D9F08FEF0F94C7A58C2FDF9185
:104E7000CF911F910F91FF90EF90DF90CF90BF9057
:104E8000AF909F908F907F906F905F904F903F90EA
:104E90002F9008950F94E376C0E0E8CFC1E0E6CF0D
:104EA0002F923F924F925F926F927F928F929F923A
:104EB000AF92BF92CF92DF92EF92FF920F931F9328
:104EC000CF93DF9300D01F92CDB7DEB79C838B8347
:104ED0004B017A01DC0113968C91811119C08FEF7F
:104EE0009FEF0F900F900F900F90DF91CF911F9138
:104EF0000F91FF90EF90DF90CF90BF90AF909F9079
:104F00008F907F906F905F904F903F902F9008957B
:104F1000EB81FC81818180FFE2CF018912892389A5
:104F200034894085518562857385C701B0E0A0E072
:104F300028013901441A550A660A770A841595052D
:104F4000A605B70518F07801E41AF50A67018B8108
:104F50009C8104969A838983612C32E0732EC1145C
:104F6000D10409F4B7C0AB81BC8118964D915D9115
:104F70006D917C911B975A01B1E0BB22EB81FC81C2
:104F8000818D928D1A012B0129E056944794379414
:104F900027942A95D1F72381223091F5DC015A9686
:104FA0006D917D918D919C915D97620D731D841D16
:104FB000951D83010A191B09C016D10608F4860144
:104FC0000115B2E01B0771F420916B0E30916C0E4D
:104FD00040916D0E50916E0E62177307840795070E
:104FE00009F059C040E00F94DF6B882309F477CFB4
:104FF000B5016958714FA801C4010F94CCE357C0A3
:10500000FC01148111501221A114B10481F4111179
:105010000EC0452B462B472B79F5EB81FC8185890A
:105020009689A789B08D84839583A683B783AB8146
:10503000BC815996ED91FC915A9714966D917D9192
:105040008D919C911797625071098109910925856D
:1050500004C0660F771F881F991F2A95D2F72685EF
:10506000378540895189620F731F841F951F610F17
:10507000711D811D911D9DCFAB81BC8114964D91F9
:105080005D916D917C91179729813A810F94AE6C57
:105090008111CDCF24CF9401AB01BC018091740E5E
:1050A0009091750E0F9497A6882309F418CF800E5F
:1050B000911EEB81FC8180859185A285B385800F4F
:1050C000911FA11DB11D80879187A287B387C01A48
:1050D000D10A45CFC70105CF4F925F926F927F9261
:1050E000AF92BF92CF92DF92EF92FF920F931F93F6
:1050F000CF93DF931F92CDB7DEB78C017B015A01AE
:10510000C22EDB0159968D919C91F801928F818F6F
:10511000CB010E94B678712CF70180859185A2851C
:10512000B385418952896389748984179507A607D5
:10513000B70708F052C055E0B695A79597958795A3
:105140005A95D1F7F82FFF70DF2ED70113968C9167
:10515000823010F480E0DBC041E050E0BE016F5FC0
:105160007F4FC7010F9450A70197A1F7F7018085E2
:105170009185A285B3854F96A11DB11D808791872A
:10518000A287B387F0E2DF9EB00111246958714F06
:1051900061157105F9F2DB018C91882341F0853EA0
:1051A00009F04CC0772029F077247394B5CF7110A3
:1051B0000EC080916B0E90916C0EA0916D0EB0910F
:1051C0006E0EF80184879587A687B787D08ADB01A2
:1051D0008C918111E9CF772473948C2D8274823461
:1051E00009F0B8CF772009F4A2C0F801D08861E0B7
:1051F000C8010F9478A4009709F4ACCF20E2DC0139
:105200001D922A95E9F72BE0F501DC0101900D9242
:105210002A95E1F721E238E2FC01318B208B40E056
:1052200058E057874687338B228B318F208F578BDF
:10523000468B0F94A06B811109C08CCF4BE050E0DE
:10524000C5010F94BFE3892B09F066CFF0E2DF9E22
:10525000D00111249D012958314FF90183858171B5
:1052600021F08C2D827109F0FCC0F801818D928DA6
:1052700040916B0E50916C0E60916D0E70916E0EA0
:105280004487558766877787D08AFD01E958F14FB3
:1052900044885588712C612C320155244424D8014E
:1052A00055964D925D926D927C925897428D538D9A
:1052B00070E060E0442955296629772955964D9379
:1052C0005D936D937C935897D9011B962C9128710F
:1052D00009F0B9C0848D958DA68DB78DF801818BAD
:1052E000928BA38BB48B81E083838C2D8F70F8011C
:1052F0008183148215821682178210861186128687
:10530000138681E0C4FE03C0C8010F94E6790F90B4
:10531000DF91CF911F910F91FF90EF90DF90CF9091
:10532000BF90AF907F906F905F904F900895D7019E
:1053300013968C911397823009F40CCF51968D916E
:105340009D910D90BC91A02D803E9F4FAF41B10526
:1053500008F000CFC7010F94CCA4882309F4FACE3B
:105360000F94A06B882309F4F5CED7015996ED91DF
:10537000FC915A9714964D905D906D907C90179784
:10538000B2E04B1A510861087108858504C0440CCD
:10539000551C661C771C8A95D2F786859785A0894F
:1053A000B189480E591E6A1E7B1E81E08093730EE0
:1053B00040926B0E50926C0E60926D0E70926E0E5B
:1053C000E7E7FEE080E092E0DF019C011D922150C2
:1053D0003040E1F7DD24D394D7015996ED91FC914B
:1053E0008481D81698F427E73EE0B301A2014D0D61
:1053F000511D611D711D8091740E9091750E0F9459
:1054000033A6882309F4A6CED394E6CF258580E081
:1054100092E0A0E0B0E004C0880F991FAA1FBB1F54
:105420002A95D2F7F7014189528963897489840FDB
:10543000951FA61FB71F818B928BA38BB48B87E719
:105440009EE0D12CDBCE203161F498012F5E3F4FDE
:105450000F94316D882329F084E0D80113968C9342
:1054600044CFD80113961C9275CE88E19EE00FB60A
:10547000F894A895809360000FBE909360009FB74A
:10548000F894809102018460809302019FBF0E9482
:10549000C76F4FE351E761E080E00E94A86FFFCF44
:1054A0006091520E9091530E30E020E08EE69617F8
:1054B00061F0899FF0011124E252F84F408151813F
:1054C000240F351F9F5F9F70F2CFC901089530915F
:1054D000520E2091530E321791F0E091520EE111CD
:1054E00001C0E0E1E1502EE6E29FF0011124E2521A
:1054F000F84F20813181820F931F9183808308951B
:105500008F929F92AF92BF92CF92DF92EF92FF92D3
:105510000F931F93CF93DF93C0919702D09198027E
:105520008EE6E82E86E0F82E0CEE17E16E0180E1A3
:10553000C80ED11C6991799189919991F701819057
:105540009190A190B1907F010F942FD8A501940163
:105550000F9470D80F9443E0F80161937193819395
:1055600091938F01CC15DD0529F7DF91CF911F9124
:105570000F91FF90EF90DF90CF90BF90AF909F90F2
:105580008F9008958091680681110EC08EE796E095
:1055900090939A02809399028EE896E090939802F5
:1055A000809397020D9480AA8130E1F786E097E01E
:1055B00090939A028093990286E197E0EFCFFC01E5
:1055C00040815181628173814093D8045093D90402
:1055D0006093DA047093DB0420917A0630917B06A5
:1055E00040917C0650917D0660817181828193811A
:1055F0000F9470D80F9408E2E0E5F7E064877587B0
:10560000868797878FB7F894448555856685778513
:1056100040936C0750936D0760936E0770936F070C
:105620008FBF0895FC014081518162817381409355
:10563000D4045093D5046093D6047093D70420917A
:105640007606309177064091780650917906608110
:105650007181828193810F9470D80F9408E26093D6
:1056600058077093590780935A0790935B070D94DE
:1056700002892F923F924F925F926F927F928F9208
:105680009F92AF92BF92CF92DF92EF92FF920F93D1
:105690001F93CF93DF93CDB7DEB7C558D1090FB6AF
:1056A000F894DEBF0FBECDBF69A37AA38BA39CA3E2
:1056B0002DA33EA34FA358A7A896ECAEFDAE0EAF08
:1056C0001FAFA897AA96DFAECEAEAA9789AA99AEC9
:1056D000ADAEBDAAC556DF4F08811981CB59D04068
:1056E0008091520E8F5FA1968FAFA197803119F4F0
:1056F000A1961FAEA1978091530EA1962FADA197B1
:1057000082130FC00F94A04E80E00E94999180E018
:105710000E945B6F8091530EA1963FADA1978317B6
:1057200089F34091590EA2964FAFA297442311F1ED
:1057300082EF99EA0E94DA7882E391E70E94057B82
:10574000CB57DF4F0FB6F894DEBF0FBECDBFDF9152
:10575000CF911F910F91FF90EF90DF90CF90BF906E
:10576000AF909F908F907F906F905F904F903F9001
:105770002F9008959091520E292E312C8EE6989FED
:10578000D0011124A496BFAFAEAFA497CD018E581F
:10579000984FFC01E95BFF4F108284599F4FFC0139
:1057A000118210820115110511F40D942DB680E1BE
:1057B000F801A653B84F01900D928A95E1F78EE655
:1057C000829D8001839D100D11240E58184FF80101
:1057D000E859FF4FC356DF4F88819981CD59D0409A
:1057E0009183808306591F4F6091900270919102BE
:1057F00080919202909193020F9443E0D8016D93AF
:105800007C938091B7048823A9F010925C071092D2
:105810005D0710925E0710925F071092D8041092F5
:10582000D9041092DA041092DB041092B70481E0DC
:105830008093B604BE016B5D7F4FCE0181960E94BE
:10584000B76AC9A0DAA0EBA0FCA020916E06309147
:105850006F064091700650917106C701B6010F9412
:1058600070D80F9408E2C258DF4F688379838A8327
:105870009B83CE57D0408DA09EA0AFA0B8A420910E
:105880007206309173064091740650917506C501F9
:10589000B4010F9470D80F9408E2CE57DF4F68839D
:1058A00079838A839B83C258D04080919C1388233C
:1058B00011F40D9434B6A5019401C701B6010F94FB
:1058C0000777A8962CAD3DAD4EAD5FADA8970F9470
:1058D000CBDE209176063091770640917806509184
:1058E00079060F9470D80F9408E2E6966CAF7DAFFE
:1058F0008EAF9FAFE697AA96EEADFFADAA978080D8
:105900009180A280B38020917A0630917B064091ED
:105910007C0650917D06C501B4010F9470D80F9498
:1059200008E2AE966CAF7DAF8EAF9FAFAE97809121
:105930005C0790915D07A0915E07B0915F07AE96FE
:105940004CAC5DAC6EAC7FACAE97481A590A6A0A93
:105950007B0A8091500790915107A0915207B09116
:105960005307C258DF4FC880D980EA80FB80CE57EA
:10597000D040C81AD90AEA0AFB0A809154079091CC
:105980005507A0915607B0915707CE57DF4F288192
:1059900039814A815B81C258D040281B390B4A0BA0
:1059A0005B0B29A73AA74BA75CA78091580790915A
:1059B0005907A0915A07B0915B07E6962CAD3DAD13
:1059C0004EAD5FADE697281B390B4A0B5B0B2DA73D
:1059D0003EA74FA758AB411451046104710409F468
:1059E00080C060915D0E70915E0E80915F0E90910F
:1059F000600E0F943CE020916B0230916C026217B4
:105A000073070CF5AE968CAD9DADAEADBFADAE9748
:105A100080935C0790935D07A0935E07B0935F0748
:105A20008092D8049092D904A092DA04B092DB0458
:105A300082EF99EA0E94DA7888E191E70E94057B7B
:105A4000412C512C3201C301B20177FE07C06627F9
:105A50007727CB0164197509860997090F9431D806
:105A60004B015C0120E030EC4BEE53E460917A0690
:105A700070917B0680917C0690917D060F9470D882
:105A80009B01AC01C501B4010F9454E118164CF50B
:105A9000AE962CAD3DAD4EAD5FADAE9720935C079D
:105AA00030935D0740935E0750935F07AA96EEAD73
:105AB000FFADAA9780819181A281B3818093D804A0
:105AC0009093D904A093DA04B093DB0482EF99EAAF
:105AD0000E94DA788AEF90E70E94057B412C512CD6
:105AE00032018EE6829DF001839DF00D1124EE5867
:105AF000F84FD701C601F7FE07C088279927DC01B8
:105B00008C199D09AE09BF0980839183A283B38359
:105B10008EE6829DF001839DF00D1124EE58F84F22
:105B200089A59AA5ABA5BCA5B7FF07C0B095A09560
:105B3000909581959F4FAF4FBF4F84839583A683E8
:105B4000B7838EE6829DF001839DF00D1124EE58FF
:105B5000F84F8DA59EA5AFA5B8A9B7FF07C0B09512
:105B6000A095909581959F4FAF4FBF4F80879187AC
:105B7000A287B387B301A20177FE07C04427552748
:105B8000BA0144195509660977098EE6829DF0012C
:105B9000839DF00D1124EE58F84F44875587668792
:105BA0007787008111812281338184819581A6814B
:105BB000B78180179107A207B30714F4D901C80170
:105BC000EEE6BE2EB29CF001B39CF00D1124EE580F
:105BD000F84F80849184A284B38488159905AA051E
:105BE000BB0514F4D501C40184179507A607B707B0
:105BF00014F4DB01CA014EE6429DF001439DF00D15
:105C00001124EE58F84F808B918BA28BB38B0697A3
:105C1000A105B1050CF494CD8091DF03DF01AA5BEF
:105C2000BF4F8C93F7FE02C00D9444B6108E89A529
:105C30009AA5ABA5BCA5B7FF0BC08EE6829DF0016F
:105C4000839DF00D1124EE58F84F808D8260808F77
:105C50008DA59EA5AFA5B8A9B7FF0BC08EE6829D06
:105C6000F001839DF00D1124EE58F84F808D846073
:105C7000808F77FE0BC08EE6829DF001839DF00D34
:105C80001124EE58F84F808D8860808F012B022BF5
:105C9000032B09F017988EE6829DF001839DF00D8D
:105CA0001124EE58F84F84819581A681B781892B04
:105CB0008A2B8B2B09F016988EE6829DF001839D2E
:105CC000F00D1124EE58F84F80859185A285B3859B
:105CD000892B8A2B8B2B09F015988EE6829DF0017B
:105CE000839DF00D1124EE58F84F84859585A68587
:105CF000B785892B8A2B8B2B09F014988EE6829D11
:105D0000F001839DF00D1124EE58F84F2485358560
:105D1000468557852A962CAF3DAF4EAF5FAF2A9789
:105D2000232B242B252B09F0B3C7A090AA06B090F3
:105D3000AB060091AC061091AD0629A939AD4DAD69
:105D40005DA9B501C8010F9454E1181624F4A9AA5D
:105D5000B9AE0DAF1DABC701B6010F9431D820917C
:105D60006E0630916F0640917006509171060F9447
:105D7000CADF4B015C0189829A82AB82BC8269A531
:105D80007AA58BA59CA50F9431D8209172063091ED
:105D9000730640917406509175060F94CADF6B012B
:105DA0007C01CD82DE82EF82F8866DA57EA58FA56F
:105DB00098A90F9431D820917606309177064091BA
:105DC0007806509179060F94CADF22966CAF7DAFAA
:105DD0008EAF9FAF229769877A878B879C87C30195
:105DE000B2010F9431D820917A0630917B06409110
:105DF0007C0650917D060F94CADF26966CAF7DAF6E
:105E00008EAF9FAF26976D877E878F87988B8EE6A4
:105E1000829DF001839DF00D1124EE58F84F808192
:105E20009181A281B3812E968CAF9DAFAEAFBFAFF3
:105E30002E970697A105B1050CF033C78481958193
:105E4000A681B7810697A105B1050CF02AC7808508
:105E50009185A285B3850697A105B1050CF021C7F0
:105E600026968CAD9DADAEADBFAD2697BF7785A70D
:105E700096A7A7A7B0AB8EE6829DF001839DF00D9B
:105E80001124EE58F84F45A456A467A470A8A301A6
:105E9000920160E070E080E89FE30F94CADF29A9D7
:105EA00039AD4DAD5DA90F9470D86B017C01809127
:105EB000520E9091530E891B8F708DAF8250863099
:105EC00008F040C0A701960160E074E284E799E41D
:105ED0000F94CADF0F9408E24B015C018091AE067B
:105EE0009091AF06A091B006B091B10688169906C0
:105EF000AA06BB0638F5BC01CD01681979098A09E3
:105F00009B09660F771F881F991FADAD2A2F30E0C0
:105F100050E040E00F9416DECA01B9010F942FD86B
:105F20000F943CE0680D791D8A1D9B1D0F942FD89E
:105F30009B01AC0160E074E284E799E40F94CADF4E
:105F40006B017C01A3019201C701B6010F9470D8C7
:105F50006DAB7EAB8FAB98AF8EE6829D8001839D4B
:105F6000100D11240E58184F2DA93EA94FA958AD58
:105F7000D80191962D933D934D935C9394975096B1
:105F80006D917D918D919C9153970F942FD869AF0E
:105F90007AAF8BAF9CAF9B01AC01C701B6010F94E8
:105FA00070D80F94A9DF0F9443E062966CAF7DAF79
:105FB0008EAF9FAF6297F80166AB77AB80AF91AFC2
:105FC0009E012F5F3F4F6C963FAF2EAF6C97AE0197
:105FD0004F5E5F4FA0965FAF4EAFA0978091990242
:105FE00090919A029AAB89AB40966E969FAF8EAF16
:105FF0006E9768965FAF4EAF689719A61DA600E82A
:106000001FE36C96AEADBFAD6C972D913D914D9158
:106010005D916C96BFAFAEAF6C97C701B6010F94A0
:1060200070D86896EEADFFAD6897619371938193D8
:1060300091936896FFAFEEAF68974B015C01E894CF
:10604000B7F8A9A9BAA92D913D914D915D91BAAB2F
:10605000A9AB66962CAF3DAF4EAF5FAF6697C5015B
:10606000B4010F9454E11816B4F4A5019401669696
:106070006CAD7DAD8EAD9FAD66970F94CADF4B01C1
:106080005C0129A53DA5A8010F9454E118161CF048
:1060900089A69DA685016E96EEADFFAD6E9729A9E6
:1060A0003AA9E217F30709F0ACCF20E030E040E86E
:1060B0005FE369A57DA5C8010F94C0DF87FF50C0CD
:1060C000A096AEACBFACA09730E1A30EB11CA096D9
:1060D000CEACDFACA097D6016D917D918D919D9155
:1060E0006D017D01B4E0EB1AF10829A53DA5A801D9
:1060F0000F9470D8F7016083718382839383AC140B
:10610000BD0449F72EE6229DC001239D900D112468
:106110009C012E58384F790129A53DA5A8016DA9EC
:106120007EA98FA998AD0F9470D8D70191966D93E1
:106130007D938D939C93949762966CAD7DAD8EAD5F
:106140009FAD62970F942FD829A53DA5A8010F9464
:1061500070D80F9443E0F70166AB77AB80AF91AF97
:10616000A301920169AD7AAD8BAD9CAD0F94CADFEE
:1061700069A77AA78BA79CA72E962CAD3DAD4EADF7
:106180005FAD2E97232B242B252B09F0B9C58EE666
:10619000829D8001839D100D11240E58184FF80127
:1061A00084819581A681B781892B8A2B8B2B09F05D
:1061B000A7C580859185A285B385892B8A2B8B2BDA
:1061C00009F09EC52091A2063091A3064091A40635
:1061D0005091A50669A57AA58BA59CA50F9470D8AA
:1061E0000F94A9DF0F9443E02B013C01F801E45B1D
:1061F000FF4F10826A961CAE1DAE1EAE1FAE6A9790
:106200008EE6829D8001839D100D11240E58184F3B
:10621000F801EE5BFF4F4082518262827382C301BC
:10622000B2010F942FD86B017C0129A53AA54BA58B
:106230005CA50F94CADFE2966CAF7DAF8EAF9FAFC7
:10624000E297F80161AB72AB83AB94AB2DEB37E314
:1062500046E051E4C701B6010F9470D80F9443E0B3
:10626000D80154966D937D938D939C9357979196F7
:10627000BC912796BFAF2797F801F2A12B96FFAFED
:106280002B97D8019396BC912F96BFAF2F97F8010B
:10629000F4A16396FFAF639722EB36E0EE963FAF33
:1062A0002EAFEE97A0964EAC5FACA09730E1430EB8
:1062B000511C02EB16E0A0966EAC7FACA09727961F
:1062C0004FAD279749A72B965FAD2B975DA7B9AB2D
:1062D000F9AF1DAAD3018D909D90AD90BD903D0169
:1062E000E894B7F8F801C190D190E190F1908F0156
:1062F000A5019401C701B6010F94C0DF87FF3AC022
:10630000FDA9FF2309F47EC629A53DA549A959ADDC
:10631000C501B4010F9470D84B015C01A70196012F
:1063200027966FAD27972B967FAD2B972F968FAD26
:106330002F9763969FAD63970F9470D86B017C0184
:10634000AC019B01C501B4010F9454E1181694F4FB
:10635000A5019401C701B6010F94CADF9B01AC01EE
:1063600069A57DA589A999AD0F9470D869A77DA766
:1063700089AB99AF4614570409F0ACCF8EE6829DE5
:10638000F001839DF00D1124EE58F84F15AA80916D
:10639000B604882321F080E185AB1092B6043DADB0
:1063A000323008F48FC64091B8046B964FAF6B97AC
:1063B0005091B9046D965FAF6D970091BA0410913A
:1063C000BB0427E137EB41ED58E36B966FAD6B975C
:1063D0006D967FAD6D97C8010F9454E118160CF0BF
:1063E00071C66B962FAD6B976D963FAD6D97A801FB
:1063F00027966FAD27972B967FAD2B972F968FAD56
:106400002F9763969FAD63970F94C0DF87FF01C6F8
:106410006B962FAD6B976D963FAD6D97A801279644
:106420006FAD27972B967FAD2B972F968FAD2F971C
:1064300063969FAD63970F94CADFEC966CAF7DAF08
:106440008EAF9FAFEC9727968FAD27978DAF2B968A
:106450009FAD2B979DAB2F96AFAD2F97AEAF6396A9
:10646000BFAD63972396BFAF23972CEB34E0E8963C
:106470003FAF2EAFE897412C512C30E8632E3FE31D
:10648000732EE896AEADBFADE8978D909D90AD9020
:10649000BD90E896BFAFAEAFE897A096EEADFFAD6A
:1064A000A097C190D190E190F190A096FFAFEEAF90
:1064B000A0976B962FAD6B976D963FAD6D97A8012A
:1064C00027966FAD27972B967FAD2B972F968FAD85
:1064D0002F9763969FAD63970F94C0DF87FF0CC023
:1064E000EC962CAD3DAD4EAD5FADEC97C501B40162
:1064F0000F9470D84B015C01A296FFADA297FF23C9
:1065000081F0A3019201C501B4010F9470D84B0131
:106510005C01A3019201C701B6010F9470D86B0111
:106520007C01A7019601C501B4010F9454E120E05C
:1065300030E0A90118160CF0A3C5C701B6010F94ED
:1065400054E118164CF020E030E0A901C501B40177
:106550000F94C0DF87FF85C5A7019601C501B4016F
:106560000F94CADE6B017C01EE96AEADBFADEE9727
:106570008D909D90AD90BD90EE96BFAFAEAFEE9773
:10658000A5019401C701B6010F9454E1181694F4C3
:10659000A7019601C501B4010F94CADF9B01AC01AC
:1065A000C301B2010F9470D82B013C01B1E0A29657
:1065B000BFAFA297ECECF4E0E8962EAD3FADE897C4
:1065C000E217F30709F05DCFA2963FADA297332300
:1065D00081F0A30192016DAD7DA98EAD23969FAD93
:1065E00023970F9470D86DAF7DAB8EAF23969FAF7E
:1065F000239724EA30E74DE75FE36DAD7DA98EADCB
:1066000023969FAD23970F9470D86B017C01AC014A
:106610009B016091E8177091E9178091EA179091BA
:10662000EB170F9454E11816FCF429A53DA549A9D0
:1066300059ADC701B6010F94C0DF87FF15C08EE6C4
:10664000829DF001839DF00D1124EE58F84F85A92D
:10665000846085AB49A54DAF5DA55DAB89A98EAFC3
:1066600099AD23969FAF23978EE6829D8001839DEF
:10667000100D11240E58184F8DAD9DA9AEAD239667
:10668000BFAD2397F80181A792A7A3A7B4A729A517
:106690003DA549A959AD69A57DA589A999AD0F94D5
:1066A00070D86B017C01E2966CAD7DAD8EAD9FAD77
:1066B000E29790589B01AC010F94CBDED8019D96D8
:1066C0002D913D914D915C91D0970F9470D89B0185
:1066D000AC01C701B6010F94CADE0F9499E2D62E21
:1066E000E72E8C012DAD3DA94EAD23965FAD2397CE
:1066F0000F9454E1181634F0DDAEEDAA0EAF2396D8
:106700001FAF23978EE6829DF001839DF00D11242B
:10671000EE58F84F8DAD9DA9AEAD2396BFAD239732
:1067200085A396A3A7A3B0A7F5A82D2D3E2DA8015C
:1067300027966FAD27972B967FAD2B972F968FAD12
:106740002F9763969FAD63970F94C0DF18160CF4D4
:10675000CFC483E09EE6929D8001939D100D11248D
:106760000E58184FF82AF801F5AA80E1FE0171963B
:10677000ACEBB4E001900D928A95E1F727968FADCE
:1067800027972B969FAD2B972F96AFAD2F9763969C
:10679000BFAD63978093B8049093B904A093BA04F3
:1067A000B093BB0489A59DA5A9A9B9AD8093E817AD
:1067B0009093E917A093EA17B093EB17D801D696F8
:1067C0006D917D918D919C91D9970F942FD827969B
:1067D0002FAD27972B963FAD2B972F964FAD2F9729
:1067E00063965FAD63970F94CADF2B013C01F801FC
:1067F000E85BFF4F408251826282738234968081CF
:10680000882309F489C0209103183091041840911D
:106810000518509106186A966CAD7DAD8EAD9FAD92
:106820006A970F9470D84B015C01C0907A06D090A3
:106830007B06E0907C06F0907D060C5A1F4FA70166
:1068400096010F9470D8A30192010F94CADFF8014A
:10685000608371838283938320E030E0A9016A968C
:106860006CAD7DAD8EAD9FAD6A970F9454E1181657
:106870000CF040C4A5019401E2966CAD7DAD8EADE7
:106880009FADE2970F9470D8A70196010F9470D82E
:106890006B017C0120E030E44CE157E40F9454E1BB
:1068A00018163CF4C12C20E4D22E2CE1E22E27E471
:1068B000F22EA701960160E074E284EF99E40F9450
:1068C000CADF4B015C0120E030E44CE956E4C7012B
:1068D000B6010F9454E118160CF017C48EE6829D91
:1068E0008001839D100D11240E58184F7801FDE48E
:1068F000EF0EF11C20E030E040E850E4C501B401A7
:106900000F9470D80F9443E0D7016D937C93F801F6
:10691000ED5AFF4F84E0808309A51DA529A939AD53
:106920004DAD5DA96EAD23967FAD2397A4968EAD38
:106930009FADA4978E58984F0F9480A18EE6829DAC
:10694000F001839DF00D1124EE58F84F8089918954
:10695000A289B38981159048A105B10518F485A9CC
:10696000886085AB8FB7F8949091590E911193C4BC
:10697000A1963FADA1973093520E8FBFC258DF4F03
:1069800088819981AA81BB81CE57D04080935007DE
:1069900090935107A0935207B0935307CE57DF4F00
:1069A000288139814A815B81C258D04020935407A5
:1069B000309355074093560750935707E6968CAD92
:1069C0009DADAEADBFADE697809358079093590744
:1069D000A0935A07B0935B07AE962CAD3DAD4EAD7C
:1069E0005FADAE9720935C0730935D0740935E07E1
:1069F00050935F0789A19AA1ABA1BCA18093CC045D
:106A00009093CD04A093CE04B093CF048DA19EA10A
:106A1000AFA1B8A58093D0049093D104A093D204E1
:106A2000B093D304A8968CAD9DADAEADBFADA89785
:106A30008093D4049093D504A093D604B093D70444
:106A4000AA96EEADFFADAA9780819181A281B38114
:106A50008093D8049093D904A093DA04B093DB0414
:106A6000F090530E8091520E8F198F70833040F149
:106A70001091520E111101C010E11150FEE61F9F3E
:106A8000C00111249C012E58384F5901111101C029
:106A900010E111503EE6139FC0011124AC014E5885
:106AA000584F6A019EE6692EF11669F0D601D59617
:106AB0000C9102FF7EC38091520E811B8F70F12ECC
:106AC000823008F4A3C03EE6F39EC0011124AC015D
:106AD0004E58584F5A01F39450E1F51201C0F12C71
:106AE000AEE6FA9EC0011124FC01EE58F84F6F018A
:106AF0008EE6882ED501D5968C91D59781FD5AC00A
:106B000095964D905D906D907C909897F60195A02C
:106B1000E6A007A110A5292D3E2DA801C301B201B1
:106B20000F94C0DF87FF46C0A3019201C301B201E9
:106B30000F9470D82B013C01D501D1966D917D91B8
:106B40008D919C91D49790589B01AC010F94CBDE12
:106B5000F50125A536A547A550A90F9470D89B012E
:106B6000AC01C301B2010F94CADE0F9499E22B016C
:106B70003C019B01AC01692D7E2DC8010F94C0DF43
:106B800087FF03C0492C5E2C38019201A301692DB7
:106B90007E2DC8010F94C0DF882361F0D601D59601
:106BA0002C91C201D301F60185A396A3A7A3B0A798
:106BB000216025ABD501D5968C91D597F60195A985
:106BC000892B80FF14C005A116A127A130A5959699
:106BD0004D915D916D917C919897C5010F9480A125
:106BE000D501D5968C91D5978E7FD5968C93F394BD
:106BF000B0E1FB1201C0F12CF89CC00111248E58A9
:106C0000984F2091520E5601F21243C38091520EBA
:106C1000811101C080E18150EEE68E9FC0011124F8
:106C20009C012E58384F7901D90195964D915D916F
:106C30006D917C91989709A51DA529A939ADC7012A
:106C40000F9480A1F70185A98E7F85AB80916F009D
:106C5000826080936F000D94A0ABA653B84F80E183
:106C6000EFE3F7E00D94DBAB2091760630917706E9
:106C70004091780650917906A8966CAD7DAD8EADA9
:106C80009FADA8970D9471AC81E0808F0D9417AEE5
:106C9000A090A606B090A7060091A8061091A9069C
:106CA0004CC8C501B4010F946CD84B015C01C701FD
:106CB000B6010F946CD89B01AC01C501B4010F94CF
:106CC000CBDE6B017C0122966CAD7DAD8EAD9FADB0
:106CD00022970F946CD89B01AC01C701B6010F94A9
:106CE000CBDE0F9499E22EE6229DF001239DF00D5C
:106CF0001124EE58F84F65A776A787A790ABBBC8BD
:106D00002A962CAD3DAD4EAD5FAD2A97232B242B9B
:106D1000252B09F40EC160919E0670919F0680910B
:106D2000A0069091A10629A53AA54BA55CA50F94B4
:106D300070D80F94A9DF0F9443E02B013C018091A0
:106D4000031890910418A0910518B09106188DA70A
:106D50009EA7AFA7B8AB20E030E0A901BC01CD01F0
:106D60000F9454E118160CF0EDC020E030E0A901BA
:106D700026966CAD7DAD8EAD9FAD26970F9454E1F8
:106D800087FDE0C022966CAD7DAD8EAD9FAD2297A4
:106D90009F7720E030E040E05FE30F94C0DF87FFA3
:106DA000D1C08EE6829D8001839D100D1124025476
:106DB000184F81E0D8018C932091CC043091CD0400
:106DC0004091CE045091CF0469A17AA18BA19CA1DE
:106DD0000F94CADE69AB7AAB8BAB9CAB2091D0042D
:106DE0003091D1044091D2045091D3046DA17EA181
:106DF0008FA198A50F94CADE4B015C012091D404A9
:106E00003091D5044091D6045091D704A8966CAD2A
:106E10007DAD8EAD9FADA8970F94CADE6B017C014E
:106E200029A93AA94BA95CA9CA01B9010F9470D844
:106E300069AB7AAB8BAB9CABA5019401C501B401E6
:106E40000F9470D89B01AC0169A97AA98BA99CA960
:106E50000F94CBDE4B015C01A7019601C701B6017F
:106E60000F9470D89B01AC01C501B4010F94CBDE27
:106E70000F9499E26B017C012091D8043091D904E0
:106E80004091DA045091DB04AA96EEADFFADAA97CB
:106E900060817181828193810F94CADEA70196017E
:106EA0000F94CADF6A966CAF7DAF8EAF9FAF6A97C3
:106EB00020E030E040E450E40F9454E118160CF464
:106EC0009EC020E030E0A9016A966CAD7DAD8EAD2C
:106ED0009FAD6A970F9454E118160CF042C06A9661
:106EE0002CAD3DAD4EAD5FAD6A976DA57EA58FA56E
:106EF00098A90F9470D89B01AC016091BE06709167
:106F0000BF068091C0069091C1060F94CADF29A5E3
:106F10003AA54BA55CA50F9470D80F94A9DF0F94E8
:106F200043E06415750586059705D8F42B013C01EF
:106F300018C060912A0770912B0780912C079091BF
:106F40002D07F1CE8EE6829DF001839DF00D112478
:106F5000E254F84F10826A961CAE1DAE1EAE1FAEF4
:106F60006A9710E000E0A496EEADFFADA497E00FA5
:106F7000F11FEE58F84FC080D180E280F380C11439
:106F8000D104E104F104A1F1F801E451F84E60816B
:106F9000718182819381641575058605970540F599
:106FA0000F942FD829AD3AAD4BAD5CAD0F9470D88E
:106FB0004B015C01C701B6010F9431D89B01AC01B4
:106FC000C501B4010F94CADF6B017C01C301B2019A
:106FD0000F942FD89B01AC01C701B6010F94C0DFFD
:106FE00087FF06C0C701B6010F9443E02B013C01A7
:106FF0000C5F1F4F0031110509F0B5CF01C9D80151
:107000001C92AFCFC9A6DDA6E9AAF9AE21E02DAB4F
:10701000B1C927962FAD27972B963FAD2B972F966B
:107020004FAD2F9763965FAD63976B966FAD6B9780
:107030006D967FAD6D97C8010F94CADFEC966CAF6B
:107040007DAF8EAF9FAFEC976B96EFAD6B97EDAFCB
:107050006D96FFAD6D97FDAB0EAF23961FAF2397D7
:1070600004CAF7FAF094F7F8F094A5019401C70167
:10707000B6010F94C0DF87FF77CA7501640174CA37
:10708000C701B6010F94C0DF87FD09C020E030E0E2
:10709000A901C501B4010F9454E118162CF4A501FF
:1070A0009401C701B6015CCAB7FAB094B7F8B094BE
:1070B000A7019601C501B4010F9454E118160CF014
:1070C00053CADBCF8EE6829DF001839DF00D112423
:1070D000EE58F84F85A9846085ABA9A5ADAFBDA5D5
:1070E000BDABE9A9EEAFF9AD2396FFAF2397BCCABC
:1070F00081E030CB2091BE063091BF064091C006A2
:107100005091C106C701B601C1CB20E030E44CE18B
:1071100056E4C701B6010F9454E11816D4F48EE674
:10712000829D8001839D100D11240E58184F780107
:10713000BDE4EB0EF11CA5019401C501B4010F944F
:10714000CBDE0F9443E0F70171836083369682E0D3
:10715000E2CB20E03FEF4FE757E4C501B4010F94C5
:10716000C0DF87FF19C08EE6829D8001839D100DD0
:1071700011240154184FC501B4010F9443E0D80104
:107180006D937C938EE6829DF001839DF00D11241A
:10719000EB53F84F81E0BFCB8EE6829DF001839DDB
:1071A000F00D1124E154F84F8FEF9FEF918380830E
:1071B000E9CFF60171A482A493A4E4A4272D382D6D
:1071C000492D5E2D65A176A187A190A50F94C0DF02
:1071D000882309F451C001FD44C0D50195962D9036
:1071E0003D904D905C909897A2019101672D782D6C
:1071F000892D9E2D0F94C0DF18169CF5A2019101D8
:10720000C201B1010F9470D81B012C01F60161A9D4
:1072100072A983A994A990589B01AC010F94CBDE6D
:10722000D6019D962D913D914D915C91D0970F94F3
:1072300070D89B01AC01C201B1010F94CADE0F945A
:1072400099E22B015C019B01AC01672D782D892D02
:107250009E2D0F94C0DF87FD04C0742C852C9A2CC2
:10726000EB2C872D982DA92DBE2DF60185A396A375
:10727000A7A3B0A7016005AB111101C010E1115027
:10728000169DC001112456019C012E58384F6901EA
:107290000BCC6C012FCC8FBF0D94A0AB4F925F92A3
:1072A0006F927F928F929F92AF92BF92CF92DF9216
:1072B000EF92FF92CF93DF93CDB7DEB72C970FB647
:1072C000F894DEBF0FBECDBFC0904707D0904807EF
:1072D000E0904907F0904A07809143079091440756
:1072E000A0914507B091460740913F075091400754
:1072F00060914107709142074D835E836F83788769
:1073000089839A83AB83BC83BE016F5F7F4FCE01BD
:1073100005960E94B76A4D805E806F8078842091C8
:107320006E0630916F064091700650917106C30150
:10733000B2010F9470D80F9408E2609350077093D5
:107340005107809352079093530789809A80AB80AE
:10735000BC80209172063091730640917406509162
:107360007506C501B4010F9470D80F9408E26093BC
:107370005407709355078093560790935707809151
:107380009C13882309F48CC0A5019401C301B201A8
:107390000F9407779B01AC01C701B6010F94CBDEB8
:1073A00020917606309177064091780650917906C3
:1073B0000F9470D80F9408E26093580770935907A0
:1073C00080935A0790935B0780914B0790914C07ED
:1073D000A0914D07B0914E0789879A87AB87BC87EC
:1073E00020917A0630917B0640917C0650917D0673
:1073F000BC01CD010F9470D80F9408E260935C0734
:1074000070935D0780935E0790935F074092CC0472
:107410005092CD046092CE047092CF048092D0043A
:107420009092D104A092D204B092D304C092D4041A
:10743000D092D504E092D604F092D70489859A853B
:10744000AB85BC858093D8049093D904A093DA04CB
:10745000B093DB040F9402891092B8041092B9041F
:107460001092BA041092BB04ECEBF4E080E1DF016F
:107470001D928A95E9F72C960FB6F894DEBF0FBEE1
:10748000CDBFDF91CF91FF90EF90DF90CF90BF9075
:10749000AF909F908F907F906F905F904F900895E6
:1074A00020917606309177064091780650917906C2
:1074B000C701B6017DCF8F929F92AF92BF92CF92BC
:1074C000DF92EF92FF920F931F934B015C01E0E577
:1074D000F5E0E084F18402851385248135814681BD
:1074E000578160817181828193811F921F921F92C7
:1074F0001F92ECE5CE2EE5E0DE2E0F9439AB0F9017
:107500000F900F900F901F910F91FF90EF90DF90D1
:10751000CF90BF90AF909F908F9008958F929F9241
:10752000AF92BF92CF92DF92EF92FF920F931F9391
:107530004B015C01EFE3F7E0E084F1840285138501
:107540002481358146815781608171818281938157
:107550001F921F921F921F92EBE4CE2EE7E0DE2EC9
:107560000F9439AB0F900F900F900F901F910F91C8
:10757000FF90EF90DF90CF90BF90AF909F908F9053
:1075800008954F925F926F927F928F929F92AF92E7
:10759000BF92CF92DF92EF92FF92CF9380E00F9451
:1075A0000A59609350077093510780935207909344
:1075B000530781E00F940A5960935407709355075D
:1075C000809356079093570782E00F940A5960936F
:1075D00058077093590780935A0790935B0783E08D
:1075E0000F940A5960935C0770935D0780935E0760
:1075F00090935F0780E00F94185960933F07709352
:107600004007809341079093420781E00F941859F7
:107610006093430770934407809345079093460710
:1076200082E00F941859609347077093480780933E
:10763000490790934A0783E00F94185960934B07CA
:1076400070934C0780934D0790934E0780919C1345
:10765000882331F120914307309144074091450739
:107660005091460760913F07709140078091410714
:10767000909142070F9407779B01AC0160914707F7
:10768000709148078091490790914A070F94CADE8C
:1076900060934707709348078093490790934A0780
:1076A000C091E717CC2309F49AC0C0FF34C02091E1
:1076B000DF173091E0174091E1175091E217609188
:1076C0003F077091400780914107909142070F94C6
:1076D000CADE60933F077093400780934107909301
:1076E00042072091E3173091E4174091E51750913C
:1076F000E617609143077091440780914507909188
:1077000046070F94CADE6093430770934407809343
:10771000450790934607C1FF62C080903F07909055
:107720004007A0904107B0904207C0904307D09017
:107730004407E0904507F09046072091D717309115
:10774000D8174091D9175091DA17C501B4010F9499
:1077500070D82B013C012091DB173091DC17409150
:10776000DD175091DE17C701B6010F9470D89B0149
:10777000AC01C301B2010F94CBDE2B013C0120917F
:10778000CF173091D0174091D1175091D217C50122
:10779000B4010F9470D84B015C012091D317309144
:1077A000D4174091D5175091D617C701B6010F9441
:1077B00070D89B01AC01C501B4010F94CBDE60937E
:1077C0003F07709340078093410790934207409290
:1077D00043075092440760924507709246070E9403
:1077E000EF6880E1EFE3F7E0ACECB4E001900D92DC
:1077F0008A95E1F7CF91FF90EF90DF90CF90BF9007
:10780000AF909F908F907F906F905F904F90089572
:1078100080916F008D7F80936F000F94C1BA81E0DB
:107820008093590E80916F008D7F80936F009091AF
:10783000520E8091530E981769F09091520E8091DC
:10784000530E9817A1F38091530E8F5F8F70809322
:10785000530EEDCF10929F0510929E058FEF9FEF74
:107860009093E3048093E2041092DF041092DE040C
:107870000F94865980916F00826080936F00109200
:10788000B8041092B9041092BA041092BB04ECEB45
:10789000F4E080E1DF011D928A95E9F71092B704C8
:1078A0001092B60408951F920F920FB60F921124F2
:1078B0000BB60F928F929F92AF92BF92CF92DF92B0
:1078C000EF92FF920F931F932F933F934F935F93EA
:1078D0006F937F938F939F93AF93BF93CF93DF93D8
:1078E000EF93FF93EC988DE79FE80E94057B85EA74
:1078F0009FE00F94A3DD182F8111DEC20E949668CD
:10790000882309F4A9C30F948B3F6B017C01C091BC
:10791000560ECC2331F0C1E080916A02823009F426
:10792000C0E0D091550ED11102C0D091540E1092EA
:107930004F021092F8030E94F090179A10923C07A1
:10794000169A10923D0764E183E692E00E94B368C4
:1079500064E183E692E00E94BB6850E040E0609101
:10796000F60482E00F944A3A64E186E692E00E94CF
:10797000B36864E186E692E00E94BB6850E040E0B4
:107980006091F70483E00F944A3AC1111BC08091C3
:107990004F07811117C08091670E8093AB058091CE
:1079A000690E90916A0E9093AA058093A905809123
:1079B000DD0383FB882780F9809302188091DF0321
:1079C0008093A8050F945745C11104C00E94EF652C
:1079D0000E94A56500919C1310929C130F9408BC03
:1079E000C1111BC080914F07811117C080E1EFE3E7
:1079F000F7E0ABE9B2E001900D928A95E1F7DD2363
:107A000061F080E090E0A0E8BFEB80939B02909350
:107A10009C02A0939D02B0939E028090A30290903E
:107A2000A402A090A502B090A6020023D1F020915C
:107A30009F023091A0024091A1025091A202609158
:107A40009B0270919C0280919D0290919E020F94E6
:107A500007779B01AC01C501B4010F94CADE4B014D
:107A60005C01B501A4018DE89FE00F94D9DD409140
:107A7000A7025091A8026091A9027091AA028EE615
:107A80009FE00F94D9DD60910218C1E06C2782E776
:107A90009FE00F94C7DD0E94868610926A14C093FF
:107AA000560E1092590E789420E030E040E85FE3E3
:107AB00060914B0770914C0780914D0790914E0754
:107AC0000F94CADE60934B0770934C0780934D0769
:107AD00090934E0760E070E08EEB92E40F948EBAC4
:107AE0000F942C59149A8091F604C0E0D1E002C0A2
:107AF000D695C7958A95E2F782E00F94303A60E018
:107B000074E0681B790B90E080E00F942FD84B0154
:107B10005C01BE0190E080E00F942FD820917606A2
:107B20003091770640917806509179060F9470D87D
:107B30009B01AC01C501B4010F94CADF2AE037ED07
:107B400043E25FE30F94CBDE209147073091480773
:107B50004091490750914A070F94CBDE6093470745
:107B6000709348078093490790934A0765E575E548
:107B700085E591E40F948EBA0F942C594091FE172D
:107B80005091FF17609100187091011881E99FE0F2
:107B90000F94D9DDCEEADDE097E0B92E70E060E029
:107BA000002319F1812F6B2D0F9452DEB89EF00146
:107BB0001124E90FF11DEE0FFF1FEE0FFF1FE4561A
:107BC000FC4E20E030E04AE754E461817281838119
:107BD00094810F9470D820E030E040E05FE30F9490
:107BE000CBDE0F9472E00F943CE0CE010F94E5DD04
:107BF0001F5F2296113391F6409147075091480735
:107C00006091490770914A078AED9EE00F94D9DD93
:107C100040919B0250919C0260919D0270919E0246
:107C20008DE99FE00F94D9DD40919F025091A00211
:107C30006091A1027091A20281EA9FE00F94D9DDC8
:107C40006091FC177091FD1789E89FE00F94E5DDC6
:107C50006091390270913A0285E39DE00F94E5DD71
:107C60006091A9057091AA0588ED9EE00F94E5DD6D
:107C70006091AB058BE89FE00F94C7DD6091A8058C
:107C800088E89FE00F94C7DD4091BB025091BC0291
:107C90006091BD027091BE0288EE9EE00F94D9DD26
:107CA00060919402709195028EED9EE00F94E5DD57
:107CB00040919E0650919F066091A0067091A1068A
:107CC00081E19DE00F94D9DD4091A2065091A30679
:107CD0006091A4067091A5068DE09DE00F94D9DD1A
:107CE00040912A0750912B0760912C0770912D0726
:107CF00089E09DE00F94D9DD40E150E067E37DE04D
:107D00008BEA92E00F94B7DD609107187091081824
:107D10008CE69FE00F94E5DD60916A028CE89FE0BD
:107D20000F94C7DD40910318509104186091051815
:107D3000709106188CE29DE00F94D9DD60916B0282
:107D400070916C028DE79CE00F94E5DD40E150E01E
:107D50006DE67CE08EE896E00F94B7DD40E150E000
:107D60006DE57CE086E197E00F94B7DD40E150E0FF
:107D70006DE47CE08EE796E00F94B7DD40E150E0E3
:107D80006DE37CE086E097E00F94B7DD4091A606B6
:107D90005091A7066091A8067091A90689E39CE01E
:107DA0000F94D9DD4091AA065091AB066091AC06C4
:107DB0007091AD0685E39CE00F94D9DD4091AE064D
:107DC0005091AF066091B0067091B10681E39CE0DE
:107DD0000F94D9DD40E150E061E27CE082EB96E077
:107DE0000F94B7DD8091DC03882329F061E08FE7F1
:107DF0009CE00F94C7DD61E085EA9FE00F94C7DD4A
:107E000084E69FE00E94B2778FEF9EE00E94A57704
:107E10000F948B3FDC01CB018C199D09AE09BF0982
:107E2000BF93AF939F938F9384E591E79F938F9335
:107E30000F9465DC9FB7F894809102018460809371
:107E400002019FBF15980F900F900F900F900F9009
:107E50000F9020E030E04FEF52E460913F077091C7
:107E6000400780914107909142070F94C0DF87FD42
:107E70001FC080E090E0AFE7B3E480933F079093AA
:107E80004007A0934107B093420760E070E08AEF9B
:107E900093E40F948EBA0F942C5988E19EE00FB6AC
:107EA000F894A895809360000FBE90936000FFCF78
:107EB00080E090E0DC01E1CF0F948B3F6B017C010F
:107EC000179A10923C07169A10923D07149A64E193
:107ED00083E692E00E94B36864E183E692E00E9448
:107EE000BB6850E040E06091F60482E00F944A3AAB
:107EF0000F94574510929C130F9408BC809047072D
:107F000090904807A0904907B0904A078AED9EE0FC
:107F10000F94ABDD9B01AC01C501B4010F94CADE27
:107F20004B015C01E894B7F8209176063091770612
:107F3000409178065091790660E070E080E89FE318
:107F40000F94CADF9B01AC01C501B4010F9454E149
:107F500087FD61C00E94868610926A1481E080933A
:107F6000560E1092590E78948091F604C0E0D1E03C
:107F700002C0D695C7958A95E2F782E00F94303A11
:107F800060E074E0681B790B90E080E00F942FD8DC
:107F90004B015C01BE0190E080E00F942FD820914E
:107FA00076063091770640917806509179060F94C5
:107FB00070D89B01AC01C501B4010F94CADF2AE05F
:107FC00037ED43E25EE30F94CBDE2091470730911B
:107FD00048074091490750914A070F94CBDE6093C0
:107FE0004707709348078093490790934A0765E5D0
:107FF00075E585E591E40F948EBA0F942C59409164
:108000004707509148076091490770914A078AEDE8
:108010009EE00F94D9DD62E085EA9FE00F94C7DD12
:1080200084E69FE00E94B2778FEF9EE00E94A577E2
:108030000F948B3FDC01CB018C199D09AE09BF0960
:10804000BF93AF939F938F9383E691E79F938F9313
:108050000F9465DC0F9435AAFF91EF91DF91CF91DA
:10806000BF91AF919F918F917F916F915F914F9150
:108070003F912F911F910F91FF90EF90DF90CF9044
:10808000BF90AF909F908F900F900BBE0F900FBE40
:108090000F901F90189584B1817F84B984B1876057
:1080A00084B985B1817F85B9289A80E58CBD1DBCD6
:1080B00008952F923F924F925F926F927F928F928C
:1080C0009F92AF92BF92CF92DF92EF92FF920F9367
:1080D0001F93CF93DF93CDB7DEB7C650D1400FB615
:1080E000F894DEBF0FBECDBF8091FC1F9091FD1FA5
:1080F000A091FE1FB091FF1F8A3A9545AA4AB54547
:1081000021F48091FB1F87FDC2C1A895D0901D0569
:108110008091C00087FF04C0A8958091C600F8CF69
:1081200010921D05009191041091920410939004F7
:1081300000938F0451E9E52E5BEAF52E67E9A62E40
:108140006BEAB62EF70184910F9463A1FFEFEF1A4B
:10815000FF0AAE14BF04B1F7A8958FE090E020E9C4
:108160003BEA40E854E86EE170E0E0918F04F09162
:108170009004E017F10719F5A895415051096109DC
:10818000710999F7D0921D0580E0CA5FDE4F0FB6E6
:10819000F894DEBF0FBECDBFDF91CF911F910F913D
:1081A000FF90EF90DF90CF90BF90AF909F908F9017
:1081B0007F906F905F904F903F902F900895F801BF
:1081C000E15FFB4F40810F5F1F4F0F771127F901D0
:1081D000E81BF90BE4914E13D5CFA895019709F050
:1081E000C0CF8091C1008F778093C10003E71BEA65
:1081F000F80184910F9463A10F5F1F4FFBEA0038D1
:108200001F07B1F70F944BC00E940CE60FB6F8940D
:10821000A895809160008861809360001092600052
:108220000FBE0E94C76F4DE45BEA61E080E00E94F0
:10823000A86F1092FC1F1092FD1F1092FE1F10924B
:10824000FF1FCB5FDE4F1882C550D14010E000E029
:10825000F12CAE014F5F5F4F3A010F946AA1813458
:10826000A9F40F946AA1E82E0F94E2A352E882E0E9
:10827000E51621F081E8E81207C086E00F9463A1BB
:1082800080E10F9463A1E9CF83E0F8CF823421F439
:1082900084E10F94EEA3F4CF853411F485E0F9CF97
:1082A0008535C9F40F946AA1082F0F946AA1082B91
:1082B00010E00F946AA1182B0F946AA1182B17FFD6
:1082C00007C06894F0F8000F111F0F94E2A3D8CFF5
:1082D000E894F0F8F8CF8635A1F40F946AA18D34B4
:1082E00071F40F946AA10F946AA19F2D9170F92ED9
:1082F000880FF82A81E00F94EEA380E0BFCF83E0DF
:10830000FACF843609F077C00F946AA1B82E0F9483
:108310006AA1C82E0F946AA1E82E0F946AA1D12CED
:10832000DC2CCC24DB288E29C82A0F946AA1582E75
:10833000FE0131965F0146018E0E9F1EEE2ECA5F32
:10834000DE4FB882C650D1400F946AA1F5018193E7
:108350005F018E169F06C1F70F94E2A3F5E45F124A
:1083600001C0FFCF1801512C4F2C0115110561F5EB
:108370004201AA24BB24CB5FDE4F2881C550D140E7
:10838000822F90E0082C02C0959587950A94E2F719
:1083900080FD1AC00E9499E40E9435E5B201A8014F
:1083A00088ED0E94B7E481E090E001C0880F8A94D4
:1083B000EAF7CB5FDE4F4881C550D140482BCB5FF9
:1083C000DE4F4883C550D1400E9499E40E9435E5B4
:1083D00096014E2DCA5FDE4F5881C650D140C20172
:1083E000B1010E94BCE40E9499E4459884E00E9497
:1083F00093E4459A45CF843781F5B12CAF2C0F9487
:108400006AA1D82E0F946AA1C82E0F946AA1E82EF3
:108410000F946AA12C2D30E0322F2227F901FD297B
:108420006F018E29C82A0F946AA10F94E2A30E94BB
:1084300099E49601A301C501B8010E94DCE453014F
:10844000C501861997098C159D0508F019CFF5010E
:1084500081915F010F9463A1F3CF853751F40F949D
:10846000E2A38EE10F9463A188E90F9463A181E0F8
:1084700005CF813509F029CFF8E128E00FB6F8944F
:10848000A895F09360000FBE209360001ECF81E09E
:108490007CCE81E00C94D96F0F931F93CF938C0106
:1084A000C62F80E00E94D96F0E94C76FA80161E0CB
:1084B00080E00E94A86F80E20E9443706C2F70E001
:1084C0006F5F7F4F072E000C880B990BCF911F9188
:1084D0000F910C944D7182ED9EE00E94B27783ED76
:1084E0009EE00C94A57741E080916A13811101C050
:1084F00040E0405D62E083E00E94B46F0E9432E69B
:1085000040E3480F62E088E00E94B46F62E08AE0D6
:108510000E94946F0F94A93762E080E10E94946FEB
:1085200020E030E040E05FE360915D0E70915E0E10
:1085300080915F0E9091600E0F94CBDE0F943CE023
:108540007F936F938BE39AEA9F938F930E946D6F53
:108550000F900F900F900F9008958A3020F0803187
:1085600020F4895A0895805D089580E008950F935E
:108570001F93CF93DF93082FEB0190E024E09595B4
:1085800087952A95E1F711E0009721F00F94ADC28D
:10859000899312E0802F8F700F94ADC28883812F52
:1085A000DF91CF911F910F910895803330F08A337E
:1085B00030F09FE9980F963020F080E008958053C6
:1085C000089587550895CF93DF93EC01688180E08B
:1085D0000F9476A169810F9476A16A81CB810F9463
:1085E00076A16C2FDF91CF910D9476A1CF93DF937D
:1085F000EC010F94E3C26D810F9476A16E81CF815F
:108600000F9476A16C2FDF91CF910D9476A1CF932B
:10861000DF93EC01688349831B821A820F94E3C2C3
:108620008C83DF91CF9108959FB7F894E5E0F1E056
:1086300080818F7D80839FBF8FE891E00197F1F764
:1086400000C000009FB7F8948081806280839FBF44
:108650000895149A0895CF92DF92EF92FF92CF93EC
:10866000DF9369017A01CFE3D7E09B01AC016C8510
:108670007D858E859F850F94CBDE6C877D878E8769
:108680009F87C701B601DF91CF91FF90EF90DF90F8
:10869000CF900D948EBA0F948EBA0D942C59CF931F
:1086A000DF93EC0182EF99EA0E94DA7885E39AEA97
:1086B0000E94DA78CE01DF91CF910C94057B0C9467
:1086C00032E6893220E8920709F497C008F048C0E2
:1086D000863060E8960709F49AC030F5833040E8A8
:1086E000940709F480C0A8F4813020E8920709F4C7
:1086F00017C1823040E8940709F473C09C0186FFDB
:108700008EC02227327C2115324C09F09EC08EE1AA
:108710000895843060E8960709F467C0853020E842
:10872000920761F784E208958A3040E8940709F4DB
:108730005EC058F4883020E8920709F46EC0893092
:1087400040E89407D9F685E008958C3060E89607F4
:1087500009F451C08D3020E8920781F681E2089536
:108760008F3240E8940709F456C0E0F48C3220E8D8
:10877000920709F44EC058F48A3260E89607C9F1AE
:108780008B3220E8920709F0B9CF86E208958D3246
:1087900040E89407D1F18E3260E8960709F0AECF39
:1087A00082E20895873820E8920749F158F4873427
:1087B00060E8960729F08B3420E8920709F09ECFF5
:1087C00084E00895873041E89407D9F08B3061E860
:1087D0009607C9F08B3820E8920709F08FCF89E01F
:1087E000089581E0089582E0089583E0089586E089
:1087F000089587E008958AE208958BE2089588E05D
:1088000008958AE008958BE0089583E2089585E253
:10881000089587E2089588E2089589E2089587FF20
:1088200007C02227327C2115324CA1F58FE1089533
:108830002227317090FF52C0AC014427527C411571
:10884000524C09F04BC080E208959C0122273278F7
:10885000232B09F067C09C0122273478232B09F0D1
:1088600063C09C0122273878232B09F05FC09C014C
:1088700022273079232B09F05BC09C012227307A14
:10888000232B09F057C08827907C892B09F468C0F6
:108890008FE008959C0122273278232B09F04CC0E9
:1088A0009C0122273478232B09F048C09C01222701
:1088B0003878232B09F044C09C0122273079232BE0
:1088C00009F040C09C012227307A232BE9F5882744
:1088D000907C892B09F444C080E10895232B09F48E
:1088E0003FC09C0122273278232B81F59C0122274F
:1088F0003478232B69F59C0122273878232B51F5F6
:108900009C0122273079232B39F59C012227307ACC
:10891000232B21F58827907C892B11F181E1089583
:1089200080E0089582E1089585E1089588E1089541
:108930008BE108958CE0089583E1089586E1089520
:1089400089E108958CE108958DE0089584E108950A
:1089500087E108958AE108958DE108958EE00895F4
:108960008CE20895CF92DF92EF92FF920F931F93C4
:10897000CF93DF9320916513309166132130310539
:1089800039F420918E13213019F422E02093CE1770
:108990000F9461C3D82F8091CE17813009F464C041
:1089A00060F0823009F4F4C0DF91CF911F910F91F4
:1089B000FF90EF90DF90CF90089584E0809396022F
:1089C0000D2F10E0F801E156F545C491FC2EF2940C
:1089D0006FE0F622CF7080E00E94D96F0E94C76FCF
:1089E000000F111FF801E453F545C590D4900555CB
:1089F0001845F801859194910E946073DF92CF929F
:108A00009F938F9388E39BEA9F938F930E946D6F50
:108A100043E258EA62E080E00E94A86F0F900F9056
:108A20000F900F900F900F90F110C6C010E000E073
:108A300042E1E42E58EFC52E50E7D52EEC2FF0E0A2
:108A4000EE0FFF1FEC5DF445859194910E946073D9
:108A5000BC0181E0F11001C080E02E2DA6010F9431
:108A6000343581E08093CE1781E0809370070F94B6
:108A700073C20F94456B0D2F10E0F801E156F545D8
:108A8000C491DC2FD295DF708091C617811109C087
:108A900081E0D11101C080E08093C51781E080930F
:108AA000C6178091C417882341F081E0D11101C01D
:108AB00080E08093C5171092C41720913305309140
:108AC000340521153105B9F18091C517DD2361F019
:108AD00037FF06C0882369F081508093C51709C00D
:108AE000823039F08F5FF9CF37FF41C0811110928A
:108AF000C5178091C5174EE3811140E263E080E025
:108B00000E94B46F8091C517DD23B1F14EE381302F
:108B100009F040E263E089E00E94B46F8091C517DC
:108B2000823061F54EE363E082E10E94B46F1092FF
:108B30003405109233050E94B171882309F434CFB3
:108B40008091C517D1111CC0813089F5F801EE0F55
:108B5000FF1FEB5BF545859194910E9460730F9424
:108B60000C3681E08093C4171092CE171DCF813050
:108B700009F4BFCF81E0B1CF8130A1F240E2D3CF81
:108B8000823021F3813099F4D0935B0E8093C41727
:108B900081E00E94D96F0F945327109268051092BC
:108BA0006B051092700782E080939602DDCFCF7044
:108BB000C0935B0E81E0EACFEF2DF0E0EE0FFF1FD8
:108BC000EC5DF445859194910E9460736C0108EF0F
:108BD00010E799E0E92E32CF0F9461C3E82FF0E05F
:108BE000EE0FFF1FE453F54525913491233381E0C7
:108BF000380708F041C02D3281E0380778F52E376C
:108C0000310509F483C0F0F42C36310509F485C030
:108C100030F42536310508F079C08FEF08952437F8
:108C2000310509F473C02D37310519F023373105AB
:108C3000A1F780915B0E813009F46DC0873069F730
:108C400088E00895233D310509F46EC050F4293CB5
:108C5000310509F469C02A3C3105F9F680915B0EB3
:108C600067C02D3D310509F45FC02E3D3105B1F3DC
:108C7000243D310591F6F2CF253F81E0380709F414
:108C80005CC0F8F4263481E0380758F4213481E0E0
:108C9000380720F7275331402530310508F0BDCF84
:108CA000DDCF215931402230310508F0B6CF809117
:108CB0005B0E833009F43FC0893009F0AECF87E006
:108CC0000895293F81E0380749F270F4273F81E099
:108CD000380721F260F780915B0E833061F18830B4
:108CE00009F09BCF86E008952B3F81E03807A9F07B
:108CF00068F02C3F314009F090CF80915B0E8530B9
:108D000089F0863009F089CF85E0089580915B0E67
:108D1000813009F082CF81E0089580915B0E82302E
:108D2000D1F37BCF84E0089580915B0E823061F0B7
:108D3000833009F072CF83E0089580915B0E82301A
:108D400029F0843009F069CF82E0089580E0089529
:108D5000CF93DF93EC0160915D0E70915E0E809178
:108D60005F0E9091600E0F943CE02091690E30915F
:108D70006A0EC901861B970B069724F0CE010E944C
:108D80003E94E9CFDF91CF910895CF93DF9300D048
:108D900000D01F92CDB7DEB7873050F5673040F571
:108DA00097E0E6ECF2E0DE01119601900D929A95C3
:108DB000E1F746E050E0FA01E61BF10921E030E07E
:108DC0002C0F3D1FE20FF31F208130E0481B51099B
:108DD000C90102C0959587954A95E2F7817027965B
:108DE0000FB6F894DEBF0FBECDBFDF91CF910895CF
:108DF00080E0F5CF109267051092660580E10E9431
:108E0000C1FA882391F00E94097B81EA9DE00F94CA
:108E1000A3DD2BE0829FC0011124805B924F0F9451
:108E2000B1DD909367058093660508950F931F93B6
:108E3000CF93DF9300D01F92CDB7DEB79B01AC017B
:108E40000FE317E0F801608571858285938569835A
:108E50007A838B839C830F94CADEF80160877187C5
:108E60008287938765E575E585E591E40F948EBA71
:108E70000F942C5989819A81AB81BC81F80180873C
:108E80009187A287B387CE0101960F9412AB0F9002
:108E90000F900F900F90DF91CF911F910F91089538
:108EA0006091660570916705072E000C880B990B81
:108EB0000F9431D82091760630917706409178064C
:108EC000509179060F94CADF0F9416C71092670568
:108ED000109266050895CF93DF930E947867CFE3E1
:108EE000D7E080E090E0A0EAB0E488879987AA877D
:108EF000BB8765E575E585E591E40F944BC38DEC83
:108F00009CECACE4BEE388839983AA83BB8383E3B0
:108F100093E3A3E7B0EC8C839D83AE83BF8363E4CC
:108F200077E0CE010E945F6B60E070E086E193E441
:108F30000F944BC38AE999E9A9E1BEE38887998731
:108F4000AA87BB8765E575E585E591E4DF91CF915B
:108F50000D944BC3682F70E090E080E00F942FD801
:108F600020E030E048E052E40F9470D824E333E38B
:108F700043EB50E40F94CADE0895682F70E090E050
:108F800080E00F942FD820E030E048E052E40F94C6
:108F900070D824E333E343ED50E40F94CADE089520
:108FA0002F923F924F925F926F927F928F929F92F9
:108FB000AF92BF92CF92DF92EF92FF920F931F93E7
:108FC000CF93DF9300D000D0CDB7DEB784E00F940D
:108FD000933B80918F028C8310928F0280E00F94DC
:108FE0005A648B830E94786785EE98E40E946073D0
:108FF0000F94853544EF50E763E080E00E94A86F4E
:1090000081E080938F0280E090E0A0EAB0E480935A
:10901000470790934807A0934907B0934A0765E52F
:1090200075E585E591E40F944BC30E94BB7B1092DC
:109030008F0284E393E3A3EDB0EC80933F0790931A
:109040004007A0934107B093420784E393E3A3EB67
:10905000B0EC8093430790934407A0934507B093E7
:10906000460763E477E08FE397E00E945F6B60E080
:1090700070E088E492E40F944BC30E94EF6850E0E4
:1090800040E061E082E00E94F57B43E060E070E058
:1090900080E291EC0F94698D811106C080EC94E61A
:1090A0000E9460730E94947B8091470790914807CB
:1090B000A0914907B0914A0780939D1390939E1306
:1090C000A0939F13B093A013E2E0F0E0FA83E9834A
:1090D000C12CD12C30EAE32E30E4F32E43E0B42E41
:1090E00052E0952E00E31AEA67E0A62E0E94786708
:1090F000C0924707D0924807E0924907F0924A078A
:1091000065E575E585E591E40F944BC32981215010
:10911000822F6B2D0F9452DE892E822F0F945EDEEC
:10912000782E80FF03C0F92DF8198F2E882D880F17
:10913000880D0F94BDC760933F07709340078093DD
:10914000410790934207872D880F870D0F94AAC778
:1091500060934307709344078093450790934607B5
:1091600063E477E08FE397E00E945F6B60E070E07C
:1091700088E492E40F944BC363E080E00E94946F14
:109180008A818F9399819F931F930F930E946D6F94
:1091900043E060E070E080E291EC0F94698D582E1E
:1091A0000F900F900F900F90882309F477CFA79C12
:1091B000F0011124E80DF11DEE0FFF1FEE0FFF1F50
:1091C000E456FC4E8091470790914807A0914907CB
:1091D000B0914A0781839283A383B483E981FA81A2
:1091E0003196FA83E9833A9709F080CF60909D1316
:1091F00070909E1380909F139090A013462CA72CE4
:10920000B82C292C1E821D820CE913E18D819E81D0
:1092100083569C4E9A83898393E0392EE981FA81A3
:10922000C190D190E190F190FA83E9839301A40178
:10923000C701B6010F9454E1181614F03601470126
:10924000242D3A2D4B2D522DC701B6010F94C0DFAE
:1092500087FD04C04C2CAD2CBE2C2F2C3A94311021
:10926000DDCF8D819E814C969E838D8384359105C3
:1092700059F69301A401642D7A2D8B2D922D0F9414
:10928000CADE20E030E040E450E40F9454E11816C8
:109290003CF583E19AEA0E94057B512CFC81F09316
:1092A0008F028B810F945A640F94643B852D269610
:1092B0000FB6F894DEBF0FBECDBFDF91CF911F91E7
:1092C0000F91FF90EF90DF90CF90BF90AF909F9065
:1092D0008F907F906F905F904F903F902F90089568
:1092E000198285ECE82E8FE0F82E68011D829D81A1
:1092F000911103C0E981EE2329F120919D13309152
:109300009E1340919F135091A013F60161817281C9
:10931000838194810F94CADE20E030E048EC52E46F
:109320000F9470D820E030E040E05FE30F94CBDE94
:109330000F9472E00F943CE0C7010F94E5DDF2E07A
:10934000EF0EF11C84E0C80ED11C9D819F5F9D83B0
:10935000933069F6045E1F4FE981EF5FE983E330E4
:1093600021F60F945F8D0F946BC798CF82E00F9416
:109370001859609347077093480780934907909363
:109380004A0787E497E00D9412AB4F925F926F9279
:109390007F928F929F92AF92BF92CF92DF92EF9285
:1093A000FF920F931F93CF93DF930FE317E0CFED5F
:1093B000D7E1288139814A815B81F801608171811F
:1093C000828193810F94CADE4B015C012C813D8127
:1093D0004E815F81F80164817581868197810F9448
:1093E000CADE6B017C01CFECD7E1288139814A814B
:1093F0005B81C501B4010F9470D82B013C012C8115
:109400003D814E815F81C701B6010F9470D89B01E9
:10941000AC01C301B2010F94CBDEF801608371830C
:1094200082839383288539854A855B85C501B4018C
:109430000F9470D84B015C012C853D854E855F856E
:10944000C701B6010F9470D89B01AC01C501B401EE
:109450000F94CBDEF8016483758386839783DF9155
:10946000CF911F910F91FF90EF90DF90CF90BF9021
:10947000AF909F908F907F906F905F904F900895E6
:109480004F925F926F927F928F929F92AF92BF9214
:10949000CF92DF92EF92FF920F931F93CF93DF93C0
:1094A00000D000D01F921F92CDB7DEB7DC01CD9067
:1094B000DD90ED90FC901397C092B417D092B51741
:1094C000E092B617F092B71714960D911D912D9159
:1094D0003C91179709831A832B833C830093BC1715
:1094E0001093BD172093BE173093BF17DB010D916A
:1094F0001D912D913C9113970D831E832F833887E7
:109500000093B8171093B9172093BA173093BB176D
:1095100014964D905D906D907C9017974092C01777
:109520005092C1176092C2177092C317FA016081FE
:109530007181828193816093DF177093E01780932C
:10954000E1179093E21784809580A680B78080927F
:10955000E3179092E417A092E517B092E61720E087
:1095600030E0A9010F94C0DF8111AAC020E030E0F3
:10957000A901C501B4010F94C0DF8111A1C01092EF
:10958000E71720E030E040E85FE3C701B6010F9441
:10959000C0DF811121C020E030E0A9016D817E8112
:1095A0008F8198850F94C0DF811116C020E030E0D4
:1095B000A90169817A818B819C810F94C0DF81111F
:1095C0000BC020E030E040E85FE3C301B2010F943C
:1095D000C0DF882309F478C08091E7178260809308
:1095E000E717A3019201C701B6010F9470D84B0190
:1095F0005C012D813E814F81588569817A818B8103
:109600009C810F9470D89B01AC01C501B4010F94EB
:10961000CADE4B015C01AC019B01C301B2010F9496
:10962000CADF6093CF177093D0178093D1179093B0
:10963000D2176D817E818F8198859058A501940104
:109640000F94CADF6093D3177093D4178093D51704
:109650009093D61769817A818B819C819058A5015E
:1096600094010F94CADF6093D7177093D817809333
:10967000D9179093DA17A5019401C701B6010F9489
:10968000CADF6093DB177093DC178093DD1790932C
:10969000DE1728960FB6F894DEBF0FBECDBFDF9160
:1096A000CF911F910F91FF90EF90DF90CF90BF90DF
:1096B000AF909F908F907F906F905F904F900895A4
:1096C00081E08093E7175DCF80E090E0A0E8BFE302
:1096D0008093CF179093D017A093D117B093D21740
:1096E0001092D3171092D4171092D5171092D61744
:1096F0001092D7171092D8171092D9171092DA1724
:109700008093DB179093DC17A093DD17B093DE17DF
:10971000C0CFCF93DF93CDB7DEB768970FB6F8947D
:10972000DEBF0FBECDBF80E090E0A0E8BFE389833D
:109730009A83AB83BC831D821E821F821886198682
:109740001A861B861C868D879E87AF87B88B198AE1
:109750001A8A1B8A1C8A1D8A1E8A1F8A188EAE01CD
:109760004F5E5F4FBE01675F7F4FCE0101960F9442
:1097700040CA68960FB6F894DEBF0FBECDBFDF912A
:10978000CF9108958091E7178823D1F00F9489CB6A
:109790000F942C5980E00F94185960933F077093F1
:1097A0004007809341079093420781E00F94185936
:1097B000609343077093440780934507909346074F
:1097C00008954FEF5FEFBA0185EE9FE00F94D9DD6A
:1097D0004FEF5FEFBA0189EE9FE00F94D9DD4FEFB5
:1097E0005FEFBA018DED9FE00F94D9DD4FEF5FEF92
:1097F000BA0181EE9FE00F94D9DD4FEF5FEFBA0120
:1098000085ED9FE00F94D9DD4FEF5FEFBA0189ED51
:109810009FE00F94D9DD4FEF5FEFBA0185EC9FE039
:109820000F94D9DD4FEF5FEFBA0189EC9FE00F9401
:10983000D9DD4FEF5FEFBA018DEC9FE00F94D9DDDA
:109840004FEF5FEFBA0181ED9FE00D94D9DD4F92AC
:109850005F926F927F928F929F92AF92BF92CF92C0
:10986000DF92EF92FF921F93CF93DF93CDB7DEB7D6
:10987000A8970FB6F894DEBF0FBECDBF48E050E00A
:109880006DED7FE0CE0101960F9493DD48E050E04E
:1098900065ED7FE0CE0109960F9493DD48E050E03E
:1098A00065EE7FE0CE0141960F9493DD89899A8918
:1098B000AB89BC8989A39AA3ABA3BCA38F3F9F4F5D
:1098C000AF4FBF4F09F4B1C08D899E89AF89B88D64
:1098D0008DA39EA3AFA3B8A78F3F9F4FAF4FBF4F9E
:1098E00009F4A3C089809A80AB80BC808FEF881672
:1098F0009806A806B80609F498C08D819E81AF81AC
:10990000B885898F9A8FAB8FBC8F8F3F9F4FAF4F9A
:10991000BF4F09F48AC0C984DA84EB84FC848FEFDA
:10992000C816D806E806F80609F47FC08D859E851E
:10993000AF85B8898D8F9E8FAF8FB8A38F3F9F4F14
:10994000AF4FBF4F09F471C0298D3A8D4B8D5C8D9F
:10995000C501B4010F9467E12B013C0126E636E610
:1099600046E65FE30F94C0DF11E087FD0BC02DECEE
:109970003CEC4CE85FE3C301B2010F9454E11816CC
:109980000CF010E02D8D3E8D4F8D58A1C701B60112
:109990000F9467E12B013C0126E636E646E65FE3DD
:1099A0000F94C0DF87FD7FC02DEC3CEC4CE85FE3FB
:1099B000C301B2010F9454E118160CF474C02DA128
:1099C0003EA14FA158A569A17AA18BA19CA10F949A
:1099D00067E120E030E040E751E40F9454E11816CD
:1099E0000CF411E0A5019401C701B6010F9470D8E1
:1099F0006B017C012D8D3E8D4F8D58A1698D7A8D27
:109A00008B8D9C8D0F9470D89B01AC01C701B60162
:109A10000F94CBDE9F772DEC3CEC4CEC5DE30F9488
:109A200054E1181614F01123F1F00F94E1CB80E00B
:109A300090E0A0E8BFE389839A83AB83BC831D8257
:109A40001E821F82188619861A861B861C868D87A1
:109A50009E87AF87B88B198A1A8A1B8A1C8A1D8A2F
:109A60001E8A1F8A188EAE014F5E5F4FBE01675F70
:109A70007F4FCE0101960F9440CAA8960FB6F89476
:109A8000DEBF0FBECDBFDF91CF911F91FF90EF9052
:109A9000DF90CF90BF90AF909F908F907F906F900E
:109AA0005F904F90089511E08ACFCF9324E1AC01ED
:109AB000249FC001259F900D11246091B2177091D1
:109AC000B3170F946CDEC62F653108F0C4E18091A6
:109AD000B1178C1748F48FEF0E9443708091B11733
:109AE0008F5F8093B117F3CFCF91089581E090E01D
:109AF0009093B3178093B2170F9455CD6CE271E039
:109B000080E090E00D94923D0F931F93CF93DF93ED
:109B10008C01EB010E94C76F1092B1171093B3171D
:109B20000093B21761E080E00E94946F64E1CE017F
:109B30000E94697162E080E0DF91CF911F910F91E7
:109B40000C94946F809114059091130589130BC0A8
:109B500090911205992339F0209133053091340505
:109B60008217130639F081E09091CF03911103C061
:109B700080E0089581E008950F931F93CF93DF93C2
:109B80008C01EB018BE993E40E9460739F938F93A8
:109B900088E09AEA9F938F93DF93CF930F94BADC78
:109BA000C80FD11D47E050E0B801CE010F9493DDFE
:109BB0001F820F900F900F900F900F900F90DF91DA
:109BC000CF911F910F910895209114058091330535
:109BD000909134052817190611F080E208958EE35C
:109BE00008950F931F93CF93C82F8B010F94E4CD4B
:109BF000482F6091110580E00E94B46F62E1C801B6
:109C00000E9469718C2FCF911F910F910C94836FDB
:109C100082E080936D02809114058F5F809314051C
:109C200084E0809311051092130510921205089597
:109C3000CF93DF933091140520911305321320C088
:109C4000EB01BC0180916D02882319F080E20F9432
:109C5000F1CD80911205882399F02091140580910F
:109C60003305909134052817190651F4209721F0F7
:109C700061E0CE010E94028FDF91CF910D9408CE5A
:109C8000809114058F5F80931405DF91CF91089523
:109C9000EF92FF920F931F93CF93DF937091140570
:109CA0003091130573133FC0122FEA01062F7C0178
:109CB00080916D028823D1F00F94E4CD482F6091FC
:109CC000110580E00E94B46F61E1C7010E946971D3
:109CD000402F6091110593E1981B892F0E94B46F6A
:109CE00040E26091110583E10E94B46F80911205FA
:109CF0008823C9F020911405809133059091340593
:109D00002817190681F410926E02812FFE01199511
:109D100081E080936E02DF91CF911F910F91FF90B0
:109D2000EF900D9408CE809114058F5F80931405F9
:109D3000DF91CF911F910F91FF90EF900895CF93F6
:109D4000DF933091140520911305321321C0EB01EC
:109D5000BC0180916D02882319F080E20F94F1CD4F
:109D6000809112058823A1F020911405809133057C
:109D7000909134052817190659F410926E02FE01CD
:109D8000199581E080936E02DF91CF910D9408CEFA
:109D9000809114058F5F80931405DF91CF91089512
:109DA0003091140520911305321319C0BC01809124
:109DB0006D02882319F080E20F94F1CD8091120595
:109DC000882369F020911405809133059091340522
:109DD0002817190621F40F9408CE81E00895809188
:109DE00014058F5F8093140580E00895809111051C
:109DF000843038F58091140590E02091330530913E
:109E000034052817390744F001979093340580935F
:109E1000330587E00F947F64809133052091A1037F
:109E200030E02D5F3F4F8217130659F054F09DEF3D
:109E3000980F9093A1038450809313058FEF809324
:109E400011050895809133059091340597FF07C05F
:109E5000109234051092330587E00F947F6480914F
:109E60003305909134052091A1032817190619F0A4
:109E700014F08093A1038091A103809313050E94A5
:109E8000B171809312050895E5EAF3E080E2DF0105
:109E90001D928A95E9F70895CF933FB7F894E09122
:109EA000650EF091660EE817F907C9F0C42F90937C
:109EB000660E8093650E709334056093330510929F
:109EC000A10382E080936D023FBF222319F080E05E
:109ED0000F947F64CC2321F0CF910D9444CF3FBFEA
:109EE000CF9108957F928F929F92AF92BF92CF921F
:109EF000DF92EF92FF920F931F93CF93DF93E09146
:109F0000140550911305E51373C0FB01483009F0A7
:109F10006CC0C081D0E04901742E6B015C0180915E
:109F20006D02882359F06091110580E00E94946FC2
:109F30000F94E4CDAE01B5010F94F7A38091120503
:109F4000882309F455C09091140520913305309170
:109F500034059217130609F04BC08091F003873047
:109F6000D8F4282F30E0F901EE0FFF1FE20FF31FA6
:109F7000E456F84E2091650E3091660E31832083B1
:109F80008F5F8093F003928320E040E070E060E018
:109F900088E59AE30F944CCFB092A603A092A50354
:109FA000D092A903C092A8037092A703D093AB03E9
:109FB000C093AA039092AD038092AC031093AF03B9
:109FC0000093AE03F092B103E092B003DF91CF9122
:109FD0001F910F91FF90EF90DF90CF90BF90AF90C7
:109FE0009F908F907F900D9408CEC081D18193CFA8
:109FF000809114058F5F80931405DF91CF911F919D
:10A000000F91FF90EF90DF90CF90BF90AF909F9017
:10A010008F907F90089580916D02882309F452C03B
:10A020002091B0033091B1038091AC039091AD03C6
:10A0300021153105D9F04091330550913405411572
:10A040005105A1F07CF04091AA035091AB03481751
:10A05000590741F43093AB032093AA0310923405BF
:10A06000109233051092B1031092B0032091AA030D
:10A070003091AB034091330550913405240F351FC7
:10A0800010923405109233052817390744F0809157
:10A09000AE039091AF03281739070CF4C9019093D0
:10A0A000AB038093AA0361E080E00E94946F40912B
:10A0B000AA035091AB036091A5037091A60380E2BF
:10A0C0000F94F7A30E94B171882341F1E091A80396
:10A0D000F091A9038091AA039091AB032091A7036B
:10A0E00080832830C9F48091F0038823B9F081502F
:10A0F0008093F00390E0FC01EE0FFF1FE80FF91FC3
:10A10000E456F84E6281062E000C770B20E040E00A
:10A11000808191810D944CCF9183E5CF0895DC012E
:10A12000262F9091F0039730D8F4492F50E0FA0190
:10A13000EE0FFF1FE40FF51FE456F84E4091650E39
:10A140005091660E51834083809133059F5F9093B9
:10A15000F003828341E070E060E0CD010D944CCFCC
:10A1600008958F929F92AF92BF92CF92DF92EF921B
:10A17000FF920F931F93CF93DF93E09114053091DB
:10A180001305E31373C0C22F6A017B015C01809148
:10A190006D028823A1F10F94E4CD01E08E3309F024
:10A1A00000E00C2B802F8270882EE114F10409F45A
:10A1B0006FC0E70190E2992E882009F441C0CE01DA
:10A1C0000F9461DB14E0180F4EE300FF40E2609152
:10A1D000110580E00E94B46F64E1611BC5010E941B
:10A1E00069718BE50E94836FCE01882089F10E94FE
:10A1F0007F6F8DE50E94836F892D0E94836F809110
:10A200001205882399F120911405809133059091CE
:10A2100034052817190651F5EF28E9F460E0C60166
:10A220000F948FD0DF91CF911F910F91FF90EF90FE
:10A23000DF90CF90BF90AF909F908F900D9408CEFD
:10A24000FE0101900020E9F7EC1B13E01E0FBCCFCC
:10A250000E949B71CECF10926E02C114D10411F0F6
:10A26000F601199581E080936E02DCCF8091140590
:10A270008F5F80931405DF91CF911F910F91FF9015
:10A28000EF90DF90CF90BF90AF909F908F90089508
:10A2900087E09DE30E946073EC018EE7982E8CCFDF
:10A2A0000F931F93CF93DF93CDB7DEB763970FB6AE
:10A2B000F894DEBF0FBECDBF309114052091130579
:10A2C000321338C08B0120916D022223A9F0BE0108
:10A2D0006F5F7F4F0F94BCCD0F94E4CD482F6091FA
:10A2E000110580E00E94B46F62E1CE0101960E94E8
:10A2F00083718EE70E94836F809112058823D1F0CD
:10A300002091140580913305909134052817190682
:10A3100089F460E0C8010F948FD00F9408CE639643
:10A320000FB6F894DEBF0FBECDBFDF91CF911F9166
:10A330000F910895809114058F5F80931405EFCFDE
:10A34000CF93DF93309114052091130532131EC073
:10A35000EB01BC0180916D02882319F08EE70F9408
:10A36000F1CD80911205882389F020911405809108
:10A370003305909134052817190641F460E0CE01A9
:10A380000F948FD0DF91CF910D9408CE809114055A
:10A390008F5F80931405DF91CF910895982F80915E
:10A3A000F0039817A8F4891B8093F00390E0FC0158
:10A3B000EE0FFF1FE80FF91FE456F84E6281062EDC
:10A3C000000C770B20E041E0808191810D944CCF0F
:10A3D00080E0EACF81E00D94CED130911405209138
:10A3E0001305321319C0BC0180916D02882319F046
:10A3F00083E80F94F1CD80911205882369F02091B4
:10A40000140580913305909134052817190621F41D
:10A410000F94EAD10D9408CE809114058F5F80933C
:10A4200014050895EF92FF920F931F93CF93DF933C
:10A430001092D4038091B203811123C081E08093F4
:10A44000B20381E090E020916513309166132730CC
:10A45000314811F090E080E0BC01660F771F680F73
:10A46000791F615C754543E050E084EB93E00F9405
:10A470003DDB8091B4030F94D81D8091901380939D
:10A48000B3030F9422CF10921105809111058430EF
:10A49000E0F5109214050F94A2CD882389F0609105
:10A4A000B30370E08091B4030E9438E010925A0E1A
:10A4B000DF91CF911F910F91FF90EF900D94532753
:10A4C00081E295E60E9460730F94EDD10091B6038E
:10A4D00010E0C091B503D0E083E195E60E9460737F
:10A4E000F12CE12C9E0148E063EB73E00F9472CFF6
:10A4F0000F94F6CE809111058F5F809311058091A6
:10A5000013058F5F80931305C0CFDF91CF911F910B
:10A510000F91FF90EF9008950E94B17181110D94F9
:10A52000EAD108958F929F92AF92BF92EF92FF92DD
:10A530000F931F93CF93DF93CDB7DEB7A0970FB6DE
:10A54000F894DEBF0FBECDBF611571058105910581
:10A5500099F480E3A0960FB6F894DEBF0FBECDBF8E
:10A56000DF91CF911F910F91FF90EF90BF90AF902F
:10A570009F908F900C94C17800E0842E912CB12C88
:10A58000A12C9E012F5F3F4F7901A50194010F94EB
:10A5900016DEF701E00FF11D6083B901CA010F5FFC
:10A5A000611571058105910581F70E0D1F2D111D96
:10A5B000E016F10659F0F80182918F018A3020F4FB
:10A5C000805D0E94C178F4CF895CFBCFA0960FB666
:10A5D000F894DEBF0FBECDBFDF91CF911F910F91D9
:10A5E000FF90EF90BF90AF909F908F900895CF9283
:10A5F000DF92EF92FF926B017C01F7FE0BC08DE2C0
:10A600000E94C178F094E094D094C094C11CD11CF5
:10A61000E11CF11C4AE0C701B601FF90EF90DF900A
:10A62000CF900D9492D24F925F926F927F928F92C1
:10A630009F92AF92BF92CF92DF92EF92FF920F93D1
:10A640001F93CF93DF931F921F92CDB7DEB7A82E33
:10A6500088E295E60E9460730F94600D10923F07A8
:10A660001092400710924107109242071092430740
:10A670001092440710924507109246079EEAE92E71
:10A680009DE0F92ED12CC12C27E0B22E8C2D6B2D04
:10A690000F945EDE082F992E42E050E0B701CE0104
:10A6A00001960F9493DD69817A816115710511F02E
:10A6B000DD24D3942B2D020380011124090D111DDB
:10A6C00097FC1A95000F111F000F111F04561C4E06
:10A6D000072E000C880B990B0F9431D82FE632E12E
:10A6E00043E85AE30F9470D8F8016183728383833F
:10A6F0009483F2E0EF0EF11CC39421E3C212C6CFA3
:10A700008AED9EE00F94ABDD609347077093480796
:10A710008093490790934A078EE69FE00F94ABDD44
:10A7200060934B0770934C0780934D0790934E07AF
:10A730000F9427CC0F94FAC68FE397E00E947E6CAB
:10A740000E94EF680F944EB988E99BEA0E94DA787C
:10A7500080914A078F93809149078F938091480792
:10A760008F93809147078F93809146078F938091B5
:10A7700045078F93809144078F93809143078F9370
:10A78000809142078F93809141078F93809140077A
:10A790008F9380913F078F9387E791E79F938F93E4
:10A7A0000F9465DC81E080933E07159888ED9EE06C
:10A7B0000F94B1DD90936A0E8093690E8BE89FE051
:10A7C0000F94A3DD90E09093680E8093670E88EE5F
:10A7D0009EE00F94ABDD6093BB027093BC0280934C
:10A7E000BD029093BE028EED9EE00F94B1DD90937A
:10A7F00095028093940240E150E067E37DE08BEAAC
:10A8000092E00F9493DD8CE69FE00F94B1DD90937E
:10A810000818809307188CE29DE00F94ABDD6093DD
:10A8200003187093041880930518909306188DE709
:10A830009CE00F94B1DD90936C0280936B0240E139
:10A8400050E06DE67CE08EE896E00F9493DD40E109
:10A8500050E06DE57CE086E197E00F9493DD40E108
:10A8600050E06DE47CE08EE796E00F9493DD40E1EC
:10A8700050E06DE37CE086E097E00F9493DD89E3A0
:10A880009CE00F94ABDD6093A6067093A7068093BF
:10A89000A8069093A90685E39CE00F94ABDD609336
:10A8A000AA067093AB068093AC069093AD0681E345
:10A8B0009CE00F94ABDD6093AE067093AF0680937F
:10A8C000B0069093B10640E150E061E27CE082EB9B
:10A8D00096E00F9493DD8FE79CE00F94A3DD0FB615
:10A8E000F894DEBF0FBECDBF8130B1F420E030E080
:10A8F00040EA51E460914707709148078091490709
:10A9000090914A070F94CBDE6093470770934807F6
:10A910008093490790934A078FE79CE00F94A3DD4B
:10A92000811123C020E030E040EA51E46091470704
:10A93000709148078091490790914A070F94CBDEA8
:10A940009F938F937F936F938DE99CEA9F938F934F
:10A950000E94A08F61E08FE79CE00F94C7DD0F900D
:10A960000F900F900F900F900F9061E085E99CEA97
:10A970000E94028F80916A0E8F938091690E8F934F
:10A980008CE89CEA9F938F930E94A08F8091680E21
:10A990008F938091670E8F9383E89CEA9F938F93A8
:10A9A0000E94A08F8CE89FE00F94A3DD0FB6F8946F
:10A9B000DEBF0FBECDBF811110C080916A0E8F9394
:10A9C0008091690E8F938AE79CEA9F938F930E94F0
:10A9D000A08F0F900F900F900F9061E08DE19CE69B
:10A9E0000E94028FA11017C061E08FE69CEA0E94CE
:10A9F000028F8FE38F9380E88F931F921F9282EDD7
:10AA000091E79F938F930E94A08F0F900F900F90CC
:10AA10000F900F900F908CEB91E70F948CDC0E94BD
:10AA2000D17988E89FE00F94A3DD882E89E89FE024
:10AA30000F94B1DD8C0185E39DE00F94B1DDF82E1C
:10AA4000E92E85E69CEA0E94DA78B801012E000C16
:10AA5000880B990B0F94F7D285E59CEA0E94DA786F
:10AA60008F2D9E2D0F945E7880916A02811102C015
:10AA70000E94C58F8DE99FE00F94ABDDC62EB72EE7
:10AA8000A82E992E81EA9FE00F94ABDD762E672EDB
:10AA9000582E492E20E030E040E85FEB6C2D7B2DF6
:10AAA0008A2D992D0F94C0DF882399F04F925F92E1
:10AAB0006F927F929F92AF92BF92CF928EE39CEA69
:10AAC0009F938F930E94A08F0FB6F894DEBF0FBEA6
:10AAD000CDBFDD2029F061E081E39CEA0E94028F76
:10AAE0008DE89FE00F94ABDD9F938F937F936F93DF
:10AAF00087E29CEA9F938F930E94A08F81E19DE063
:10AB00000F94ABDDD62EC72EB82EA92E8DE09DE07A
:10AB10000F94ABDD962E772E682E592E89E09DE09E
:10AB20000F94ABDD9F938F937F936F935F926F92A0
:10AB30007F929F92AF92BF92CF92DF928DE09CEA7C
:10AB40009F938F930E94A08F8FE38F9380E88F93C2
:10AB50001F921F9282ED91E79F938F930E94A08F87
:10AB60008EE69FE00F94ABDD9F938F937F936F935F
:10AB700082E09CEA9F938F930E94A08F0FB6F89477
:10AB8000DEBF0FBECDBF82E79FE00F94A3DD882319
:10AB900029F061E08EEF9BEA0E94028F1F930F93D2
:10ABA00087EF9BEA9F938F930E94A08FEF92FF9273
:10ABB0008EE991E79F938F930E94A08F1F928F92AF
:10ABC0008EEE9BEA9F938F930E94A08F81E99FE076
:10ABD0000F94ABDD20916A020FB6F894DEBF0FBE72
:10ABE000CDBF211133C09F938F937F936F9385EED9
:10ABF0009BEA9F938F930E94A08F0F900F900F90CE
:10AC00000F900F900F9061E085ED9BEA0E94028FFC
:10AC100061E08AEC9BEA0E94028F87EA91E70F9439
:10AC20008CDC0E94D1790F900F90DF91CF911F9112
:10AC30000F91FF90EF90DF90CF90BF90AF909F90DB
:10AC40008F907F906F905F904F9008952130D9F64C
:10AC50009F938F937F936F938BED9BEACACF8F92D5
:10AC60009F92AF92BF92CF92DF92EF92FF92CF93DB
:10AC70006B017C01B42E20E030E0A9010F94C0DF0D
:10AC800087FF07C08DE20E94C178F7FAF094F7F8C9
:10AC9000F094C0E060E070E080E09FE3CB1541F00D
:10ACA00020E030E040E251E40F94CADFCF5FF6CFFE
:10ACB0009B01AC01C701B6010F94CBDE6B017C0197
:10ACC0000F9443E04B015C014AE00F9492D2CC23F5
:10ACD00091F1C501B4010F942FD89B01AC01C701BC
:10ACE000B6010F94CADE6B017C018EE20E94C1782E
:10ACF000C15008F120E030E040E251E4C701B60164
:10AD00000F9470D84B015C010F943CE06B01770FFE
:10AD1000EE08FF08C701B6010F94F7D2C701B601CC
:10AD20000F9431D89B01AC01C501B4010F94CADE68
:10AD30006B017C01DDCFCF91FF90EF90DF90CF9042
:10AD4000BF90AF909F908F9008958AE00C94C17847
:10AD50000E94F68E0D94A5D6209191043091920414
:10AD600080918F04909190048217930771F0F901FC
:10AD7000E15FFB4F80812F5F3F4F2F773327309369
:10AD800092042093910490E008958FEF9FEF08952F
:10AD90001F920F920FB60F9211240BB60F922F93A2
:10ADA0003F934F936F937F938F939F93EF93FF9373
:10ADB0008091C80084FF12C08091CE00FF91EF9176
:10ADC0009F918F917F916F914F913F912F910F9014
:10ADD0000BBE0F900FBE0F901F9018954091CE00A4
:10ADE00080911D05813051F720918F04309190049E
:10ADF000C90101968F77992760919104709192040F
:10AE000086179707D9F2215F3B4FF9014083909352
:10AE1000900480938F04D2CF1F920F920FB60F929F
:10AE200011240BB60F922F933F934F936F937F9301
:10AE30008F939F93EF93FF938091C00084FF12C084
:10AE40008091C600FF91EF919F918F917F916F91BB
:10AE50004F913F912F910F900BBE0F900FBE0F900F
:10AE60001F9018954091C60080911D058111EACF71
:10AE700020918F0430919004C90101968F77992712
:10AE8000609191047091920486179707D9F2215F1F
:10AE90003B4FF90140839093900480938F04D2CF6D
:10AEA0002F923F924F925F926F927F928F929F92DA
:10AEB000AF92BF92CF92DF92EF92FF920F931F93C8
:10AEC000CF93DF93CDB7DEB7C254D1090FB6F89454
:10AED000DEBF0FBECDBF4C015B016A01322E19826D
:10AEE0001C821C8E1F8E672B21F510E0CE014C9624
:10AEF0000E94BB78CE0101960E94BB78812FCE5B69
:10AF0000DF4F0FB6F894DEBF0FBECDBFDF91CF91FC
:10AF10001F910F91FF90EF90DF90CF90BF90AF9077
:10AF20009F908F907F906F905F904F903F902F9069
:10AF30000895FC0183818111D8CFFA0180818F327D
:10AF4000C1F4CA016C010196F60120812F32D1F3C0
:10AF5000F50183818250823060F0618D728DCE0167
:10AF60004C960F941FA48E01045E1F4F811102C0E6
:10AF7000BCCF8501CE0101967C013C012E019CE1F4
:10AF8000490E511C2396EFAE23972F2CFE01F79606
:10AF9000CF010B96AF0120E22193E817F907D9F70B
:10AFA000960190E067E0D9018D91882349F18F32B5
:10AFB00039F1282F8E3239F46A3009F496CF98E0AF
:10AFC0006AE09D01F0CFEBEAFEEA3491332321F0F1
:10AFD00031968313FACF89CF691708F486CF3FEDF6
:10AFE000380F3E3508F081CF3FE9380F3A3110F481
:10AFF00020EE280FFA01E90FF11D20839F5FE1CFBA
:10B000008FA9803209F471CF6901F90180812F5F26
:10B010003F4F8F32C9F38823D9F021E0B801C7012F
:10B020000F946CA8882309F460CF0A151B0519F04A
:10B03000C8010F946FA4942D852D6E147F0421F008
:10B0400023969FAD2397822D8701E92EF82E9ECF60
:10B05000232DB801C4010F946CA8182F47CFE89492
:10B0600009C097FB3EF490958095709561957F4F50
:10B070008F4F9F4F9923A9F0F92F96E9BB279395FE
:10B08000F695879577956795B795F111F8CFFAF40E
:10B09000BB0F11F460FF1BC06F5F7F4F8F4F9F4F3F
:10B0A00016C0882311F096E911C0772321F09EE89D
:10B0B000872F762F05C0662371F096E8862F70E003
:10B0C00060E02AF09A95660F771F881FDAF7880FDD
:10B0D0009695879597F908959B01AC010D9470D8CA
:10B0E0000F9483D80D94F4D80F94E6D838F00F94C9
:10B0F000EDD820F0952311F00D94DDD80D94E3D810
:10B1000011240D9428D90F9405D970F3959FC1F39C
:10B11000950F50E0551F629FF001729FBB27F00D05
:10B12000B11D639FAA27F00DB11DAA1F649F66275A
:10B13000B00DA11D661F829F2227B00DA11D621FA9
:10B14000739FB00DA11D621F839FA00D611D221F63
:10B15000749F3327A00D611D231F849F600D211D47
:10B16000822F762F6A2F11249F5750409AF0F1F0CA
:10B1700088234AF0EE0FFF1FBB1F661F771F881F33
:10B1800091505040A9F79E3F510580F00D94DDD8B5
:10B190000D9428D95F3FE4F3983ED4F386957795D4
:10B1A0006795B795F795E7959F5FC1F7FE2B880FD9
:10B1B000911D9695879597F9089597F99F6780E86F
:10B1C00070E060E008959FEF80EC089500240A94F9
:10B1D0001616170618060906089500240A94121672
:10B1E0001306140605060895092E0394000C11F4A5
:10B1F000882352F0BB0F40F4BF2B11F460FF04C052
:10B200006F5F7F4F8F4F9F4F089557FD9058440FAA
:10B21000551F59F05F3F71F04795880F97FB991FB5
:10B2200061F09F3F79F08795089512161306140672
:10B23000551FF2CF4695F1DF08C0161617061806FF
:10B24000991FF1CF86957105610508940895E894DA
:10B25000BB2766277727CB0197F908953F924F9236
:10B260005F926F927F928F929F92AF92BF92CF9296
:10B27000DF92EF92FF920F931F93CF93DF935C01C6
:10B280006B017A016115710519F0FB0191838083CF
:10B29000E114F10451F0C7010297839730F040E0C8
:10B2A00030E020E090E06BC05E01E5012196F50101
:10B2B0001081812F90E00F9434DB892BA9F71D3288
:10B2C00001F52196F501118101E0E114F10409F481
:10B2D000E6C0F0E1EF16F10409F088C0103359F42C
:10B2E00088818F7D883509F07CC0198122960260A3
:10B2F000F0E1EF2EF12C812C912CA12C88E0B82EBE
:10B3000092C01B3221F4E5012296F501118100E083
:10B31000DCCFEAE0EE16F10409F4C7C0F0E1EF1665
:10B32000F10409F073C0E7CF78E0E72EF12C812C0F
:10B33000912CA12C60E1B62E76C021E0ADC0302F5B
:10B340003170C114D10431F0222371F12197F6013B
:10B35000D183C08327FF2EC060E070E080E090E8DA
:10B36000311104C06FEF7FEF8FEF9FE722E230E0F3
:10B3700030930A1820930918462F372F282F642F4F
:10B38000732F822FDF91CF911F910F91FF90EF903C
:10B39000DF90CF90BF90AF909F908F907F906F90F5
:10B3A0005F904F903F90089501FF04C02297F601EF
:10B3B000D183C083332341F090958095709561953A
:10B3C0007F4F8F4F9F4FD8CF97FFD6CF82E290E02D
:10B3D00090930A18809309186FEF7FEF8FEF9FE724
:10B3E000CBCF10E3E114F10409F49ECF28E0E2167C
:10B3F000F10409F49CCF0CF08CCF812C912CA12C62
:10B40000E0E4BE2E82E0E816F10469F060E070E04E
:10B4100080E090E897010F2C000C440B550B0F9423
:10B4200016DE49015A0120E060E070E0CB012701FF
:10B430000F2C000C66087708FE0150ED352E310EFA
:10B4400039E0331570F43FEB310F49EC342E3A31CB
:10B4500038F03FE9310F3A3108F071CF39EA332E35
:10B46000310E3E141F040CF06ACF27FD15C086165E
:10B470009706A806B90678F0A30192010F9406DE9C
:10B48000630D711D811D911D61307105810520E8DD
:10B49000920708F452CF2FEF21961081CDCF1033B1
:10B4A00009F41ECF2AE0E22EF12C9CEC892E982C78
:10B4B000A82C9CE0B92EB7CF283008F027E033271E
:10B4C000DA01990F311D87FD9160009661057105C4
:10B4D00039F432602E5F3D9330E32A95E1F7089509
:10B4E0009F3F30F080387105610509F03C5F3C5F9B
:10B4F0003D93913008F08068911DDF93CF931F93A7
:10B500000F93FF92EF92192F987F9695E92F9695BA
:10B510009695E90FFF27E65BF84899273327EE2435
:10B52000FF24A701E70105900894079428F4360F3B
:10B53000E71EF81E491F511D660F771F881F991FB0
:10B540000694A1F70590079428F4E70EF81E491F0A
:10B55000561FC11D770F881F991F661F0694A1F7FC
:10B560000590079428F4F80E491F561FC71FD11DD8
:10B57000880F991F661F771F0694A1F705900794FF
:10B5800020F4490F561FC71FD81F990F661F771F3A
:10B59000881F0694A9F784911095177041F0D695ED
:10B5A000C79557954795F794E7941A95C1F7E0EF3B
:10B5B000F6E76894159015913591659195910590F0
:10B5C0007FE27395E118F10A430B560BC90BD009C2
:10B5D000C0F7E10CF11E431F561FC91FD01D7EF49A
:10B5E000703311F48A95E6CFE894015030F0080FDB
:10B5F0000AF40027021708F4202F2395022F7A332C
:10B6000028F079E37D932A95E9F710C07D932A9578
:10B6100089F6069497956795379517951794E118CD
:10B62000F10A430B560BC90BD00998F023957E9174
:10B6300073957A3308F070E37C932013B8F77E910A
:10B6400070617D9330F0839571E37D9370E32A956B
:10B65000E1F71124EF90FF900F911F91CF91DF91AF
:10B66000992787FD9095089591110D9490DD803272
:10B6700019F089508550C8F70895FB01DC0102C01C
:10B6800005900D9241505040D8F70895FB01DC0120
:10B690000D900020E9F7119705900D920020E1F739
:10B6A0000895FB01DC018D91059080190110D9F3FB
:10B6B000990B0895FB01DC0105900D920020E1F744
:10B6C0000895FC0105900020E9F7809590958E0F74
:10B6D0009F1F0895FB01DC014150504088F08D917F
:10B6E00081341CF08B350CF4805E659161341CF064
:10B6F0006B350CF4605E861B611171F3990B089534
:10B70000881BFCCFFB01DC014150504030F08D9193
:10B710000590801919F40020B9F7881B990B08953A
:10B72000FB01DC014150504048F005900D92002093
:10B73000C9F701C01D9241505040E0F70895FC0147
:10B740000590615070400110D8F7809590958E0F4C
:10B750009F1F0895FB0155915523A9F0BF01DC01FE
:10B760004D9145174111E1F759F4CD0105900020A5
:10B7700049F04D9140154111C9F3FB014111EFCF43
:10B7800081E090E001970895FC01615070400190C4
:10B790000110D8F7809590958E0F9F1F0895CF9335
:10B7A000DF93EC012B8120FF1AC026FF0CC02F7BFA
:10B7B0002B838E819F8101969F838E838A8190E067
:10B7C000DF91CF91089522FF18C0E881F98180812F
:10B7D000082E000C990B009729F420622B838FEF21
:10B7E0009FEFEECF3196F983E8832E813F812F5F63
:10B7F0003F4F3F832E839927E3CFEA85FB85199539
:10B8000097FFF3CF2B81019621F080E2822B8B836F
:10B81000E6CF80E1FBCF0F931F93CF93DF93182FD9
:10B82000092FEB018B8181FD09C01FEF0FEF812FE5
:10B83000902FDF91CF911F910F91089582FF14C037
:10B840002E813F818C819D81281739073CF4E88146
:10B85000F981CF0101969983888310838E819F811E
:10B8600001969F838E83E3CFE885F985812F199513
:10B87000892BA1F3DACFEF92FF920F931F93CF930F
:10B88000DF938C017B01DB0113968C91D0E0C0E04B
:10B8900081FD0FC0CFEFDFEF10C0D7011896ED91FB
:10B8A000FC91B7011995892B11F0CFEFDFEF0F5FF6
:10B8B0001F4FF80184918111F0CFCE01DF91CF911C
:10B8C0001F910F91FF90EF9008950F931F93CF93C7
:10B8D000DF93CDB7DEB7AE01485F5F4FDA016D9100
:10B8E0007D91AD010FE018E1F80182819381DC01C7
:10B8F00013962C911397286013962C930E948F57C0
:10B90000D8011296ED91FC912381277F2383DF914B
:10B91000CF911F910F9108950F931F93CF93DF93B2
:10B920008C01E0911118F09112188381D0E0C0E0F1
:10B9300081FD0AC0CFEFDFEF17C01995892B11F0F9
:10B94000CFEFDFEF0F5F1F4FF80184916091111867
:10B9500070911218DB011896ED91FC918111EDCFD9
:10B960008AE01995892B31F7CE01DF91CF911F9194
:10B970000F9108950F931F93CF93DF93CDB7DEB749
:10B980002E970FB6F894DEBF0FBECDBF0E891F896C
:10B990008EE08C831A8309838FEF9FE79E838D83CC
:10B9A000AE01465E5F4F688D798DCE0101960E9493
:10B9B0008F572F813885020F131FF80110822E96A2
:10B9C0000FB6F894DEBF0FBECDBFDF91CF911F91B0
:10B9D0000F910895CF93DF93EC018B8188608B8367
:10B9E000CE010E948F572B81277F2B83DF91CF9130
:10B9F00008950F931F93CF93DF93CDB7DEB72E97A4
:10BA00000FB6F894DEBF0FBECDBF8C01FA018EE0F9
:10BA10008C831A83098377FF02C060E070E861506D
:10BA200071097E836D83A901BF01CE0101960E9439
:10BA30008F574D815E8157FD0AC02F81388542178F
:10BA400053070CF49A01020F131FF80110822E966F
:10BA50000FB6F894DEBF0FBECDBFDF91CF911F911F
:10BA60000F910895FA01AA27283051F1203181F170
:10BA7000E8946F936E7F6E5F7F4F8F4F9F4FAF4FF6
:10BA8000B1E03ED0B4E03CD0670F781F891F9A1F09
:10BA9000A11D680F791F8A1F911DA11D6A0F711DBD
:10BAA000811D911DA11D20D009F468943F912AE0C9
:10BAB000269F11243019305D3193DEF6CF010895B1
:10BAC000462F4770405D4193B3E00FD0C9F7F6CFE2
:10BAD000462F4F70405D4A3318F0495D31FD4052AA
:10BAE000419302D0A9F7EACFB4E0A6959795879540
:10BAF00077956795BA95C9F700976105710508951F
:10BB00009B01AC010A2E06945795479537952795CA
:10BB1000BA95C9F7620F731F841F951FA01D089562
:10BB2000992788270895DC01CB01FC01F999FECF04
:10BB300006C0F2BDE1BDF89A319600B40D924150B5
:10BB40005040B8F70895F999FECF92BD81BDF89A9B
:10BB5000992780B50895A6E1B0E044E050E00D9447
:10BB600095DDA8E1B0E042E050E00D9495DDDC0108
:10BB7000A40FB51F4150504048F0CB01840F951FD2
:10BB80002E910F94C8DD41505040D0F70895262FD4
:10BB9000F999FECF92BD81BDF89A019700B40216C3
:10BBA00039F01FBA20BD0FB6F894FA9AF99A0FBE71
:10BBB00008950396272F0F94C8DD0F94C7DD252F16
:10BBC0000F94C8DD242F0D94C8DD0196272F0F9404
:10BBD000C8DD0D94C7DD262FF999FECF1FBA92BD9F
:10BBE00081BD20BD0FB6F894FA9AF99A0FBE01965E
:10BBF0000895242F0F94ECDD252F0F94ECDD0D9488
:10BC000001DE0F94EBDD272F0D94ECDDDB018F932C
:10BC10009F930F9438DEBF91AF91A29F800D911D2D
:10BC2000A39F900DB29F900D11240895A1E21A2EAA
:10BC3000AA1BBB1BFD010DC0AA1FBB1FEE1FFF1FD0
:10BC4000A217B307E407F50720F0A21BB30BE40B20
:10BC5000F50B661F771F881F991F1A9469F7609567
:10BC60007095809590959B01AC01BD01CF01089521
:10BC70000F9443DEA59F900DB49F900DA49F800D5F
:10BC8000911D11240895A29FB001B39FC001A39FED
:10BC9000700D811D1124911DB29F700D811D112405
:10BCA000911D0895991B79E004C0991F961708F01B
:10BCB000961B881F7A95C9F78095089587FB082EF3
:10BCC000062687FD819567FD61950F9452DE0EF47F
:10BCD000919507FC81950895AA1BBB1B51E107C0F4
:10BCE000AA1FBB1FA617B70710F0A61BB70B881F0C
:10BCF000991F5A95A9F780959095BC01CD0108959B
:10BD000097FB072E16F4009407D077FD09D00F9407
:10BD10006CDE07FC05D03EF4909581959F4F089509
:10BD2000709561957F4F0895052E97FB1EF4009442
:10BD30000F94ABDE57FD07D00F9416DE07FC03D03F
:10BD40004EF40D94ABDE50954095309521953F4FC4
:10BD50004F4F5F4F089590958095709561957F4FF7
:10BD60008F4F9F4F0895EE0FFF1F881F8BBF0790C7
:10BD7000F691E02D19940F9443DE332312F48A1BBD
:10BD80009B0B0D94C5DE0F9443DEB7FF0895821B15
:10BD9000930B08955058BB27AA270F94E2DE0D9409
:10BDA000F4D80F94E6D838F00F94EDD820F039F499
:10BDB0009F3F19F426F40D94E3D80EF4E095E7FBC9
:10BDC0000D94DDD8E92F0F9405D958F3BA176207FF
:10BDD00073078407950720F079F4A6F50D9427D909
:10BDE0000EF4E0950B2EBA2FA02D0B01B901900196
:10BDF0000C01CA01A0011124FF27591B99F0593FDA
:10BE000050F4503E68F11A16F040A22F232F342F21
:10BE10004427585FF3CF469537952795A795F0406F
:10BE20005395C9F77EF41F16BA0B620B730B840B84
:10BE3000BAF09150A1F0FF0FBB1F661F771F881F3C
:10BE4000C2F70EC0BA0F621F731F841F48F4879594
:10BE500077956795B795F7959E3F08F0B0CF939586
:10BE6000880F08F09927EE0F9795879508950F94FE
:10BE7000E6D860F080E891E009F49EEF0F94EDD8E9
:10BE800028F040E851E071F45EEF0CC00D94E3D867
:10BE90000D9427D9E92FE0780F9405D940F3092EA6
:10BEA000052AB1F3261737074807590738F00E2E31
:10BEB00007F8E02569F0E025E0640AC0EF6307F8C1
:10BEC000009407FADB01B9019D01DC01CA01AD0153
:10BED000EF930F94E1DF0F94F4D80F947ADF5F9122
:10BEE000552339F02BED3FE049E450FD49EC0D942A
:10BEF000CBDE0895DF93DD27B92FBF7740E85FE3FE
:10BF00001616170648075B0718F4D92F0F94C6E1D9
:10BF10009F938F937F936F930F946CD8E2EEF1E72A
:10BF20000F94D6E00F94F4D82F913F914F915F91E9
:10BF30000F9483D8DD2351F09058A2EA2AED3FE018
:10BF400049EC5FE3D0785D270F94E2DEDF910D943A
:10BF5000F4D80F943CE190F09F3748F4911116F417
:10BF60000D9428D960E070E080E89FE3089526F002
:10BF70001B16611D711D811D0D94ADE00D94C8E06F
:10BF80000F9489E008F481E008950F94FFE0E395B1
:10BF90000D9428E10F94DEDF0D94F4D80F94EDD8C2
:10BFA00058F00F94E6D840F029F45F3F29F00D9443
:10BFB000DDD851110D9428D90D94E3D80F9405D9EB
:10BFC00068F39923B1F3552391F3951B550BBB27C8
:10BFD000AA2762177307840738F09F5F5F4F220F0D
:10BFE000331F441FAA1FA9F335D00E2E3AF0E0E804
:10BFF00032D091505040E695001CCAF72BD0FE2F4E
:10C0000029D0660F771F881FBB1F261737074807E1
:10C01000AB07B0E809F0BB0B802DBF01FF27935899
:10C020005F4F3AF09E3F510578F00D94DDD80D94A6
:10C0300028D95F3FE4F3983ED4F3869577956795CA
:10C04000B795F7959F5FC9F7880F911D96958795CE
:10C0500097F90895E1E0660F771F881FBB1F6217ED
:10C0600073078407BA0720F0621B730B840BBA0BAB
:10C07000EE1F88F7E09508950F9443E06894B1119E
:10C080000D9428D908950F940DD988F09F5798F0F2
:10C09000B92F9927B751B0F0E1F0660F771F881FCD
:10C0A000991F1AF0BA95C9F714C0B13091F00F94E6
:10C0B00027D9B1E008950D9427D9672F782F8827C5
:10C0C000B85F39F0B93FCCF3869577956795B3950E
:10C0D000D9F73EF490958095709561957F4F8F4F7D
:10C0E0009F4F08950F943CE190F09F3748F49111D1
:10C0F00016F00D9428D960E070E080E89FEB089579
:10C1000026F41B16611D711D811D0D94ADE00D946B
:10C11000C8E0990F0008550FAA0BE0E8FEEF1616CD
:10C120001706E807F907C0F012161306E407F5072B
:10C1300098F0621B730B840B950B39F40A2661F09F
:10C14000232B242B252B21F408950A2609F4A14042
:10C15000A6958FEF811D811D0895882371F47723A3
:10C1600021F09850872B762F07C0662311F499276A
:10C170000DC09051862B70E060E02AF09A95660F12
:10C18000771F881FDAF7880F9695879597F9089596
:10C190009F3F31F0915020F4879577956795B7953B
:10C1A000880F911D9695879597F90895DF93CF9302
:10C1B0001F930F93FF92EF92DF927B018C016894A3
:10C1C00006C0DA2EEF010F9483D8FE01E894A59102
:10C1D0002591359145915591A6F3EF010F94E2DE3B
:10C1E000FE019701A801DA9469F7DF90EF90FF90C4
:10C1F0000F911F91CF91DF9108950D94E3D80F9483
:10C200000DD9D8F3E894E0E0BB279F57F0F02AED72
:10C210003FE049EC06C0EE0FBB0F661F771F881F7B
:10C2200028F0B23A62077307840728F0B25A620B0B
:10C23000730B840BE3959A9572F7803830F49A95D6
:10C24000BB0F661F771F881FD2F790480D94CAE076
:10C25000EF93E0FF07C0A2EA2AED3FE049EC5FEB75
:10C260000F94E2DE0F94F4D80F90039401FC9058E1
:10C27000EFE0F2E70D941FE30F940DD9A0F0BEE7B5
:10C28000B91788F4BB279F3860F41616B11D672FC5
:10C29000782F8827985FF7CF869577956795B11D9A
:10C2A00093959639C8F308950F9489E008F48FEFB9
:10C2B00008950F94E6D829F00F94EDD811F00D945D
:10C2C000E3D80D94DDD8B901CA010D94C8E09F7779
:10C2D0005F770F9405D968F39923A9F35523A9F340
:10C2E000FF27951758F4E52FE91BED3060F75E3B0B
:10C2F00010F0F1E41CC09034E0F40AC0E92FE51B13
:10C30000ED3018F79E3B10F0F1E411C0503488F482
:10C31000F9EA88232AF09A95660F771F881FDAF7C3
:10C3200044232AF05A95220F331F441FDAF79F1B2C
:10C330005F1BFF931F930F93FF92EF9279018A0186
:10C34000BB27AB2F9B01AC010F9486D89701A801A6
:10C35000BF937B018C01AA27BA2FB901CA010F94A0
:10C3600086D8AF919701A801EF90FF900F911F9190
:10C370000F94E2DE0F94F4D80F9499E24F9140FFAE
:10C380000895552747FD50950D94D2E19B01AC01CE
:10C3900060E070E080E89FE30D94CADF0D94DDD883
:10C3A0000D94C8E00F940DD9D8F39923C9F3940FD5
:10C3B000511DA3F39150504094F059F0882332F06E
:10C3C000660F771F881F91505040C1F79E3F51055F
:10C3D0002CF7880F911D9695879597F908955F3FE3
:10C3E000ACF0983E9CF0BB27869577956795B795FE
:10C3F00008F4B1609395C1F7BB0F58F711F460FFD3
:10C40000E8CF6F5F7F4F8F4F9F4FE3CF0D9428D9B9
:10C410000F940DD958F19E5760F19851A0F0E9F0B2
:10C42000983020F5092E9927660F771F881F991FCE
:10C430000A94D1F712C0062E672F782F8827985FAD
:10C4400011F4000C07C0993FB4F386957795679572
:10C450009395D9F7611D711D811D3EF490958095CE
:10C46000709561957F4F8F4F9F4F089568940D94FD
:10C4700028D90D9427D9FA01EE0FFF1F3096210518
:10C480003105A1F16115710561F48038BFE39B07A7
:10C4900049F168949038810561F08038BFEF9B07BF
:10C4A00041F099234AF5FF3FE1053105210519F1D6
:10C4B000E8940894E795D901AA2329F4AB2FBE2F5D
:10C4C000F85FD0F310C0FF5F70F4A695E0F7F7397E
:10C4D00050F019F0FF3A38F49F779F930DD00F90EA
:10C4E00007FC9058089546F00D94E3D860E070E0A2
:10C4F00080E89FE308954FE79F775F934F933F93C3
:10C500002F930F943BE32F913F914F915F910F94A5
:10C5100070D80D94E6E29F930F94FFE00F9007FC14
:10C52000EE5F0D9428E119F416F40D94E3D80D9400
:10C53000C8E00F940DD9B8F39923C9F3B6F39F5708
:10C54000550B87FF0F9418E30024A0E640EA900102
:10C5500080585695979528F4805C660F771F881F42
:10C5600020F026173707480730F4621B730B840B43
:10C57000202931294A2BA695179407942025312587
:10C580004A2758F7660F771F881F20F026173707AE
:10C59000480730F4620B730B840B200D311D411DD5
:10C5A000A09581F7B901842F9158880F96958795AA
:10C5B00008950F9489E0880B990B089529F416F0DB
:10C5C0000D94DDD80D9427D90D94E3D80F940DD98F
:10C5D000A8F39638A0F707F80F92E8942BE33AEA0D
:10C5E00048EB5FE70F9486D80F920F920F924DB7EA
:10C5F0005EB70F920F9483E3EDE2F2E70F94D6E07B
:10C600004F915F91EF91FF91E595EE1FFF1F49F06C
:10C61000FE57E0684427EE0F441FFA95E1F7419575
:10C62000550B0F94D2E10F9007FE0D94C6E10895CB
:10C6300091505040660F771F881FD2F708959F933F
:10C640008F937F936F93FF93EF939B01AC010F94B4
:10C6500070D8EF91FF910F94D6E02F913F914F91B9
:10C660005F910D9470D816F00D94C8E00D94E3D846
:10C6700068940D94DDD80F940DD9A8F39923C1F3D4
:10C68000AEF3DF93CF931F930F93FF92C92FDD2754
:10C6900088232AF02197660F771F881FDAF720E09A
:10C6A00030E040E85FEB9FE3883920F0803E38F0CF
:10C6B00021968F770F94CBDEE5E5F2E704C00F9467
:10C6C000CBDEE2E8F2E70F94D6E08B01BE01EC018D
:10C6D000FB2E6F5771097595771F880B990B0F9477
:10C6E00031D828E132E741E35FE30F9483D8AF2DDF
:10C6F0009801AE01FF900F911F91CF91DF910F94A0
:10C70000E2DE0D94F4D8FA01DC01AA0FBB1F9B01F5
:10C71000AC01BF5728F4222733274427507820C084
:10C72000B75190F4AB2F0024469537952795011CFF
:10C73000A395D2F3002071F0220F331F441FB3954D
:10C74000DAF30ED00D94CADE61307105A0E88A07D5
:10C75000B94630F49B01AC0166277727882790788B
:10C76000309621F0208331834283538308959111C1
:10C77000089581548A5108F4805E855A0895FB011A
:10C78000DC0104C08D910190801921F4415050408A
:10C79000C8F7881B990B0895FB01DC0102C00190CA
:10C7A0000D9241505040D8F70895DC0101C06D93BF
:10C7B00041505040E0F70895FB01DC018D91813438
:10C7C0001CF08B350CF4805E619161341CF06B358C
:10C7D0000CF4605E861B611189F3990B0895FB01CF
:10C7E000DC010D900020E9F7119701900D920020D7
:10C7F000E1F70895FC018191861721F08823D9F78C
:10C80000992708953197CF010895FB01DC018D919F
:10C81000019080190110D9F3990B0895FB01DC01F7
:10C8200001900D920020E1F70895FB01DC014150D9
:10C83000504030F08D910190801919F40020B9F723
:10C84000881B990B0895FB01DC014150504048F0D2
:10C8500001900D920020C9F701C01D924150504037
:10C86000E0F708950F931F93CF93DF93E091111892
:10C87000F09112182381EC0110E000E021FD08C0C6
:10C880000FEF1FEF14C01995892B11F00FEF1FEF59
:10C8900089916091111870911218DB011896ED9131
:10C8A000FC918111F0CF8AE01995892B49F7C801D5
:10C8B000DF91CF911F910F91089517E5CBE5D7E553
:10C8C00000E006C0802FFE010F94B3DE2196011D0B
:10C8D000CC35D10780E00807A9F7F894FFCF3031B5
:10C8E00032333435363738392E200A475800FFFFA7
:10C8F000FFFFFF00007F43008054430000524300CD
:10C90000000000000080C09A99193E640002407740
:10C910001B0060EA0000016400FF01010100004803
:10C920004200003E430000A041D2000F0001FF3F43
:10C93000FF3FFF3FFF3F3030303001011010011446
:10C9400014001111011E1E0102AF000201010101BC
:10C950000182920005949200050101D310D310D3F7
:10C9600010D310FFFFFFFFFFFFFFFFFFFF0100805D
:10C97000BB446400018E067E06000080BF000000FC
:10C98000000000000000000000000080BF00000068
:10C990000000000000000000000000803F010101D5
:10C9A00001FFFFFF7F7F777B777F7F00803B450024
:10C9B000803B45000048440000000058595A45504B
:10C9C00072757361206933204D4B33532B585300DC
:10C9D0000D0A00580059005A0000C0284500C02820
:10C9E0004500007A440000C842E6020600EB020659
:10C9F00000C8040600F0040600030304032F00002F
:00000001FF
