:100000000C945A340C948B340C948B340C948B34A5
:100010000C948B340C948B340C948B340C948B3464
:100020000C948B340C948B340C948B340C948B3454
:100030000C940A690C948B340D946B040D94AF01ED
:100040000C948B340D94290C0C948B340C948B34BD
:100050000C948B340C948B340C948B340C94EC589F
:100060000C948B340C94F8460C948B340C948B3495
:100070000C948B340C94F19D0C948B340C948B3435
:100080000D94B5060C948B340C948B340C948B34F7
:100090000C94B4460C948B340C948B340C948B34A9
:1000A0000C948B340C948B340C94B7FD0C948B34DF
:1000B0000C948B340C94ACFD0C948B340C948B34DA
:1000C0000C948B340C948B340C948B340C946CFD0A
:1000D0000C948B340C948B340C948B340C948B34A4
:1000E0000C948B34084AD73B3BCE016E84BCBFFDD9
:1000F000C12F3D6C74319ABD56833DDA3D00C77FF8
:1001000011BED9E4BB4C3E916BAAAABE0000008090
:100110003F05A84CCDB2D44EB93836A9020C50B91F
:10012000918688083CA6AAAA2ABE000000803F0744
:10013000634236B79BD8A71A39685618AEBAAB5582
:100140008C1D3CB7CC5763BD6DEDFD753EF6177247
:1001500031BF000000803F08000000BE9224491219
:100160003EABAAAA2ABECDCCCC4C3E00000080BE3D
:10017000ABAAAAAA3E00000000BF000000803F001A
:1001800000000000084178D3BB4387D1133D190E0E
:100190003CC3BD4282AD2B3E68EC8276BED98FE176
:1001A000A93E4C80EFFFBE01C4FF7F3F000000006E
:1001B00000000C94F29E0C94B4E90C9429580C9411
:1001C00016F60C94B4F20C94F9BB0C94A9F40C94AC
:1001D000BBAA0C94EEDD0C94DFF50C9490AB0C9460
:1001E000AAA30D94E9170D943C6F0D9405170C9478
:1001F000D9F70C94E69E0C94B7A40C94F4A10C943B
:10020000D6DD0D94E3170C94CBA40C94EE9E0D94C4
:10021000BB6F0D948F080D941F010D9487000C94F3
:1002200054590C9445B00C943E590C94B2A40C94BF
:10023000259F0C9493A10D94F7230C94F85C0C94D7
:10024000E7DC0C94179F0C9406EB0C94F2A50C942D
:100250003BB60C9490AA0C9417DA0C94BCA10C94A5
:1002600080590D941C180C9472DD0C94299F0C94E9
:10027000AAAB0D94994B0C94D1F20C9440580C9469
:10028000E09F0C94B7A20C94D9F50C94A4DD0C94C7
:10029000ACAB0D9424180D94B8750C94B0E90C9483
:1002A00088A70D94556F0C940D9F0D94B5170C9461
:1002B00064EB0C94C6A40D9410010C9460BB0C94D8
:1002C0000AA20D94C33E0C940B590C9492590C94B1
:1002D0007AA50C94F2B70C948FA50D94B2170D94D7
:1002E00042170C94A8F20C9425590C94F5AA0C947E
:1002F000E8AF0C9430590C94E9B70C94F0AF0C941F
:1003000086AA0C9462BF0D944F170D94E6170C94B7
:10031000F8AA0C9474C20C9446BB0C949EA10C9445
:100320001EFD0C94E1C20C941DB00D9438010C9488
:100330009BAB0D9495750C940EB30C9407E80C943C
:1003400002F30D9434180C94E1B40C941CA30C9497
:1003500084AB0C9431B00C94ECAA0C9404AB0C94C8
:10036000EA9E0C94A2F30D941D170C9419F60C94AC
:100370000DA50C94F59E0C94ECB70C94E7A60D9487
:100380004F750C9485A20C944FED0C943BDE0C94AD
:1003900087A10C94F5FD0C94099F0C94FBF10D942E
:1003A0002C180C940EB00C94FBAA0D9444180C94C9
:1003B000D5F70C94B3B70C9463EC0C944BDE0C940F
:1003C000FDDD0D9485170D949A000C9473A50C9483
:1003D000FBB70D94343D0C94C5F20C94EFAA0D9428
:1003E000EC170C94FCA30C9472BB0D940C180C9499
:1003F000E9F30D94CC3E0C94F6F10C94E09E0C9431
:1004000005ED0D94D53E0C94209F0C94AAB70C9446
:100410009CDD0C94A8A10C942CA20C9432F30C94A7
:1004200065470C946CA10C9477FB0C94BDAF0C94B5
:10043000C9A60D9404180C94FAAF0C94FB9E0D946D
:10044000B4750D940E020C942BF40C94D5A40C945A
:10045000EFB70C9488A50C9415A20C94C5B70C9416
:1004600056A10C940AEB0D944C170C945D590C9406
:1004700058A10C9445EA0C9443E90C940BA60C94F7
:10048000B5AF0D94B1750C943BB00C9478AB0C9453
:10049000D6AF0C94C6FC0C94DA9F0D94F4170D940F
:1004A000FC170C9467ED0C9404B00D9445170C9454
:1004B000E0B70C9400AA0C949CEA0C9406DA0D9414
:1004C000B76F0D94976F0C9469F30C94A1A20C94E0
:1004D00003DE0C9425DE0C94E0AF0C94F2AA0C948D
:1004E00093A80D94C1750C940DFC0D94AF170C944A
:1004F000E35A0C94C6A30C9481A50C94B2A10C945D
:100500007EAB0C9418C40D94B46F0C94219F0C9482
:1005100027B00C94CCAF0C94059F0C9407DE0C9480
:10052000D0A40C9400A20D94DD000C9478A10C943E
:100530001B9F0C9462A10C9472AB0C942CFF0C9436
:100540002D9F0C944FB00C94C1A40C9492DD0D948B
:10055000C6750C948DB50C94AFAB0C94C2AF0D94D2
:1005600014180C9424BC0D943C180C94B8F70C94FB
:100570008C9E0C942CB50C948AC20C94FF9E0C9407
:10058000EAF70C940DE80C94139F0C94BCA40C9403
:10059000D9A40C94C6A16E616E00696E660000401D
:1005A0007A10F35A00A0724E18090010A5D4E80082
:1005B00000E87648170000E40B54020000CA9A3B9A
:1005C000000000E1F5050000809698000000404220
:1005D0000F000000A08601000000102700000000AE
:1005E000E803000000006400000000000A000000B2
:1005F00000000100000000002C76D888DC674F085E
:1006000023DFC1DFAE59E1B1B796E5E3E453C63A63
:10061000E651997696E8E6C28426EB898C9B62EDDA
:10062000407C6FFCEFBC9C9F40F2BAA56FA5F49094
:10063000055A2AF75C936B6CF9676DC11BFCE0E40B
:100640000D47FEF520E6B500D0ED902E0300943561
:1006500077050080841E080000204E0A000000C8B4
:100660000C333333330F986E12831141EF8D211405
:10067000893BE65516CFFEE6DB18D1844B381BF7D5
:100680007C1D901DA4BBE424203284725E22810074
:10069000C9F124ECA1E53D272200656E71756569FD
:1006A0006E67202200446F6E65207072696E7469F7
:1006B0006E672066696C65004E6F204C696E652020
:1006C0004E756D6265722077697468206368656332
:1006D0006B73756D2C204C617374204C696E653A98
:1006E00020004E6F20436865636B73756D207769DA
:1006F0007468206C696E65206E756D6265722C2061
:100700004C617374204C696E653A200063686563C0
:100710006B73756D206D69736D617463682C204C0B
:10072000617374204C696E653A20004C696E6520D7
:100730004E756D626572206973206E6F74204C6116
:100740007374204C696E65204E756D6265722B3135
:100750002C204C617374204C696E653A200025751D
:10076000206279746573207772697474656E207481
:100770006F20255320617420616464726573732057
:100780003078253038780A00442564202D205265C1
:1007900061642F57726974652025530A0020436FE6
:1007A000756E7420583A200045303A256420525026
:1007B0004D2050524E313A25642052504D20453044
:1007C000403A25752050524E31403A25750A005264
:1007D0006573656E640025533A20256C640A2553C1
:1007E0000A002F2F616374696F6E3A6E6F746966C9
:1007F00069636174696F6E2025530A0046696C61F4
:100800006D656E742072756E6F75742064657465A5
:1008100063746564210064697361626C656400657A
:100820006E61626C656400454550524F4D005352F5
:10083000414D00442D31202D20456E646C6573734D
:10084000206C6F6F700A004163746976652045788B
:100850007472756465723A203000496E76616C6915
:1008600064206578747275646572004D3232302090
:10087000532564005344207072696E74696E67205A
:10088000627974652000257500556E6B6E6F776E0A
:1008900020636F6D6D616E643A2022004D323030FE
:1008A00020496E76616C6964206578747275646540
:1008B0007220007A5F6D61783A20007A5F6D696E10
:1008C0003A2000795F6D696E3A20005452494747DB
:1008D00045524544006F70656E00785F6D696E3AF1
:1008E00020005265706F7274696E6720656E647364
:1008F000746F7020737461747573004D31313220E0
:1009000063616C6C65642E20456D657267656E630E
:10091000792053746F702E002F2F616374696F6E8E
:100920003A75766C6F5F7265636F766572795F7228
:10093000656164790025533A256C7520636D0A253D
:10094000533A256C75206D696E0A0053494C454E2B
:1009500054004E4F524D414C002553204D4F4445BD
:100960003A2050657263656E7420646F6E653A203C
:10097000256868643B207072696E742074696D65C7
:100980002072656D61696E696E6720696E206D69A0
:100990006E733A2025643B204368616E6765206969
:1009A0006E206D696E733A2025640A005072696E7C
:1009B00074657253746174653A2025640A00456E4B
:1009C000642066696C65206C6973740042656769B0
:1009D0006E2066696C65206C69737400556E6B6E71
:1009E0006F776E20256320636F64653A2025730A54
:1009F000000A50494E44412074656D7065726174FF
:100A00007572653A20252E3166205A207368696612
:100A10007420286D6D293A20252E3366000A537400
:100A200065703A2025642F360A000A537465703ABF
:100A30002025642F362028736B6970706564290A3D
:100A400050494E44412074656D70657261747572D1
:100A5000653A202564205A20736869667420286DE1
:100A60006D293A300A000A5A45524F3A20252E3352
:100A7000660A0073746172742074656D70657261CA
:100A8000747572653A20252E31660A00256420208F
:100A9000252E326600255320583A20252E35662013
:100AA000593A20252E3566205A3A20252E35660AD9
:100AB00000536C6565702E2E2E0045303A2564205B
:100AC00052504D0A50524E303A25642052504D0A31
:100AD00000312F3900002045535000204E53500064
:100AE000204F464600204F4E005056303100205BCC
:100AF0004D505D2000256920686F7572732025694F
:100B0000206D696E757465730052582074696D6547
:100B10006F7574004D333130004D313132004D313D
:100B200031300046756C6C205258204275666665FF
:100B3000720053657474696E67732053746F7265C5
:100B4000640053746F7265642073657474696E67B2
:100B500073207265747269657665640048617264B9
:100B6000636F6465642044656661756C74205365C9
:100B70007474696E6773204C6F61646564005632EB
:100B800000000000C8420000C8420000C843000046
:100B90000543000048430000484300004041000076
:100BA000F042E8030000E8030000C80000008813DA
:100BB000000000409C4400409C44000000000000F5
:100BC0000000204E00000000204100002041CDCC5C
:100BD000CC3E00009040000000000000000000003B
:100BE0000000CDCCCC3E3D0A8141FF08433EB09988
:100BF000AB438F42FC42E65A343F4C62B0450000A2
:100C000000000040400000344200000000000000EE
:100C10000000000041000000E03F00002C43000005
:100C20002C43000040410000F042C0030000C0031C
:100C30000000C800000088130000101010100040D1
:100C40009C440000803F0000003F19140000002079
:100C5000307800203078006572726F723A2000445C
:100C60003233202D20656D657267656E6379207360
:100C7000657269616C2064756D7000437573746F83
:100C80006D004E796C6F6E504100536174696E2037
:100C9000200054657874757200536D6F6F7468002E
:100CA000312E3000312E3500554E4B4E4F574E00F1
:100CB0004C413130433A204C696E65617220416489
:100CC00076616E6365206D6F64653A20004C41313A
:100CD00030433A2041646A757374656420452D4A37
:100CE00065726B3A20003E0FA8AF0048006996007D
:100CF00000DF6025555887680427F2E0005E340362
:100D0000CC1960F33C0EF88F00DB08029492003E91
:100D10001C079A8700E524008528527E06001BE404
:100D2000007E781270787061F812788F884178426E
:100D300070787061782570787061F850788F88D1FC
:100D4000F02527078761F025278F88412C0D27AADA
:100D500050D1BC0707871161BE788F881141785246
:100D600070787061F852788F8841201278887063AB
:100D70002052788870634852788887430311179906
:100D80007064181278F870654412F8F8F04518424B
:100D900078F87065182578F87065185278F87065DD
:100DA000185078F870650C078F872365A20F8F8F16
:100DB00011450012062270690012072227490025FA
:100DC0000622706900250722274900120622276C97
:100DD000026236A2706C40456C44704C0362222261
:100DE000706C43888888F04C7812BC88806E78528A
:100DF000BC88806E38127888706F78127888874F38
:100E000038427888706F38257888706F3A0079ACEE
:100E1000786F3D079AAC786F7850788887EF3949BA
:100E20007888706F0852BC8880729852F88F9852F8
:100E300020127870F07348127863875320527870CC
:100E4000F0734852786387531007870F2473127822
:100E50006387245360699A988BE22304E4443074D6
:100E6000104E444324747C12888960753C508888F5
:100E700070557825288960757949088960753C1214
:100E8000887070790C12885222594412F124F07A39
:100E90004452F124F07A8C52F0368F5A4420F124D7
:100EA000F07A00401454CDCCCC3D0AD7233C17B780
:100EB000D13877CC2B329595E6241FB14F0A00002C
:100EC00020410000C84200401C4620BCBE4CCA1B4A
:100ED0000E5AAEC59D744E414E494E4600007A43AF
:100EE000000052430000524300000000000080C098
:100EF0009A99193E00000000000080C09A99193E9E
:100F000020503A002042403A0020403A00202F0072
:100F10002054303A00202F0020423A00202F005465
:100F20003A00255345786365737369766520626579
:100F300064206C6576656C696E6720636F7272659C
:100F40006374696F6E3A202569206D6963726F6EF4
:100F5000730A00536F6D652070726F626C656D204F
:100F6000656E636F756E74657265642C205A2D6CA6
:100F70006576656C696E6720656E666F7263656421
:100F8000202E2E2E004D65736820626564206C65EE
:100F900076656C696E67206661696C65642E2050A9
:100FA00072696E742063616E63656C65642E0048BF
:100FB000656174696E672064697361626C65642041
:100FC0006279207361666574792074696D65722E2B
:100FD00000472D636F646520736C696365642066E8
:100FE0006F72206120646966666572656E74206C3C
:100FF0006576656C2E20506C656173652072652D79
:10100000736C69636520746865206D6F64656C201E
:10101000616761696E2E00472D636F646520736C94
:101020006963656420666F72206120646966666525
:1010300072656E74206C6576656C2E00472D636F4B
:10104000646520736C6963656420666F722061203B
:101050006E65776572206669726D776172652E20A4
:10106000506C656173652075706461746520746887
:1010700065206669726D776172652E00472D636F1A
:10108000646520736C6963656420666F72206120FB
:101090006E65776572206669726D776172652E0084
:1010A000472D636F646520736C6963656420666FA8
:1010B00072206120646966666572656E7420707264
:1010C000696E74657220747970652E20506C65614C
:1010D00073652072652D736C696365207468652083
:1010E0006D6F64656C20616761696E2E00472D63CA
:1010F0006F646520736C6963656420666F7220613C
:1011000020646966666572656E74207072696E74BB
:10111000657220747970652E005072657373207447
:101120006865206B6E6F6220746F207072656865F1
:101130006174206E6F7A7A6C6520616E6420636FD3
:101140006E74696E75652E00506C656173652070F4
:101150007265737320746865206B6E6F6220746FA4
:1011600020756E6C6F61642066696C616D656E746C
:1011700000616E6420707265737320746865206B03
:101180006E6F6200496E736572742066696C616D82
:10119000656E7400436F6C6F72206E6F7420636FA6
:1011A00072726563740046696C616D656E74206E61
:1011B0006F74206C6F61646564004368616E67657D
:1011C0006420636F72726563746C79004C6F616444
:1011D000696E6720636F6C6F72004368616E67654C
:1011E00020737563636573732100506C656173656B
:1011F000206F70656E2069646C657220616E64207A
:1012000072656D6F76652066696C616D656E7420C0
:101210006D616E75616C6C792E0057617320666923
:101220006C616D656E7420756E6C6F616420737592
:10123000636365737366756C3F00506C65617365BD
:1012400020757067726164652E004E65772066694F
:10125000726D776172652076657273696F6E206159
:101260007661696C61626C653A0057616974696E98
:101270006720666F722050494E44412070726F6241
:101280006520636F6F6C696E6700506C6561736594
:101290002077616974004E6F206D6F76652E005760
:1012A00061697420666F7220757365722E2E2E0030
:1012B000537461626C6520616D6269656E7420743F
:1012C000656D70657261747572652032312D3236CC
:1012D00043206973206E65656465642061207269CE
:1012E000676964207374616E64206973207265712C
:1012F00075697265642E00506C6561736520727546
:101300006E2058595A2063616C6962726174696F0A
:101310006E2066697273742E00426564206C657677
:10132000656C696E67206661696C65642E20536523
:101330006E736F72206469646E27742074726967BB
:101340006765722E20446562726973206F6E206E2D
:101350006F7A7A6C653F2057616974696E672066A1
:101360006F722072657365742E00426564206C652F
:1013700076656C696E67206661696C65642E2054C1
:101380006F6F206D75636820766172696174696F33
:101390006E2066726F6D20656570726F6D206D6571
:1013A000736800426564206C6576656C696E6720C1
:1013B0006661696C65642E2053656E736F7220746C
:1013C000726967676572656420746F6F20736F6FF1
:1013D0006E002020004D6561737572656420706F2A
:1013E000696E74733A005A2073656172636820688D
:1013F00065696768743A20352E3066004E756D2039
:10140000582C593A20372C37004D65736820626597
:1014100064206C6576656C696E67206E6F74206100
:1014200063746976652E0020453A00205A3A002000
:10143000593A0020453A00205A3A0020593A0058BB
:101440003A00202D3E200053706F6F6C4A6F696E1A
:101450003A20002C2000496E6163746976697479C2
:101460002053687574646F776E004B494C4C45444B
:101470002E005072696E7465722068616C746564C8
:101480002E206B696C6C28292063616C6C6564216B
:10149000005A206C6976652061646A757374206FE8
:1014A0007574206F662072616E67652E20536574B7
:1014B00074696E6720746F20302E20436C69636BF3
:1014C00020746F20636F6E74696E75652E005A20EC
:1014D0006C6976652061646A757374206F75742019
:1014E0006F662072616E67652E2053657474696E35
:1014F0006720746F20300020453A3020423A005473
:101500003A00627573793A2070617573656420667C
:101510006F7220696E70757400627573793A20700D
:10152000617573656420666F722075736572006201
:101530007573793A2070726F63657373696E6700B3
:1015400073657269616C2064756D702000496E76F8
:10155000616C6964205420636F64652E004475706B
:101560006C696361746520542D636F6465206967DD
:101570006E6F7265642E00416476616E6365204B08
:101580003D004B206F7574206F6620616C6C6F7727
:1015900065642072616E676521004D4B322E3553B4
:1015A000004D4B322E35534D4D553253001C4FFCE0
:1015B000002533642F2533640025336400200A207E
:1015C0000A200A2000255353746174697374696397
:1015D000733A0A255320204D37382053256C752047
:1015E00054256C750A002553417263205365747449
:1015F000696E67733A20503A4D6178206C656E676A
:101600007468286D6D2920533A4D696E206C656EA3
:1016100067746820286D6D29204E3A436F72726599
:101620006374696F6E7320523A4D696E20736567FB
:101630006D656E747320463A5365676D656E74739D
:101640002F7365632E0A255320204D3231342050EC
:10165000252E32662053252E3266204E25642052D8
:101660002564204625640A00255346696C616D6532
:101670006E742073657474696E67733A204469737D
:1016800061626C65640A00255346696C616D656E24
:10169000742073657474696E67733A0A2553202049
:1016A000204D3230302044252E32660A0025535218
:1016B0006574726163743A20533D4C656E6774685B
:1016C00020286D6D2920463A537065656420286D89
:1016D0006D2F6D29205A3A205A4C69667420286D66
:1016E0006D290A25532020204D3230372053252ED6
:1016F00032662046252E3266205A252E32660A256D
:10170000535265636F7665723A20533D4578747223
:1017100061206C656E67746820286D6D2920463ADB
:10172000537065656420286D6D2F6D290A2553203F
:1017300020204D3230382053252E32662046252E6B
:1017400032660A25534175746F2D52657472616358
:10175000743A20533D3020746F2064697361626C69
:10176000652C203120746F20696E7465727072650B
:101770007420657874727564652D6F6E6C79206D58
:101780006F76657320617320726574726163747320
:10179000206F72207265636F7665726965730A25C2
:1017A000532020204D323039205325640A00255320
:1017B000504944206865617462656420736574747F
:1017C000696E67733A0A25532020204D3330342048
:1017D00050252E32662049252E32662044252E3291
:1017E000660A0025535049442073657474696E6716
:1017F000733A0A25532020204D3330312050252EB6
:1018000032662049252E32662044252E32660A0093
:10181000255353746570732070657220756E6974FA
:101820003A0A255320204D39322058252E32662081
:1018300059252E3266205A252E32662045252E3215
:10184000660A25534D6178696D756D20666565641E
:10185000726174657320286D6D2F73293A0A2553C0
:1018600020204D3230332058252E32662059252E27
:101870003266205A252E32662045252E32660A25EC
:10188000534D6178696D756D20616363656C657238
:101890006174696F6E20286D6D2F7332293A0A25A5
:1018A0005320204D3230312058256C752059256C3D
:1018B00075205A256C752045256C750A25534163A2
:1018C00063656C65726174696F6E3A20503D707229
:1018D000696E742C20523D726574726163742C20A1
:1018E000543D74726176656C0A255320204D323068
:1018F000342050252E32662052252E326620542563
:101900002E32660A2553416476616E6365642076E3
:1019100061726961626C65733A20533D4D696E2056
:10192000666565647261746520286D6D2F73292C5E
:1019300020543D4D696E2074726176656C20666539
:1019400065647261746520286D6D2F73292C2042A7
:101950003D6D696E696D756D207365676D656E743B
:101960002074696D6520287573292C20583D6D61A0
:1019700078696D756D205859206A65726B20286DE5
:101980006D2F73292C20205A3D6D6178696D756D1E
:10199000205A206A65726B20286D6D2F73292C20C8
:1019A00020453D6D6178696D756D2045206A6572D1
:1019B0006B20286D6D2F73290A255320204D32305E
:1019C000352053252E32662054252E32662042259E
:1019D0006C752058252E32662059252E3266205AE5
:1019E000252E32662045252E32660A2553486F6D16
:1019F00065206F666673657420286D6D293A0A2527
:101A00005320204D3230362058252E32662059255D
:101A10002E3266205A252E32660A004361703A251E
:101A2000533A25630A0050525553415F4D4D55328C
:101A300000455854454E4445445F4D3230004155B1
:101A4000544F5245504F52545F504F534954494F91
:101A50004E004155544F5245504F52545F46414EEF
:101A600053004155544F5245504F52545F54454DC9
:101A700050000044656C6574696F6E206661696C26
:101A800065642C2046696C653A200046696C6520C7
:101A900064656C657465643A004E6F74205344202D
:101AA0007072696E74696E67005072696E7420732B
:101AB00061766564005344207072696E74207061B1
:101AC00075736564002533642F25336400667600E2
:101AD0007468780050524E0022283229006E6F2020
:101AE00076616C696420636F6D6D616E64007A6508
:101AF000726F72697A656400666163746F727920CF
:101B0000726573746F72656400696E6465782C2009
:101B100074656D702C2075737465702C20756D0064
:101B200050494E44412063616C2073746174757335
:101B30003A2000503A005761697420666F72205055
:101B4000494E4441207461726765742074656D70FC
:101B5000657261747572653A002041002050002062
:101B60004200204C00205200205A00204E4F5420AA
:101B7000494E495449414C495A45440053686565AA
:101B8000742000205A2056414C5545204F55542072
:101B90004F462052414E474500496E76616C69645C
:101BA0002073686565742049442E20416C6C6F7702
:101BB00065643A20302E2E004155544F004C414E62
:101BC000472053454C20464F524345440020643A39
:101BD0000020693A0020703A0020643A0020693AF7
:101BE0000020703A00256925250A00256925250A67
:101BF0000022283129002F2F00002045585452552B
:101C00004445525F434F554E543A3100204D4143B5
:101C100048494E455F545950453A00312E30002016
:101C20006261736564206F6E204D61726C696E2015
:101C30004649524D574152455F55524C3A6874746B
:101C400070733A2F2F6769746875622E636F6D2FFA
:101C5000707275736133642F50727573612D4669AC
:101C6000726D776172652050524F544F434F4C5FF5
:101C700056455253494F4E3A0066336530646664A8
:101C80003438005F0038323834002B004649524D5A
:101C9000574152455F4E414D453A50727573612D23
:101CA0004669726D7761726520004D313133205382
:101CB000006F6B20006E2F61003F546F7368696284
:101CC0006120466C617368416972204765744950B0
:101CD000206661696C65640A00000125301D0CFFF7
:101CE00024311C0BFF232F1B0A17FF0406222B1A7B
:101CF00003363535382569206D696E2C202569201D
:101D000073656300496E76616C6964204D20636F72
:101D100064653A2025730A0050494E444120707290
:101D20006F62652063616C6962726174696F6E20B5
:101D30007374617274004E6F2050494E4441207498
:101D40006865726D6973746F7200736574006E6F8D
:101D50007A7A6C65004D424C004652004C7A004C39
:101D6000616E6700315F37356D6D5F4D4B323553B6
:101D70002D52414D426F3130612D453344763666E8
:101D8000756C6C0052657600332E31342E312D384F
:101D90003238340046697200534E20696E76616CA9
:101DA000696400534E005245534554004D4D555201
:101DB00045530075766C6F0046414E0046414E50CB
:101DC000494E54535400505255534100252E313042
:101DD00053200025346400457872656D652073706A
:101DE000616E206F6620746865205A2076616C757C
:101DF0006573210025642F39004D31303453300094
:101E0000473158313059313830463430303000475E
:101E1000315A31304631333030004D313430533067
:101E2000004731452D302E303735463231303000C5
:101E30004D32303453313030300047315A35463727
:101E4000323030004731452D312E35463231303079
:101E500000473930004D313037002020300020203D
:101E6000310046494E44410050494E4441005769B3
:101E70007A61726420656E642073746174653A20BF
:101E800025640A0053706F6F6C4A6F696E00466973
:101E9000726D7761726500537570657250494E447A
:101EA000410048426564206F6E206C6F616400469B
:101EB0006C617368416972004572723A484F5445CB
:101EC0004E442046414E204552524F52002F2F6122
:101ED0006374696F6E3A726573756D6564002F2F58
:101EE000616374696F6E3A726573756D65002F2F4B
:101EF000616374696F6E3A7265616479002F2F6156
:101F00006374696F6E3A6E6F745F726561647900B5
:101F10002F2F616374696F6E3A63616E63656C0045
:101F20004D3834004F4B004C43442073746174753A
:101F300073206368616E6765640053442063617257
:101F4000642072656C6561736564002F2F61637432
:101F5000696F6E3A737461727400473931004D379E
:101F60003032004732382057004D35303000426162
:101F70006420696E74657272757074005761746361
:101F800068646F672074696D656F75740053746160
:101F9000746963206D656D6F7279206861730A6280
:101FA00065656E206F7665727772697474656E0010
:101FB0004649524D57415245204352415348210A08
:101FC000437261736820726561736F6E3A0A002014
:101FD00020506C616E6E65724275666665724279FC
:101FE0007465733A20002046726565204D656D6FFB
:101FF00072793A2000207C20417574686F723A2013
:1020000000204C61737420557064617465643A20DB
:102010000020536F66747761726520526573657432
:1020200000205761746368646F672052657365743C
:10203000002042726F776E206F7574205265736551
:1020400074002045787465726E616C20526573650A
:102050007400506F7765725570006572726F7220F0
:1020600077726974696E6720746F2066696C6500A9
:10207000446F6E6520736176696E672066696C6572
:102080002E006F6B0046696C616D656E74004D6566
:1020900061737572656420736B6577733A2025668A
:1020A0002025660A0046697474696E672066616956
:1020B0006C6564203D3E2063616C69627261746985
:1020C0006F6E206661696C65642E0A0043616C69FD
:1020D00062726174696F6E20737563636573732ECA
:1020E0000A00416C6C20342063616C696272617417
:1020F000696F6E20706F696E747320666F756E64A1
:102100002E0A00312F3400312F3400312F3900478F
:10211000315A302E32004731583230322E35453860
:102120004631343030004731592D3246313030306D
:102130000047315832343045323546323230300083
:1021400047315A302E334631303030004731583520
:102150003545384632303030004731583545323910
:1021600046313830300047315835354532394631FF
:1021700030373300473932453000473238004D316F
:102180003039004D313930001000C90210012C01E6
:102190004001220170011801B0010E01F00104019B
:1021A0005002FA00B002F0003003E600D003DC0079
:1021B0009004D2007005C800A006BE000008B4005C
:1021C000B009AA00D00BA000600E960060118C0030
:1021D0000015820020197800C01D6E00A022640046
:1021E000B0275A00902C500000314600E0343C00EB
:1021F00010383200903A2800603C1E00A03D1400C8
:10220000803E0A00203F000058595A2063616C69E3
:1022100062726174696F6E20616C6C2072696768AC
:10222000742E20536B65772077696C6C2062652073
:10223000636F72726563746564206175746F6D613C
:10224000746963616C6C792E0058595A2063616C13
:102250006962726174696F6E20616C6C207269676B
:1022600068742E20582F592061786573206172653B
:1022700020736C696768746C7920736B657765642B
:102280002E20476F6F64206A6F62210058595A20D0
:1022900063616C6962726174696F6E206F6B2E206E
:1022A000582F5920617865732061726520706572BE
:1022B00070656E646963756C61722E20436F6E6722
:1022C000726174756C6174696F6E7321004172651F
:1022D000206C65667420616E642072696768742082
:1022E0005A2D63617272696167657320616C6C203D
:1022F00075703F0043616C6962726174696E67203A
:1023000058595A2E20526F74617465207468652084
:102310006B6E6F6220746F206D6F766520746865D8
:10232000205A20636172726961676520757020743C
:102330006F2074686520656E642073746F707065BB
:1023400072732E20436C69636B207768656E20641E
:102350006F6E652E0043616C6962726174696E67AD
:10236000205A2E20526F7461746520746865206B4A
:102370006E6F6220746F206D6F76652074686520C3
:102380005A20636172726961676520757020746F8D
:102390002074686520656E642073746F7070657258
:1023A000732E20436C69636B207768656E20646FC1
:1023B0006E652E0050494E44412063616C69627223
:1023C0006174696F6E206661696C65640050494E86
:1023D00044412063616C6962726174696F6E206947
:1023E000732066696E697368656420616E6420613C
:1023F00063746976652E2049742063616E2062657E
:102400002064697361626C656420696E206D656E1D
:10241000752053657474696E67732D3E50494E4440
:10242000412063616C2E004578747275646572009A
:102430004D6F7665205A004D6F76652059004D6FBF
:102440007665205800536865657420252E37730A19
:102450005A206F66667365743A20252B312E3366D9
:102460006D6D0A2563436F6E74696E75650A256329
:10247000526573657400506C65617365206C6F61A3
:10248000642066696C616D656E7420666972737430
:102490002E0052756E6E696E672057697A6172649C
:1024A0002077696C6C2064656C6574652063757257
:1024B00072656E742063616C6962726174696F6EBB
:1024C00020726573756C747320616E64207374611F
:1024D00072742066726F6D2074686520626567692A
:1024E0006E6E696E672E0050726568656174696E04
:1024F00067206E6F7A7A6C652E20506C656173650B
:1025000020776169742E00506C6561736520696E77
:10251000736572742066696C616D656E7420696E96
:10252000746F207468652065787472756465722CA8
:10253000207468656E2070726573732074686520FE
:102540006B6E6F6220746F206C6F61642069742EF3
:1025500000506C6561736520696E736572742066E6
:10256000696C616D656E7420696E746F2074686546
:102570002066697273742074756265206F662074BA
:102580006865204D4D552C207468656E207072650D
:10259000737320746865206B6E6F6220746F206C9B
:1025A0006F61642069742E005A2063616C696272E5
:1025B0006174696F6E207265636F6D6D656E6465C1
:1025C000642E2052756E206974206E6F773F005420
:1025D0006865207072696E7465722077696C6C2012
:1025E0007374617274207072696E74696E672061B1
:1025F000207A69672D7A6167206C696E652E20529A
:102600006F7461746520746865206B6E6F622075ED
:102610006E74696C20796F752072656163682074CF
:102620006865206F7074696D616C206865696768A2
:10263000742E20436865636B20746865207069633D
:10264000747572657320696E207468652068616EA8
:1026500064626F6F6B202843616C69627261746998
:102660006F6E2063686170746572292E0053656C0B
:102670006563742074656D70657261747572652030
:102680007768696368206D61746368657320796F2A
:102690007572206D6174657269616C2E0053656C92
:1026A00065637420612066696C616D656E74206677
:1026B0006F7220746865204669727374204C61796A
:1026C00065722043616C6962726174696F6E20612A
:1026D0006E642073656C65637420697420696E2074
:1026E000746865206F6E2D73637265656E206D650D
:1026F0006E752E004E6F7720492077696C6C2063D1
:10270000616C6962726174652064697374616E637F
:1027100065206265747765656E20746970206F66E8
:1027200020746865206E6F7A7A6C6520616E642013
:102730006865617462656420737572666163652E95
:1027400000506C6561736520636865636B206F750D
:10275000722068616E64626F6F6B20616E642066C8
:102760006978207468652070726F626C656D2E20C8
:102770005468656E20726573756D65207468652098
:1027800057697A617264206279207265626F6F7432
:10279000696E6720746865207072696E7465722E48
:1027A00000416C6C20697320646F6E652E20486157
:1027B000707079207072696E74696E672100596F4C
:1027C000752063616E20616C776179732072657327
:1027D000756D65207468652057697A61726420663A
:1027E000726F6D2043616C6962726174696F6E20F3
:1027F0002D3E2057697A6172642E00496620796FF8
:10280000752068617665206164646974696F6E61C2
:102810006C20737465656C207368656574732C2017
:1028200063616C69627261746520746865697220A5
:102830007072657365747320696E20536574746972
:102840006E6773202D204857205365747570202DB6
:1028500020537465656C207368656574732E005031
:102860006C6561736520636C65616E206865617479
:1028700062656420616E64207468656E20707265A4
:10288000737320746865206B6E6F622E00446F2036
:10289000796F752077616E7420746F207265706532
:1028A0006174206C617374207374657020746F2080
:1028B000726561646A7573742064697374616E63B0
:1028C00065206265747765656E206E6F7A7A6C65D7
:1028D00020616E6420686561746265643F005365C1
:1028E0006C656374206E6F7A7A6C652070726568AF
:1028F0006561742074656D706572617475726520B0
:102900007768696368206D61746368657320796FA7
:102910007572206D6174657269616C2E0049732057
:1029200066696C616D656E74206C6F616465643F8F
:10293000004E6F7720492077696C6C207072656853
:10294000656174206E6F7A7A6C6520666F722050B4
:102950004C412E00492077696C6C2072756E207A8C
:102960002063616C6962726174696F6E206E6F774B
:102970002E004E6F772072656D6F766520746865E6
:102980002074657374207072696E742066726F6D46
:1029900020737465656C2073686565742E00506CD7
:1029A000656173652072656D6F7665207368697007
:1029B00070696E672068656C7065727320666972F5
:1029C00073742E00492077696C6C2072756E2078C4
:1029D000797A2063616C6962726174696F6E206ECE
:1029E0006F772E2049742077696C6C2074616B6559
:1029F00020757020746F203234206D696E732E0044
:102A000046697273742C20492077696C6C2072754A
:102A10006E207468652073656C66746573742074C9
:102A20006F20636865636B206D6F737420636F6DD7
:102A30006D6F6E20617373656D626C792070726F5B
:102A4000626C656D732E0048692C204920616D20F1
:102A5000796F7572204F726967696E616C20507270
:102A6000757361206933207072696E7465722E20EF
:102A7000576F756C6420796F75206C696B65206D7C
:102A80006520746F20677569646520796F7520749F
:102A900068726F75676820746865207365747570F7
:102AA0002070726F636573733F0048692C20492062
:102AB000616D20796F7572204F726967696E616C04
:102AC000205072757361206933207072696E74656D
:102AD000722E20492077696C6C20677569646520C7
:102AE000796F75207468726F7567682061207368EC
:102AF0006F72742073657475702070726F63657384
:102B0000732C20696E20776869636820746865207B
:102B10005A2D617869732077696C6C206265206337
:102B2000616C696272617465642E205468656E2CF4
:102B300020796F752077696C6C2062652072656101
:102B4000647920746F207072696E742E0050617504
:102B5000736500465320416374696F6E00462E20F2
:102B60006175746F6C6F616400462E2072756E6FB4
:102B7000757400437574746572004175746F2070CC
:102B80006F776572004869676820706F77657200BB
:102B90004D6F64650046616E207370656564004228
:102BA00065640046616E7320636865636B004D6FFA
:102BB00064656C004E6F7A7A6C6500506C65617369
:102BC0006520756E6C6F6164207468652066696C41
:102BD000616D656E742066697273742C207468650B
:102BE0006E2072657065617420746869732061631A
:102BF00074696F6E2E00436865636B73004E6F7A65
:102C00007A6C6520642E00416C70686162657400A6
:102C100054696D6500536F7274004E6F726D616C14
:102C20000053442063617264004E6F7A7A6C6520B1
:102C30006368616E6765004857205365747570005E
:102C40004C6F6164696E67205465737400446973E6
:102C500061626C65207374657070657273004D6F8E
:102C6000766520617869730054656D706572617472
:102C70007572650050494E44412063616C2E0052CC
:102C8000657365742058595A2063616C6962722EAD
:102C90000053686F7720656E642073746F707300E3
:102CA0005049442063616C6962726174696F6E009F
:102CB000426564206C6576656C20636F7272656333
:102CC00074004D65736820426564204C6576656CC0
:102CD000696E670043616C696272617465205A00B5
:102CE00043616C6962726174652058595A0053657A
:102CF0006C66746573740057697A617264004C6F16
:102D0000616420416C6C00506C6561736520707566
:102D10006C6C206F75742066696C616D656E7420D3
:102D2000696D6D6564696174656C79005265736580
:102D3000740052656E616D65004669727374206C33
:102D4000617965722063616C2E0053656C656374F4
:102D500000537465656C2073686565747300537502
:102D600070706F7274004661696C20737461747363
:102D7000204D4D55004661696C2073746174730079
:102D8000537461746973746963730043616C69623D
:102D9000726174696F6E004175746F4C6F6164206D
:102DA00066696C616D656E74004C6F616420666964
:102DB0006C616D656E7400556E6C6F616420666940
:102DC0006C616D656E74004C6F616420746F206E71
:102DD0006F7A7A6C65005072656C6F616420746FF5
:102DE000204D4D55004E6F205344206361726400A6
:102DF0005072696E742066726F6D20534400526584
:102E000073756D65207072696E74005061757365BD
:102E1000207072696E740053657420526561647924
:102E200000536574206E6F742052656164790050A0
:102E30007265686561740054756E65004C697665ED
:102E40002061646A757374205A0052657072696EED
:102E50007400496E666F2073637265656E0041731E
:102E6000736973740053696C656E74004F6E6365AB
:102E7000004C6F756400536F756E640046696C2E6C
:102E80002073656E736F72004368616E67652066BC
:102E9000696C616D656E7400466C6F770053706588
:102EA0006564004E2F41004D61676E657473206349
:102EB0006F6D702E005A2D70726F6265206E722ECB
:102EC000004D6573680053657474696E67730059CB
:102ED0006573004E6F0053746F70207072696E746A
:102EE00000436865636B696E672066696C650046C0
:102EF000696C6520696E636F6D706C6574652E001A
:102F00008452656672657368004D61696E00576131
:102F10006974696E6720666F72206E6F7A7A6C656D
:102F200020616E642062656420636F6F6C696E67F8
:102F30000053656C6674657374204F4B0053656C69
:102F40006674657374207374617274005377617072
:102F50007065640046726F6E742F6C6566742066CF
:102F6000616E7300417869730041786973206C6504
:102F70006E677468004C6F6F73652070756C6C655C
:102F80007900456E6473746F70206E6F7420686989
:102F90007400456E6473746F70004D6F746F7200CF
:102FA000456E6473746F707300576972696E672041
:102FB0006572726F72004265642F48656174657254
:102FC000004E6F7420636F6E6E65637465640048B5
:102FD00065617465722F546865726D6973746F7280
:102FE00000506C6561736520636865636B3A0053DC
:102FF000656C6674657374206572726F7221004629
:10300000696C616D656E742073656E736F720050CC
:1030100072696E742066616E3A00486F74656E6402
:103020002066616E3A0043616C6962726174696E18
:103030006720686F6D650053656C667465737420F6
:103040006661696C656400416C6C20636F727265C7
:10305000637400436865636B696E672073656E73A4
:103060006F727300436865636B696E6720686F7485
:10307000656E6400436865636B696E6720626564B2
:1030800000436865636B696E67205A2061786973D5
:1030900000436865636B696E6720592061786973C6
:1030A00000436865636B696E6720582061786973B7
:1030B00000436865636B696E6720656E6473746F47
:1030C000707300436172642072656D6F7665640091
:1030D0004261636B00537472696374005761726E6E
:1030E000004E6F6E6500486F74656E6420617420D9
:1030F0003238304321204E6F7A7A6C6520636861E4
:103100006E67656420616E64207469676874656EBB
:10311000656420746F2073706563733F00466F723F
:103120002061204E6F7A7A6C65206368616E6765F6
:1031300020706C6561736520726561640A707275D8
:1031400073612E696F2F6E6F7A7A6C652D6D6B339C
:1031500073005049442063616C2E2066696E697368
:10316000686564005049442063616C2E00507269A8
:103170006E7420706175736564005072696E74209E
:1031800061626F727465640043616E63656C0043D5
:103190006F6E742E004E6F7A7A6C65206469616D73
:1031A0006574657220646966666572732066726F05
:1031B0006D2074686520472D636F64652E20506C08
:1031C0006561736520636865636B2074686520764C
:1031D000616C756520696E2073657474696E6773C0
:1031E0002E004E6F7A7A6C65206469616D65746536
:1031F0007220646966666572732066726F6D2074F2
:10320000686520472D636F64652E0054686572659C
:10321000206973206E6F2066696C616D656E742025
:103220006C6F616465642E00546865726520697313
:10323000207374696C6C2061206E65656420746F06
:10324000206D616B65205A2063616C6962726174E4
:10325000696F6E2E20506C6561736520666F6C6CB3
:103260006F7720746865206D616E75616C2C2063CA
:103270006861707465722046697273742073746536
:1032800070732C2073656374696F6E2043616C6981
:1032900062726174696F6E20666C6F772E00507277
:1032A000696E74657220686173206E6F7420626548
:1032B000656E2063616C6962726174656420796512
:1032C000742E20506C6561736520666F6C6C6F772F
:1032D00020746865206D616E75616C2C2063686177
:1032E00070746572204669727374207374657073AC
:1032F0002C2073656374696F6E2043616C69627220
:103300006174696F6E20666C6F772E0053656C6612
:10331000746573742077696C6C2062652072756EB9
:1033200020746F2063616C696272617465206163EF
:103330006375726174652073656E736F726C65730B
:1033400073207265686F6D696E672E004F6C642024
:1033500073657474696E677320666F756E642E2072
:1033600044656661756C74205049442C2045737423
:10337000657073206574632E2077696C6C206265BC
:10338000207365742E005761726E696E673A206211
:103390006F7468207072696E7465722074797065DC
:1033A00020616E64206D6F74686572626F61726413
:1033B0002074797065206368616E6765642E0057BC
:1033C00061726E696E673A207072696E7465722000
:1033D00074797065206368616E6765642E0057615B
:1033E000726E696E673A206D6F74686572626F61A4
:1033F00072642074797065206368616E6765642EFD
:103400000054657374696E672066696C616D656EE2
:1034100074005368656574004E6F74207370696E34
:103420006E696E67005370696E6E696E67004C65F9
:10343000667420686F74656E642066616E3F004636
:10344000726F6E74207072696E742066616E3F00D8
:1034500046616E20746573740053656C65637420F7
:1034600066696C616D656E743A0058595A206361E3
:103470006C6962726174696F6E206661696C656403
:103480002E2052696768742066726F6E74206361C3
:103490006C6962726174696F6E20706F696E7420FE
:1034A0006E6F7420726561636861626C652E00588E
:1034B000595A2063616C6962726174696F6E20662B
:1034C00061696C65642E2046726F6E742063616C56
:1034D0006962726174696F6E20706F696E747320B7
:1034E0006E6F7420726561636861626C652E00584E
:1034F000595A2063616C6962726174696F6E2066EB
:1035000061696C65642E20506C6561736520636F22
:103510006E73756C7420746865206D616E75616C76
:103520002E0058595A2063616C6962726174696F28
:103530006E20636F6D70726F6D697365642E2052BB
:10354000696768742066726F6E742063616C69626B
:10355000726174696F6E20706F696E74206E6F7423
:1035600020726561636861626C652E0058595A204B
:1035700063616C6962726174696F6E20636F6D70F4
:10358000726F6D697365642E2046726F6E7420636E
:10359000616C6962726174696F6E20706F696E74BC
:1035A00073206E6F7420726561636861626C652E52
:1035B0000058595A2063616C6962726174696F6E58
:1035C000206661696C65642E204265642063616CCD
:1035D0006962726174696F6E20706F696E742077B2
:1035E0006173206E6F7420666F756E642E00506C70
:1035F000656173652072656D6F76652073746565AE
:103600006C2073686565742066726F6D20686561F3
:10361000746265642E00506C6561736520706C6126
:10362000636520737465656C207368656574206FCD
:103630006E20686561746265642E0049732073743E
:1036400065656C207368656574206F6E20686561C0
:10365000746265643F0044697374616E63652062DF
:1036600065747765656E20746970206F6620746874
:1036700065206E6F7A7A6C6520616E64207468656F
:10368000206265642073757266616365206861738A
:10369000206E6F74206265656E2073657420796595
:1036A000742E20506C6561736520666F6C6C6F774B
:1036B00020746865206D616E75616C2C2063686193
:1036C00070746572204669727374207374657073C8
:1036D0002C2073656374696F6E2046697273742061
:1036E0006C617965722063616C6962726174696F83
:1036F0006E2E00506C61636520612073686565748F
:10370000206F6620706170657220756E646572202E
:10371000746865206E6F7A7A6C6520647572696E64
:1037200067207468652063616C6962726174696F97
:103730006E206F66206669727374203420706F6922
:103740006E74732E20496620746865206E6F7A7AD5
:103750006C652063617463686573207468652070AC
:10376000617065722C20706F776572206F666620BD
:10377000746865207072696E74657220696D6D651C
:1037800064696174656C792E005365617263686960
:103790006E67206265642063616C6962726174693E
:1037A0006F6E20706F696E74004D6561737572691C
:1037B0006E67207265666572656E6365206865690F
:1037C000676874206F662063616C696272617469F6
:1037D0006F6E20706F696E7400506C656173652048
:1037E000636C65616E20746865206E6F7A7A6C65B3
:1037F00020666F722063616C6962726174696F6EBA
:103800002E20436C69636B207768656E20646F6E51
:10381000652E004175746F20686F6D650050494ECC
:1038200044412063616C6962726174696F6E2066E5
:1038300061696C65642E20436F6E74696E756520D6
:1038400077697468207072657373696E6720746835
:1038500065206B6E6F622E0050494E4441206361BB
:103860006C6962726174696F6E20646F6E652E2080
:10387000436F6E74696E7565207769746820707225
:10388000657373696E6720746865206B6E6F622E56
:10389000005A30005A310059300059310058300078
:1038A000583100456E642073746F707320646961D1
:1038B0006700473830004D3435004D3435205A000C
:1038C000473736004D3730312050300057697A6124
:1038D00072642073746174653A2025640A00457827
:1038E000706572696D656E74616C00302E383000E1
:1038F000302E363000302E343000302E3235004439
:10390000697361626C65206661726D206D6F6465BC
:10391000005265736574204D4D55004D4D55004D59
:103920003434004739390044697361626C6520663C
:1039300061726D206D6F64653F00473238205859C1
:10394000004D20383400852E2E002533642F3000A2
:103950002533642F30006C63645F73656C66636845
:1039600065636B5F617869732025642C2025640A88
:1039700000486F74656E6400426564005A00590027
:1039800058002D2D2D2D2D2D2D2D2D2D2D2D2D2D69
:103990002D2D2D2D2D2D00537570657250494E44DF
:1039A000413A00511E551E211E1A1E0F1E001E5E9A
:1039B0001FF91D201F473159252E346645252E3409
:1039C000660047315A252E32660047315835305946
:1039D000313535007421511E2864441E3A1E301EB4
:1039E000473158252E346645252E3466004731462A
:1039F0003130383000662159214C21402174213169
:103A000021262116210F215425640047315A302EDA
:103A100034004731592D33463130303000551E8344
:103A2000217E217A2174214D3834205859004D319E
:103A30003039205332383000473120583132352068
:103A40005A32303020463130303000496E76616C69
:103A50006964205049442063616C2E20726573753F
:103A60006C74732E204E6F742073746F72656420B3
:103A7000746F20454550524F4D2E004D333031204C
:103A800050252E32662049252E32662044252E32BE
:103A900066004D33303320453020532533750052B6
:103AA0004300444556004245544100414C50484172
:103AB0000000002100240027002A002D00300033E0
:103AC0000001010000040107010A01000022002595
:103AD0000028002B002E00310034000201000005F8
:103AE0000108010B01000020002300260029002C02
:103AF000002F00320000010000030106010901054A
:103B0000050505070508080808020202020A0A0856
:103B1000080404040401010101010101010303037C
:103B20000303030303040707070C0C0C0C0C0C0C19
:103B30000C0202020206060606060606060B0B0B20
:103B40000B0B0B0B0B07070A0A0A0A0A0A050505E5
:103B50000404040808010210202008081020401066
:103B60002040800201020108040201010204081041
:103B7000204080804020100804020180040201805F
:103B80004020100804020108040201010204081088
:103B900020408001020408102040801008040880A2
:103BA000102040044080102040048000000A0B02D6
:103BB000090C0D0E080703040100000000000000BE
:103BC00000000000000000000000000000000000F5
:103BD00000000000000000121110000000000000B2
:103BE00000000000000000000000000000000000D5
:103BF00000000000000000000000000000000000C5
:103C000000332E31342E31000A204F726967696EFD
:103C1000616C2050727573612069330A2020205036
:103C2000727573612052657365617263680A25322B
:103C3000302E3230530053706F6F6C4A6F696E20B4
:103C4000697320006164635F696E697400200A20F3
:103C50000A200A2000416C6C2044617461005365A5
:103C60007276696365207072657000536869707060
:103C7000696E672070726570005374617469737443
:103C8000696373004C616E677561676500455241F9
:103C900053494E4720616C6C206461746100466139
:103CA00063746F72792052455345540050525553F6
:103CB00041334446570003000E000100400003005A
:103CC00002000000040073686976616D6D656874B8
:103CD0006132323000323032352D30382D313920DA
:103CE00030323A35323A35310020332E31342E31EC
:103CF0002D383238345F663365306466643438009A
:103D00007374617274004D323900252D392E395388
:103D10005B0033332942000058419A998D41333377
:103D20005340200A200A20004D4D55323A004D657F
:103D300061737572652063656E746572202000780A
:103D4000797A63616C5F6D6561737572655F656ECD
:103D50007465720A0078797A63616C5F7370697256
:103D6000616C382063783D25642063793D256420AB
:103D70007A303D256420647A3D256420726164694F
:103D800075733D25642061643D25640A0078797A65
:103D900063616C5F7365617263685A206E6F207334
:103DA00069676E616C0A20783D256C6420793D2539
:103DB0006C64207A3D256C640A00204F4E2D5349D7
:103DC000474E414C20617420783D256420793D2583
:103DD00064207A3D25642061643D25640A00787979
:103DE0007A63616C5F7365617263685A20783D2500
:103DF0006C6420793D256C64207A3D256C640A0052
:103E00002530327800205B25662025665D206D6DAB
:103E1000207061747465726E2063656E7465720AD9
:103E200000205B25662025665D5B25665D206D6D47
:103E300020646976657267656E63650A000000F04C
:103E400000F801FC03FE07FE07FE07FE07FC03F86F
:103E500001F000000000000000F000F801FC03FC8D
:103E600003FC03FC03F801F0000000000078797AFD
:103E700063616C5F6D6561737572655F6C656176BA
:103E8000650A00203C20005741524E494E473A20D7
:103E900046726F6E7420706F696E74206E6F74203E
:103EA000726561636861626C652E205920636F6F73
:103EB0007264696E6174653A000000004041000060
:103EC000804000005C430000804000005C43000034
:103ED0004443000040410000444325642F3400491E
:103EE0007465726174696F6E3A200043616C696237
:103EF000726174696F6E206661696C65642120432C
:103F00006865636B20746865206178657320616EF5
:103F1000642072756E20616761696E2E00556E6552
:103F200078706563746564206572726F72206F6368
:103F30006375727265642E004D3630302046696CB0
:103F4000616D656E74204368616E67652E204C6FED
:103F500061642061206E65772066696C616D656EB5
:103F600074206F7220656A65637420746865206FC1
:103F70006C64206F6E652E0052656D6F76652074DF
:103F8000686520656A65637465642066696C616D47
:103F9000656E742066726F6D207468652066726F3E
:103FA0006E74206F6620746865204D4D552E004656
:103FB000696C616D656E74206465746563746564B5
:103FC00020756E65787065637465646C792E204524
:103FD0006E73757265206E6F2066696C616D656EBB
:103FE00074206973206C6F616465642E204368657A
:103FF000636B207468652073656E736F72732061E4
:104000006E6420776972696E672E00496E746572FE
:104010006E616C2072756E74696D65206572726F69
:10402000722E2054727920726573657474696E679C
:1040300020746865204D4D55206F72207570646145
:1040400074696E6720746865206669726D77617245
:10405000652E004D4D552046572076657273696F69
:104060006E20697320696E636F6D70617469626C34
:10407000652077697468207072696E746572204675
:10408000572E55706461746520746F207665727365
:10409000696F6E20332E302E332E004D4D55204645
:1040A00069726D7761726520696E7465726E616C9C
:1040B000206572726F722C20706C6561736520725E
:1040C0006573657420746865204D4D552E005265EA
:1040D000717565737465642066696C616D656E7475
:1040E00020746F6F6C206973206E6F74206176612D
:1040F000696C61626C65206F6E20746869732068FA
:10410000617264776172652E20436865636B207409
:10411000686520472D636F646520666F7220746F39
:104120006F6C20696E646578206F7574206F6620EF
:1041300072616E6765202854302D5434292E004357
:10414000616E6E6F7420706572666F726D20746838
:104150006520616374696F6E2C2066696C616D65A2
:104160006E7420697320616C7265616479206C6F74
:10417000616465642E20556E6C6F616420697420E3
:1041800066697273742E004D4D55206E6F742072E7
:104190006573706F6E64696E6720636F72726563BA
:1041A000746C792E20436865636B20746865207792
:1041B0006972696E6720616E6420636F6E6E6563FD
:1041C000746F72732E004D4D55206E6F74207265A2
:1041D00073706F6E64696E672E20436865636B2031
:1041E00074686520776972696E6720616E64206308
:1041F0006F6E6E6563746F72732E004D6F72652003
:1042000064657461696C73206F6E6C696E652E00F5
:104210005468652049646C65722063616E6E6F74CA
:1042200020686F6D652070726F7065726C792E20DA
:10423000436865636B20666F7220616E797468698C
:104240006E6720626C6F636B696E672069747320A0
:104250006D6F76656D656E742E0043616E277420F8
:104260006D6F76652053656C6563746F72206F7235
:104270002049646C65722E005468652053656C6536
:1042800063746F722063616E6E6F7420686F6D650A
:104290002070726F7065726C792E20436865636B55
:1042A00020666F7220616E797468696E6720626C37
:1042B0006F636B696E6720697473206D6F76656DCF
:1042C000656E742E004C6F6164696E6720746F2098
:1042D0006578747275646572206661696C65642EB8
:1042E00020496E7370656374207468652066696C1C
:1042F000616D656E74207469702073686170652EDD
:1043000020526566696E65207468652073656E73FA
:104310006F722063616C6962726174696F6E2C20C8
:104320006966206E65656465642E0053656C65631F
:10433000746F722063616E2774206D6F76652064E0
:10434000756520746F2046494E444120646574654C
:104350006374696E6720612066696C616D656E7457
:104360002E204D616B652073757265206E6F20661F
:10437000696C616D656E7420697320696E20536588
:104380006C6563746F7220616E642046494E4441CF
:1043900020776F726B732070726F7065726C792EFC
:1043A0000046696C616D656E742073656E736F7223
:1043B0002074726967676572656420746F6F206529
:1043C00061726C79207768696C65206C6F616469D3
:1043D0006E6720746F2065787472756465722E2024
:1043E000436865636B2074686572652069736E2726
:1043F0007420616E797468696E6720737475636B7D
:1044000020696E205054464520747562652E204305
:104410006865636B20746861742073656E736F7276
:104420002072656164732070726F7065726C792E92
:104430000050756C6C6579206D6F746F72207374A9
:10444000616C6C65642E20456E73757265207468AE
:10445000652070756C6C65792063616E206D6F7678
:104460006520616E6420636865636B2074686520F5
:10447000776972696E672E0046696C616D656E744E
:104480002073656E736F72206469646E2774207385
:104490007769746368206F6666207768696C652049
:1044A000756E6C6F6164696E672066696C616D65BD
:1044B0006E742E20456E737572652066696C616D31
:1044C000656E742063616E206D6F766520616E6429
:1044D000207468652073656E736F7220776F726BDE
:1044E000732E0046696C616D656E742073656E7322
:1044F0006F72206469646E277420747269676765DF
:1045000072207768696C65206C6F6164696E6720E2
:104510007468652066696C616D656E742E20456EE9
:1045200073757265207468652073656E736F722091
:1045300069732063616C6962726174656420616E85
:1045400064207468652066696C616D656E742072A4
:104550006561636865642069742E0046494E444174
:10456000206469646E277420737769746368206FB0
:104570006666207768696C6520756E6C6F6164692A
:104580006E672066696C616D656E742E2054727959
:1045900020756E6C6F6164696E67206D616E756108
:1045A0006C6C792E20456E737572652066696C613E
:1045B0006D656E742063616E206D6F766520616E2F
:1045C000642046494E444120776F726B732E00463B
:1045D000494E4441206469646E277420747269678F
:1045E000676572207768696C65206C6F6164696EBD
:1045F00067207468652066696C616D656E742E2035
:10460000456E73757265207468652066696C616DAE
:10461000656E742063616E206D6F766520616E64D7
:104620002046494E444120776F726B732E004469D7
:104630007361626C650053746F70004C6F6164004D
:10464000556E6C6F61640052657365744D4D550015
:1046500052657472790053656E7369746976697412
:104660007900446F6E6500526573756D696E6720E1
:104670007072696E740050494E44412048656174FF
:10468000696E670043616C6962726174696F6E2064
:10469000646F6E650043616C6962726174696E6714
:1046A000205A0042656420646F6E65004265642094
:1046B00048656174696E670048656174696E67205A
:1046C000646F6E652E0048656174696E6700546F93
:1046D00074616C004C617374207072696E74004D6B
:1046E0004D5520706F776572206661696C73004D5F
:1046F0004D55206C6F6164206661696C73004D4D8F
:1047000055206661696C73004D6174657269616CF6
:10471000206368616E67657300546F74616C206616
:1047200061696C757265730046696C2E2072756ED6
:104730006F757473004C617374207072696E7420AD
:104740006661696C757265730054656D7065726140
:1047500074757265730053656E736F7220696E664F
:104760006F00457874727564657220696E666F00BB
:1047700058595A2063616C2E2064657461696C73AA
:10478000005072696E7465722049502041646472F1
:104790003A00756E6B6E6F776E004D4D5520636FEE
:1047A0006E6E656374656400446174653A00746F8D
:1047B00020756E6C6F61642066696C616D656E74E6
:1047C00000746F206C6F61642066696C616D656E4A
:1047D0007400507265737320746865206B6E6F622D
:1047E0000050726568656174696E6720746F20633C
:1047F00075740050726568656174696E6720746FC6
:1048000020656A6563740050726568656174696EDD
:104810006720746F20756E6C6F61640050726568FC
:10482000656174696E6720746F206C6F616400430A
:104830006F6F6C646F776E00456A656374004669DC
:104840006C616D656E7420657874727564696E67ED
:104850002026207769746820636F72726563742004
:10486000636F6C6F723F004175746F6C6F61646948
:104870006E672066696C616D656E74206973206176
:1048800063746976652C206A757374207072657321
:104890007320746865206B6E6F6220616E6420699E
:1048A0006E736572742066696C616D656E742E2E10
:1048B0002E005072696E742074696D650046696CD3
:1048C000616D656E74207573656400546F74616CFE
:1048D000207072696E742074696D6500546F746124
:1048E0006C2066696C616D656E74005072656865F8
:1048F000617420746865206E6F7A7A6C652100455A
:1049000052524F523A005269676874004C6566749F
:1049100000592064697374616E63652066726F6DFF
:10492000206D696E0053657665726520736B6577DF
:1049300000536C6967687420736B6577004D65611F
:10494000737572656420736B6577005B303B305D17
:1049500020706F696E74206F6666736574004164C1
:104960006A757374696E67205A00526561722073AC
:10497000696465205BE46D5D0046726F6E74207340
:104980006964655BE46D5D005269676874207369F2
:1049900064655BE46D5D004C6566742073696465F5
:1049A000205BE46D5D005365742074656D70657205
:1049B00061747572653A004D494E54454D50204220
:1049C0004544206669786564004D494E54454D5014
:1049D00020484F54454E44206669786564004D4D2B
:1049E00055323A002533640018010419020ACF45F4
:1049F0005B45E34478443144A1432B43C5427842AC
:104A00005A4210425A42FB41FB41FB41FB41FB41F0
:104A1000FB41FB41FB41FB41FB41FB41FB41FB41B6
:104A2000FB41FB41FB41FB41FB41FB41FB41FB41A6
:104A3000FB41C64187413F41CE409B4053400B4024
:104A4000AF3F783F383F1D3F0101010101010102E5
:104A500071017101323232030303030303030303C1
:104A60000303030303030303030393932438039310
:104A70000301025603650066006700680069006A6A
:104A8000006B006C00730074007D007E00C900D3D1
:104A900000DD00CA00D400DE002D01370141012EE7
:104AA00001380142012F013901430130013A01442B
:104AB0000131013B014501320191019201F501F6FD
:104AC00001F701F801F901FA01FB01FC01840388F7
:104AD0000020746F6F206C6F6E672065787472753C
:104AE00073696F6E2070726576656E746564002000
:104AF000636F6C6420657874727573696F6E207073
:104B0000726576656E746564004D6F7665206162CE
:104B10006F72746564004572723A5052494E542067
:104B200046414E204552524F520025632533642F93
:104B3000256481005A25362E32662563005A2020CE
:104B4000202D2D2D2000862533642525002D2D2D8B
:104B500025250025336425250020534400202020EE
:104B60000020484F002046524D2000872D2D3A2D21
:104B70002D20200087253375682025632563008755
:104B8000253032753A2530327525632563002F2F85
:104B9000616374696F6E3A706175736564002F2F7D
:104BA000616374696F6E3A70617573650044756D09
:104BB0007020746F2073657269616C0068656C7039
:104BC0002E707275736133642E636F6D00666F7241
:104BD000756D2E707275736133642E636F6D007026
:104BE0007275736133642E636F6D004D3730310021
:104BF00025533A0A2531382E32666D200A25533A5C
:104C00000A2531306C646820253032646D202530EF
:104C10003264730025533A0A2531382E32666D20EE
:104C20000A25533A0A2531306C64642025303264F9
:104C30006820253032646D0025362E32666D6D0099
:104C400025530A25530A25533A0A25533A0025339A
:104C50002E32668100252D31342E3134533A0A2507
:104C6000530A252D31342E3134533A25332E3266F2
:104C7000810A252D31342E3134533A25332E3266B4
:104C8000810050466246474640463B463848372EEC
:104C900036462E46252E3230530A70727573612EB9
:104CA000696F2F3034256875007B5B4552523A009E
:104CB000332E31342E31005D5B4657523A005D5B36
:104CC00054494D3A005D5B464E4D3A005D5B4645AA
:104CD0004D3A005D5B5043443A005B5446553A0000
:104CE0005B50524E3A005B50464E3A305D005B449A
:104CF00049413A005D5B4154423A005D5B415430AA
:104D00003A005D5B5354423A005B5354303A007BA7
:104D10005B50524E3A355D007B5B50524E3A305DEF
:104D2000007B5B50524E3A395D007B5B50524E3AED
:104D3000385D007B5B5245533A305D5B46494C3AE7
:104D4000007B5B5245533A315D5B46494C3A00006B
:104D5000002110422063308440A550C660E77008EF
:104D60008129914AA16BB18CC1ADD1CEE1EFF13176
:104D700012100273325222B5529442F772D662393F
:104D80009318837BB35AA3BDD39CC3FFF3DEE362C6
:104D900024433420040114E664C774A44485546A8F
:104DA000A54BB528850995EEE5CFF5ACC58DD55356
:104DB00036722611163006D776F6669556B4465BDF
:104DC000B77AA719973887DFF7FEE79DD7BCC7C426
:104DD00048E5588668A7784008611802282338CC2F
:104DE000C9EDD98EE9AFF9488969990AA92BB9F5B6
:104DF0005AD44AB77A966A711A500A333A122AFD7F
:104E0000DBDCCBBFFB9EEB799B588B3BBB1AABA685
:104E10006C877CE44CC55C222C033C600C411CAECE
:104E2000ED8FFDECCDCDDD2AAD0BBD688D499D9795
:104E30007EB66ED55EF44E133E322E511E700E9F1E
:104E4000FFBEEFDDDFFCCF1BBF3AAF599F788F88E5
:104E500091A981CAB1EBA10CD12DC14EF16FE180B6
:104E600010A100C230E3200450254046706760B9AD
:104E7000839893FBA3DAB33DC31CD37FE35EF3B106
:104E8000029012F322D2323542145277625672EAFD
:104E9000B5CBA5A89589856EF54FE52CD50DC5E256
:104EA00034C324A01481046674476424540544DB8D
:104EB000A7FAB79987B8975FE77EF71DC73CD7D3A6
:104EC00026F2369106B01657667676154634564C5D
:104ED000D96DC90EF92FE9C899E9898AB9ABA944F6
:104EE00058654806782768C018E1088238A3287DED
:104EF000CB5CDB3FEB1EFBF98BD89BBBAB9ABB7546
:104F00004A545A376A167AF10AD01AB32A923A2EBC
:104F1000FD0FED6CDD4DCDAABD8BADE89DC98D2695
:104F20007C076C645C454CA23C832CE01CC10C1FCC
:104F3000EF3EFF5DCF7CDF9BAFBABFD98FF89F17E5
:104F40006E367E554E745E932EB23ED10EF01E7CB0
:104F50003C3E3F2F2A225C0024F4D43050C38E20E4
:104F6000C2A24017828B7011127A910D816CD90AFE
:104F7000A861E108C7586607615143061E4B5D05ED
:104F8000C145A7041A411104093D98037139310341
:104F90004036DB0265339102D4305402802E1D026C
:104FA000632CEE01752AC501B028A00110278101EC
:104FB0008F2564012B244B01E0223401AC211F0119
:104FC0008D200D01801FFC00841EED00971DDF0069
:104FD000B81CD200E61BC600201BBC00641AB2003D
:104FE000B219A8000A19A0006A189900D1179100F7
:104FF00040178B00B516840031167E00B31579007A
:105000003A157300C7146F0058146A00EE13660057
:105010008813630025135E00C7125B006C125700F3
:1050200015125400C111510070114F0021114B0095
:10503000D61049008D10470046104400021042006F
:10504000C00F4000800F3E00420F3C00060F3B00A7
:10505000CB0E3800930E37005C0E3500270E34005F
:10506000F30D3200C10D3100900D3000600D2E00A7
:10507000320D2D00050D2C00D90C2B00AE0C290093
:10508000850C29005C0C2700350C27000E0C26002F
:10509000E80B2400C40B2400A00B23007D0B23008D
:1050A0005A0B2100390B2100180B2000F80A1F00B1
:1050B000D90A1E00BB0A1E009D0A1D00800A1D00A1
:1050C000630A1C00470A1B002C0A1B00110A1A0065
:1050D000F7091A00DD091900C4091900AB09190004
:1050E000920917007B091800630917004C09160084
:1050F00036091600200916000A091500F5081500E2
:10510000E0081400CC081400B8081400A408140027
:10511000900813007D0812006B0813005808120055
:10512000460812003408110023081100120811006B
:1051300001081100F0071000E0071000D007100070
:10514000C0071000B0070F00A107100091070E0064
:1051500083070F0074070F0065070E0057070E0046
:1051600049070E003B070D002E070E0020070D001B
:1051700013070D0006070D00F9060C00ED060D00E3
:10518000E0060C00D4060C00C8060C00BC060C009F
:10519000B0060C00A4060B0099060C008D060B004F
:1051A00082060B0077060B006C060B0061060A00F6
:1051B00057060B004C060A0042060A0038060A0091
:1051C0002E060A0024060A001A060A001006090024
:1051D00007060A00FD050900F4050900EB050900B2
:1051E000E2050900D9050900D0050900C705090035
:1051F000BE050900B5050800AD050800A5050900B4
:105200009C050800940508008C050800840508002A
:105210007C050800740508006C050700650508009A
:105220005D050700560508004E0507004705070005
:105230004005080038050700310507002A0507006A
:10524000230507001C050600160507000F050700CB
:105250000805060002050700FB040600F504070028
:10526000EE040600E8040600E2040700DB04060082
:10527000D5040600CF040600C9040600C3040600D6
:10528000BD040600B7040600B1040500AC04060026
:10529000A6040600A00405009B0406009504050072
:1052A000900406008A0405008504050080040600B9
:1052B0007A04050075040500700405006B04050000
:1052C00066040500610405005C0405005704050040
:1052D000520405004D040500480405004304050080
:1052E0003E0404003A0405003504050030040400BF
:1052F0002C04050027040400230405001E040400F8
:105300001A04040016040500110404000D0404002E
:10531000090405000404040000040400FC03040064
:10532000F8030400F4030400F0030400EC03040099
:10533000E8030400E4030400E0030400DC030400C9
:10534000D8030400D4030400D0030400CC030400F9
:10535000C8030300C503030024F404D9201BC40CB4
:105360005C0E9804C4095F0265077101F405F90039
:10537000FB04B30048048700C103690058035500CB
:1053800003034500BE023A008402310053022A00A2
:105390002902250004022000E4011C00C8011900B4
:1053A000AF0117009801140084011300710110006F
:1053B0006101100051010E0043010D0036010B0088
:1053C0002B010B0020010B00150109000C01090045
:1053D00003010800FB000800F3000800EB000700D1
:1053E000E4000600DE000600D8000600D200060039
:1053F000CC000500C7000500C2000500BD00040088
:10540000B9000400B5000400B1000400AD000400C0
:10541000A9000400A5000300A20003009F000400EF
:105420009B00030098000300950002009300030016
:10543000900003008D0002008B0003008800020032
:105440008600020084000300810002007F00020049
:105450007D0002007B00020079000200770001005D
:105460007600020074000200720001007100020068
:105470006F0002006D0001006C0002006A00010074
:10548000690002006700010066000100650001007C
:105490006400020062000100610001006000010080
:1054A0005F0002005D0001005C0001005B00010084
:1054B0005A00010059000100580001005700010086
:1054C0005600010055000100540001005300000087
:1054D0005300010052000100510001005000010082
:1054E0004F0001004E0000004E0001004D00010081
:1054F0004C0001004B0000004B0001004A0001007D
:105500004900010048000000480001004700010078
:105510004600000046000100450000004500010073
:10552000440001004300000043000100420000006D
:105530004200010041000000410001004000010064
:105540003F0000003F0001003E0000003E0001005F
:105550003D0000003D0001003C0000003C00000058
:105560003C0001003B0000003B0001003A0000004D
:105570003A00010039000000390001003800000045
:10558000380000003800010037000000370001003B
:105590003600000036000000360001003500000033
:1055A0003500000035000100340000003400000028
:1055B000340001003300000033000000330001001C
:1055C0003200000032000000320001003100000013
:1055D0003100000031000100300000003000000008
:1055E000300001002F0000002F0000002F000000FD
:1055F0002F0001002E0000002E0000002E000100F0
:105600002D0000002D0000002D0000002D000100E5
:105610002C0000002C0000002C0000002C000100D9
:105620002B0000002B0000002B0000002B000100CD
:105630002A0000002A0000002A0000002A000100C1
:1056400029000000290000002900000029000000B6
:1056500029000100280000002800000028000000A8
:10566000280000002800010027000000270000009B
:10567000270000002700000027000100260000008E
:105680002600000026000000260000002600010081
:105690002500000025000000250000002500000076
:1056A0002500000025000100240000002400000067
:1056B000240000002400000024000100230000005A
:1056C000230000002300000023000000230000004E
:1056D000230000002300010022000000220000003F
:1056E0002200000022000000220000002200010031
:1056F0002100000021000000210000002100000026
:105700002100000021000000210001002000000015
:105710002000000020000000200000002000000009
:105720002000000020000000200001001F000000F9
:105730001F0000001F0000001F0000001F000000ED
:105740001F0000001F0001001E0000001E000000DE
:105750001E0000001E00000045303A20005A3A208A
:1057600000593A2000583A20004D53312C4D533205
:105770002050696E7300504944204175746F7475F0
:105780006E652066696E6973686564212050757462
:1057900020746865206C617374204B702C204B69F9
:1057A00020616E64204B6420636F6E7374616E744D
:1057B000732066726F6D2061626F766520696E740A
:1057C0006F20436F6E66696775726174696F6E2EC4
:1057D0006800504944204175746F74756E65206689
:1057E00061696C6564212074696D656F7574002052
:1057F000403A00543A00423A0050494420417574FE
:105800006F74756E65206661696C656421205465EE
:105810006D706572617475726520746F6F20686950
:10582000676800204B643A2000204B693A20002032
:105830004B703A200020436C6173736963205049B8
:105840004420002054753A2000204B753A20002057
:105850006D61783A2000206D696E3A200020643A2C
:10586000200020626961733A20005049442041754C
:10587000746F74756E65207374617274005049445E
:10588000204175746F74756E65206661696C65641E
:105890002E20426164206578747275646572206E92
:1058A000756D6265722E00486F74656E6420666166
:1058B0006E207370656564206973206C6F77657204
:1058C000207468616E20657870656374656400504B
:1058D00072696E742066616E2073706565642069FC
:1058E00073206C6F776572207468616E20657870C4
:1058F0006563746564004D494E54454D50204245E2
:1059000044004D494E54454D50004D415854454D6D
:1059100050004D415854454D5020424544007001BF
:105920002C0190012701B0012201C0011D01F001ED
:1059300018011002130130020E01600209019002E9
:105940000401C002FF000003FA004003F5008003D9
:10595000F000D003EB002004E6007004E100E00456
:10596000DC004005D700C005D2004006CD00D006BF
:10597000C8008007C3003008BE00F008B900C009A5
:10598000B400B00AAF00B00BAA00D00CA500000E06
:10599000A000500F9B00C010960050129100001400
:1059A0008C00C0158700B0178200B0197D00D01B95
:1059B0007800001E730040206E0090226900F024E1
:1059C000640040275F0090295A00E02B5500102EFC
:1059D000500020304B0010324600E033410090353B
:1059E0003C001037370070383200A0392D00B03A33
:1059F0002800A03B2300603C1E00103D1900903D94
:105A00001400103E0F00703E0A00C03E0500003F2B
:105A1000000020484F54454E4420544845524D41C3
:105A20004C2052554E41574159002048454154425F
:105A3000454420544845524D414C2052554E415703
:105A4000415900544845524D414C2052554E415702
:105A500041590042454420544845524D414C205242
:105A6000554E415741590020544845524D414C2014
:105A700052554E41574159202850524548454154AE
:105A800020484F54454E44290020544845524D412A
:105A90004C2052554E4157415920285052454845B7
:105AA00041542048454154424544290050524548FC
:105AB000454154204552524F5200424544205052D5
:105AC0004548454154204552524F52002074726956
:105AD000676765726564210048656174657273204B
:105AE0007377697463686564206F66662E20003A78
:105AF00020004572723A200000FF0102010002FFFF
:105B0000FFFE0001FE01FF00506C656173652072AD
:105B10006573746172740055534152543220727827
:105B20002046756C6C212121003A2000252D313250
:105B30002E313253252D642F36002533642F252D29
:105B4000336400203A200025335300252D3773009D
:105B5000252D31352E313553252D35640A252D312E
:105B6000352E313553252D35640A0025530A20255D
:105B70002D31362E313653252D33640A20252D3113
:105B8000362E313653252D33640025530A20252D1A
:105B900031362E313653252D33640A20252D3136EA
:105BA0002E313653252D33640A20252D31362E31E2
:105BB0003653252D33640025530A20252D31362EEA
:105BC000313653252D33640A25530A20252D3136CD
:105BD0002E313653252D33640A0020257325336476
:105BE00081200A0025752E25752E25752E25750018
:105BF00020002000466C6173684169722049502082
:105C0000416464723A004D4D552020202020202010
:105C1000204E2F410025642E25642E256400204649
:105C2000573A00323032352D30382D313900453376
:105C300044763666756C6C0052414D426F3130616E
:105C400000315F37356D6D5F4D4B32355300204865
:105C50006173683A66336530646664343800205294
:105C600065706F3A73686976616D6D6568746132ED
:105C700032300020332E31342E312D38323834007A
:105C80004669726D776172653A003E00464C455830
:105C9000202D20203234302F353000464C455820FE
:105CA0002D20203234300050502020202D20203252
:105CB00035342F3130300050502020202D2020321C
:105CC00035340048495053202D20203232302F31B6
:105CD00030300048495053202D20203232300041CE
:105CE000425320202D20203235352F3130300041D5
:105CF000425320202D2020323535005041202020D5
:105D00002D20203237352F39300050412020202DD2
:105D100020203237350050564220202D20203231AD
:105D2000352F37350050564220202D202032313576
:105D30000050432020202D20203237352F313035A0
:105D40000050432020202D20203237350041534180
:105D500020202D20203236302F3130350041534164
:105D600020202D20203236300050455420202D2078
:105D7000203233302F38350050455420202D20203C
:105D800032333000504C4120202D20203231352F2D
:105D9000363000504C4120202D2020323135006E0D
:105DA0006F7A7A6C65202D20203235302F300066D6
:105DB00061726D2020202D20203235302F383000A8
:105DC000252D31322E313253252B382E31660045A8
:105DD000787472756465723A0025632531372E3206
:105DE000666D6D00583A00593A005A3A002563250D
:105DF0002D31332E313353252B352E336600253389
:105E0000750046656564696E6720746F204653654A
:105E10006E736F72004D6F76696E672073656C6587
:105E200063746F7200486F6D696E670052657472BB
:105E30006163742066726F6D2046494E444100458F
:105E40006A656374696E672066696C616D656E74FE
:105E5000005061726B696E672073656C6563746F67
:105E6000720052657475726E696E672073656C6539
:105E700063746F7200506572666F726D696E672031
:105E80006375740050757368696E672066696C612C
:105E90006D656E7400507265706172696E67206224
:105EA0006C6164650053656C656374696E67206638
:105EB000696C2E20736C6F7400556E6C6F61646931
:105EC0006E672066696C616D656E74004552522084
:105ED000544D43206661696C656400455252204808
:105EE000656C702066696C616D656E740045525218
:105EF00020496E7465726E616C0045525220576184
:105F0000697420666F7220557365720046696E6908
:105F10007368696E67206D6F76656D656E7473006A
:105F200041766F6964696E67206772696E640046C6
:105F3000656564696E6720746F206E6F7A7A6C6530
:105F40000046656564696E6720746F2065787472B9
:105F5000756465720046656564696E6720746F20BC
:105F600046494E444100556E6C6F6164696E67200E
:105F7000746F2070756C6C657900556E6C6F616420
:105F8000696E6720746F2046494E4441004469732E
:105F9000656E676167696E672069646C657200454C
:105FA0006E676167696E672069646C6572004F4B4C
:105FB00000554E4B4E4F574E204552524F520046C1
:105FC000494C414D454E54204348414E47450046BB
:105FD000494C414D454E5420454A454354454400A3
:105FE000554E4C4F4144204D414E55414C4C59006B
:105FF00046572052554E54494D45204552524F5216
:10600000004D4D5520465720555044415445204E93
:1060100045454445440051554555452046554C4C51
:1060200000494E56414C494420544F4F4C0046497C
:106030004C2E20414C5245414459204C4F4144453F
:106040004400434F4D4D554E49434154494F4E2016
:106050004552524F52004D4D55204E4F54205245FF
:1060600053504F4E44494E47004D4D55204D4355DA
:10607000204552524F52004D4D552053454C4654E9
:10608000455354204641494C454400544D43204417
:1060900052495645522053484F5254454400544D9E
:1060A0004320554E444552564F4C54414745204598
:1060B000525200544D4320445249564552205245B5
:1060C00053455400544D43204452495645522045AF
:1060D00052524F5200544D43204F5645524845416D
:1060E00054204552524F52005741524E494E47207C
:1060F000544D4320544F4F20484F540049444C4581
:10610000522043414E4E4F54204D4F564500494476
:106110004C45522043414E4E4F5420484F4D450070
:1061200053454C4543544F522043414E4E4F54200B
:106130004D4F56450053454C4543544F5220434123
:106140004E4E4F5420484F4D45004C4F4144205433
:106150004F20455854522E204641494C4544004951
:106160004E53504543542046494E44410046534502
:106170004E534F5220544F4F204541524C590050DE
:10618000554C4C45592043414E4E4F54204D4F568F
:1061900045004653454E534F522046494C2E2053FE
:1061A0005455434B004653454E534F5220444944A7
:1061B0004E542054524947472E0046494E444120F0
:1061C00046494C414D2E20535455434B0046494EB1
:1061D0004441204449444E54205452494747455273
:1061E000004375742066696C616D656E7400456A64
:1061F0006563742066726F6D204D4D55004C6F6164
:1062000064696E672066696C616D656E74004D4DE2
:10621000552052657472793A20526573746F7269B1
:106220006E672074656D70657261747572652E2E6F
:106230002E00536F7274696E672066696C65730017
:10624000536F6D652066696C65732077696C6C208F
:106250006E6F7420626520736F727465642E204DBA
:1062600061782E204E6F2E206F662066696C6573F4
:1062700020696E203120666F6C64657220666F72D3
:1062800020736F7274696E67206973203130302E0D
:106290000053544F505045442E004F6666004F6ED9
:1062A0000078797A63616C5F73706972616C322017
:1062B00063783D25642063793D2564207A303D254F
:1062C0006420647A3D2564207261646975733D259C
:1062D000642061643D25640A000A00436F756E7492
:1062E000646F776E3A202564200025640A005363AA
:1062F000616E20636F756E74646F776E3A20005024
:1063000061747465726E2063656E746572205B25BE
:10631000662025665D2C206D6174636820256625E6
:10632000250A00205B25662C2025665D5B25665DC1
:106330002066696E616C20636972636C650A000097
:1063400000A0400000A0400000004000007A430090
:106350000056439AD95143FFFFFF50727573612075
:106360006933204D4B322E3553204F4B2E004D3686
:1063700030300053442063617264206F6B006F7093
:10638000656E526F6F74206661696C656400766F2C
:106390006C756D652E696E6974206661696C6564E3
:1063A00000534420696E6974206661696C006F70E7
:1063B000656E206661696C65642C2046696C653A7F
:1063C000200043616E6E6F7420656E746572207379
:1063D00075626469723A20004D3234004D323320C8
:1063E0002573005072696E7465722073746F7070DB
:1063F00065642064756520746F206572726F7273B6
:106400002E205375706572766973696F6E207265A0
:106410007175697265642E0047312045252D2E3334
:1064200066204632373030004D383300E02D903E44
:106430008988B24111369C3E7777C14129CBB03E65
:10644000EFEEDA41BA49CC3EEFEEFC4161C3F33ED8
:10645000EFEE16429CA2133FCDCC36428AB0113FDC
:10646000ABAA56428863DD3DABAA5642B8AF433F64
:10647000555572421826533F33B38242302A593F52
:10648000EF6E8642000070C10000C8420000C4C127
:106490000000A0410000E0C000002041000060C0FA
:1064A0000000C0400000A0412222F2400000A0C134
:1064B0009A99A14000000CC255550542436F6F6C7C
:1064C000696E672074696D65722073746F70706592
:1064D000640048656174657220636F6F6C646F77E8
:1064E0006E00436F6F6C696E672054696D656F75E0
:1064F00074207374617274656400536176696E67A9
:1065000020616E64207061726B696E67004865611E
:1065100074657220636F6F6C646F776E2070656E48
:1065200064696E6700526573756D696E67205859AE
:106530005A0057726974696E6720746F2066696CBF
:10654000653A200046696C6520616C72656164790A
:10655000206F70656E656400AE5F9F5F8D5F7A5FD0
:10656000665F555F415F2F5F205F0C5F8D5F9F5FB0
:10657000FA5EED5EDB5ECC5EB95EFD61A55E955EAA
:10658000845E755E625E515E3F5E2C5E255E155ECA
:10659000025E4D363030204155544F0046494E443E
:1065A000412066696C616D656E742072756E6F75E1
:1065B000742100436F6D6D756E69636174696F6EF0
:1065C0002074696D656F75740050726F746F636FBE
:1065D0006C204572726F7200030003566572736916
:1065E0006F6E206D69736D6174636800436F6D6DCC
:1065F000616E64204572726F7200436F6D6D616EE3
:10660000642072656A6563746564004D4D5520426F
:106610007574746F6E20707573686564005265746C
:106620007279427574746F6E50726573736564002D
:10663000CD61BA61A56192617F616D615F614A61FF
:10664000356120610E61FC60E860E860E860D5605B
:10665000D560D560C460C460C460B360B360B3602B
:106660009E609E609E608B608B608B6077607760C1
:1066700077606960566042602E602160166001603C
:10668000F05FE05FCF5FBF5FB15F427574746F6EA4
:1066900000436865636B55736572496E7075742D40
:1066A00062746E4C4D52200052657365745265746D
:1066B0007279417474656D7074730046493A202094
:1066C00046533A202020203E202082202020810096
:1066D000486F74656E642074656D70657261747561
:1066E0007265207265616368656400526573756DDB
:1066F000696E672054656D7000436F6F6C646F77CF
:106700006E20666C616720636C6561726564002051
:10671000573A0020453A00543A004E6F20307846F0
:10672000462072656365697665640053656E6469C9
:106730006E6720307846460046696C652073656C4C
:106740006563746564002053697A653A2000466980
:106750006C65206F70656E65643A20004E6F77201F
:1067600066726573682066696C653A20004E6F77C3
:1067700020646F696E672066696C653A200022208C
:10678000706F73002220706172656E743A2200533C
:106790005542524F5554494E452043414C4C20746C
:1067A00061726765743A2200747279696E67207449
:1067B0006F2063616C6C207375622D67636F646515
:1067C0002066696C6573207769746820746F6F2028
:1067D0006D616E79206C6576656C732E00202225C4
:1067E0007322002025236C78004449525F455849A4
:1067F00054004449525F454E5445523A2025732077
:10680000222573220A006175746F25692E670004C2
:106810001A44656372656D656E7452657472794170
:106820007474656D70747300081B1C0B1452535400
:10683000436F6D6D54696D656F7574002C206C61CC
:1068400073742062797465733A200022206661694E
:106850006C65643A204275666665722066756C6C7C
:1068600021002200456E717565696E6720746F2086
:106870007468652066726F6E743A202200457272E9
:106880006F723A004D4D5532746F6F6C3D004D4D37
:1068900055323A004D4D55323A006563686F3A0003
:1068A0003E53302A63362E004D4D5520697320002B
:1068B0003901654711241FBECFEFD1E2DEBFCDBF46
:1068C00000E00CBF13E0A0E0B2E0E4E7F6E003E094
:1068D0000BBF02C007900D92AA30B107D9F727E18C
:1068E000AAE0B3E001C01D92A730B207E1F714E3BC
:1068F000C9E5D4E300E006C021970109802FFE011D
:106900000F947E7DC835D10780E00807A9F70E9463
:1069100061DE0D9428830C9402692F923F924F926E
:106920005F926F927F928F929F92AF92BF92CF921F
:10693000DF92EF92FF920F931F93CF93DF93CDB728
:10694000DEB72F970FB6F894DEBF0FBECDBF6C0138
:106950001B015A01FC011782168283819E012F5F61
:106960003F4F490181FDD2C08FEF9FEFEEC2F12C66
:10697000512C00E0003238F48B3209F190F480326F
:10698000F9F0833209F107FD34C020ED280F2A30D9
:1069900020F506FF1BC0FAE0FF9E200D1124F22E09
:1069A00005C08D3279F0803371F70160F10193FDFC
:1069B000859193FF81911F018111DCCF1AC0026084
:1069C0000460F4CF0860F2CF0061F0CF3AE0539E4C
:1069D000200D1124522E0062E9CF8E3221F406FDE3
:1069E000B1C20064E3CF8C3611F40068DFCF883683
:1069F000E9F29BEB980F933008F05FC00061805E76
:106A000006FD02C046E0F42E102F1F73853609F0F4
:106A10005BC0106417FF61C08F2D9BE39F1508F4C6
:106A20008BE344244394480E27E03501F4E06F0ED5
:106A3000711CF5016081718182819381042DA40113
:106A40000F9427795C01F981FC87F0FF03C00DE208
:106A5000F3FF07C00BE211FD04C0012F047012FD0B
:106A600000E22C852C70E22E09F46BC00111D8C213
:106A7000F3E0E12CF515A0F483E0E52CE81A13FD12
:106A800008C0B60180E290E00F94D67AEA94E11053
:106A9000F8CF002329F0B601802F90E00F94D67A2A
:106AA0003C8526E9A22E25E0B22E33FD04C09AE9EA
:106AB000A92E95E0B92E107122C09BE9980F933052
:106AC00008F047C10F7E9CCF863611F41068A2CF24
:106AD000FF2009F49FCFFA949DCFE7E02F2DEF150B
:106AE00018F427E037E0F32E412C9FCF111180528C
:106AF000B60190E00F94D67A8FEFA81AB80AF50184
:106B000084918111F3CFE11084C25301F601938186
:106B1000F10193FD859193FF81911F01882309F471
:106B200011C2853241F493FD859193FF81911F013C
:106B3000853209F01CCFB60190E00F94D67A35016A
:106B4000E4CF17FF6FC04A0CFC85F4FF04C08A81B4
:106B5000813309F44A9414140CF086C028E02415FB
:106B600010F488E0482E85E090E017FF06C0C501CC
:106B7000B7FE02C090E080E0019601110196FF206F
:106B800031F02F2D30E02F5F3F4F820F931F5816AB
:106B9000190619F014F0E52CE81A812F897011F408
:106BA000E11067C0002329F0B601802F90E00F9418
:106BB000D67A13FD02C0E11063C017FF7CC08501C7
:106BC000B7FE02C010E000E0C501841991092C0154
:106BD0006F2D70E0EE27FF27E61BF70BFF87EE8790
:106BE0000F3F100729F4B6018EE290E00F94D67A99
:106BF000A016B1060CF44BC0401651060CF047C06D
:106C0000F501E01BF10BE80DF91D8181015011091F
:106C10002E853F8502171307E4F1B60190E00F942B
:106C2000D67ADECF16FD9FCFEF2DF0E0EA15FB05FB
:106C300034F03CEFA3163FEFB3060CF01068329629
:106C4000E80DF91D01C0FA94FF2019F082918033FC
:106C5000D1F317FF88CF442443944F0CFA141B043C
:106C600031F02CF0FA187FCF442443947CCFF12CE0
:106C70007ACFB60180E290E00F94D67AEA9490CF72
:106C8000B60180E390E00F94D67AEA9494CF80E343
:106C9000BDCFA016B10641F49A81963350F49533D6
:106CA00019F43C8534FF05C0B60190E00F94D67A04
:106CB0002ACF81E3F9CF8A81813319F09C859F7EA9
:106CC0009C87B60190E00F94D67AFF20A9F0B60118
:106CD0008EE290E00F94D67AF394F394E2E001E030
:106CE0000E0FE80DF92DF11D8081B60190E00F9493
:106CF000D67AE02F0F11F3CF85E690E014FF02C0A3
:106D000085E490E0B6010F94D67AB7FC06C0A114D2
:106D1000B104C1F4EC85E4FF15C0B194A194B108AD
:106D20008DE2B60190E00F94D67A80E32AE0A216B5
:106D3000B10454F4B60190E00F94D67AB601C501BF
:106D4000C096B4CF8BE2EDCF8F5FFAE0AF1AB108F7
:106D5000EDCF8336C9F0833771F1833509F05BC01D
:106D60003501F2E06F0E711CF501A080B1806F2D2E
:106D700070E006FD02C06FEF7FEFC5010F946A7AE5
:106D80009D878C8700680DC0350132E0630E711C51
:106D9000F5018081898321E030E03D872C87540113
:106DA0000F7703FD06C02C853D855216130609F0AA
:106DB000A8F4E52C2BC0350132E0630E711CF501FF
:106DC000A080B1806F2D70E006FD02C06FEF7FEFF5
:106DD000C5010F948F7A9D878C87E2CFB60180E240
:106DE00090E00F94D67A5A94DECFF50107FD859195
:106DF00007FF81915F01B60190E00F94D67AE11010
:106E0000EA948C859D8501979D878C87EC85FD850F
:106E1000EF2B59F778CE843619F0893609F074C013
:106E2000350107FF66C0F4E06F0E711CF50160814B
:106E3000718182819381102F1F7697FF08C09095F2
:106E40008095709561957F4F8F4F9F4F10682AE016
:106E500030E0A4010F94FD7BA82EA818BA2C012FB6
:106E600016FF0AC00E7FAF1438F414FF04C012FDE1
:106E700002C0012F0E7EBF2C04FFA3C0FE01EA0D4D
:106E8000F11D8081803309F095C0097EF02FF870E4
:106E9000EF2E03FDA5C000FF9FC0FA2CB51410F41F
:106EA000F50CFB1804FFA2C0B60180E390E00F943C
:106EB000D67A02FF09C088E790E001FF02C088E5AA
:106EC00090E0B6010F94D67AAF1408F49BC0AA9450
:106ED0000A2D10E00F5F1F4F080D191DF801829158
:106EE0008F01B60190E00F94D67A80169106B1F723
:106EF0000ACEF2E06F0E711CF50160817181072EE0
:106F0000000C880B990B97CF102F8537A9F41F7EA3
:106F10002AE030E0350117FF44C0F4E06F0E711C29
:106F2000F5016081718182819381A4010F94FD7BC1
:106F3000A82EA8181F7792CF197F8F3679F1F0F419
:106F4000883539F1F601868197812F960FB6F8942E
:106F5000DEBF0FBECDBFDF91CF911F910F91FF908C
:106F6000EF90DF90CF90BF90AF909F908F907F90E9
:106F70006F905F904F903F902F900895803739F039
:106F8000883701F714FD146020E130E0C3CF1061B1
:106F9000F9CF04FD166020E132E0BCCF28E030E0FC
:106FA000B9CFF2E06F0E711CF5016081718190E044
:106FB00080E0BBCF02FD02C0B39468CFB394B3941A
:106FC00065CF802F867809F461CFF6CFB60180E2D5
:106FD00090E00F94D67AB394B514C0F3E12C62CF4D
:106FE000E52CEB18B51408F45DCFF8CF802F867828
:106FF00009F46ACF8BE201FF80E207FD8DE2B60162
:1070000090E060CFB60180E390E00F94D67AFA94D6
:107010005BCFB60180E290E00F94D67AEA9473CD0C
:1070200024E0E12C251508F036CD84E026CD20E0C3
:1070300030E040E85FEB60917E0270917F028091CA
:107040008002909181020F948B7E882321F1E09140
:107050003512F0913612E85BFF4E80818B7F8230D3
:10706000D1F480E1EEE7F2E0AFE5B2E101900D92FC
:107070008A95E1F780E090E0A0E8BFEB80937E0284
:1070800090937F02A0938002B093810280914A1274
:1070900090914B12089581E090E0089580E1EDEF2A
:1070A000F6E0AFE5B2E101900D928A95E1F708951F
:1070B000E5EAFEE0833021F0E82FF0E0EE55F14FF5
:1070C000849108958091190690911A0620911B06CB
:1070D00030911C06821B930B8F7799270895982F68
:1070E0009F7083FF0DC080917B00886080937B0040
:1070F00080917C00887F9770892B80937C00089515
:1071000080917B00877FF2CF4FEF5FEFBA0185EE72
:107110009FE00F94A47C4FEF5FEFBA0189EE9FE0F0
:107120000F94A47C4FEF5FEFBA018DED9FE00F94B9
:10713000A47C4FEF5FEFBA0181EE9FE00F94A47C37
:107140004FEF5FEFBA0185ED9FE00F94A47C4FEF06
:107150005FEFBA0189ED9FE00F94A47C4FEF5FEFE2
:10716000BA0185EC9FE00F94A47C4FEF5FEFBA016A
:1071700089EC9FE00F94A47C4FEF5FEFBA018DEC98
:107180009FE00F94A47C4FEF5FEFBA0181ED9FE089
:107190000D94A47C80369105F8F4409135125091FD
:1071A000361220914610309147104217530739F498
:1071B0006091391270913A12161617066CF0B901E7
:1071C000680F791FFB01E359FF4F2417350730F48F
:1071D00081E04E175F0708F480E00895EE3EF1402D
:1071E000F8F06C5F7F4F6E3E714018F449365105E0
:1071F000B8F483599F4F4817590770F34DEE51E08B
:10720000421B530B70E060E0C901885B9F4E0F94F6
:10721000A0828FB7F89410924710109246108FBF3B
:1072200081E0089580911B0690911C0690931A06A8
:107230008093190682E890E29F938F9380913B128E
:1072400090913C12A0913D12B0913E120196A11D69
:10725000B11DBF93AF939F938F938FEC97E09F9354
:107260008F9386ED97E09F938F930F94307B8DB72C
:107270009EB70A960FB6F8949EBF0FBE8DBF0895B5
:107280000F931F93CF93DF93EC01C60FD71F8C177B
:107290009D0779F08C010F5F1F4F0F946E7C8F3F1D
:1072A00031F081E0DF91CF911F910F910895C801D6
:1072B000EECF80E0F7CF682F880F770B80913512E3
:1072C00090913612855B9F4E0F94C5829C019093DE
:1072D00093058093920581E0232B09F480E00895C3
:1072E00080919205909193054AE050E070E060E053
:1072F00001960F94F977862F0895809192059091C9
:1073000093054AE050E070E060E001960F94F97751
:10731000CB0108950F931F93CF93DF938C01862F9A
:10732000EA010E945B39882319F10E947D399C0192
:1073300097FF03C0319521953109253631059CF021
:107340009F938F938DE798E69F938F9382E29FE0C0
:107350009F938F930F94307B0F900F900F900F900F
:107360000F900F9080E0DF91CF911F910F910895C2
:10737000F80180818823B1F3CE01DF91CF911F9175
:107380000F910D946E7C80919205909193054AE047
:1073900050E070E060E001960D94F97760E086E6D9
:1073A0009FE00F94927C60E088E69FE00F94927CCF
:1073B00060E085E69FE00F94927C60E084E69FE0C9
:1073C0000F94927C60E082ED9EE00F94927C60E0EE
:1073D0008FEC9EE00D94927C2F923F924F925F92A1
:1073E0006F927F928F929F92AF92BF92CF92DF92D5
:1073F000EF92FF920F931F93CF93DF93CDB7DEB73A
:10740000CC58D2400FB6F894DEBF0FBECDBFCB58DC
:10741000DD4F688379838A839B83C557D240FE0101
:10742000E754FE4F88E2DF011D928A95E9F7E85B99
:10743000F1401F0180E991E0DF01FC011D923197CD
:10744000E9F7C75ADD4F19821882C955D2409E010B
:107450002F513E4FC159DD4F39832883CF56D2403B
:107460008E01075A1D4FCE018F5C9D4FC359DD4FD2
:1074700099838883CD56D2403C01490140EBA42E2C
:107480004FE0B42E53E2C52ED12CF12CE12CB601E5
:107490000D2C000C880B990B0F94FC76D4016D9386
:1074A0007D938D939D934D01F801619171918F01B1
:1074B000072E000C880B990B0F94FC76D3016D936B
:1074C0007D938D939D933D01BFEFEB1AFB0AE6E0A0
:1074D000EE16F10409F038C3CB58DD4F288139810D
:1074E0004A815B81C557D240C159DD4FA881B9811E
:1074F000CF56D2406D917D918D919C910F941F80BC
:10750000412C512C320118160CF402C3C359DD4F23
:1075100008811981CD56D2400C5E1F4FC159DD4FF5
:10752000E880F980CF56D240B4E1EB0EF11C6E0139
:10753000EFEDCE1AEDEFDE0A9E012B553E4FCF58F0
:10754000DD4F39832883C157D240D8014D905D90DB
:107550006D907C90F7016081718182819381D70168
:107560005E914E913E912E917D010F94957D4B0140
:107570005C01F80152914291329122918F01C30135
:10758000B2010F94957DA50194010F94957ED601CB
:107590009E938E937E936E936D01CF58DD4FE8815D
:1075A000F981C157D240B292A29292928292CF5860
:1075B000DD4FF983E883C157D240C359DD4F28819D
:1075C0003981CD56D2400217130709F0BECF4E01C4
:1075D0003FE6831A3EEF930A5E0183EFA81A8DEF10
:1075E000B80A61018101EE24E394F12CD4014D909D
:1075F0005D906D907D904D012D913D914D915C91EF
:10760000C301B2010F94967D9B01AC010F94967D4E
:10761000F80164A775A786A797A7F1E0EF16F10414
:1076200061F0D80198964D925D926D927C929B97F5
:10763000F8014482558266827782FFEFEF1AFF0AD3
:10764000F501208131814281538184E0A80EB11C73
:1076500064817581868197810F94957D20E030E06B
:1076600040EC50E40F943B77D601DC966D937D930C
:107670008D939C93DF97045D1F4FB8E2CB0ED11C16
:10768000E5E0EE16F10409F0B1CF7E01FDE2EF0E68
:10769000F11C28E2A22EB12C00EB1FEF24E0220EF9
:1076A000311CD7012D913D914D915C911397989686
:1076B0006D917D918D919C919B970F94957E2B015F
:1076C0003C016101C01AD10A88248394912CF601EF
:1076D000E00FF11FEA0DFB1D2081318142815381B2
:1076E000C301B2010F943B779B01AC01F6016081AD
:1076F0007181828193810F94957DD6016D937D93E5
:107700008D939D936D01BFEF8B1A9B0AE6E08E1659
:107710009104E9F63CE2E30EF11C0852110988E2FB
:10772000A80EB11C08339FEF190709F0BACF1E014C
:10773000F5EB2F0E311C6E0121EBC20ED11C7E0128
:1077400037E3E31A3EEFF30A04E010E04801B12CFE
:10775000A12C412C512C3201F601EA0DFB1DD70161
:10776000AA0DBB1D2D913D914D915C916081718160
:10777000828193810F943B779B01AC01C301B201DD
:107780000F94967D2B013C018FEF881A980A94E0A4
:10779000A90EB11CA5E08A169104F1F6A30192018D
:1077A000F10160817181828193810F94957DD60171
:1077B0002D913D914D915C910F94957EF7016083E1
:1077C00071838283938301501109F8E22F1A3108E3
:1077D0002CE2C21AD10834E0E31AF10801151105B0
:1077E00009F0B4CFCB50DE4F88819981AA81BB814B
:1077F000C55FD140CF57DD4F88839983AA83BB8370
:10780000C158D2401E0197E4291A9EEF390A10E0B0
:1078100000E0C159DD4FA881B981CF56D240CD904B
:10782000DD90ED90FD90C159DD4FB983A883CF560F
:10783000D240CB58DD4F288139814A815B81C557C1
:10784000D240C701B6010F948B7E1816B4F0CB5806
:10785000DD4F288139814A815B81C557D240C159AA
:10786000DD4FE881F981CF56D240608171818281FC
:1078700093810F941F8087FF18C00430110509F011
:1078800030C1CB58DD4F288139814A815B81C55792
:10789000D240CF57DD4F688179818A819B81C15861
:1078A000D2400F948B7E87FF1CC1D10114968D901E
:1078B0009D90AD90BC9017978D919D910D90BC912E
:1078C000A02DCF58DD4F88839983AA83BB83C157EE
:1078D000D240F801EE0FFF1FEE0FFF1F21E931E04C
:1078E0002C0F3D1FE20FF31F408051806280738098
:1078F000C359DD4FA881B981CD56D2408D919D915C
:107900000D90BC91A02DC358DD4F88839983AA8325
:10791000BB83CD57D240A7019601CB58DD4F68817C
:1079200079818A819B81C557D2400F94957D6B01E7
:107930007C0120E030E040E450E40F940681CB5716
:10794000DD4F688379838A839B83C558D240C358AF
:10795000DD4F288139814A815B81CD57D240C3599F
:10796000DD4FE881F981CD56D240648175818681F1
:1079700097810F94957DA30192010F94957EC7582E
:10798000DD4F688379838A839B83C957D240A301E3
:107990009201C301B2010F94967DCF58DD4F28812B
:1079A00039814A815B81C157D2400F943B77C757D9
:1079B000DD4F688379838A839B83C958D240A301B2
:1079C0009201C501B4010F943B779B01AC01C757ED
:1079D000DD4F688179818A819B81C958D2400F949B
:1079E000967D20E030E040EC50E40F94957E9B01C2
:1079F000AC01C758DD4F688179818A819B81C95765
:107A0000D2400F94957DA70196010F943B77C758FC
:107A1000DD4F688379838A839B83C957D240CF58CF
:107A2000DD4F288139814A815B81C157D240C50130
:107A3000B4010F94957D4B015C0120E030E040ECF7
:107A400050E4C301B2010F943B779B01AC01C50127
:107A5000B4010F94957ECB57DD4F288139814A813F
:107A60005B81C558D2400F943B774B015C0120E00D
:107A700030E040E05FE3CF58DD4F688179818A8153
:107A80009B81C157D2400F943B772B013C01A7014A
:107A90009601C701B6010F943B779B01AC01C3016E
:107AA000B2010F943B779B01AC01C501B4010F9467
:107AB000967D9B01AC01C758DD4F688179818A8131
:107AC0009B81C957D2400F94967DC358DD4F2881C2
:107AD00039814A815B81CD57D2400F94967D2B012D
:107AE0003C010F5F1F4FF4E02F0E311CC359DD4FD7
:107AF00028813981CD56D2402C5F3F4FC359DD4F8D
:107B000039832883CD56D2400530110509F081CE46
:107B1000C301B201C457DD4F0FB6F894DEBF0FBEEC
:107B2000CDBFDF91CF911F910F91FF90EF90DF902C
:107B3000CF90BF90AF909F908F907F906F905F900D
:107B40004F903F902F900895C5010F947C7CD801F1
:107B50008D939C93B5E0CB0ED11CE2E0AE0EB11C30
:107B600096CC0F931F93CF932091FE12213079F57D
:107B70008C0180E50E945B39882349F10E947039AD
:107B8000C82F853020F5013C82E0180749F0023CFF
:107B9000124069F08C2FCF911F910F910D941D769B
:107BA00060E08C2FCF911F910F910D945E768EEC3B
:107BB0009EE00F946E7C882351F00F942B5F8823F6
:107BC00031F08C2FCF911F910F910D94D976CF91D9
:107BD0001F910F9108958F929F92AF92BF92CF9273
:107BE000DF92EF92FF920F931F93CF93DF93009159
:107BF0009205109193050F5F1F4F68018FEFC81A10
:107C0000D80AD801DC918D2F90E00F94FF797C0188
:107C1000892B01F5DD3201F56801B2E0CB0ED11CF4
:107C2000F801D181C1E086010150110943E050E023
:107C300069ED7EE0C8010F94357A892BC1F460E0CC
:107C400070E080E89FEFC111DBC060E070E080E889
:107C50009FE7D6C08601D1CFDB3239F46801F2E06C
:107C6000CF0ED11CD8011196DC91C0E0DCCF43E0EF
:107C700050E066ED7EE0C8010F94357A892B09F457
:107C8000CCC0F60110E000E020E030E0A9016F0177
:107C9000D053DA3060F5BC2E6894B1F88C2F887020
:107CA000C2FF09C0811102C00F5F1F4F3196D6017C
:107CB000DC91CB2DECCF882311F001501109A5E008
:107CC000B0E00F94037D9B01AC01220F331F441FD2
:107CD000551F2D0F311D411D511D2839B9E93B0795
:107CE0004B07B9E15B0710F3C660BC2EDFCFDE3F68
:107CF00031F4C3FD33C0BC2E6894B3F8D7CFD5336D
:107D000069F580818D3231F4C061BF016E5F7F4FB4
:107D1000818105C0BF018B32C9F36F5F7F4F8053F4
:107D20008A30E0F4FB01B0E8EB16BCE0FB065CF443
:107D3000B701660F771F660F771FE60EF71EEE0C72
:107D4000FF1CE80EF11C819180538A3060F3C4FF60
:107D500003C0F194E194F1080E0D1F1DCA01B90191
:107D60000F94FA76C370C33009F490584B015C014C
:107D700020E030E0A9010F948B7E882309F43EC0F7
:107D8000C2EDDEE017FF05C0119501951109CAEBA0
:107D9000DEE06E01E8E1CE1AD10880E2E82EF12C97
:107DA0000DC0FE0125913591459154910E191F0981
:107DB000C501B4010F943B774B015C01D501C401AF
:107DC0000E151F0574F72497F594E794CC16DD067D
:107DD000A9F78A2F880F8B2F881F8F3F49F020E04B
:107DE00030E0A901C501B4010F948B7E811106C05A
:107DF00082E290E09093FC168093FB16C501B401DB
:107E0000DF91CF911F910F91FF90EF90DF90CF9076
:107E1000BF90AF909F908F90089560E070E080ECED
:107E20009FE7EECF2F923F924F925F926F927F9299
:107E30008F929F92AF92BF92CF92DF92EF92FF927A
:107E40000F931F93CF93DF93CDB7DEB7A1970FB6F4
:107E5000F894DEBF0FBECDBF84EC92E09D8F8C8F77
:107E60008FE5282E82E1382E0DEF16E091E09A8FF3
:107E7000198EEC8DFD8D8191FD8FEC8F0E945B3909
:107E8000E82E882309F454C1F0905512FA8DFF2290
:107E90000E94EB3D2B013C01F8014082518262823D
:107EA0007382F98DF33009F045C0DD24D394F110CD
:107EB00001C0D12C8090100290901102A09012026B
:107EC000B090130220E030E040E85FE3C501B40168
:107ED0000F948B7E882359F1F11015C020916B12FD
:107EE00030916C1240916D1250916E12C301B2012B
:107EF0000F94957D6093090770930A0780930B0791
:107F000090930C07DE2CA5019401609109077091F4
:107F10000A0780910B0790910C070F943B776093B1
:107F2000090770930A0780930B0790930C07D110F1
:107F300003C05FC0FF2089F0F101208131814281BF
:107F40005381F80160817181828193810F94967DC4
:107F5000F8016083718382839383F98DF230D9F5C0
:107F60008091B403823009F0EEC08CE0E0EAF2E0E8
:107F7000DE011D9601900D928A95E1F78CE0ECEA06
:107F8000F2E0DE01119601900D928A95E1F7C09022
:107F90000507D0900607E0900707F090080720E05B
:107FA00030E0A901C701B6010F948B7E87FF52C054
:107FB000CE0101967C01D12CF701619171918191E3
:107FC00091917F010F94077F8D2D0F94360BD394E1
:107FD000F3E0DF12F1CFF98DFF5FF98F8A8D880F03
:107FE0008A8F94E0290E311C0C5F1F4FF43009F08A
:107FF00040CF86E40E945B39882399F00E94EB3DD4
:108000006B017C0120E030E0A9010F941F8018165D
:1080100044F4C0927A02D0927B02E0927C02F09209
:108020007D02A1960FB6F894DEBF0FBECDBFDF91E3
:10803000CF911F910F91FF90EF90DF90CF90BF9065
:10804000AF909F908F907F906F905F904F903F90F8
:108050002F90089520E030E048E453E4C701B601D2
:108060000F941F801816A4F4CE010D967C01D12C1C
:10807000F70161917191819191917F010F94077F37
:108080008D2D0F94360BD394F3E0DF12F1CFA3CFF5
:10809000CE01019699A388A3FE013D96FF8FEE8F36
:1080A0001B8EE8A1F9A1C190D190E190F190F9A3C4
:1080B000E8A3EE8DFF8D6191719181919191FF8F78
:1080C000EE8FA70196010F94957D20E030E048E403
:1080D00053E40F94957E4B015C012091050730918C
:1080E000060740910707509108070F943B772B0133
:1080F0003C0120E030E0A901C501B4010F943B77B9
:108100009B01AC01C701B6010F94957D9B01AC01A9
:10811000C301B2010F94967D0F94077F8B8D0F944E
:10812000360BFB8DFF5FFB8FF33009F0BACF53CFD7
:10813000F10180819181A281B381F80180839183D3
:10814000A283B38348CFEA8DEE0FEA8FF4E02F0EBF
:10815000311C0C5F1F4F83E0898F8BCE609103171A
:108160007091041790E08A3020F0895A9F4F0D9447
:10817000D67AC096FCCF2FB784FF1EC0F89490919A
:1081800005019260909305012FBF2FB785FF19C09D
:10819000F894909105019160909305012FBF86FF9F
:1081A00015C0459A87FF14C0469A739A85E08A9550
:1081B000F1F7000073980895F894909105019D7F60
:1081C000E1CFF894909105019E7FE6CF4598EACFE4
:1081D0004698EBCF0F931F93CF93DF93C82FD62FE3
:1081E0008A0160FF15C05F9A8AE18A95F1F700C0A5
:1081F0008C2F0E94BB40D1FD04C08C2F82950E9421
:10820000BB40C801DF91CF911F910F910C94EAAE52
:108210005F98EACFCF92DF92EF92FF92CF93DF93F6
:10822000EC016A017B010F94767C6F3F7F4F8F4F8B
:108230009F4F59F4B701A601CE01DF91CF91FF9076
:10824000EF90DF90CF900D94C47CDF91CF91FF90A1
:10825000EF90DF90CF9008957F928F929F92AF9290
:10826000BF92CF92DF92EF92FF920F931F93CF9323
:10827000DF93CDB7DEB760970FB6F894DEBF0FBEC1
:10828000CDBF5C016B01742E81E0809378021F9357
:108290000F931F922F9388E897E09F938F930F94EB
:1082A000307B81E40E945B390F900F900F900F900C
:1082B0000F900F90882389F08091920590919305FB
:1082C000FC012181283709F056C040E150E070E000
:1082D00060E002960F94F9775B0183E40E945B39BA
:1082E000882309F44DC00E94C3394B017501CA149B
:1082F000DB0408F47601C4018E0D9F1DC816D90653
:1083000018F08E159F0518F446018E189F0888E511
:108310000E945B39882309F471C020919205309145
:1083200093052F5F3F4FCE0101965C01DC01D12CFC
:10833000C12CF90180812F5F3F4F8823B9F190E173
:10834000C916D10499F18032A1F38A3079F190ED08
:10835000980F9A30C8F48295807F9F012E5F3F4F1F
:10836000918140ED490F4A30B8F4842B8D93EFEFA3
:10837000CE1ADE0ADECF0E94EB3D0F94077FACCF12
:1083800088248A94982CB2CF9FE9980F963058F49D
:108390008295807F8057E1CF4FE9490F463018F42E
:1083A0009755892BE3CFD194C194D108912C812C7E
:1083B000C814D90491F0F50161915F01C4018E0DDB
:1083C0009F1DF1E07F1631F0FC016083FFEF8F1AF3
:1083D0009F0AEECF0F94B67CF9CFFF92EF921F93D6
:1083E0000F939F928F928EE597E09F938F930F94B8
:1083F000307B0FB6F894DEBF0FBECDBF472DB40162
:10840000C70160960FB6F894DEBF0FBECDBFDF91F7
:10841000CF911F910F91FF90EF90DF90CF90BF9081
:10842000AF909F908F907F900D945E5E0F931F93FF
:10843000CF93DF9300D01F92CDB7DEB79B01AC0185
:108440000FE512E1F8016085718582859385698366
:108450007A838B839C830F94957DF8016087718765
:108460008287938765E575E585E591E40F94013D85
:108470000F94D30B89819A81AB81BC81F8018087ED
:108480009187A287B387CE0101960F948C2D0F9010
:108490000F900F900F90DF91CF911F910F91089542
:1084A000682F70E090E080E00F94FA7620E030E0F2
:1084B00048E052E40F943B7720E030E040E85FE38F
:1084C0000F94967D089582E00F94BF0B609367121E
:1084D000709368128093691290936A1287E692E112
:1084E0000D948C2D4F925F926F927F928F929F92FC
:1084F000AF92BF92CF92DF92EF92FF920F931F93B2
:10850000CF93DF930FE512E1C1E7D5E028813981F0
:108510004A815B81F80160817181828193810F942E
:10852000957D4B015C012C813D814E815F81F8017D
:1085300064817581868197810F94957D6B017C01A3
:10854000C1E6D5E0288139814A815B81C501B4014A
:108550000F943B772B013C012C813D814E815F8143
:10856000C701B6010F943B779B01AC01C301B20177
:108570000F94967DF80160837183828393832885AD
:1085800039854A855B85C501B4010F943B774B0162
:108590005C012C853D854E855F85C701B6010F9432
:1085A0003B779B01AC01C501B4010F94967DF801A6
:1085B0006483758386839783DF91CF911F910F9199
:1085C000FF90EF90DF90CF90BF90AF909F908F90F3
:1085D0007F906F905F904F9008954F925F926F924F
:1085E0007F928F929F92AF92BF92CF92DF92EF9243
:1085F000FF920F931F93CF93DF9300D000D01F9271
:108600001F92CDB7DEB7DC01CD90DD90ED90FC90F0
:108610001397C0927403D0927503E0927603F092A0
:10862000770314960D911D912D913C911797098315
:108630001A832B833C8300937C0310937D03209348
:108640007E0330937F03DB010D911D912D913C91B1
:1086500013970D831E832F8338870093780310931D
:10866000790320937A0330937B0314964D905D90A9
:108670006D907C9017974092800350928103609296
:10868000820370928303FA016081718182819381F8
:1086900060937105709372058093730590937405D0
:1086A00084809580A680B78080927505909276052B
:1086B000A0927705B092780520E030E0A9010F94F0
:1086C0008B7E8111AAC020E030E0A901C501B40170
:1086D0000F948B7E8111A1C01092790520E030E0CB
:1086E00040E85FE3C701B6010F948B7E811121C082
:1086F00020E030E0A9016D817E818F8198850F9403
:108700008B7E811116C020E030E0A90169817A8159
:108710008B819C810F948B7E81110BC020E030E017
:1087200040E85FE3C301B2010F948B7E882309F414
:1087300078C080917905826080937905A3019201C8
:10874000C701B6010F943B774B015C012D813E813F
:108750004F81588569817A818B819C810F943B7709
:108760009B01AC01C501B4010F94957D4B015C01E7
:10877000AC019B01C301B2010F94957E609361052A
:108780007093620580936305909364056D817E818B
:108790008F8198859058A50194010F94957E6093E0
:1087A00065057093660580936705909368056981F8
:1087B0007A818B819C819058A50194010F94957EBC
:1087C0006093690570936A0580936B0590936C05BF
:1087D000A5019401C701B6010F94957E60936D05C4
:1087E00070936E0580936F059093700528960FB671
:1087F000F894DEBF0FBECDBFDF91CF911F910F91D7
:10880000FF90EF90DF90CF90BF90AF909F908F90B0
:108810007F906F905F904F90089581E080937905ED
:108820005DCF80E090E0A0E8BFE380936105909386
:108830006205A0936305B0936405109265051092DC
:1088400066051092670510926805109269051092EE
:108850006A0510926B0510926C0580936D059093DC
:108860006E05A0936F05B0937005C0CF4F925F92D5
:108870006F927F928F929F92AF92BF92CF92DF9230
:10888000EF92FF921F93CF93DF93CDB7DEB7A897F8
:108890000FB6F894DEBF0FBECDBF48E050E06DEDDF
:1088A0007FE0CE0101960F945E7C48E050E065EDDC
:1088B0007FE0CE0109960F945E7C48E050E065EEC3
:1088C0007FE0CE0141960F945E7C89899A89AB89BD
:1088D000BC8989A39AA3ABA3BCA38F3F9F4FAF4F83
:1088E000BF4F09F4B1C08D899E89AF89B88D8DA322
:1088F0009EA3AFA3B8A78F3F9F4FAF4FBF4F09F4C1
:10890000A3C089809A80AB80BC808FEF88169806C0
:10891000A806B80609F498C08D819E81AF81B885FC
:10892000898F9A8FAB8FBC8F8F3F9F4FAF4FBF4FB9
:1089300009F48AC0C984DA84EB84FC848FEFC816FA
:10894000D806E806F80609F47FC08D859E85AF85B8
:10895000B8898D8F9E8FAF8FB8A38F3F9F4FAF4F3A
:10896000BF4F09F471C0298D3A8D4B8D5C8DC501C7
:10897000B4010F9432802B013C0126E636E646E630
:108980005FE30F948B7E11E087FD0BC02DEC3CEC78
:108990004CE85FE3C301B2010F941F8018160CF07E
:1089A00010E02D8D3E8D4F8D58A1C701B6010F945B
:1089B00032802B013C0126E636E646E65FE30F9463
:1089C0008B7E87FD7FC02DEC3CEC4CE85FE3C30160
:1089D000B2010F941F8018160CF474C02DA13EA193
:1089E0004FA158A569A17AA18BA19CA10F943280B7
:1089F00020E030E040E751E40F941F8018160CF49B
:108A000011E0A5019401C701B6010F943B776B01FA
:108A10007C012D8D3E8D4F8D58A1698D7A8D8B8D6A
:108A20009C8D0F943B779B01AC01C701B6010F945D
:108A3000967D9F772DEC3CEC4CEC5DE30F941F8012
:108A4000181614F01123F1F00E94843880E090E0B1
:108A5000A0E8BFE389839A83AB83BC831D821E8217
:108A60001F82188619861A861B861C868D879E870C
:108A7000AF87B88B198A1A8A1B8A1C8A1D8A1E8A9C
:108A80001F8A188EAE014F5E5F4FBE01675F7F4F3A
:108A9000CE0101960E94ED42A8960FB6F894DEBF73
:108AA0000FBECDBFDF91CF911F91FF90EF90DF9070
:108AB000CF90BF90AF909F908F907F906F905F907E
:108AC0004F90089511E08ACFCF93DF93CDB7DEB7F3
:108AD00068970FB6F894DEBF0FBECDBF80E090E080
:108AE000A0E8BFE389839A83AB83BC831D821E8287
:108AF0001F82188619861A861B861C868D879E877C
:108B0000AF87B88B198A1A8A1B8A1C8A1D8A1E8A0B
:108B10001F8A188EAE014F5E5F4FBE01675F7F4FA9
:108B2000CE0101960E94ED4268960FB6F894DEBF22
:108B30000FBECDBFDF91CF91089580917905882335
:108B4000D1F00E9464450F94D30B80E00F94BF0BCB
:108B500060935F127093601280936112909362121F
:108B600081E00F94BF0B6093631270936412809343
:108B7000651290936612089580915C0490915B0455
:108B800089130BC090915A04992339F02091310533
:108B9000309132058217130639F081E09091BD03C0
:108BA000911103C080E0089581E008950F931F9311
:108BB000CF93DF938C01EB0182E194E39F938F933A
:108BC0008CEC9DE19F938F93DF936F930F94857B44
:108BD000C80FD11D47E050E0B801CE010F945E7C74
:108BE0001F820F900F900F900F900F900F90DF91BA
:108BF000CF911F910F91089520915C0480913105D0
:108C0000909132052817190611F080E208958EE33D
:108C1000089582E080935B0280915C048F5F809373
:108C20005C0484E08093590410925B0410925A040F
:108C3000089580915904843038F580915C0490E067
:108C400020913105309132052817390744F00197FA
:108C5000909332058093310587E00F945E168091E2
:108C6000310520918B0330E02D5F3F4F82171306B3
:108C700059F054F09DEF980F90938B03845080939C
:108C80005B048FEF809359040895EFE8F3E080E2EE
:108C9000DF011D928A95E9F70895CF933FB7F894C5
:108CA000E091FB03F091FC03E817F907C9F0C42F2A
:108CB0009093FC038093FB0370933205609331051E
:108CC00010928B0382E080935B023FBF222319F056
:108CD00080E00F945E16CC2321F0CF910C94454692
:108CE0003FBFCF910895DC01262F9091DD0397308F
:108CF000D8F4492F50E0FA01EE0FFF1FE40FF51FE3
:108D0000E45AFC4F4091FB035091FC035183408394
:108D1000809131059F5F9093DD03828341E070E095
:108D200060E0CD010C944D460895982F8091DD03AD
:108D30009817A8F4891B8093DD0390E0FC01EE0FE7
:108D4000FF1FE80FF91FE45AFC4F6281062E000C4A
:108D5000770B20E041E0808191810C944D4680E0CA
:108D6000EACF81E00C9495461F920F920FB60F92B6
:108D700011240BB60F922F933F934F936F937F93D2
:108D80008F939F93EF93FF938091C80084FF12C04D
:108D90008091CE00FF91EF919F918F917F916F9184
:108DA0004F913F912F910F900BBE0F900FBE0F90E0
:108DB0001F9018954091CE0080912F05813051F77A
:108DC0002091190630911A06C90101968F779927CB
:108DD00060911B0670911C0686179707D9F22756DB
:108DE0003A4FF901408390931A0680931906D2CF27
:108DF0001F920F920FB60F9211240BB60F922F9362
:108E00003F934F936F937F938F939F93EF93FF9332
:108E10008091C00084FF12C08091C600FF91EF9145
:108E20009F918F917F916F914F913F912F910F90D3
:108E30000BBE0F900FBE0F901F9018954091C6006B
:108E400080912F058111EACF2091190630911A06E1
:108E5000C90101968F77992760911B0670911C06B6
:108E600086179707D9F227563A4FF9014083909316
:108E70001A0680931906D2CF80E1EFE5F2E1A0E96E
:108E8000B2E001900D928A95E1F780918E02909167
:108E90008F0290935E1280935D1280915B1290918D
:108EA0005C1290935A1280935912809157128093BA
:108EB00056128091551283FB882780F980935412B3
:108EC00080915312809352120895CF93DF9384E6DA
:108ED00096E10E94E45B82EA94E1892B51F0C4E7B9
:108EE000D5E1A397CE010E94E45B84E1C23AD807A2
:108EF000C1F78FE794E10E94E45B8AE594E1DF919A
:108F0000CF910C94E45BCF93DF93CFE5D2E120E0E7
:108F100030E048EC51E46C857D858E859F850F940B
:108F2000967D6C877D878E879F8763E373E383E5F8
:108F300090E4DF91CF910D94013D60E085EA9FE0E0
:108F40000F94927C60E08FE79CE00F94927C80E02D
:108F500090E0A0E8BFEB80937E0290937F02A09305
:108F60008002B093810282E08093790210925112C4
:108F700008958091591290915A1220915B1230916C
:108F80005C122817390771F090935C1280935B1282
:108F900081E08093C9030E9420FF0F94125A82E05F
:108FA0008093C903089580915112882341F08091E4
:108FB0008E0290918F0290935E1280935D120895BD
:108FC000CF92DF92EF92FF92C090F504D090F6041A
:108FD000E090F704F090F8048091F404882309F4F9
:108FE0004EC020E030E0A901C701B6010F941F80F8
:108FF00018160CF044C02BED3FE049E450E4C701E3
:10900000B6010F943B77A70196010F943B7720E0C0
:1090100030E040E85EE30F943B779B01AC0160E0F9
:1090200070E080E89FE30F94957E6B017C01609176
:10903000590270915A0264367105A1F0072E000C96
:10904000880B990B0F94FC762AE037ED43E25CE342
:109050000F943B779B01AC01C701B6010F943B779E
:109060006B017C01C0921002D0921102E0921202B8
:10907000F0921302FF90EF90DF90CF900895C12CF3
:10908000D12C80E8E82E8FE3F82ED1CF8F929F92DB
:10909000AF92BF92CF92DF92EF92FF9281EF9FE06B
:1090A0000F9437546B017C018DEE9FE00F94375481
:1090B0004B015C010F945D082CE330E040E050E090
:1090C0000F94E17CBA01A901480D591D6A1D7B1D51
:1090D0008DEE9FE00F94A47C6091EE067091EF06F8
:1090E0008091F0069091F10628EE33E040E050E0E8
:1090F0000F94E17CBA01A9014C0D5D1D6E1D7F1D11
:1091000081EF9FE00F94A47C0F94E2091092EE0689
:109110001092EF061092F0061092F1068091FE1266
:10912000813081F4609102137091031390E080E02C
:109130000F941F54109203131092021310920513F0
:1091400010920413FF90EF90DF90CF90BF90AF90FC
:109150009F908F900895809153121F928F938091CA
:1091600043031F928F93E0EBF3E0428153812CE3A2
:10917000249FC001259F900D11249F938F934081C0
:109180005181249FC001259F900D11249F938F939F
:1091900088EA97E09F938F930F94307B8DB79EB7AB
:1091A0000A960FB6F8949EBF0FBE8DBF08958DE44A
:1091B00093E00D943B0120E030E040E752E40F944F
:1091C000957E08951092770240913E0350913F039F
:1091D000609140037091410340937A0250937B0267
:1091E00060937C0270937D0290938F0280938E0235
:1091F0008DE493E00D943B011F93CF93DF93182FE1
:1092000080917A0290917B02A0917C02B0917D02C4
:1092100080933E0390933F03A0934003B093410398
:10922000C0918E02D0918F0284E690E090938F02DD
:1092300080938E028DE493E00F943B0110937702AC
:10924000CE01DF91CF911F910895CF92DF92EF92DF
:10925000FF920F931F93CF93DF9390E0EC01CC0F1D
:10926000DD1FCC0FDD1FFE01EC50F14F2591359134
:1092700045915491FE01EB54FB4FC080D180E280B8
:10928000F3808E01015A1D4EC701B6010F94967DE1
:10929000F8016083718382839383FE01E851F14F6B
:1092A00025913591459154918E010C5D1D4FC7015B
:1092B000B6010F94967DF801608371838283938356
:1092C000FE01E452F14F2591359145915491C85ECC
:1092D000DD4FC701B6010F94967D688379838A8339
:1092E0009B83DF91CF911F910F91FF90EF90DF90C3
:1092F000CF90089540E050E0BA018DEE9FE00F94CA
:10930000A47C40E050E0BA0181EF9FE00F94A47C80
:109310000E94CE3970E060E085E09FE00F94B07C61
:1093200070E060E083E09FE00F94B07C70E060E06C
:1093300081E09FE00F94B07C70E060E08FEF9EE0F2
:109340000F94B07C70E060E083ED9EE00F94B07C01
:1093500070E060E080ED9EE00F94B07C40E050E073
:10936000BA0188EA9CE00D94A47CF89488E19FE01F
:109370000FB6F894A895809360000FBE909360009C
:10938000FFCF85EA9FE00F946E7C91E0811101C0D0
:1093900090E0892F08958091CB03811106C081E070
:1093A00090918403923009F080E008958091D41365
:1093B00081110AC080913F12811106C081E0909115
:1093C0008403913009F080E00895CF93DF93C0913A
:1093D0006F12C1111FC08091701281111CC00E94B8
:1093E000CB49811118C0D091320ED43061F48091F4
:1093F0005B1290915C12892B91F48091571290919D
:109400005812892B61F40E94D649C82F811103C0DC
:10941000C1E0D111C0E08C2FDF91CF910895C1E060
:10942000FACF0E94E549882389F020E030E040E04F
:1094300050E4609167127091681280916912909166
:109440006A120F948B7E881F8827881F08950E94B8
:10945000D649811118C00E94CB49811114C0809156
:109460005112811110C08091320E81110BC0809178
:10947000FF12811107C080916F12811104C0809189
:109480007012089581E0089580E1EFE5F2E1ADEF1B
:10949000B6E001900D928A95E1F708954F925F92A0
:1094A0006F927F928F929F92AF92BF92CF92DF92F4
:1094B000EF92FF920F931F93CF93DF9300D000D0D2
:1094C0001F921F92CDB7DEB720915112222309F4CB
:1094D00073C12091CC03223009F46EC12091CC03DA
:1094E000213011F41092CC032B013C011092531245
:1094F000109156126091B5037091B6038091B70335
:109500009091B8030F940E7F611731F0812F90E096
:1095100090935812809357120E94B947809152122B
:1095200080935312909155128091541281958927FE
:109530008870892780935512A301920160919C0243
:1095400070919D0280919E0290919F020F94957D53
:109550006D837E838F839887CE0105960F94592D56
:109560001092400220E030E040E85FEB6091900212
:109570007091910280919202909193020F948B7E50
:10958000811120C080915F1290916012A0916112B0
:10959000B09162128093900290939102A0939202F4
:1095A000B09393028091631290916412A09165121E
:1095B000B09166128093940290939502A0939602C4
:1095C000B0939702A301920160919C0270919D0259
:1095D00080919E0290919F020F94957D69837A837A
:1095E0008B839C83E0906712F0906812009169125F
:1095F00010916A1220919402309195024091960246
:109600005091970260919002709191028091920224
:10961000909193021F921F921F921F92E2E68E2E4C
:10962000E7E29E2EE6E7AE2EE2E4BE2EFE01319684
:109630006F010F94B32DA301920160919C02709170
:109640009D0280919E0290919F020F94957D698367
:109650007A838B839C83E0909802F090990200912A
:109660009A0210919B0220919402309195024091B0
:1096700096025091970260919002709191028091B0
:109680009202909193021F921F921F921F920F9429
:10969000B32DE0909802F090990200919A021091F7
:1096A0009B02209194023091950240919602509134
:1096B0009702609190027091910280919202909134
:1096C00093021F921F921F921F92812C912CF8EEF1
:1096D000AF2EF2E4BF2EACE9CA2EA2E0DA2E0F9430
:1096E000B32D0F94D30B11E01093400260914C12F4
:1096F00070914D1290E080E00F94FA7660937A02B8
:1097000070937B0280937C0290937D0280915D1226
:1097100090915E1290938F0280938E0280E1E0E937
:10972000F2E0AFE5B2E101900D928A95E1F70E9477
:10973000444A809179020FB6F894DEBF0FBECDBFC8
:10974000811151C060914212709143128091441274
:10975000909145126093E8167093E9168093EA168B
:109760009093EB160F94764F809142129091431292
:10977000A0914412B09145128093461290934712E3
:10978000A0934812B09349121093D41360E085EA75
:109790009FE00F94927C60E08FE79CE00F94927CB6
:1097A0008AE593E60E944FBB82E080937902109293
:1097B000511281E08093160E28960FB6F894DEBF02
:1097C0000FBECDBFDF91CF911F910F91FF90EF9012
:1097D000DF90CF90BF90AF909F908F907F906F90D1
:1097E0005F904F900895813089F680914212909158
:1097F0004312A0914412B091451280933B12909372
:109800003C12A0933D12B0933E121092451010925C
:1098100044100E941239BACF3F924F925F926F92DA
:109820007F928F929F92AF92BF92CF92DF92EF92F0
:10983000FF920F931F93CF93DF93309079053320DE
:1098400009F480C08B01EC0131FE54C088809980FE
:10985000AA80BB80FB01C080D180E280F380209190
:109860007C0330917D0340917E0350917F03C501BD
:10987000B4010F943B772B013C0120918003309180
:1098800081034091820350918303C701B6010F9475
:109890003B779B01AC01C301B2010F94967D2B0174
:1098A0003C012091740330917503409176035091EF
:1098B0007703C501B4010F943B774B015C01209104
:1098C00078033091790340917A0350917B03C7016B
:1098D000B6010F943B779B01AC01C501B4010F9415
:1098E000967D688379838A839B83F80140825182C5
:1098F0006282738230FE26C020917105309172051C
:109900004091730550917405688179818A819B81AA
:109910000F94967D688379838A839B832091750554
:10992000309176054091770550917805F801608176
:109930007181828193810F94967DF8016083718398
:1099400082839383DF91CF911F910F91FF90EF90CE
:10995000DF90CF90BF90AF909F908F907F906F904F
:109960005F904F903F9008952F923F924F925F9259
:109970006F927F928F929F92AF92BF92CF92DF921F
:10998000EF92FF920F931F93CF93DF9300D000D0FD
:109990001F921F92CDB7DEB78C011B01FC018081A5
:1099A0009181A281B38189839A83AB83BC83FB01BC
:1099B00080819181A281B3818D839E83AF83B8879B
:1099C000BE016B5F7F4FCE0101960E940C4CC98097
:1099D000DA80EB80FC8020E030E0A901C701B6010D
:1099E0000F948B7E87FF35C019821A821B821C82DE
:1099F000FF24F3948D809E80AF80B88420E030E017
:109A000040E850ECC501B4010F948B7E87FF35C050
:109A100080E090E0A0E8B0EC8D839E83AF83B887B0
:109A2000CD80DE80EF80F88489809A80AB80BC8016
:109A30007090790571104CC0F80180829182A282E9
:109A4000B382F101C082D182E282F382FF24F394D7
:109A500025C020E030E04AE753E4C701B6010F9487
:109A60001F80F12C181634F680E090E0AAE7B3E4EA
:109A700089839A83AB83BC83BBCF20E030E042E58F
:109A800053E4C501B4010F941F8018162CF480E034
:109A900090E0A2E5B3E4C0CFF110C2CF8F2D28969D
:109AA0000FB6F894DEBF0FBECDBFDF91CF911F91EF
:109AB0000F91FF90EF90DF90CF90BF90AF909F906D
:109AC0008F907F906F905F904F903F902F90089570
:109AD00070FE1CC020917105309172054091730594
:109AE00050917405C501B4010F94957D4B015C0143
:109AF0002091750530917605409177055091780554
:109B0000C701B6010F94957D6B017C0171FE9ECF5C
:109B10002091610530916205409163055091640583
:109B2000C501B4010F943B772B013C0120916505E1
:109B3000309166054091670550916805C701B601EF
:109B40000F943B779B01AC01C301B2010F94967D4A
:109B5000F80160837183828393832091690530913A
:109B60006A0540916B0550916C05C501B4010F94D5
:109B70003B774B015C0120916D0530916E05409162
:109B80006F0550917005C701B6010F943B779B019B
:109B9000AC01C501B4010F94967DF101608371831E
:109BA0008283938353CFCF93DF930E94D748CFE52F
:109BB000D2E180E090E0A0EAB0E488879987AA87A4
:109BC000BB8765E575E585E591E40F945D418DEC16
:109BD0009CECACE4BEE388839983AA83BB8383E3D4
:109BE00093E3A3E7B0EC8C839D83AE83BF8363E6EE
:109BF00072E1CE010E94B44C60E070E086E193E433
:109C00000F945D418AE999E9A9E1BEE388879987C4
:109C1000AA87BB8765E575E585E591E4DF91CF917E
:109C20000D945D41CF92DF92EF92FF92CF93DF933D
:109C3000EC01BC016C5F7F4F0E94B44CC0902C02C1
:109C4000D0902D02E0902E02F0902F02A7019601F5
:109C5000688579858A859B850F948B7E87FF04C0F4
:109C6000C886D986EA86FB86C0902002D090210261
:109C7000E0902202F0902302A70196016885798581
:109C80008A859B850F941F80181624F4C886D98670
:109C9000EA86FB86DF91CF91FF90EF90DF90CF9027
:109CA00008952F923F924F925F926F927F928F9280
:109CB0009F92AF92BF92CF92DF92EF92FF920F935B
:109CC0001F93CF93DF93CDB7DEB7A2970FB6F8946B
:109CD000DEBF0FBECDBF1C018DEF96E00E94124E7D
:109CE0008DE493E00F943B0140905F12509060121E
:109CF0006090611270906212C090FD06D090FE06D6
:109D0000E090FF06F0900007A7019601C301B201A1
:109D10000F948B7E81113FC0209101073091020783
:109D2000409103075091040760916312709164128F
:109D300080916512909166120F948B7E81112BC0D9
:109D400020E030E040E752E460917A0270917B02BB
:109D500080917C0290917D020F94957E0F94CE3C71
:109D60000E944E38A2960FB6F894DEBF0FBECDBF4C
:109D7000DF91CF911F910F91FF90EF90DF90CF90E7
:109D8000BF90AF909F908F907F906F905F904F901B
:109D90003F902F90089560918E0270918F02072E50
:109DA000000C880B990B0F94FC7620917A0230916D
:109DB0007B0240917C0250917D020F943B772EE311
:109DC00033EC4EE259E30F943B776F8378878987B2
:109DD0009A8780910613882309F40FC1A301920189
:109DE000C701B6010F94957D2B013C0120916312B0
:109DF0003091641240916512509166126091010792
:109E00007091020780910307909104070F94957D4C
:109E10006B877C878D879E87C301B2019F772B85D7
:109E20003C854D855E855F770F94967D6B017C0147
:109E300020E030E0A9010F941F8018160CF0DDC05F
:109E400020E030E040EF51E4C701B6010F94957E69
:109E50000F94747E0F940E7F7E836D836230710544
:109E600008F4CBC02114310409F4C7C02091671253
:109E7000309168124091691250916A126091050701
:109E80007091060780910707909108070F94957DC0
:109E90006F87788B898B9A8B20916B1230916C1223
:109EA00040916D1250916E126091090770910A07EE
:109EB00080910B0790910C070F94957D6B8B7C8B99
:109EC0008D8B9E8BAD81BE81CD01B0E0A0E08F8FE8
:109ED00098A3A9A3BAA32D813E812216330608F0C8
:109EE0008CC0B10190E080E00F94FA766B017C01A8
:109EF0006F8D78A189A19AA10F94FA769B01AC018C
:109F0000C701B6010F94957E6B017C01AC019B01EA
:109F10006B897C898D899E890F943B779B01AC016D
:109F200060916B1270916C1280916D1290916E1213
:109F30000F94967D69837A838B839C83A701960116
:109F40006F85788989899A890F943B772091671268
:109F5000309168124091691250916A120F94967D67
:109F60006F8B788F898F9A8FA70196016B857C857F
:109F70008D859E850F943B772091631230916412FA
:109F800040916512509166120F94967D6B8F7C8F75
:109F90008D8F9E8FA7019601C301B2010F943B776D
:109FA00020915F12309160124091611250916212C3
:109FB0000F94967D3F922F92AFE5B2E1BF93AF939E
:109FC0008F809884A984BA84DE0111966D01EF8890
:109FD000F88C098D1A8D2B8D3C8D4D8D5E8D0F94D7
:109FE000B32D0F900F900F900F908091160E81114E
:109FF000B7CEBFEF2B1A3B0A6ECFE0900507F0906B
:10A00000060700910707109108072091010730917A
:10A01000020740910307509104076091FD0670917B
:10A02000FE068091FF06909100071F921F92EFE5B8
:10A03000F2E1FF93EF938F809884A984BA84E9E0DA
:10A04000CE2EE7E0DE2E0F94B32D0F900F900F90E1
:10A050000F9086CECF92DF92EF92FF92CF93C09077
:10A060006712D0906812E0906912F0906A12A7010E
:10A0700096010F94967D6093671270936812809397
:10A08000691290936A1283B190910F07911102C0E7
:10A0900084FF26C08FE592E10E94124E6091790400
:10A0A00070917A0480917B0490917C040F94013D1F
:10A0B0000F94D30BA70196016091671270916812FB
:10A0C0008091691290916A120F94957D6B017C01C9
:10A0D000C701B601CF91FF90EF90DF90CF90089528
:10A0E00015980F94D30B81E00F943916C82F65E5AE
:10A0F00075E585E591E40F94013D0F94D30B82E063
:10A100000F94BF0BA70196010F94957D6B017C0105
:10A110008C2F0F943916DCCF8F929F92AF92BF9203
:10A12000CF92DF92EF92FF924B015C01C0906712D9
:10A13000D0906812E0906912F0906A12AC019B0115
:10A14000C701B6010F941F8087FF11C0A5019401BC
:10A15000C701B6010F94957D9F77FF90EF90DF9038
:10A16000CF90BF90AF909F908F900C942A50FF900B
:10A17000EF90DF90CF90BF90AF909F908F90089519
:10A180002F923F924F925F926F927F928F929F9207
:10A19000AF92BF92CF92DF92EF92FF920F931F93F5
:10A1A000CF93DF9300D01F921F92CDB7DEB7D82E8A
:10A1B0002A013B01322EE982FA820B831C830F9421
:10A1C000D30B81E080936F12FC2CE32CD31010C0D2
:10A1D000ED2CDC100DC060E070E080EA90E40E949D
:10A1E0008C50FF24F394EE24E3942224239401C0A2
:10A1F0002D2C0E949D45809106138D83109206138D
:10A2000082E00F94BF0B6093671270936812809383
:10A21000691290936A12F1100F94F64481E00E9443
:10A22000FC488C010E94444A10927A0210927B02F0
:10A2300010927C0210927D02222019F080E00F948F
:10A24000335FEE2019F081E00F94335FDD20E9F0F9
:10A250004114510461047104C1F0C301B2010F94AF
:10A26000FC769B01AC016091B5047091B6048091BD
:10A27000B7049091B8040F94967D60935F12709329
:10A2800060128093611290936212332001F18981F0
:10A290009A81AB81BC810097A105B105C1F0BC01D9
:10A2A000CD010F94FC769B01AC016091B9047091D3
:10A2B000BA048091BB049091BC040F94967D609386
:10A2C0006312709364128093651290936612FF205C
:10A2D00009F499C060E070E080EA90E40E948C503C
:10A2E00080910D07811102C00F94335F80910E079A
:10A2F000811103C081E00F94335F0E943644EEEB7E
:10A30000FEE385919591A591B491EAEBFEE3459129
:10A310005591659174914093FD065093FE066093AC
:10A32000FF06709300078093010790930207A093A4
:10A330000307B093040761E077E08DEF96E00E9499
:10A340000C4C0E94644520E030E040E850EC609105
:10A3500001077091020780910307909104070F9401
:10A360008B7E87FF0CC080E090E0A0E8B0EC80938B
:10A37000010790930207A0930307B093040780E0BE
:10A3800090E0A6E1B3E480937A0290937B02A093DD
:10A390007C02B0937D02109277020F94C13B6091D2
:10A3A0007A0270917B0280917C0290917D020F94E1
:10A3B000CE3C0F94D30B8091FD069091FE06A091A8
:10A3C000FF06B091000780935F1290936012A093F4
:10A3D0006112B09362128091010790910207A091DF
:10A3E0000307B09104078093631290936412A093C3
:10A3F0006512B093661281E0809377020F94551630
:10A4000082E00F94335FCC20E9F081149104A10421
:10A41000B104C1F0C501B4010F94FC769B01AC01FD
:10A420006091BD047091BE048091BF049091C004FE
:10A430000F94967D609367127093681280936912EF
:10A4400090936A120F94C13BC8010E94E2480F9496
:10A4500055160E9436440E947242D11007C0311036
:10A4600005C08B8D811102C0CC2039F1F11025C0BF
:10A470009D81992311F181E0809306130F94BF0B06
:10A480006B017C0180E00F94BF0BA70196010F9434
:10A490007F6B9B01AC016091671270916812809193
:10A4A000691290916A120F94957D60936712709370
:10A4B00068128093691290936A1284E10F94F922D2
:10A4C0000F94D30B10926F120F900F900F900F906C
:10A4D0000F90DF91CF911F910F91FF90EF90DF9040
:10A4E000CF90BF90AF909F908F907F906F905F9034
:10A4F0004F903F902F900895E6E3F3E09FE780812F
:10A500008F3721F087FF08C08F778083319683E0F3
:10A51000EE33F807A1F708959083F8CF90915B028E
:10A52000981710F480935B0280915C02882339F0C5
:10A53000E091FD03F091FE03309709F0199408951E
:10A54000CF93DF93CDB7DEB7AE014A5F5F4FFA011D
:10A5500061917191AF018BEE93E00F94B57BDF9128
:10A56000CF9108956BEE73E00D94067B6BEE73E074
:10A57000082E000C990B0D94D67ACF93C82FC1509A
:10A5800020F080E20E94B652FACFCF9108950F9347
:10A590001F93CF93DF93EB01142F052F0E94B65228
:10A5A000CE010E94B2528AE30E94B652CE010F94AD
:10A5B0002C7A9EE0981B892F0E94BD520F931F9307
:10A5C00083ED9DE19F938F930E94A0520F900F9077
:10A5D0000F900F90DF91CF911F910F910895CF931E
:10A5E000C82F862F643008F083E0809335030E94E3
:10A5F00058388C0F8093340344E650E060E0806864
:10A60000CF910C94EA407F928F929F92AF92BF922B
:10A61000CF92DF92EF92FF920F931F93CF93DF932E
:10A62000E0915C0450915B04E51373C0FB0148307A
:10A6300009F06CC0C081D0E04901742E6B015C014F
:10A6400080915B02882359F06091590480E00E9458
:10A65000EF520E94FC45AE01B5010E94C7528091A5
:10A660005A04882309F455C090915C042091310567
:10A67000309132059217130609F04BC08091DD032B
:10A680008730D8F4282F30E0F901EE0FFF1FE20FDA
:10A69000F31FE45AFC4F2091FB033091FC033183FC
:10A6A00020838F5F8093DD03928320E040E070E0A1
:10A6B00060E080E498E50E944D46B0929003A0923D
:10A6C0008F03D0929303C092920370929103D09320
:10A6D0009503C093940390929703809296031093EE
:10A6E000990300939803F0929B03E0929A03DF9101
:10A6F000CF911F910F91FF90EF90DF90CF90BF907F
:10A70000AF909F908F907F900C940946C081D1812B
:10A7100093CF80915C048F5F80935C04DF91CF9135
:10A720001F910F91FF90EF90DF90CF90BF90AF906F
:10A730009F908F907F900895CF93DF93EA010E94BE
:10A74000EF526BEE73E0CE01DF91CF910D94067B5B
:10A75000CF93C42F0E94EF526BEE73E08C2FCC0F7F
:10A76000990BCF910D94D67A60E080E00E94EF5271
:10A7700010923403089540E456E060E081E00E94C6
:10A78000EA40109235031092340348E050E06FE73E
:10A7900070E086E393E00D94A08290915C0298179C
:10A7A00009F180935C028823E9F01092320510923F
:10A7B000310510927B0682EC93E00F943B010E94DE
:10A7C00020FF61507109810991096093BE03709364
:10A7D000BF038093C0039093C1030E94BB5382E0E8
:10A7E0000C948E520895CF93C82F10923503109277
:10A7F000340348E050E06FE770E086E393E00F94A5
:10A80000A08244E951E162E080E30E94EA4046E927
:10A8100050E062E080E30E94EA4046E950E062E0F6
:10A8200080E30E94EA4046E950E062E080E20E9454
:10A83000EA408091F90344E650E060E080620E94C3
:10A84000EA4084E08093330344E650E060E08CE02B
:10A850000E94EA40C1110E94BB5344E650E060E010
:10A8600086E0CF910C94EA4081E00C94F353CF92B0
:10A87000DF92FF920F931F93CF93DF9300D000D00E
:10A880001F921F92CDB7DEB78A30D9F4809135037D
:10A89000843018F08FEF80933503609135036F5F3C
:10A8A00080E00E94EF5228960FB6F894DEBF0FBEEC
:10A8B000CDBFDF91CF911F910F91FF90DF90CF908F
:10A8C000089590E8980F44E650E061E09A3408F566
:10A8D000482F4058550B9A0196E0929FA001939FF4
:10A8E000500D1124FA01E551F34FF490E6E3F3E043
:10A8F00030E020E09FEF6191782F76277F7789F411
:10A90000F901EA5CFC4F8083F22E44E650E061E0FE
:10A910008F2D0E94EA40809134038F5F809334032F
:10A92000C2CF6F3709F03CC0F901EA5CFC4F80836D
:10A93000922FF92EFA01EA51F34F8E010F5F1F4F4C
:10A94000D801959188E0182E10FE05900294802D74
:10A950009795881F8D931A94B9F7BF2DE8E0BE0232
:10A96000C001112444E650E060E080640E94EA40A7
:10A970006E01F9E0CF0ED11C44E650E061E0D80151
:10A980008D918D010E94EA40C016D106A9F78091F1
:10A99000340344E650E060E080680E94EA40B5CFAE
:10A9A00067FF922F2F5F3F4F2830310509F0A3CF6B
:10A9B0009F3F09F0BECFA9CFCF9324E1AC01249FE4
:10A9C000C001259F900D1124609172037091730353
:10A9D0000F94377DC62F653108F0C4E18091710373
:10A9E0008C1748F48FEF0E943754809171038F5F6A
:10A9F00080937103F3CFCF91089581E090E090931D
:10AA00007303809372030E94DC546CE271E080E077
:10AA100090E00C94C2FD8F929F92AF92BF92EF9202
:10AA2000FF920F931F93CF93DF93CDB7DEB7A0971D
:10AA30000FB6F894DEBF0FBECDBF6115710581055D
:10AA4000910599F480E3A0960FB6F894DEBF0FBE8F
:10AA5000CDBFDF91CF911F910F91FF90EF90BF90ED
:10AA6000AF909F908F900C94375400E0842E912CDF
:10AA7000B12CA12C9E012F5F3F4F7901A5019401BC
:10AA80000F94E17CF701E00FF11D6083B901CA0169
:10AA90000F5F611571058105910581F70E0D1F2D61
:10AAA000111DE016F10659F0F80182918F018A30EC
:10AAB00020F4805D0E943754F4CF895CFBCFA096D0
:10AAC0000FB6F894DEBF0FBECDBFDF91CF911F91BF
:10AAD0000F91FF90EF90BF90AF909F908F9008954F
:10AAE000CF92DF92EF92FF926B017C01F7FE0BC0D9
:10AAF0008DE20E943754F094E094D094C094C11C2D
:10AB0000D11CE11CF11C4AE0C701B601FF90EF9097
:10AB1000DF90CF900C940B550F94144D8F3FF9F0AC
:10AB200080E00E94CD530E94BB5349EB5EE561E09B
:10AB300080E00E949C5380E20E9437540F94144D91
:10AB4000682F70E06F5F7F4F072E000C880B990B0A
:10AB50000E9470550F94057681E00C94CD530895B2
:10AB60000F931F93CF938C01C62FCC2359F0F8017C
:10AB70002491222339F00F5F1F4F84910E94375494
:10AB8000C150F3CF8C2F0E94BD528C2FCF911F91BB
:10AB90000F9108950F931F93CF93DF938C01EB01D7
:10ABA0000E94BB53109271031093730300937203BE
:10ABB00061E080E00E94EF5264E1CE010E94B05556
:10ABC00062E080E0DF91CF911F910F910C94EF52E2
:10ABD000EF92FF920F931F93CF93DF9370915C04DA
:10ABE00030915B0473133FC0122FEA01062F7C01E2
:10ABF00080915B028823D1F00E94FC45482F609130
:10AC0000590480E00E94A85361E1C7010E94B05539
:10AC1000402F6091590493E1981B892F0E94A853FB
:10AC200040E26091590483E10E94A85380915A0444
:10AC30008823C9F020915C04809131059091320500
:10AC40002817190681F410925C02812FFE011995D4
:10AC500081E080935C02DF91CF911F910F91FF9073
:10AC6000EF900C94094680915C048F5F80935C04A4
:10AC7000DF91CF911F910F91FF90EF9008950F9367
:10AC80001F93CF93C82F8B010E94FC45482F6091E2
:10AC9000590480E00E94A85362E1C8010E94B055A7
:10ACA0008C2FCF911F910F910C94B652CF93DF93BD
:10ACB00030915C0420915B04321321C0EB01BC0194
:10ACC00080915B02882319F080E20E943F568091B8
:10ACD0005A048823A1F020915C0480913105909161
:10ACE00032052817190659F410925C02FE011995D5
:10ACF00081E080935C02DF91CF910C9409468091B2
:10AD00005C048F5F80935C04DF91CF910895309154
:10AD10005C0420915B04321319C0BC0180915B027A
:10AD2000882319F083E80E943F5680915A048823B3
:10AD300069F020915C0480913105909132052817CB
:10AD4000190621F40E94B1460C94094680915C04D6
:10AD50008F5F80935C040895CF93DF9330915C0400
:10AD600020915B0432131EC0EB01BC0180915B0299
:10AD7000882319F08EE70E943F5680915A04882359
:10AD800089F020915C04809131059091320528175B
:10AD9000190641F460E0CE010E947346DF91CF9125
:10ADA0000C94094680915C048F5F80935C04DF9172
:10ADB000CF9108950F931F93CF938C01C62FCC236F
:10ADC00049F0F80181918F01882321F00E943754C6
:10ADD000C150F5CF8C2F0E94BD528C2FCF911F9167
:10ADE0000F9108950F931F93CF93DF93CDB7DEB7E5
:10ADF00063970FB6F894DEBF0FBECDBF30915C04F1
:10AE000020915B04321338C08B0120915B02222316
:10AE1000A9F0BE016F5F7F4F0E94D6450E94FC459E
:10AE2000482F6091590480E00E94A85362E1CE014E
:10AE300001960E94DA568EE70E94B65280915A041B
:10AE40008823D1F020915C048091310590913205E6
:10AE50002817190689F460E0C8010E9473460E9411
:10AE6000094663960FB6F894DEBF0FBECDBFDF91E3
:10AE7000CF911F910F91089580915C048F5F809313
:10AE80005C04EFCFCF93DF93EC018991882319F015
:10AE90000E943754FACFDF91CF9108958F929F92FD
:10AEA000AF92BF92CF92DF92EF92FF920F931F93D8
:10AEB000CF93DF93E0915C0430915B04E31376C0A1
:10AEC000C22F7A016B015C0180915B028823B9F18A
:10AED0000E94FC4501E08E3309F000E00C2B802F2E
:10AEE0008270882EE60190E2992EC114D10421F4DB
:10AEF0008EE7982EC3EADEE2882009F441C0CE0135
:10AF00000F942C7A14E0180F4EE300FF40E260919A
:10AF1000590480E00E94A85364E1611BC5010E94AE
:10AF2000B0558BE50E94B652CE01882089F10E946F
:10AF3000B2528DE50E94B652892D0E94B652809180
:10AF40005A04882399F120915C04809131059091F5
:10AF500032052817190651F5CD28E9F460E0C7013C
:10AF60000E947346DF91CF911F910F91FF90EF9058
:10AF7000DF90CF90BF90AF909F908F900C94094638
:10AF8000FE0101900020E9F7EC1B13E01E0FBCCF7F
:10AF90000E944257CECF10925C02E114F10411F0EE
:10AFA000F701199581E080935C02DCCF80915C040D
:10AFB0008F5F80935C04DF91CF911F910F91FF9081
:10AFC000EF90DF90CF90BF90AF909F908F900895BB
:10AFD000CF93DF93EC0120E030E04CE852E4609145
:10AFE0006B1270916C1280916D1290916E120F9491
:10AFF000967D60936B1270936C1280936D12909398
:10B000006E1260E070E080EA91E40F94013D0E94CE
:10B0100083470E94BB534DEF51E660E080E00E9401
:10B020009C538881882339F061E080E00E94EF52D0
:10B03000CE010E9442574AE852E162E080E00E945D
:10B040009C5383E49BE20E94E6FBDF91CF910D9439
:10B05000D30B0E94375490E080E0089510928E0345
:10B0600010927E060895CF9380918E03C1E08111E6
:10B0700004C0C0E08C2FCF9108950E942E58FACFC3
:10B0800080915B02882309F452C020919A03309189
:10B090009B03809196039091970321153105D9F078
:10B0A000409131055091320541155105A1F07CF0D8
:10B0B00040919403509195034817590741F43093F8
:10B0C000950320939403109232051092310510924B
:10B0D0009B0310929A032091940330919503409121
:10B0E000310550913205240F351F10923205109210
:10B0F00031052817390744F08091980390919903FE
:10B10000281739070CF4C901909395038093940391
:10B1100061E080E00E94EF524091940350919503CA
:10B1200060918F037091900380E20E94C7520E9449
:10B130003358882341F1E0919203F0919303809179
:10B140009403909195032091910380832830C9F452
:10B150008091DD038823B9F081508093DD0390E076
:10B16000FC01EE0FFF1FE80FF91FE45AFC4F62814C
:10B17000062E000C770B20E040E0808191810C943A
:10B180004D469183E5CF08950E94335881110C9468
:10B19000B1460895809131059091320597FF07C01F
:10B1A000109232051092310587E00F945E1680915F
:10B1B00031059091320520918B032817190619F05B
:10B1C00014F080938B0380918B0380935B040E9427
:10B1D000335880935A0408951F920F920FB60F921E
:10B1E00011240BB60F922F938F939F93EF93FF939E
:10B1F000E0912E03E830E8F4F0E08827ED5FF64AAE
:10B200008F4F0D947E7D0B59255930593E59545915
:10B210005D59805992598091FC0681110AC0809134
:10B22000C506880F80932D03882319F081E0809351
:10B230002E03FF91EF919F918F912F910F900BBE55
:10B240000F900FBE0F901F90189580912C038F5F69
:10B2500080932C0390912D03981758F382E0E7CF49
:10B2600083E080932E038FE080932B038FEF86BDC6
:10B2700081E085BD84B58F7E84BDDBCF80912B03BB
:10B280008295807F819588BD80912B03882321F052
:10B29000815080932B03CDCF84E080932E038FEFDA
:10B2A00088BD8EEF86BDC5CF85E080932E038FEFDE
:10B2B00088BD86BD82E085BDBCCF2FEF28BD8091C3
:10B2C000FC068111B6CF80912C038F5F80932C03F5
:10B2D00090912D03891708F4ACCF8091C50690E0BA
:10B2E0008F3791050CF0A5CF86E080932E038FE079
:10B2F00080932B0326BD81E085BD84B58061BCCFE2
:10B3000080912B038295807F819588BD80912B034E
:10B310008111BECF87E080932E0380E886BD8FEF3A
:10B3200088BD87CF10922E0380E886BD8FEF88BD41
:10B33000C1CFCF93DF93EC0187E69FE00F946E7C43
:10B3400091E0811101C090E081E02881211101C0CC
:10B3500080E08913988387E09FE00F946E7C91E0F2
:10B36000811101C090E0998385ED9EE00F946E7C81
:10B3700091E0811101C090E09A8387E49DE00F94F1
:10B380006E7C8F3F21F08887DF91CF9108951886DA
:10B39000FBCFCF93C82F682F87E69FE00F94927C56
:10B3A000CC2319F0CF910D94B75E51985998109213
:10B3B000EE16CF9108951092AF030E9420FF609384
:10B3C000F7167093F8168093F9169093FA1608956D
:10B3D00080932A0380FD1CC01092430320914303F5
:10B3E0008FEF820F8E3FE8F08091A000877F8093DF
:10B3F000A0001092AD001092AC009FB7222361F024
:10B40000F894809102018062809302019FBF0895A9
:10B410008FEF80934303E2CFF894809102018F7DF8
:10B42000F3CFEFB7F8948091A00088608093A000DC
:10B4300030E0809172004FEF50E081FF04C04091F6
:10B44000A8005091A900249FC001259F900D349F12
:10B45000900D11246FEF70E00F94377D7093AD0065
:10B460006093AC00EFBF08951F93CF93DF93D0910B
:10B470002A03D1FD1DC01091CA03C1E020E030E0D5
:10B4800048E452E460912E0E70912F0E8091300EA0
:10B490009091310E0F941F8018160CF0C0E0DE7FE3
:10B4A000CD2B81E0111101C080E0C82BC0932A038D
:10B4B00080912A03DF91CF911F910C94E859EF926C
:10B4C000FF920F931F93CF93DF93EC018B017A01CF
:10B4D0000E94403981110BC0A801BE01C701DF9154
:10B4E000CF911F910F91FF90EF900D94827CDF918F
:10B4F000CF911F910F91FF90EF9008950F931F939D
:10B50000CF93DF938C01D62FC72F0F947C7C8F3F76
:10B51000980739F46D2F7C2FC8010F94CC7C8D2FA8
:10B520009C2FDF91CF911F910F9108950F931F933F
:10B53000CF938C01C62F0F946E7C8F3F29F46C2F14
:10B54000C8010F94B67C8C2FCF911F910F91089555
:10B55000CF93DF93EC010F947C7CBC016F5F7F4F36
:10B56000CE01DF91CF910D94CC7CCF93DF93EC0192
:10B570000F946E7C61E0680FCE01DF91CF910D9446
:10B58000B67C2BE0829FC0011124805B924F0F9408
:10B590007C7C21E0019609F420E0822F0895CF936E
:10B5A000DF93C82FD8E0CF5FC8300CF0C0E08C2FFD
:10B5B0000E94C15A811103C0D150A9F7CFEF8C2F3F
:10B5C000DF91CF91089581EA9DE00F946E7C0E94F7
:10B5D000CF5A87FD05C0682F81EA9DE00D94927CCB
:10B5E00008950F931F93CF93C82F8B0169E97CE0D7
:10B5F000823070F062E97CE0843050F06AE87CE0F0
:10B60000843031F062E87CE0853011F06BE77CE05B
:10B61000C8010F94257A8CEF8C0F823028F0C1700E
:10B62000CF5CF801C6831782CF911F910F910895C7
:10B6300061E080EC9FE00F94927C60E08FEB9FE0F4
:10B640000F94927C60E08EEB9FE00F94927C60E020
:10B650008DEB9FE00F94927C60E08CEB9FE00D946B
:10B66000927CCF93C82F82958F700E94AE408C2F12
:10B670008F70CF910C94AE404091391250913A1294
:10B6800090E080E041155105B1F1209135123091E3
:10B69000361290E080E0F901E85BFF4EA081A23015
:10B6A00021F461817281860F971F4150510919F170
:10B6B000F901E55BFF4EA1919F0128543041A11192
:10B6C000FACFF901E85BFF4E2D3EA1E03A0730F4D6
:10B6D000A191A111E0CF2F5F3F4FF6CF2D3EE1E0CA
:10B6E0003E07C9F6E8E4F0E19F0128543041A191FA
:10B6F000AA23D1F3D0CF08958091391290913A12B4
:10B70000181619060CF043C0019790933A128093D3
:10B710003912892BA1F48091441090914510892B06
:10B7200021F410924710109246108091461090918B
:10B730004710909336128093351281E008958091DE
:10B740003512909136120396FC01E85BFF4E208182
:10B7500001962111F9CFFC01E85BFF4E8D3E21E0FF
:10B76000920740F441919C012F5F3F4F4111E1CF7F
:10B77000C901F4CFE8E4F0E18D3E21E09207C9F67B
:10B78000CF018854904121912223D1F3D2CF80E080
:10B790000895FC0120E03EE2DB014D91BD01403205
:10B7A00049F0283011F430833196DB0111974C9128
:10B7B000408331962F5F2B3079F71082089540E057
:10B7C00050E0BA010D948B1DFC01238121110D94D1
:10B7D000691F089590912F05911107C09091C000A5
:10B7E00095FFFCCF8093C6000895913031F490917D
:10B7F000C80095FFFCCF8093CE0008958F929F9252
:10B80000AF92BF92EF92FF920F931F93CF93DF936C
:10B81000CDB7DEB7A0970FB6F894DEBF0FBECDBF91
:10B82000611571058105910599F480E3A0960FB625
:10B83000F894DEBF0FBECDBFDF91CF911F910F9166
:10B84000FF90EF90BF90AF909F908F900C94EA5B29
:10B8500000E0842E912CB12CA12C9E012F5F3F4F34
:10B860007901A50194010F94E17CF701E00FF11D2E
:10B870006083B901CA010F5F6115710581059105EA
:10B8800081F70E0D1F2D111DE016F10659F0F8017C
:10B8900082918F018A3020F4805D0E94EA5BF4CFB0
:10B8A000895CFBCFA0960FB6F894DEBF0FBECDBF6C
:10B8B000DF91CF911F910F91FF90EF90BF90AF90CC
:10B8C0009F908F900895CF92DF92EF92FF926B013D
:10B8D0007C01F7FE0BC08DE20E94EA5BF094E094DD
:10B8E000D094C094C11CD11CE11CF11C4AE0C701DA
:10B8F000B601FF90EF90DF90CF900C94FE5B8F929B
:10B900009F92AF92BF92CF92DF92EF92FF92CF932E
:10B910006B017C01B42E20E030E0A9010F948B7EF6
:10B9200087FF07C08DE20E94EA5BF7FAF094F7F810
:10B93000F094C0E060E070E080E09FE3CB1541F060
:10B9400020E030E040E251E40F94957ECF5FF6CFE7
:10B950009B01AC01C701B6010F94967D6B017C0180
:10B960000F940E7F4B015C014AE00E94FE5BCC23EA
:10B9700091F1C501B4010F94FA769B01AC01C701A6
:10B98000B6010F94957D6B017C018EE20E94EA5B0B
:10B99000C15008F120E030E040E251E4C701B601B7
:10B9A0000F943B774B015C010F94077F6B01770F7E
:10B9B000EE08FF08C701B6010E94635CC701B6012B
:10B9C0000F94FC769B01AC01C501B4010F94957DE9
:10B9D0006B017C01DDCFCF91FF90EF90DF90CF9096
:10B9E000BF90AF909F908F9008958AE00C94EA5B8F
:10B9F0000E94EA5B90E080E00895CF93DF93EC0132
:10BA0000FE018491882321F00E94EA5B2196F8CF01
:10BA1000DF91CF910895CF92DF92EF92FF92C09085
:10BA20002E0ED0902F0EE090300EF090310E8FEF52
:10BA300094E10E94FD5C42E0C701B6010E947F5C78
:10BA400087EF94E10E94FD5C6091B5037091B603AD
:10BA50008091B7039091B80341E00E947F5CFF9012
:10BA6000EF90DF90CF900C94F55C4F925F926F92C5
:10BA70007F928F929F92AF92BF92CF92DF92EF927E
:10BA8000FF920F931F93CF93DF93CC24CA94DC2CA7
:10BA900076010EEA1FE093E2892E912CA12CB12CA5
:10BAA000412C512C3201D0E0C0E08FEFC81609F4D0
:10BAB0005DC0C8010F947C7CEC01BC01990F880B20
:10BAC000990B0F94FC762091690430916A0440919F
:10BAD0006B0450916C040F94957E2B013C01C701BF
:10BAE000B6010E94635C83E594E10E94FD5CC501A0
:10BAF000B4010E94635C83E594E10E94FD5CBE0199
:10BB00000D2E000C880B990B0E94635C83E594E179
:10BB10000E94FD5C20E030E04AE754E4C301B2013A
:10BB20000F943B770F940F4D85E0880E911CA11C5C
:10BB3000B11C0E5F1F4F8FEFC81AD80AE80AF80A27
:10BB40000A3B8FE0180709F0B0CFDF91CF911F912A
:10BB50000F91FF90EF90DF90CF90BF90AF909F90AC
:10BB60008F907F906F905F904F90089583EA9EE250
:10BB70000E94FD5CB8CF882371F187E494E10E94B4
:10BB8000FD5C60918D1270E090E080E00E94635C4B
:10BB900080918D128430D8F010928D1282E494E15D
:10BBA0000E94FD5C80918D1290E00F942C4D80914D
:10BBB0008D122091591230915A1230935C122093B9
:10BBC0005B120E9495EC0E9483470D94D30B8F5F0C
:10BBD00080938D12E3CF90E080E00E94FCABE9CF30
:10BBE000CF93DF938FE394E10E94FD5CCFE5D2E138
:10BBF000688179818A819B8142E00E947F5C8BE32E
:10BC000094E10E94FD5C6C817D818E819F8142E088
:10BC10000E947F5C87E394E10E94FD5C68857985E2
:10BC20008A859B8542E00E947F5C83E394E10E94C9
:10BC3000FD5C6C857D858E859F8542E00E947F5CE2
:10BC40008DE997E00E94FD5C80E00F94B10B0F94AA
:10BC5000FC76CDE5D4E02C813D814E815F810F944F
:10BC6000957E42E00E947F5C8FE294E10E94FD5C41
:10BC700081E00F94B10B0F94FC76288539854A85B5
:10BC80005B850F94957E42E00E947F5C8BE294E19D
:10BC90000E94FD5C82E00F94B10B0F94FC762C8522
:10BCA0003D854E855F850F94957E42E00E947F5CC6
:10BCB00087E294E10E94FD5C83E00F94B10B0F9446
:10BCC000FC76288939894A895B890F94957EDF91B2
:10BCD000CF910D940F4D8FE19FE00E94FD5C60912C
:10BCE0002E0E70912F0E8091300E9091310E41E00A
:10BCF0000E947F5C8CE19FE00E94FD5C60915B1282
:10BD000070915C12072E000C880B990B0F94FC7637
:10BD100041E00E947F5C88E19FE00E94FD5C6091B1
:10BD2000B5037091B6038091B7039091B80341E0D9
:10BD30000E947F5C85E19FE00E94FD5C609157124C
:10BD400070915812072E000C880B990B0F94FC76FB
:10BD500041E00E947F5C80E19FE00E94FD5C609179
:10BD60002E0E70912F0E8091300E9091310E41E089
:10BD70000E947F5C8DE09FE00E94FD5C60915B1201
:10BD800070915C12072E000C880B990B0F94FC76B7
:10BD900041E00E947F5C89E09FE00E94FD5C609131
:10BDA000CC0670E090E080E00E94635C84E09FE05D
:10BDB0000E94FD5C6091C50670E090E080E00E940A
:10BDC000635C80E09FE00E94FD5C6091F8067091EA
:10BDD000F9068091FA069091FB0641E00E947F5C93
:10BDE0000C94F55C0E94FD5C0C94F55C8F929F9224
:10BDF000AF92BF92CF92DF92EF92FF920E9420FF0C
:10BE00006B017C0120913202222309F140917802DA
:10BE10004130E9F08091140290911502A091160230
:10BE2000B091170246015701881A990AAA0ABB0A5B
:10BE300030E0A8EEB3E00F940E7D86169706A806B4
:10BE4000B9066CF0443031F19CF44230D4F4C09225
:10BE50001402D0921502E0921602F0921702FF909F
:10BE6000EF90DF90CF90BF90AF909F908F9008950C
:10BE7000453069F78AE998E60E94FD5C82E095E129
:10BE800006C08AE998E60E94FD5C8FE295E10E9477
:10BE9000F25EDDCF8AE998E60E94FD5C89E195E1DA
:10BEA000F6CFCF9381EA9DE00F946E7CCBE08C9F20
:10BEB000C0011124805B924F0F947C7C8156904F7F
:10BEC000803A9F40C8F08EEC94E10E94F25E81EAD5
:10BED0009DE00F946E7C8C9FC001112470E060E0A7
:10BEE000805B924F0F94CC7C81E994E10E945DC30A
:10BEF00081E0CF910C94CD53CF9108952F923F9232
:10BF00004F925F926F927F928F929F92AF92BF9269
:10BF1000CF92DF92EF92FF920F931F93CF93DF9315
:10BF2000CDB7DEB7A4970FB6F894DEBF0FBECDBF76
:10BF30000F94D30B8091160E811117C081E080936E
:10BF4000701280910D07882349F080910E07882395
:10BF500029F020910F072F83211120C081E08093C9
:10BF6000501283E69FE10F94D74EA4960FB6F89433
:10BF7000DEBF0FBECDBFDF91CF911F910F91FF901C
:10BF8000EF90DF90CF90BF90AF909F908F907F9079
:10BF90006F905F904F903F902F9008958BEA9DE0B7
:10BFA0000F946E7C182F8EE40E945B39082F0E943C
:10BFB00070398E83002329F0873009F4C9C083309B
:10BFC00029F0133009F0C3C063E06E8380E090E095
:10BFD000A0E8BFE38A839B83AC83BD838AEA9DE0AC
:10BFE0000F946E7C888F83E40E945B39182F0E9427
:10BFF0007039112329F0882319F08B3008F4888FC9
:10C0000088E50E945B39882309F4ABC00E94EB3DB0
:10C0100020E030E048E052E40F94957D20E030E0ED
:10C0200048EB51E40F94957D6A877B878C879D87C9
:10C0300089E50E945B39882309F49CC00E94EB3D8E
:10C0400020E030E048E052E40F94957D20E030E0BD
:10C0500040EA50E40F94957D6C8B7D8B8E8B9F8B8B
:10C0600087E50E945B39882309F489C00E94EB3D73
:10C070002A853B854C855D850F94967D20E030E0D8
:10C0800048E852E40F94967D698F7A8F8B8F9C8F4E
:10C0900088E40E945B39882309F47AC00E94EB3D52
:10C0A0002C893D894E895F890F94967D20E030E090
:10C0B00048E852E40F94967D6D8F7E8F8F8F98A302
:10C0C0000F94686180912C0290912D02A0912E0214
:10C0D000B0912F028093071390930813A093091334
:10C0E000B0930A130F94F64405EC1FE0C8010F94B7
:10C0F0007C7C019609F051C00E5F1F4F053D8FE01B
:10C100001807A1F7212CA6E0B3E1BAA3A9A3B98728
:10C11000A887512C412C312C042D842D63E00F94E1
:10C120001D7D988B6884798410E0F889F11137C0FF
:10C13000812F63E00F941D7D911131C021103DC10D
:10C140007E81733009F470C08F818E8737C01E8363
:10C150006AE979E989E19FE36A837B838C839D8324
:10C160003DCF80E090E0A0E8BFEF8A879B87AC8757
:10C17000BD875ECF60E070E080E89FEF6DCF80E02C
:10C1800090E0A0E8BFE7898F9A8FAB8FBC8F80CFFC
:10C1900060E070E080E89FE78FCF2F80B4CF60E051
:10C1A00070E080EC9FE7D30111966D937D938D93A2
:10C1B0009C931497BE81B330C1F11E86812F0E94DB
:10C1C00050424B015C01802F0E9450426B017C0168
:10C1D000A50194016A857B858C859D850F941F80C0
:10C1E00018160CF41AC1298D3A8D4B8D5C8DC50142
:10C1F000B4010F941F8018160CF40FC1A70196010B
:10C200006C897D898E899F890F941F8018160CF484
:10C2100004C12D8D3E8D4F8D58A1C701B6010F94DD
:10C220001F8018160CF4F9C033941F5F24E0620ECF
:10C23000711C173009F079CF6FEF461A560A8885BE
:10C2400099854C969987888797E04916510409F09B
:10C2500063CF0E94FED6A0913107AF83B091DC037B
:10C26000B88781E0809331078AE0830D8093DC03F7
:10C2700081E00E948E5280E090E0A0EAB0E48093DA
:10C28000671290936812A0936912B0936A1265E5E1
:10C2900075E585E591E40F94013D80E00E94FC483E
:10C2A0009CA38BA3312C832D67E00F941D7DF82E6A
:10C2B000092F682F70E07F876E8780FF03C076E0CC
:10C2C000791B072F802F63E00F941D7D911105C00E
:10C2D0008F2D0F941D7D11E0911110E0802F0E9491
:10C2E0005042688B798B8A8B9B8B8F2D0E9450429A
:10C2F0004B015C018E81833009F097C01111C6C0DB
:10C3000027E0AE85BF852A9FF0012B9FF00D1124F9
:10C31000E00FF11DEE0FFF1FEE0FFF1FEA5FFC4E57
:10C3200060E070E080EC9FE7618372838383948395
:10C330003394E1E33E12B7CF80E090E0A0EAB0E4AE
:10C340008093671290936812A0936912B0936A1257
:10C3500065E575E585E591E40F94013D0F94D30BF8
:10C36000B1E33B1609F436C28091420391E0980F85
:10C3700090934203882309F4CFC160E080E00E94DB
:10C38000B0BB85E89FE00E945DC380E00E94D6C2FA
:10C3900081E0809378028AE593E60E944FBB2F816B
:10C3A0002093310768856093DC0382E00E948E52FF
:10C3B0000F94D30B10927012D8CD011103C011232A
:10C3C00009F4BECE812F63E00F94297D840D952D55
:10C3D000911D880F991F8D53904F0F947C7CBC0149
:10C3E000990F880B990B0F94FC762AE037ED43E206
:10C3F0005CE30F943B779B01AC0160910713709154
:10C4000008138091091390910A130F94967DF301FC
:10C41000618372838383948393CEFE85FF2309F423
:10C4200004CF222009F400CF00CF288939894A8916
:10C430005B896A857B858C859D850F941F80181686
:10C4400004F1288939894A895B89698D7A8D8B8DB8
:10C450009C8D0F948B7E87FD14C0A50194016C897F
:10C460007D898E899F890F941F80181654F0A5012D
:10C4700094016D8D7E8D8F8D98A10F948B7E87FF9B
:10C4800005C0112309F454CF211052CF10E0A7E0CA
:10C490008E859F85A89FF001A99FF00D1124E00FC4
:10C4A000F11FEE0FFF1FEE0FFF1FEA5FFC4E4180F2
:10C4B000528063807480C12CD12CE0EAEE2EE0E43F
:10C4C000FE2E222051F023E333E343EB5EE3C3016E
:10C4D000B2010F94967D6B017C01A70196016091DA
:10C4E0006712709168128091691290916A120F948C
:10C4F0008B7E87FF10C0C0926712D0926812E092C4
:10C500006912F0926A1265E575E585E591E40F948C
:10C51000013D0F94D30B688979898A899B8960933F
:10C520005F127093601280936112909362128092F6
:10C53000631290926412A0926512B092661263E642
:10C5400072E18FE592E10E94B44C60E070E086E118
:10C5500093E40F94013D0F94D30B8091160E882322
:10C5600039F07F817093310788858093DC03FDCC9F
:10C57000812C912C70E2A72E71ECB72E222051F065
:10C580002A813B814C815D81C301B2010F94957D6D
:10C590004B015C01488DC501B4010F94726181119A
:10C5A00009C089E193E19F938F930F94307B0F90A3
:10C5B0000F90C2CE2091671230916812409169129B
:10C5C00050916A12C701B6010F94957D20E030E0CA
:10C5D000A9010F948B7E87FF36C060E070E080EA8F
:10C5E00090E460936712709368128093691290933D
:10C5F0006A1265E575E585E591E40F94013D0F94B8
:10C60000D30B488DC501B4010F947261882349F2A0
:10C6100020916712309168124091691250916A120C
:10C6200060E070E080EA90E40F94957D2DEC3CECA6
:10C630004CEC5DE30F948B7E87FF05C083EA93E1AA
:10C640000F94577B79CEC0906712D0906812E0901B
:10C650006912F0906A122220A1F0A7019601C3018D
:10C66000B2010F94957D9B01AC015F776A817B815C
:10C670008C819D810F948B7E87FF03C08AE693E1B6
:10C68000DFCF8FEA9FE00F946E7C882309F440C0CF
:10C6900086EA9FE00F946E7C8823D1F16091F806C2
:10C6A0007091F9068091FA069091FB060E94EC3990
:10C6B0002091690430916A0440916B0450916C049C
:10C6C0000F94957E9B01AC01E7E0AE85BF85EA9FA4
:10C6D000C001EB9F900D1124080F191F000F111FAF
:10C6E000000F111F0A5F1C4EC701B6010F94957D04
:10C6F000D80111966D937D938D939C93149780919F
:10C70000DC0381508093DC0381E00E948E5210CEC6
:10C7100020E030E0A901D8CF85E00F945E16C12C4F
:10C72000D12C90EAE92E90E4F92E83E59FE00E9457
:10C7300060BD90E080E00E9479BC81E00E947CC4F2
:10C7400080E00F943916182F60E070E080E89FEBCE
:10C750000E942A5081E00F943916C0926712D0923D
:10C760006812E0926912F0926A1265E575E585E556
:10C7700091E40F94013D0F94D30B812F0F94391640
:10C7800082E00F94BF0B20E030E040EA50E40F94C9
:10C790001F80181654F2EF81E0933107F885F0936B
:10C7A000DC0381E00E94CD53DD24D394DF92812C01
:10C7B000912C5401CC24C394E12CF12C870121E06D
:10C7C00040E050E0BA0181E00E94C050D092501287
:10C7D0000F90CBCB109242038BA19CA10E94E24808
:10C7E000109255051092540580E10E9480B588236F
:10C7F00091F00E94515F81EA9DE00F946E7C2BE0E6
:10C80000829FC0011124805B924F0F947C7C909397
:10C810005505809354056091540570915505072E78
:10C82000000C880B990B0F94FC76905820916904AA
:10C8300030916A0440916B0450916C040F94957E82
:10C840000E94164280EC9FE00F946E7C91E0813054
:10C8500009F090E099834FEB5FE06CE4CE01019624
:10C860000E948A39F82E4EEB5FE062E5CE01019618
:10C870000E948A39082F4DEB5FE066E4CE010196F5
:10C880000E948A39182F4CEB5FE062E4CE010196DA
:10C890000E948A39212F110F330B082E000C990B9F
:10C8A0005C01A21AB30A8F2DFF0C990B280F391FB8
:10C8B00046E0429F6001439FD00C1124F12CE12CF3
:10C8C000002E000C110B081B190BB701695F7C4E81
:10C8D0003B01460177E07A83D3012D903D904D9046
:10C8E0005D903D01FD013497FB87EA87B401092C77
:10C8F000000C880B990B0F94FC762FE333EC4EE27F
:10C9000059E30F943B77A20191010F94967DAA857C
:10C91000BB856D937D938D939C931397BA81B15092
:10C92000BA83800E911EB111D7CFCA0CDB1CECE18B
:10C93000EE0EF11CF4ECEF16F10439F60E94FED66F
:10C940008DE40E945B39882309F484C00E94703909
:10C950002E81273009F094C0882309F491C0BB24AC
:10C96000B394AA24AA94AB0C09A11AA1612C8EEF4E
:10C97000882E8B0C6A2D862D0F94C1449924939494
:10C98000960C81116EC06B2D862D0F94C144C12C65
:10C99000D12C7601712C882381F020E030E0A901B0
:10C9A000D8015D966D917D918D919C9190970F949A
:10C9B000967D6B017C0177247394682D862D0F94EE
:10C9C000C144882369F0F8017B972081318142813D
:10C9D0005381C701B6010F94967D6B017C0173945E
:10C9E0006A2D892D0F94C144882361F0F8012581B7
:10C9F000368147815085C701B6010F94967D6B0142
:10CA00007C0173946A2D8FEF860D0F94C1448823A7
:10CA100031F1F80133972081318142815381C7017F
:10CA2000B6010F94967D6B017C017394672D70E0C5
:10CA300090E080E00F94FC769B01AC01C701B60149
:10CA40000F94957ED80111966D937D938D939C9351
:10CA5000149707C08CEA9DE00F946E7C79CF71101B
:10CA6000E5CF692C0C5F1F4FB7E09B1283CFB394C7
:10CA7000E9A1FAA17C96FAA3E9A3F8E0BF1271CF6D
:10CA800081E0809306138FE40E945B39811103C01B
:10CA90000E94D34D7DCC0E9470398111F9CF0E9444
:10CAA000D74876CCEC01F8940F94F901179A1092BC
:10CAB0000D07169A10920E07149A8DE798E60E94B9
:10CAC000FD5C82E794E10E94F25E209779F0CE014E
:10CAD0000E94F25EBE0185E99CE00F94CC7C62E48A
:10CAE00084E99CE00F94B67C0E94B549CAE6D4E183
:10CAF000F1CF2F923F924F925F926F927F928F92DF
:10CB00009F92AF92BF92CF92DF92EF92FF920F93DC
:10CB10001F93CF93DF9300D000D0CDB7DEB78091C5
:10CB200077028C831092770280E00F9439168B8302
:10CB30000E94D74889EA97E30E9460BD41ED5AE020
:10CB400063E080E00E949C5381E08093770280E064
:10CB500090E0A0EAB0E48093671290936812A093EB
:10CB60006912B0936A1265E575E585E591E40F9465
:10CB70005D411092770280E090E0A0E8BFE38093EF
:10CB80005F1290936012A0936112B093621280932F
:10CB9000631290936412A0936512B093661263E6D9
:10CBA00072E18FE592E10E94B44C60E070E088E4AD
:10CBB00092E40F945D410E94444A82E00F94335FF7
:10CBC00043E060E070E080E291EC0F9472618111CB
:10CBD00004C089E193E10E945265809167129091AF
:10CBE0006812A0916912B0916A1280930713909312
:10CBF0000813A0930913B0930A13E2E0F0E0FA835C
:10CC0000E983C12CD12C30EAE32E30E4F32E43E04B
:10CC1000B42E52E0952E04EF1DE167E0A62E0E948F
:10CC2000D748C0926712D0926812E0926912F092CF
:10CC30006A1265E575E585E591E40F945D4129810A
:10CC40002150822F6B2D0F941D7D892E822F0F94E2
:10CC5000297D782E80FF03C0F92DF8198F2E882D9D
:10CC6000880F880D0E94504260935F12709360128B
:10CC70008093611290936212872D880F870D0E9416
:10CC80005042609363127093641280936512909384
:10CC9000661263E672E18FE592E10E94B44C60E0B7
:10CCA00070E088E492E40F945D4163E080E00E94CC
:10CCB000EF528A818F9399819F931F930F930E94C4
:10CCC000A05243E060E070E080E291EC0F9472616A
:10CCD000582E0F900F900F900F90882309F479CF62
:10CCE000A79CF0011124E80DF11DEE0FFF1FEE0FC0
:10CCF000FF1FEA5FFC4E8091671290916812A0912D
:10CD00006912B0916A1281839283A383B483E9810B
:10CD1000FA813196FA83E9833A9709F080CF6090DF
:10CD20000713709008138090091390900A13462CF3
:10CD3000A72CB82C292C1E821D8206E013E18D81C0
:10CD40009E81895F9C4E9A83898393E0392EE98185
:10CD5000FA81C190D190E190F190FA83E983930137
:10CD6000A401C701B6010F941F80181614F03601F4
:10CD70004701242D3A2D4B2D522DC701B6010F949A
:10CD80008B7E87FD04C04C2CAD2CBE2C2F2C3A94EE
:10CD90003110DDCF8D819E814C969E838D838435AD
:10CDA000910559F69301A401642D7A2D8B2D922DB6
:10CDB0000F94957D20E030E040E450E40F941F8014
:10CDC00018162CF587ED9DE10E94F25E512CFC8136
:10CDD000F09377028B810F943916852D26960FB626
:10CDE000F894DEBF0FBECDBFDF91CF911F910F91A1
:10CDF000FF90EF90DF90CF90BF90AF909F908F907B
:10CE00007F906F905F904F903F902F900895198280
:10CE100085ECE82E8FE0F82E68011D829D8191112E
:10CE200003C0E981EE2329F1209107133091081303
:10CE30004091091350910A13F60161817281838137
:10CE400094810F94957D20E030E048EC52E40F94FB
:10CE50003B7720E030E040E05FE30F94967D0F9455
:10CE60003D7F0F94077FC7010F94B07CF2E0EF0E77
:10CE7000F11C84E0C80ED11C9D819F5F9D8393307F
:10CE800069F6045E1F4FE981EF5FE983E33021F625
:10CE90000F9468610E94D34D9ACF8DE493E00F9474
:10CEA0003B018091391290913A12892B79F0E091EF
:10CEB0003512F0913612E85BFF4E8081813011F01F
:10CEC000863021F482E890E20C94F25E089580911D
:10CED000391290913A12892B29F00E944D670E94D5
:10CEE0007C5BF5CF109236121092351210924710DB
:10CEF0001092461081E0809350120895EF92FF92B5
:10CF00000F931F93CF93DF9380910613882389F1AA
:10CF10008CEF93E10E94F25E86EE93E10E94F25E56
:10CF200085ED93E10E94F25EC7E0DCE1C15058F16B
:10CF3000CD9F7001112401E010E082ED93E10E9489
:10CF4000FD5CF801EE0FFF1FEE0FFF1FEE0DFF1D42
:10CF5000ED5FFC4E608171818281938145E00E948A
:10CF60007F5C0F5F1F4F0830110539F70E94F55C99
:10CF7000DDCF89E094E1DF91CF911F910F91FF9078
:10CF8000EF900C94F25EDF91CF911F910F91FF9083
:10CF9000EF900895CF92DF92EF92FF926B017C01A8
:10CFA000C0922F03D0923003E0923103F09232030B
:10CFB000809148038230B1F420E030E040E950E451
:10CFC000C7010F948B7E87FF14C080918D049091D0
:10CFD0008E04A0918F04B0919004803D9740A105EC
:10CFE000B10520F5C701B601FF90EF90DF90CF901B
:10CFF00008952AE939E949E95EE3C701B6010F94CA
:10D000008B7E87FF0AC020E030E048E351E4C7018F
:10D01000B6010F943B776B017C018DEC9CE00E9484
:10D02000FD5CC701B6010F940F4DDCCF2AE939E949
:10D0300049E95EE3C701B6010F948B7E87FDE3CF1C
:10D0400020E030E040E85EE3C701B6010F943B7793
:10D0500020E030E048E550E40F94967DDCCFCF929D
:10D06000DF92EF92FF92CF93909148039817B9F116
:10D07000C82FC0902F03D0903003E0903103F09080
:10D08000320320E030E0A901C701B6010F948B7E86
:10D09000882341F0C092B104D092B204E092B3046C
:10D0A000F092B40480EB9CE00E94FD5CC13011F171
:10D0B000E0F0C23011F1C09348036091B104709167
:10D0C000B2048091B3049091B4040E94CA67609343
:10D0D000B1047093B2048093B3049093B404CF91DD
:10D0E000FF90EF90DF90CF90089588EA9CE00E9437
:10D0F000F25EE1CF84EA9CE0FACF80EA9CE0F7CFD1
:10D100000F94D30B179AEDE0F7E01082169A118274
:10D11000149A80E00E942F688FEF9FEF9093750222
:10D12000809374022FEF2093710290933E028093BC
:10D130003D0220933F02909373028093720290937A
:10D140003C0280933B020895182FF894CDB7DEB7C8
:10D1500000D0CF90DF90EF9088E199E20FB6F8947D
:10D16000A895809360000FBE909360009FB7F894DD
:10D17000E2E0F1E08081886080839FBF0F94F90135
:10D180008FE59CE00E94F25E87E59CE00E94FD5CDA
:10D19000612F70E090E080E04AE00E94FE5B83E552
:10D1A0009CE00E94FD5C8E2DB60190E040E10E9463
:10D1B000FE5B8FE49CE00E94FD5CBE0190E080E09D
:10D1C00040E10E94FE5B0E94F55C40E060E072E29C
:10D1D00090E080E00F945E5E82E890E20E94F25E52
:10D1E0000E94B549C82F729A682F83E09DE00F9482
:10D1F000927C8091E606882319F08C2F0E94A46807
:10D200000E94B5491F920F920FB60F92112483E02E
:10D210000E94F2681F920F920FB60F92112482E0C3
:10D220000E94F26841ED50E06EE77BE08DE594E00E
:10D230000F94087A0F94262D0F9430080E94E0472F
:10D240008AE998E60E94FD5C8CE59BE00C94F25E16
:10D2500044E050E064E170E08DE594E00F945E7C82
:10D2600043E050E06EE77BE08DE594E00F944D7A6B
:10D27000892B09F05DC0E2E4FCE045915591659190
:10D28000749188ED90E00E940A41E6E4FCE045914B
:10D290005591659174918CED90E00E940A41EAE409
:10D2A000FCE0649180EE90E00E94965AEBE4FCE092
:10D2B0006591749181EE90E00E947E5AEDE4FCE06D
:10D2C0006591749183EE90E00E947E5AEEE3FCE05B
:10D2D000459155916591749184ED90E00E940A41C9
:10D2E0004AE15CE060E170E080EB90E00E945F5A10
:10D2F0004AE25CE060E170E080EC90E00E945F5AFE
:10D3000041ED50E064E170E08DE594E00F945E7CC7
:10D310000E94E0470F94262D0F9430088AE998E682
:10D320000E94FD5C82E49BE00E94F25E81E0089531
:10D330000E94126964E070E084E190E00E9440394C
:10D3400091E0892708956EE77BE08DE594E00F94E6
:10D35000257A41ED50E064E170E08DE594E00F94B2
:10D36000827C8AE998E60E94FD5C82E39BE00C9453
:10D37000F25ECF93DF93EC018991882319F00E942C
:10D38000EA5BFACFDF91CF9108950E94B9690C94BE
:10D39000F55C2F923F924F925F926F927F928F92A5
:10D3A0009F92AF92BF92CF92DF92EF92FF920F9334
:10D3B0001F93CF93DF93CDB7DEB7A0970FB6F89446
:10D3C000DEBF0FBECDBF8FE590E00E94CA38882334
:10D3D00009F4A1C00E9462388F37910561F48091F1
:10D3E0001B0690911C0690931A068093190683E2FF
:10D3F0009BE00E94F25E6E014FE1C40ED11C9924A5
:10D4000093940E946238181619060CF078C0809127
:10D410005112882329F00E94CB49882309F46FC058
:10D4200080918C0381116BC020911B0630911C06EA
:10D430008091190690911A068217930711F3F9014A
:10D44000E756FA4F80812F5F3F4F2F773327309376
:10D450001C0620931B068F3F09F079C080912103A1
:10D46000882309F471C090922003109221031F8E2B
:10D4700018A280902403882021F2809122038F8FAC
:10D48000F1E0F81518F48091230388A31092240387
:10D490001601822D8C19881508F0B3CFF101119176
:10D4A0001F0187E293E00E9482FF17FDF2CF809177
:10D4B0004410909145101A3009F44BC11D3009F405
:10D4C00048C18F3591050CF049C11B3311F490927E
:10D4D0002603209126032111DCCF9C012F5F3F4FB3
:10D4E00030934510209344102091461030914710FE
:10D4F000285B3F4E820F931FFC011383CACF80919C
:10D50000441090914510181619060CF451C28091E0
:10D51000D413811167C2A0960FB6F894DEBF0FBE78
:10D52000CDBFDF91CF911F910F91FF90EF90DF90D2
:10D53000CF90BF90AF909F908F907F906F905F90B3
:10D540004F903F902F9008959092210390CF90910B
:10D550002003992309F458C0893FE9F170F5863F0B
:10D5600009F44AC0873F09F443C08EEE9AE00E9456
:10D57000FD5C89EE9AE00E94FD5C10911F0385EE30
:10D580009AE010FD02C080EE9AE00E94FD5C012F3F
:10D5900002708BED9AE011FD02C086ED9AE00E94C8
:10D5A000FD5C85ED9AE00E94F25E002349F185E47E
:10D5B00080930B02109220035ACF8A3F41F08B3F99
:10D5C000A1F680911F03816080931F03CECF8091CD
:10D5D0001F038E7FF9CF1092240310922003109224
:10D5E0001F0310921E031092210310921D03BDCF42
:10D5F00080911F038260E8CF80911F038D7FE4CF6D
:10D6000090E290930B02D6CF9091210330911F03AB
:10D61000992331F1E091240330FF49C020911D038B
:10D62000222309F440C091E09E0F90932403AE2F73
:10D63000B0E0AE5DBC4FFFEFFC9340911E0344236E
:10D6400051F0EE5FE0932403E92FF0E0EE5DFC4F34
:10D65000408310921E03215020931D03109221033A
:10D66000E091240330FF6CC090911D03992349F190
:10D6700021E02E0F20932403AE2FB0E0AE5DBC4F0F
:10D680008C9380911E03882351F0EE5FE093240376
:10D69000E22FF0E0EE5DFC4F808310921E0391506C
:10D6A00090931D03E4CE42E040931D03D7CF91E059
:10D6B0009E0F90932403F0E0EE5DFC4F9FEF90836C
:10D6C000CDCFA82FAF7030E021E0AF3029F0B0E02F
:10D6D000A050BE4F3C9120E0482F407F403F59F47E
:10D6E000226020FF13C090921D0321FF0CC0E2E0D6
:10D6F000E0931D03BCCE82958F70A82FB0E0A050A0
:10D70000BE4F9C91EECF90931E03B1CE81E08E0F61
:10D7100080932403AE2FB0E0AE5DBC4F3C933A3013
:10D7200009F4A5CE21FF03C090921D03A0CEEE5FA9
:10D73000E0932403E82FF0E0EE5DFC4F908397CE5A
:10D7400091E09E0F90932403F0E0EE5DFC4F808308
:10D750008ECE009719F410922603DDCE009146106C
:10D7600010914710055B1F4E800F911FFC01108226
:10D770001A830983809126038111FDC0F8018081FD
:10D780008E3409F084C04AE050E0BE016F5F7F4FE5
:10D79000C80101960F94F9772B013C01E980FA80CA
:10D7A000F7018081803231F4FFEFEF1AFF0AFA822D
:10D7B000E982F4CF80913B1290913C12A0913D12EE
:10D7C000B0913E120196A11DB11D84159505A605C7
:10D7D000B70549F044E050E06EE17BE0C7010F94EB
:10D7E0004D7A892BA1F46AE270E0C7010F94C582DB
:10D7F0009093930580939205009709F441C0F80136
:10D80000F12C8E179F07F1F02191F226FACF8DE7C8
:10D8100098E60E94FD5C8BE297E00E94FD5C6091BF
:10D820003B1270913C1280913D1290913E120E94E9
:10D83000635C0E94F55C0E941239109245101092B0
:10D84000441069CE0E947D39F816190639F08DE72B
:10D8500098E60E94FD5C8CE097E0DFCFE0919205B6
:10D86000F09193051082E980FA8069E17BE0C701BD
:10D870000F941C7A892B39F58BEF98E00E94526542
:10D880008DE798E60E94FD5C82EE96E0C6CF898126
:10D890009A81FC012081203221F401969A838983A8
:10D8A000F6CF6AE270E00F94C582892B39F08DE7DC
:10D8B00098E60E94FD5C88EB96E0AFCF44244A9442
:10D8C000542C3201D0CF44E050E064E17BE0C7014A
:10D8D0000F944D7A5C01F7018081873481F4809147
:10D8E000350E853061F08FE392E10E9482FFF6E011
:10D8F000F093350E60E085EA9FE00F94927CAB28B0
:10D9000021F080913812811198CF26E077FC21E038
:10D910008091461090914710FC01E85BFF4E2083F8
:10D9200049815A81F801DA0140175107A1F50190A8
:10D930000020E9F79F01201B310B0396280F391FA8
:10D940002D3EF1E03F0779F13093471020934610C8
:10D950008091391290913A12019690933A128093E5
:10D96000391277FC08C040923B1250923C126092F0
:10D970003D1270923E1210924510109244100E9477
:10D980006238892B09F4C7CD8FE590E00E94CA3830
:10D9900081117FCDC0CD6D9161939D01241B350B0D
:10D9A0006111F9CFCACF1092471010924610D0CF14
:10D9B0008091340E60E273E0811102C060ED77E087
:10D9C00087E293E00E9453FF882309F4A0CD1092D0
:10D9D0002603109245101092441089E09BE00E94AB
:10D9E000F25E99CD80916716882309F494CD8091D9
:10D9F000441090914510892B09F08DCD80913912FA
:10DA000090913A12892B11F41092250312E001E053
:10DA10004091E8165091E9166091EA167091EB1664
:10DA20008091E1169091E216A091E316B091E41670
:10DA3000481759076A077B0708F0C1C08091250382
:10DA40008111BDC00F944E5440916C1650916D16CB
:10DA500060916E1670916F164093E8165093E91618
:10DA60006093EA167093EB162091441030914510A4
:10DA70008A3061F08D3051F0833209F487C02F3540
:10DA8000310524F48F3F980709F087C0211531052F
:10DA900009F441CD80916716811103C040E050E048
:10DAA000BA018091461290914712481B590BA091E0
:10DAB0004610B0914710FD01E85BFF4E1083418393
:10DAC00052831396285B3F4EF901EA0FFB1F108229
:10DAD000A85BBF4EFD0101900020E9F73197EA1BDA
:10DAE000FB0BF8948091391290913A120196909321
:10DAF0003A1280933912EC5F809146109091471052
:10DB0000E80FF92FF11DF0934710E0934610809134
:10DB10006716882309F43DC08091E8169091E916B4
:10DB2000A091EA16B091EB1680934612909347129B
:10DB3000A0934812B0934912ED3EF14021F41092A7
:10DB400047101092461078941092260310924510B8
:10DB5000109244104091E8165091E9166091EA162F
:10DB60007091EB168091E1169091E216A091E31668
:10DB7000B091E416481759076A077B0700F58FE54F
:10DB800090E00E94CA38811143CFC5CC0093250391
:10DB90007DCF80E090E0DC01C7CFA9014F5F5F4FF0
:10DBA00050934510409344104091461050914710B7
:10DBB000485B5F4E240F351FF901838329CF4091C5
:10DBC000E8165091E9166091EA167091EB16809173
:10DBD000E1169091E216A091E316B091E416481771
:10DBE00059076A077B0708F496CC0E943C5B892B97
:10DBF00009F091CC0F94664D85EA96E00E94F25EA2
:10DC00000F945D086B017C010E9446488CE3882ECE
:10DC1000912CA12CB12CC701B601A50194010F9440
:10DC2000E17CCA01B901A50194010F94E17C7F93C5
:10DC30006F93C701B60120E13EE040E050E00F9451
:10DC4000E17C3F932F9385EF9AE09F938F938E0112
:10DC50000F5F1F4F1F930F930F94857B8AE998E600
:10DC60000E94FD5CC8010E94C569C8010E949FBB5B
:10DC70000F94B858109256020FB6F894DEBF0FBE3C
:10DC8000CDBF8091D513882359F00F94914F809187
:10DC9000340E882309F43FCC86E00F94F9223BCC64
:10DCA00081E00F94F7588091D5138111EECFEFCF1B
:10DCB0000F931F93CF93DF93D82F8091EE1681306F
:10DCC00009F447C0823009F44BC00E94274A8111F1
:10DCD000EAC080915B1290915C12009739F4209118
:10DCE000571230915812232B09F4DDC040913302B2
:10DCF0005091340260913502709136024115510500
:10DD00006105710509F4CFC0892B31F48091571258
:10DD100090915812892B29F080918406882309F468
:10DD20002AC18091340E882321F040EE52E369E24B
:10DD300070E084E896E00E948EFF882309F4B5C065
:10DD40000F94F9018FEA9FE00E945DC30E94D9F70A
:10DD5000ACC082E08093EE160E9408B38093F11667
:10DD60001092F2168091EE16823009F0AECF8091BB
:10DD7000F31681113DC00E9408B3C82F8091F1169F
:10DD8000C81709F4A2CFC093F11683EF96E10E9461
:10DD900082FFCC23B1F18091EF16882311F180919D
:10DDA0008D0381111EC08091FE128130D1F08091CF
:10DDB000120E9091130E891B8F7099F40E94D64910
:10DDC00081110FC08091320E843059F08FE59FE0B1
:10DDD0000F946E7C811105C061E081E091E00E94AA
:10DDE000734681E08093F21681E080935B026DCFF1
:10DDF00064E670E083EF96E10E9453FF8111BBCF90
:10DE000064CF8091F016882379F380918D0381117E
:10DE1000EBCF8091120E9091130E891B8F7021F41D
:10DE20000E94D649882301F3809151128111DCCFE1
:10DE30008091FE128130C1F28091320E8430A1F2C5
:10DE40008FE59FE00F946E7C8111CECF8CEF97E031
:10DE50009F938F9382EE97E09F938F930F94307BE5
:10DE60001092F0161092EF160F900F900F900F90E7
:10DE700080915112811105C060E070E0CB010F94D8
:10DE8000734D60E070E0CB010E944E4A85E69FE052
:10DE90000E94B55A81E09FE00E94A85A8EE693E660
:10DEA0000F94D74EA1CF1092840680913912909191
:10DEB0003A12039714F40E94C9699091120E80914E
:10DEC000130E981781F08091350E863061F468E862
:10DED00073E18FE392E10E9453FF882321F08FE3E7
:10DEE00092E10E9482FF4091490350914A03609160
:10DEF0004B0370914C03411551056105710509F003
:10DF00003FC04091370250913802609139027091C0
:10DF10003A024115510561057105A9F08DE493E0C0
:10DF20000E948EFF882379F09091120E8091130E3B
:10DF3000981309C0D11107C0179A10920D07169AAD
:10DF400010920E07149AC09153129091130E809163
:10DF5000120E981701F18091130E9EE6899FF00131
:10DF60001124E858F84FC0819091120E981799F03B
:10DF70008F5F8F70F9CF84E896E00F943B0195CFC7
:10DF80008DE493E00E948EFF882309F4BACF86E5E2
:10DF900094E10E945265CC2309F4BEC080914403F1
:10DFA00090914503A0914603B0914703892B8A2B9A
:10DFB0008B2B81F40E9420FF605E7C4F8F4F9F4F20
:10DFC0006093440370934503809346039093470303
:10DFD000CFEF0FC00E9420FF009144031091450332
:10DFE000209146033091470360177107820793071A
:10DFF00078F38091AF03882309F497C0C093670238
:10E0000080915804811107C081E0809358040F94D7
:10E01000C96F1092580480917D068823C9F110922F
:10E020007D064FB7F89480917B06282F082E000CB0
:10E03000330B37FF03C03195219531092430310569
:10E040000CF476C0982F87FF02C093E0980F959547
:10E0500095952091310530913205290F311D97FD9D
:10E060003A953093320520933105837887FF03C0BA
:10E0700081508C6F8F5F80937B064FBF86E00F943B
:10E080005E1680915B02811103C081E080935B0288
:10E0900080917E06882361F00E942E58E091FF0354
:10E0A000F0910004309721F080915C028111199564
:10E0B0002091CC1330E0A8EEB3E00F940E7DAB01BD
:10E0C000BC018DEC93E10E948EFF882399F0809132
:10E0D000CB1380FD0E946B5E8091CB1382FD0E946A
:10E0E000F05D8091CB1381FD0E94AB488DEC93E1F4
:10E0F0000F943B018091340E811102C00E94F65EA4
:10E1000040E355E760E070E085E893E0DF91CF9170
:10E110001F910F910C948EFF1092440310924503AF
:10E12000109246031092470364CFC093300568CF26
:10E1300010927B064FBF80E0A2CFCF93DF93EC011C
:10E140000F949C2A81E00E94586E80E00E948E52BB
:10E15000209799F0C233D10540F062E370E080E08F
:10E1600090E00E94C2FDE297EBCFBE0190E080E01C
:10E170000E94C2FDD0E0C0E0E3CFDF91CF910895CF
:10E18000CF93DF93C82FDFEF0F949C2A81E00E948A
:10E19000586E8091FC128F3FD9F480919112843097
:10E1A00021F4809194128111EFCF8091CF12909140
:10E1B000D012019749F78091F6129091F7128932A7
:10E1C000904811F360E089E290E80F94245BDCCF83
:10E1D000D093FC12853039F4CF3FF9F261E08C2FF7
:10E1E0000F945E76D1CF8430C1F6DF91CF91089540
:10E1F000FF920F931F93CF93DF93EC01F62E6623CC
:10E2000009F44BC00F942C7A8C01C8010E94CA38C3
:10E21000882309F453C08091461090914710FC0167
:10E22000E85BFF4E23E02083855B9F4EBE01FF200D
:10E23000E9F10F94257A8AE998E60E94FD5C8AE963
:10E2400096E00E94FD5C8091461090914710855B9E
:10E250009F4E0E94B96988E996E00E94F25E809123
:10E260004610909147100496080F191F0D3E81E04B
:10E270001807F9F010934710009346108091391257
:10E2800090913A12019690933A1280933912DF914D
:10E29000CF911F910F91FF900895FC0101900020F4
:10E2A000E9F731978F01081B190BAFCF0F94D98273
:10E2B000C2CF1092471010924610E0CF8DE798E63B
:10E2C0000E94FD5C8AE996E00E94FD5CCE01FF2081
:10E2D00059F00E94FD5C8BE498E6DF91CF911F918D
:10E2E0000F91FF900C94F25E0E94B969F4CFCF9326
:10E2F000DF9330915C0420915B04321320C0EB016A
:10E30000BC0180915B02882319F080E20E943F5695
:10E3100080915A04882399F020915C048091310502
:10E32000909132052817190651F4209721F061E0E9
:10E33000CE010E94F870DF91CF910C940946809134
:10E340005C048F5F80935C04DF91CF9108950F93FD
:10E350001F93CF93DF93D62F8C01C0E0F8018591F6
:10E3600094912FE18E35920721F42091FE122130F5
:10E3700019F461E00E94F870CF5F0E5F1F4FDC134D
:10E38000EDCFDF91CF911F910F910895CF93DF9340
:10E39000CDB7DEB76E970FB6F894DEBF0FBECDBF18
:10E3A0009E012C5D3F4FF901419151919F016EE11A
:10E3B00070E0CE0101960F94C47B60E0CE0101961F
:10E3C0000E94F8706E960FB6F894DEBF0FBECDBFF8
:10E3D000DF91CF9108952F923F924F925F926F926B
:10E3E0007F928F929F92AF92BF92CF92DF92EF92E5
:10E3F000FF920F931F93CF93DF93CDB7DEB7C35632
:10E40000D1090FB6F894DEBF0FBECDBF82E0809376
:10E4100078020091351210913612055B1F4E45E0CF
:10E4200050E066EC7DE1C8010F944D7A892B09F02C
:10E4300098C18091340E882309F44DC084ED9AE18F
:10E440000F94E22C882379F0809194051F928F938A
:10E4500086E898E09F938F930F94307B0F900F90F6
:10E460000F900F9008C080ED9AE10F94E22C882362
:10E4700041F01092010481E0809378020E944D6780
:10E4800037C28DEC9AE10F94E22C882321F1809120
:10E4900092059091930561E003960F9480570F9435
:10E4A0004E548C0180916C1690916D16A0916E1651
:10E4B000B0916F168093E8169093E916A093EA1630
:10E4C000B093EB16802F0E94EA5B0A30110539F7F2
:10E4D0000F94664DD0CF8CEB9DE10F94E22C81110F
:10E4E000CACF88EB9DE10F94E22C882321F1409163
:10E4F000B2035091B3032CE3249FC001259F900DDC
:10E5000011249F938F934091B0035091B103249FA6
:10E51000C001259F900D11249F938F938AEB9AE061
:10E520009F938F930F94307B0F900F900F900F90CD
:10E530000F900F90A0CF83EB9DE10F94E22C8823E6
:10E5400011F18CE89FE00F946E7C811110C061E0A6
:10E5500088ED93E60E94F87060E085EA9FE00F94F2
:10E56000927C60E08FE79CE00F94927C84CF8130B6
:10E5700009F081CF0F94FD098FE392E10E9482FFA1
:10E580000E942CFF78CF8CEA9DE10F94E22C882327
:10E5900021F080E00F94D46D6ECF86EA9DE10F9458
:10E5A000E22C81110E94B54983EA9DE10F94E22C8F
:10E5B0008823A9F044E150E065E17DE0CE010196B9
:10E5C0000F945E7C8C89882329F088E99DE10F9463
:10E5D000577B51CFCE0101960F94FD824CCF84E939
:10E5E0009DE10F94E22C882329F088E89DE10E94A8
:10E5F000F25E41CF84E89DE10F94E22C882319F06C
:10E6000084E69DE1F4CF8FE59DE10F94E22C81112A
:10E6100032CF8CE59DE10F94E22C882379F081EADA
:10E620009DE00F946E7C2BE0829FC001112470E06E
:10E6300060E0805B924F0F94B07C1DCF89E59DE137
:10E640000F94E22C882351F00E94BB5340E070E00D
:10E6500060E084E690E00F944C180DCF85E59DE1D5
:10E660000F94E22C8823E1F086E50E945B39882331
:10E6700009F401CF0E947D3911E0892B09F410E0E3
:10E680000F94D30B8091061390E01817190609F424
:10E69000F2CE1093061387E692E10F948C2DEBCE09
:10E6A0008EE49DE10F94E22C882309F4E4CE84E407
:10E6B0000E945B398823A1F00E94EB3D20E030E00E
:10E6C0004AE754E40F943B7720E030E040E05FE31A
:10E6D0000F94967D0F940E7FCB010E94F0C3CBCE9A
:10E6E0008AE49DE10F94E22C882349F18091340E55
:10E6F000882329F180919205909193050296909339
:10E700009305809392050E94EB3D6B017C016FEFB6
:10E7100087EA9DE00F94927C20E030E04AE754E4E1
:10E72000C701B6010F943B7720E030E040E05FE3A3
:10E730000F94967D0F940E7F85EA9DE07CCF85EA4D
:10E740009DE00F947C7CBC0190E080E00F94FA7611
:10E7500020E030E04AE754E40F94957E0F940F4D8B
:10E760008ACED8018C91873411F00C94CE7E109310
:10E770009305009392050E947D3990935B038093EB
:10E780005A038B34910509F443C60CF049C1843017
:10E79000910509F4A8C50CF0C5C097FDCFC002973C
:10E7A0000CF0A0C10E9417388C010E94123F6091AA
:10E7B000EE067091EF068091F0069091F1060F94AD
:10E7C000FA766B017C0140906B1250906C12609055
:10E7D0006D1270906E128090090790900A07A090B9
:10E7E0000B07B0900C07A5019401C301B2010F946F
:10E7F000957D20E030E048EC52E40F943B779B019C
:10E80000AC01C701B6010F941F801816D4F4A30100
:10E810009201C501B4010F94957D20E030E048ECF1
:10E8200052E40F943B77A70196010F94967D0F94C5
:10E830000E7F6093EE067093EF068093F006909340
:10E84000F1068091DF04882309F444C188E50E9421
:10E850005B3981113FC189E50E945B3981113AC161
:10E860008AE50E945B39811135C185E40E945B39DC
:10E87000882309F42FC120916B1230916C124091C2
:10E880006D1250916E126091090770910A07809184
:10E890000B0790910C070F94957D6B017C012DEC7B
:10E8A0003CEC4CEC5DEB0F948B7E87FF05C18091B7
:10E8B0002E0581110C94AF9D0F94D30B8091090705
:10E8C00090910A07A0910B07B0910C0780936B12EF
:10E8D00090936C12A0936D12B0936E128BE692E13E
:10E8E0000F94592D90912E0581E089270E945FADEC
:10E8F000CD59DF4F0FB6F894DEBF0FBECDBFDF910D
:10E90000CF911F910F91FF90EF90DF90CF90BF902C
:10E91000AF909F908F907F906F905F904F903F90BF
:10E920002F9008958531910509F4D7C0FCF48A3001
:10E93000910509F421C50B9709F422C58091351280
:10E9400090913612855B9F4E9F938F931F9287E421
:10E950008F938CED99E09F938F930F94307B0F9062
:10E960000F900F900F900F900F90B7C08C319105C2
:10E9700009F408C54E9711F70F94D30B81E08093EB
:10E980006F120E94FC488C0180E090E0A8E4B4E49F
:10E9900080937A0290937B02A0937C02B0937D02D5
:10E9A00043E060E070E080E291EC0F94726180914E
:10E9B0006A128F93809169128F93809168128F935E
:10E9C000809167128F93809166128F938091651268
:10E9D0008F93809164128F93809163128F938091B3
:10E9E00062128F93809161128F93809160128F9346
:10E9F00080915F128F938FE99BE29F938F9385E9BC
:10EA00009AE09F938F930F94307BC8010E94E24855
:10EA100010926F120FB6F894DEBF0FBECDBF5DC06F
:10EA20008835910509F459C0F4F48135910511F444
:10EA30000C94147E5CF48C34910509F40CC580357B
:10EA4000910509F07BCF0E947E5F47C08635910516
:10EA500011F40C94187E8735910509F06FCF80E191
:10EA60000E9473B53AC08C35910511F40C94247E44
:10EA700074F48A35910511F40C941D7E8B35910543
:10EA800009F05CCF8091551287600C94207E82360D
:10EA9000910511F40C94BB7E8336910509F04ECF9D
:10EAA0001092340E60E084EC9FE00F94927C82E040
:10EAB0000E948E520C94CA7E2DEC3CEC4CEC5DE333
:10EAC000C701B6010F941F80181624F480912E05FB
:10EAD0008111F2CEC8010E94514E10925B03109238
:10EAE0005A03C9CC0E9417382E969FAF8EAF2E972F
:10EAF0000E94123F89E40E945B39882309F4A0C375
:10EB00000E94EB3D60935203709353038093540330
:10EB1000909355038AE40E945B39C12CD12C760175
:10EB2000882321F00E94EB3D6B017C01C0925603CB
:10EB3000D0925703E0925803F0925903E0915A03A0
:10EB4000F0915B03A496FFAFEEAFA49780905203C1
:10EB500090905303A0905403B0905503A7019601E1
:10EB6000C501B4010F94328024966CAF7DAF8EAF97
:10EB70009FAF249760918E0270918F02072E000C38
:10EB8000880B990B0F94FC7620917A0230917B02CE
:10EB900040917C0250917D020F943B772EE333EC41
:10EBA0004EE259E30F943B7768AF79AF8AAF9BAFE2
:10EBB00080E1EFE5F2E1DE01119601900D928A9578
:10EBC000E1F7A5019401505828A739A74AA75BA7E8
:10EBD000D701C601B0588CA79DA7AEA7BFA72981B2
:10EBE0003A814B815C8128962CAF3DAF4EAF5FAF31
:10EBF0002897C501B4010F94967D62966CAF7DAFE6
:10EC00008EAF9FAF62978D819E81AF81B8852C9624
:10EC10008CAF9DAFAEAFBFAF2C979C01AD01C701CC
:10EC2000B6010F94967D66966CAF7DAF8EAF9FAFA9
:10EC3000669729853A854B855C85609105077091BB
:10EC4000060780910707909108070F94957D6A96B3
:10EC50006CAF7DAF8EAF9FAF6A972091FD0630916C
:10EC6000FE064091FF06509100076E962CAF3DAF17
:10EC70004EAF5FAF6E9762962CAD3DAD4EAD5FADC2
:10EC800062976E966CAD7DAD8EAD9FAD6E970F9415
:10EC9000957D6B017C018091010790910207A09105
:10ECA0000307B0910407A2968CAF9DAFAEAFBFAF84
:10ECB000A29766962CAD3DAD4EAD5FAD6697BC019B
:10ECC000CD010F94957D4B015C0130902105209082
:10ECD0002205909123059CABA0912405ACAFB09187
:10ECE0002905B8ABA701960168A579A58AA59BA5BA
:10ECF0000F943B772B013C01A50194016CA57DA5E8
:10ED00008EA59FA50F943B779B01AC01C301B20177
:10ED10000F94967D2B013C01A501940168A579A56E
:10ED20008AA59BA50F943B774B015C01A701960137
:10ED30006CA57DA58EA59FA50F943B779B01AC018B
:10ED4000C501B4010F94957DA30192010F94157E26
:10ED50006B017C0120E030E0A9010F948B7E87FFDE
:10ED60000AC02BED3FE049EC50E4C701B6010F9417
:10ED7000967D6B017C0160912A0570912B056115D0
:10ED8000710509F461C290E080E00F94FA769B016E
:10ED9000AC016BED7FE089EC90E40F94957E2496B6
:10EDA0002CAD3DAD4EAD5FAD24970F943B775B012D
:10EDB0008C0160912C0570912D0561157105E1F0B4
:10EDC00090E080E00F94FA7620E030E040E752E4F3
:10EDD0000F943B779B01AC0168AD79AD8AAD9BADDB
:10EDE0000F94957E3B014C019501A8010F948B7EF9
:10EDF00087FF02C0530184014090250550902605ED
:10EE000060902705709028059501A801B201C30103
:10EE10000F941F80181684F09501A801632D722DA0
:10EE20008CA99CAD0F948B7E2501380187FF04C00F
:10EE3000432C522C6CA87CACA496EEADFFADA497ED
:10EE4000329751F42BED3FE049EC50E4C701B60195
:10EE50000F94957D6B017C016E962CAD3DAD4EAD52
:10EE60005FAD6E9728966CAD7DAD8EAD9FAD28974A
:10EE70000F948B7E811123C0A2962CAD3DAD4EAD7B
:10EE80005FADA2972C966CAD7DAD8EAD9FAD2C97EE
:10EE90000F948B7E811113C020E030E0A901C701DF
:10EEA000B6010F948B7E81110AC02BED3FE049EC37
:10EEB00050E4C701B6010F94967D6B017C01A70158
:10EEC000960124966CAD7DAD8EAD9FAD24970F94C9
:10EED0003B776A962CAD3DAD4EAD5FAD6A970F9412
:10EEE00032804B015C012FE632E143E85AE30F9494
:10EEF0008B7E87FD9EC19201A301C501B4010F94D1
:10EF0000957E0F94747E0F940E7F7DAB6CAB623058
:10EF1000710508F45EC12E964EAD5FAD2E97452B60
:10EF200009F457C190E080E00F94FA764B015C0140
:10EF3000AC019B01C701B6010F94957E2B013C01EA
:10EF4000A50194016A966CAD7DAD8EAD9FAD6A97BB
:10EF50000F94957E28966CAF7DAF8EAF9FAF2897AC
:10EF60002D853E854F8558896091090770910A0764
:10EF700080910B0790910C070F94957DA50194014A
:10EF80000F94957E2C966CAF7DAF8EAF9FAF2C9774
:10EF9000A3019201C301B2010F943B776B017C0185
:10EFA000AC019B01C301B2010F943B7720E030E03C
:10EFB00040EC50E40F94957E9B01AC01C301B2017B
:10EFC0000F94957D6CAF7DAF8EAF9FAF20E030E0AA
:10EFD00040E05FE3C701B6010F943B779B01AC01B2
:10EFE00060E070E080E89FE30F94957D24966CAF1D
:10EFF0007DAF8EAF9FAF249722242394312CD8A8C5
:10F00000DA9458A9511125C1B10190E080E00F9424
:10F01000FA76A30192010F943B776B017C010F9468
:10F02000907E6CA77DA78EA79FA7C701B6010F94FE
:10F0300056814B015C01C0905203D0905303E09085
:10F040005403F0905503F7FAF094F7F8F094809198
:10F05000560390915703A0915803B091590388AB80
:10F0600099ABAAABBBABA70196016CA57DA58EA5FC
:10F070009FA50F943B7768A779A78AA79BA728A984
:10F0800039A94AA95BA9C501B4010F943B779B013B
:10F09000AC0168A579A58AA59BA50F94967D68A764
:10F0A00079A78AA79BA7A7019601C501B4010F9470
:10F0B0003B776B017C0128A939A94AA95BA96CA5FA
:10F0C0007DA58EA59FA50F943B779B01AC01C70141
:10F0D000B6010F94957D6CA77DA78EA79FA79091F1
:10F0E000290598AB28A539A54AA55BA562966CAD04
:10F0F0007DAD8EAD9FAD62970F94967D69837A83C7
:10F100008B839C832CA53DA54EA55FA566966CAD13
:10F110007DAD8EAD9FAD66970F94967D6D837E839A
:10F120008F83988728962CAD3DAD4EAD5FAD289767
:10F1300069857A858B859C850F94967D69877A870A
:10F140008B879C872C962CAD3DAD4EAD5FAD2C973B
:10F150006D857E858F8598890F94967D6D877E87D6
:10F160008F87988BCE0101960E94124E2E96AEADDF
:10F17000BFAD2E972A163B06F8F0E984FA840B857A
:10F180001C852D813E814F81588569817A818B81D3
:10F190009C813F922F92EFE5F2E1FF93EF9388ACD1
:10F1A00099ACAAACBBACFE013D966F010F94B32D98
:10F1B0000F900F900F900F908091160E811139C013
:10F1C000FFEF2F1A3F0A2CA93DA92215330509F09C
:10F1D00016CF8DEF96E00E94124EE0900507F0905A
:10F1E0000607009107071091080720910107309149
:10F1F000020740910307509104076091FD0670914A
:10F20000FE068091FF06909100071F921F92EFE586
:10F21000F2E1FF93EF9388AC99ACAAACBBACE9E008
:10F22000CE2EE7E0DE2E0F94B32D0F900F900F90AF
:10F230000F900E944E388DE493E00F943B014DCC2B
:10F2400060E070E0CB015ECCA32CB22C0CA91CAD0D
:10F25000B0CD28A539A54AA55BA56CAD7DAD8EAD19
:10F260009FAD0F943B774B015C012CA53DA54EA5AE
:10F270005FA524966CAD7DAD8EAD9FAD24970F94A8
:10F280003B779B01AC01C501B4010F94967D7B01D6
:10F290008C0128A539A54AA55BA524966CAD7DAD4A
:10F2A0008EAD9FAD24970F943B774B015C012CA54D
:10F2B0003DA54EA55FA56CAD7DAD8EAD9FAD0F9408
:10F2C0003B779B01AC01C501B4010F94957D68A704
:10F2D00079A78AA79BA7D8AAC701D8018CA79DA701
:10F2E000AEA7BFA7FFCE80E50E945B39C12CD12C11
:10F2F0007601882331F00E94EB3D0F940E7F6B0165
:10F300007C0183E50E945B39882361F00E94EB3D1C
:10F3100020E030E04AE754E40F943B770F940E7FEF
:10F320006B017C01C114D104E104F10441F080912E
:10F330003107873021F081EB9AE00E944FBB0F9498
:10F34000D30B0E9420FFC60ED71EE81EF91E8DE4C7
:10F3500093E00F943B010E9420FF6C157D058E0504
:10F360009F0508F0BACB0F949C2A80E00E94586E4B
:10F3700080E00E948E52EFCF81E00E945FADADCB66
:10F3800080E0FBCF88E50E945B39382E412C512C60
:10F390003201882321F00E94C3392B013C0189E509
:10F3A0000E945B39282E882371F10E94C3396CA713
:10F3B0007DA78EA79FA78AE50E945B39D82E812C56
:10F3C000912C5401882321F00E94C3394B015C0128
:10F3D00087E50E945B3988A78F93CD2CECA4FDA410
:10F3E0000EA51FA5222DB301A201832D0E94C0509E
:10F3F0000F90311072CB211070CB38A531116DCB2D
:10F40000D1106BCB20CB1CA61DA61EA61FA6D3CF4A
:10F4100008E210E09CE8E92E9AE0F92E602F70E0F7
:10F4200090E080E00F94FA760E94EC399F938F93DE
:10F430007F936F931F930F93FF92EF920F94307B04
:10F440000F5F1F4F0FB6F894DEBF0FBECDBF0F3654
:10F45000110521F742CB0F944C04811105C086E3BE
:10F460009DE10E94F25E39CB82E00E9480B581115D
:10F4700005C087EF92E10E945DC32FCB80910D07FD
:10F48000882341F080910E07882321F0D0900F0748
:10F49000D11008C081E08093501283E69FE10F9461
:10F4A000D74E1BCB80EB92E10E945DC341E060E050
:10F4B0008BE396E30E945FC281116CC080E090E014
:10F4C000A0EAB0E48093671290936812A093691247
:10F4D000B0936A1260E070E088E492E40F94013D1A
:10F4E00080E090E0A8E4B2E4809367129093681201
:10F4F000A0936912B0936A1280E090E0A4E3B3E4B1
:10F500008093631290936412A0936512B093661275
:10F5100060E070E088E492E40F94013D0F94D30B17
:10F520008EEE95E30E945DC3EEEBFEE3859195912F
:10F53000A591B4918093631290936412A093651285
:10F54000B0936612EAEBFEE385919591A591B49193
:10F5500080935F1290936012A0936112B093621235
:10F5600060E070E088E492E40F94013D0F94D30BC7
:10F5700081E08F93812C912C5401CC24C394E12CF5
:10F58000F12C870120E040E050E0BA0180E00E94C9
:10F59000C0500F9020E030E04CE052E46091F8065B
:10F5A0007091F9068091FA069091FB060F941F80E6
:10F5B00018160CF074C08091340E811170C080E078
:10F5C00090E0A8ECB2E48093671290936812A09345
:10F5D0006912B0936A1260E070E088E492E40F94DC
:10F5E000013D0F94F90119821A821B821C821D822F
:10F5F000CE0101960F943B0183E2F82E05EC1AE14F
:10F6000020E030E04CE052E46091F8067091F90699
:10F610008091FA069091FB060F941F801816B4F59E
:10F620008AE692E10E9460BD42E864E080E00E94C8
:10F63000A8531F92FF926091F8067091F90680918D
:10F64000FA069091FB060F94077F7F936F931F93A9
:10F650000F930E94A05281E80E94B65288EE93E078
:10F660000E949D700E940B5D40E053E567E070E0F2
:10F67000CE0101960E948EFF0F900F900F900F9079
:10F680000F900F90882309F4BBCFD12C81E00E940A
:10F69000CD53D11004C080E00E944BC41ECA0F9409
:10F6A000D30B81E080936F120E94CD5388E19DE1DE
:10F6B0000E94F25E8090F8069090F906A090FA06FB
:10F6C000B090FB0620E030E040EA50E4C501B40110
:10F6D0000F94957E0F94077F25E0269FA001279F1A
:10F6E000500D1124BA01550F880B990B0F94FC761D
:10F6F0001B017C0120E030E04CE052E40F948B7E53
:10F7000087FF06C0212C312C1CE0E12E02E4F02EF4
:10F71000222D332D4E2D5F2DC501B4010F941F8076
:10F72000181664F420E030E040EA50E4622D732DB6
:10F730008E2D9F2D0F94967D1B017C01FF92EF92E1
:10F740003F922F9283E79AE09F938F930F94307BA1
:10F7500020E030E040EF51E4622D732D8E2D9F2D7F
:10F760000F94957D20E030E04CE852E40F94967DB4
:10F770000F94077F709358126093571284E0809320
:10F78000310781E08093DC0384E79CE20E944FBB59
:10F7900080E090E0A0EAB0E4809367129093681252
:10F7A000A0936912B0936A1260E070E088E492E47A
:10F7B0000F94013D80E090E0A0EAB1E480935F12F5
:10F7C00090936012A0936112B093621280E090E077
:10F7D000A0E7B2E48093631290936412A093651241
:10F7E000B093661260E070E088E492E40F94013D0B
:10F7F0008AE999E9A9E1BEE38093671290936812C0
:10F80000A0936912B0936A1260E070E088E492E419
:10F810000F94013D0F94D30B0F900F900F900F900A
:10F820000F900F902091F8063091F9064091FA065A
:10F830005091FB06622D732D8E2D9F2D0F941F80EE
:10F8400018163CF488EE93E00E949D700E940B5DB8
:10F85000E9CF60E086EA9FE00F94927C80E090E040
:10F86000A0EAB0E48093671290936812A0936912A3
:10F87000B0936A1260E070E088E492E40F94013D76
:10F88000EAEBFEE385919591A591B49180935F1287
:10F8900090936012A0936112B0936212EEEBFEE3BC
:10F8A00085919591A591B491809363129093641280
:10F8B000A0936512B093661260E070E088E492E471
:10F8C0000F94013D0F94D30B43E060E070E080E8BB
:10F8D0009FEB0F947261811105C00E944BC410927E
:10F8E0006F12FBC89091671298A7A0916812ACA7FD
:10F8F000B0916912B8ABE0916A12E8AFEF93BF9391
:10F90000AF939F9386E69AE09F938F930F94307BFB
:10F910000F900F900F900F900F900F90AEEA8A2EDD
:10F92000AFE09A2EB3E2CB2ED12C0FEF1FEFB60132
:10F930000D2C000C880B990B0F94FC762B013C01CD
:10F94000DF92CF92C80102969F938F932AE23AE00A
:10F950003F932F930F94307B58015FEFA51AB50AA0
:10F960000F900F900F900F900F900F9011F40C9438
:10F97000BD9D70E060E0C4010F94B07CA3019201D2
:10F98000622D732D8E2D9F2D0F948B7E181644F4AF
:10F9900085E0A816B10411F00C94C99D05E010E0B3
:10F9A000580197E2A91A98EFB90AAA0CBB1C85E086
:10F9B000809F1001819F300C11240D5F1F4FEAE9D9
:10F9C0004E2EE9E95E2EE9E16E2EEEE37E2EF1EF9A
:10F9D0008F2EF9E09F2EC801029705970CF0D4C036
:10F9E000B101635D7F4F072E000C880B990B0F94BC
:10F9F000FC766B017C011F930F93ADE1BAE0BF93DE
:10FA0000AF930F94307B0093DC0320E030E040EFB5
:10FA100051E4C701B6010F94957D20E030E040E24B
:10FA200051E40F943B7720E030E040EA50E40F943B
:10FA3000957E20E030E048E452E40F94967D0F94E8
:10FA4000077F709358126093571280E090E0A0EA0D
:10FA5000B0E48093671290936812A0936912B093F8
:10FA60006A1260E070E088E492E40F94013D20E0C7
:10FA700030E040EA51E420935F12309360124093EB
:10FA800061125093621280E090E0A0E7B2E48093AC
:10FA9000631290936412A0936512B093661260E0B3
:10FAA00070E088E492E40F94013D40926712509216
:10FAB00068126092691270926A1260E070E088E4E5
:10FAC00092E40F94013D0F94D30B0F900F900F9081
:10FAD0000F902091F8063091F9064091FA06509166
:10FAE000FB06C701B6010F941F8018163CF488EE80
:10FAF00093E00E949D700E940B5DEBCF80E090E050
:10FB0000A0EAB0E48093671290936812A093691200
:10FB1000B0936A1260E070E088E492E40F94013DD3
:10FB2000EAEBFEE385919591A591B49180935F12E4
:10FB300090936012A0936112B0936212EEEBFEE319
:10FB400085919591A591B4918093631290936412DD
:10FB5000A0936512B093661260E070E088E492E4CE
:10FB60000F94013D0F94D30B43E060E070E080E818
:10FB70009FEB0F94726195E0290E311C0F5F1F4FB0
:10FB8000811104C00E944BC481E0A7CE78A56CA56A
:10FB900098A988AD272F362F492F582F60916712CB
:10FBA000709168128091691290916A120F94957DFC
:10FBB000F62EE72ED82EC92E2091690430916A04C2
:10FBC00040916B0450916C04D701F6016B2F7A2F92
:10FBD0008F2F9E2F0F943B770F94077F6CAB7DABDD
:10FBE0008EAB9FABCF92DF92EF92FF928091FB069C
:10FBF0008F938091FA068F938091F9068F9380916D
:10FC0000F8068F939F928F920F94307B6CA97DA9F9
:10FC1000C5010F94B07CA2E0AA0EB11C0FB6F894F7
:10FC2000DEBF0FBECDBFD7CE0E947E670C946D7530
:10FC300080E10E941EB50C946D7580915512887FED
:10FC4000809355120C946D7554ECC52E52E0D52E50
:10FC50008E010C5D1F4F5801EE24E394F12CD60168
:10FC60008D916D010E945B39F50181935F018823BD
:10FC700091F00E94EB3DF701EE0FFF1FEE0FFF1F0B
:10FC8000349721E030E02C0F3D1FE20FF31F60831B
:10FC90007183828393833FEFE31AF30A45E0E4160E
:10FCA000F104E9F69FA0FCA0992001F120E030E0EA
:10FCB000A9016D857E858F8598890F948B7E811132
:10FCC00015C0F11013C08DA1811110C08EA181113A
:10FCD0000DC010926B1210926C1210926D12109255
:10FCE0006E1281E080931A040C946D750F94D30BFF
:10FCF000CE0101965C0125EBC22E24E0D22E3FE519
:10FD0000E32E32E1F32E380193E0690E711CD80125
:10FD10008D918D01882389F0F60120813181428106
:10FD20005381D5016D917D918D919C910F94967D1C
:10FD3000F7016083718382839383F4E0AF0EB11C7B
:10FD400024E0C20ED11C34E0E30EF11C60167106F3
:10FD5000F1F6992061F08D859E85AF85B8898093F5
:10FD60006B1290936C12A0936D12B0936E120F945D
:10FD7000C13B0C946D7581E08093340E61E084EC9E
:10FD80009FE00F94927C1092B40360E08FEF9FE0AD
:10FD90000F94927C0E9443B60C946D758D3411F0D3
:10FDA0000C94C39C1093930500939205F80131962F
:10FDB00081918032E9F38930D9F380538A3030F071
:10FDC0001F930F9384E09DE10C942A720E947D3969
:10FDD0009093150E8093140E8E3B910511F40C94A4
:10FDE000FB890CF031C38C34910511F40C94E88834
:10FDF0000CF0DFC18C31910511F40C941F870CF0CD
:10FE0000F4C08531910509F433C70CF05AC0813133
:10FE1000910509F424C7DCF4029708F48AC680919E
:10FE2000351290913612855B9F4E9F938F931F9250
:10FE30008DE48F938CED99E09F938F930F94307B9B
:10FE40000F900F900F900F900F900F90D5C68231AA
:10FE5000910511F40C94A28A449709F781E08093EC
:10FE600078028CEC99E00E94F25E84E50E945B3996
:10FE7000182F8CE40E945B3900E080FB00F910FB36
:10FE800001F98AE594E10E94DF5B83E2EAE5F4E1AF
:10FE9000DE01119601900D928A95E1F720E050E085
:10FEA00040E0BE016F5F7F4F80EE92E00F94E9501B
:10FEB000CE0101960E94E45B8EEB99E00E94F25E17
:10FEC0009BC68831910509F4E4C684F48631910516
:10FED00009F4D2C6479709F0A2CF8091920590917C
:10FEE000930561E004960F94805786C68A31910588
:10FEF00009F415C70CF035C704EC12E0F2E4AF2E9C
:10FF0000F2E0BF2EA4E2CA2EA2E0DA2EB8E1EB2E78
:10FF1000B2E0FB2E87EC882E82E0982EF8018191CA
:10FF20008F010E945B39882321F10E94EB3DD601AD
:10FF30004D905D906D907C90A30192010F948B7E0B
:10FF400087FD11C00E94EB3DF70140805180628027
:10FF50007380A30192010F941F80181624F00E9451
:10FF6000EB3D2B013C01D5014D925D926D927C924F
:10FF70001397B4E0AB0EB11CE4E0CE0ED11CF4E05C
:10FF8000EF0EF11C8016910649F683E50E945B395D
:10FF9000882311F40C94B2960E94703981112CC6FA
:10FFA00080E090E0A8E4B2E48093420290934302A0
:10FFB000A0934402B093450280E090E0AEE3B3E446
:10FFC0008093460290934702A0934802B09349025F
:10FFD00080E090E0A0EAB1E480934A0290934B0263
:10FFE000A0934C02B0934D0207C68C32910511F4D8
:10FFF0000C94F0870CF08FC08F31910509F4C6C7BF
:020000021000EC
:100000000CF052C08D31910509F4F6C54E9709F0F8
:1000100006CF8091D513882309F4EEC50F94664D61
:1000200000919205109193050C5F1F4F8091D5139D
:10003000882309F4E1C584E696E10F94691F1092C4
:10004000D4131DA30CA3CE0184960F94FB568823D2
:1000500009F4D2C54CA15DA160917D1470917E140C
:1000600019821C8222E0CE0101960F941145811164
:10007000EEC610E0CE0101960E94E45B112309F464
:10008000FDC68BE89AE10E94FD5C8CA19DA10E94B7
:10009000C5691092E8161092E9161092EA161092AD
:1000A000EB160F94C554A8C58032910509F4F4C627
:1000B0008A9709F0B4CE83E50E945B39882309F45E
:1000C0009BC50E947039082F80E50E945B391DE0B6
:1000D000882319F00E947039182FE9EDFCE1849112
:1000E000811709F489C531963CE1E53FF307B9F77B
:1000F000163009F072C70093531261E0812F0E94FD
:100100004CAF602F812F0E941EAF602F70E0812FB7
:100110000E947DAF71C58F32910509F48AC75CF5E5
:100120008D32910509F475C78E9709F078CE8091CC
:100130004516882309F478C7CE0101960F94035E13
:10014000882309F46CC789810E94EA5B8EE20E94D1
:10015000EA5B8A810E94EA5B8EE20E94EA5B8B8105
:100160000E94EA5B8EE20E94EA5B8C810E94EA5B5D
:100170000E94F55C41C58934910509F483C78B342D
:10018000910511F40C94E2888834910509F047CE6A
:1001900083E50E945B39882309F465C70E947039A2
:1001A000882309F45DC7813009F026C58093350E98
:1001B00023C58B36910511F40C94998A0CF0ABC0D1
:1001C0008435910511F40C94A28A0CF05DC08F3433
:1001D000910511F40C9430890CF047C08D349105D1
:1001E00011F40C94FB888E34910509F018CE0E940E
:1001F000D649882311F40C9400896091EE06709121
:10020000EF068091F0069091F10628EE33E040E091
:1002100050E00F94E17C122F032FF42EE52E0F9463
:100220005D082CE330E040E050E00F94E17CB90140
:10023000CA0142EB58E42DEB38E49F938F937F93F0
:100240006F935F934F93EF92FF920F931F933F93A0
:100250002F9385E399E09F938F930F94307B0FB694
:10026000F894DEBF0FBECDBFC7C48235910511F42F
:100270000C949C8A8335910509F0D1CD809155125B
:10028000886080935512B8C48C35910511F40C9494
:100290000B8B34F58535910511F40C94F28A863573
:1002A000910509F0BCCD83E50E945B39882309F4F0
:1002B000A3C40E94EB3D20E030E04AE754E40F94F1
:1002C0003B770F940E7F60933302709334028093D8
:1002D00035029093360284E896E00F943B018CC47B
:1002E0008936910511F40C94838914F00C948B8A4F
:1002F0008836910509F093CD83E50E945B39882308
:1003000009F47AC40E94EB3D0F94077F70935C124E
:1003100060935B1271C48537910511F40C94868C3F
:10032000BCF58037910509F4DBC7D4F48D3691050F
:1003300011F40C94AF898E36910509F070CD8EE4DE
:100340000E945B39882309F457C40E94C339609323
:100350003B1270933C1280933D1290933E124CC41A
:100360008237910511F40C94838C14F40C94938BC4
:100370008337910509F053CD86E50E945B398823C8
:1003800011F40C94B28B80EB9CE40E94F25E34C4B6
:100390008B37910511F40C94DE8C0CF048C0863735
:1003A000910511F40C94968C8737910509F037CD9F
:1003B00082EE98E00E94FD5C0E94F55C8AED98E078
:1003C0000E94FD5C1E9B02C00C94CE8C85ED98E0D3
:1003D0000E94FD5C0E94F55C83EC98E00E94FD5C4D
:1003E0001D9B02C00C94D28C85ED98E00E94FD5CB0
:1003F0000E94F55C8BEB98E00E94FD5C1C9B02C0A8
:100400000C94D68C85ED98E00E94FD5C0E94F55C12
:1004100083EB98E00E94FD5C019902C00C94DA8C99
:1004200085ED98E00E94FD5C0E94F55CE5C38C3888
:10043000910509F459C78B39910509F470C78D37B7
:10044000910509F0ECCC58CD843A41E0940711F4C1
:100450000C94FF8F0CF044C2823E910511F40C9471
:10046000898E0CF06BC18E3C910511F40C949A8D21
:100470000CF0B1C08B3C910511F40C94248D5CF50B
:10048000883C910511F40C94E18C04EC12E0ADE58C
:10049000EA2EA4E0FA2EB8ECCB2EB2E0DB2E893C9B
:1004A000910509F0BCCCD8018D918D010E945B397A
:1004B000882349F00E94EB3D0F940E7FF70164A35F
:1004C00075A386A397A3F4E0EF0EF11CC016D10626
:1004D00051F70C94888B8C3C910511F40C94438D4E
:1004E0008D3C910509F09BCC83E50E945B39882304
:1004F00051F00E94EB3D6093990470939A048093AD
:100500009B0490939C0484E50E945B39882351F0FE
:100510000E94EB3D60939D0470939E0480939F0422
:100520009093A00482E40E945B39882361F00E94CA
:10053000EB3D0F940E7F6093A1047093A20480930F
:10054000A3049093A40488E50E945B39882391F06A
:100550000E94EB3D6093A9047093AA048093AB04BE
:100560009093AC046093A5047093A6048093A704B1
:100570009093A80489E50E945B39882351F00E947A
:10058000EB3D6093A9047093AA048093AB0490930D
:10059000AC048AE50E945B39882351F00E94EB3D50
:1005A0006093AD047093AE048093AF049093B00455
:1005B00085E40E945B39882309F41EC30E94EB3D49
:1005C0000E94CA676093B1047093B2048093B3042D
:1005D0009093B40411C3813D910511F40C94E78DFF
:1005E0005CF58F3C910511F40C94B68D803D91051E
:1005F00009F015CC83E50E945B39882351F00E94F5
:10060000EB3D6093EC047093ED048093EE049093C3
:10061000EF0486E40E945B39882309F4EDC20E944E
:10062000EB3D0E94DB486093F0047093F1048093EB
:10063000F2049093F304E0C28C3D910511F40C9404
:10064000298E8D3D910511F40C94688E863D91059F
:1006500009F0E5CB80E50E945B39882311F40C9406
:10066000158E0E94EB3D2B013C0183E50E945B3916
:10067000882311F40C941F8E0E94EB3D4B015C010A
:100680008EE40E945B39D0902905882329F00E94CE
:10069000EB3D0F940E7FD62E82E50E945B39E090F1
:1006A0002A05F0902B05882329F00E94EB3D0F943A
:1006B0000E7F7B0186E40E945B3900912C0510912E
:1006C0002D05882329F00E94EB3D0F940E7F8B01AE
:1006D00020E030E0A901C301B2010F948B7E18160F
:1006E0000CF08AC220E030E0A901C501B4010F94EA
:1006F0008B7E87FD81C2A5019401C301B2010F94D5
:100700008B7E87FD79C2409221055092220560922E
:100710002305709224058092250590922605A092CB
:100720002705B0922805D0922905F0922B05E0927A
:100730002A0510932D0500932C055EC28033A1E09D
:100740009A0711F40C94648F0CF078C08D32E1E0BC
:100750009E0711F40C94EB8EB4F5803F910509F4DB
:100760004BC28C32914009F05ACB80E50E945B3934
:1007700008EE13E0882389F00E94EB3D20E030EC86
:100780004AE555E40F948B7E0CEA1DE087FF05C017
:100790000E94EB3D0F940E7F8B0183E50E945B3935
:1007A000882311F40C94E38E0E94EB3D0F940E7F8E
:1007B0006115710511F00C94E58EB80190E080E0B0
:1007C0000E94C2FD19C28E3231E0930711F40C94DD
:1007D000DD8F8F32914009F022CB85E40E945B3996
:1007E00010E000E0882359F00E947D398C01C12C73
:1007F000D12C5CE8E52E52E4F52E97FD06C0C12C05
:10080000D12C66E1E62E63E4F62E83E50E945B3987
:10081000882321F00E94EB3D6B017C0183E40E9460
:100820005B39882311F40C94ED8F0E947D399C0173
:10083000A801C701B6010F94F926DEC1803951E045
:10084000950711F40C94F18F04F58E35B1E09B07F8
:1008500011F40C94F19A8F35914009F0E0CA83E5C8
:100860000E945B39882371F00E94EB3D0F94077F53
:100870006130710511F40C94279B6230710511F4FD
:100880000C94499B0F94450AB7C18539F1E09F0745
:1008900011F40C94F58F863921E0920711F40C9431
:1008A000FA8F8339914009F0BACA8091FE128130E3
:1008B00009F0A2C185E40E945B3981110E94703960
:1008C00086E40E945B3981110E9470390F942B5F7E
:1008D000882309F491C160E080E00F943A758CC1DF
:1008E000803C42E0940711F40C94369C0CF055C007
:1008F0008832A2E09A0711F40C94BE923CF5863F30
:10090000E1E09E0711F40C9407906CF4843F21E021
:10091000920711F40C940390853F914009F07FCA2F
:100920000E94286969C1873F41E0940711F40C9443
:100930000B908D3F914009F072CA8AE998E60E94B7
:10094000FD5C8DEB9BE10E94FD5C56C18A35A2E007
:100950009A0711F40C94C1965CF48835E2E09E0786
:1009600011F40C94F3928935924009F4C5CA57CA20
:100970008D3B22E0920711F40C94629B8E3B32E097
:10098000930711F40C94029C8B35924009F047CAEE
:1009900060E080E00E94B0BB2FC18C3553E095072A
:1009A00011F40C94E3970CF042C0833CB2E09B0737
:1009B00011F40C94429C7CF4813CF2E09F0711F40A
:1009C0000C943C9C823C924009F029CA82EC92E053
:1009D0000E94B13D11C1853C32E0930711F40C94A3
:1009E0008B9C14F40C945F9C8235934009F017CAD9
:1009F000188683E50E945B39882311F40C94C9960C
:100A00000E947039182F883010F40C94CE9689E922
:100A10009BE10E94FD5C4AE067E070E080E090E0CE
:100A20000E94FE5B80EE92E00E94C569E5C08438BA
:100A3000A3E09A0711F40C94429A0CF046C08D354D
:100A4000E3E09E0711F40C946B988E35934009F007
:100A5000E6C90E94EB3D20E030E040E251E40F9413
:100A60003B770F940E7F6C5A633011F40C946A99A3
:100A700010F00C940399613011F40C9425996230B4
:100A800009F0BAC08091FE12EDEAF5E1813011F073
:100A9000EFEAF5E10591149180E50E945B39882326
:100AA00011F40C9459990E94C3394091E3034423F3
:100AB00009F4A2C06017710709F49EC060EA70E1F2
:100AC0008DEE90E10E94A8C397C08C3823E0920776
:100AD00009F492C0803A33E0930709F44CC28B3892
:100AE000934009F09CC988E50E945B39882339F05E
:100AF0000E94EB3D0F94077F80E00F94360B8AE550
:100B00000E945B39882339F00E94EB3D0F94077FE8
:100B100081E00F94360B85E40E945B39882309F449
:100B20006BC00E94EB3D0F94077FCB010F94360AF8
:100B300063C000919205109193050E5F1F4F80E5F1
:100B40000E945B39C12CD12C7601882321F00E94B0
:100B5000C3396B017C0183E50E945B39882351F026
:100B60000E94C3399B01AC01A8EEB3E00F94037D52
:100B70006B017C01C8010F5F1F4FDC014C914032BB
:100B8000C9F326E020933107C114D104E104F10434
:100B9000C9F52C912223B1F10E949FBB0F94D30B76
:100BA000809137128460809337128DE493E00F9424
:100BB0003B01C114D104E104F104C9F10E9420FFFA
:100BC000C60ED71EE81EF91E84E0809378020E94AC
:100BD00020FF6C157D058E059F0500F182E0809356
:100BE0007802809137128B7F809337128091D413D3
:100BF000882381F1109231071092150E1092140E75
:100C00000C943B728091340E811105C08FE992E102
:100C10000E944FBBC3CF10923107C0CF0E94335800
:100C20008111DCCF90E080E00E949D70D0CF1091C8
:100C3000780284E0809378020E942E580E943358F4
:100C4000811105C090E080E00E949D70F7CF109365
:100C50007802C7CF8AE593E60E944FBBCDCF86E9E5
:100C600092E10E944FBB1798169815981498C4CF1C
:100C700081E00F94F758C0CF1092D4131092D5137F
:100C80008AE998E60E94FD5C8AE39FE10E94F25E99
:100C9000B3CF0E94CB49882319F00E9472BBACCF1E
:100CA0000E94D0C3882309F4A7CF809167168823B8
:100CB00061F08091E8169091E916A091EA16B09142
:100CC000EB16892B8A2B8B2B69F40E94CE3910925C
:100CD000461210924712109248121092491280E068
:100CE0000E942F688091D513882331F081E0809392
:100CF000D41385E08093350E0F94FD098091FE1288
:100D0000813009F079CF8091D412882309F474CF0F
:100D10000E9408B3811170CF0F9405766DCF80913A
:100D2000D513882309F468CF83E50E945B398823B3
:100D300009F462CF0E94C3396B017C01C092E816AE
:100D4000D092E916E092EA16F092EB160F94764FE5
:100D5000C0924612D0924712E0924812F092491285
:100D60004BCF80E50E945B39182F0E94CB49882326
:100D700091F080915112882349F08091790281117C
:100D800005C085EB9AE10E94F25E36CF89EA9AE1CE
:100D90000E94F25E31CF8091D413882309F44AC0B7
:100DA0001123E1F10F94FB530E94F55C84E798E076
:100DB0000E94FD5C6091E8167091E9168091EA1638
:100DC0009091EB164AE00E94FE5B8FE20E94EA5B84
:100DD0006091E1167091E2168091E3169091E4160D
:100DE0004AE00E94FE5B0E94F55C0F945D082CE3D4
:100DF00030E040E050E00F94E17CC9016CE370E02A
:100E00000F94377D8C0190E080E00E94635C8AE360
:100E10000E94EA5BC8010F942C4DEECE8091EB133B
:100E2000882329F08BEE93E10E94C569BFCF86ED40
:100E300093E1FACF89E99AE10E94F25EDDCE8091DA
:100E400092059091930504960F949B5DD5CECE01AB
:100E500001960F945750882309F40BC961E0CE0125
:100E600001960F941A1F009709F403C925EEFC019F
:100E700020831C820F940E1A182FFCC883E79AE176
:100E80000E94FD5C8CA19DA10E94B9698EE20E9426
:100E9000EA5B0E94F55CB0CE8091D41381110F946F
:100EA000D30B00919205109193050C5F1F4F61E2E7
:100EB00070E0C8010F94C582009719F08C010F5F94
:100EC0001F4F80E50E945B39F82E8091920590912A
:100ED00093050817190708F4F12C8091D51388237E
:100EE00009F48ACE61E06F25C8010F94805783E52D
:100EF0000E945B39882399F0809192059091930527
:100F00008017910760F40E94C3396093E8167093CC
:100F1000E9168093EA169093EB160F94764F809122
:100F2000D513882331F081E08093D41385E080933A
:100F3000350EF11061CE80916716882361F08091A3
:100F4000E8169091E916A091EA16B091EB16892B5C
:100F50008A2B8B2B69F40E94CE3910924612109284
:100F60004712109248121092491280E00E942F6896
:100F70000F94FD0941CE809192059091930521E057
:100F80002093D31305960F949B5D36CE0F945D0886
:100F90002CE330E040E050E00F94E17C7F936F93CE
:100FA0003F932F9385EF9CE19F938F938E010F5F6B
:100FB0001F4F1F930F930F94857B8AE998E60E9439
:100FC000FD5CC8010E94C569C8010E949FBB0FB6A5
:100FD000F894DEBF0FBECDBF0FCE17FD0DCE8DC86E
:100FE00080E10E941EB581EA9DE00F946E7C4BE08B
:100FF000849FC001112470E060E0805B924F0F94E9
:10100000B07C82E00E941EB50E9484380E949D45FB
:10101000F3CD8AE50E945B390E9442C5EDCD89EB94
:101020009CE10E94FD5CE8CD85EB9CE10E94F25EB4
:10103000E3CD84E0809378020E94BB530E942E5837
:101040000F949C2A81E00E94586E0E94FDBB0E9472
:1010500033588823A9F30E94BB530E94D9F7CCCD03
:101060001092350EC9CD8091350E1F928F938CEA68
:1010700099E09F938F930F94307B0F900F900F9078
:101080000F90BACD80E50E945B39882321F00E9441
:1010900070398093710282E50E945B39882341F0A8
:1010A0000E94EB3D0F940E7F709375026093740263
:1010B00081E50E945B39882321F00E94703980937A
:1010C0003F0283E50E945B39882341F00E94EB3D9B
:1010D0000F940E7F70933E0260933D0283E40E9462
:1010E0005B398823A9F00E94EB3D6B017C0120E075
:1010F00030E0A9010F948B7E6FEF7FEF181624F478
:10110000C701B6010F940E7F709373026093720251
:1011100084E40E945B398823A9F00E94EB3D6B01B7
:101120007C0120E030E0A9010F948B7E6FEF7FEF10
:10113000181624F4C701B6010F940E7F70933C0279
:1011400060933B02809173028F93809172028F9320
:10115000809175028F93809174028F9380917102B8
:10116000282F082E000C330B3F938F9382E599E0D4
:101170009F938F9309E519E01F930F930F94307B92
:1011800080913C028F9380913B028F9380913E022D
:101190008F9380913D028F9380913F02282F082EDC
:1011A000000C330B3F938F938BE499E09F938F93C5
:1011B0001F930F930F94307B0FB6F894DEBF0FBED2
:1011C000CDBF1ACD0E94D0C3882309F415CDD0CE4F
:1011D00080918403813009F00FCD82E080938403F5
:1011E0000E9420FF6093E2067093E3068093E4067A
:1011F0009093E50601CD0F94210A0E944648FCCC4D
:1012000083E50E945B39882351F00E94EB3D0F94E7
:101210000E7FAB01BC0181EF9FE00F94A47C84E5BD
:101220000E945B39882351F00E94EB3D0F940E7FA2
:10123000AB01BC018DEE9FE00F94A47C81EF9FE099
:101240000F94767C162F072FF82EE92E8DEE9FE057
:101250000F94767C4BEC58E42CED38E40C941D8113
:1012600085E893E00F943B0183E50E945B39882376
:1012700009F162E270E080919205909193050F94DC
:10128000C5828C01892BB1F00F5F1F4F62E270E0C5
:10129000C8010F94C582892B69F0ECEDF6E083E07C
:1012A000DF011D928A95E9F742E050E0B801CF01D5
:1012B0000F94EE828CE89FE00F946E7C813009F0F1
:1012C0009BCC0E94C149882309F496CC0E94CB494B
:1012D000882309F491CC88E199E00E94F25E8CCCDD
:1012E0008BEF98E00E94526583E50E945B3988236A
:1012F00009F482CC0E94EB3D0F94077F7093581243
:101300006093571279CC81EB9CE10E94FD5C0E94B6
:101310006B5E0E947C5B81E0809350126DCC83E514
:101320000E945B39882351F00E9470398093CC135E
:10133000882371F08DEC93E10F943B0183E40E94CC
:101340005B39882341F00E9470398093CB1354CCD1
:101350001092CD13F3CF81E08093CB134DCC86EC6C
:1013600096E40E944FBB81E08093C9030F94F92259
:1013700083E50E945B39882349F00E94EB3D0F947E
:10138000077F70935C1260935B1205C082E50E9438
:101390005B398111F2CF0E9420FF6B017C016091CB
:1013A0005B1270915C12072E000C880B990B0F9446
:1013B000FC7611E020912E0E30912F0E4091300ED0
:1013C0005091310E0F941F8018160CF010E01093FE
:1013D0002D0EC701B6010F94125A88EB96E40E94B5
:1013E0004FBB82E08093C9030F94F9228DE493E010
:1013F0000F943B0101CC8CEA96E40E944FBB83E042
:101400008093C90381E00F94F92283E50E945B3940
:10141000182F882349F00E94EB3D0F94077F7093AB
:1014200058126093571205C082E50E945B39811102
:10143000F2CF0E9420FF6B017C011092330E60916D
:10144000571270915812072E000C880B990B0F94AD
:10145000FC7601E02091B5033091B6034091B703CB
:101460005091B8030F941F8018160CF000E0009301
:101470002D0E8091330E81111AC060915712709118
:101480005812072E000C880B990B0F94FC762091B4
:10149000B5033091B6034091B7035091B803E09182
:1014A0002D0EEE2381F00F941F80181694F083EA1E
:1014B00096E40E944FBB84E08093C9038DE493E0DF
:1014C0000F943B0199CB0F948B7E87FFF0CF1111C6
:1014D000EECF8091320E823051F30E9420FF6C19C2
:1014E0007D098E099F09693E73408105910550F081
:1014F0008091340E811102C00E940B5D0E9420FF7A
:101500006B017C010F949C2A80E00E94586E80E061
:101510000E948E52AECF83E50E945B39882329F06A
:101520000E9470398093531267CB8FEF80935312D0
:1015300063CB1092531260CB80915512877F8093BA
:1015400055125ACB83E50E945B39882399F00E949B
:10155000EB3D20E030E04AE754E40F943B770F94F2
:101560000E7F609337027093380280933902909314
:101570003A0242CB88E50E945B398823D1F00F9470
:10158000D30B88E50E945B39811128C089E50E9450
:101590005B39882319F0169A10920E078AE50E948B
:1015A0005B3985E40E945B39882309F425CB149AC2
:1015B00023CB89E50E945B398111E1CF8AE50E9446
:1015C0005B398111DCCF85E40E945B398111D7CF73
:1015D0000F94D30B149A0E9480680ECB179A109226
:1015E0000D07D4CF83E50E945B39882309F404CB2F
:1015F0000E94EB3D20E030E04AE754E40F943B7753
:101600000F940E7F6093490370934A0380934B03BA
:1016100090934C03F1CA84EC882E82E0982E9DE5CD
:10162000A92E94E0B92E10E0F40181914F010E949F
:101630005B39882309F465C00E94EB3D6B017C0196
:10164000133009F068C020E030E040EA51E40F9424
:101650008B7E87FF4EC0A701960160916D0470914B
:101660006E0480916F04909170040F94957E2B010D
:101670003C01AC019B016091B1047091B204809176
:10168000B3049091B4040F943B776093B1047093CA
:10169000B2048093B3049093B404A30192016091C7
:1016A0007D0470917E0480917F04909180040F945A
:1016B0003B7760937D0470937E0480937F049093C6
:1016C000800460918E0570918F05809190059091B6
:1016D00091050F94FA76A30192010F943B770F9432
:1016E0000E7F60938E0570938F0580939005909385
:1016F0009105C0926D04D0926E04E0926F04F09256
:101700007004B4E0AB0EB11C1F5F143009F08CCF35
:101710000F94262D71CAD5011496CD92DD92ED92CB
:10172000FC921797EECF83E50E945B39882329F05E
:101730000E947039809332025FCA8AE998E60E945B
:10174000FD5CC0903202D12CF12CE12C8AEA9CE1A4
:101750000E94FD5C4AE0C701B6010E94FE5B0E9448
:10176000F55C4ACA85E50E945B39882309F457C0B5
:1017700000919205109193050F5F1F4F10939305F1
:10178000009392058091E203882309F435CABE01D3
:101790006F5F7F4FC8010E9480B6882309F42CCA6E
:1017A00086EB9CE3DE011196BE01675F7F4FFC0173
:1017B000459154912D913D914217530710F40C948B
:1017C000D29D2417350708F417CA0296A617B70743
:1017D00071F712CA4AE352E163E080E00E949C5331
:1017E00040E068EE73E082E390E00F944C1884EFE1
:1017F00091E00E949D7040E068EE73E082E390E02B
:101800000F944C188EE190E00E9479BC81E00E9418
:10181000CD530E94BB5380E00E948E52EDC941E13E
:1018200050E060E87CE0CE0101960F945E7C8CE88D
:101830009CE10E94FD5C80EB9CE40E94FD5C8AE8D8
:101840009CE10E94FD5C85E89CE10E94FD5C83E8D0
:101850009CE10E94FD5C89E79CE10E94FD5C8FE1B8
:101860009CE10E94FD5C8BE19CE10E94FD5C8CE0B0
:101870009CE10E94FD5CCE0101960E94B9698AEF4D
:101880009BE10E94FD5C89EF9BE10E94F25E1F924A
:1018900001E3F02EFF9282E69AE19F938F930BE192
:1018A0001AE11F930F930F94307B1F92FF9282E5F2
:1018B0009AE19F938F931F930F930F94307B1F9206
:1018C000FF928EE39AE19F938F931F930F930F9450
:1018D000307B1F92FF9281E39AE19F938F931F9336
:1018E0000F930F94307B1F92FF9286E29AE19F93B1
:1018F0008F931F930F930F94307B0FB6F894DEBF36
:101900000FBECDBF79C90E94F05D76C9E091920506
:10191000F0919305CF0104962481203209F40196B9
:101920000E949FBB87E08093310766C900919205B2
:10193000109193050B5F1F4F83E0F12C40E0815025
:10194000E9F0D8019C91292F2B7F2134B9F411960D
:101950002C91213399F4913471F0953409F441E0DC
:1019600098012E5F3F4F89012F5F3F4FF801908113
:101970009032C9F3E4CFFF24F394F2CF442321F053
:101980008AE998E60E94FD5CFF2021F086EF9BE14A
:101990000E94FD5CC8010E94C5692EC98BEC98E0CD
:1019A0000C94E8818BEC98E00C94F6818BEC98E039
:1019B0000C9404828BEC98E00C9412820E94AB4849
:1019C0001BC984E50E945B39882369F00E94703945
:1019D000882349F08AE998E60E94FD5C8CE998E04A
:1019E0000E94B96909C984E40E945B39882309F41B
:1019F00003C90E94EB3D20E030E0A9010F948B7EEB
:101A0000811105C01092F4040E94E047F5C80E94BD
:101A1000EB3D6B017C0120E030E0A9010F948B7E4F
:101A2000811106C0C12CD12C10EEE12E1FE3F12E46
:101A3000C092F504D092F604E092F704F092F80414
:101A400081E08093F404E0CF04EC12E0EDE5EE2EAB
:101A5000E4E0FE2EF8ECCF2EF2E0DF2ED8018D91DF
:101A60008D010E945B39882339F00E94EB3DF7011C
:101A7000648B758B868B978BF4E0EF0EF11CC01690
:101A8000D10661F7B9C883E50E945B39882319F153
:101A90000E94EB3D60931D0570931E0580931F050A
:101AA0009093200560939104709392048093930423
:101AB0009093940484E50E945B39882309F49CC8C0
:101AC0000E94EB3D60939504709396048093970475
:101AD0009093980491C880E50E945B39882351F067
:101AE0000E94EB3D60939104709392048093930461
:101AF0009093940482E50E945B39882351F00E9400
:101B0000EB3D6093950470939604809397049093B3
:101B1000980484E50E945B39882309F46DC80E940B
:101B2000EB3D60931D0570931E0580931F059093F8
:101B3000200562C804EC12E075EBE72E74E0F72E86
:101B4000D8018D918D010E945B39882339F00E9464
:101B5000EB3DF7016083718382839383F4E0EF0EA2
:101B6000F11C22E0073C120759F746C883E50E94A2
:101B70005B39882351F00E94EB3D6093E004709341
:101B8000E1048093E2049093E30486E40E945B39CD
:101B9000882361F00E94EB3D0E94DB486093E404DF
:101BA0007093E5048093E6049093E7048AE50E942D
:101BB0005B39882309F420C80E94EB3D6093E80458
:101BC0007093E9048093EA049093EB0415C883E5CD
:101BD0000E945B39882309F40FC80E94703988235A
:101BE000C1F08130E1F08AE998E60E94FD5C89E865
:101BF00098E00E94FD5C8091351290913612855BD1
:101C00009F4E0E94B96981EF9BE10E94F25E0C94A5
:101C1000FC851092DF0410922E050C94FC858093B5
:101C2000DF0410922E050C94FC8540902105509005
:101C3000220560902305709024050C9435838090D4
:101C4000250590902605A0902705B09028050C94B6
:101C5000408382E40E945B39182F882341F08091F1
:101C60008E0290918F02909331028093300283E52F
:101C70000E945B39082F882339F00E947D399093A8
:101C80008F0280938E02102F82E50E945B39882399
:101C900051F0809130029091310290938F028093A5
:101CA0008E020C94FC8511110C94FC8580918F029E
:101CB0008F9380918E028F938BEE9BE19F938F93F6
:101CC0000F94307B0F900F900F900F900C94FC8529
:101CD00083E50E945B39882351F00E947D399093FF
:101CE0005A02809359020E94E0470C94FC8580912F
:101CF0005A028F93809159028F9385EE9BE19F93B7
:101D00008F930F94307B0F900F900F900F900C9447
:101D1000FC8580E50E945B39882311F40C94FC85D6
:101D20000E947D397C0183E50E945B390FEF1FEF34
:101D3000882319F00E947D398C01C8010196039710
:101D400010F00C94FC85E9EDFCE125EF3CE1849179
:101D5000082E000C990BE816F90611F40C94FC857A
:101D600031962E173F0799F7F7FE02C00C94FC85B9
:101D70000F94D30BDE2C60E08E2D0E944CAF0F3FF2
:101D80001007B1F00130110511F010E000E08D2DC9
:101D90000E94F5AE8017910711F40C94FC850F9406
:101DA0009C2A80E00E94586E80E00E948E52EFCF05
:101DB0008E2D0E94F5AE31E020E0892B09F030E055
:101DC000032F122FE4CF70E060E040E0C8010F94D1
:101DD0004C180C94FC8580E50E945B39882351F0F7
:101DE0000E94EB3D6093C5047093C6048093C704C2
:101DF0009093C80489E40E945B39882381F00E9493
:101E0000EB3D2CEA35EC47E25EE30F943B776093C1
:101E1000C9047093CA048093CB049093CC0484E4E7
:101E20000E945B39882381F00E94EB3D2CEA35EC5F
:101E300047E25EE30F94957E6093CD047093CE04E9
:101E40008093CF049093D0040F94300882E890E2FE
:101E50000E94FD5C81EE9BE10E94FD5C6091C504E7
:101E60007091C6048091C7049091C80442E00E941A
:101E70007F5C8DED9BE10E94FD5C2CEA35EC47E236
:101E80005EE36091C9047091CA048091CB04909183
:101E9000CC040F94957E42E00E947F5C89ED9BE12B
:101EA0000E94FD5C2CEA35EC47E25EE36091CD04D4
:101EB0007091CE048091CF049091D0040F943B7721
:101EC0000F940F4D0C94FC8580E50E945B398823AC
:101ED00051F00E94EB3D6093D1047093D204809343
:101EE000D3049093D40489E40E945B39882381F061
:101EF0000E94EB3D2CEA35EC47E25EE30F943B7722
:101F00006093D5047093D6048093D7049093D8043B
:101F100084E40E945B39882381F00E94EB3D2CEA27
:101F200035EC47E25EE30F94957E6093D90470939D
:101F3000DA048093DB049093DC040F94300882E889
:101F400090E20E94FD5C85ED9BE10E94FD5C60914A
:101F5000D1047091D2048091D3049091D40442E0D2
:101F60000E947F5C81ED9BE10E94FD5C2CEA35ECD8
:101F700047E25EE36091D5047091D6048091D70466
:101F80009091D8040F94957E42E00E947F5C8DEC86
:101F90009BE10E94FD5C2CEA35EC47E25EE3609138
:101FA000D9047091DA048091DB049091DC040F94E1
:101FB0003B770F940F4D0C94FC8583E50E945B39B1
:101FC000882341F00E947D399093580280935702F4
:101FD0000C94FC8590E080E0F7CF85E090E00C94D5
:101FE00017840F94D30B0C94FC8581E00E94C9598F
:101FF0000C94FC8580E00E94C9590C94FC850E94D9
:102000007E670C94FC850E94A3690C94FC850E9459
:1020100012690C94FC858091C0048F938091BF0459
:102020008F938091BE048F938091BD048F93809194
:10203000BC048F938091BB048F938091BA048F93DB
:102040008091B9048F938091B8048F938091B704E5
:102050008F938091B6048F938091B5048F930AE992
:1020600018E61F930F931F930F938091B4048F93DF
:102070008091B3048F938091B2048F938091B104C7
:102080008F938091B0048F938091AF048F93809150
:10209000AE048F938091AD048F938091AC048F93A5
:1020A0008091AB048F938091AA048F938091A904AF
:1020B0008F938091A8048F938091A7048F93809130
:1020C000A6048F938091A5048F938091A4048F938D
:1020D0008091A3048F938091A2048F938091A10497
:1020E0008F938091A0048F9380919F048F93809110
:1020F0009E048F9380919D048F9380919C048F9375
:1021000080919B048F9380919A048F93809199047E
:102110008F931F930F931F930F93809120058F939D
:1021200080911F058F9380911E058F9380911D05CF
:102130008F93809198048F93809197048F938091CF
:1021400096048F93809195048F93809194048F933C
:10215000809193048F93809192048F938091910446
:102160008F931F930F931F930F93809190048F93DE
:1021700080918F048F9380918E048F9380918D0432
:102180008F9380918C048F9380918B048F93809197
:102190008A048F93809189048F93809188048F9310
:1021A000809187048F93809186048F93809185041A
:1021B0008F93809184048F93809183048F93809177
:1021C00082048F93809181048F931F930F931F93A9
:1021D0000F93809180048F9380917F048F938091DF
:1021E0007E048F9380917D048F9380917C048F93E4
:1021F00080917B048F9380917A048F9380917904EE
:102200008F93809178048F93809177048F9380913E
:1022100076048F93809175048F93809174048F93CB
:10222000809173048F93809172048F9380917104D5
:102230008F931F930F931F930F93809170048F932D
:1022400080916F048F9380916E048F9380916D04C1
:102250008F9380916C048F9380916B048F93809106
:102260006A048F93809169048F93809168048F939F
:10227000809167048F93809166048F9380916504A9
:102280008F93809164048F93809163048F938091E6
:1022900062048F93809161048F931F930F931F9318
:1022A0000F9380E198E19F938F930F94307B0FB64B
:1022B000F894DEBF0FBECDBF2CEA35EC47E25EE3FB
:1022C0006091CD047091CE048091CF049091D004A0
:1022D0000F943B779F938F937F936F932CEA35EC0A
:1022E00047E25EE36091C9047091CA048091CB0417
:1022F0009091CC040F94957E9F938F937F936F93CF
:102300008091C8048F938091C7048F938091C604F5
:102310008F938091C5048F931F930F931F930F93F7
:1023200083EE97E19F938F930F94307B2CEA35ECEB
:1023300047E25EE36091D9047091DA048091DB0496
:102340009091DC040F943B779F938F937F936F93CF
:102350002CEA35EC47E25EE36091D5047091D60437
:102360008091D7049091D8040F94957E9F938F937A
:102370007F936F938091D4048F938091D3048F9334
:102380008091D2048F938091D1048F931F930F93E8
:102390001F930F938EEA97E19F938F930F94307B57
:1023A0000FB6F894DEBF0FBECDBF8091DF041F9241
:1023B0008F931F930F931F930F9320E030E040E71C
:1023C00052E46091F0047091F1048091F2049091D4
:1023D000F3040F943B779F938F937F936F93809138
:1023E000EF048F938091EE048F938091ED048F938F
:1023F0008091EC048F931F930F931F930F93809101
:10240000EB048F938091EA048F938091E9048F937A
:102410008091E8048F9320E030E040E752E460913F
:10242000E4047091E5048091E6049091E7040F9430
:102430003B779F938F937F936F938091E3048F9368
:102440008091E2048F938091E1048F938091E00466
:102450008F931F930F931F930F938DEA96E19F9392
:102460008F930F94307B0FB6F894DEBF0FBECDBFB5
:102470008091F404882309F474C08091F8048F9348
:102480008091F7048F938091F6048F938091F504E7
:102490008F931F930F931F930F9387E896E19F935A
:1024A0008F930F94307B0FB6F894DEBF0FBECDBF75
:1024B00080912D058F9380912C058F9380912B0512
:1024C0008F9380912A058F93809129051F928F9376
:1024D000809128058F93809127058F938091260501
:1024E0008F93809125058F93809124058F93809100
:1024F00023058F93809122058F93809121058F93DF
:102500000AE918E61F930F931F930F9386EE95E148
:102510009F938F930F94307B8DEE9FE00F94767C8A
:10252000F62EE72ED82EC92E81EF9FE00F94767CF1
:10253000CF92DF92EF92FF929F938F937F936F934F
:102540001F930F931F930F9385EC95E19F938F93A8
:102550000F94307B0FB6F894DEBF0FBECDBF0C9446
:10256000FC851F930F9388E696E19F938F930F94BA
:10257000307B0F900F900F900F909ACF80E50E94C4
:102580005B39882311F40C94FC851092E7061092B5
:10259000E8061092E9061092EA0607EE16E03BEE16
:1025A000E32E36E0F32E4AE2D42EE0919205F0912C
:1025B0009305D0820E947D39D8018D938D01EA1652
:1025C000FB0611F40C94FC858EE20E945B398111AC
:1025D000ECCF1092E7061092E8061092E9061092EE
:1025E000EA060C94FC850F94D30B80915112811153
:1025F00002C00E943C4785E40E945B39812C912CEB
:10260000A12C20ECB22E882321F00E94EB3D4B013F
:102610005C018CE40E945B39C12CD12C76018823AB
:1026200021F00E94EB3D6B017C018AE50E945B3941
:10263000412C512C98ED692E91E4792E882331F0AC
:102640000E94EB3D2B013C01E89477F888E50E945D
:102650005B39882309F49DC10E94EB3D68A779A7E7
:102660008AA79BA789E50E945B39882309F49AC150
:102670000E94EB3D6CA77DA78EA79FA71A821982A7
:10268000FE01339683E1DF011D928A95E9F783E429
:102690000E945B398823F9F062E270E08091920534
:1026A000909193050F94C5828C01892BA1F00F5F47
:1026B0001F4F62E270E0C8010F94C582009759F085
:1026C000801B843108F084E1482F50E0B801CE012E
:1026D00001960F9497828091FE1210E0813029F4C8
:1026E00088EB9BE10F94E22C182F0F94D30B86E11B
:1026F0000F94F922109253120E94CB49811157C1B5
:10270000A501940160916B1270916C1280916D1211
:1027100090916E120F94967D60936B1270936C1271
:1027200080936D1290936E1260E070E088EE92E4F8
:102730000F94013D0F94D30B8EE89BE40E94F25E50
:10274000C301B2010E942A5028A539A54AA55BA55C
:1027500020935F1230936012409361125093621283
:102760008CA59DA5AEA5BFA580936312909364121E
:10277000A0936512B093661260E070E088E492E482
:102780000F94013D0F94D30BB12CA12C01EB202E03
:1027900005E1302E89EB882E85E1982E8091FE127E
:1027A000813009F007C10F94144DA82E0E948C555A
:1027B0000F94D30B1092F0161092EF168091FE1228
:1027C000813009F4B9C184E08093780240E060E090
:1027D0008AE192E10E945FC2082F80E00E94CD53FF
:1027E000013001F50E94BB534AE852E162E080E00B
:1027F0000E949C5380E090E0A8ECB2E480935F12CA
:1028000090936012A0936112B093621260E070E046
:1028100088E492E40F94013D0F94D30B8AEE91E18A
:102820000E945DC30E94BB5344E851E160E080E038
:102830000E949C5361E080E00E94EF5289818823CE
:1028400041F0CE0101960E94425762E080E00E9472
:10285000EF528091EF16811104C081E791E10E944F
:10286000B25284E0809378020E943358811110C0E4
:102870000F949C2A81E00E94586E8091F216882362
:1028800099F340E068EE73E082E390E00F944C1817
:1028900032E030937802CE0101960E94E85740E082
:1028A00068EE73E082E390E00F944C18111181C13F
:1028B000B4E0BB2EB09278020E94BB534AEB51E1C8
:1028C00060E081E00E949C5346EA51E161E081E0D2
:1028D0000E949C5344E951E162E081E00E949C53D4
:1028E00047EB5DE263E081E00E949C534EE360E0D1
:1028F00080E00E94A8530E942E5800E00F949C2A6A
:1029000081E00E94586E80913105909132050097C8
:10291000D9F097FF1AC1002309F41BC101504DEBF8
:1029200055E160E080E00E949C534EE3602F80E020
:102930000E94A853109232051092310564E670E0AF
:1029400080E090E00E94C2FD0E9433588823B1F2DB
:102950000E94BB530E94D9F742E0409378020230B4
:1029600009F400C1033009F4DAC1013009F013C1E0
:102970008091FE12813009F0F0C00F94144D082FA1
:102980000E948C55802F0E94C07080E00E94BB5D29
:1029900091CF20E030E043E553E428A739A74AA7C8
:1029A0005BA760CE1CA61DA61EA61FA667CE0E9412
:1029B000B947C6CE84E0809378020E9420FF2B01A5
:1029C0003C0188E491E10E9460BD0E943358082FC9
:1029D000811132C0A30192012054384D464F5F4F00
:1029E00028A739A74AA75BA70F949C2A81E00E94D9
:1029F000586E023009F461C00F94E21884E090E050
:102A0000013019F10E949D700E9420FF28A539A570
:102A10004AA55BA52617370748075907B0F689E18D
:102A200091E10E9460BD10925C1210925B120F94B3
:102A3000D30B149A01E0D8CF109295051092980507
:102A4000C701B6010E946DBDB3CE0E949D700E9469
:102A50003358882349F28091591290915A129093D9
:102A60005C1280935B1287EE94E20E9460BD42E8A4
:102A700064E080E00E94A85380915C128F93809163
:102A80005B128F9360912E0E70912F0E8091300EFD
:102A90009091310E0F94077F7F936F933F922F9207
:102AA0000E94A05281E80E94B6520F900F900F90A2
:102AB0000F900F900F9002E097CF60915B12709192
:102AC0005C12072E000C880B990B0F94FC7620915A
:102AD0002E0E30912F0E4091300E5091310E0F94EA
:102AE000957D9F7720E030E040EA50E40F948B7EA4
:102AF00087FF09C088E491E10E9460BD0E9420FF29
:102B00002B013C0162CF64E081E00E94EF526091B2
:102B10002E0E70912F0E8091300E9091310E0F94E9
:102B2000077F7F936F939F928F920E94A0520F9086
:102B30000F900F900F9058CF111103C08A2D0E9453
:102B4000C070812F0E94BB5DB1CE033010F40F5FC7
:102B5000E6CE87E00F945E16E2CECE0101960E948B
:102B6000E857A8CE0F94D30B0E9483470E94BB5313
:102B70004CEC51E160E080E00E949C534AE852E155
:102B800062E080E00E949C5387E99DE10E94E6FBA1
:102B90000F94D30B8FCE0E94BB534AED51E162E0FC
:102BA00080E00E949C53002319F0033009F082CE8C
:102BB000B12C8EEE96E10E949959B110EFCD81E0D3
:102BC0000E94CD538091521280935312111127C04D
:102BD0000E94CB49C0906B12D0906C12E0906D12A5
:102BE000F0906E12882309F49DC020E030E040E8A8
:102BF0005FE3C701B6010F94957D60936B127093EC
:102C00006C1280936D1290936E1260E070E088EE0B
:102C100092E40F94013D10925C1210925B12E090CE
:102C20006712F09068120091691210916A12209157
:102C300094023091950240919602509197026091D2
:102C400090027091910280919202909193021F9252
:102C50001F921F921F92812C912CE8E4AE2EE2E489
:102C6000BE2EFBE6CF2EF2E1DF2E0F94B32D0F9494
:102C7000D30BE0909802F090990200919A02109183
:102C80009B022091940230919502409196025091BE
:102C900097026091900270919102809192029091BE
:102CA00093021F921F921F921F92812C912CA0E7DA
:102CB000AA2EA1E4BA2E0F94B32D0F94D30B8CE956
:102CC00092E00F94592D80E1E0E9F2E0AFE5B2E146
:102CD00001900D928A95E1F70E94444A80915D121D
:102CE00090915E1280938E0290938F029F938F93A8
:102CF0008BE698E09F938F930E94C6710E94CB4908
:102D00000FB6F894DEBF0FBECDBF882311F18DE65C
:102D100091E30E944FBB109231070C94FC85BB24B9
:102D2000B39447CF20E030E040EA50E4C701B60159
:102D30000F94967D60936B1270936C1280936D125A
:102D400090936E1260E070E080E090E40F94013D9B
:102D500066CF8AE593E60E944FBB8DEC9EE10E9410
:102D6000F25ED9CF0E94CB4981110C94FC850F945F
:102D7000D30B0E944D670E947C5B0E942CFF0C9439
:102D8000FC850E94CB49882311F40C94FC850C949B
:102D90004D8681EA9DE00F946E7C182F8AE50E9493
:102DA0005B39882309F4D7C00E94EB3D2B013C011D
:102DB0002091690430916A0440916B0450916C0435
:102DC0000F943B770F94077F6B019B012156304F87
:102DD000203A3F4030F083E89BE10E94F25E0C9481
:102DE000FC855BE0159F90011124C901805B924F27
:102DF0000F94B07C8CE40E945B39BBE01B9F700198
:102E000011245701E7EBAE1AE2EFBE0A882309F45A
:102E1000BEC0E0919205F09193053196BF0181917A
:102E20008032E1F3882331F047E050E0CE01019693
:102E30000F94EE8247E050E0B501CE0101960F9469
:102E4000827C82E40E945B395701FEEAAF1AF2EFFE
:102E5000BF0A882309F4A3C00E947039982E682FF6
:102E6000C5010F94927C80E50E945B392DEAE21A3D
:102E700022EFF20A882309F497C00E947039B82E15
:102E8000682FC7010F94927C81E40E945B398823EC
:102E900009F48FC00E947039811106C081EA9DE05B
:102EA0000F946E7C18138DC0812F0E94C15A082F79
:102EB000882329F0612F81EA9DE00F94927C8CE7B2
:102EC0009BE10E94FD5C612F70E090E080E00E9439
:102ED000635C812F0E94C15A811104C08BE69BE183
:102EE0000E94F25E88E69BE10E94FD5C44E0C30123
:102EF000B2010E947F5C85E69BE10E94FD5CB60109
:102F0000DD0C880B990B0E94635C82E69BE10E94BA
:102F1000FD5CCE0101960E94B9698FE59BE10E949C
:102F2000FD5C692D70E090E080E00E94635C8CE5C0
:102F30009BE10E94FD5C6B2D70E090E080E00E94C0
:102F4000635C89E59BE10E94FD5C802F90E00F941B
:102F50002C4D0C94FC85ABE01A9FC0011124805BC2
:102F6000924F0F947C7C6C01BC01990F880B990BDC
:102F70000F94FC762091690430916A0440916B04AF
:102F800050916C040F94957E2B013C0133CF47E0A8
:102F900050E0B501CE0101960F945E7C52CFC50181
:102FA0000F946E7C982E5FCFC7010F946E7CB82E65
:102FB0006BCF81EA9DE00F946E7C01E0181709F455
:102FC0007ECF00E07CCF83E50E945B39882311F43B
:102FD0000C94FC850E947D398C018AE892E10E9464
:102FE0004FBB86E39BE10E94FD5CC8010F942C4D12
:102FF0000E9420FF4B015C011092330E80915B1206
:1030000090915C12892B41F4FF24F3948091571224
:1030100090915812892B09F0F12C2801012E000CF7
:1030200066087708F1101AC08091330E811110C024
:10303000C301B2010F94FC762091F8063091F90695
:103040004091FA065091FB060F941F801816B4F0B9
:1030500082E890E20E944FBB0C94FC85C301B20150
:103060000F94FC762091F8063091F9064091FA060B
:103070005091FB060F948B7E87FFEACF0E9420FFC2
:10308000681979098A099B09693E73408105910590
:10309000C8F083E39BE10E94FD5C6091F8067091AB
:1030A000F9068091FA069091FB0641E00E947F5C50
:1030B0008FE20E94EA5BC8010F942C4D0E9420FF12
:1030C0004B015C010F949C2A80E00E94586E80E0C6
:1030D0000E948E52A7CF8FE30E945B398823C9F0EC
:1030E00080E29BE10E94FD5C86EA9FE00F946E7C8B
:1030F00021E030E0811102C030E020E0C9010F94EE
:103100002C4D89E09BE10E94F25E0E94355D0C949B
:10311000FC8581E20E945B39882349F161E086EAFF
:103120009FE00F94927C68E070E080EB9FE00F944A
:10313000B07C68E170E082EB9FE00F94B07C60E3CC
:1031400070E084EB9FE00F94B07C60E570E086EB6C
:103150009FE00F94B07C68E770E088EB9FE00F94ED
:10316000B07C88EF9AE10E94F25E0C94FC858AE5BF
:103170000E945B398823C1F061E086EA9FE00F94EA
:10318000927C00EB1FE070E060E0C8010F94B07C1F
:103190000E5F1F4F0A3B4FE01407A9F78EEE9AE12E
:1031A0000E94F25E0C94FC8583E50E945B398823C3
:1031B00021F10E947D398C0189E40E945B398823CA
:1031C00011F40C94FC850E947039853010F00C9439
:1031D000FC8590E08852984FB801880F991F0F9492
:1031E000B07C82E890E20E94F25E89E09BE10E945E
:1031F000F25E0E94355D0C94FC858DED9AE10E9493
:10320000F25E0C94FC85643009F4B0C0653011F0B6
:103210000C94FC8580E50E945B39882309F425C164
:103220000E94C3394091E103442311F40C94FC85BE
:103230006230710510F40C94FC8561ED7FE087E14C
:1032400090E10E94A8C30C94FC8580E50E945B3944
:103250008823A9F00E94EB3D20E030E04AE754E4E7
:103260000F943B7720E030E040E05FE30F94967DE1
:103270000F940E7FCB010E94F0C30C94FC8581E576
:103280000E945B39882311F40C94FC8585EA9DE04B
:103290000F947C7CBC0190E080E00F94FA7620E0F3
:1032A00030E04AE754E40F94957E0F940F4D0C9450
:1032B000FC8581E50E945B39882311F40C94FC8520
:1032C000B80190E080E04AE00E94FE5B0E94F55C5D
:1032D0000C94FC858091FE1271EAE72E75E1F72EC1
:1032E000813021F06AE9E62E65E1F62E80E50E9444
:1032F0005B39882379F162E270E0809192059091C8
:1033000093050F94C5828C01892BD1F00F5F1F4F5D
:1033100062E270E0C8010F94C582009789F0D82E50
:10332000D01AC7010F942C7AD8120AC0AC015527C5
:10333000B701C8010F944D7A892B11F40C94FC85C8
:103340004091E30360EA70E18DEE90E10E94A8C332
:103350000C94FC8581E50E945B39882311F40C9460
:10336000FC85C7010E94F25E0C94FC8580E50E94FA
:103370005B39882309F470C0809192059091930580
:10338000019690939305809392052091E203222366
:1033900011F40C94FC85BE016F5F7F4F0E9480B6D4
:1033A0008AE090E00F947C7C29813A8112E08217B8
:1033B000930728F011E02817390708F410E0129558
:1033C000110F110F107C8CE090E00F947C7CAC010D
:1033D0002B813C8182E04217530728F081E02417BB
:1033E000350708F480E050E1859FC0011124180FD3
:1033F0008EE090E00F947C7CAC012D813E8182E0D8
:103400004217530728F081E02417350708F480E0BD
:10341000A4E08A9FC0011124180F80E190E00F946E
:103420007C7CAC012F81388592E04217530728F04D
:1034300091E02417350708F490E0190F163510F4C1
:103440000C94FC854091E2036CE370E18CE790E121
:103450000E94A8C30C94FC8581E50E945B398823F7
:1034600011F40C94FC850C94C38181E50E945B39B6
:10347000882311F40C94FC8581E090E00F942C4D8E
:103480000C94FC858BE40E945B39C12CD12CE12C7F
:1034900050ECF52E882349F10E94EB3D6B017C0135
:1034A00020E030E0A9010F948B7E81111EC01092A4
:1034B0007E0510927F0510928005109281050E9472
:1034C0002F688AE998E60E94FD5C87E795E10E94F3
:1034D000FD5C60917E0570917F05809180059091E3
:1034E00081050F940F4D0C94FC8580914803811148
:1034F0001BC020E030E0A901C701B6010F948B7E0C
:1035000087FF05C082E895E10E94F25EDACF20E0F5
:1035100030E040E251E4C701B6010F948B7E87FF93
:103520002CC081E00E942F688091480320E030E0A9
:10353000A901813021F5C701B6010F941F8087FDD5
:10354000E1CF20E030E040E251E4C701B6010F9442
:103550008B7E87FFD7CF20E030E0A901C701B601FD
:103560000F948B7E87FDCECFC0927E05D0927F05D3
:10357000E0928005F0928105A4CF82E0D3CFC7010D
:10358000B6010F941F8087FDBDCF2FE632E143E0E7
:103590005BE3C701B6010F943B772AE037ED43E2C6
:1035A0005CE30F94957D6B017C0120E030E0A90184
:1035B0000F948B7E87FD11C020E030E040E251E4A3
:1035C000C701B6010F941F8018162CF6C12CD12C00
:1035D00040E2E42E41E4F42EC7CFC12CD12C760179
:1035E000C3CF83E50E945B39882359F010E00E9425
:1035F000EB3D0F940E7F812F0F941F0B1F5F153033
:10360000B1F734ECE32E32E0F32E10E0F7018191B4
:103610007F010E945B39882339F00E94EB3D0F94B3
:103620000E7F812F0F941F0B1F5F143079F782E4F8
:103630000E945B39882339F00E94EB3D0F940E7F86
:1036400084E00F941F0B0F94450A0C94FC8524EC26
:10365000E22E22E0F22E10E0D7018D917D010E9432
:103660005B39882341F00E94EB3D0F94077F4FEFB9
:10367000812F0F94A00A1F5F143071F782E40E941B
:103680005B39882311F40C9442840E94EB3D0C9426
:10369000428494ECE92E92E0F92E10E0F70181913A
:1036A0007F010E945B39882349F00E94EB3D0F9413
:1036B000077F462F6FEF812F0F94A00A1F5F1430F2
:1036C00069F7DCCF8091FE128130C1F11FEF8CE4ED
:1036D0000E945B39882309F440C00E94EB3D6B01D6
:1036E0007C018AE50E945B398823F1F10E94EB3D61
:1036F0009F770E942A504B015C018AE50E945B394A
:10370000082F1092F0161092EF1686E10F94F9220E
:103710008091FE12813061F5153018F4812F0E94DE
:1037200095EC10928D038EEE96E10E949959C50199
:10373000B40190580E942A500C94FC8580E50E94A8
:103740005B39882321F00E947039182FC0CF84E59F
:103750000E945B398111F7CFB9CFC12CD12C8CE8F5
:10376000E82E82E4F82EBDCF60E070E0CB01C1CF3F
:1037700082E0809331078DEF91E60E944FBBA70155
:10378000960160916B1270916C1280916D12909104
:103790006E120F94967D60936B1270936C128093EF
:1037A0006D1290936E1260E070E080EA91E40F94E5
:1037B000013D011106C060E070E08CE092E40E94DF
:1037C0008C500E9483470F94D30B40E064EF71E06C
:1037D00082E390E00F944C188091340E811105C063
:1037E00080918D0381110F94DF0B81E00E94CD53F6
:1037F00082E00E948E528AE593E60E944FBB1092AF
:1038000031078FCF85E50E945B39C12CD12C760121
:10381000882321F00E94EB3D6B017C018AE50E9428
:103820005B398823A1F00E94EB3D9F770E942A50CC
:103830004B015C018091FE12813099F40F94057662
:10384000C501B40190580E942A500C94FC8560E098
:1038500070E08CE092E40E948C5060E070E0CB015C
:10386000E5CFC701B6010E946DBDEACF80EC92E0C2
:103870000E94B13D0C94FC8581EC92E00E94B13D28
:103880000C94FC858091FE12813011F00C94FC8523
:1038900081E40E945B39882311F40C94FC858091AB
:1038A00092059091930540E150E070E060E0019650
:1038B0000F94F977862F0E9417ED0C94FC85809168
:1038C000FE12813011F00C94FC8581E40E945B397A
:1038D00010E0882361F0809192059091930540E17A
:1038E00050E070E060E001960F94F977162F88E5BC
:1038F0000E945B39882361F00E947D39112311F405
:103900000C94FC85BC01812F0E94ABAE0C94FC850D
:1039100090E080E0F3CF83E50E945B39882331F0AB
:103920000E9470398823A9F08130F9F08091FE124D
:10393000813059F488E50E945B39882331F00E9478
:1039400070398230D0F08A32E1F00F941A4D0C9425
:10395000FC8560E08CEA9CE00F94927C1092FE1251
:103960001092AC1210929112E1CF61E08CEA9CE0CF
:103970000F94927C0F94116ED9CF80E00F94D46D88
:10398000E4CF8AE2FBCF843509F075C0109393052C
:103990000093920581E080938A030E947039182F6A
:1039A000209192053091930591E07901E90EF11C87
:1039B000D7018C91803211F0893011F49F5FF5CFDF
:1039C000082E000C990B0F948282F701808390EDF2
:1039D000980F953058F08F3369F0883759F0833657
:1039E000E1F08DE495E10E94F25E11C09091FE122B
:1039F0008F3389F48091FE12813049F490E080E0A9
:103A00000E94FCAB682FD7018C910E94CCEC1092E5
:103A10008A030C943B72833649F48091FE12813004
:103A2000B1F70F94144D682F83E6EFCF913069F40E
:103A30000F94144D181305C08DE595E10F94577B35
:103A4000E6CF812F0E94CCD9E2CF8AE998E60E9486
:103A5000FD5C112359F084E50E94EA5B812F90E020
:103A6000C0960F942C4D8AE598E0BDCF87E498E08E
:103A70000E94FD5CCCCF843409F05DC010939305A7
:103A8000009392050E947D398230910541F18CF4BA
:103A90000196E1F08091351290913612855B9F4E30
:103AA0009F938F931F9284E48F938CED99E00C94F5
:103AB000907283309105F9F0479761F785E40E9491
:103AC0005B39882309F180E00E94A46883E398E0D1
:103AD0009F938F930F94307B0F900F90FFCF0EE248
:103AE00018E022E040E060E072E280E092E00E94B4
:103AF0002C410C943B7207E218E023E041E060E0C7
:103B000070E190E080E0F3CF82E50E945B3991E0C4
:103B100089278093E60680E495E10E94FD5C809110
:103B2000E606882321F08FE198E00C94F77286E195
:103B300098E00C94F7728AE998E60E94FD5C89E8A7
:103B400098E00E94FD5C8091351290913612855B61
:103B50009F4E0E94B96988ED9AE10C94F7722DECA2
:103B60003CEC4CEC5DE3C701B6010F941F801816C6
:103B700014F40C945C740C946A75A3019201622D88
:103B8000732D8E2D9F2D0F948B7E181614F00C9490
:103B9000D07CE5E0CE0ED11CF2E08F0E911C8501A9
:103BA0000C94977C8AE492E10E9460BD42E75AE15E
:103BB00062E080E00E949C53F80181918F01982F70
:103BC0009F7D11F40C94EA8B97EF980F923010F4CC
:103BD0000C94EA8B8D3011F40C94EA8B0E94B6524F
:103BE000EBCF1F920F920FB60F9211240BB60F92CC
:103BF0002F933F934F935F936F937F938F939F93F5
:103C0000AF93BF93EF93FF932091780030917900A9
:103C1000E0911C03F0E0EE0FFF1FE45FFC4F80819A
:103C20009181820F931F9183808380910B038F5F1B
:103C300080930B038031E9F580911C038F5F8093A3
:103C40001C03883071F580910C0390910D039093C3
:103C5000B4068093B3068091100390911103909362
:103C6000B6068093B50680910E0390910F03909352
:103C7000B2068093B10681E08093CD06FF91EF916B
:103C8000BF91AF919F918F917F916F915F914F9174
:103C90003F912F910F900BBE0F900FBE0F901F9072
:103CA000189580910A034FE553E08F5F41F410921D
:103CB0000A0380917A00806480937A00DFCF9A01B2
:103CC000082E02C0359527950A94E2F720FFEDCF24
:103CD00080930A030E946F3810920B03EACFCF93B0
:103CE000DF93CAE7D0E088818F7B888310920B0333
:103CF00010921C0310920A0380E00E946F38ECE0DF
:103D0000F3E080E1DF011D928A95E9F78881806404
:103D10008883DF91CF9108958091E8039091E90322
:103D2000089522E02093C0001092C50090E1909386
:103D3000C4008091C10080618093C1008091C10066
:103D400088608093C1008091C10080688093C10029
:103D500080912F058130A9F42093C8001092CD00E6
:103D60009093CC008091C90080618093C9008091BC
:103D7000C90088608093C9008091C90080688093E1
:103D8000C90008958150823108F05AC0E82FF0E050
:103D90008827E253F1468F4F0D947E7DEE9EF29E72
:103DA000E09EE69EEA9E209FF59EFB9EFF9E059F5D
:103DB000099F0D9F139F179F209F1B9F219F259F4A
:103DC000809180008F77809380000895809180009B
:103DD0008F7DF9CF80918000877FF5CF84B58F7775
:103DE00084BD089584B58F7DFBCF8091B0008F771F
:103DF0008093B00008958091B0008F7DF9CF8091BD
:103E000090008F77809390000895809190008F7D2F
:103E1000F9CF80919000877FF5CF8091A0008F77B8
:103E20008093A00008958091A0008F7DF9CF8091AC
:103E3000A000877FF5CF809120018F7780932001AC
:103E40000895809120018F7DF9CF80912001877F97
:103E5000F5CF83B1829581700895CF92DF92EF9272
:103E6000FF922091EA03B0E0A0E0C0902007D0903C
:103E70002107E0902207F090230720FF42C0C81AD4
:103E8000D90AEA0AFB0AC0922007D0922107E092E1
:103E90002207F0922307CB01B0E0A0E0C0902407F6
:103EA000D0902507E0902607F090270721FF36C025
:103EB000C81AD90AEA0AFB0AC0922407D092250739
:103EC000E0922607F092270770E060E080912807D3
:103ED00090912907A0912A07B0912B0722FF2BC0B0
:103EE000841B950BA60BB70B80932807909329078B
:103EF000A0932A07B0932B07FF90EF90DF90CF900D
:103F000008958C0D9D1DAE1DBF1D809320079093BD
:103F10002107A0932207B0932307BDCF8C0D9D1DD1
:103F2000AE1DBF1D8093240790932507A0932607FD
:103F3000B0932707C9CF840F951FA61FB71FD4CFF3
:103F4000FB01118210826AE0DC012C9120532A309F
:103F5000A0F440815181649F9001659F300D112430
:103F6000318320834D91CD0120533109240F311D20
:103F700047FD3A9531832083E7CF0895FC01808186
:103F8000882321F0813029F482E001C081E0808320
:103F9000089510820895FC019491903249F087EFC2
:103FA000890F823028F081E09D3019F080E008957B
:103FB00081E008958BE49FE10E94F25E0C94D9F7B2
:103FC0008091350E813021F48DEF9EE10C94F25EEC
:103FD0008EEE9EE1FBCF813021F48EE59EE10C94C4
:103FE000B2528AE59EE1FBCF1F93CF93DF93C82F98
:103FF000D62F0E94BB5340E554E360E080E00E946E
:104000009C534FE354E3CC2311F04EE254E361E0C0
:1040100080E00E949C538FEF809353128093300571
:104020000F949C2A64EF71E080E090E00E94C2FD52
:1040300045E254E362E081E00E949C534EE363E07A
:1040400080E00E94A85388E194E30E94B2526D2F51
:1040500070E0709332056093310584E080937802BC
:104060000E942E58DC2F11E01C2780913105909181
:104070003205009719F197FF0BC0D12F4EE362E094
:1040800080E00E94A85340E263E080E00E94A853D1
:104090008091310590913205181619065CF440E2C2
:1040A00062E080E00E94A8534EE363E080E00E945B
:1040B000A853DC2F10923205109231050F949C2AE0
:1040C00081E00E94586E64E670E080E090E00E941B
:1040D000C2FD0E943358882341F282E08093780227
:1040E00080E00E94E85910925312109230050F940C
:1040F0009C2A8D2FDF91CF911F910895CF93DF934D
:104100000F94D30BCFE5D2E16091DB1270E090E029
:1041100080E00F94FC769B01AC016C857D858E85DB
:104120009F850F94957D6C877D878E879F8762E042
:1041300082E19DE3DF91CF910D94025F0F931F9376
:10414000CF93DF93982F862F142FE901692F0E94B8
:10415000EF52113021F0123079F0CE0115C0CE01AE
:104160000E94B2528AE30E94B652802FDF91CF9113
:104170001F910F910C94B652CE010E94B2528AE365
:104180000E94B65284E29FE1DF91CF911F910F917F
:104190000C94B252DF92EF92FF920F931F93CF9342
:1041A000DF93CDB7DEB763970FB6F894DEBF0FBECF
:1041B000CDBF30915C0420915B04321371C07C014F
:1041C00080915B02882309F443C082E194E39F93CA
:1041D0008F938AE09DE39F938F938E010F5F1F4F14
:1041E0001F930F930F94857BD82E47E050E0B701C3
:1041F000800F912F911D0F945E7C0F900F900F9068
:104200000F900F900F9020E0822F8D0D90E02730BF
:1042100039F02F5FF801E80FF91F30813111F4CF29
:10422000F801E80FF91F2DE520838C0F9D1FFC017D
:1042300012820E94FC45482F6091590480E00E9440
:10424000A85362E1C8010E94DA5680E20E94B65289
:1042500080915A04882321F120915C0480913105DA
:104260009091320528171906D9F410925C0283EE5A
:104270009AE5892B11F00E94E35A81E080935C0259
:104280000E94094663960FB6F894DEBF0FBECDBFFD
:10429000DF91CF911F910F91FF90EF90DF900895E4
:1042A00080915C048F5F80935C04ECCF0D94B75ECB
:1042B000EEEEF6E1628181E06827628385ED9EE0A3
:1042C0000D94927CEEEEF6E1618181E068276183D6
:1042D00087E09FE00D94927C87EA9CE00F946E7CCF
:1042E00061E0823008F4682787EA9CE00D94927CB4
:1042F0008AEA9DE00F946E7C65E0833021F061E0F6
:10430000853009F063E08AEA9DE00D94927C8BEAA7
:104310009DE00F946E7C63E0833009F467E08BEAE4
:104320009DE00D94927C8CEA9DE00F946E7C61E0A0
:10433000811160E08CEA9DE00D94927C87EE93E021
:104340000E94BE9F6091E70380E29CE00D94927C06
:1043500082EE93E00E94BE9F6091E20383EA9DE0BB
:104360000D94927C83EE93E00E94BE9F6091E303E4
:1043700084EA9DE00D94927C86EE93E00E94BE9FBD
:104380006091E60388EA9DE00D94927CCF93DF93E1
:104390008091E4038C33E1F0803501F1883291F0B3
:1043A00088E28093E403C0E9D1E06091E40387EA06
:1043B0009DE00F94927CBE0185EA9DE0DF91CF9154
:1043C0000D94B07C8CE38093E403C8E5D2E0EDCF9C
:1043D00080E58093E403C0E2D3E0E7CF89E18093F6
:1043E000E403CAEFD0E0E1CF8091F61660E08111DE
:1043F00001C061E06093F61687E49DE00D94927C25
:10440000E5E4F6E1608181E0682760838BEB9FE063
:104410000D94927C8FEA9FE00F946E7C61E0811195
:1044200060E08FEA9FE00D94927C8091400481309F
:1044300071F020F0823069F483E001C081E0809364
:1044400040046091400487ED9EE00D94927C82E0F0
:10445000F6CF10924004F5CF89E09FE00F946E7C78
:1044600061E0882321F062E0813009F060E089E0BA
:104470009FE00F94927C81E08093231408950F9322
:104480001F93CF93DF9300D000D01F921F92CDB720
:10449000DEB78C018AE090E00F947C7C9A8389835C
:1044A0008CE090E00F947C7C9C838B838EE090E08A
:1044B0000F947C7C9E838D8380E190E00F947C7CC4
:1044C00098878F83C801DE011196BE01675F7F4F19
:1044D000FC01259134914D915D914217530748F0AD
:1044E0002417350720F00296A617B70789F780E052
:1044F00001C081E028960FB6F894DEBF0FBECDBF95
:10450000DF91CF911F910F9108958CEA9CE00F9459
:104510006E7C882399F01092FE121092AC121092C9
:1045200091128CEA9CE00F946E7C61E0811160E056
:104530008CEA9CE00F94B67C0D941A4D0F94116E8A
:10454000F0CF8091B403882321F0813069F482E0B8
:1045500001C081E08093B4036091B4038FEF9FE0CA
:104560000F94927C0D945C0B1092B403F5CF81E014
:104570009091EE16911180E00C94C959282FCB012F
:10458000213039F0223049F022E061EE70E30C94E2
:104590004E5722E06CED70E3FACF22E065ED70E358
:1045A000F6CF809140026AE972E6882311F06EE945
:1045B00072E622E044EB52EF83EA9BE20C944E5702
:1045C0008091340E811115C08FEF9FE00F946E7CA7
:1045D00022E041EA52EA65E67EE2813031F065E8A8
:1045E0007BE2823011F46AE77BE280E99BE20C9483
:1045F0004E57089586ED9EE00F946E7C6AE972E650
:10460000813011F46EE972E622E045EC52EF84E865
:104610009EE10E944E578EEC9EE00F946E7C22E04D
:1046200048EA52EF6EE972E6813011F06AE972E60B
:1046300083E79BE20C944E5780918F03882321F0EF
:1046400080915B02882351F081E080938F0360E0CA
:104650008AE29DE00E94965A809390030E94CA5875
:104660001092590480915904843008F072C010925D
:104670005C048091E503811149C080ED90E30E94C4
:1046800087566FEA7BEA81E59DE20E94AC568091F5
:10469000E4038C3309F451C0E0F5893109F443C0D7
:1046A0008832D9F168E174EC89E29CE20E945656A6
:1046B0006DE075EA86EF9BE20E94AC568091900314
:1046C000882331F06AEA73EA8EED98E30E94AC56D3
:1046D00089E29DE00F946E7C63ED7EE2882311F009
:1046E0006FEC7EE222E042EF55EA87E99EE10E940C
:1046F0004E570E941946809159048F5F8093590448
:1047000080915B048F5F80935B04ACCF86EC9EE26C
:10471000B6CF8035C1F08F3F29F622E046EC51EA52
:1047200065EF78E305C022E046EC51EA6AEF78E3F2
:104730008DEF9BE20E944E57B5CF22E046EC51EA46
:1047400060EF78E3F5CF22E046EC51EA6BEE78E3D8
:10475000EFCF08950E94CA581092590480915904CD
:10476000843098F410925C0480ED90E30E948756A8
:104770000E941946809159048F5F8093590480915B
:104780005B048F5F80935B04E9CF0895CF9346ED80
:104790005EE260E080E00E949C534AE061E080E0DD
:1047A0000E94A8530E94CA5810925904C2E08091F6
:1047B00059048430F8F410925C04811102C0C09353
:1047C000590469ED77EF83ED9EE20E94565669EF3A
:1047D0007BEB8FEC9EE20E9456560E941946809118
:1047E00059048F5F8093590480915B048F5F80939D
:1047F0005B04DDCFCF9108950E94CA5810925904EE
:1048000080915904843008F06EC010925C0480EDF1
:1048100090E30E9487568091EE166AE972E688233B
:1048200011F06EE972E622E047EB52EA8CE79EE275
:104830000E944E578091EE16882309F441C08330C0
:10484000D9F422E046E551EA63EA7EE289E69BE29A
:104850000E944E5722E046E551EA63EA7EE28DE58A
:104860009BE20E944E578091F616882301F1813019
:10487000A1F10E94F4A124C08091F0166AE972E6C9
:10488000882311F06EE972E622E048E551EA89E6F4
:104890009BE20E944E578091EF166AE972E68823E8
:1048A00011F06EE972E622E042E651EAD8CF22E04A
:1048B00044EF51EA6FE871E383E59BE20E944E57B3
:1048C0000E941946809159048F5F8093590480910A
:1048D0005B048F5F80935B0493CF22E044EF51EA47
:1048E0006DE47BE2E9CF08950E94CA581092590402
:1048F000809159048430A8F510925C0481E59DE212
:104900000E9487568091C8030E94C15A882331F0C3
:104910006BEF7AEA8AE49DE20E94AC568091320EF7
:10492000811106C06BE376EB89E39DE20E94AC56F1
:1049300060E07AEA82E39DE20E94AC566CE275EB9D
:104940008CE29DE20E9456560E94194680915904BD
:104950008F5F8093590480915B048F5F80935B0429
:10496000C7CF089587E08093C8030C9474A486E0B1
:104970008093C8030C9474A485E08093C8030C94BE
:1049800074A484E08093C8030C9474A483E080939F
:10499000C8030C9474A482E08093C8030C9474A49C
:1049A00081E08093C8030C9474A41092C8030C9403
:1049B00074A40E94CA5810925904809159048430FA
:1049C00058F510925C0486EC9EE20E94875661E0E6
:1049D00072E08EE394E20E94AC5669EF71E087E3E7
:1049E00094E20E94AC5661E671E080E394E20E949A
:1049F000AC5669EE71E087E294E20E94AC560E94E8
:104A00001946809159048F5F8093590480915B040B
:104A10008F5F80935B04D1CF08950E94CA58109293
:104A2000590480915904843098F510925C0487E30E
:104A30009CE20E9487564CEB51EA64EB7BE280914A
:104A4000E6030E94BEA242EB51EA6EEA7BE280914D
:104A5000E3030E94BEA248EA51EA6EE87EE180913B
:104A6000E2030E94BEA24EE951EA65E870E280913D
:104A7000E7030E94BEA20E941946809159048F5FED
:104A80008093590480915B048F5F80935B04C9CF4E
:104A90000895CF92DF92EF92FF920F931F93CF93DF
:104AA000DF936C017901C42FD0E0AE010F944D7AF1
:104AB000892BB9F4B801C6018C0F9D1F0E94A09FDD
:104AC000F801208131812E293F293183208381E023
:104AD000DF91CF911F910F91FF90EF90DF90CF90DA
:104AE000089580E0F5CF61E086EB98E30E94F870CE
:104AF0000C94D9F761E08AEB98E30E94F8700C946B
:104B0000D9F761E082EB98E30E94F8700C94D9F732
:104B100061E080EC98E30E94F8700C94D9F7EF9272
:104B2000FF920F931F93CF93DF93CDB7DEB76B97B1
:104B30000FB6F894DEBF0FBECDBF8AE59FE00F949D
:104B40006E7CE82E0AE01FE0F12C48E050E0EF1404
:104B500079F0B801CE010E960F945E7C1E8A60E05B
:104B6000CE010E960F944956F394085F1F4FEDCF78
:104B700065E97FE08E010F5F1F4FC8010F945E7CD7
:104B800019868EE28F8B43E050E061E97CE0CE0134
:104B900048960F945E7C1B8EBE01695E7F4FC801F4
:104BA0000F94BA821F930F938CED93E69F938F938C
:104BB0000E94C67161E088ED93E60E94F8700E9441
:104BC000D9F70F900F900F900F906B960FB6F89447
:104BD000DEBF0FBECDBFDF91CF911F910F91FF9030
:104BE000EF900895CF9389E29DE00F946E7C815001
:104BF000C1E08E3F08F4C0E06C2F89E29DE00F9485
:104C0000927C87E999E30E94F25E8C2F0E94EA5B16
:104C1000CF910C94F55CCF93DF9382EC93E00F94EB
:104C20003B0180916F12811118C080917012811127
:104C300014C0C091FB03D091FC038DEFC53FD80792
:104C400061F081E0C136D80741F0809137128111BF
:104C500004C080913812882331F082E080935B0297
:104C6000DF91CF91089583EACC31D80781F482E0B7
:104C700080935B028AE29DE00F946E7C61E081117B
:104C800060E08AE29DE0DF91CF910D94B67C909137
:104C9000120E8091130E981304C00E94D6498823E7
:104CA00061F00E94114A811110C082E080935B0282
:104CB00080E0DF91CF910D945E1681E0CB31D80773
:104CC000E1F460E081E691E014C081E0CB31D807E7
:104CD00059F083EBCE30D80739F086EAC73ED807C3
:104CE00019F0C951D64F09F70E94BB5360E085EF18
:104CF0009DEFDF91CF910C94734683EBCE30D807B4
:104D000001F38CEFC63CD807E1F28FEBC236D8072F
:104D1000C1F287EAC838D807A1F286EAC93CD807A9
:104D200081F2C951D64F09F0C0CFCBCFEF92FF929D
:104D30000F931F9388ECE82EF12C07E211E030E08E
:104D400020E040E16BE572E184EB9BE20E940353BB
:104D500092E3E92EF12C08E710E030E020E040E19A
:104D600067E572E18FE99BE20E9403532FE7E22E91
:104D7000F12C0FEF10E030E020E048E063E572E155
:104D800085E99BE20E9403531F910F91FF90EF90E2
:104D900008950E94CA581092590480915904843091
:104DA000A8F410925C0486EC9EE20E9487560E9452
:104DB00096A60E941946809159048F5F80935904EA
:104DC00080915B048F5F80935B04E7CF0895EF923F
:104DD000FF920F931F938091590290915A02209154
:104DE0009C03211181C021E020939C0390939E039A
:104DF00080939D038FEF9FE00F946E7C8093B403AC
:104E00000E94CA581092590480915904843008F0C5
:104E10007AC010925C040E94BC4581110E94D34765
:104E200089E09FE20E948756F12CE12C07EE13E007
:104E30002AE030E040E16EE872E08DE99EE20E94F7
:104E400003530E9496A62AE030E040E169E572E053
:104E500088E99EE20E9403538091340E811106C0BE
:104E600060E67BEB88E89EE20E9456560E94CB49A2
:104E7000882331F06AE379E383E198E30E94777154
:104E80006CEF73EA8CE79EE20E94AC568091FE12B2
:104E9000813011F40E94FAA20E94D1A20E94E0A2E5
:104EA0008091400422E045E152EA65E67EE28230EC
:104EB00051F06EE57EE2833031F061E77EE28130D1
:104EC00011F46CE67EE286E79EE20E944E570E9455
:104ED0001946809159048F5F8093590480915B0437
:104EE0008F5F80935B0490CF20919D0330919E0350
:104EF0002817390709F47ECF90939E0380939D0372
:104F00000E94E04777CF1F910F91FF90EF90089597
:104F1000CF938FEF9FE00F946E7C8093B4030E9439
:104F2000CA5810925904C1E080915904843008F0A5
:104F3000F8C010925C0489E09FE20E94875669ECF9
:104F400076EA88E69CE20E94AC560E94274A8823B3
:104F500021F00E94CB49882361F069ED74EA8EE567
:104F60009CE20E94AC5660E27FE18DE49CE20E94EC
:104F700077716CEF73EA8CE79EE20E94AC568CEA84
:104F80009CE00F946E7C6AE972E6882311F06EE96A
:104F900072E622E045E852EA8BE199E30E944E571F
:104FA0008CEA9CE00F946E7C882331F06CEA7BEAFB
:104FB00081E199E30E9456568091FE12813041F4BE
:104FC0000E94FAA268EF7AEA80E49CE20E94AC5662
:104FD0000E94D1A20E94E0A28091340E81119AC059
:104FE000C093E5036CE173EA87E39CE20E94AC5650
:104FF00061EE72EC82EC9CE20E94AC560F944C0481
:10500000882389F08FEA9FE00F946E7C6AE972E64C
:10501000882311F06EE972E622E04AE052EA84E762
:105020009CE20E944E570E94CB49811106C065EF59
:105030007DEF8CE39EE20E94AC568091340E81118C
:105040002AC08091451622E040E052EA6FEA7EE1F4
:10505000811102C06AE17CE281E29CE20E944E572B
:1050600089E09FE00F946E7C22E04CE252EA60E11E
:105070007CE2882361F022E04CE252EA67E07CE2C5
:10508000813029F022E04CE252EA61EE70E385E1E2
:105090009CE20E944E578091400422E045E152EA92
:1050A00065E67EE2823051F06EE57EE2833031F0DB
:1050B00061E77EE2813011F46CE67EE286E79EE2F3
:1050C0000E944E5787EA9CE00F946E7C63ED7EE26F
:1050D000882311F06FEC7EE222E04CE651EA82EA8E
:1050E0009EE10E944E578091340E882331F064E790
:1050F00072EC8FEF98E30E9456560E9419468091F9
:1051000059048F5F8093590480915B048F5F809373
:105110005B040ACF68E174EC89E29CE20E94565677
:1051200067CFCF9108950E94CA5810925904809178
:105130005904843008F063C010925C0489E09FE257
:105140000E94875663E67CEE87EF9CE20E945656EB
:105150008091320E811106C06DE875EB89E39DE206
:105160000E94AC5663E67FE183E198E30E94777189
:1051700067EE7CED8EEE9CE20E94565663E775EA80
:1051800080EE9CE20E9456566AE775EA84ED9CE246
:105190000E94565661E875EA82EC9CE20E94AC5689
:1051A0006BEF71EF80EB9CE20E94AC566AEE77EFFA
:1051B00080EA9CE20E94AC5664E27CEB81E99CE2CE
:1051C0000E94AC566FE179E38FE79CE20E94777111
:1051D0000F944C04882331F068E875EA84E79CE278
:1051E0000E9456560E941946809159048F5F809301
:1051F000590480915B048F5F80935B0498CF08957E
:10520000BF92CF92DF92EF92FF920F931F93CF93B3
:10521000DF93C82FF62EE42EB22E680180E00E94A4
:10522000CD53DCE7FE1408F0DDE2BB20E9F00E947C
:10523000BB53C1111CC080E594E30E94B25288EFB9
:105240008C0F823068F584E690E30E94B25287E4C6
:1052500090E3CC3049F187E390E3CD3029F1CE30B3
:1052600029F586E290E320C00E94B453E2CFC1301A
:1052700011F3C23001F381EB90E3C330F1F281EA24
:1052800090E3C430D1F281E990E3C530B1F281E816
:1052900090E3C63091F2C73091F684E790E3CDCF2A
:1052A000CA3059F583E590E30E94B25242E859E3CF
:1052B00061E080E00E949C53C33040F54AE150E336
:1052C00062E080E00E949C5362E082E10E94EF5223
:1052D000C11117C08D2F0E94B6524FE050E363E01A
:1052E00080E00E949C5363E082E10E94EF52C23052
:1052F00001F18D2F0E94B65220C0CB3009F0A7CF0C
:10530000D1CF84E29FE10E94B252E7CF86EF8C0FAB
:10531000823068F54FEF5FE262E080E00E949C53CC
:105320008AE30E94B65262E082E10E94EF52CA30E4
:1053300001F384E29FE10E94B252C114D10419F03A
:10534000C6010E949D7081E08F0D4E2D50E0440FEC
:10535000551F841715060CF080E0DF91CF911F9147
:105360000F91FF90EF90DF90CF90BF900895CA30DB
:1053700020F741E0C43021F042E0C33009F440E0BE
:105380000D2F20E839E362E082E00E949EA041E018
:10539000C53021F042E0C53008F440E00D2F2EE783
:1053A00039E368E082E00E949EA041E0C63021F02F
:1053B00042E0C63008F440E00D2F2CE739E36EE000
:1053C00082E00E949EA041E0C73021F042E0C73059
:1053D00008F440E00D2F28E739E360E083E00E9405
:1053E0009EA041E0C83021F042E0C83008F440E01F
:1053F0000D2F21E739E369E083E00E949EA09DCF55
:10540000CF93DF9380918F03811118C06091C803FF
:105410008BE0689FB0011124675B724F47E050E05A
:1054200081E993E00F945E7C8091910390E09093EA
:1054300032058093310581E080938F03809131059F
:1054400090913205809734F480E290E09093320599
:105450008093310580913105909132058F3F910500
:1054600039F034F08FEF90E090933205809331055E
:10547000E0919003F0E0E157FC4F80913105828389
:105480000E94B453C1E9D3E089910E94B65283E0EF
:10549000C839D807C9F74EE561E0809190030E94B2
:1054A000A85380919003882329F040E261E0815065
:1054B0000E94A8530E943358882399F0E0919003EA
:1054C0008E2F90E00196079778F4EF5FE0939003BA
:1054D000F0E0E157FC4F828190E090933205809399
:1054E0003105DF91CF9108956091C8038BE0689FEB
:1054F000B0011124675B724F47E050E081E993E00F
:105500000F94827CDF91CF910C94B1460F94C554D7
:1055100010928B0310923205109231050C9445467F
:10552000809174158823F9F081508093741593E26B
:10553000E2EAF4E1AFE7B4E101900D929A95E1F768
:1055400022EA34E190E0981760F443E2F901B3965F
:10555000D90101900D924A95E1F79F5F2D5D3F4F74
:10556000F2CF0F94C55410928B0310923205109213
:1055700031050C944546CF930E94CA5810925904A5
:1055800080915904843030F510925C0489E09FE2E8
:105590000E9487566BE97BEA8EEF9CE20E9456568A
:1055A000C0E061E36C0F2C2F4AEA5BEA89EA9DE2D6
:1055B0000E94E855CF5FC530A1F70E94194680913F
:1055C00059048F5F8093590480915B048F5F8093AF
:1055D0005B04D6CFCF91089584E00D94B81785E091
:1055E0000D94B81786E00D94B81787E00D94B8179E
:1055F00088E00D94B8176091C80381EA9DE00F948C
:10560000927C83E00C949546CF930E94CA581092E6
:10561000590480915904843058F510925C040E941A
:10562000BC4581110E940AFC89E09FE20E948756D6
:1056300066E07AED8EEF9CE20E945656C0E061E390
:105640006C0F2C2F47E15AED89EA9DE20E94E85544
:10565000CF5FC530A1F70E941946809159048F5F32
:105660008093590480915B048F5F80935B04D1CF5A
:10567000CF910895EF92FF920F931F93CF938C01D8
:105680007B010E94CA5810925904809159048430B9
:1056900018F510925C040E94BC4581110E940AFC1E
:1056A00089E09FE20E948756C0E061E36C0F2C2FD7
:1056B000A701C8010E94E855CF5FC530B1F70E942D
:1056C0001946809159048F5F8093590480915B043F
:1056D0008F5F80935B04D9CFCF911F910F91FF9083
:1056E000EF90089564E87BEA81EE91E60C943AAB82
:1056F00060E97BEA8EEE91E60C943AAB65E07DEED4
:1057000089EA9DE20C943AABCF93C82F0F942B5F9C
:10571000882321F08C2FCF910D94D976CF910895C5
:10572000CF93C82F0E94B14661E08C2F0F945E7614
:10573000CF910C940AFC80E00F941D7681E00F94C9
:105740001D7682E00F941D7683E00F941D7684E031
:105750000D941D760D941D7680E00D94D46D0E94FD
:10576000CA581092590480915904843008F043C0FB
:1057700010925C0487E39CE20E94875665ED74EA10
:1057800089E49DE00E94F25660ED74EA84E59DE0B4
:105790000E94F2566BEC74EA8FE59DE00E94F2568F
:1057A00066EC74EA8AE69DE00E94F25661EC74EAC7
:1057B00085E79DE00E94F2566CEB74EA80E89DE07C
:1057C0000E94F25667EB74EA8BE89DE00E94F25665
:1057D00062EB74EA86E99DE00E94F2560E94194647
:1057E000809159048F5F8093590480915B048F5F8F
:1057F00080935B04B8CF08954F925F926F927F922F
:10580000AF92BF92CF92DF92EF92FF920F931F93CE
:10581000CF93DF936C018091FE12C114D10429F063
:10582000D6E0813029F0D5E003C0D4E08130D9F34F
:105830000E94BB5384E080937802C1E000E08D2F8A
:105840008350990B7C010F949C2A81E00E94586E32
:105850008091310590913205009709F497C097FF28
:1058600082C0C1501092320510923105C4300CF440
:1058700080C0802F002E000C990B8E159F050CF018
:1058800074C00F5F0E94BB53C3E049E554E360E07E
:1058900080E00E949C53A02E002E000CBB08C11477
:1058A000D10421F012E0AE14BF0409F013E0D0E0FF
:1058B000DF5F45E850E26D2F81E00E949C531D138D
:1058C000F7CF402E002E000C5508660877089FEF92
:1058D000491A590A690A790A10E01F5F612F8AE0A4
:1058E0000E94EF52C301B2010E9470558FEF481A17
:1058F000580A680A780AD113F0CFC114D10441F0D4
:10590000AE14BF0429F4A60163E081E00E949C5319
:1059100042E25DE361E080E00E949C534EE36C2F25
:1059200080E00E94A85364E670E080E090E00E946E
:10593000C2FD0E943358882309F485CF82E080930A
:1059400078028FEF8C0F800FDF91CF911F910F9115
:10595000FF90EF90DF90CF90BF90AF907F906F90CF
:105960005F904F900895CF5F7DCF87E00F945E16D4
:105970008BCFC1118ACF10162CF401500E94BB535B
:10598000C1E083CF87E00F945E16FACFC4300CF0ED
:1059900070CF7BCF4F925F926F927F92AF92BF9208
:1059A000CF92DF92EF92FF920F931F93CF93DF93EB
:1059B00024E030E041E050E0D901A857BE4DFD01A0
:1059C00065917491861797070CF066C04150510994
:1059D000440F551F440F551FEA01C657DE4DFE0107
:1059E0000591149148575E4DFA0165917491F90142
:1059F000E657FE4DE590F490FE01C590D490FD0170
:105A0000C591D491FA01A590B490861B970BBC0167
:105A1000990F880B990B0F94FC762B013C01B70171
:105A20006C197D09072E000C880B990B0F94FC76DE
:105A30009B01AC01C301B2010F943B776B017C0168
:105A4000BE016A197B09072E000C880B990B0F9475
:105A5000FC769B01AC01C701B6010F94957E6B01EA
:105A60007C01B801110F880B990B0F94FC769B01F8
:105A7000AC01C701B6010F94967DDF91CF911F91C4
:105A80000F91FF90EF90DF90CF90BF90AF907F90FD
:105A90006F905F904F9008954F5F5F4F2C5F3F4F27
:105AA0002038310509F088CFE6E0F2E26591749183
:105AB000072E000C880B990B0F94FC76DECF8F928B
:105AC0009F92AF92BF92CF92DF92EF92FF9290910E
:105AD0002E05882309F49DC0911192C00F94D30B19
:105AE0000E94444A6091590270915A02072E000C9C
:105AF000880B990B0F94FC762091E0043091E1041F
:105B00004091E2045091E3040F943B772AE037ED93
:105B100043E25CE30F943B7720916B1230916C125F
:105B200040916D1250916E120F94967D60936B129E
:105B300070936C1280936D1290936E128BE692E1CB
:105B40000F94592DC0907A02D0907B02E0907C0295
:105B5000F0907D0220E030E040E752E46091E40400
:105B60007091E5048091E6049091E7040F943B77EF
:105B700060937A0270937B0280937C0290937D0203
:105B800081E080932E0590E080E00E94514E20E05D
:105B900030E0A9016091E8047091E9048091EA0481
:105BA0009091EB040F948B7E882311F10F94D30B0B
:105BB0002091E8043091E9044091EA045091EB040B
:105BC00060916712709168128091691290916A12C7
:105BD0000F94957D60936712709368128093691299
:105BE00090936A120F94C13B90E080E00E94514E66
:105BF000C0927A02D0927B02E0927C02F0927D0207
:105C0000FF90EF90DF90CF90BF90AF909F908F90DC
:105C100008959923A9F30F94D30B0E94444A8090CE
:105C20007A0290907B02A0907C02B0907D0220E0EE
:105C300030E040E752E46091F0047091F10480910B
:105C4000F2049091F3040F943B7760937A0270937F
:105C50007B0280937C0290937D02C090E804D090F8
:105C6000E904E090EA04F090EB0420E030E0A901C0
:105C7000C701B6010F948B7E8823E1F0A70196013E
:105C800060916712709168128091691290916A1206
:105C90000F94967D609367127093681280936912D7
:105CA00090936A120F94C13B90E080E00E94514EA5
:105CB0000F94D30B2091EC043091ED044091EE044D
:105CC0005091EF046091E0047091E1048091E2044E
:105CD0009091E3040F94967D6B017C0160915902D1
:105CE00070915A02072E000C880B990B0F94FC76CA
:105CF0009B01AC01C701B6010F943B772AE037ED59
:105D000043E25CE30F943B779B01AC0160916B1223
:105D100070916C1280916D1290916E120F94957D1E
:105D200060936B1270936C1280936D1290936E124D
:105D30008BE692E10F94592D10922E0590E080E0B1
:105D40000E94514E80927A0290927B02A0927C0235
:105D5000B0927D0255CFEF92FF920F931F93CF9396
:105D6000DF9300D01F921F92CDB7DEB7082F162FFA
:105D7000F72E0F942B5F8823D9F00B3029F10431D3
:105D800031F187E5E82EE9820A831B83FC82CE018C
:105D900001960F940A418D8347E5502F612F7F2D87
:105DA0000F94AA6D60E080E00F943A75882359F350
:105DB0000F900F900F900F900F90DF91CF911F9148
:105DC0000F91FF90EF9008951093DB12DACF1093AC
:105DD000DC12D7CF8230910538F0880F991F880FD9
:105DE000991F05970197F1F70895CF93DF93282F17
:105DF00030E0F901E555F44C8491F901EB5AF44C8B
:105E0000D491F901E150F54CC491CC23A1F081115A
:105E10000E94C29EEC2FF0E0EE0FFF1FEB51F54CFD
:105E2000A591B491EC91ED2381E090E009F480E03C
:105E3000DF91CF91089580E090E0FACF1F93CF9348
:105E4000DF93282F30E0F901E555F44C8491F901F6
:105E5000EB5AF44CD491F901E150F54CC491CC23A8
:105E6000A9F0162F81110E94C29EEC2FF0E0EE0FD8
:105E7000FF1FE553F54CA591B4918FB7F894EC91C1
:105E8000111108C0D095DE23DC938FBFDF91CF9135
:105E90001F910895DE2BF8CFCF93DF9390E0FC01A4
:105EA000EB5AF44C24918150954CFC018491882349
:105EB000D1F090E0880F991FFC01EF54F54CA591AB
:105EC000B491FC01E553F54CC591D49161110EC01C
:105ED0009FB7F8948C91E22FE0958E238C932881C4
:105EE000E223E8839FBFDF91CF9108958FB7F894A5
:105EF000EC91E22BEC938FBFF6CF1F93CF93DF9300
:105F0000182FEB0161E00E944CAF209739F460E05C
:105F1000812FDF91CF911F910C941EAFCF3FD10500
:105F200011F461E0F5CFE12FF0E0E555F44CE49198
:105F3000E150E23108F0B3C0F0E08827ED55F045BC
:105F40008F4F0D947E7DB5AFBDAFC2AFCCAFD6AF96
:105F50004FB0E0AFE8AFF0AFFAAF04B00EB01DB095
:105F600027B04FB031B03BB045B084B5806884BD38
:105F7000C7BDDF91CF911F91089584B5806284BD24
:105F8000C8BDF7CF80918000806880938000D09357
:105F90008900C0938800EDCF80918000806280935B
:105FA0008000D0938B00C0938A00E3CF8091800063
:105FB000886080938000D0938D00C0938C00D9CFEF
:105FC0008091B00080688093B000C093B300D1CFBF
:105FD0008091B00080628093B000C093B400C9CFBC
:105FE00080919000806880939000D0939900C09336
:105FF0009800BFCF80919000806280939000D093F2
:106000009B00C0939A00B5CF8091900088608093E8
:106010009000D0939D00C0939C00ABCF8091A000D6
:1060200080688093A0008091A0008F7B8093A00067
:10603000D093A900C093A8009CCF8091A00080625B
:106040008093A000D093AB00C093AA0092CF809120
:10605000A00088608093A000D093AD00C093AC00F6
:1060600088CF80912001806880932001D0932901FE
:10607000C09328017ECF809120018062809320010F
:10608000D0932B01C0932A0174CF809120018860A6
:1060900080932001D0932D01C0932C016ACFC0388A
:1060A000D1050CF03ECF33CF4F925F926F927F922B
:1060B0008F929F92AF92BF92CF92DF92EF92FF9218
:1060C0000F931F93CF93DF93EB016A0179010F9434
:1060D0001419F601008111811C161D06B4F40E1569
:1060E0001F0599F4C801DF91CF911F910F91FF9087
:1060F000EF90DF90CF90BF90AF909F908F907F9068
:106100006F905F904F900C94EAAEB80190E080E001
:106110000F94FA762DEB37E346E855E30F943B777F
:106120004B015C01BE010D2E000C880B990B0F94E6
:10613000FC76A50194010F943B772B013C01A5014E
:1061400094016AE077ED83E29CE30F94957E9B01D6
:10615000AC01C301B2010F94967D4B015C012AE0B2
:1061600037ED43E25EE30F948B7E1816DCF5A50154
:1061700094016AE077ED83E29CE30F94957E20E042
:1061800034E244E759E40F943B7720E030E040E00C
:106190005FE30F94967D0F940E7F5B016E157F0574
:1061A00008F457010A151B0531F4209721F0FCF083
:1061B000F1E0AF1AB108C5010E94EAAEF601B18262
:1061C000A082DF91CF911F910F91FF90EF90DF9010
:1061D000CF90BF90AF909F908F907F906F905F9087
:1061E0004F90089580E1A82E87E2B82EDBCF8FEF85
:1061F000A81AB80AE0CF2F923F924F925F926F9207
:106200007F928F929F92AF92BF92CF92DF92EF9246
:10621000FF920F931F93CF93DF9300D0CDB7DEB7DC
:10622000F901E080F180E114F10409F46CC0161664
:1062300017060CF068C019015B834A836B018983E0
:10624000FA0100811181B80190E080E00F94FA76A4
:106250004B015C01B6010D2C000C880B990B0F94BF
:10626000FC762B013C01A5019401C501B4010F94FA
:106270003B779B01AC01C301B2010F943B779B01BB
:10628000AC016AE077ED83EA9BE30F94957E20E012
:1062900030E040E05FE30F94967D0F940E7F6E1523
:1062A0007F0530F589810F941419EA81FB81808183
:1062B00091810E94EAAEF1018081918101979183E1
:1062C000808381E00F900F900F90DF91CF911F910D
:1062D0000F91FF90EF90DF90CF90BF90AF909F9085
:1062E0008F907F906F905F904F903F902F90089588
:1062F000662777276C197D0998014A815B8189811E
:106300000E9454B0D8CF80E0DDCF0F931F93CF937E
:10631000DF93182F062FD1E0C0E0812F8D2329F0C5
:10632000602F6D238C2F0F941C19CF5FDD0FC330AE
:10633000A1F7DF91CF911F910F9108958F929F92B6
:10634000AF92BF92CF92DF92EF92FF9230E020E0C7
:1063500091E0482F492319F1A901440F551F440F1B
:10636000551FFA01E05EF84FC080D180E280F380D3
:10637000762F7923812C912C54018394772321F05B
:1063800088248A94982C5401C80CD91CEA1CFB1C44
:10639000405E584FFA01C082D182E282F382990FA7
:1063A0002F5F3F4F23303105A1F6FF90EF90DF9034
:1063B000CF90BF90AF909F908F9008952F923F9273
:1063C0004F925F926F927F928F929F92AF92BF9205
:1063D000CF92DF92EF92FF920F931F93CF93DF93B1
:1063E00000D000D0CDB7DEB7C0902007D0902107F5
:1063F000E0902207F09023077C01EC18FD088091C3
:10640000240790912507A0912607B0912707681BC4
:10641000790B8091280790912907A0912A07B091C4
:106420002B07FA01E81BF90BFA83E983FB01FF0F45
:10643000EE0BFF0FFE2FEE1FE27089819A8188E03C
:106440009802812D990B11248470E82B8F2D881FC1
:106450008827881FE82BE093EA0390910B01987B33
:1064600087E0E827E0FD9260E1FD9160E47009F0CB
:10647000946090930B01000089E29FE9011102C032
:1064800090E080E090935305809352053093E903A8
:106490002093E80329813A813E832D8337FF05C08D
:1064A0003195219531093E832D838B0177FF03C000
:1064B000119501951109F7FE03C0F194E194F108DB
:1064C0009801D8010F94867D4B015C012D813E819E
:1064D000D9010F94867D860E971EA81EB91E9701BE
:1064E000D7010F94867D680D791D8A1D9B1D0F9421
:1064F000FA760F94648120E030E040E05FE30F948F
:10650000967D0F940E7F2B014B015B016B013B01CC
:106510001C821B82312C212C1A8219826114710475
:1065200009F448C0E0915205F09153053097F1F518
:1065300080E0EC14FD0440F0C40CD51C89819A81E4
:1065400001969A83898381E00A151B0530F08260E9
:10655000A40CB51C9FEF291A390AED81FE81E815BC
:10656000F90548F08460840C951C2B813C812F5FD9
:106570003F4F3C832B83CE18DF08A01AB10AED8170
:10658000FE818E1A9F0A0F941419E0914E05F09126
:106590004F053097D1F1B201C3011995009711F061
:1065A0000E94EAAEF1E06F1A7108B8CF19958823FE
:1065B00009F4BECFE0915005F0915105309741F0BC
:1065C00030E020E04B815C81B10189819A8119958D
:1065D00081E0672809F480E026960FB6F894DEBFC4
:1065E0000FBECDBFDF91CF911F910F91FF90EF9024
:1065F000DF90CF90BF90AF909F908F907F906F90E3
:106600005F904F903F902F90089584EF91E0C8CF16
:1066100089B18695817091E0892708951F93CF9362
:10662000DF930E94CA58109259041BE0D1E0809178
:106630005904843008F0C1C110925C0482E59EE2E6
:106640000E9487560E94274A811117C00E94C149A3
:10665000811113C08091C90381110FC08091350E43
:10666000833009F053C08091D513882331F06FE84F
:1066700075EA8AE49EE20E9456560E94114A8823D7
:1066800071F00E94D649811104C08091320E84308D
:1066900031F465EF7DEF8CE39EE20E94AC56809171
:1066A000340E882331F060E67BEB88E89EE20E949E
:1066B00056560E94C14981115AC08091120E909184
:1066C000130E891B8F7069F50E94274A811129C01A
:1066D0008091CC03823029F180913812811127C03A
:1066E00066EC7CEF8FE29EE20E94AC5680918503BF
:1066F0008823E9F08091350E60EE7FE9813009F062
:106700002AC181E29EE20E94565611C0843009F0EF
:10671000B4CF80918503882309F4AFCF6AED7FE978
:10672000A8CF67EE76EA87E39EE20E94AC56C0915E
:1067300070120E94CB49C1111AC090916F12911131
:1067400016C0811118C080918A03811110C08091F8
:106750003F1265ED77EF811106C08091D413882335
:1067600031F06CE27FEF8BE09EE20E9456560E9471
:10677000CB49882321F18091CA03811120C08091E7
:10678000CC038230E1F080917902823021F4909143
:1067900051129923A1F090913107983081F062E76E
:1067A0007BEB882341F0813051F48091850388236D
:1067B00031F066E47BEB8EEF9DE20E94AC560E94C6
:1067C000D649811108C00E94CB49811104C00E94A2
:1067D000C149882371F080913107813051F0809157
:1067E0008A03811106C066EC73EA86ED9EE20E9480
:1067F000AC560E94C149811185C00E94274A81116F
:1068000081C08091CA0381117DC08091CC03823008
:1068100009F478C08091D513811105C08091320EA2
:10682000882309F49BC080916716811110C0809164
:106830003F1281110CC08091320E811108C0D0939B
:10684000C70362E67FEB80EF9DE20E94AC56809129
:10685000340E811112C081EA9DE00F946E7CC82F26
:106860000E94CF5A87FD09C0C81739F0C102C00184
:106870001124875B924F0E94CAA080918D038111E1
:1068800041C08091381281113DC08091FE1281304B
:1068900009F06BC08091D41281110AC00E9408B324
:1068A000811106C06BEB7AEA86ED9DE20E94AC5640
:1068B0006CEE7AEA87EC9DE20E94AC566FEE7AEAC3
:1068C00087EB9DE20E94AC5662EF7AEA8EEE91E68B
:1068D0000E94AC568EEC9EE00F946E7C882331F0C3
:1068E00065EF7AEA81EE91E60E94AC5668E877EAB5
:1068F00086EC9EE20E94AC5663E978EA8BE89DE262
:106900000E94AC5669E071E080E89DE20E94AC56BE
:1069100069E673EF85E79DE20E94AC568091FE1216
:10692000813031F46FED75EF86E69DE20E94AC5642
:1069300069E176EF8EE59DE20E94AC560E94194611
:10694000809159048F5F8093590480915B048F5F1D
:1069500080935B046CCE87E19EE2D5CED093C703D3
:1069600085EE9DE20E94875672CF8091EE168823B5
:10697000E9F08091EF16811106C065E871E089EABF
:106980009DE20E94AC560E9408B3882329F061EF73
:1069900070E087EB9DE2A8CF8091EF16882309F481
:1069A000A5CF69ED75EF87E99DE29ECF65E871E0BF
:1069B00089EA9DE20E94AC56EACFDF91CF911F9108
:1069C0000895CF931092C203C3B148E65EE160E040
:1069D00080E00E949C5360E086E00E94EF52C4FB7E
:1069E000882780F90E94EB9F8091FE12813099F4F4
:1069F000C1E08091D412811101C0C0E042E65EE1A5
:106A000060E08AE00E949C5360E081E10E94EF52C6
:106A10008C2F0E94EB9F0E9408B3C82F4CE75EE2C8
:106A200061E080E00E949C5361E081E10E94EF52AE
:106A30008C2F0E94EB9FCF910C94C458CF93C82FFA
:106A400086EA9CE00F946E7CC0956C2F682386EAE2
:106A50009CE0CF910D94927C1F93CF93DF9300D055
:106A600000D01F921F92CDB7DEB7BE016F5F7F4F80
:106A70008091C8030E94F15A8091C8031BE0819F56
:106A8000C00111246FEF7FEF805B924F0F94B07CB9
:106A90006091C803619FB0011124675B724F47E0AA
:106AA00050E0CE0101960F94827C81EA9DE00F9424
:106AB0006E7C9091C80389130AC00E94E35A80E05B
:106AC0000E94CF5A8F3F19F480E10E941EB50E94A8
:106AD000B14628960FB6F894DEBF0FBECDBFDF914A
:106AE000CF911F910895CF93C82F86EA9CE00F9411
:106AF0006E7C682F6C2B86EA9CE0CF910D94927C83
:106B0000CF93C82F86EA9CE00F946E7C982F9C232D
:106B100081E09C1380E0CF910895EF92FF921F9344
:106B2000CF93DF9300D000D01F92CDB7DEB7809116
:106B30008E03811118C081EA9DE00F946E7C182F9E
:106B40000E94C15A882379F080E10E9480B5882391
:106B500051F02BE0129FC0011124805B924F0F94E3
:106B60007C7C892BF1F480918F03882371F081EA7A
:106B70009DE00F946E7C2BE0829FC00111246FEF8B
:106B80007FEF805B924F0F94B07C0E94335821E0DE
:106B9000811120E041E070E060E08AE892EC0E9420
:106BA0004D4620913105309132052115310559F0BE
:106BB00081E0121613060CF080E080938F03109290
:106BC00032051092310581EA9DE00F946E7C1BE046
:106BD000819FB0011124675B724F47E050E0CE0106
:106BE00001967C010F945E7C0E94B45381EA9DE083
:106BF0000F946E7C819FC0011124805B924F0F9493
:106C00007C7CBC01990F880B990B0F94FC7620912A
:106C1000690430916A0440916B0450916C040F94A4
:106C2000957E20918F03222319F13EE320E21F92EB
:106C30003F931F922F939F938F937F936F93FF9216
:106C4000EF9285E494E29F938F930E94A0520FB637
:106C5000F894DEBF0FBECDBF27960FB6F894DEBF07
:106C60000FBECDBFDF91CF911F91FF90EF900895A0
:106C700030E22EE3DCCF6091C80381EA9DE00F94FF
:106C8000927C0C948DB561E088EA9DE00E94965A52
:106C90008093E6038091340E882341F082E0809354
:106CA000E60362E088EA9DE00F94927C68E287EA5E
:106CB0009DE00E94965A8093E40360E971E085EAC2
:106CC0009DE00E947E5A61E084EA9DE00E94965A0F
:106CD0008093E30361E083EA9DE00E94965A8093EB
:106CE000E20361E082EA9DE00E94965A8093E1030C
:106CF00061E080E29CE00E94965A8093E703089549
:106D00000F931F938B010E94A09FFC0120812E32C4
:106D100011F080E034C0B8016E5F7F4F01960E9491
:106D2000A09FFC0120812E32A1F7B8016C5F7F4F3C
:106D300001960E94A09F20E430E0F801378326836B
:106D4000FC01DF019191892F8F7DC1F187EF890FC0
:106D50008230A0F19D3091F19D3299F711969C916E
:106D60009234E1F07CF49134A1F60A5F1F4F28E0E1
:106D700030E045E06BEA7AE3CF010E9449A51F911C
:106D80000F910895943491F0923519F60A5F1F4FD0
:106D900020E230E042E06FE97AE3EECF0A5F1F4F76
:106DA00020E130E044E066EA7AE3E6CF0A5F1F4F75
:106DB00030E020E043E062EA7AE3DECF81E0DFCF3B
:106DC00044E150E0662389F0BC0184E395E00F9430
:106DD0005B7A109248051092330587E29FE10E948A
:106DE000F25E81E080935B020895BC0184E395E04C
:106DF0000F94EE82EECF9091B903891780F4913011
:106E000061F480914905882351F040E25EE460E03E
:106E100070E089E495E00C948EFF80E0089581E0B5
:106E20000895EF92FF921F93CF93DF93EC01162FFB
:106E3000862F0E94FBB68823E9F0BE0184E395E02B
:106E40000F941C7A7C0189E495E00F943B01109328
:106E5000B903109231071092DC03EF2859F061E07A
:106E6000CE010E94E0B6DF91CF911F91FF90EF908D
:106E70000C94D9F7DF91CF911F91FF90EF90089577
:106E8000EF92FF921F93CF93DF93182FEB017A01BC
:106E900080E00F945E1610925C1210925B121092BA
:106EA0005812109257120F949C2A80E00E94586E3C
:106EB0000E94BB534FEE5FE260E080E00E949C5373
:106EC00041EE5FE261E080E00E949C531150193076
:106ED00088F4E12FF0E08827EF58F8448F4F0D94A5
:106EE0007E7DAAB7B3B7C5B7E0B7E9B7ECB7EFB7E0
:106EF000F2B7FBB74FEC5FE262E080E00E949C5388
:106F000041EC5FE263E080E00E949C5368EE73E036
:106F100080E090E00E94C2FD80E00F945E1664E67F
:106F200070E080E090E00E94C2FD0F949C2A80E017
:106F30000E94586E0E943358882389F362E087E3E9
:106F400090E30E9411B7DF91CF911F91FF90EF90D6
:106F50000C94D9F746EB5FE262E080E00E949C531C
:106F600049EA5FE2CFCF40EA5FE262E080E00E9460
:106F70009C5349EA5FE263E080E00E949C5363E037
:106F800082E10E94EF52CE0118C04AE95FE262E05E
:106F900080E00E949C5362E082E10E94EF52CE01A9
:106FA0000E94425742E95FE263E080E00E949C5306
:106FB00063E082E10E94EF52C7010E944257A6CFD0
:106FC00042E85FE262E080E00E949C534AE95FE2AF
:106FD000D2CF4FE354E3C9CF4EE254E3C6CF45E7E7
:106FE0005FE2F0CF49E65FE262E080E00E949C53FE
:106FF00044E65FE2C0CF44E55FE262E080E00E94E9
:107000009C534CE45FE2B7CF8F929F92AF92BF92B6
:10701000CF92DF92EF92FF920F931F93CF93DF9364
:10702000F82E60912E0E70912F0E8091300E90915F
:10703000310E0F94077F4B016B016091B503709186
:10704000B6038091B7039091B8030F94077FEB01CB
:107050009CE3A92E88EC90E0FF2031F06B01E40165
:1070600024EBA22E90E080E090935C1280935B1260
:1070700084E690E0F11002C090E080E09093581216
:10708000809357120F949C2A81E00E94586EE12C45
:10709000B12C85E0982E8091381281111CC00F947C
:1070A0009C2A81E00E94586E00E911E020E042E055
:1070B0006B2D87E0F11001C088E00E9400A9B82E76
:1070C0008E2D692D0F941D7D911102C00E940B5DC4
:1070D000E394EA10E0CF10925C1210925B121092CF
:1070E0005812109257120F949C2AB601DD0C880B8F
:1070F000990B4E01DD0FAA08BB08FF2009F44DC013
:107100000F94FC769B01AC016091B5037091B603BE
:107110008091B7039091B8030F94957D0F94077FEA
:10712000EB01C501B4010F94FC769B01AC016091A9
:107130002E0E70912F0E8091300E9091310E0F9483
:10714000957D0F94077F1091381211110CC0F1102A
:1071500044C0693071050CF046C08EE190E011E04A
:10716000C817D9073CF440EE52E0BA0180E00E9413
:1071700040B710E00F949C2A81E00E94586E812F46
:10718000DF91CF911F910F91FF90EF90DF90CF9003
:10719000BF90AF909F908F9008950F94FC769B01C5
:1071A000AC0160912E0E70912F0E8091300E909157
:1071B000310E0F94957D0F94077FEB01C501B4014B
:1071C0000F94FC769B01AC016091B5037091B603FE
:1071D0008091B7039091B803B2CF89E090E06E310F
:1071E00071050CF4BCCF40EE52E0BA0181E00E9480
:1071F00040B7C0CF2F923F924F925F926F927F9293
:107200008F929F92AF92BF92CF92DF92EF92FF92B6
:107210000F931F93CF93DF938C010E94D74881E097
:107220000E94586E1801220C331C220C331CE10101
:10723000C15ADD4E88809980AA80BB8020E030E072
:1072400040E050E4C501B4010F94967D68837983D2
:107250008A839B8360E070E084E392E40F94013DB5
:1072600095E0E92EF12C0E94D74820E030E048E478
:1072700052E4688179818A819B810F94967D68832D
:1072800079838A839B836CE670E08EE20E947DAFF7
:1072900060E070E088E493E40F94013D0F94D30B19
:1072A0008091B40362E270E0811102C064E470E096
:1072B0008EE20E947DAF20E030E048E452E4688135
:1072C00079818A819B810F94957D688379838A83F4
:1072D0009B8360E070E088E492E40F94013D0F949A
:1072E000D30B1E993AC01D9938C021E0E21AF1086B
:1072F00009F0B9CF0E9420FF2B013C0124EC420E83
:1073000029E0521E611C711C81E00E94586EE1014F
:10731000C15ADD4EC880D980EA80FB8020E030E091
:1073200040E85FE31E9926C01D9924C0C701B6013D
:107330000F94957D688379838A839B8360E070E0F6
:1073400084E392E40F94013D0F94D30B0E9420FF3D
:107350004616570668067906E8F668EC72E0012BD7
:1073600011F06AEC72E040EE52E087E00E9440B714
:1073700080E030C0C501B4010F94957DA70196014E
:107380000F948B7E18164CF320E030E040E85FE36A
:10739000C501B4010F94967DA70196010F941F803B
:1073A00087FDDBCFE101C15ADD4E20E030E040E255
:1073B00051E4C701B6010F94967D688379838A836F
:1073C0009B8360E070E084E392E40F94013D0F94AE
:1073D000D30B81E0DF91CF911F910F91FF90EF9040
:1073E000DF90CF90BF90AF909F908F907F906F90E5
:1073F0005F904F903F902F9008952F923F924F9221
:107400005F926F927F928F929F92AF92BF92CF9234
:10741000DF92EF92FF920F931F93CF93DF937C0144
:107420003B01CB016AE070E00F944B7D660E771E46
:10743000E114F104E1F420E030E048E851E4609127
:107440006712709168128091691290916A120F947C
:10745000967D60936712709368128093691290937F
:107460006A1260E070E084E392E40F94013D10E062
:1074700000E0D0E0C0E0D12CC12C312C512C5701C0
:10748000AA0CBB1CAA0CBB1CC501815A9D4E4C0109
:1074900094E0292E2E0C20E030E040E85FE3F40178
:1074A00060817181828193810F94957DF401608365
:1074B00071838283938360E070E084E392E40F94AD
:1074C000013D0F94D30B1E9904C01D9902C01C9B53
:1074D00039C053B0E114F10451F456FA552450F870
:1074E0001D998EC0C2E0D0E0442443942CC0F1E04A
:1074F000EF16F10441F455FA552450F81E9BF2CFD3
:10750000D0E0C0E0F1CF54FA552450F883B1829511
:1075100086958695837021E082278170C82F80E050
:10752000D82F8F93CF931F925F92E6E5F9E3FF93F5
:10753000EF930F94307B0F900F900F900F900F9060
:107540000F90D2CF412C063011050CF04FC00F5FC9
:107550001F4F0F949C2A81E00E94586E6C147D048A
:1075600034F08FEFC81AD80A442009F494CF511090
:1075700020C06AEC72E091E0E916F10441F06CEC95
:1075800072E0E2E0EE16F10411F068EC72E04AEC11
:1075900052E0C130D10531F04CEC52E0229711F0AD
:1075A00048EC52E084E0C614D7040CF483E00E9457
:1075B00040B7F501E15AFD4E10821182128213820A
:1075C0000F94C13B852DDF91CF911F910F91FF90BB
:1075D000EF90DF90CF90BF90AF909F908F907F9073
:1075E0006F905F904F903F902F90089510E000E0D3
:1075F00020E043E0632D822D0E9400A9382EA9CF00
:10760000C1E0D0E071CF0E94D9F71092B903809108
:10761000CA03811139C080914002811102C081E00A
:1076200008958FEF80935312809330050F949C2A16
:1076300083E00E94E8590E9420FF6093F716709340
:10764000F8168093F9169093FA1681E08093AF03B1
:1076500068EE73E080E090E00E94C2FD0F949C2AE7
:1076600081E00E94E85910925312109230050F9455
:107670009C2A8091B0039091B103459784F662E013
:1076800088EB9EE10E9411B780E008950E9403BB41
:10769000882321F08EED9EE10C94F25E0895CF9345
:1076A000DF93EC0180E00E94FBB6882331F061E0BB
:1076B000CE01DF91CF910C94E0B6DF91CF91089588
:1076C00061E08EE693E60E94F87082E080933107D5
:1076D0008CE09FE50E944FBB0E94D9F783E0809326
:1076E0005B0208950E9403BB882341F110928C0332
:1076F0008CE09FE50E944FBB0F94D30B88E08093F2
:1077000031070E94DB5981E00E94E859109238123B
:1077100060E070E080E89FE30E944E4A1092CB0345
:1077200080918403823011F40F94FD090E94D748A0
:107730008DEC9EE10E94F25E109231070895CF9386
:10774000DF93EC0180E00E94FBB6882331F060E01B
:10775000CE01DF91CF910C94E0B6DF91CF910895E7
:10776000CF93DF93C82FDFB7662389F1F8940F9486
:10777000F90181E08093330E1092C9030E949D4766
:107780000F9425400E94676710928C030F940D0C94
:10779000DFBF1092CB030F94210A809167168823D4
:1077A00021F01092D4130F94664D80E19FE10E9466
:1077B000F25E10920613C1111092381281E080938C
:1077C000320E1092350EDF91CF910C94D9F7F894C8
:1077D00081E08093330E1092C9030E949D470F945D
:1077E00025400E94676710928C030F940D0CDFBF39
:1077F000D4CF60E081E00C94B0BB43EA58E360E092
:1078000080E00E949C531E9916C04DE958E361E048
:1078100080E00E949C531D9B11C04AE958E362E03E
:1078200080E00E949C531C9B0CC044E958E363E039
:1078300080E00C949C5340EA58E3E9CF47E958E3D1
:10784000EECF41E958E3F3CF0E94FDBB0C94C4583E
:10785000CF92DF92EF92FF920F931F93CF93DF931C
:10786000D82F6B017A01C22F40E2811101C04EE393
:1078700063E080E00E94A853C6010E94B25240E239
:10788000D13009F44EE363E08C2F0E94A853C70166
:107890000E94B2520115110519F1C8010F942C7AFA
:1078A000D82EC7010F942C7ACE5F93E19D198C0FCF
:1078B000891708F4892F833108F082E140E2D23041
:1078C00009F44EE363E00E94A853C801DF91CF9111
:1078D0001F910F91FF90EF90DF90CF900C94B252D8
:1078E000DF91CF911F910F91FF90EF90DF90CF909C
:1078F00008954F925F926F927F928F929F92AF9274
:10790000BF92CF92DF92EF92FF920F931F93CF938C
:107910008C010E9420FF28EE33E040E050E00F94FD
:10792000E17C69017A010E942E5884E080937802FC
:1079300088EE882E83E0982EA12CB12C2801712C82
:10794000612C0F949C2A81E00E94586E0E9420FFB7
:10795000A50194010F94E17C2C193D094E095F09A2
:10796000421653066406750620F4C1E001151105A0
:1079700009F4C0E00E943358811102C0CC2309F3FE
:1079800082E08093780281E08C27CF911F910F9144
:10799000FF90EF90DF90CF90BF90AF909F908F902F
:1079A0007F906F905F904F900895AF92BF92CF926B
:1079B000DF92EF92FF920F931F93CF93DF936C01AF
:1079C0000E947C52E601F12CE12C6F2D80E00E9498
:1079D000EF52C6010E94CB9F882329F08FEFC81A6F
:1079E000D80A09F449C0C6010F942C7A8431910554
:1079F00010F084E190E0E601C80FD91FE3E0FE1229
:107A00000AC0843141F4FE018491E12C882319F0ED
:107A10002297EE24E394FE018491882309F440C068
:107A2000CE010E94CB9F81113BC0FE01849192ED5B
:107A3000980F9230A8F18C3299F196EC980F923011
:107A400078F18F3369F1813259F18E01C016D10678
:107A500058F45801F1E0AF1AB108C5010E94CB9F5C
:107A600081111DC08501F2CFC016D106C9F0E80111
:107A7000F39484E0F812A9CFEE20F9F048E863E02F
:107A800083E10E94A853CE01DF91CF911F910F9106
:107A9000FF90EF90DF90CF90BF90AF900895E801F6
:107AA000CC16DD0628F7F60184918A3009F30E948E
:107AB0003754FFEFCF1ADF0AF3CFD0E0C0E0E3CFB7
:107AC000CF93DF93EC0180E00E94CD530E94BB5323
:107AD000CE01DF91CF910C94D5BCCF92DF92EF9283
:107AE000FF92CF936B017C0182E08093310789EB99
:107AF0009EE50E944FBB1092F0161092EF1620E008
:107B000030E044E352E460916B1270916C1280910A
:107B10006D1290916E120F94957D60936B1270931D
:107B20006C1280936D1290936E126AE077E58DEA85
:107B300092E40F94013D0F94D30B20E030E04CE031
:107B400052E460916B1270916C1280916D12909161
:107B50006E120F94957D60936B1270936C128093EC
:107B60006D1290936E1269E27CE585E891E40F94C2
:107B7000013D0F94D30B20E030E0A901C701B6010D
:107B80000F948B7E8823E1F0A701960160916B1220
:107B900070916C1280916D1290916E120F94967D7F
:107BA00060936B1270936C1280936D1290936E12AF
:107BB00060E070E080E291E40F94013D0F94D30BFC
:107BC00087E09DE20E9460BD149A64E670E080E068
:107BD00090E00E94C2FD82E00F945E16C3E30E9413
:107BE0003358811107C0C15029F084E690E00E940B
:107BF0009D70F5CF0F94D30B0E943358882329F042
:107C000084E690E00E949D70F7CF81E00E94CD5302
:107C10008AE593E60E944FBB109231070E940AFC4E
:107C20008EEE96E1CF91FF90EF90DF90CF900C9485
:107C30009959CF92DF92EF92FF9280E090E0A8EC0A
:107C4000B2E48093671290936812A0936912B09384
:107C50006A1265E575E585E591E40F94013D80EDD7
:107C600097E00E949D7087EE94E20E9460BD609153
:107C70005B1270915C12072E000C880B990B0F940D
:107C8000FC769B01AC0160912E0E70912F0E8091BD
:107C9000300E9091310E0F94957D9F7720E030E06B
:107CA00040EA50E40F941F801816A4F587EE94E282
:107CB0000E9460BD64E080E00E94EF5260915B1220
:107CC00070915C12072E000C880B990B0F94FC76B8
:107CD00020E030E040E05FE30F94967D0F94077F53
:107CE0006B0120E030E040E05FE360912E0E709188
:107CF0002F0E8091300E9091310E0F94967D0F943F
:107D0000077FA60182E80E94CBFC88EE93E00E94E8
:107D10009D70ADCFFF90EF90DF90CF9008952F92A0
:107D20003F924F925F926F927F928F929F92AF920B
:107D3000BF92CF92DF92EF92FF920F931F93CF9358
:107D4000DF9300D000D0CDB7DEB75C016C83342E5A
:107D50003B832A8348012C2C009709F051C08701EE
:107D6000222DA4016A817B81832D0E9428BCD12C05
:107D7000C12C0E9420FF2B013C010E942E5884E060
:107D800080937802DE82CD8224E6298382E390E02C
:107D90000E949D703C8131113AC0809131059091D3
:107DA0003205009709F042C00E943358882309F435
:107DB00067C08D819E81892B09F05EC082E080932F
:107DC000780291E090935C0280935B02832D26966B
:107DD0000FB6F894DEBF0FBECDBFDF91CF911F91DC
:107DE0000F91FF90EF90DF90CF90BF90AF909F905A
:107DF0008F907F906F905F904F903F902F9008955D
:107E00000E9460BD6C01892B09F0B3CFA8CF0E94FE
:107E100020FF641975098609970961337547810543
:107E2000910508F4BACF33243A94C8CF2D813E810E
:107E3000232BF9F4E114F104B1F097FF0FC03110D6
:107E40003A948701222DA4016A817B81832D0E94AF
:107E500028BC1092320510923105A6CF32E03316BD
:107E600081F33394EECF392E3094331C3324331CFA
:107E7000E8CF87E00F945E16C114D10479F484CF63
:107E8000998191509983911181CFC114D10461F0EE
:107E90002D813E81232B11F4BE82AD828D819E8186
:107EA0000E9460BD9E838D838D819E81892B09F008
:107EB0006BCF8701222DA4016A817B81832D0E94D3
:107EC00028BC62CF4F925F926F927F928F929F9267
:107ED000AF92BF92CF92DF92EF92FF920F931F93D8
:107EE000CF93DF93CDB7DEB72D970FB6F894DEBFF3
:107EF0000FBECDBF80918F03813051F130F08230C1
:107F000009F475C210928F03FDC080912314882359
:107F100049F01092231410925C020F94C55481E032
:107F200080935C020F94AE539093970380939603D3
:107F30008091340E8111E0C089E09FE00F946E7C47
:107F40008093990381E080938F038FEF8093980350
:107F500080919A03811107C08AE993E00E9482FF11
:107F600081E080935B0280915B02811121C064EF0C
:107F700071E08AE993E00E9453FF8823A1F0809189
:107F800098038F3F81F082E080938F0310929003DB
:107F900010929303109292038AE993E00E9482FF69
:107FA00081E080935B0280915B02882309F4A6C084
:107FB0008FEF809398038AE993E00E9482FF0E94EA
:107FC000CA5810925904CE0101965C019CED492ECD
:107FD00093E6592E80915904843008F093C0109292
:107FE0005C048091C703882309F4A3C089E09FE261
:107FF0000E94875666ED73E18FE794E10F94721F3C
:108000008091D6138F3209F097C08091451688234E
:1080100031F066E87AEA80E09FE20E94565680904E
:108020009603909097037724739491E0891A9108AE
:1080300008F4D0C180915C0490915B048913C6C19F
:1080400060919903C4010F94355D80915C0490E0C8
:1080500020913105309132056090201482179307EA
:1080600051F4909295038092940360929103409111
:1080700059044093980340915B02662009F461C063
:108080004423C9F04091EB1306ED13E1442311F0B2
:108090000BEE13E1609159044EE38217930709F048
:1080A00040E280E00E94A85385E80E94B65262E157
:1080B000C8010E94DA5680915C0490915A04992379
:1080C00009F484C1209131053091320582171306DD
:1080D00009F07CC110925C0261E086ED93E10F949F
:1080E000495610923205109231050E944546709211
:1080F0005C020E94094699CF82E022CF0E94335849
:10810000811156CF2D960FB6F894DEBF0FBECDBFAE
:10811000DF91CF911F910F91FF90EF90DF90CF9063
:10812000BF90AF909F908F907F906F905F904F9097
:10813000089580ED90E35CCF60E97AEA86E499E304
:108140006CCF4423B1F04091EB1306ED13E14423CF
:1081500011F00BEE13E1609159044EE3821793077F
:1081600009F040E280E00E94A85363E1C8010E9448
:10817000DA5680915C0490915A04992309F426C13F
:1081800020913105309132058217130609F01EC186
:1081900010925C0280918D038111A9CF66ED73E18D
:1081A000C5010F94D982750105E91FE0F7016191BE
:1081B0007F01662319F06E3209F044C060E0C80107
:1081C0000F94927C6EE270E0C5010F94C5827C0131
:1081D000892B19F02FEFE21AF20A670101E91CE07E
:1081E000E114F10421F0F6016081611101C060E049
:1081F000C8010F94927C0F5F1F4FFFEFCF1ADF0A69
:1082000004392CE0120761F7C09074156C2D8AE5D3
:108210009FE00F94927C82ED93E10AE01FE0D12C65
:108220007C01E9E0EE0EF11CDC14B9F048E050E00E
:10823000B8018E5A9F4F0F94827CD394085F1F4FD2
:10824000C701EECFC8010F94927C0F5F1F4F0D390D
:10825000FFE01F0709F0AACFB5CF8091340E882325
:1082600091F0BF92AF925F924F920E94C67161E00F
:1082700088ED93E60E94F8700F900F900F900F908A
:108280000E94D9F734CF61E0C5010F948057C090A8
:10829000E116D090E216E090E316F090E4169C2DE3
:1082A0008D2DF1E0CF16F8E7DF06E104F10410F0C0
:1082B00090E088E7092F182F21E0C21628E7D206A0
:1082C000E104F10408F45CC088E7D81AE108F10879
:1082D000C092E816D092E916E092EA16F092EB16F8
:1082E000C701B6010F94764F0E94676770928C03A6
:1082F00061EE7EE2C8010E94CA558091E816909115
:10830000E916A091EA16B091EB164091E116509152
:10831000E2166091E3167091E41684179507A6079C
:10832000B70790F5611030C020916716211103C086
:1083300080E090E0DC018C199D090E94DC54709271
:10834000D4130E94C9698091391290913A12892BF5
:10835000A1F280E29FE10F94E22C811106C081E43A
:1083600099E30F94E22C882311F0662463948091A2
:108370005012811102C00E947C5B10925012E3CF18
:10838000C12CD12C7601B0CF0E94FD5410928C03E9
:108390000F94B8588AE593E60E944FBB611061CFF5
:1083A0008AE0C82EF12CE12C08E811E32FE831E334
:1083B00041E060E08FEE9EE20E948FBE182F81E0C8
:1083C0000E94CD53112309F44CCF5ACF8F5F809375
:1083D0005C042BCE0E941946809159048F5F8093D4
:1083E000590480915B048F5F80935B04F3CD80918F
:1083F0008E0311E0811105C080915B02811101C0E3
:1084000010E08091920390919303892B91F46091F5
:10841000990380919403909195030F94355D809119
:10842000EB13811146C086ED93E190939303809303
:1084300092031111109290036CE271E08AE993E0CB
:108440000E9453FF811103C0112309F45BCE809178
:10845000910302E1811101C003E14EE360919803B1
:1084600080E00E94A85380919103882319F085E849
:108470000E9437542091900380919203909193032E
:10848000602F820F911D0E94DA56811115C08AE972
:1084900093E00E9482FF809190038F5F809390030E
:1084A000112309F42FCE10929A0381E080938F0359
:1084B00029CE8BEE93E1B9CF10929A03F1CFCF92F0
:1084C000EF92FF920F931F932AE0C22EF12CE12C22
:1084D00003ED1EE22FEC3EE20E948FBE1F910F9132
:1084E000FF90EF90CF90089541E061E087E299E33B
:1084F0000E945FC2811107C061E083E299E30E949C
:10850000F8700E94D9F781E00E94CD5382E08093F9
:108510005B020895CF938091FE128130A1F488E828
:1085200091E30E94FCAB853088F58093DF038AE0FD
:1085300080938D0320E041E070E060E08DE09CEFEF
:10854000CF910C944D468FE59FE00F946E7C811186
:10855000EECF8091EE168230E1F40E9408B3982F9E
:108560009111E5CF86E794E20E9460BD0E942E58EB
:10857000C4E184E690E00E949D700E94335881110E
:1085800002C0C150B1F781E080935C02CF910C949E
:10859000B14641E060E08DE199E20E945FC291E066
:1085A000811190E081E080935C02DACF40E0682F97
:1085B00088EA95E20E945FC2811102C00C947AA5FC
:1085C0000895DF92EF92FF920F931F93CF93DF9363
:1085D00000D01F92CDB7DEB78CEA9DE00F946E7C81
:1085E000E82E8BEA9DE00F946E7C182F8AEA9DE0BE
:1085F0000F946E7C082F0E94CA581092590480E391
:10860000F82EF10E98E7D92E005D80915904843040
:1086100008F047C010925C040E94BC45882329F0F2
:10862000173019F481E00E94D6C286EC9EE20E94C7
:108630008756F982DA82FB821C8220E047E851EA01
:10864000BE016F5F7F4F81EC9EE20E944E5709830F
:108650001A8220E048E751EABE016F5F7F4F85EB49
:108660009EE20E944E5763EA7EE2173031F46AE9D7
:1086700072E6EE2011F06EE972E622E043E951EA7B
:1086800087EA9EE20E944E570E9419469091590433
:108690009F5F9093590490915B049F5F90935B045C
:1086A000B4CF0F900F900F900F90DF91CF911F914B
:1086B0000F91FF90EF90DF900895CF92DF92EF92AD
:1086C000FF920F931F93CF93DF93D82EC92E01E013
:1086D00080915C02811101C000E010925C028D2D3E
:1086E0009C2D0E9460BD7C010E942E5884E08093E6
:1086F0007802E701209729F449E863E083E10E94CA
:10870000A85314E682E390E00E949D700E943358C3
:10871000882381F0209781F482E08093780200938F
:108720005C02DF91CF911F910F91FF90EF90DF904E
:10873000CF900895115031F7E114F104D9F2209748
:1087400011F4CD2DDC2DCE010E9460BDEC01D2CF05
:10875000CF92EF92FF920F931F934130A9F42AE03A
:10876000C22EF12CE12C08E811E32FE831E340E0C0
:1087700061E00E948FBE813069F41F910F91FF90DC
:10878000EF90CF900C94F9BB423021F4CB010E94C2
:108790005DC3F3CF1F910F91FF90EF90CF9008959D
:1087A0008CEA9CE00F946E7C882311F081E00895A0
:1087B0008091EE168823D1F30E9408B38111F6CF81
:1087C0004091E703442391F36BE072E3CB010E94F5
:1087D000A8C381E09091320E913009F480E00895B1
:1087E0001F93CF93DF931091E6031123E9F0EC017F
:1087F00085EA9DE00F947C7C8C179D07A9F0412FA2
:1088000065E971E382EE91E30E94A8C38091340E82
:1088100081110AC01092E50360E08CE193EADF91D8
:10882000CF911F910C947346DF91CF911F910895C2
:108830008091EE16882351F00E9408B3882331F00E
:108840008BEB9BE20E945DC30C94D9F785E080938B
:10885000320EFACF8091FE12813061F481E595E20B
:108860000E945DC384E080938D0361E084EC98E313
:108870000C94F87087E095E20E945DC380E00E944E
:10888000CD530E94BB534DEF51E662E080E00E9461
:108890009C5381E0E8CFCF93C82F10923107179AED
:1088A00010920D07169A10920E07149A10925812F1
:1088B00010925712682F86EA9FE00F94927C6C2FDB
:1088C0008FEA9FE00F94927CCC2379F088E598E3BF
:1088D0000E94F25E8DEC93E20E945DC381E00E94F3
:1088E000CD5382E0CF910C948E528DE198E30E949B
:1088F000F25E84EB93E2F0CF8F929F92AF92BF92A1
:10890000EF92FF920F931F93CF93DF93C82F109294
:108910006712109268121092691210926A120F94E4
:10892000C13B05E513E2C11102C004EF12E2C80128
:108930000E9460BD7C010E9420FF4B015C011092EF
:10894000320510923105E7010F949C2A81E00E94C4
:10895000586E8091310590913205892BD9F162E3EF
:1089600070E080E090E00E94C2FD8091120E8F5F67
:10897000803109F480E09091130E981759F16091BD
:1089800031057091320577FF03C0719561957109CA
:10899000072E000C880B990B0F94FC762091671220
:1089A000309168124091691250916A120F94967D2D
:1089B00060936712709368128093691290936A12A1
:1089C000109232051092310565E575E585E891E470
:1089D0000F94013D0E9433588823B1F10F94254034
:1089E0001092160E0E9433588111FCCF6AE070E09D
:1089F00080E090E00E94C2FD0E9433588111FCCFBC
:108A000041E060E08DEC92E20E945FC28F3FC1F1D5
:108A100081118DCF80E090E0A6E5B3E480936712EA
:108A200090936812A0936912B0936A120F94C13B9D
:108A300081E0DF91CF911F910F91FF90EF90BF9058
:108A4000AF909F908F900895E114F10409F47CCFCA
:108A50000E9420FF681979098A099B0969387341C6
:108A60008105910508F470CF209709F4E801CE0143
:108A70000E9460BDEC010E9420FF4B015C0164CFAD
:108A800080E0D7CF2F923F924F925F926F927F926A
:108A90008F929F92AF92BF92CF92DF92EF92FF920E
:108AA0000F931F93CF93DF93CDB7DEB7CE5CD10981
:108AB0000FB6F894DEBF0FBECDBF182F811104C0D2
:108AC0000F94F9010E94185B80E00E94CD530F942F
:108AD00068610E949D451092550510925405EDE085
:108AE000F7E083E0DF011D928A95E9F781E00E94BB
:108AF000FC48C755DF4F99838883C95AD04083E12A
:108B000098E30E9460BD60E070E080EA90E40E941B
:108B10008C500E94444A80E00F94335F81E00F94B0
:108B2000335F0F94C13B0F9455161092770220E0EB
:108B300030E040EA50E460915F12709160128091E1
:108B40006112909162120F94967D60935F12709300
:108B50006012809361129093621220E030E040EA4C
:108B600050E460916312709164128091651290914B
:108B700066120F94967D60936312709364128093D3
:108B800065129093661260E070E080EA91E40F94C1
:108B9000013D0F94D30B812F0E947CC4E5968FAFCB
:108BA000E597811104C0E5961FAEE5970EC389EDE8
:108BB00097E30E945DC3112309F4E4C240E060E042
:108BC0008BE396E30E945FC2882321F086E196E35F
:108BD0000E945DC389EA97E30E9460BD4BE051E2C9
:108BE00063E080E00E949C530E94D748111120C08E
:108BF00084E08093780241E060E08BE396E30E949A
:108C00005FC2811104C08EEE95E30E945DC383EFC5
:108C100096E30E945DC382E08093780289E897E33F
:108C20000E9460BD43E051E263E080E00E949C53FB
:108C3000009177021092770260E070E080E89FEB8D
:108C40000E942A50C12CD12C80EAE82E80E4F82E14
:108C5000C0926712D0926812E0926912F0926A1282
:108C600081E08093770260E070E080EA91E40F9405
:108C7000013D0F94D30B0093770282E00F94BF0B5A
:108C80002DEC3CEC44EA50E40F948B7E18160CF467
:108C900080C282E00F94BF0B23E333E34BE950E43F
:108CA0000F941F8087FD75C2111178C280E10E9468
:108CB0001EB581EA9DE00F946E7CBBE08B9FC001E6
:108CC000112470E060E0805B924F0F94B07C0E94B2
:108CD000D748E7E0F3E184ECDF011D928A95E9F7DC
:108CE0008FED9EE30E94FD5C81E090E00F942C4D9F
:108CF00089E897E30E9460BDC0926712D092681223
:108D0000E0926912F0926A12B2E0E196BFAFE19789
:108D10002AEB3EE3CD56DF4F39832883C359D04039
:108D200046E053E1CF56DF4F59834883C159D040C5
:108D3000A0965FAF4EAFA097E0963FAF2EAFE09703
:108D4000A7961FAEA797312C212C0E94D74863E02D
:108D500080E00E94EF52BFEF2B1A3B0A3F922F9206
:108D6000EAEDFEE3FF93EF930E94A05265E575E5FF
:108D700085E591E40F945D41E096EEADFFADE0979F
:108D800085919591A591B49180935F129093601213
:108D9000A0936112B0936212E096EEADFFADE09742
:108DA000349685919591A591B49180936312909397
:108DB0006412A0936512B093661260E070E088E4DC
:108DC00092E40F945D414FE35DE35F934F930F9403
:108DD000307B4EE25DE363E084E00E949C530F949D
:108DE000F9010F94D30B80916F008D7F80936F00FA
:108DF0000FB6F894A8958091600088618093600018
:108E0000109260000FBE10925305109252058DE231
:108E10009FE99093510580935005ACE8BEE9B0936B
:108E20004F05A0934E050091280710912907209126
:108E30002A0730912B074091240750912507609114
:108E40002607709127078091200790912107A09114
:108E50002207B09123073F932F931F930F937F9384
:108E60006F935F934F93BF93AF939F938F93EEED69
:108E7000FDE3FF93EF930F94307B409020075090D9
:108E800021076090220770902307B42CA52C8091B5
:108E9000240790912507A0912607B0912707A69651
:108EA0008CAF9DAFAEAFBFAFA697A3969FACA39775
:108EB000A4968FACA497C0902807D0902907E09083
:108EC0002A07F0902B070FB6F894DEBF0FBECDBF78
:108ED000B5E0CB16B7EFDB060CF4D1C11A821982CC
:108EE0001F921F92E3E0EF93F4E8FF931F9224E6B2
:108EF0002F93DF92CF928F929F92AF92BF9245E5D0
:108F00005DE35F934F930F94307B0FB6F894DEBF11
:108F10000FBECDBF89819A81803D924008F47AC10D
:108F200089819A81803A954010F00C9480D69E01F8
:108F30002F5F3F4F790110E000E02CE73CEFA601E6
:108F400044565109692D782D8B2D9A2D0F94436A23
:108F5000882311F40C9480D689819A8180539D4F87
:108F6000C0902807D0902907E0902A07F0902B079F
:108F7000009124071091250720912607309127079B
:108F8000409120075091210760912207709123079B
:108F90009F938F93DF92CF921F930F935F934F9383
:108FA0008AEB9DE39F938F930F94307B409128072A
:108FB0005091290760912A0770912B074854510955
:108FC00000E028EC30E0A3966FADA397A4967FADA8
:108FD000A497C2010E94DEB12091200730912107A1
:108FE00040912207509123076E962CAF3DAF4EAFB4
:108FF0005FAF6E978091240790912507A091260777
:10900000B0912707AE968CAF9DAFAEAFBFAFAE9716
:10901000209128073091290740912A0750912B076A
:10902000E9962CAF3DAF4EAF5FAFE997A2E3BBE04F
:109030000FB6F894DEBF0FBECDBF90E080E0FC011C
:10904000EB5AF14C259134912D933D93FC01E35C57
:10905000F14C2591349157963C932E935697029656
:109060008831910561F7E7964EAD5FADE797AC9615
:109070006EAD7FADAC976C968EAD9FAD6C970F9437
:10908000CB6622E337E0A4963FAF2EAFA4977901D9
:10909000A0E29A2EB0E0CB2EBEE3DB2E09ED12E665
:1090A0005701F0E28F2ED5018D915D011F928F93B4
:1090B000DF92CF920F94307B8A940F900F900F9095
:1090C0000F908110F0CF1F930F930F94307B9A94E1
:1090D000B0E2EB0EF11C0F900F909110E1CF1F93B7
:1090E0000F930F94307B62E37BE00F900F90E2E3ED
:1090F000F7E090E080E050E040E021912111FFC2D4
:109100004F5F5F4F6E177F07C1F79A01280F391F16
:1091100025383340A4F0433351058CF08333910557
:1091200074F020E034E0241B350B281B390B241786
:1091300035072CF41DEF281739070CF4D0C06696BC
:109140001FAE669762961FAE629722961FAE229759
:10915000198282E397E0892B99F082E39BE00FEF7D
:10916000009749F0AE014F5A5F4FBE016B5A7F4FD7
:109170000F94EE65082F8AE49BE0892B09F0C4C2A6
:109180008FEFD4C289E897E30E9460BD47E051E2C7
:1091900027CD8BEE9EE30E945DC305CDC755DF4F03
:1091A00088819981C95AD0400E94E2480E94364481
:1091B0000E9472420E947965E5968FAFE5978823F9
:1091C00009F4F1CC84E00E9473B581E00E94CD5394
:1091D000E5968FADE597C253DF4F0FB6F894DEBF2B
:1091E0000FBECDBFDF91CF911F910F91FF90EF90F8
:1091F000DF90CF90BF90AF909F908F907F906F90B7
:109200005F904F903F902F900895E1E0E196EFAF8F
:10921000E1977ECDFE0131967F0110E000E024E869
:1092200033E0A601692D782D8B2D9A2D0F94436A7A
:10923000882309F475CE89819A8192CE89819A8199
:1092400080349B40B8F4CE0101967C0104EB10E021
:109250002CE73CEFA6014C525140692D782D8B2D07
:109260009A2D0F94436A882329F089819A81805925
:10927000974F76CE90E9C91A91E0D90A29CE00918C
:1092800028071091290720912A0730912B07409138
:109290002407509125076091260770912707809138
:1092A000200790912107A0912207B09123073F93B7
:1092B0002F931F930F937F936F935F934F93BF935E
:1092C000AF939F938F938DE89DE39F938F930F941C
:1092D000307B0FB6F894DEBF0FBECDBF1FEF8DE61B
:1092E0009EE39F938F930F94307B63E084E00E9412
:1092F000EF5280E10E94BD520F94DE3E88E198E279
:109300000FB6F894A895809360000FBE909360000C
:109310008091600080648093600080916F00826023
:1093200080936F000F900F901D3F09F464C31F3F9F
:1093300011F40C9445D620E030E0A901A096EEADE2
:10934000FFADA09761817281838194810F943B77F7
:1093500020915F123091601240916112509162121F
:109360000F94967DA096AEADBFADA09711966D936C
:109370007D938D939C931497C0906312D090641248
:10938000E0906512F090661220E030E0A901159699
:109390006D917D918D919C9118970F943B77A701CA
:1093A00096010F94967DA096EEADFFADA0976583D4
:1093B00076838783908720E030E040E850ECC70157
:1093C000B6010F948B7E87FF0CC080E090E0A0E890
:1093D000B0EC8093631290936412A0936512B093E3
:1093E000661220E030E040E450E460916712709132
:1093F00068128091691290916A120F94967D609321
:109400006712709368128093691290936A12E096C3
:109410002EAD3FADE097285F3F4FE0963FAF2EAFB8
:10942000E097A0964EAD5FADA097485F5F4FA096C6
:109430005FAF4EAFA09754E02516310409F085CCFC
:10944000A7966FADA797662331F0E1968FADE197B0
:10945000813009F0DACE82EE90E29F938F930F94E1
:10946000307B90E080E00E949D700F900F9020E094
:1094700030E040E950EC60910B1370910C13809137
:109480000D1390910E130F948B7E87FFBBC289EB57
:109490009EE30E94F25E87E89EE30E94FD5C60917D
:1094A0000B1370910C1380910D1390910E1342E0E9
:1094B0000E947F5C83E89EE30E94FD5C60E070E0B8
:1094C00080E990EC0F940F4D92E0AF969FAFAF976D
:1094D00010923713109238131092391310923A13D6
:1094E00010923B1310923C1310923D1310923E13B6
:1094F000A4E6E696AFAFE697A2961CAE1DAE1EAEF2
:109500001FAEA297A6961CAE1DAE1EAE1FAEA697AE
:10951000FE0131966896FFAFEEAF68979E012F5B14
:109520003F4F6A963FAF2EAF6A97A6966CAD7DAD62
:109530008EAD9FADA6970F94907E6E966CAF7DAF6B
:109540008EAF9FAF6E97A6966CAD7DAD8EAD9FAD85
:10955000A6970F945681CB57DF4F688379838A8310
:109560009B83C558D040A2966CAD7DAD8EAD9FADAE
:10957000A2970F94907EC757DF4F688379838A83C1
:109580009B83C958D040A2966CAD7DAD8EAD9FAD8A
:10959000A2970F945681CB56DF4F688379838A83D5
:1095A0009B83C559D0406896AEADBFAD6897E0E4E7
:1095B0001D92EA95E9F780E16A96AEADBFAD6A9774
:1095C0001D928A95E9F790E080E00E949D702091BD
:1095D0003713309138134091391350913A13C555D0
:1095E000DF4F288339834A835B83CB5AD0408091F5
:1095F0003B1390913C13A0913D13B0913E13C15584
:10960000DF4F88839983AA83BB83CF5AD040DE0182
:10961000AF5BBF4FC756DF4FB983A883C959D0404E
:10962000FE013196AC96FFAFEEAFAC9700E0CB56A3
:10963000DF4F288139814A815B81C559D04050581C
:10964000ED962CAF3DAF4EAF5FAFED97C757DF4FF5
:1096500088819981AA81BB81C958D040B058C3582C
:10966000DF4F88839983AA83BB83CD57D040CB57E4
:10967000DF4F288139814A815B81C558D0405058DD
:10968000CF57DF4F288339834A835B83C158D0404B
:10969000AC962EAC3FACAC9710E076E0472E73E171
:1096A000572EE4E07E2EC12CD12C7601013011F42E
:1096B0000C94F0D6113011F40C94A2D6002311F4BE
:1096C0000C94E2D6023009F0A1C1D20111962D917D
:1096D0003D914D915C911497CF57DF4F688179810F
:1096E0008A819B81C158D0400F943B774B015C012C
:1096F00011119AC160E070E080E89FE3AAC12F3F9A
:1097000009F000CD0196FECCAE014F5F5F4FBE0168
:109710006F5B7F4F8AE49BE00F94EE6566966FADBA
:10972000669762961FAD6297801728F022966FADFC
:1097300022971981082F083508F45BC170E090E08A
:1097400080E00F94FC7620E030E040EB50E40F9492
:10975000967D2B013C0165964CAE5DAE6EAE7FAE44
:109760006597612F70E090E080E00F94FC7620E038
:1097700030E040EB50E40F94967D4B015C01259660
:109780008CAE9DAEAEAEBFAE259720E030E040E996
:1097900050E429833A834B835C83AE014F5F5F4F74
:1097A000BE016F5B7F4FCE018F5A9F4F0F94A36214
:1097B000A301920165966CAD7DAD8EAD9FAD6597B1
:1097C0000F94957D6B017C019F7720E030E040E4B1
:1097D00050E40F941F80181634F1A50194012596CA
:1097E0006CAD7DAD8EAD9FAD25970F94957D9F7728
:1097F00020E030E040E450E40F941F8018169CF005
:1098000020E030E040EA50E469817A818B819C81DC
:109810000F94957D9F7720E030E040E450E40F9472
:109820001F801816BCF520E030E040EA50E4698162
:109830007A818B819C810F94957D9F938F937F93E9
:109840006F93A501940125966CAD7DAD8EAD9FAD56
:1098500025970F94957D9F938F937F936F93FF929E
:10986000EF92DF92CF9281E29EE39F938F930F94CA
:10987000307B65964CAE5DAE6EAE7FAE659725963D
:109880008CAE9DAEAEAEBFAE25970FB6F894DEBFE0
:109890000FBECDBF20E030E048E751E465966CADE7
:1098A0007DAD8EAD9FAD65970F94957D20E030E046
:1098B00040E852E40F943B776B017C016C96AEADAF
:1098C000BFAD6C97BD01BB0F880B990B0F94FC7655
:1098D0009B01AC01C701B6010F94967D6B017C0121
:1098E0006596CCAEDDAEEEAEFFAE659720E030E023
:1098F00048E751E425966CAD7DAD8EAD9FAD2597C3
:109900000F94957D20E030E040E852E40F943B77DF
:109910004B015C01AC96EEADFFADAC97BF01FF0F04
:10992000880B990B0F94FC769B01AC01C501B40127
:109930000F94967D25966CAF7DAF8EAF9FAF259728
:109940002AE037ED43E25CE30F943B779F938F93DC
:109950007F936F932AE037ED43E25CE3C701B601E2
:109960000F943B779F938F937F936F9385E09EE354
:109970009F938F930F94307B20E030E040E05FE3D3
:1099800025966CAD7DAD8EAD9FAD25970F94967DE0
:109990000F94077F6B0120E030E040E05FE36596C5
:1099A0006CAD7DAD8EAD9FAD65970F94967D0F9498
:1099B000077FCB0100E028EC30E0E7964EAD5FADCD
:1099C000E797B6010E94DEB10FB6F894DEBF0FBE76
:1099D000CDBF10E082E19EE0A496AEADBFADA497EE
:1099E0001D92A496BFAFAEAFA4978A179B07A1F7AD
:1099F00076CC1FEFEFCFE596BFADE597A796BFAF4B
:109A0000A79799CCAF961FAEAF9762CDF201258193
:109A1000368147815085C358DF4F688179818A81BB
:109A20009B81CD57D04060CE123011F00C94ECD514
:109A3000D20111962D913D914D915C911497CF5784
:109A4000DF4F688179818A819B81C158D0400F9412
:109A50003B779B01AC01C501B4010F943B779B019F
:109A6000AC01C701B6010F94967D6B017C01011119
:109A70000C94FAD67A94F8E04F0E511C711016CE61
:109A8000D101CD92DD92ED92FD921D011F5F143048
:109A900009F003CE4AEB242E4EE3342EE6E0F3E148
:109AA000A896FFAFEEAFA897C357DF4F1882CD58E7
:109AB000D040C356DF4F1882CD59D040CF55DF4F2D
:109AC0001882C15AD04010E0A896AEADBFADA8979D
:109AD00011962D913D914D915C911497E4962CAF88
:109AE0003DAF4EAF5FAFE49715964D905D906D9092
:109AF0007C901897002311F40C941FD6812C912C84
:109B00005401013081F0023011F00C9413D6CF577C
:109B1000DF4F688179818A819B81C158D0400F9441
:109B20003B774B015C01E4962CAD3DAD4EAD5FAD96
:109B3000E4976E966CAD7DAD8EAD9FAD6E970F9434
:109B40003B776B017C01F101259135914591549151
:109B5000CB55DF4F288339834A835B83C55AD04076
:109B6000A3019201CB56DF4F688179818A819B8165
:109B7000C559D0400F943B779B01AC01C701B6019A
:109B80000F94957DC555DF4F288139814A815B81CE
:109B9000CB5AD0400F94967DCB55DF4F2881398129
:109BA0004A815B81C55AD0400F94957DA5019401EF
:109BB0000F943B77C357DF4F2881CD58D040C35611
:109BC000DF4F3881CD59D040CF55DF4F4881C15A42
:109BD000D040512F0F94967DC357DF4F6883798310
:109BE0008A839B83CD58D040002311F40C9427D650
:109BF000013011F40C942CD6023061F0A3019201D3
:109C0000ED966CAD7DAD8EAD9FADED970F943B772E
:109C10006B017C01F101349685909590A590B490EC
:109C2000E4962CAD3DAD4EAD5FADE497CB57DF4F25
:109C3000688179818A819B81C558D0400F943B7798
:109C4000E4966CAF7DAF8EAF9FAFE497A301920116
:109C5000C757DF4F688179818A819B81C958D0407D
:109C60000F943B779B01AC01E4966CAD7DAD8EAD5E
:109C70009FADE4970F94967DC155DF4F28813981C0
:109C80004A815B81CF5AD0400F94967DA501940103
:109C90000F94957DA70196010F943B77C357DF4F33
:109CA000288139814A815B81CD58D0400F94967DBF
:109CB000C357DF4F6883CD58D040C356DF4F7883FA
:109CC000CD59D040CF55DF4F8883C15AD040192F8E
:109CD000A8964EAD5FADA897485F5F4FA8965FAF5F
:109CE0004EAFA89758E0250E311CA6E2B3E1A89626
:109CF000EEADFFADA897AE17BF0709F0E5CE9058BF
:109D0000C756DF4FA881B981C959D0406D937D9363
:109D10008D939D93C756DF4FB983A883C959D0400F
:109D20000F5FAC96EEADFFADAC977096AC96FFAF03
:109D3000EEAFAC97043009F0ABCC25962CAD3DAD21
:109D40004EAD5FAD2597AE962CAF3DAF4EAF5FAF3A
:109D5000AE978D819E81AF81B885E4968CAF9DAF23
:109D6000AEAFBFAFE49729853A854B855C85ED960C
:109D70002CAF3DAF4EAF5FAFED978D859E85AF8524
:109D8000B889C358DF4F88839983AA83BB83CD5793
:109D9000D04029813A814B815C81CF57DF4F2883A6
:109DA00039834A835B83C158D04029968CAD9DADE1
:109DB000AEADBFAD2997CB57DF4F88839983AA8378
:109DC000BB83C558D04029893A894B895C89C757DC
:109DD000DF4F288339834A835B83C958D040898DFC
:109DE0009A8DAB8DBC8DCB56DF4F88839983AA8328
:109DF000BB83C559D0402D8D3E8D4F8D58A1C75680
:109E0000DF4F288339834A835B83C959D0408D89CA
:109E10009E89AF89B88DC357DF4F88839983AA8302
:109E2000BB83CD58D0402D962CAD3DAD4EAD5FAD32
:109E30002D97C356DF4F288339834A835B83CD59DF
:109E4000D04089A19AA1ABA1BCA1CF55DF4F888397
:109E50009983AA83BB83C15AD0402DA13EA14FA1B3
:109E600058A5CB55DF4F288339834A835B83C55A76
:109E7000D0408DA59EA5AFA5B8A9CD54DF4F88834E
:109E80009983AA83BB83C35BD04029A53AA54BA580
:109E90005CA5C954DF4F288339834A835B83C75B42
:109EA000D04061968CAD9DADAEADBFAD6197C55450
:109EB000DF4F88839983AA83BB83CB5BD04029A9DA
:109EC0003AA94BA95CA9C154DF4F288339834A833F
:109ED0005B83CF5BD0408DA99EA9AFA9B8ADCD5310
:109EE000DF4F88839983AA83BB83C35CD04029ADAD
:109EF0003AAD4BAD5CADC953DF4F288339834A83FC
:109F00005B83C75CD04021968CAD9DADAEADBFAD3F
:109F10002197C553DF4F88839983AA83BB83CB5C8A
:109F2000D04014E6C12CD12C760146015701260100
:109F30003701A3019201E4966CAD7DAD8EAD9FAD6E
:109F4000E4970F943B779B01AC01AE966CAD7DAD71
:109F50008EAD9FADAE970F94957D2B013C01A50171
:109F60009401ED966CAD7DAD8EAD9FADED970F94E8
:109F70003B779B01AC01C301B2010F94957D2B018E
:109F80003C01A7019601C358DF4F688179818A811E
:109F90009B81CD57D0400F943B779B01AC01C3010F
:109FA000B2010F94957DCF57DF4F288139814A81C7
:109FB0005B81C158D0400F94957E6E966CAF7DAF9B
:109FC0008EAF9FAF6E97C757DF4F288139814A8187
:109FD0005B81C958D0400F943B779B01AC01CB57B4
:109FE000DF4F688179818A819B81C558D0400F9469
:109FF000957D2B013C01A5019401CB56DF4F688173
:10A0000079818A819B81C559D0400F943B779B0110
:10A01000AC01C301B2010F94957D4B015C01A70116
:10A020009601C756DF4F688179818A819B81C95922
:10A03000D0400F943B779B01AC01C501B4010F9454
:10A04000957DC357DF4F288139814A815B81CD5887
:10A05000D0400F94957E2B013C01CF55DF4F2881D6
:10A0600039814A815B81C15AD0406E966CAD7DAD1D
:10A070008EAD9FAD6E970F943B779B01AC01C3569D
:10A08000DF4F688179818A819B81CD59D0400F94BF
:10A09000957D4B015C01CB55DF4F288139814A8189
:10A0A0005B81C55AD040C301B2010F943B779B013D
:10A0B000AC01C501B4010F94957D4B015C01A70172
:10A0C0009601CD54DF4F688179818A819B81C35B82
:10A0D000D0400F943B779B01AC01C501B4010F94B4
:10A0E000957DC954DF4F288139814A815B81C75BE7
:10A0F000D0400F94957E4B015C01C154DF4F288105
:10A1000039814A815B81CF5BD0406E966CAD7DAD6D
:10A110008EAD9FAD6E970F943B779B01AC01C554FC
:10A12000DF4F688179818A819B81CB5BD0400F941E
:10A13000957D6B017C01CD53DF4F288139814A81A8
:10A140005B81C35CD040C301B2010F943B779B019C
:10A15000AC01C701B6010F94957D6B017C01C95319
:10A16000DF4F288139814A815B81C75CD040C501BE
:10A17000B4010F943B779B01AC01C701B6010F946A
:10A18000957DC553DF4F288139814A815B81CB5C46
:10A19000D0400F94957E6B017C01115009F0C9CE1F
:10A1A0006E962CAD3DAD4EAD5FAD6E97C555DF4F94
:10A1B000688179818A819B81CB5AD0400F94967DAA
:10A1C00060933713709338138093391390933A1335
:10A1D000A3019201C155DF4F688179818A819B81FA
:10A1E000CF5AD0400F94967D60933B1370933C13ED
:10A1F00080933D1390933E13A5019401A6966CADF8
:10A200007DAD8EAD9FADA6970F94967DA6966CAF53
:10A210007DAF8EAF9FAFA697A7019601A2966CADBA
:10A220007DAD8EAD9FADA2970F94967DA2966CAF3B
:10A230007DAF8EAF9FAFA297E6969FADE697915008
:10A24000E6969FAFE697911170C9A6966CAD7DAD6D
:10A250008EAD9FADA6970F94907E60932713709359
:10A2600028138093291390932A13A6966CAD7DAD85
:10A270008EAD9FADA6970F94568160932B1370936C
:10A280002C1380932D1390932E13A2966CAD7DAD5D
:10A290008EAD9FADA2970F945681905860932F1367
:10A2A000709330138093311390933213A2966CAD58
:10A2B0007DAD8EAD9FADA2970F94907E60933313CA
:10A2C000709334138093351390933613A6962CAD68
:10A2D0003DAD4EAD5FADA697A2966CAD7DAD8EAD9A
:10A2E0009FADA2970F94957D4B015C017C016B01A2
:10A2F000E894F7F821EE3EE245E652E4A2966CAD12
:10A300007DAD8EAD9FADA2970F943B779F938F93BA
:10A310007F936F9321EE3EE245E652E4C501B4011E
:10A320000F943B779F938F937F936F938EE890E288
:10A330009F938F930F94307BB701A60180E69FE037
:10A340000F94A47C0FB6F894DEBF0FBECDBF2FE1F3
:10A3500032E449E05BE3C701B6010F941F8010E0CF
:10A36000181664F425E33AEF4EE85BE3C701B60143
:10A370000F941F8012E018160CF011E025E33AEF5D
:10A380004EE85BE3A6966CAD7DAD8EAD9FADA69716
:10A390009F770F941F8018160CF466C425E33AEFDC
:10A3A0004EE85BE3A2966CAD7DAD8EAD9FADA297FE
:10A3B0009F770F941F8018160CF456C42091271312
:10A3C000309128134091291350912A13AE962CAF47
:10A3D0003DAF4EAF5FAFAE9780912F13909130138A
:10A3E000A0913113B0913213E9968CAF9DAFAEAF0F
:10A3F000BFAFE9972091371330913813409139134B
:10A4000050913A13E4962CAF3DAF4EAF5FAFE49757
:10A4100080912B1390912C13A0912D13B0912E139A
:10A42000ED968CAF9DAFAEAFBFAFED9720913313DC
:10A43000309134134091351350913613C358DF4F88
:10A44000288339834A835B83CD57D04080913B1367
:10A4500090913C13A0913D13B0913E13CF57DF4F25
:10A4600088839983AA83BB83C158D040AAEBBEE3FB
:10A470006C96BFAFAEAF6C9796E0292E93E1392E64
:10A48000F101C180D280E380F480458056806780EE
:10A4900070846C96EEADFFAD6C972591359145912A
:10A4A0005491CB57DF4F288339834A835B83C55848
:10A4B000D0406C96EEADFFAD6C973496859095903C
:10A4C000A590B490ED962CAD3DAD4EAD5FADED9742
:10A4D000C701B6010F943B77C757DF4F6883798375
:10A4E0008A839B83C958D040C358DF4F2881398164
:10A4F0004A815B81CD57D040C301B2010F943B77B5
:10A500009B01AC01C757DF4F688179818A819B81AC
:10A51000C958D0400F94967DCF57DF4F288139819D
:10A520004A815B81C158D0400F94967D9B01AC015C
:10A53000C501B4010F94957D4B015C01A701960103
:10A54000AE966CAD7DAD8EAD9FADAE970F943B7763
:10A550006B017C01A3019201E9966CAD7DAD8EADDE
:10A560009FADE9970F943B779B01AC01C701B60102
:10A570000F94967DE4962CAD3DAD4EAD5FADE49766
:10A580000F94967D9B01AC01CB57DF4F6881798199
:10A590008A819B81C558D0400F94957DA501940177
:10A5A0000F9432802DEC3CEC4CE45FE30F941F8061
:10A5B00018160CF41EEF38E0230E311C6C964EADCD
:10A5C0005FAD6C97485F5F4F6C965FAF4EAF6C9717
:10A5D000A8968EAD9FADA8978215930509F050CF30
:10A5E000111162C1A2962CAD3DAD4EAD5FADA297EB
:10A5F000A6966CAD7DAD8EAD9FADA6970F94967D62
:10A6000020E030E040E05FE30F943B776B017C019A
:10A610000F94907EA2966CAF7DAF8EAF9FAFA29746
:10A6200060932713709328138093291390932A1310
:10A63000C701B6010F945681A6966CAF7DAF8EAF61
:10A640009FAFA69760932B1370932C1380932D13B9
:10A6500090932E139B01AC015058AA962CAF3DAF9E
:10A660004EAF5FAFAA9720932F13309330134093D0
:10A67000311350933213A2968CAD9DADAEADBFADEC
:10A68000A2978093331390933413A0933513B09310
:10A690003613109237131092381310923913109208
:10A6A0003A1310923B1310923C1310923D131092E8
:10A6B0003E13412C512C3201CF56DF4FA881B98176
:10A6C000C159D04011968D909D90AD90BC9014973B
:10A6D00015962D913D914D915C9118976E962CAFEA
:10A6E0003DAF4EAF5FAF6E97CD56DF4FE881F9813A
:10A6F000C359D040C590D590E590F490A501940140
:10A70000A2966CAD7DAD8EAD9FADA2970F943B77B9
:10A71000AE966CAF7DAF8EAF9FAFAE976E962CAD01
:10A720003DAD4EAD5FAD6E97AA966CAD7DAD8EAD75
:10A730009FADAA970F943B779B01AC01AE966CAD91
:10A740007DAD8EAD9FADAE970F94967D9B01AC0114
:10A75000C701B6010F94957D2091371330913813BE
:10A760004091391350913A130F94967D6B017C01FF
:10A77000C0923713D0923813E0923913F0923A1303
:10A7800020E030E040E85FE3C301B2010F94967D22
:10A790002B013C01CD56DF4FE881F981C359D040F0
:10A7A00034962591359145915491AE962CAF3DAF9D
:10A7B0004EAF5FAFAE97A5019401A6966CAD7DAD8F
:10A7C0008EAD9FADA6970F943B774B015C016E96C3
:10A7D0002CAD3DAD4EAD5FAD6E97A2966CAD7DAD2F
:10A7E0008EAD9FADA2970F943B779B01AC01C50145
:10A7F000B4010F94967D9B01AC01AE966CAD7DAD1E
:10A800008EAD9FADAE970F94957D20913B13309107
:10A810003C1340913D1350913E130F94967D4B0194
:10A820005C0180923B1390923C13A0923D13B09236
:10A830003E13CF56DF4F48815981C159D040485F00
:10A840005F4FCF56DF4F59834883C159D040CD5613
:10A85000DF4F88819981C359D0400896CD56DF4F8C
:10A8600099838883C359D0402416350609F024CF34
:10A87000A3019201C701B6010F94957E609337132F
:10A88000709338138093391390933A13A301920174
:10A89000C501B4010F94957E60933B1370933C13F4
:10A8A00080933D1390933E134090271350902813AC
:10A8B0006090291370902A13C0903313D0903413F2
:10A8C000E0903513F090361320912B1330912C1318
:10A8D00040912D1350912E13A2962CAF3DAF4EAF49
:10A8E0005FAFA29780912F1390913013A0913113F5
:10A8F000B0913213A6968CAF9DAFAEAFBFAFA69707
:10A90000A7019601C301B2010F943B774B015C0193
:10A91000A6962CAD3DAD4EAD5FADA697A2966CADA3
:10A920007DAD8EAD9FADA2970F943B779B01AC019F
:10A93000C501B4010F94957D4B015C01AC019B01F5
:10A94000C701B6010F94957E6B017C01A6966CAD94
:10A950007DAD8EAD9FADA6979058A50194010F9443
:10A96000957EA6966CAF7DAF8EAF9FAFA697A29651
:10A970006CAD7DAD8EAD9FADA2979058A5019401B1
:10A980000F94957EAA966CAF7DAF8EAF9FAFAA97BE
:10A99000A5019401C301B2010F94957E4B015C01A6
:10A9A00040903713509038136090391370903A13D9
:10A9B00020913B1330913C1340913D1350913E1335
:10A9C000A2962CAF3DAF4EAF5FAFA297C0922713B8
:10A9D000D0922813E0922913F0922A13AA968CADF4
:10A9E0009DADAEADBFADAA9780932B1390932C1362
:10A9F000A0932D13B0932E13A6962CAD3DAD4EAD66
:10AA00005FADA69720932F133093301340933113EB
:10AA1000509332138092331390923413A0923513D3
:10AA2000B0923613C701B6019058A30192010F945A
:10AA30003B776B017C01A2962CAD3DAD4EAD5FAD79
:10AA4000A297A6966CAD7DAD8EAD9FADA6970F94E7
:10AA50003B779B01AC01C701B6010F94957D6093D4
:10AA60003713709338138093391390933A13AA963F
:10AA70006CAD7DAD8EAD9FADAA979058A3019201AC
:10AA80000F943B776B017C01A2962CAD3DAD4EAD92
:10AA90005FADA297C501B4010F943B779B01AC0158
:10AAA000C701B6010F94957D60933B1370933C13DF
:10AAB00080933D1390933E1390E080E00E949D7040
:10AAC00017FDD4C08CEC90E29F938F930F94307B52
:10AAD00047E353E16FE273E187E293E10E94ED42C5
:10AAE00048E050E065EE7FE087E393E10F94827CDD
:10AAF00048E050E06DED7FE087E293E10F94827CC7
:10AB000048E050E065ED7FE08FE293E10F94827CB6
:10AB10000E9472420F900F90C755DF4F8881998134
:10AB2000C95AD0400E94E24880E090E0A0EAB0E438
:10AB30008093671290936812A0936912B0936A127F
:10AB400060E070E080EA91E40F94013D0F94D30B34
:10AB500017FD20C0109267121092681210926912AD
:10AB600010926A1280E090E0A6E1B3E480930507BA
:10AB700090930607A0930707B093080765E575E56E
:10AB800085E591E40F94CE3C86E196E30E945DC397
:10AB90000E94796581E00E94CD5382E00E948E522E
:10ABA00081EB95E31F3F11F40C94CBC81E3F09F0D5
:10ABB00072C0AF964FADAF978FEE94E3442311F47C
:10ABC0000C94CBC88FEA94E3423011F40C94CBC8B8
:10ABD0008AE694E30C94CBC8F20125813681478143
:10ABE0005085C358DF4F688179818A819B81CD5719
:10ABF000D0400C9427CDF2012581368147815085C4
:10AC0000ED966CAD7DAD8EAD9FADED97AFC0F20111
:10AC10002581368147815085ED966CAD7DAD8EAD39
:10AC20009FADED97BDC0A3019201C358DF4F68816E
:10AC300079818A819B81CD57D0400C948FCD812C16
:10AC4000912C30E8A32E3FE3B32E0C9493CDC12C6E
:10AC5000D12C76010C940ACEC12CD12C20E8E22E06
:10AC60002FE3F22E0C940ACE12E0A8CB1E3F89F4FB
:10AC7000AF963FADAF97323009F04ECF85EA90E204
:10AC80009F938F930F94307B45CFAF961FAEAF97B6
:10AC900043CF1FEF41CFAF965FADAF9751110FC0BC
:10ACA0008FEE94E3133040F4E12FF0E0EE0FFF1F3E
:10ACB000EF50FD4F808191810E945DC30DC0AF9622
:10ACC0006FADAF9782E295E3623011F48CE695E3C5
:10ACD0000E945DC3111624F31F3F11F40C94D3C5D9
:10ACE00086E00E9473B58FE59FE00F946E7C811122
:10ACF0000C94E5C886E596E30E945DC30C94E5C814
:10AD000089819A818037984010F00C941EC9AE0159
:10AD10004F5F5F4F7A0104EB10E024E833E0A601B7
:10AD2000485C5109692D782D8B2D9A2D0F94436A1B
:10AD3000882311F40C941EC989819A8180569A4FF8
:10AD40000C94B0C7002311F40C943ACD023009F0F2
:10AD500052CFD20111962D913D914D915C91149756
:10AD60006E966CAD7DAD8EAD9FAD6E970F943B77BB
:10AD70004B015C0160E070E080E89FE3113091F0EE
:10AD8000123009F044CFD20111962D913D914D9191
:10AD90005C9114976E966CAD7DAD8EAD9FAD6E9748
:10ADA0000F943B779B01AC01C501B4010F943B7735
:10ADB0009B01AC01C701B6010F94967D6B017C012C
:10ADC0000C943ACD812C912C60E8A62E6FE3B62E20
:10ADD00011110C9414CD20E030E040E85FE3EACF9D
:10ADE000812C912C50E8A52E5FE3B52E1111C2CF16
:10ADF0000C943ACD1111AACF0C943ACD2F923F92D8
:10AE00004F925F926F927F928F929F92AF92BF927A
:10AE1000CF92DF92EF92FF920F931F93CF93DF9326
:10AE200000D000D000D0CDB7DEB706E013E11F831D
:10AE30000E832E803F801982F101618172818381AE
:10AE400094819B01AC010F94A481882309F47CC0F8
:10AE500089810E94504220E030E048EB51E40F9499
:10AE6000967D6B017C0120E030E04CEF52E40F94C2
:10AE7000957D2B013C0120E030E044E653E4C7011E
:10AE8000B6010F94957D4B015C0120E030E040EC71
:10AE900051E4C701B6010F94957D6B017C01EE81F1
:10AEA000FF812181328143815481C301B2010F941A
:10AEB0003B77A50194010F943B7720E030E942EA0B
:10AEC00056E40F94957E6A837B838C839D83EE8109
:10AED000FF812585368547855089C701B6010F94C6
:10AEE0003B77A50194010F943B7720E030E942E2E3
:10AEF00056EC0F94957E9B01AC016A817B818C811D
:10AF00009D810F94967D4B015C01EE81FF81218D27
:10AF1000328D438D548DC701B6010F943B77A30149
:10AF200092010F943B7720E030E942EA56E40F9417
:10AF3000957E9B01AC01C501B4010F94967DF10192
:10AF40006183728383839483F4E02F0E311C298103
:10AF50002F5F2983273009F06FCF8E819F814C9618
:10AF60009F838E838A5C934109F063CF198708879A
:10AF7000F1E0F983C8018B5A9F4F9F838E8318019C
:10AF800099EA290E311CE885F985658D768D878DC6
:10AF900090A19B01AC010F94A481882309F479C08E
:10AFA00089810E94504220E030E040EA50E40F9452
:10AFB000967D6B017C0120E030E048ED52E40F9477
:10AFC000957D2B013C0120E030E042E553E4C701D0
:10AFD000B6010F94957D4B015C0120E030E040EC20
:10AFE00050E4C701B6010F94957D6B017C01EE81A1
:10AFF000FF8120813181428153810F943B77A501EC
:10B0000094010F943B7720E030E942E256EC0F9434
:10B01000957E6A837B838C839D83F80121813281B5
:10B0200043815481C301B2010F943B77A501940180
:10B030000F943B7720E030E942EA56E40F94957E86
:10B040009B01AC016A817B818C819D810F94967DEF
:10B050004B015C01F1012081318142815381C701A3
:10B06000B6010F943B77A30192010F943B7720E048
:10B0700030E942EA56E40F94957E9B01AC01C5018C
:10B08000B4010F94967DE885F985658F768F878F5B
:10B0900090A3888599854C969987888799819F5F29
:10B0A0009983963009F06FCF0C5F1F4FE3E10232B6
:10B0B0001E0709F05BCF29960FB6F894DEBF0FBECE
:10B0C000CDBFDF91CF911F910F91FF90EF90DF9057
:10B0D000CF90BF90AF909F908F907F906F905F9038
:10B0E0004F903F902F9008952F923F924F925F92F2
:10B0F0006F927F928F929F92AF92BF92CF92DF9288
:10B10000EF92FF920F931F93CF93DF93CDB7DEB7EC
:10B1100067970FB6F894DEBF0FBECDBF082FCE01E4
:10B1200046969F8B8E8B83E0F82E95E1292E0F9407
:10B130003B410093E612402F64E5CE0101960F9447
:10B140002E4149815A816B817C818D810F94AA6D3A
:10B1500061E081E00F943A75182F811107C00F94B8
:10B1600092400F94DA740F94C875E1CF0F94D30B0B
:10B170000F947141813079F10F94C87592E0F91202
:10B1800009C08EEC9EE00F946E7C813019F4802F04
:10B190000F94AF76FA94F110CACF8091160E8823DF
:10B1A00009F4EFC067960FB6F894DEBF0FBECDBFAF
:10B1B000DF91CF911F910F91FF90EF90DF90CF9093
:10B1C000BF90AF909F908F907F906F905F904F90C7
:10B1D0003F902F9008956091DB1270E090E080E046
:10B1E0000F94FC769B01AC0160E070E08CE592E48A
:10B1F0000F94957D362E872E982EE92E262F372FE9
:10B20000482F592F60E070E080E291E40F94957E22
:10B210002B013C01E4E3F5E0822D11928A95E9F7D8
:10B2200010923305832D982DA92DBE2DBC01CD0183
:10B23000912C312CE12C5B016C01D7FAD094D7F81A
:10B24000D09420E030E048E452E40F943D419091E6
:10B25000120E8091130E981709F449C0112331F092
:10B260000F94714111E0813009F010E083E00F94F8
:10B27000BF0B20916B1230916C1240916D12509166
:10B280006E120F94957DA30192010F943B770F945A
:10B29000747E0F940E7F862EE616C1F0E32DE43106
:10B2A00008F0E3E1332433943E0E8FEF111101C017
:10B2B0008DE2F0E0EC5CFA4F808391E090935B02CA
:10B2C00080915C02811102C00E94D1FF90E080E079
:10B2D0000E949D70E82C8091160E882309F4B7CF48
:10B2E00010E037C0C601B50199249394AACF91E02C
:10B2F0009912F8CF0F943B41111108C08FEC9EE0DA
:10B300000E94B55A80ED9EE00E94A85A44E150E0A8
:10B3100064E375E0CE0101960F94EE82FE01319652
:10B32000819187FD2CC080E3DF0111978C938E897A
:10B330009F898E179F07A1F71D8A8AE998E60E94C8
:10B34000FD5C88E29DE30E94FD5CCE0101960E94B7
:10B35000C56989E495E00F943B01112309F40CCFF2
:10B36000802F0F94344D00938D1280910213909191
:10B3700003130196909303138093021313CF81E379
:10B38000D3CF8AE290E89093901280938F1261E07D
:10B3900081E00F943A75C7CECF93DF93D82F0F94E7
:10B3A0002B5FC82F8823D9F08091E5128D17B9F053
:10B3B0000E94274A811102C00F9405760F94F95E0E
:10B3C0001092F0161092EF160F94D30B8D2F0E944F
:10B3D00074D88EEE96E10E9499590F94205F8C2FBD
:10B3E000DF91CF910895CF93C82F682F81E094E328
:10B3F0000F9473408C2F0E94CCD90F94D30B0F94D1
:10B4000005760F94704081E0CF91089580E00E940E
:10B41000F3D981E00E94F3D982E00E94F3D983E05E
:10B420000E94F3D984E00E94F3D90C940AFC0E9494
:10B43000F3D90C940AFCCF92DF92EF92FF920F9314
:10B440001F93CF93DF9300D01F92CDB7DEB70F9439
:10B45000F901D09053128FEF8093531280E5E82EBC
:10B4600089E3F82E0AE419E320E030E048E452E4EE
:10B4700060912E0E70912F0E8091300E9091310EB2
:10B480000F941F8018168CF020E030E048E452E45E
:10B490006091B5037091B6038091B7039091B803A2
:10B4A0000F941F8018160CF040C08EE09FE20E949F
:10B4B00060BD42E864E080E00E94A85360912E0ED7
:10B4C00070912F0E8091300E9091310E0F94077F66
:10B4D0007F936F93FF92EF920E94A05281E80E94A7
:10B4E000B65240E864E089E00E94A8536091B50339
:10B4F0007091B6038091B7039091B8030F94077FC2
:10B500007F936F931F930F930E94A05281E80E9434
:10B51000B65288EE93E00E949D700E940B5D0FB6BC
:10B52000F894DEBF0FBECDBF9FCFD092531281E003
:10B530000E94CD530E94BB534DE35FE260E080E088
:10B540000E949C5360ED77E080E090E00E94C2FD95
:10B5500082E08093780200ED17E021E043E060E0B4
:10B5600080E00E9400A9F82E83E00E94E859109222
:10B570005312109230050F949C2A4DE262E082E152
:10B580000E94A85384EF91E00E949D704CE762E016
:10B5900082E10E94A85384EF91E00E949D704DE2E9
:10B5A00062E082E10E94A85384EF91E00E949D70C6
:10B5B0004CE762E082E10E94A85384EF91E00E9490
:10B5C0009D700E9420FF6093F7167093F816809389
:10B5D000F9169093FA1681E08093AF038091AF0340
:10B5E000882329F084E690E00E949D70F7CF0E94A6
:10B5F000AB4880E00E94E859C090B003D090B103FE
:10B6000094E1C916D10454F100ED17E021E043E0C4
:10B610006F2D81E00E9400A9F82E60E080E00E947A
:10B62000F49F811138C040EE52E0BA0185E00E94DB
:10B6300040B786E4C816D104BCF060E081E00E9407
:10B64000F49F8823D9F061E080E00E94F49F81118B
:10B6500026C040EE52E0BA0185E004C040EE52E060
:10B66000BA0186E00E9440B708E813E121E043E018
:10B670006F2D8DE00E9400A9E12C82C140EE52E0C6
:10B68000BA0189E0EFCF11E094C062E087E390E374
:10B690000E9411B78BC196E4C916D10474F600ED6F
:10B6A00017E021E043E06F2D82E00E9400A9F82E10
:10B6B0001E9904C01D9902C01C9B48C01E9B16C049
:10B6C00020E030E040E251E460915F12709160123E
:10B6D00080916112909162120F94967D60935F1237
:10B6E0007093601280936112909362121D9B16C03A
:10B6F00020E030E040E251E4609163127091641206
:10B7000080916512909166120F94967D60936312FA
:10B710007093641280936512909366121C9B16C0FE
:10B7200020E030E040E251E46091671270916812CD
:10B730008091691290916A120F94967D60936712BE
:10B74000709368128093691290936A1260E070E0BF
:10B7500084E392E40F94013D0F94D30B1E9904C02F
:10B760001D9902C01C9B8FCF1A8219821C821B82DA
:10B770001E9B06C068EC72E0CE0101960F94BA825F
:10B780001D9B06C06AEC72E0CE0101960F94BA824E
:10B790001C9B06C06CEC72E0CE0101960F94BA823D
:10B7A00040EE52E0BE016F5F7F4F82E00E9440B7E3
:10B7B00010E00F949C2A81E00E94586E112309F436
:10B7C00053CF00ED17E021E043E06F2D84E00E94AD
:10B7D00000A9F82E6AEF70E090E080E00E94FDB9C9
:10B7E000882309F441CF10E000E021E043E06F2D11
:10B7F00084E00E9400A9F82E90E080E00E94FAB850
:10B80000882309F431CF0CED15E021E043E06F2DE2
:10B8100085E00E9400A9F82E62ED70E081E090E0E2
:10B820000E94FDB9882309F41FCF10E000E021E059
:10B8300043E06F2D86E00E9400A9F82E81E090E0A1
:10B840000E94FAB8882309F40FCFEAEBFEE3859152
:10B850009591A591B49180935F1290936012A093FB
:10B860006112B0936212EEEBFEE385919591A59182
:10B87000B4918093631290936412A0936512B09375
:10B88000661260E070E080E291E40E942A500E941B
:10B89000444A0CED15E021E043E06F2D86E00E9464
:10B8A00000A9F82E62ED70E082E090E00E94FDB900
:10B8B000182F60E070E080EA91E40E942A50112382
:10B8C00009F4D2CE00ED17E021E043E06F2D87E0D0
:10B8D0000E9400A9F82E81E00E9404B8882309F490
:10B8E000C3CE08EE13E021E043E06F2D88E00E9414
:10B8F00000A9F82E80E00E9404B8E82E882309F4FD
:10B90000B3CE00ED17E021E043E06F2D89E00E9407
:10B9100000A99091FE12913059F521E043E0682F83
:10B920008AE00E9400A9F82E90E080E00E94FCAB23
:10B93000D82E10E000E021E041E060E08AE00E94C3
:10B9400000A910925802109257028D2D0E94CCD956
:10B950000F9405768FEA90E09093580280935702F7
:10B9600000ED17E021E043E06F2D8BE00E9400A97D
:10B9700008E813E121E043E0682F8CE00E9400A971
:10B980001092B90361E080E29FE10E94F87081E0CB
:10B990000E94CD53EE2009F478CE81E00E9473B569
:10B9A00081E39FE20E944FBB0E94D9F781E0809320
:10B9B00078028E2D0F900F900F900F90DF91CF9106
:10B9C0001F910F91FF90EF90DF90CF9008950C940E
:10B9D0001BDAAF92BF92CF92DF92EF92FF920F935A
:10B9E0001F93CF93C82F882329F061E08FE59FE054
:10B9F0000F94927C8CECE82E88E3F82E97EDC92EFC
:10BA0000D12C2CE3A22EB12C0C2F10E01F92CF933F
:10BA1000FF92EF920F94307B0F900F900F900F904A
:10BA2000EFEFEC0FED30A0F4F0E08827E55EF24296
:10BA30008F4F0D947E7D72DD92DD9CDDA4DDD6DD21
:10BA4000EEDD03DEFDDD07DE25DE3BDE4BDE4BDE1D
:10BA5000109251128FE59FE00F946E7C823029F492
:10BA60008AEA9AE20E945DC30DC040E060E087E48C
:10BA70009AE20E945FC2811107C061E08FE59FE0FA
:10BA80000F94927CC1E0C0CF60E08FE59FE00F94FF
:10BA9000927CC0E010E000E01F930F938EE69EE1E1
:10BAA0009F938F930F94307B0F900F900F900F9078
:10BAB000CC3009F4F6C0CD3009F400C18EEB97E22A
:10BAC000CC2309F4F8C081E00E94CD5382E0CF91ED
:10BAD0001F910F91FF90EF90DF90CF90BF90AF90AC
:10BAE0000C948E521092B90381E00E9480B5C2E09E
:10BAF000882309F489CF82E00E9480B5C3E08823BF
:10BB000009F482CF84E00E9480B5C4E0882309F460
:10BB10007BCF80E10E9480B5C5E0882309F474CF13
:10BB2000CCE072CF80E09AE20E945DC30E941BDAF3
:10BB30008111A8CFCDE068CF84EC99E20E945DC36B
:10BB400080E00E9442C5F4CF8EE999E20E945DC375
:10BB500082E799E20E945DC384E599E20E945DC399
:10BB600081E00E9442C5882329F360E070E088EDFF
:10BB700091E40E948C508091FE12813009F482CFB2
:10BB8000D0925C12C0925B1281E399E20E9460BD88
:10BB90000E9419BE60E070E0CB010E946DBD0E9462
:10BBA0002AC410925C1210925B126CCFD0925C127D
:10BBB000C0925B12B0925812A092571241E060E01E
:10BBC0008DE199E20E945FC28823F9F08091FE1214
:10BBD000C7E0813009F418CFC6E016CF20E041E07D
:10BBE00070E060E086EC9CEF0E944D468EED98E29E
:10BBF0000E945DC306E010E04FCF0E9419BE0E9474
:10BC00002AC4CAE001CF0E942AC4C9E0FDCE84EF55
:10BC100096E20E945DC38091FE12813099F48DE915
:10BC200096E20E945DC38FEC95E20E945DC320E026
:10BC300041E070E060E08AE892EC0E944D4609E045
:10BC400010E02ACF8DE696E2ECCF84EF96E20E94D8
:10BC50005DC38091FE12813021F48DE996E20E944D
:10BC60005DC38FEC95E20E945DC384E08093320E49
:10BC70000AE010E011CF41E060E08DE898E20E9418
:10BC80005FC2811105C08FE598E20E945DC3BDCF00
:10BC90008BEF97E2E7CE60E08FE59FE00F94927C18
:10BCA000FBCE1092B9038AE593E60E944FBB0E9437
:10BCB000D9F781EA97E20E945DC305CF81E497E25C
:10BCC000FACFCF93DF9300D000D000D01F92CDB732
:10BCD000DEB7789484B5826084BD84B5816084BD0C
:10BCE00085B5826085BD85B5816085BD80916E001A
:10BCF000816080936E00109281008091810082604B
:10BD00008093810080918100816080938100809187
:10BD100080008160809380008091B1008460809376
:10BD2000B1008091B00081608093B000809191005B
:10BD30008260809391008091910081608093910056
:10BD4000809190008160809390008091A10082603A
:10BD50008093A1008091A10081608093A1008091D7
:10BD6000A00081608093A000809121018260809377
:10BD70002101809121018160809321018091200126
:10BD800081608093200180917A00846080937A00A2
:10BD900080917A00826080937A0080917A0081603D
:10BDA00080937A0080917A00806880937A00109264
:10BDB000C1009FB7F894A89584B7877F84BF0FB65A
:10BDC000F894A8958091600088618093600010923B
:10BDD00060000FBE9FBF9FB7F8941092B00084E040
:10BDE0008093B10080917000816080937000809199
:10BDF00070008D7F80937000809170008B7F8093A6
:10BE000070001092B3009FBF7398579A6B9A8091FD
:10BE10000401826080930401809104018160809319
:10BE200004013D9A3E9A8091F90388608093F9035A
:10BE30002FEF30E782E0215030408040E1F700C032
:10BE4000000081E00E94F35389E298E59093F403A7
:10BE50008093F3031092F6031092F50312E010930F
:10BE6000EE031092F8031092F7030E9434548BE013
:10BE700096EA909300048093FF0384E69BEE9093F0
:10BE8000FE038093FD038BE191E09093FC0380938C
:10BE9000FB036F9880910401877F80930401779A58
:10BEA0009FB7F894809105018860809305019FBF3A
:10BEB0005098589A809104018B7F809304019FB71A
:10BEC000F894809105018460809305019FBFAFE9DC
:10BED000BFE01197F1F700C000008091030101E07D
:10BEE00082FB882780F980278093FA0344E150E0A1
:10BEF0006AE573E684E395E00F945B7A84B1817F11
:10BF000084B984B1876084B985B1817F85B9289A65
:10BF100080E58CBD1DBC0E94BB5381E09CE39F93D8
:10BF20008F9388E09CE39F938F930E94A0526A9A1C
:10BF300060E087ED9EE00E94965A8093400460E0A6
:10BF400088E09FE00E94965A80932F050E94919E60
:10BF500088EF9CE59093520480935104109254040E
:10BF60001092530410934C041092560410925504EE
:10BF700089E494E0909304178093031760E084ECC5
:10BF80009FE00E94965A8093340E0F900F900F906E
:10BF90000F90882371F00093010488E00F94F92238
:10BFA0000E94919E1092EF1661E087E89FE00F9447
:10BFB000927C80E09DE30E94F25E8AE998E60E940E
:10BFC000FD5C89EE9CE30F94577B60E08CEA9CE07B
:10BFD0000E94965A81110F94116E0F941A4D86E3A8
:10BFE0009CE30E94FD5C62E086ED9EE00E94965A12
:10BFF000813009F074C08EE992E60E94F25E14B7B7
:10C0000010FF04C082E590E20F94577B11FF04C03B
:10C0100082E490E20F94577B12FF04C081E390E228
:10C020000F94577B13FF04C081E290E20F94577B7B
:10C0300015FF04C081E190E20F94577B14BE8AE99A
:10C0400098E60E94FD5C81E090E20E94FD5C85ED37
:10C050009CE30E94FD5C85EF9FE10E94FD5C86EC05
:10C060009CE30E94F25E8AE998E60E94FD5C86EEFF
:10C070009FE10E94FD5C8091FD169091FE16FE01ED
:10C0800031967F01BF01009769F1681B790B072E7C
:10C09000000C880B990B0E94635C8FEC9FE10E945F
:10C0A000FD5C80EE96E00F942C4D6CEF70E08EEE10
:10C0B0009EE00E947E5A8C0168EC70E08CEE9EE05F
:10C0C0000E947E5A0C3F110509F0D7C501E0883C5B
:10C0D000910509F400E00E942869B82ED6C58AE9C6
:10C0E00092E68BCF67507741D2CF81E391E0909376
:10C0F000550280935402C0900404D0900504C601F8
:10C100000E94CAAC20E030E848E953E40F941F8055
:10C11000181644F420E1C20ED11CD0920504C0923E
:10C120000404E9CF80915002909151020F94B2051E
:10C1300020E030E040EF51E40F948B7E87FF0AC08F
:10C1400080915002909151024097909351028093B8
:10C150005002E8CF80910204909103040F94B2053D
:10C1600020E030E04AEF52E40F941F80181654F498
:10C17000809102049091030440969093030480936D
:10C180000204E8CF9FB7F89416BC8FEF88BD83E315
:10C1900084BD12E015BD80916E00816080936E00B9
:10C1A0009FBF80E88093B40080917000846080938A
:10C1B00070002FB7F8946A9A72988091010180629A
:10C1C0008093010181E08093A00085E18093A1002C
:10C1D0008FEF90E09093A9008093A8009093AB001C
:10C1E0008093AA009093AD008093AC0010927200EF
:10C1F0002FBF84E49CE30F94577B8FE580937E00F0
:10C2000010937D0080917C00806480937C008FE996
:10C2100080937A000E946F9E9FB7F894809191005E
:10C220008F7E80939100809191008860809391002F
:10C23000809190008D7F80939000809190008E7F00
:10C2400080939000809190008F73809390008091F4
:10C2500090008F7C80939000809191008460809307
:10C260009100809191008D7F809391008091910049
:10C270008E7F8093910010929500109294002BEE87
:10C2800031E43093990020939800C19A8091710015
:10C290008260809371009FBF1092120E1092130E55
:10C2A00080E1E0E1F7E0DF01282F1D922A95E9F710
:10C2B000EFE2F4E0DF01282F1D922A95E9F7EFE184
:10C2C000F4E0DF011D928A95E9F710921B041092A9
:10C2D0001C0410921D0410921E0410921A04109255
:10C2E000190484E0809378024899ADC0BFEFE3ED74
:10C2F000F0E3B150E040F040E1F700C000004899A1
:10C30000A2C00E94BB538EE99CE30E94B2526A9A7B
:10C3100080914004823009F0729A489BFECF729857
:10C320002FEF37EA81E6215030408040E1F700C02E
:10C33000000084E89CE39A83898389E79CE39C83DB
:10C340008B838BE69CE39E838D838EE59CE39887AD
:10C350008F8385E59CE39A8789870E94BB534EE3D0
:10C3600060E080E00E94A8530E942E5810E0D12C7B
:10C37000C12C80913F04F601E80FF11D87FDFA956D
:10C38000EE0FFF1FEE0DFF1D408151816C2D81E0EE
:10C390000E949C539FEFC91AD90AA4E0CA16D1047F
:10C3A00041F70F949C2A81E00E94586E80913105DC
:10C3B00090913205009771F197FF12C0115014301F
:10C3C0000CF42BC287E00F945E1680913F04181680
:10C3D0002CF08F5F80933F040E94BB5313E003C097
:10C3E0001F5F143078F74DE45CE360E080E00E946A
:10C3F0009C53612F80E00E94EF528EE30E94B65260
:10C40000109232051092310564E670E080E090E011
:10C410000E94C2FD0E943358882309F4A8CF80915E
:10C420003F04180F0E94BB5340E070E060E084E6D8
:10C4300090E00F944C18123009F423C208F0FEC1AA
:10C44000113009F419C282E08093780260E08FEF26
:10C450009FE00E94965A61E08FE59FE00E94965A05
:10C460000F945C0B85E0E8EBF2E0D70101900D92B0
:10C470008A95E1F7999A989A80910701806880934C
:10C4800007019A9A80910701806480930701809147
:10C490000701806280930701809107018860809383
:10C4A000070180910701806180930701670110E017
:10C4B000F60161916F01812F0F941F0B1F5F1530E3
:10C4C000B9F780910A01826080930A0180910A0184
:10C4D000816080930A0180910A01846080930A013F
:10C4E00080910A01806480930A010F9A179A0E9A2C
:10C4F000169A0D9A159A0C9A149A26982E9A25989F
:10C500002D9A24982C9A0998119A3F98479A389A0C
:10C510004098179A10920D07399A4198169A1092DE
:10C520000E073A9A42983B9A4398149A8091810058
:10C530008F7E80938100809181008860809381004C
:10C54000809180008D7F80938000809180008E7F1D
:10C5500080938000809180008F7380938000809111
:10C5600080008F7C8093800080918100887F826032
:10C570008093810080E090E490938900809388000C
:10C580001092850010928400109248041092470483
:10C590008FEF9FEF9093460480934504909344045B
:10C5A00080934304109242041092410481E08093EE
:10C5B000770280916F00826080936F0078940E9470
:10C5C00064458FE592E10E94124E0F94C13B84E9CD
:10C5D0009CE00F946E7C823459F46FEF84E99CE008
:10C5E0000F94B67C85E99CE00F947C7C0E945DC32F
:10C5F0000F94B75E159888E00F94F9228BEB9FE0BB
:10C600000F946E7C91E0813009F090E09093451694
:10C6100081E00F94F75860E084E69FE00E94965A0C
:10C6200060E086E69FE00E94965A60E088E69FE020
:10C630000E94965A60E085E69FE00E94965A70E05C
:10C6400060E08FEF9EE00E947E5A70E060E085E03F
:10C650009FE00E947E5A70E060E083E09FE00E94CD
:10C660007E5A70E060E081E09FE00E947E5A70E0B8
:10C6700060E083ED9EE00E947E5A70E060E080ED15
:10C680009EE00E947E5A60E082ED9EE00E94965AF3
:10C6900060E08FEC9EE00E94965A88EA9CE00F943E
:10C6A000375481EA9DE00F946E7C8F3F71F460E017
:10C6B00081EA9DE00F94927C88EF9FE00F947C7C50
:10C6C000BC0180E59DE00F94B07C49E4C42E4DE0B0
:10C6D000D42E10E0B701812F0E94F15AA70167E024
:10C6E00070E0C6010E945F5A1F5FFBE0CF0ED11CB5
:10C6F000183081F781EA9DE00F946E7C0E94C15A48
:10C70000811102C00E94E35A0E94515F80E89CE0C0
:10C710000F946E7C8F3F41F440E150E060E87CE094
:10C720008EEC92E00F94827C60E089E29DE00E94B2
:10C73000965A85E09DE00F9437548DEE9FE00F945C
:10C74000375481EF9FE00F94375460E08EEC9EE009
:10C750000E94965A61E087EA9CE00E94965A60E047
:10C760008FEA9FE00E94965A86EA9FE00F946E7CC3
:10C770008F3FD9F461E086EA9FE00F94927C30EB22
:10C78000E32E3FE0F32E70E060E0C7010F94B07C31
:10C7900022E0E20EF11C3AEBE3163FE0F30699F7D4
:10C7A00060E08FEA9FE00F94927C60E085EA9FE072
:10C7B0000E94965A60E08FE79CE00E94965A60E0E3
:10C7C00089E09FE00E94965A61E08CEA9DE00E9419
:10C7D000965A63E08BEA9DE00E94965A63E08AEAEB
:10C7E0009DE00E94965A61E089EA9DE00E94965A77
:10C7F00084E080937802023009F467C0033009F4C2
:10C8000002C1013009F06BC08EED93E30E945DC35D
:10C8100068EC70E08CEE9EE060C01F3F09F0E3CD55
:10C8200087E00F945E1680913F0418162CF4815017
:10C8300080933F040E94BB5310E0D5CD133019F113
:10C84000143009F000CE6DE87CE380E090E10E94B6
:10C85000CA5510E000E06FEFC8010F94927CC80148
:10C860000E94DC540F5F1F4F0115B0E11B0799F7C1
:10C870000E94FD540E94B5490E947A490F948F0886
:10C88000E2CD0E947A4984E00E941EB562E08FE505
:10C890009FE00F94B67C1092340E60E084EC9FE031
:10C8A0000F94927C81E00E94C95911E01093EF1619
:10C8B00061E087E09FE00F94927C1093F01661E0B6
:10C8C00085ED9EE00F94927CBECD8FEB93E30E94AA
:10C8D0005DC36CEF70E08EEE9EE00F94CC7CB110E7
:10C8E00006C08CE493E30E945DC30E94A36980E8C4
:10C8F0000E9480B58823B9F087EF9FE00F946E7C8B
:10C9000060E0813061F48EEB9CE30E943FA267E11E
:10C91000882329F08CE093E30E945DC366E186EAF8
:10C920009CE00F94927C86EB9CE30E943FA2182F20
:10C93000882329F087E10E9480B511E01827F12CA7
:10C94000E12CF701E455F34C6491C7010F94927CFC
:10C950008FEFE81AF80A9AE0E916F10491F7E6EB8E
:10C96000FCE3659174918AE090E00F94B07CE8EB71
:10C97000FCE3659174918CE090E00F94B07CEAEB5D
:10C98000FCE3659174918EE090E00F94B07CECEB49
:10C99000FCE36591749180E190E00F94B07C8FE5A9
:10C9A0009FE00F946E7C8823C9F180E00E94E9DC4F
:10C9B00083E08093780281E00E94CD530E94BB53B4
:10C9C00082E00E948E5283E09DE00F946E7C182FCF
:10C9D0008FEF810F8E3F08F045C080E00F945E1608
:10C9E0000E94BB5380EB9FE10E94B252123091F142
:10C9F000133009F412C18DE89FE1113069F1812FE4
:10CA00000E9437542BC086E893E30E945DC36CEF0D
:10CA100070E08EEE9EE00F94CC7CFACE81E0111196
:10CA2000C5CF0E9480B5811105C08EE992E30E94B6
:10CA30005DC3BECF84E00E9480B5811103C088E24F
:10CA400092E3F5CF80E10E9480B58111B1CF86E5F8
:10CA500096E3EDCF8CE79FE10E94B25290E080E038
:10CA60000E9479BC6FEF83E09DE00F94927C0E945E
:10CA700043B681E08093780288E198E20FB6F8949B
:10CA8000A895809360000FBE909360008091600035
:10CA900080648093600085E0D82E90E0E92E90E0DD
:10CAA000F92ECC24C39424E0B22E1092160E80915D
:10CAB0003812882309F4B4C0B09278020E94CB499E
:10CAC000882309F4B0C080917902813009F0ABC0AD
:10CAD0008FE392E10E9482FF0E94C9698091560211
:10CAE000882389F068E873E185EE96E10E9453FFA0
:10CAF000811109C0109256028091D513882309F440
:10CB00009EC00F94914F8091391290913A12892BC7
:10CB100009F463C0109250128091D2138823C1F19E
:10CB20000091351210913612055B1F4E66E07DE3D1
:10CB3000C8010F94757A892B09F08EC01092641683
:10CB4000F80101900020E9F73197BF01601B710BDC
:10CB5000C8010F94955B62E070E08EED92E00F9457
:10CB6000955B80916416882341F08DE798E60E94DA
:10CB7000FD5C8AE590E20E94F25E8091D3138823E7
:10CB800009F465C08091391290913A12892B11F005
:10CB90000E94EB7180915012811119C0809139125D
:10CBA00090913A12892B99F0E0913512F09136125A
:10CBB000E85BFF4E8081823009F053C0F894D08248
:10CBC000818192810F940D2D78940E947C5B8091DD
:10CBD000340E811102C00E94F65E0F949C2A0E94BE
:10CBE000CB490E94586E80915704811110925704CE
:10CBF00080E00E948E5280915804811107C0C0923B
:10CC0000580481E00F94C96F10925804E114F104A4
:10CC100009F44BCF0E94000048CF8EE69FE11CCF65
:10CC2000C09278024BCF60E177E28FE392E10E94FD
:10CC300053FF882309F450CFB092350E4DCF81E0D9
:10CC40000F94F7588091D51381115BCF5CCF82E8A8
:10CC500090E20E94F25E9ECF0F94664D80E790E2D4
:10CC6000F8CF863009F0B1CF8091D4138111ADCFC8
:10CC7000F894D08281E090E0A5CF02E0883C910555
:10CC800009F003E00E941269B12C82EA92EAA0E066
:10CC9000B0E08093271790932817A0932917B0939B
:10CCA0002A1710921504109216041092170410926D
:10CCB00018042091C9043091CA044091CB045091CA
:10CCC000CC0460E070E08FE793E40F94957E60936E
:10CCD000110470931204809313049093140410921F
:10CCE0000D0410920E0410920F0410921004209163
:10CCF000D5043091D6044091D7045091D80460E017
:10CD000070E08FE793E40F94957E6093090470932D
:10CD10000A0480930B0490930C046D9A9D9A809161
:10CD200001018860809301018091300590E064E00A
:10CD3000959587956A95E1F7809308048EE190E0D8
:10CD40009093070480930604C0905202D09053023F
:10CD5000C6010E94CAAC20E030E040EF51E40F94DD
:10CD60008B7E87FFC2C9F0E1CF1AD108D09253025F
:10CD7000C0925202E9CF2F923F924F925F926F92F0
:10CD80007F928F929F92AF92BF92CF92DF92EF925B
:10CD9000FF920F931F93CF93DF938091320E8130D8
:10CDA00009F058C09091120E8091130E981352C042
:10CDB00080916F1281114EC0109231078AE791E382
:10CDC0000E944FBB1092320E82E08093350E10927B
:10CDD000E0030F94210A0E94464860E070E080E280
:10CDE00091E40E942A5080910D07882321F18091BF
:10CDF0000E07882301F180E090E0A8E4B2E480937C
:10CE00005F1290936012A0936112B093621280E05F
:10CE100090E0AEE3B3E48093631290936412A09326
:10CE20006512B093661260E070E084E392E40F94C0
:10CE3000013D0F94D30B8091CA03882309F4B8C035
:10CE400072980F940E020E94806888E080935512B9
:10CE50001092CB038091320E823009F061C0909124
:10CE6000120E8091130E98135BC080916F12811186
:10CE700057C080913107873031F0109231078DE62D
:10CE800091E30E944FBB1092320E82E08093350EE8
:10CE90001092E0030F94D30B1092C90310925C120E
:10CEA00010925B1260914A0270914B0280914C0289
:10CEB00090914D020E942A5080910D07882351F1D4
:10CEC00080910E07882331F18091420290914302B4
:10CED000A0914402B091450280935F12909360123A
:10CEE000A0936112B0936212809146029091470222
:10CEF000A0914802B091490280936312909364120A
:10CF0000A0936512B093661260E070E088E492E44A
:10CF10000F94013D8091CA03882309F473C072986D
:10CF20008091320E843009F0A7C085EA9DE00F940D
:10CF30007C7C3091120E2091130E321370C120911F
:10CF4000391230913A12232B09F069C1C091511264
:10CF5000C11165C12091E003211157C02CE020933D
:10CF6000E0034496BC0190E080E00F94FA7620E064
:10CF700030E04AE754E40F94957E4B015C01E09168
:10CF8000E003E150EC3008F077C0F0E08827E4538C
:10CF9000F8418F4F0D947E7D0AEB06EB9CEA9CEAEC
:10CFA0009CEA9CEA45EAB4E9B0E943E90DE807E800
:10CFB000109253120E94DB5981E00E94E85980913F
:10CFC000FE12813009F03DCF8091D412882309F4FC
:10CFD00038CF8091CC03823009F433CF0E94CB4903
:10CFE00081110E94B94720915B1230915C128091AF
:10CFF000570290915802281739070CF422CF0F944A
:10D0000005761FCF109253128BCF2150A8CF65E029
:10D010008DE19AE30E94A7712FC08091FE128130AA
:10D0200049F5D091DF0361E088E294E60E94F87050
:10D0300061E082E19AE30E94F87061E08BE09AE39C
:10D040000E94F8700F94144DD817A1F08F3F29F06B
:10D0500061E08EE59FE10E94F8701F92DF9387E008
:10D060009AE39F938F930E94C6710F900F900F9039
:10D070000F90C1E0C093DE038091320E833009F03F
:10D08000CEC09091E003911109C08093310791E0E7
:10D090009093DC0380935B028093E0038091E00334
:10D0A000833009F59091120E8091130E98131BC0D6
:10D0B0000F94F9011092410280914F028F93809159
:10D0C0004E028F9382E99AE39F938F930E94C671D9
:10D0D00084E691E30E944FBB82E08093E0030F90CF
:10D0E0000F900F900F908091E003823009F078C08C
:10D0F00080914102882309F473C01092DC0382E519
:10D1000091E30E944FBB10925C1210925B12C0918F
:10D11000D803D091D9031091DA030091DB0320E00A
:10D1200030E0A901F8016C2F7D2F8F2F9E2F0F94D7
:10D130008B7E81111FC020E030E0A9016091D403F3
:10D140007091D5038091D6039091D7030F948B7E75
:10D15000811110C020E030E0A9016091D0037091EE
:10D16000D1038091D2039091D3030F948B7E8823B7
:10D1700009F466C28091D3038F938091D2038F9379
:10D180008091D1038F938091D0038F938091D703A7
:10D190008F938091D6038F938091D5038F93809145
:10D1A000D4038F930F931F93DF93CF938BE79AE36F
:10D1B0009F938F930E94C67161E089E69FE10E9470
:10D1C000F8708DB79EB70E960FB6F8949EBF0FBE3F
:10D1D0008DBF8DEC93E00E9482FF81E08093E0039D
:10D1E0008091E0038130D9F460ED77E08DEC93E03D
:10D1F0000E9453FF882399F08AE593E60E944FBB73
:10D200001092310782ED90E090934F0280934E028E
:10D210001092E0031092320E82E08093350E8091DE
:10D22000320E8530E9F49091120E8091130E98130E
:10D2300017C08091391290913A12892B89F480910C
:10D24000511281110DC08091E003813009F429C28F
:10D2500008F4FBC1823009F411C2833009F4F9C12A
:10D26000DF91CF911F910F91FF90EF90DF90CF90C2
:10D27000BF90AF909F908F907F906F905F904F90F6
:10D280003F902F9008950E94BB531092DD0361E000
:10D2900085EF9DEF0E9473468091FE128130B9F4B4
:10D2A0008091DE0310E0811101C012E0C12FD0E0B7
:10D2B000CC0FDD1FCB50D64CFE018591949161E0DF
:10D2C0000E94F8701F5F22961930B1F7D5CE61E049
:10D2D0008DEE99E30E94F87020E030E040E850E4E1
:10D2E000C501B4010F943B7720E030E040E752E401
:10D2F0000F94C55E9F938F937F936F9382E48F9378
:10D3000080E78F931F921F92C0EED9E3DF93CF93F4
:10D310000E94C67120E030E040E051E4C501B40154
:10D320000F943B7720E030E84EE053E40F94C55E65
:10D330009F938F937F936F9383E48F938AE48F936C
:10D3400080E88F931F92DF93CF930E94C6718DB7B1
:10D350009EB744960FB6F8949EBF0FBE8DBF8CCE7D
:10D3600066E084ED99E356CE61E08AEC99E30E9491
:10D37000F8708EE38F938CE48F938CEC8F938DEC0D
:10D380008F9382EC99E39F938F930E94C67161E023
:10D390008DEE99E30E94F87061E08AE59FE10E94BA
:10D3A000F87020E030E040E850E4C501B4010F948B
:10D3B0003B7720E030E048EC51E40F94C55E9F934A
:10D3C0008F937F936F9301E40F9318EC1F931F9239
:10D3D0001F92C0EED9E3DF93CF930E94C671A501DF
:10D3E0009401C501B4010F94967D20E030E048EC33
:10D3F00051E40F94C55E9F938F937F936F930F9328
:10D400001F931F921F92DF93CF930E94C67120E05B
:10D4100030E048EC52E4C501B4010F94C55E9F931F
:10D420008F937F936F9382E48F931F931F921F922A
:10D43000DF93CF930E94C6718DB79EB784960FB6C7
:10D44000F8949EBF0FBE8DBF20E030E040EA51E46B
:10D45000C501B4010F94C55E9F938F937F936F9323
:10D4600081EC8F9380EA8F931F921F9285EB99E353
:10D470009F938F930E94C6718DB79EB70A960FB681
:10D48000F8949EBF0FBE8DBFF7CD20E030E046E19F
:10D4900053E4C501B4010F94C55E762E672E582E55
:10D4A000492E20E030E040EA51E4C501B4010F9478
:10D4B000C55EB62EA72E982E892EC5E0DFEF20EE92
:10D4C000E22E29E3F22E31ECC32E40EAD42E05EBF6
:10D4D00019E34F925F926F927F926D2F0D2E000C89
:10D4E000770B880B990B0F94FC7620E030E046E137
:10D4F00053E40F943B779F938F937F936F93FF92A7
:10D50000EF920E94C6718F929F92AF92BF92CF927C
:10D51000DF921F921F921F930F930E94C671D195A5
:10D52000C1508DB79EB744960FB6F8949EBF0FBEFC
:10D530008DBFC111CECFA0CD23E43DEC4FE25DE322
:10D54000C501B4010F94957D6B017C0120E030E0B2
:10D5500040EA51E4C501B4010F94C55E662E572E12
:10D56000482E392EA7019601C501B4010F94C55E5E
:10D57000262EA72E982E892E84E0B82E90EA792E9A
:10D5800000EE19E3F7FAF094F7F8F094C5EBD9E35D
:10D590003F924F925F926F9291E49F937F921F927E
:10D5A0001F921F930F930E94C6718F929F92AF920A
:10D5B0002F92FF92EF92DF92CF92DF93CF930E9450
:10D5C000C6713F924F925F926F9281EC8F937F92E0
:10D5D0001F921F921F930F930E94C6718F929F926A
:10D5E000AF922F92FF92EF92DF92CF92DF93CF9381
:10D5F0000E94C671BA948DB79EB788960FB6F894FC
:10D600009EBF0FBE8DBFB110C3CF36CD69E083EA98
:10D6100099E300CD8AE593E60E944FBB1092E003A8
:10D620001092320E82E08093350E8FE59FE00F94CA
:10D630006E7C882309F4F3CD8BE00E94E9DC1CCDDD
:10D640008BE49AE30E94FD5CC4CD83E08093E00309
:10D6500007CE8DE191E30E945DC361E083E69FE127
:10D660000E94F87061E088E39AE30E94F87061E03C
:10D670008EE29AE30E94F87082E0E8CF61E087E2F0
:10D680009AE30E94F87041E060E086EE90E30E9429
:10D690005FC28111E5CD10925C1210925B1281E0A5
:10D6A000D5CF1092E0031092320E82E08093350EB7
:10D6B00020E041E062E070E08CE193EA0E944D4698
:10D6C00083E08093DD03CCCD0F931F93CF938091A4
:10D6D000030182FB882780F991E089279091FA0362
:10D6E000891799F18091FB039091FC0382569F4B1F
:10D6F00011F40E94B14682E080935B0280910301A5
:10D70000C1E082FB882780F98C278093FA030E946E
:10D7100034548091FA03882309F488C08091D5138A
:10D72000811104C00F94F758C09323148AE593E63F
:10D730000E944FBB1092C70361E082E69FEB0E94FC
:10D74000734682EC93E00F943B010E9420FF00910E
:10D75000BE031091BF032091C0033091C10306178F
:10D76000170728073907E8F580915B02882331F015
:10D7700082EC93E00F943B010E947C52E091FB030A
:10D78000F091FC0319958091FB039091FC03855F58
:10D790009D4F09F45CC08091FB039091FC0321E054
:10D7A0008B31920709F074C080915B02823021F4C2
:10D7B0000E9434541092330580915B02882319F043
:10D7C000815080935B020E9420FF6C597F4F8F4FE6
:10D7D0009F4F6093BE037093BF038093C0039093E9
:10D7E000C1038091340E882399F08091010488232D
:10D7F00079F060E177E28AEB93E00E9453FF88239F
:10D8000039F088E00F94F9228AEB93E00E9482FFBE
:10D810008091320E843009F052C08091160E811131
:10D820004EC0CF911F910F910C94BBE61092D41370
:10D830001092D5138AE998E60E94FD5C8AE39FE185
:10D840000E94F25E83EC90E30E944FBB7ECF0E9469
:10D85000E54981110EC0E091FB03F091FC03309784
:10D8600039F50E94BB530E94D9F782E080935B0296
:10D870009BCF8091320E81118ECF40E95FE561E050
:10D8800070E082EC93E00E948EFF8111E4CF83CFA1
:10D89000855F9D4F09F488CF40E355E760E070E075
:10D8A00082EC93E00E948EFF882309F47DCFD3CFD2
:10D8B00081E08093BD0319951092BD03D2CFCF9123
:10D8C0001F910F910895CF92EF92FF920F931F93A4
:10D8D00087E10E9480B581110BC087E10E941EB5CF
:10D8E00080E01F910F91FF90EF90CF900C94E9DCB6
:10D8F0008AE0C82EF12CE12C08E811E32FE831E38F
:10D9000041E060E082E994E20E948FBE882329F31F
:10D910000E94D9F781E00E94CD5382E01F910F91C0
:10D92000FF90EF90CF900C948E52CF93DF93D82F2F
:10D930000F942B5FC82F882359F188EC90E00F9447
:10D94000A44482E00F945E166D2F8DEF91E60F9444
:10D9500073400F94F95E1092F0161092EF168091BA
:10D96000E512833629F062E18CE294E60F94025FBF
:10D970008D2F0E9474D80E947EA083E00F945E16C3
:10D980008EEE96E10E9499590F94205F0F9470409B
:10D990008C2FDF91CF9108951F93CF93DF93C82FE2
:10D9A000162F0F942B5FD82F8823A9F01092F01612
:10D9B0001092EF16C33611F1C83791F0CF3339F416
:10D9C00084E690E00F94A444812F0E9495EC8EEEA3
:10D9D00096E10E9499598D2FDF91CF911F91089563
:10D9E0001092580210925702812F0E94CCD98FEAD0
:10D9F00090E09093580280935702E9CF84E690E03C
:10DA00000F94A4440E947EA0E2CF0E9495EC0E9455
:10DA100083470F94D30B0E94D9F70F94DF0B8AE54D
:10DA200093E60E944FBB109231070C940AFC1F939F
:10DA3000CF93DF9300D01F921F92CDB7DEB7182F80
:10DA40000F942B5F8823D9F0412F62E5CE01019618
:10DA50000F942E4149815A816B817C818D810F9475
:10DA6000AA6D60E080E00F943A75882369F32091F5
:10DA7000AA123091AB123093FB122093FA120F903E
:10DA80000F900F900F900F90DF91CF911F910895FD
:10DA9000883E23E0920710F087EE93E0089590917E
:10DAA0001B0E80911A0E2FEF3FEF891771F0E92FAF
:10DAB000F0E0E35EF14F208130E09F5F8091190E2E
:10DAC000981708F090E090931B0EC901089590916B
:10DAD000D00095FFFCCF8093D60090E080E00895C1
:10DAE0003FB7F8948091D3069091D406A091D506C3
:10DAF000B091D6062091B200B89B05C02F3F19F017
:10DB00000196A11DB11D3FBFBA2FA92F982F8827BD
:10DB1000BC01CD01620F711D811D911D42E0660F98
:10DB2000771F881F991F4A95D1F708952F923F922A
:10DB30004F925F926F927F928F929F92AF92BF921D
:10DB4000CF92DF92EF92FF920F931F93CF93DF93C9
:10DB5000CDB7DEB72E970FB6F894DEBF0FBECDBFA0
:10DB60002090C6063090C7064090C8065090C9065F
:10DB70006090CA067090CB062114310439F481E01C
:10DB800080939F06812C912C5401F9C0B101032C84
:10DB9000000C880B990B0F94FC76A30192010F9453
:10DBA000957D6B017C0180919F06882391F01092F6
:10DBB0009B0610929C0610929D0610929E06109253
:10DBC0009706109298061092990610929A06109253
:10DBD0009F062091C5043091C6044091C70450911E
:10DBE000C804C701B6010F943B7769837A838B839E
:10DBF0009C8320919B0630919C0640919D065091FC
:10DC00009E06C701B6010F94967D4B015C012091E1
:10DC100015042D873091160439871091170400914F
:10DC20001804412F502F0F948B7E87FD17C08091D1
:10DC300011048D879091120499871091130400911B
:10DC400014049C01412F502FB401C5010F941F8073
:10DC5000181624F08D8699861A2D0B2D8D859985A1
:10DC6000A12FB02F80939B0690939C06A0939D06B6
:10DC7000B0939E062091C9043091CA044091CB0410
:10DC80005091CC04BC01812F902F0F943B776D8372
:10DC90007E838F83988720919306309194064091DC
:10DCA000950650919606C301B2010F94957D20917F
:10DCB000CD043091CE044091CF045091D0040F9404
:10DCC0003B7720ED3CEC4CE45DE30F943B774B015C
:10DCD0005C0123E333E343E75FE3609197067091D0
:10DCE00098068091990690919A060F943B779B0134
:10DCF000AC01C501B4010F94967D4B015C0180928B
:10DD0000970690929806A0929906B0929A062D8155
:10DD10003E814F81588569817A818B819C810F94E6
:10DD2000967DA50194010F94957D4B015C0120E047
:10DD300030E04FE753E40F941F8020E030E0A9016A
:10DD400018160CF06DC1C701B6010F941F8018168C
:10DD500084F4A70196016D857985812F902F0F940A
:10DD6000957D60939B0670939C0680939D0690938F
:10DD70009E06812C912C3FE7A32E33E4B32E4092D4
:10DD80009306509294066092950670929606609162
:10DD9000540270915502072E000C880B990B0F94BA
:10DDA000FC769B01AC01C301B2010F948B7E87FF0F
:10DDB00057C1232809F454C1C501B4010F94077F4A
:10DDC000759567956093CC062091BF063091C0068B
:10DDD0003A8329834090C1065090C2066090C306E2
:10DDE0007090C406B901330F880B990B0F94FC7621
:10DDF000A30192010F94957D6B017C012091D104C8
:10DE00003091D2044091D3045091D4040F943B77C5
:10DE10006D837E838F8398872091A8063091A90611
:10DE20004091AA065091AB06C701B6010F94967DAA
:10DE30005B018C0130910D043E8780910E048D872B
:10DE400030900F0420901004232F382F432D522D93
:10DE5000B501C8010F948B7E87FD18C0909109040D
:10DE60009E8720910A042D8730900B0420900C048B
:10DE7000292F3D85432D522DB501C8010F941F80D8
:10DE8000181624F0AE86BD86302E212E8E859D85F7
:10DE9000A32DB22D8093A8069093A906A093AA065D
:10DEA000B093AB062091D5043091D6044091D704AD
:10DEB0005091D804BC01832D922D0F943B77698734
:10DEC0007A878B879C872091A4063091A506409184
:10DED000A6065091A706C301B2010F94957D20912B
:10DEE000D9043091DA044091DB045091DC040F94A2
:10DEF0003B7720ED3CEC4CE45DE30F943B774B012A
:10DF00005C0123E333E343E75FE36091A006709194
:10DF1000A1068091A2069091A3060F943B779B01E6
:10DF2000AC01C501B4010F94967D4B015C01809258
:10DF3000A0069092A106A092A206B092A3064092DB
:10DF4000A4065092A5066092A6067092A70629859F
:10DF50003A854B855C856D817E818F8198850F9494
:10DF6000967DA50194010F94957D4B015C0120E005
:10DF700030E04FE753E40F941F8020E030E0A90128
:10DF800018160CF070C0C701B6010F941F80181648
:10DF900084F4A70196016E857D85832D922D0F94C3
:10DFA000957D6093A8067093A9068093AA06909326
:10DFB000AB06812C912C9FE7A92E93E4B92E20E08B
:10DFC00030E04AEF52E4C301B2010F948B7E87FF29
:10DFD0006DC0C501B4010F94077F75956795609377
:10DFE000C50689819A81892B11F41092C5062E9657
:10DFF0000FB6F894DEBF0FBECDBFDF91CF911F915A
:10E000000F91FF90EF90DF90CF90BF90AF909F90D7
:10E010008F907F906F905F904F903F902F900895DA
:10E02000C501B4010F948B7E87FFA9CE20E030E0BC
:10E03000A901C701B6010F948B7E87FFA3CDA7016D
:10E0400096016D857985812F902F0F94957D609332
:10E050009B0670939C0680939D0690939E0692CD9E
:10E060001092CC06B1CEC501B4010F948B7E87FF10
:10E07000A6CF20E030E0A901C701B6010F948B7E46
:10E0800087FF10C0A70196016E857D85832D922D97
:10E090000F94957D6093A8067093A9068093AA06B5
:10E0A0009093AB06812C912C540189CF1092C50618
:10E0B00098CF80915B1290915C129093C7068093E9
:10E0C000C60680915712909158129093C006809383
:10E0D000BF060895CF939FB7F894C0917100C270A6
:10E0E000809171008D7F809371009FBF8091C806E1
:10E0F0009091C906A091CA06B091CB0680932E0ECE
:10E1000090932F0EA093300EB093310E8091C106E4
:10E110009091C206A091C306B091C4068093B50346
:10E120009093B603A093B703B093B8038091AD0664
:10E130009091AE06A091AF06B091B0068093F8061C
:10E140009093F906A093FA06B093FB068091CA0358
:10E15000811102C00E9459F01092AC069FB7F8944A
:10E16000CC2329F0809171008260809371009FBF61
:10E17000CF910895813061F120F0823009F44BC0D5
:10E18000089517989091090181E0292F227091FF3D
:10E1900080E0861759F080910B016623A9F0826018
:10E1A00080930B018BE891E00197F1F7409A83E0AF
:10E1B00090E00197F1F7409880910B01222331F014
:10E1C000826080930B0108958D7FEACF8D7FF9CF18
:10E1D0001698809109018170861759F090910B0172
:10E1E000662399F0916090930B01EBE8F1E0319791
:10E1F000F1F7419AE3E0F0E03197F1F74198882395
:10E2000031F080910B018160DCCF9E7FECCF80915B
:10E210000B018E7FD6CF15989091090181E0292FAF
:10E22000247092FF80E0681759F090910B016623EB
:10E23000B1F0946090930B01EBE8F1E03197F1F7C6
:10E24000429AE3E0F0E03197F1F74298681709F459
:10E25000BACF80910B01222321F08460B2CF9B7F43
:10E26000E9CF8B7FAECF80912F05811125C08091A2
:10E27000C00087FF3DC08091C00084FF03C0809133
:10E28000C60008954091C6002091190630911A06E3
:10E29000C90101968F77992760911B0670911C0622
:10E2A0008617970729F127563A4FF9014083909333
:10E2B0001A06809319061CC08091C80087FF18C0F9
:10E2C0008091C80084FF03C08091CE0008954091E2
:10E2D000CE002091190630911A06C90101968F7758
:10E2E000992760911B0670911C0668177907D9F66B
:10E2F000089593E0811191E080E04BE153E02BEC35
:10E3000037E0729AFA013197F1F77298F901319773
:10E31000F1F78F5F8913F5CF08958AE02BE831E09C
:10E32000729AF9013197F1F77298F9013197F1F783
:10E330008150B1F70895862798E027E0382F880F9D
:10E3400037FD82279150D1F70895CF93DF93CDB752
:10E35000DEB72F970FB6F894DEBF0FBECDBFFC011E
:10E36000DE01119690E09D01849141E0490F8823E0
:10E3700029F08D933196942F4D30B1F7F901E90FC3
:10E38000F11D8AE380839F5FF901E90FF11D80E2AF
:10E390009E3019F081939F5FFBCF1F867F936F9311
:10E3A0003F932F938AED9BE59F938F930E94A052FA
:10E3B0000F900F900F900F900F900F902F960FB619
:10E3C000F894DEBF0FBECDBFDF91CF91089587EAED
:10E3D0009CE00F946E7C811105C080918D0381506B
:10E3E000883010F080E0089581E008950E94185B65
:10E3F00010929C030895EF92FF920F931F938091C8
:10E400009C03811135C080EC9FE00F946E7C8130BD
:10E4100061F58FEB9FE00F946E7C082E000C990B3A
:10E4200090939E0380939D038EEB9FE00F946E7CF0
:10E43000082E000C990B9093A00380939F038DEB03
:10E440009FE00F946E7C082E000C990B9093A20312
:10E450008093A1038CEB9FE00F946E7C082E000C40
:10E46000990B9093A4038093A30381E080939C0372
:10E470000E94CA581092590480915904843008F0BF
:10E4800062C010925C040E94BC458823E9F0609150
:10E490009D038FEB9FE00F94927C6091A1038DEB25
:10E4A0009FE00F94927C6091A3038CEB9FE00F940C
:10E4B000927C60919F038EEB9FE00F94927C61E0D1
:10E4C00080EC9FE00F94927C80ED90E30E94875651
:10E4D000F12CE12C04E610E02CE93FEF40E16DE97E
:10E4E00073E087E999E40E9403532CE93FEF40E190
:10E4F0006FE973E088E899E40E9403532CE93FEF49
:10E5000040E161EA73E089E799E40E9403532CE952
:10E510003FEF40E163EA73E08AE699E40E94035327
:10E5200066EF71EF8CE29DE20E9456560E941946FA
:10E53000809159048F5F8093590480915B048F5FB1
:10E5400080935B0499CF1F910F91FF90EF900895F6
:10E550008EEC9EE00F946E7C60E0813009F061E00B
:10E560008EEC9EE00D94927C6091400281E06827E1
:10E570006093400287E89FE00F94927C8091400274
:10E58000811102C01092CC03089586ED9EE00F9495
:10E590006E7C61E0823009F062E086ED9EE00D94D1
:10E5A000927C1092C2030E94B453E0EBF3E04281EC
:10E5B00053812CE3249FC001259F900D11249F932C
:10E5C0008F938FE090E39F938F9340815181249F9D
:10E5D000C001259F900D11249F938F938AE190E3B2
:10E5E0009F938F9380E59BE59F938F930E94A0520A
:10E5F0008DB79EB70A960FB6F8949EBF0FBE8DBF1B
:10E600000C94C4581092C2030E94B45360912E0E11
:10E6100070912F0E8091300E9091310E0F94077FE4
:10E6200084EB9BE20E94A5F16091B5037091B60363
:10E630008091B7039091B8030F94077F8FE99BE215
:10E640000E94A5F16091F8067091F9068091FA0692
:10E650009091FB060F94077F88E69EE10E94A5F14A
:10E660000C94C458CF93DF931092C2030E94B4530A
:10E670008FEC9EE00F946E7C90E00E9448EDEC01E0
:10E6800082ED9EE00F946E7C90E00E9448EDDF9357
:10E69000CF932FEE36E43F932F939F938F938EEF7C
:10E6A00096E49F938F9385E397E49F938F938BE6F4
:10E6B0009BE59F938F930E94A0528DB79EB70C96B7
:10E6C0000FB6F8949EBF0FBE8DBFDF91CF910C9413
:10E6D000C4581F93CF93DF931092C20385E69FE047
:10E6E0000F946E7CC82F81E09FE00F947C7C0E9489
:10E6F00048EDD82F192F0E94B4531F93DF9388E25F
:10E7000097E49F938F9329E137E43F932F931F92D0
:10E71000CF939F938F9385E397E49F938F9387EB9A
:10E720009BE59F938F930E94A0528DB79EB70E9644
:10E730000FB6F8949EBF0FBE8DBFDF91CF911F9192
:10E740000C94C4580F931F93CF93DF931092C2037E
:10E750000E94B45380910413909105130E9448EDD8
:10E76000182F092F80ED9EE00F947C7C0E9448EDCD
:10E77000EC0183ED9EE00F947C7C0E9448ED0F93AA
:10E780001F932FED36E43F932F93DF93CF932FEE1C
:10E7900036E43F932F939F938F938EEF96E49F934E
:10E7A0008F9389E197E49F938F938AE89BE59F93EA
:10E7B0008F930E94A0528DB79EB740960FB6F894E3
:10E7C0009EBF0FBE8DBFDF91CF911F910F910C9413
:10E7D000C458CF93DF934BE459E460E080E00E949B
:10E7E0009C5342E859E361E080E00E949C5362E060
:10E7F00080E00E94EF5285EE9FE00F94767C9F931D
:10E800008F937F936F931F9288E58F93C9EDDDE51A
:10E81000DF93CF930E94A05263E080E00E94EF520A
:10E8200089EE9FE00F94767C9F938F937F936F93F5
:10E830001F9289E58F93DF93CF930E94A0528DB7EB
:10E840009EB740960FB6F8949EBF0FBE8DBFDF9166
:10E85000CF910C94C458CF92DF92EF92FF9280E652
:10E860009FE00F94767C6B017C010E94B4538EE391
:10E870008F9380E88F931F921F9285E299E49F9374
:10E880008F938DE38F9385EF8F9382EC8F9380E945
:10E890008F9381E399E49F938F9382E899E39F9309
:10E8A0008F938DE399E49F938F9385E59CE49F93E9
:10E8B0008F930E94A05260E08FE00E94EF528DB7CC
:10E8C0009EB742960FB6F8949EBF0FBE8DBF20E054
:10E8D00030E048EC52E4C701B6010F948B7E87FF0D
:10E8E0002EC020E030E044E353E4C701B6010F94AA
:10E8F0003B772BED3FE049E450E40F94957E9F93E6
:10E900008F937F936F938EE49CE49F938F930E94E9
:10E91000A0520F900F900F900F900F900F900E94A9
:10E920003358882389F020E041E070E060E089EE10
:10E9300093EFFF90EF90DF90CF900C944D4683EAD9
:10E940009EE20E94B252EBCFFF90EF90DF90CF900B
:10E9500008952F923F924F925F926F927F928F9283
:10E960009F92AF92BF92CF92DF92EF92FF920F935E
:10E970001F93CF93DF93CDB7DEB7A0970FB6F89470
:10E98000DEBF0FBECDBF48E050E065EE7FE0CE01B8
:10E9900041960F945E7C48E050E06DED7FE0CE0143
:10E9A00009960F945E7C48E050E065ED7FE0CE0173
:10E9B00001960F945E7C8D849E84AF84B888EAEBC8
:10E9C000FEE32591359145915491CD80DE80EF8015
:10E9D000F884EEEBFEE385919591A591B4918D8F2E
:10E9E0009E8FAF8FB8A38D899E89AF89B88D898F8F
:10E9F0009A8FAB8FBC8FC501B4010F943B772B016D
:10EA00003C012D8D3E8D4F8D58A1C701B6010F944D
:10EA10003B779B01AC01C301B2010F94967D298D18
:10EA20003A8D4B8D5C8D0F94967D20E030E040E96F
:10EA300050E40F94967D1B018C01E2ECFEE32591DE
:10EA4000359145915491E6ECFEE3459055906590E3
:10EA50007490C501B4010F943B774B015C01A30195
:10EA60009201C701B6010F943B779B01AC01C50130
:10EA7000B4010F94967D298D3A8D4B8D5C8D0F944A
:10EA8000967D20E030E040E950E40F94967DF62E2C
:10EA9000E72ED82EC92E0E94B45386E099E49F93A6
:10EAA0008F938CE099E49F938F9382E899E39F93EF
:10EAB0008F9381E199E49F938F9380E49CE49F93EB
:10EAC0008F930E94A05262E08BE00E94EF520FB63B
:10EAD000F894DEBF0FBECDBF20E030E048E453E441
:10EAE000622D732D802F912F0F941F8087FF57C0A9
:10EAF0001F930F933F922F9288E39CE49F938F93F1
:10EB00000E94A0520F900F900F900F900F900F90B7
:10EB100063E08BE00E94EF5220E030E048E453E4F1
:10EB2000D701F6016B2F7E2D8F2F9C2D0F941F8008
:10EB300087FF3AC0CF92DF92EF92FF9288E39CE486
:10EB40009F938F930E94A0520F900F900F900F9061
:10EB50000F900F900E943358882341F020E041E04D
:10EB600070E060E08BE294EF0E944D46A0960FB6F5
:10EB7000F894DEBF0FBECDBFDF91CF911F910F91F3
:10EB8000FF90EF90DF90CF90BF90AF909F908F90CD
:10EB90007F906F905F904F903F902F90089583EA01
:10EBA0009EE20E94B252B4CF83EA9EE20E94B25229
:10EBB000D1CF87E698E40E94D5BC0C94C4580E943B
:10EBC000CA581092590480915904843028F5109243
:10EBD0005C0489E09FE20E94875662E373EF84ED54
:10EBE00096E40E94AC5662EA73EF8EEC96E40E94C3
:10EBF000AC5668EB77EF88E097E40E94AC560E9431
:10EC00001946809159048F5F8093590480915B0469
:10EC10008F5F80935B04D7CF08958091EC068111BC
:10EC200003C082E00C94954681E0FCCF80E00C9418
:10EC3000A468EF92FF920F931F93CF93DF9380917D
:10EC40008F03882329F090915B02923009F064C110
:10EC500081E080938F0380914516809390038823F1
:10EC600021F081E993E00F94035E0E94CA5810924C
:10EC7000590485E1E82E8CE5F82EC4EEDBE505E9C4
:10EC800013E080915904843008F06BC110925C0449
:10EC900089E09FE20E94875680E89CE50E948756A3
:10ECA00083E79CE50E9487568EE59CE50E94875687
:10ECB0008EE49CE50E9487568FED9BE40E94875668
:10ECC0008DEC9BE40E9487568CEB9BE40E94875658
:10ECD00082E899E30E94875681E49CE50E9487566A
:10ECE00088E39CE50E9487568EE29CE50E94875649
:10ECF00082E899E30E94875688EA97E40E94875643
:10ED000083E29CE50E94875682E899E30E94875639
:10ED10008091FE12813009F01FC18AE997E40E94B8
:10ED200087568EE19CE50E94875680915C04815055
:10ED3000990B20915B042817190649F580915B0215
:10ED4000882329F16091590486E00E94EF52809156
:10ED5000FE12813009F0FBC08091DE129091DF122B
:10ED60002091E012882309F4F2C01F922F931F9282
:10ED70009F931F928F93FF92EF920E94A0528DB7A4
:10ED80009EB708960FB6F8949EBF0FBE8DBF8091B8
:10ED90009003882309F440C082E899E30E948756D3
:10EDA00084EF9BE50E94875682EF9BE50E94875681
:10EDB00080915C048150990B20915B0428171906FF
:10EDC00059F580915B02882339F16091590482E002
:10EDD0000E94EF52809194031F928F93809193032E
:10EDE0001F928F93809192031F928F938091910332
:10EDF0001F928F93DF93CF931F930F930F94857B75
:10EE000085E993E00E9442578DB79EB70C960FB6E6
:10EE1000F8949EBF0FBE8DBF8091E7069091E806E3
:10EE2000A091E906B091EA06892B8A2B8B2B09F475
:10EE300040C082E899E30E94875681E897E40E94E7
:10EE4000875680EF9BE50E94875680915C04815035
:10EE5000990B20915B042817190659F580915B02E4
:10EE6000882339F16091590482E00E94EF52809129
:10EE7000EA061F928F938091E9061F928F938091EB
:10EE8000E8061F928F938091E7061F928F93DF937E
:10EE9000CF931F930F930F94857B85E993E00E9496
:10EEA00042578DB79EB70C960FB6F8949EBF0FBE13
:10EEB0008DBF82E899E30E94875669EA74EF80E784
:10EEC00097E40E94AC5661ED72EF82E697E40E94EF
:10EED000AC5661EE74EB86E597E40E94AC5662E0B6
:10EEE00073EF89E497E40E94AC568091E60688238C
:10EEF00031F066E176EF8DEA9BE40E9456560E945F
:10EF00001946809159048F5F8093590480915B0466
:10EF10008F5F80935B04B5CE90919003992309F4A1
:10EF2000A4CE40919103509192036091930370910C
:10EF30009403452B462B472B09F097CE8F5F8031EA
:10EF400019F080938F0391CE10928F038ECE82E9B9
:10EF500097E40E94B2521BCF86E09CE50E94875640
:10EF600016CFDF91CF911F910F91FF90EF900895F1
:10EF700080918F03811117C00E94BB5388E097E4F2
:10EF80000E94B2528AE30E94B65261E08AE00E9477
:10EF9000EF5288EA9CE00F94767C4AE00E940B5581
:10EFA00081E080938F030C94C4588EE99BE40C9409
:10EFB000F25E0E9434541092330520E041E070E08C
:10EFC00060E08BE191E00E944D461092DD031092CB
:10EFD0008D0308950E94BB5346EA59E460E080E047
:10EFE0000E949C5380914E0290914F0220913105D6
:10EFF00030913205820F931F823321E0920750F146
:10F0000081E391E090934F0280934E02109232057B
:10F010001092310562E081E00E94EF5280914F0230
:10F020008F9380914E028F938EEF9DE59F938F93E8
:10F030000E94A0520E9433580F900F900F900F9093
:10F04000882371F083E08093320E0E94D9F782E02A
:10F050000C948E528E319105A8F68EE190E0D2CFBD
:10F06000089581E00E94BD520F94144D9091E612D4
:10F07000933609F49FEF89130EC086E40E94B652BE
:10F080000F94144D8F3F29F08F5C0E94B65283E09D
:10F0900008958FE3FACF8F3F89F08F5C0E94B652BC
:10F0A0008EE30E94B6528091E612833649F08F3F7C
:10F0B00039F08F5C0E94B65284E008958FE3EECF62
:10F0C0008FE3F8CF0F931F93CF93DF93EC01CB0126
:10F0D000BA014A81413029F088F0423009F14330C9
:10F0E000D1F48B81811125C082E08A8363E088E0BE
:10F0F0009BE50E9411B785E08B830DC0A9019801A3
:10F100000F941F8018163CF463E0888199810E9457
:10F1100011B781E08A83DF91CF911F910F910895FC
:10F120008B81811106C08881998123E02A8363E065
:10F13000E0CF8150E1CF86EE9CE40C94FD5C729AA6
:10F140002FEF89E698E1215080409040E1F700C020
:10F1500000007298089589E09DE40E94FD5C609132
:10F160005B1270915C12072E000C880B990B0E94A9
:10F17000635C82E09DE40E94FD5C60915712709197
:10F180005812072E000C880B990B0E94635C8BEFC2
:10F190009CE40E94FD5C60912E0E70912F0E809178
:10F1A000300E9091310E42E00E947F5C84EF9CE42F
:10F1B0000E94FD5C6091B5037091B6038091B70326
:10F1C0009091B80342E00E947F5C8DE50C94EA5B6D
:10F1D000CF93C82F80EE9CE40E94FD5C8C2F0E9490
:10F1E000EA5B8DE5CF910C94EA5BCF93C82F89EA57
:10F1F0009CE40E94FD5C8C2F0E94EA5B8DE50E94DE
:10F20000EA5BCF910C949BF88EEE9CE40E94FD5C2F
:10F2100085EA9DE00F947C7CBC0190E080E04AE0B0
:10F220000E94FE5B8DE50C94EA5B2F923F924F9219
:10F230005F926F927F928F929F92AF92BF92CF9286
:10F24000DF92EF92FF920F931F93CF93DF93CDB78F
:10F25000DEB7A1970FB6F894DEBF0FBECDBF1C017D
:10F2600048015901FC01E85BFF4FC080D180E2807A
:10F27000F3809A01AB01C701B6010F943B770F945D
:10F28000747E0F940E7F8B018D839983A501940169
:10F29000C701B6010F943B770F94747E0F940E7FD5
:10F2A000362F272FA8016D817981483751056105D7
:10F2B000710520F448E750E060E070E0D101D69697
:10F2C0008D909D90AD90BC90D9978F8A988EA98E85
:10F2D000BA8E481559056A057B0520F44F8B588F67
:10F2E000698F7A8F432F522FBC0148375105610532
:10F2F000710520F448E750E060E070E0182D092D1A
:10F30000A9A2B8A2481559056A057B0520F4142F57
:10F31000052F69A378A3F101EE5BFF4FC080D18078
:10F32000E280F380CD82DE82EF82F886CD28CE287F
:10F33000CF2841F4C12CD12C7601C394CD82DE823A
:10F34000EF82F8862F89388D498D5A8DB901CA010F
:10F350000F94D17C6D877E878F87988BA501940150
:10F36000C501B4010F94D17C2B013C01212F302F1A
:10F3700049A158A1612F702FCA010F94D17C698BCC
:10F380007A8B8B8B9C8BCD80DE80EF80F884CC0CCD
:10F39000DD1CEE1CFF1CC986DA86EB86FC86C301E9
:10F3A000B2016150710981099109CD84DE84EF8435
:10F3B000F8886C197D098E099F09C984DA84EB8469
:10F3C000FC846C0D7D1D8E1D9F1DA70196010F9461
:10F3D000E17C69017A01C301B20129893A894B892B
:10F3E0005C89621B730B840B950B29853A854B85D1
:10F3F0005C850F94E17C29013A01D701C601840D97
:10F40000951DA61DB71D8C8F9D8FAE8FBF8FF101EF
:10F41000E45BFF4F90819B8F992309F48DC0612F8E
:10F42000702F89A198A10F94FA76F101EC5AFF4F41
:10F4300020813181428153810F943B770F940E7F5D
:10F440006D8B7E8BD10150962D913D914D915C91AC
:10F45000539729833A834B835C838C8D9D8DAE8D2E
:10F46000BF8D82179307A407B50708F068C029016C
:10F470003A01481A590A6A0A7B0A9B8D40E080E0EB
:10F48000992389F0C501B4010F94FA76F101EC5A81
:10F49000FF4F20813181428153810F943B770F943C
:10F4A0000E7F462F872F3FB7F894F101E95BFF4F9E
:10F4B0002081211127C0D1015996CD92DD92ED9284
:10F4C000FC925C97C40CD51CE61CF71CF101C58EA0
:10F4D000D68EE78EF0A2CF88C2AED88CD3AEE98CA0
:10F4E000E4AEFA8CF5AEFE9610830183C9A0C28209
:10F4F000D8A0D3827396ED88E082FE88F18232979D
:10F50000408381833FBFA1960FB6F894DEBF0FBE44
:10F51000CDBFDF91CF911F910F91FF90EF90DF90C2
:10F52000CF90BF90AF909F908F907F906F905F90A3
:10F530004F903F902F9008951D8A1E8A83CF2D8172
:10F540003E814F81588582E0220F331F441F551F93
:10F550008A95D1F789819A81AB81BC818170992785
:10F56000AA27BB278D839E83AF83B88789809A8023
:10F57000AB80BC80B694A79497948794CD84DE84A6
:10F58000EF84F88889899A89AB89BC898C159D0597
:10F59000AE05BF0508F46FC06C017D0191E0C91A8A
:10F5A000D108E108F1088D859E85AF85B889C81A14
:10F5B000D90AEA0AFB0AC701B601620F731F841F4A
:10F5C000951FCD80DE80EF80F884CD28CE28CF280F
:10F5D00041F0C984DA84EB84FC846C0D7D1D8E1DA2
:10F5E0009F1D0F94E17C75016401C20ED31EE41EC1
:10F5F000F51E29813A814B815C812C153D054E0514
:10F600005F0510F469017A012B8D222309F469C08A
:10F61000C114D104E104F10409F466C04D898E8956
:10F62000411451046104710409F43DCFA70196010E
:10F6300069857A858B859C850F94D17C2D853E8547
:10F640004F855889620F731F841F951F0F94FA7698
:10F650000F946481F101EC5AFF4F20813181428186
:10F6600053810F943B770F940E7F462F872F412CA9
:10F67000512C320118CF6D857E858F859889C98878
:10F68000DA88EB88FC886C197D098E099F09CD808A
:10F69000DE80EF80F884CD28CE28CF2841F0C984C1
:10F6A000DA84EB84FC846C0D7D1D8E1D9F1D0F94F0
:10F6B000E17C820E931EA41EB51E49805A806B8089
:10F6C0007C8084149504A604B70410F42401350149
:10F6D000C980DA80EB80FC80C418D508E608F708FA
:10F6E00093CF40E080E0C3CF4D898E89C0CFEF92A9
:10F6F000FF920F931F931092C20380919C0381117C
:10F7000023C081E080939C0381E090E02091CF12A0
:10F710003091D0122730314811F090E080E0BC01E8
:10F72000660F771F680F791F6851764B43E050E0F2
:10F730008EE993E00F94087A80919E030E9417ED62
:10F740008091FA1280939D030E94CA581092590426
:10F75000809159048430A8F510925C040E94BC4545
:10F76000882379F060919D0370E080919E030E9450
:10F77000ABAE1092170E1F910F91FF90EF900C946B
:10F78000D9F782E696E40E9487560091A00310E024
:10F7900020919F0330E0F12CE12C48E06DE973E00B
:10F7A00086E596E40E9403530E941946809159040D
:10F7B0008F5F8093590480915B048F5F80935B041B
:10F7C000C7CF1F910F91FF90EF9008951F93CF9394
:10F7D000DF9364E670E00F94377DEB0110E04EE2BA
:10F7E00063E0812F0E94A853CE010E949D70CE013C
:10F7F0000E949D70CE010E949D70CE010E949D705E
:10F80000CE010E949D701F5F143149F7DF91CF91A7
:10F810001F91089510928D030895CF930E94CA58A6
:10F820001092590480915904843008F0ADC01092B0
:10F830005C048FE59FE00F946E7C81110DC00E94E7
:10F84000BC4581110E940AFC80918D038A3089F1A8
:10F8500089E09FE20E9487568091340E882361F1EF
:10F860006FEE71E08FEA9DE50E9456566DE472E0FE
:10F870008FE99DE50E9456568FE59FE00F946E7CC0
:10F8800081110AC080918D03893031F461E272E008
:10F890008FE298E40E9456560E94194680915904BE
:10F8A0008F5F8093590480915B048F5F80935B042A
:10F8B000B9CF80ED90E3CECF0E94E7F1C82F84E866
:10F8C0009DE5CC2311F083E99DE56FE472E00E9491
:10F8D000AC5689E69DE5CC2311F088E79DE569E10A
:10F8E00072E00E94AC568DE49DE5CC2311F08DE5CD
:10F8F0009DE565EF71E00E94AC5681E39DE5CC2368
:10F9000011F081E49DE56FEA72E00E94AC5686E159
:10F910009DE5CC2311F085E29DE561E371E00E9455
:10F92000AC568BEF9CE5CC2311F08AE09DE569E4B1
:10F9300071E00E94AC568FED9CE5CC2311F08FEE68
:10F940009CE56FEC71E00E94AC5683EC9CE5CC2307
:10F9500011F083ED9CE561EA71E00E94AC5687EA04
:10F960009CE5CC2311F087EB9CE563EB72E00E94F1
:10F97000AC568CE89CE5CC2311F08BE99CE565ED59
:10F9800071E00E94AC5678CFCF91089589E08093C2
:10F990008D030C940DFC5F934F937F936F93282FEF
:10F9A000082E000C330B3F938F938AE29BE49F93C6
:10F9B0008F930E94A0522DB73EB7285F3F4F0FB6DE
:10F9C000F8943EBF0FBE2DBF99E0981B892F0C9471
:10F9D000BD52CF93DF930E94B453C0915B12D0917C
:10F9E0005C1260912E0E70912F0E8091300E9091CE
:10F9F000310E0F94077FAE0182E80E94CBFC60E0DD
:10FA00008AE00E94EF52C0915712D091581220976D
:10FA100081F06091B5037091B6038091B703909126
:10FA2000B8030F94077FAE0180E8DF91CF910C946B
:10FA3000CBFC8AE0DF91CF910C94BD521092C203AF
:10FA40000E94E9FC42ED57E461E080E00E949C5393
:10FA500062E080E00E94EF5280918D03833071F16B
:10FA600038F4813050F081EC97E40E94B25205C026
:10FA7000853021F1C0F38830B1F30E9433588111F1
:10FA800009C080918D038150823028F58091F21653
:10FA9000882309F18091EC06811113C083E00E9454
:10FAA000954680918D03823071F0833081F08130F2
:10FAB00091F461E08BEE9BE40C94F8708EEA97E48D
:10FAC000D4CF82E0ECCF81E080938D03F2CF61E070
:10FAD0008EE59FE1F1CF08951F920F920FB60F921E
:10FAE00011240BB60F922F933F934F935F936F9315
:10FAF0007F938F939F93AF93BF93EF93FF93209147
:10FB0000D60080911A0E90911B0EE82FF0E0E35E74
:10FB1000F14F20838F5F2091190E821708F080E04B
:10FB2000981317C087E19BE50F94577BFF91EF91E6
:10FB3000BF91AF919F918F917F916F915F914F9105
:10FB40003F912F910F900BBE0F900FBE0F901F9003
:10FB5000189580931A0EEACF1F920F920FB60F924C
:10FB6000112472980F900FBE0F901F9018951F923E
:10FB70000F920FB60F921124729A0F900FBE0F9032
:10FB80001F9018958F929F92AF92BF92CF92DF9263
:10FB9000EF92FF926B017C010E9470ED4B015C01C2
:10FBA000C114D104E104F104B9F00E9470ED6819A8
:10FBB00079098A099B09683E73408105910580F3A4
:10FBC00021E0C21AD108E108F10888EE880E83E02E
:10FBD000981EA11CB11CE4CFFF90EF90DF90CF9056
:10FBE000BF90AF909F908F9008950F931F93CF93E6
:10FBF000DF93CDB7DEB763970FB6F894DEBF0FBEC5
:10FC0000CDBF80918F0381113AC081E080938F0333
:10FC10000E94515F81EA9DE00F946E7C182F0E9434
:10FC2000C15A8111EAC0109291031092900380E1B1
:10FC30000E9480B5811104C010929103109290032C
:10FC40006091900370919103072E000C880B990B23
:10FC50000F94FC762091690430916A0440916B0402
:10FC600050916C040F94957E60939203709393036C
:10FC7000809394039093950381E080935B0280913D
:10FC80003105909132050097F1F120919003309168
:10FC90009103280F391F309391032093900321364D
:10FCA00040EF34070CF0B6C081E690EF90939103DB
:10FCB000809390036091900370919103072E000C44
:10FCC000880B990B0F94FC762091690430916A049B
:10FCD00040916B0450916C040F94957E6093920355
:10FCE00070939303809394039093950362E370E081
:10FCF00080E090E00E94C2FD109232051092310522
:10FD000081E080935B0280915B028823B9F181EAF4
:10FD10009DE00F946E7C2BE0829FC0011124BE01F8
:10FD20006F5F7F4F875B924F0E94D6450E94B4530E
:10FD3000CE0101960E94425761E080E00E94EF529E
:10FD4000809195038F93809194038F938091930377
:10FD50008F93809192038F938EE599E49F938F9375
:10FD60001F9280E28F938DEE9DE59F938F930E946B
:10FD7000A0520FB6F894DEBF0FBECDBF80918E03A8
:10FD8000811104C08091BD03882351F181EA9DE077
:10FD90000F946E7C9BE0899F8001112460919003F9
:10FDA00070919103C801805B924F0F94B07C609179
:10FDB0005712C8018E5A924F0F94927C6091F806A8
:10FDC0007091F9068091FA069091FB060F940E7FD0
:10FDD000C8018D5A924F0F94927C80E10E9473B5B6
:10FDE0000E94C45863960FB6F894DEBF0FBECDBF15
:10FDF000DF91CF911F910F9108952BE0129FC001C9
:10FE00001124805B924F0F947C7C9093910380939C
:10FE100090030DCF121613062CF41092910310923A
:10FE2000900348CF2FB7F8944091F6065091F7060B
:10FE3000840F951F9093F7068093F6062FBF3ACF55
:10FE40002FB7F8946091CF067091D0068091D106BB
:10FE50009091D2062FBF089580915112811106C052
:10FE600060E070E080E89FEB0F94734D8EE89BE4B8
:10FE70000E94F25E81E08093CB0380918403813005
:10FE800069F482E0809384030E9420FF6093E2067D
:10FE90007093E3068093E4069093E50682E08093F6
:10FEA000320E0C94D9F7FF920F931F93CF93DF93E9
:10FEB000FC01F080F11008C0F12C8F2DDF91CF9163
:10FEC0001F910F91FF9008958B01EC010E9420FF7C
:10FED00089819A81080F191F0817190740F06017C8
:10FEE000710718F46817790738F71882E6CF60179A
:10FEF0007107C0F7E1CFFC01208121110C9453FF61
:10FF000081E00895CF93DF93EC010E9420FF7A8374
:10FF1000698381E08883DF91CF9108958F929F92CA
:10FF2000AF92BF92CF92DF92EF92FF921F93CF9347
:10FF3000DF93FC01108111110EC010E0812FDF91C1
:10FF4000CF911F91FF90EF90DF90CF90BF90AF9037
:10FF50009F908F9008956A017B01EC010E9420FF21
:10FF60004B015C0189819A81AB81BC81C80ED91E8D
:10FF7000EA1EFB1EC816D906EA06FB0660F08C14C2
:10FF80009D04AE04BF0428F488169906AA06BB0691
:10FF9000A0F61882D3CF8C149D04AE04BF04A0F742
:10FFA000CCCF0F931F93CF938091C903882309F47B
:10FFB00046C08091DB068F5F8E30B0F48093DB0605
:10FFC00063E087E00E94EF528DE00E94BD52C0E0E6
:10FFD0008091DB06C81758F44EE263E087E08C0F8F
:10FFE0000E94A853CF5FF4CF1092DB06E9CF809137
:10FFF000C9038230C1F040F446EC56E48130C1F0D0
:020000022000DC
:10000000CF911F910F910895833081F043EA56E418
:100010008430B1F763E080E00E949C531092C903E2
:100020001092DB06EDCF48EB56E4F4CF4CEA56E4F1
:1000300063E080E0CF911F910F910C949C538091CD
:10004000D413882361F180913107811128C08091F8
:10005000B903823020F580914905811116C0809145
:10006000EB13882309F435C08BEE93E12091360E13
:1000700064E1820F911D0E94DA5681112DC080919A
:10008000360E8F5F8093360EBBCF40E25EE460E0B9
:1000900070E089E495E00E948EFF8111E0CF8091AD
:1000A000310781111CC0E0913107EA3008F0A8CF78
:1000B000F0E08827E15AFF4F8E4F0D947E7D0D01B1
:1000C000E3010D0193025B010B010D010D0195018F
:1000D0000D0186ED93E1CACF1092360E91CF80913B
:1000E0004905882301F30E9420FF00914A051091E1
:1000F0004B0520914C0530914D05601B710B820B17
:10010000930B603A7F408105910568F679CF63E0F3
:10011000809133050E94EF5280913305C4E16C2F2A
:10012000681B90E08C5C9A4F0E94DA56C81BC09303
:10013000330566CF8091DC038B30F0F063E080E024
:100140000E94EF5284E10E94BD5245E956E463E00B
:1001500080E00E949C5383E49BE50E94B252609130
:10016000DC036A50770B072E000C880B990BCF919C
:100170001F910F910C947055833031F48AE593E60A
:100180000E944FBB109231078091DC03845087306E
:1001900008F036CF63E080E00E94EF5283E10E94D6
:1001A000BD5244E856E463E080E00E949C53809195
:1001B000DC0381508093DC0323CF64E184E395E08A
:1001C0000E94DA562091D9063091DA068091D7063E
:1001D0009091D806821793070CF412CF8091DC031C
:1001E000882309F40DCF63E08AE00E94EF528091EA
:1001F000D8068F938091D7068F938091DA068F93DC
:100200008091D9068F938AE39BE59F938F930E94F9
:10021000A0520F900F900F900F900F900F90F0CE74
:1002200063E080E00E94EF528091DC031F928F9385
:1002300084E79CE29F938F938CE29BE5E6CF46E7B1
:1002400056E463E080E00E949C538091DC03893790
:1002500008F0D6CE89E29BE50E94B2528091DC0381
:100260000E94375480E2CF911F910F910C94375424
:1002700047E656E4DDCECF93DF93EC010E9420FFEA
:1002800069837A838B839C8381E08883DF91CF911C
:100290000895CF92DF92EF92FF921F93CF93DF9357
:1002A000CDB7DEB764970FB6F894DEBF0FBECDBFF3
:1002B0007C01162F62EF7AE5CE0101960F94257A24
:1002C000B701CE0101960F94117A83E00E94FBB62C
:1002D0008823E1F0BE016F5F7F4F84E395E00F94C8
:1002E000D0826C0189E495E00F943B0183E0809318
:1002F000B903109231071092DC03CD2839F060E089
:10030000CE0101960E94E0B60E94D9F78DE798E6EB
:100310000E94FD5C113051F0612F70E090E080E0B0
:100320000E94635C8FEE9AE50E94FD5C88ED9AE581
:100330000E94FD5CC7010E94FD5C8CEC9AE50E9466
:10034000F25E64960FB6F894DEBF0FBECDBFDF91AC
:10035000CF911F91FF90EF90DF90CF9008951F9263
:100360000F920FB60F9211242F933F938F939F9369
:10037000AF93BF938091CF069091D006A091D10604
:10038000B091D2063091CE0623E0230F2D3758F5D9
:100390000196A11DB11D2093CE068093CF069093A8
:1003A000D006A093D106B093D2068091D306909147
:1003B000D406A091D506B091D6060196A11DB11D17
:1003C0008093D3069093D406A093D506B093D60617
:1003D000BF91AF919F918F913F912F910F900FBE41
:1003E0000F901F90189526E8230F0296A11DB11DAE
:1003F000D2CFCF9310925C1210925B1210925812CF
:1004000010925712CFB7F8940E9459F00E9496EDBF
:1004100075981092FC06CFBFCF9108950F94F90103
:10042000109253120C94D9F71F93CF93DF93C82FD8
:10043000162FD42F8091CA0380FD18C080915112CD
:10044000811114C08091571280935612E62FF0E06C
:10045000EE0FFF1FE55AFD4E8081918190935A1255
:100460008093591280915312809352120F94F90184
:100470000E94DB5983E00E94E85980910101886065
:10048000809301018FEF8093300580935312809108
:10049000CA0380FF07C08091CA0382958695877042
:1004A000D817C0F4C370CC0FCC0F8091CA03837FE0
:1004B0008C2B8093CA038091CA0310FB84F980932C
:1004C000CA03D295DD0FD07E4091CA034F714D2BE8
:1004D0004093CA038091CA0381608093CA038091CC
:1004E000CA0382608093CA03DF91CF911F91089560
:1004F0002F923F924F925F926F927F928F929F9234
:10050000AF92BF92CF92DF92EF92FF920F931F9321
:10051000CF93DF93CDB7DEB72C970FB6F894DEBF3D
:100520000FBECDBF282E49835A836B837C8328015D
:1005300039013A2C0E9420FF022D10E09801220F71
:10054000331F220F331F3C872B87F901ED58F94FDA
:1005500080809180A280B380681979098A099B09FB
:10056000613D77408105910508F4EAC0332009F424
:1005700075C088E691E09A87898780E090E0A0EADC
:10058000B0E48D839E83AF83B8870E9420FFEB8504
:10059000FC85ED58F94F608371838283938320E05B
:1005A00030E0A901C701B6010F948B7E811107C00D
:1005B000F801EE0FFF1FE159F94F11821082AB8550
:1005C000BC85A959B94F5D0129813A814B815C8174
:1005D0006D917D918D919C910F948B7E882309F470
:1005E00091C020E030E0A90169817A818B819C81F2
:1005F0000F941F80F801EB59F94F1816C4F581E0EC
:10060000808389819A81AB81BC81F501808391834C
:10061000A283B383EB85FC85E35AF94F4082518274
:1006200062827382F801E55AF94F1082A3019201A8
:10063000BC01CD010F941F8018161CF5F801E55A76
:10064000F94F80818F5F80833110C7C08930C8F037
:10065000812C912CA12C50E4B52EE8C0ADE2B0E085
:10066000BA87A98780E090E0A0E7B1E48ACF108242
:1006700089819A81AB81BC81F50180839183A283BA
:10068000B3832D813E814F81588569817A818B8129
:100690009C810F94957DA30192010F948B7E87FF1F
:1006A00046C0F801EB59F94F8081813049F482E06E
:1006B0008083F801EE0FFF1FE159F94F118210827C
:1006C00020E030E0A901C701B6010F941F80181681
:1006D000BCF529813A814B815C816D817E818F815E
:1006E00098850F94967DA30192010F941F80181690
:1006F0000CF03FC0000F111FF801E159F94F1182B2
:1007000010821EC0A301920169817A818B819C8134
:100710000F941F8018160CF0B4CFF801EB59F94F65
:100720008081813009F0ADCF89CF108297C020E061
:1007300030E0A901C701B6010F941F801816CCF054
:100740002C960FB6F894DEBF0FBECDBFDF91CF91D0
:100750001F910F91FF90EF90DF90CF90BF90AF90DF
:100760009F908F907F906F905F904F903F902F90D1
:100770000895F801EB59F94F8081823008F3000F9A
:10078000111FF801E159F94F808191810196918300
:100790008083880F991FE985FA85E817F90780F6A5
:1007A00043E0622D832D2C960FB6F894DEBF0FBE6A
:1007B000CDBFDF91CF911F910F91FF90EF90DF9010
:1007C000CF90BF90AF909F908F907F906F905F90F1
:1007D0004F903F902F900D941402813108F451CF27
:1007E00020E030E044EB52E4C301B2010F941F80DB
:1007F000812C912CE0E4AE2EBA2C18162CF4812C0E
:10080000912CA12C70E4B72E20E030E042ED52E4B0
:10081000C301B2010F941F80181644F46AE9862EB2
:1008200069E9962E69E1A62E6FE3B62EEB85FC856D
:10083000E35AF94F2081318142815381C301B201D2
:100840000F94957DA50194010F948B7EF801E75AD2
:10085000F94F87FF6ACF80818F5F8083808190E02E
:10086000311004C006974CF080E003C004972CF0D0
:1008700081E042E0622D0F9414022B853C85235ABF
:10088000394FD9014D925D926D927C921397F80188
:10089000E55AF94F1082F5CECF9389E29DE00F948F
:1008A0006E7CC1E08F3F91F420E030E040EF51E4F6
:1008B0006091F8067091F9068091FA069091FB0616
:1008C0000F941F8087FF04C0C0E002C08111FCCFDD
:1008D0008C2FCF9108951F920F920FB60F92112473
:1008E0000BB60F92FF920F931F932F933F934F934B
:1008F0005F936F937F938F939F93AF93BF93CF93A8
:10090000DF93EF93FF93809170008B7F8093700053
:1009100078944899C6C068EC70E089E896E00E9437
:100920007BFF8823B9F089E896E00E9482FF84E883
:1009300096E00F943B01809183068111A3C08091C2
:10094000820681119FC08FE796E00E9482FF81E0BE
:10095000809383068CB18095881F8827881F90918B
:10096000030193FF8260E0917C06E817E1F024E048
:10097000E29FF0011124E82BE850F54AE4919091B0
:100980007B06E90FE0937B060E2E000CFF0BF7FFB2
:1009900003C0F195E195F10934971CF091E0909333
:1009A0007D0680937C0680917002811108C0809141
:1009B000CC0680939206882309F487C0759A8091AB
:1009C00070028F70A9F48091300590E024E0959535
:1009D00087952A95E1F780930804892B09F477C05D
:1009E0009FB7F894809102018860809302019FBFB5
:1009F0009091920680917002981708F475988091F2
:100A000070028F7090910804981740F49FB7F89483
:100A100080910201877F809302019FBF80917002C5
:100A20008F5F8F778093700210E000E0E801CC0FB9
:100A3000DD1FCE50D94F88819981181619060CF008
:100A40004CC0FFB6F89461E0802F0E94BAF0888114
:100A50009981019799838883FFBE0F5F1F4F0330F1
:100A6000110521F78091271790912817A091291738
:100A7000B0912A17823A924AA105B105D9F181E0D5
:100A80000E94F26868EE73E08FE796E00E9453FFE1
:100A9000882309F45FCF81E08093820680937E06ED
:100AA00059CF80918306882309F454CF109283068E
:100AB00080918206811103C081E080938E0381E0E2
:100AC00080937D061092820645CF759878CF9FB7A8
:100AD000F89480910201877F88CF892B09F4BDCFDC
:100AE000FFB6F89460E0802F0E94BAF08881998167
:100AF0000196B0CF96B180919006991F9927991FC2
:100B0000981791F09091AF03992351F020918C06A2
:100B100030918D062F5F3F4F30938D0620938C06CA
:100B200091E0892780939006F8948091700084600A
:100B300080937000FF91EF91DF91CF91BF91AF91C2
:100B40009F918F917F916F915F914F913F912F91E5
:100B50001F910F91FF900F900BBE0F900FBE0F9043
:100B60001F9018954F925F926F927F92AF92BF92B3
:100B7000CF92DF92EF92FF920F931F93CF93DF9369
:100B800024E030E041E050E0D901A25EB64AFD0128
:100B900065917491861797070CF080C041505109F8
:100BA000440F551F440F551F8A01005E164AF80175
:100BB000C590D490425E564AFA0165917491F9014C
:100BC000E05EF64AC591D491F80105911491FD01BA
:100BD000E590F490FA01A590B490861B970BBC01A8
:100BE000990F880B990B0F94FC762B013C01BE01E9
:100BF000601B710B072E000C880B990B0F94FC7671
:100C00009B01AC01C301B2010F943B772B013C0166
:100C1000B7016A197B09072E000C880B990B0F94FA
:100C2000FC769B01AC01C301B2010F94957E2B01B0
:100C30003C01B601DD0C880B990B0F94FC769B01EF
:100C4000AC01C301B2010F94967D6B017C0120E0E1
:100C500030E040E252E4C701B6010F941F8087FDE7
:100C600030C020E030E048E452E4C701B6010F9400
:100C70008B7E181634F120E030E040E252E4C701E8
:100C8000B6010F94957D20E030E040E05FE30F94E3
:100C90003B779B01AC01C701B60143C04F5F5F4F7B
:100CA0002C5F3F4F243F310509F06ECFE0E1FAE5BC
:100CB00065917491072E000C880B990B0F94FC76AC
:100CC000C4CF20E030E048E452E4C701B6010F94FD
:100CD0001F801816DCF520E030E048EC52E4C70134
:100CE000B6010F948B7E18168CF120E030E040EABC
:100CF00050E4C701B6010F94967D2B013C0120E022
:100D000030E048E452E4C701B6010F94957D2DEC24
:100D10003CEC4CEC5DE30F943B779B01AC01C301D1
:100D2000B2010F94967D6B017C01C701B601DF9182
:100D3000CF911F910F91FF90EF90DF90CF90BF90D8
:100D4000AF907F906F905F904F90089520E030E0DB
:100D500048EC52E4C701B6010F941F8018162CF717
:100D600020E030E040E251E496CF1F920F920FB6A0
:100D70000F9211240BB60F924F925F926F927F9257
:100D80008F929F92AF92BF92CF92DF92EF92FF929B
:100D90000F931F932F933F934F935F936F937F9383
:100DA0008F939F93AF93BF93CF93DF93EF93FF9373
:100DB0008091CD06882309F422C11092CD060E94AD
:100DC0006F9E809171008D7F8093710078948091E7
:100DD000B3069091B4060E94CAAC4B015C018092AC
:100DE000C8069092C906A092CA06B092CB0600919E
:100DF000B5061091B606C8010F94B2056B017C01CF
:100E0000C092C106D092C206E092C306F092C40618
:100E10008091B1069091B2060F94B2056093AD0631
:100E20007093AE068093AF069093B00681E08093F6
:100E3000AC068091CA038D7F8093CA03C091B3062C
:100E4000D091B40680910404909105048C179D07FD
:100E50002CF040E060E080E00F94140280910204E6
:100E600090910304801791072CF040E060E081E04E
:100E70000F94140260910604709107048091C606D5
:100E80009091C706681779070CF0DCC01091BE0678
:100E9000111112C06B5F7F4F072E000C880B990B4E
:100EA0000F94FC769B01AC0111E0C501B4010F94D5
:100EB0001F8018160CF010E01093BE0668E97AE364
:100EC0008BEB96E00E947BFF811102C0112379F029
:100ED00081E08093BE068091520290915302C81720
:100EE000D9072CF041E060E080E00F94140280917B
:100EF000BF069091C0064F970CF4ABC0C091BA06E4
:100F0000C1110CC0C1E020E030E04CE052E4C70168
:100F1000B6010F941F8018160CF0C0E0C093BA06FB
:100F200060E573EC87EB96E00E947BFF811102C0C5
:100F3000CC2399F081E08093BA062091B5063091D8
:100F4000B6068091500290915102281739072CF073
:100F500041E060E081E00F9414026091CC0670E003
:100F600090E080E00F94FA766B017C014090C80617
:100F70005090C9066090CA067090CB066091C60674
:100F80007091C706072E000C880B990B0F94FC7606
:100F9000AB01BC01A12C9301820181E00F94780286
:100FA0006091C50670E090E080E00F94FA766B01E6
:100FB0007C014090C1065090C2066090C3067090BC
:100FC000C4066091BF067091C006072E000C880B06
:100FD000990B0F94FC76AB01BC01AA24A394930156
:100FE000820180E00F9478028091410281110E9479
:100FF00096EDF89480917100826080937100FF916A
:10100000EF91DF91CF91BF91AF919F918F917F91A0
:101010006F915F914F913F912F911F910F91FF9091
:10102000EF90DF90CF90BF90AF909F908F907F9088
:101030006F905F904F900F900BBE0F900FBE0F9070
:101040001F9018958BEB96E00E9482FF1092BE06CF
:101050004ECF87EB96E00E9482FF1092BA067DCFBA
:101060002091C9043091CA044091CB045091CC0422
:1010700060E070E08FE793E40F94957E6093110435
:101080007093120480931304909314042091D50458
:101090003091D6044091D7045091D80460E070E0BC
:1010A0008FE793E40F94957E6093090470930A048C
:1010B00080930B0490930C0408950F931F938091D9
:1010C0008403813019F50E9420FF0091530610918E
:1010D00054062091550630915606601B710B820B09
:1010E000930B28EE33E040E050E00F94E17C6091F8
:1010F0004F06709150068091510690915206620FF2
:10110000731F841F951F1F910F9108956091E20630
:101110007091E3068091E4069091E506D6CF8F9218
:101120009F92AF92BF92CF92DF92EF92FF920F9376
:101130001F93CF93DF931092C2030E94D649882356
:1011400009F462C06091EE067091EF068091F0069E
:101150009091F1060F94FA7620E030E543EC57E4E5
:101160000F94957EEB01182F092F0F945D086B01EA
:101170007C010E94B4538CE3882E912CA12CB12CBD
:10118000C701B601A50194010F94E17C7F936F9391
:10119000CA01B901A50194010F94E17C7F936F937B
:1011A000C701B60120E13EE040E050E00F94E17C51
:1011B0005F934F933F932F9382EB98E49F938F938A
:1011C0000F931F93DF93CF938DEB98E49F938F93AF
:1011D00080EF9BE49F938F930E94A0528DB79EB7A0
:1011E00042960FB6F8949EBF0FBE8DBFDF91CF9190
:1011F0001F910F91FF90EF90DF90CF90BF90AF9035
:101200009F908F900C94C45881EF9FE00F94767C50
:101210004B015C018DEE9FE00F94767C6B017C01AD
:101220000E94B453C701B6012CE330E040E050E027
:101230000F94E17C7F936F93CA01B90128E130E0FC
:1012400040E050E00F94E17C7F936F93C701B601BB
:1012500020EA35E040E050E00F94E17C5F934F934B
:101260003F932F938BEC98E49F938F93C501B40128
:101270000F94FA7620E030E048EC52E40F94957E2B
:101280009F938F937F936F938CED98E49F938F93AD
:1012900084E19CE49F938F930E94A0528DB79EB7E8
:1012A00042960FB6F8949EBF0FBE8DBF9FCFCF93CF
:1012B000C82F8BE70E94EA5B8C2F0E94E8F80E94FF
:1012C0009BF88AED9CE40E94FD5C6091EE067091B3
:1012D000EF068091F0069091F1064AE00E94FE5BD5
:1012E00083ED9CE40E94FD5C80916716882309F4DD
:1012F0005EC08091E1169091E216A091E316B09144
:10130000E4160097A105B10509F451C0BC01CD0157
:101310006D597F4F8F4F9F4F24E630E040E050E003
:101320000F94E17C6091E8167091E9168091EA16BD
:101330009091EB160F94E17C622F70E090E080E0DA
:101340000E94635C8CEC9CE40E94FD5C60918E02C8
:1013500070918F02072E000C880B990B0E94635C22
:1013600085EC9CE40E94FD5C8091EB13811121C00F
:1013700086ED93E10E94B9698EEB9CE40E94FD5CCE
:10138000809184038130C1F40F945D084AE00E948B
:10139000FE5B87EB9CE40E94FD5C80EB9CE40E947A
:1013A000FD5C8DE50E94EA5BCF910C9404F920E08E
:1013B000C3CF8BEE93E1DECF60E070E0CB010E9403
:1013C000635CE7CF10928403109253061092540688
:1013D00010925506109256061092E2061092E306FD
:1013E0001092E4061092E50610924F0610925006F5
:1013F0001092510610925206089580918403813014
:10140000F1F08230C9F40F945D0860934F06709339
:101410005006809351069093520681E08093840396
:101420000E9420FF609353067093540680935506E4
:101430009093560681E008950F94E209EECF80E084
:101440000895809184038150823070F41092840357
:101450000E9420FF6093E2067093E3068093E40607
:101460009093E50681E0089580E008952FEF30E045
:10147000DC010F948E7D20ED37E040E050E00F94CA
:101480005F7DB9018CE20C947DAFCF93DF9389E649
:1014900097E50E94F25E85E697E50E94FD5C62B3E7
:1014A0006695617070E090E080E00E94635C82B3BA
:1014B000817090E00F942C4D81E697E50E94FD5CD1
:1014C000C6E0D1E06881062E000C770B880B990BE3
:1014D000662797FD63957727882799270E94635C85
:1014E00082B382FB882780F990E00F942C4D8DE524
:1014F00097E50E94FD5C688166FB662760F970E0F5
:1015000090E080E00E94635C888185FB882780F9F9
:1015100090E00F942C4D88E597E50E94FD5C688172
:1015200063FB662760F970E090E080E00E94635CF6
:1015300088818295817090E0DF91CF910D942C4D40
:1015400067FD08C0813021F1D8F0823099F18330F5
:1015500009F442C047FD4CC0813009F455C008F47D
:101560004DC0823009F456C0833009F041C09FB7A6
:10157000442309F45FC0F89480910801806151C050
:10158000662321F0A19A47FF39C00895A198FBCFA7
:101590009FB7662351F0F89480910801806880938A
:1015A00008019FBF47FF30C00895F894809108015B
:1015B0008F77F5CF9FB7662351F0F894809108019B
:1015C0008064809308019FBF47FF24C00895F8946A
:1015D000809108018F7BF5CF9FB7662351F0F89477
:1015E000809108018860809308019FBF47FFBFCFAB
:1015F0000895F89480910801877FF5CF442311F076
:10160000A09A0895A0980895442311F0A29A0895ED
:10161000A29808959FB7442341F0F894809108015F
:101620008062809308019FBF0895F894809108011B
:101630008F7DF7CFF894809108018F7EF2CF6430D0
:1016400081F030F4613049F040E0623069F0089593
:10165000683049F0603139F0089540E060E00D9461
:10166000A00A41E0FBCF41E061E0F9CFDB0181114D
:101670000EC02FEF30E00F948E7D20ED37E040E07C
:1016800050E00F945F7DB9018EE20C947DAF813004
:1016900069F42FEF30E00F948E7D20ED37E040E0CD
:1016A00050E00F945F7DB9018DE2EFCF823019F4E5
:1016B000CB010D94360A08958FEF9FE00F946E7C56
:1016C0008093B40390910A01986090930A019091DD
:1016D0000A01906190930A0190910A01906290939F
:1016E0000A01882321F08091340E882359F18CE17E
:1016F00092E090936202809361028EE393E0909374
:1017000064028093630284EF91E090936602809379
:101710006502609161027091620280E00F94360B65
:101720006EE373E081E00F94360B80916502909137
:1017300066020F94360A80912101887F8160809330
:10174000210108958EE091E09093620280936102FE
:101750008EE393E0909364028093630282EC91E0C5
:10176000D4CF2FB7F89494E0899FF0011124E05E64
:10177000F84F60817181828193812FBF0895CF934B
:10178000C82F0F94B10B0F94FC7624E0C29FF00198
:101790001124EF59FB4F20813181428153810F94F5
:1017A000957ECF9108959091120E8091130E981707
:1017B00029F090E080E00E949D70F5CF0895CF92CF
:1017C000EF92FF920F931F9385E0C82E98E3E92EC6
:1017D00098E4F92E03ED1EE22FEC3EE240E060E0DB
:1017E0008EE398E40E948FBE813029F40E948347E3
:1017F0000F94D30BE9CF823051F460E070E0CB015D
:101800001F910F91FF90EF90CF900C946DBD1F91A1
:101810000F91FF90EF90CF900895B19A10928500AC
:101820001092840080ED97E0909389008093880067
:101830001092480410924704809145049091460408
:1018400001978E3F9F4F20F410924604109245045A
:1018500008951F920F920FB60F9211240BB60F929C
:101860004F925F926F927F928F92CF92DF92EF9220
:10187000FF921F932F933F934F935F936F937F93A9
:101880008F939F93AF93BF93CF93DF93EF93FF9388
:1018900080914504909146049C01215031092E3FCE
:1018A0003F4F90F420918800309189002817390724
:1018B00008F0F9C02091880030918900821B930BB9
:1018C00090934604809345042091880030918900CC
:1018D00080914704909148042817390708F0E8C020
:1018E0002091880030918900821B930B90934804CB
:1018F000809347048091470490914804892B11F00C
:101900000D941415E0914E12F0914F12309709F09A
:1019100082C19091120E8091130E981709F435C36D
:10192000C091130E2C2F30E05EE6C59FE00111241C
:10193000CE5CD84FFE01E95BFF4F41E04083D0937E
:101940004F12C0934E12209709F41FC310924B06FA
:1019500010924C0610924D0610924E0610924A06B6
:101960008AAD9BAD90934906809348068134ACE9DB
:101970009A0708F0A2C08132BEE49B0708F4A0C019
:10198000969587959695879544E04093470680976E
:101990008115F8E09F0708F4A4C0E92FFF27EE0F98
:1019A000FF1FEE0FFF1FAF01485A5C4AFA01329643
:1019B000A591B491FA0145915491B89FB001A89FA7
:1019C000000C611D1124711D461B570BCA014436C2
:1019D000510510F484E690E0B0E0A0E08093430667
:1019E00090934406A0934506B09346064EE6429F68
:1019F000C001439F900D11248E5C984FFC01E45B65
:101A0000FF4F4081442349F0815B9F4FDC018D9162
:101A10009C919093420680934106109240068FEF6E
:101A20009FEF909346048093450480933F068EE693
:101A3000829FF001839FF00D1124EE5CF84F85A981
:101A400084FF08C010922C0710922D0710922E07C9
:101A500010922F0783FF61C08EE6829FF001839F63
:101A6000F00D1124EE5CF84F808991899695879549
:101A70009195819591099093300680932F069093CC
:101A800034068093330690933806809337069093FC
:101A90003C0680933B0681E024853585232B09F0A5
:101AA0007DC080E07BC010924604109245040CCFAC
:101AB00010924804109247041DCF80E49CE960CF47
:101AC0008131E7E29E0720F09695879542E05DCF51
:101AD000409347068032910508F059CF80E290E0AC
:101AE00056CFBC01769567956C7F685A704BFB01A9
:101AF00045915491FB013296A591B4918770992735
:101B00008A9FB0018B9F700D9A9F700D1124E3E0A6
:101B100076956795EA95E1F757CF8EE6829FF001BB
:101B2000839FF00D1124EE5CF84F80899189A28982
:101B3000B389B695A79597958795B095A0959095FB
:101B400081959F4FAF4FBF4F80932F0690933006E4
:101B5000A0933106B09332068093330690933406F7
:101B6000A0933506B09336068093370690933806D7
:101B7000A0933906B0933A0680933B0690933C06B7
:101B8000A0933D06B0933E0681E044855585668569
:101B90007785452B462B472B09F483CF80932E0660
:101BA00010922A0610922B0610922C0610922D06E7
:101BB000888D8093290680FFD1C180910B018D7F94
:101BC00080930B018FEF80935D028091290681FF46
:101BD000CCC180910B018E7F80930B018FEF80939E
:101BE0005E028091290682FFC7C180910B018B7F25
:101BF00080930B018FEF80935F028091290683FF12
:101C0000C2C18FEF80936002E0914E12F0914F12AB
:101C1000309709F409C780917702509126068823EE
:101C200009F46CC0209157048091280690912706F2
:101C30003091290630FF1DC01E9BC6C18160492F0F
:101C400041704823B1F0C080D180E280F3801C1441
:101C50001D041E041F046CF42160C088D188E28832
:101C6000F388C0922A06D0922B06E0922C06F092BE
:101C70002D0631FF1DC01D9BA9C18260492F4270F6
:101C80004823B1F0C480D580E680F7801C141D0481
:101C90001E041F046CF42260C088D188E288F38897
:101CA000C0922A06D0922B06E0922C06F0922D06C6
:101CB00032FF90C151111CC01C9B8AC1846094707A
:101CC0009823B1F0C084D184E284F3841C141D04F1
:101CD0001E041F046CF42460C088D188E288F38855
:101CE000C0922A06D0922B06E0922C06F0922D0686
:101CF0008093280680932706209357045523F9F0F4
:101D00002091570480912806909127061C9B69C159
:101D100084609470982369F02460408951896289B5
:101D2000738940932A0650932B0660932C06709378
:101D30002D0680932806809327062093570485A9B3
:101D4000C0E083FF50C180914706C81708F0BDC2AC
:101D50000E9433F1E0914E12F0914F1280819181F7
:101D600020912F0630913006820F931F90933006FA
:101D700080932F06181619066CF5409AE0914E12C2
:101D8000F0914F1280912F06909130062089318971
:101D9000821B930B9093300680932F0690915D02E7
:101DA00040912007509121076091220770912307ED
:101DB000892F990F990BAA0BBB0B840F951FA61F98
:101DC000B71F8093200790932107A0932207B09319
:101DD00023074098E0914E12F0914F128481958133
:101DE0002091330630913406820F931F909334066E
:101DF00080933306181619064CF5419AE0914E125D
:101E0000F0914F1220893189821B930B90933406F5
:101E10008093330690915E024091240750912507EC
:101E20006091260770912707892F990F990BAA0BAC
:101E3000BB0B840F951FA61FB71F80932407909399
:101E40002507A0932607B09327074198E0914E12EB
:101E5000F0914F1280859185209137063091380698
:101E6000820F931F90933806809337061816190631
:101E70004CF5429AE0914E12F0914F12208931892F
:101E8000821B930B909338068093370690915F02E4
:101E9000409128075091290760912A0770912B07DC
:101EA000892F990F990BAA0BBB0B840F951FA61FA7
:101EB000B71F8093280790932907A0932A07B09310
:101EC0002B074298E0914E12F0914F1280913B0601
:101ED00090913C0624853585820F931F90933C0694
:101EE00080933B06208931891816190644F5821B18
:101EF000930B90933C0680933B0690916002409137
:101F00002C0750912D0760912E0770912F07892F74
:101F1000990F990BAA0BBB0B840F951FA61FB71F18
:101F200080932C0790932D07A0932E07B0932F0733
:101F30009091600280914006890F809340068091C5
:101F40002A0690912B06019690932B0680932A06E1
:101F50008217930708F0B9C1CF5FF5CE80910B01CE
:101F6000826080930B0181E02ECE80910B01816015
:101F700080930B0181E033CE80910B0184608093CC
:101F80000B0181E038CE81E03DCE80ED97E090936B
:101F900048048093470490934404809343048FEF54
:101FA0009FEF9093460480934504109240068091E1
:101FB000410490914204009709F426CE0197909332
:101FC00042048093410420CE8E7F39CE8D7F56CE41
:101FD0008B7F75CE019903C08064907471CE8F7B26
:101FE000FCCF8B7F96CE80914706C81708F06DC155
:101FF0000E9433F1E0914E12F0914F128081918155
:10200000A281B38140912F06509130066091310634
:1020100070913206840F951FA61FB71F80932F065D
:1020200090933006A0933106B09332061816190625
:102030001A061B06CCF5409AE0914E12F0914F1211
:1020400080912F0690913006A0913106B091320612
:102050004089518962897389841B950BA60BB70B44
:1020600080932F0690933006A0933106B0933206EA
:1020700090915D02409120075091210760912207C5
:1020800070912307892F990F990BAA0BBB0B840F13
:10209000951FA61FB71F8093200790932107A09339
:1020A0002207B09323074098E0914E12F0914F120F
:1020B00084819581A681B781409133065091340681
:1020C0006091350670913606840F951FA61FB71FC5
:1020D0008093330690933406A0933506B09336066A
:1020E000181619061A061B068CF5419AE0914E1235
:1020F000F0914F124089518962897389841B950B35
:10210000A60BB70B8093330690933406A093350645
:10211000B093360690915E024091240750912507B6
:102120006091260770912707892F990F990BAA0BA9
:10213000BB0B840F951FA61FB71F80932407909396
:102140002507A0932607B09327074198E0914E12E8
:10215000F0914F1280859185A285B3854091370615
:10216000509138066091390670913A06840F951F98
:10217000A61FB71F8093370690933806A0933906A1
:10218000B0933A06181619061A061B068CF5429AE1
:10219000E0914E12F0914F12408951896289738902
:1021A000841B950BA60BB70B8093370690933806CC
:1021B000A0933906B0933A0690915F0240912807A8
:1021C0005091290760912A0770912B07892F990F49
:1021D000990BAA0BBB0B840F951FA61FB71F8093EB
:1021E000280790932907A0932A07B0932B074298BA
:1021F000E0914E12F0914F1280913B0690913C0677
:10220000A0913D06B0913E0644855585668577854B
:10221000840F951FA61FB71F80933B0690933C0623
:10222000A0933D06B0933E06408951896289738927
:10223000181619061A061B0674F5841B950BA60BB7
:10224000B70B80933B0690933C06A0933D06B0935A
:102250003E0690916002C0902C07D0902D07E09030
:102260002E07F0902F07892F990F990BAA0BBB0B04
:102270008C0D9D1DAE1DBF1D80932C0790932D07C7
:10228000A0932E07B0932F07909160028091400693
:10229000890F8093400680912A0690912B06A09189
:1022A0002C06B0912D060196A11DB11D80932A0622
:1022B00090932B06A0932C06B0932D0684179507B8
:1022C000A607B70710F4CF5F8ECE80914006882313
:1022D00039F087FFF2C080910B01806480930B017D
:1022E00040912A0650912B0660912C0670912D0684
:1022F000C0914E12D0914F12898D9A8DAB8DBC8DAD
:1023000084179507A607B70708F437C1C09043069E
:10231000D0904406E0904506F09046062C893D8911
:102320004E89AA27C39EB12DD49EC001E49E900D74
:10233000E39E800D911DC49EB00D811D9A1FD39EFA
:10234000B00D811D9A1FE29EB00D811D9A1FD29E75
:10235000B10D8A1F9A1FBB0F8A1F9A1F11242AAD25
:102360003BAD820F931F90934906809348062EA998
:102370003FA92817390720F43093490620934806CF
:1023800080914806909149068134BCE99B0708F08A
:1023900098C08132EEE49E0708F496C09695879522
:1023A0009695879524E0209347068097811528E02D
:1023B000920708F49BC0E92FFF27EE0FFF1FEE0FD7
:1023C000FF1F9F01285A3C4AF901329645915491CA
:1023D000F90125913491589FB001489F000C611D6F
:1023E0001124711D261B370BC9012436310510F449
:1023F00084E690E0909348048093470490934404CB
:1024000080934304C80ED91EE11CF11CC092430600
:10241000D0924406E0924506F0924606FE01E45B47
:10242000FF4F8081811180C080E080FF16C09FEF48
:1024300090933F06E0914104F091420420914106BF
:1024400030914206E217F30709F027C28FEF9FEFA2
:10245000909346048093450480E080FD07C08091FE
:10246000450490914604019609F4B7C2E0914304F3
:10247000F09144048091200690912106A0912206BB
:10248000B09123062C013D014E0E5F1E611C711C94
:102490009E01235B3F4FD901CD90DC90F12CE12CC4
:1024A00060E04C145D046E047F0408F426C26F5F84
:1024B0004C185D086E087F08F4CF80910B018F7B6C
:1024C0000DCF80E49CE96ACF8131F7E29F0720F0CD
:1024D0009695879522E067CF21E0209347068032CA
:1024E000910508F062CF80E290E05FCFAC01569595
:1024F00047954C7F485A504BFA0125913491FA0187
:1025000032966591749187709927869FA001879F65
:10251000500D969F500D112473E0569547957A956E
:10252000E1F7241B350B60CF40912A0650912B0612
:1025300060912C0670912D068091470690E0B0E0E6
:10254000A0E084179507A607B70708F46DCF809120
:102550002E06811102C083E068CF809141049091E2
:10256000420420914106309142062817390798F716
:102570009093420680934106EECF80912A06909177
:102580002B06A0912C06B0912D064D8D5E8D6F8D82
:1025900078A1481759076A077B0708F0E3C0C09085
:1025A0004B06D0904C06E0904D06F0904E066C889D
:1025B0007D888E88AA27C79CB12DD89CF001E89C05
:1025C000F00DE79CE00DF11DC89CB00DE11DFA1F58
:1025D000D79CB00DE11DFA1FE69CB00DE11DFA1F5E
:1025E000D69CB10DEA1FFA1FBB0FEA1FFA1F112478
:1025F00020914806309149068EAD9FAD2E173F07BA
:1026000030F02E1B3F0B8217930708F4C901813469
:10261000ACE99A0708F075C08132BEE49B0708F464
:1026200073C0969587959695879524E020934706E5
:1026300080978115F8E09F0708F478C0E92FFF27FD
:10264000EE0FFF1FEE0FFF1F9F01285A3C4AF901B2
:102650003296A591B491F90125913491B89FF0017A
:10266000A89F000CE11D1124F11D2E1B3F0BC90179
:102670002436310510F484E690E09093480480936A
:1026800047049093440480934304C80ED91EE11C70
:10269000F11CC0924B06D0924C06E0924D06F0928F
:1026A0004E06FE01E45BFF4F8081882309F4BCCE17
:1026B00080912A0690912B06A0912C06B0912D06B0
:1026C00020914706420F511D611D711D4817590782
:1026D0006A077B0708F4A8CE3596208131813093B4
:1026E00042062093410680912E06882309F433CFB9
:1026F00080914104909142048217930708F02BCFF8
:1027000037CF80E49CE98DCF8131E7E29E0720F04E
:102710009695879522E08ACF21E020934706803264
:10272000910508F085CF80E290E082CFDC01B6957C
:10273000A795AC7FA85AB04BFD0125913491FD01BE
:102740003296A591B491877099278A9FF0018B9F4B
:10275000F00D9A9FF00D1124A3E0F695E795AA9548
:10276000E1F783CF80914A06882371F080E02091C1
:102770002406309125063093480420934704309373
:1027800044042093430451CE8EA99FA981342CE99F
:10279000920708F04EC081324EE4940708F44CC012
:1027A000969587959695879524E020934706809780
:1027B0008115A8E09A0708F451C0E92FFF27EE0F12
:1027C000FF1FEE0FFF1F9F01285A3C4AF901329666
:1027D00065917491F90125913491789FA001689FCA
:1027E000000C411D1124511DC901841B950B843619
:1027F000910510F484E690E09093250680932406DA
:102800008091470680934A06FE01E45BFF4F80817A
:10281000882309F4ABCF80912E06882341F0809164
:10282000410490914204909342068093410681E0D6
:102830009ECF80E49CE9B4CF813157E2950720F028
:102840009695879522E0B1CF21E02093470680320C
:10285000910508F0ACCF80E290E0A9CF9C013695BD
:1028600027952C7F285A304BF90145915491F90155
:1028700032966591749187709927869F9001879F02
:10288000300D969F300D1124A3E036952795AA951B
:10289000E1F7CA01821B930BAACFDE01A35BBF4FF6
:1028A0004D915C91119770E060E040932006509349
:1028B0002106609322067093230616969C919093AE
:1028C0001F06982F927009F4C8CD90912E06992377
:1028D00009F4C3CD2E173F0708F0BFCD440F551F95
:1028E000661F771F409320065093210660932206AF
:1028F0007093230610923F06B0CD4092200650926E
:102900002106609222067092230661111DC0F09389
:102910001E06E0931D06F0934604E0934504809163
:102920003F0687FD5AC08091470610911F06C35B82
:10293000DF4F28813981811335C081E02E173F0791
:1029400008F449C080E047C0643028F56F5F633009
:10295000A9F06695AF0102C0569547956A95E2F7D2
:10296000BA0170931E0660931D0680911D0690911A
:102970001E069093460480934504D1CF9F01ABEA95
:10298000BAEA0F940E7D41E1969587957795679504
:102990004A95D1F7E6CF70E06F5F7F4FCF010F947C
:1029A000377DDFCF833009F4A2C08695A90102C02C
:1029B000569547958A95E2F7133009F4A6C0169507
:1029C000BF0102C0769567951A95E2F781E0461738
:1029D000570708F0B7CF80933F060E9433F140912C
:1029E0002A0650912B0660912C0670912D06E091DD
:1029F0004E12F0914F1280899189A289B3894817AC
:102A000059076A077B0780F010924F1210924E12FE
:102A10009091120E8091130E981731F08091130E41
:102A20008F5F8F708093130E609145047091460400
:102A30006115710509F046C040914104509142046E
:102A400020914106309142068091400624173507B7
:102A500008F06CC090911F06913041F0421B530B5F
:102A60009417150619F010F040931F0690911F0659
:102A7000891B80934006882339F087FF53C08091DB
:102A80000B01806480930B0120911F06809141040B
:102A900090914204821B91099093420480934104D7
:102AA0002091410430914204809141069091420668
:102AB0002817390709F066C08FEF9FEF90934604FF
:102AC0008093450440914006411161C080914504C6
:102AD0009091460420914704309148048F3F980715
:102AE00009F088C030938900209388008EC0ABEA3B
:102AF000BAEA0F940E7DAB01BC0131E17695679582
:102B0000579547953A95D1F757CF9F01ABEABAEA67
:102B10000F940E7D21E196958795779567952A9577
:102B2000D1F754CF80910B018F7BACCF4217530765
:102B300008F0B6CF90911F06913041F0241B350B61
:102B40009217130619F010F020931F0690911F069C
:102B5000890F80934006882339F087FF0FC080914A
:102B60000B01806480930B0180911F06209141042A
:102B700030914204820F932F911D8ECF80910B01D3
:102B80008F7BF0CF80911D0690911E0697CF80918C
:102B90003F0687FD0EC0082E000C990B21E030E0A7
:102BA0006115710511F030E020E08217930709F0FC
:102BB0008DCF20911F06672B11F020914706842F9F
:102BC000042E000C990B97FF03C0919581959109F4
:102BD00030E0281739070CF4C90121E047FF2FEF37
:102BE000439A90914006920F9093400643988150EB
:102BF000B9F76CCFAC01485D5F4F4217530708F03F
:102C000071CF909389008093880020918800309143
:102C1000890080918400909185004096281739079B
:102C200048F48091840090918500409690938900AB
:102C300080938800FF91EF91DF91CF91BF91AF9189
:102C40009F918F917F916F915F914F913F912F91C4
:102C50001F91FF90EF90DF90CF908F907F906F90BB
:102C60005F904F900F900BBE0F900FBE0F901F9074
:102C7000189590912606809326062FB7F894809198
:102C800057048B7F809357042FBF892F089580911D
:102C900057042FB7F894909157049B7F9093570453
:102CA0002FBF82FB882780F90895909157041092D6
:102CB000570481E0911101C080E008959091400493
:102CC000913099F028F09230A1F09330B1F008954E
:102CD000811102C00C948DF1823011F40C949FF894
:102CE000853081F580E00C9479F1882399F3823066
:102CF000A9F3853039F581E0F6CF882359F3823086
:102D000069F3853079F3863071F485E027E231E0AC
:102D1000729AF9013197F1F77298F9013197F1F749
:102D20008150B1F70895873069F484E123E731E0F9
:102D3000729AF9013197F1F77298F9013197F1F729
:102D40008150B1F708950F931F93CF93DF938C01B8
:102D5000EB0190935C1280935B120E94E7F181116A
:102D600004C0D0935812C0935712C0918D0387EFBF
:102D70008C0F8230F8F40E94D9F7CA3041F484E015
:102D80008093320EDF91CF911F910F91089560E0F3
:102D900070E080E291E40E948C508FE59FE00F94F8
:102DA0006E7C882379F388E0DF91CF911F910F919A
:102DB0000C94E9DC1092C2038091ED06811112C0DF
:102DC00060912E0E70912F0E8091300E9091310EE9
:102DD0000F94077F601B710B6C5F7F4F693071052B
:102DE00008F060C0C150C83088F5EC2FF0E08827AB
:102DF000E350F94E8E4F0D947E7DB301B301B301C4
:102E0000F5005502330283016F01CEE7DBEA8091C2
:102E1000EB06882329F082E00F945E161092EB06F1
:102E2000209709F4AFCF0E940DF661E0CE01DF914B
:102E3000CF911F910F910C9473468091EB068823DC
:102E400041F061E08EE19DEF0E947346D0E0C0E06A
:102E5000DECF0E940DF680918D03823019F481E05F
:102E600080938D0380918D03813031F461E08BEE8E
:102E70009BE40E94F870EACF833041F761E08EE571
:102E80009FE1F7CFC4E0DBEAC2CF0E940DF60F94BA
:102E900005760E940AFCDACFC8E7DBEAB8CFC2E7C2
:102EA000DBEAB5CF8091EB06882321F080915B02AD
:102EB000882379F181E08093EB0680935B020E9486
:102EC000BB534AE85CE563E080E00E949C5348E81D
:102ED00051E363E081E00E949C5361E080E00E9446
:102EE000EF52E0918D03E150E83098F4F0E088274C
:102EF000E358F84E8E4F0D947E7DE101E10175029D
:102F0000E10175026D015501E1018CE198E40E9437
:102F1000B2528091EB0681110E94E9FC0E94335865
:102F2000882309F42FCF1092EB068091EC068111D3
:102F30000EC010925C1210925B120E94CB4981115C
:102F400004C010925812109257120E94B1460E946B
:102F5000B146DF91CF911F910F910C940AFC87E04D
:102F600098E4D5CF83EF97E4D2CF81EE97E4CFCF2B
:102F700080938D034091FE1220915B1230915C1280
:102F8000413059F01092ED0680915702909158020D
:102F9000281739075CF40C940DFC9091D412911110
:102FA000F1CF8650823070F74093ED0681E0809338
:102FB000EC066091571270915812C9010F94A31634
:102FC0001092ED06089582E00D94B81781E00D94FB
:102FD000B81783E00D94B8171092EC0660E570E026
:102FE0008AEF90E00D94A3161092EC0670E060E07A
:102FF0008AEF90E00D94A3161092EC066CE370E05B
:1030000087ED90E00D94A3161092EC0665E570E054
:1030100086EE90E00D94A3161092EC0669E670E03F
:1030200084E091E00D94A3161092EC0669E670E03E
:1030300083E191E00D94A3161092EC066BE470E02E
:1030400087ED90E00D94A3161092EC066AE570E00F
:1030500083E191E00D94A3161092EC0664E670E013
:103060008FEF90E00D94A3161092EC0664E670E0EA
:103070008CED90E00D94A3161092EC0664E670E0DF
:103080008EEF90E00D94A3161092EC0662E370E0D0
:1030900080EF90E00D94A316CF92DF92EF92FF9213
:1030A000411104C020914004223061F09B016C0169
:1030B000F12CE12C672B59F4729AC701B6010E94DA
:1030C000C2FD7298FF90EF90DF90CF900895220F8D
:1030D000331F50E040E060E074E284EF90E00F9432
:1030E0005F7D91E02115310581E04807510544F0ED
:1030F00086E056954795379527958A95D1F793E0C1
:10310000215031094FB7F8948091A100887F892B15
:103110008093A1006091AC007091AD00269FC0012A
:10312000279F900D369F900D1124509172006FEFE4
:1031300070E051FF04C06091A8007091A9000F9445
:10314000377D7093AD006093AC003093A90020935D
:10315000A800809172008360809372004FBFC70106
:10316000B6010E94C2FD2FB7F8948091A100887F1C
:1031700085608093A1004091AC005091AD003FEF7D
:10318000349FC001359F900D1124309172006FEF74
:1031900070E031FF04C06091A8007091A9000F9405
:1031A000377D7093AD006093AC008FEF90E090930B
:1031B000A9008093A800809172008C7F8093720098
:1031C0002FBF7FCFCF93C0914004C23059F1C1309F
:1031D00069F480919805811125C040E070E060E0BD
:1031E00080E590E00F944C18C093980560ED77E06F
:1031F00085E995E00E947BFF8823A1F085E995E0B1
:103200000E9482FF80914004811108C040E070E07C
:1032100060E080E590E0CF910D944C1880E0CF9174
:103220000D945E16CF91089598B1907F892B88B93F
:10323000000098B9000008958230B9F08330E9F0B9
:10324000813059F080910B01611105C0826080933B
:103250000B01000008958D7FFACF80910B01611161
:1032600002C08160F4CF8E7FF2CF80910B0161119B
:1032700002C08460ECCF8B7FEACF80910B0161307C
:1032800011F48064E4CF8F7BE2CF8EBD0DB407FED6
:10329000FDCF08958FEF8EBD0DB407FEFDCF8EB527
:1032A00008958F929F92AF92BF92EF92FF920F93E9
:1032B0001F93CF937C01C62F49015A01FC019181D4
:1032C000892F806A86958CBD90FD03C081E0963081
:1032D00009F480E08DBD28988CE291E00F944B4D6D
:1032E0008C2F80640F94451908E110E0D501C401CA
:1032F000002E04C0B695A795979587950A94D2F7A6
:103300000F94451908501109083FFFEF1F0771F787
:1033100085E9CC2321F087E8C83009F08FEF0F94BE
:103320004519CC3011F40F944A19C0E00F944A1992
:10333000F701828387FF04C0CF3F11F0CF5FF6CF44
:10334000CF911F910F91FF90EF90BF90AF909F9002
:103350008F9008950F931F93CF93DF93EC01890112
:103360008B81833039F089E0440F551F661F771F2A
:103370008A95D1F79A01AB0168E1CE010F945119FA
:10338000882319F086E0888339C08EEF8EBDF8015E
:10339000C8019E5F0DB407FEFDCF20812EBD0DB488
:1033A00007FEFDCF21812EBD3296E817F90791F770
:1033B0000DB407FEFDCF8FEF0F9445198FEF0F94DB
:1033C00045190F944A198A838F71853099F488E5DD
:1033D00092E00F944B4D182F87E11123A1F220E0CA
:1033E00030E0A9016DE0CE010F945119882351F00E
:1033F00086E1C9CF83E188830F94494D0F94494DED
:1034000010E006C00F944A198111F2CF0F94494D74
:10341000812FDF91CF911F910F910895CF938091CC
:103420003F0EC1E08823A1F04091370E5091380E35
:103430006091390E70913A0E23E43EE08091400E87
:103440009091410E0F94AA19C82F811104C0C0E0B9
:103450008C2FCF91089540913B0E50913C0E60917E
:103460003D0E70913E0E411551056105710591F0BB
:1034700023E43EE08091400E9091410E0F94AA19F2
:10348000882329F310923B0E10923C0E10923D0EB1
:1034900010923E0E10923F0EDBCF2F923F924F9232
:1034A0005F926F927F928F929F92AF92BF92CF92D4
:1034B000DF92EF92FF920F931F93CF93DF93EC0174
:1034C0002A013B0169018B81833039F069E0440CAA
:1034D000551C661C771C6A95D1F743E0942E560163
:1034E00081E0A81A8EEFB80A1601EEEF3E1A54E0FA
:1034F000852E9A94A301920161E1CE010F94511996
:10350000882379F08882992009F47AC00F94494D74
:1035100020E030E0A9016CE0CE010F94511918822F
:10352000E8CF0E9420FF8B010F944A198A838F3FB6
:1035300091F40E9420FF601B710B6D327140A0F36B
:1035400081E188830F94494D8C818823E1F28FEFCC
:103550000F944519D8CF8E3F11F08FE0F2CF8FEF47
:103560008EBDD601F6010DB407FEFDCF9EB5919339
:103570008EBDEA15FB05B9F70DB407FEFDCF8EB57C
:10358000F5018083F12CE12C8D91EF2DFF27E827A9
:10359000EE0FFF1FE15BF24B85919491FE2CEE2420
:1035A000E826F9262A163B0679F70F944A19082FC0
:1035B00010E0102F00270F944A19082B0E151F0535
:1035C00019F0F0E2F883BECF0F94494DCC81CC23A3
:1035D000D9F08FEF0F9445198C2FDF91CF911F9168
:1035E0000F91FF90EF90DF90CF90BF90AF909F90A2
:1035F0008F907F906F905F904F903F902F900895A5
:103600000F94494DC0E0E8CFC1E0E6CFCF92DF9202
:10361000EF92FF92CF936B017C01C42F8091370E04
:103620009091380EA091390EB0913A0E8C159D05EF
:10363000AE05BF0501F10F940E1A811108C0C0E05C
:103640008C2FCF91FF90EF90DF90CF90089523E4DF
:103650003EE0B701A6018091400E9091410E0F947B
:103660004D1A882361F3C092370ED092380EE09243
:10367000390EF0923A0ECC2321F081E080933F0E78
:10368000DFCFC1E0DDCF4F925F926F927F928F923A
:103690009F92AF92BF92CF92DF92EF92FF920F93E1
:1036A0001F93CF93DF93EC01423051056105710503
:1036B00090F480E0DF91CF911F910F91FF90EF90F8
:1036C000DF90CF90BF90AF909F908F907F906F9042
:1036D0005F904F90089589859A85AB85BC8501964A
:1036E000A11DB11D84179507A607B70710F38F8991
:1036F0008031C9F5852E962EA72EBB248B899C89F7
:10370000AD89BE89880E991EAA1EBB1E28013901EB
:103710006A017B0141E0C501B4010F94061B8823B7
:1037200041F29F89903181F5DD24EE24FF24F601DA
:10373000EE0FFF1FED5BF14F118300839A899230EA
:1037400008F4B8CF4D815E816F817885840E951E17
:10375000A61EB71E80923B0E90923C0EA0923D0E8C
:10376000B0923E0EA7CF803209F0A3CF8B899C89FF
:10377000AD89BE894A015B01E7E0B694A7949794AE
:103780008794EA95D1F7BECFE894C7F8DD24EE24FC
:10379000FF24F601EE0FFF1FEE0FFF1FED5BF14F51
:1037A0004082518262827382C9CFCF92DF92EF92C0
:1037B000FF920F931F93CF93DF93FC018185928536
:1037C000A385B4850196A11DB11D84179507A60791
:1037D000B70750F480E0DF91CF911F910F91FF90D8
:1037E000EF90DF90CF90089587898031A9F5BB27AE
:1037F000A72F962F852FC388D488E588F6888C0D4F
:103800009D1DAE1DBF1DE9016A017B018F01409125
:10381000370E5091380E6091390E70913A0E841720
:103820009507A607B70749F5F8018789803169F53B
:10383000B701A601552766277727440F551F4D5B13
:10384000514FFA0180819181B0E0A0E08883998393
:10385000AA83BB8381E0BFCF803209F0BBCFC3888E
:10386000D488E588F688DB01CA01C7E0B695A7953C
:1038700097958795CA95D1F7C2CF40E0BC01CD019D
:103880000F94061B8111D0CFA5CFB701A6014F77AA
:10389000552766277727440F551F440F551F4D5B4B
:1038A000514FFA0180819181A281B381BF70CECF47
:1038B0004F925F926F927F92AF92BF92CF92DF92C0
:1038C000EF92FF920F931F93CF93DF9300D01F923D
:1038D000CDB7DEB78C0149835A836B837C83590152
:1038E000C12CD12C7601412C82E0582E612C712CF8
:1038F00049815A816B817C819E012F5F3F4FC801B6
:103900000F94D51B882319F1F8018585A301920135
:1039100004C0220F331F441F551F8A95D2F7DA01C6
:10392000C901C80ED91EEA1EFB1E49815A816B814E
:103930007C8187898031F1F481E0483F5F4F6105E8
:103940007105B0F2F501C082D182E282F3820F905C
:103950000F900F900F90DF91CF911F910F91FF90DB
:10396000EF90DF90CF90BF90AF907F906F905F907F
:103970004F90089581E0483F5F4F6F4F7F4008F4BC
:10398000B7CFE0CF0F931F93CF93DF93FC01238139
:10399000222331F080E0DF91CF911F910F910895A4
:1039A0008B01EC01FB018789803139F582E08B8343
:1039B0001D8A1E8A1F8A188E808D918DB0E0A0E02E
:1039C00025E0880F991FAA1FBB1F2A95D1F7898B65
:1039D0009A8BAB8BBC8B1A8F098F81E089831C82F9
:1039E0001D821E821F82188619861A861B861C86D7
:1039F0001D861E861F86188ACECF803259F683E038
:103A00008B83428D538D648D758D4D8B5E8B6F8B4B
:103A1000788F9E012F5E3F4FC8010F94581C811173
:103A2000DACFB8CFCF92DF92EF92FF921F93CF936E
:103A3000DF93EC01EB81E11109C080E0DF91CF91D0
:103A40001F91FF90EF90DF90CF900895898180FFC4
:103A5000F4CF488559856A857B859A0131703AA3F0
:103A600029A3898D9A8D6A017B01F9E0F694E79488
:103A7000D794C794FA95D1F7E23079F4FC01828D9E
:103A8000938DA48DB58D8C0D9D1DAE1DBF1D8D8F8D
:103A90009E8FAF8FB8A381E0D1CFFC01148111506C
:103AA0001C21232B71F411110CC0452B462B472BE5
:103AB00031F58D899E89AF89B88D8C839D83AE83C6
:103AC000BF83E98DFA8D8C819D81AE81BF81029784
:103AD000A109B109258504C0880F991FAA1FBB1F22
:103AE0002A95D2F74685578560897189840F951F7D
:103AF000A61FB71F810F911DA11DB11DC8CF4C81FD
:103B00005D816E817F819E012C5F3F4F0F94D51B9D
:103B10008111D7CF92CF8F929F92AF92BF92CF92C7
:103B2000DF92EF92FF920F931F93CF93DF93EC01FD
:103B30008B8181110EC080E0DF91CF911F910F9199
:103B4000FF90EF90DF90CF90BF90AF909F908F90BD
:103B5000089509891A892B893C89041715072607B6
:103B6000370748F34A015B01823031F48886998631
:103B7000AA86BB8681E0E0CF81149104A104B10440
:103B800049F41C821D821E821F82188619861A869D
:103B90001B86F0CF088519852A853B85E98DFA8D2E
:103BA000858590E00996B901A80141505109610944
:103BB0007109082E04C076956795579547950A9424
:103BC000D2F775016401E1E0CE1AD108E108F108ED
:103BD00004C0F694E794D794C7948A95D2F7C41694
:103BE000D506E606F70620F0012B022B032B11F574
:103BF0008D899E89AF89B88D8C839D83AE83BF8369
:103C00008E010C5F1F4FC114D104E104F10409F4CB
:103C1000ADCF4C815D816E817F819801898D9A8DB8
:103C20000F94D51B91E0C91AD108E108F108811160
:103C3000EACF81CFC41AD50AE60AF70AE1CF3F924C
:103C40004F925F926F927F928F929F92AF92BF92AC
:103C5000CF92DF92EF92FF920F931F93CF93DF9358
:103C6000CDB7DEB72C970FB6F894DEBF0FBECDBF31
:103C70005C01DC0159968D909C90F40181859285C0
:103C8000A385B4859C01AD012F5F3F4F4F4F5F4F20
:103C900029873A874B875C87D50114964D905D90B4
:103CA0006D907C901797411451046104710409F4DC
:103CB00059C0BFEF4B1A5B0A6B0A7B0A312C7301A8
:103CC00062011D821E821F821886F4018185928501
:103CD000A385B4852D813E814F81588528173907EA
:103CE0004A075B0708F056C089859A85AB85BC8575
:103CF0008C159D05AE05BF0550F482E0C82ED12C71
:103D0000E12CF12C92E0492E512C612C712C9E015A
:103D10002F5F3F4FB701A601C4010F94D51B882325
:103D2000C9F189819A81AB81BC81892B8A2B8B2B2C
:103D300001F1260137019FEF491A590A690A790AE8
:103D40002D813E814F8158852F5F3F4F4F4F5F4FF1
:103D50002D833E834F8358873FEFC31AD30AE30A6C
:103D6000F30AB3CF40805180628073803324339450
:103D7000A6CFC414D504E604F70411F70FEF1FEF24
:103D80002FEF3FE0B701A601C4010F94431B782E2B
:103D900081111AC0712C872D2C960FB6F894DEBFB6
:103DA0000FBECDBFDF91CF911F910F91FF90EF908C
:103DB000DF90CF90BF90AF909F908F907F906F904B
:103DC0005F904F903F900895F50144815581668141
:103DD0007781411551056105710539F0970186011B
:103DE000C4010F94431B8823A9F2D5011496CD92E8
:103DF000DD92ED92FC921797332051F0D701C60166
:103E00000196A11DB11DF40180839183A283B38328
:103E1000F50185899689A789B08D892B8A2B8B2BF3
:103E200009F0B9CFC58AD68AE78AF08E8181806889
:103E30008183B1CFCF93DF93EC01462F41706C8526
:103E40007D858E859F850F94061B882351F0888978
:103E500020E2829FC00111248D5B914FDF91CF91B1
:103E6000089590E080E0FACFCF93DF93EC018B814F
:103E7000882349F1898187FF22C061E0CE010F9438
:103E80001A1FFC01892BF9F08081853EE1F08B81BE
:103E9000823040F489899A89AB89BC89848F958F57
:103EA000A68FB78F8D899E89938F828F8D899E89EA
:103EB000AF89B88DB58BA48B89818F778983DF918A
:103EC000CF910D940E1A81E0888380E0DF91CF912D
:103ED0000895CF93DF93EC010F94341F1B82DF9181
:103EE000CF910895CF93DF93EB01FC012381211142
:103EF00004C080E0DF91CF9108952250223028F451
:103F00008FE28883198281E0F5CF60E00F941A1F59
:103F1000009779F3DC0160E080E09EE22D91203291
:103F200099F0883031F49E01260F311DF9019083FC
:103F30006F5F9E01260F311DAD0141505109FA01FD
:103F40004081F90140836F5F8F5F8B3039F7FE014D
:103F5000E60FF11D1082D7CF2F923F924F925F92C2
:103F60006F927F928F929F92AF92BF92CF92DF9289
:103F7000EF92FF920F931F93CF93DF9300D01F9286
:103F8000CDB7DEB79C838B834B017A01DC0113969E
:103F90008C91811119C08FEF9FEF0F900F900F90B0
:103FA0000F90DF91CF911F910F91FF90EF90DF90D5
:103FB000CF90BF90AF909F908F907F906F905F90C9
:103FC0004F903F902F900895EB81FC81818180FF7D
:103FD000E2CF018912892389348940855185628520
:103FE0007385C701B0E0A0E028013901441A550AE1
:103FF000660A770A84159505A605B70518F07801B5
:10400000E41AF50A67018B819C8104969A8389835F
:10401000612C32E0732EC114D10409F4B7C0AB8116
:10402000BC8118964D915D916D917C911B975A01C1
:10403000B1E0BB22EB81FC81818D928D1A012B01B5
:1040400029E056944794379427942A95D1F72381F1
:10405000223091F5DC015A966D917D918D919C9164
:104060005D97620D731D841D951D83010A191B093F
:10407000C016D10608F486010115B2E01B0771F4E1
:104080002091370E3091380E4091390E50913A0EF2
:10409000621773078407950709F059C040E00F9431
:1040A000061B882309F477CFB5016D5B714FA8011A
:1040B000C4010F94978257C0FC0114811150122142
:1040C000A114B10481F411110EC0452B462B472BCE
:1040D00079F5EB81FC8185899689A789B08D8483E8
:1040E0009583A683B783AB81BC815996ED91FC91F2
:1040F0005A9714966D917D918D919C91179762506E
:10410000710981099109258504C0660F771F881FF1
:10411000991F2A95D2F72685378540895189620FE4
:10412000731F841F951F610F711D811D911D9DCFF0
:10413000AB81BC8114964D915D916D917C911797E7
:1041400029813A810F94D51B8111CDCF24CF9401C1
:10415000AB01BC018091400E9091410E0F944D1A1D
:10416000882309F418CF800E911EEB81FC81808595
:104170009185A285B385800F911FA11DB11D8087F8
:104180009187A287B387C01AD10A45CFC70105CF4F
:10419000DF92EF92FF920F931F93CF93DF938C01E7
:1041A000EB017A018DE0D82E40E250E0BE01C8015B
:1041B0000F94AC1F8032910571F021E0892B09F436
:1041C00020E0822F8195DF91CF911F910F91FF9079
:1041D000EF90DF9008952881222309F43FC0253E07
:1041E00019F32E3209F33B853F733F3099F5E11403
:1041F000F10481F14A8D5B8D452B61F52F713FEF05
:10420000320F343038F52150330BD29EC001D39E8B
:10421000900D1124F701E80FF91F298120832B81CC
:1042200021832D8122832F812383298524832E8539
:104230002583288926832A8927832C8920872E890C
:104240002187288D22872C8D23872E8D24872881F6
:1042500026FD15862B8523FDA7CFB5CF80E0B3CFF4
:104260004F925F926F927F92AF92BF92CF92DF9206
:10427000EF92FF920F931F93CF93DF931F92CDB7CF
:10428000DEB78C017B015A01C22EDB0159968D915C
:104290009C91F801928F818FCB010E94DF5B712C82
:1042A000F70180859185A285B3854189528963890B
:1042B000748984179507A607B70708F052C055E020
:1042C000B695A795979587955A95D1F7F82FFF70D2
:1042D000DF2ED70113968C91823010F480E0DBC082
:1042E00041E050E0BE016F5F7F4FC7010F94AC1FEC
:1042F0000197A1F7F70180859185A285B3854F9637
:10430000A11DB11D80879187A287B387F0E2DF9E50
:10431000B00111246D5B714F61157105F9F2DB017C
:104320008C91882341F0853E09F04CC0772029F01C
:1043300077247394B5CF71100EC08091370E909191
:10434000380EA091390EB0913A0EF8018487958706
:10435000A687B787D08ADB018C918111E9CF7724BA
:1043600073948C2D8274823409F0B8CF772009F4CD
:10437000A2C0F801D08861E0C8010F941A1F00970D
:1043800009F4ACCF20E2DC011D922A95E9F72BE07D
:10439000F501DC0101900D922A95E1F721E238E266
:1043A000FC01318B208B40E058E057874687338BE8
:1043B000228B318F208F578B468B0F940E1A8111D1
:1043C00009C08CCF4BE050E0C5010F948A82892B45
:1043D00009F066CFF0E2DF9ED00111249D012D5B34
:1043E000314FF9018385817121F08C2D827109F0A3
:1043F000FCC0F801818D928D4091370E5091380E9E
:104400006091390E70913A0E448755876687778799
:10441000D08AFD01ED5BF14F44885588712C612CE9
:10442000320155244424D80155964D925D926D92E7
:104430007C925897428D538D70E060E04429552955
:104440006629772955964D935D936D937C93589784
:10445000D9011B962C91287109F0B9C0848D958DD6
:10446000A68DB78DF801818B928BA38BB48B81E0E5
:1044700083838C2D8F70F8018183148215821682BC
:104480001782108611861286138681E0C4FE03C04F
:10449000C8010F9457500F90DF91CF911F910F914A
:1044A000FF90EF90DF90CF90BF90AF907F906F9094
:1044B0005F904F900895D70113968C911397823097
:1044C00009F40CCF51968D919D910D90BC91A02D2A
:1044D000803E9F4FAF41B10508F000CFC7010F9458
:1044E0001F1E882309F4FACE0F940E1A882309F4AC
:1044F000F5CED7015996ED91FC915A9714964D90AF
:104500005D906D907C901797B2E04B1A510861084E
:104510007108858504C0440C551C661C771C8A955F
:10452000D2F786859785A089B189480E591E6A1EE3
:104530007B1E81E080933F0E4092370E5092380EE2
:104540006092390E70923A0EE3E4FEE080E092E071
:10455000DF019C011D9221503040E1F7DD24D3940E
:10456000D7015996ED91FC918481D81698F423E4F3
:104570003EE0B301A2014D0D511D611D711D8091E1
:10458000400E9091410E0F94AA19882309F4A6CEEB
:10459000D394E6CF258580E092E0A0E0B0E004C0AF
:1045A000880F991FAA1FBB1F2A95D2F7F7014189CF
:1045B000528963897489840F951FA61FB71F818B49
:1045C000928BA38BB48B83E49EE0D12CDBCE203185
:1045D00061F498012F5E3F4F0F94581C882329F0F7
:1045E00084E0D80113968C9344CFD80113961C9283
:1045F00075CECF939091340E992309F4F6C0C82F4D
:10460000873009F4BEC008F046C0833009F4EDC01D
:1046100080F5813009F488C008F460C08BE70E94FF
:10462000EA5B83E00E94E8F80E949BF88DE70E9415
:10463000EA5B0E94F55CC3E0C093940581E080933F
:1046400076028091D413811105C080918D03882357
:1046500009F478C08BE70E94EA5B84E00E94E8F8E6
:104660000E949BF884E08093940581E08093760219
:104670001EC0853009F471C081E49DE4C63008F4A1
:104680006EC08AE29DE40E94FD5C0E949BF888E077
:104690008093940574C0863109F49BC070F4843112
:1046A00009F480C008F089C0883009F472C08DE731
:1046B0000E94EA5BCF910C94F55C8B3509F491C0B4
:1046C00030F481E3CA3599F70E94F5F8F0CF8C35C4
:1046D00009F489C084E3CD35B9F3E9CF809178023C
:1046E000843021F48FE00F945709E1CF0E94CB4929
:1046F000882311F08EE0F7CF8091D413811104C08C
:1047000080918D03882311F084E0EDCF8BE70E9428
:10471000EA5B81E00E94E8F80E949BF80E9404F99D
:1047200081E080939405C3CF8BE70E94EA5B82E02F
:104730000E94E8F80E949BF882E080939405C09361
:104740007602B5CF8BE70E94EA5B83E00E94E8F82F
:104750000E949BF8C093940588CF83E39DE40E9458
:10476000FD5C60E070E0CB010E94635C8DE50E941F
:10477000EA5B809194050E94E8F80E949BF882E031
:1047800075CF81E29DE40E94FD5C0E949BF889E068
:104790007FCF88E19DE40E94FD5C0E949BF810920F
:1047A0009405EDCF8BE70E94EA5B809194050E940F
:1047B000E8F80E949BF884E059CF8BE70E94EA5BFF
:1047C0000E94ABF80E949BF8809194050E94E8F843
:1047D0006ECF8FE09DE40E94FD5C0E949BF885E017
:1047E000A0CF82E371CF83E36FCFCF910895CF92B3
:1047F000DF92EF92FF920F931F93CF93DF9300D03E
:1048000000D01F921F92CDB7DEB7809131059091F5
:1048100032050097E1F120918E0230918F0224360B
:1048200031054CF4AC01420F531F453651056CF471
:10483000820F931F0CC02436310509F455C0AC011A
:10484000420F531F443651059CF784E690E0909345
:104850008F0280938E0280918E0290918F02821738
:104860009307A9F0883E53E0950714F087EE93E094
:104870008A30910514F48AE090E090938F0280933F
:104880008E0210923205109231050E94D34780911A
:104890005B0281111092E1061091E106112391F162
:1048A0002FEF210F2093E1068091371281110DC067
:1048B0000E943358882349F01092DD0360E08EE0B7
:1048C00093EB0E9473460E94345428960FB6F894D6
:1048D000DEBF0FBECDBFDF91CF911F910F91FF9033
:1048E000EF90DF90CF9008958B3091051CF0865AA1
:1048F0009F4FADCF863F4FEF94070CF0ACCF82595E
:104900009F4FA5CF6AE06093E1068091E0068F5F3C
:104910008093E0068E3109F09FC01092E0060E945D
:104920003454109233050E947C520E94B45360911B
:104930005B1270915C12072E000C880B990B0F9480
:10494000FC7620E030E040E05FE30F94967D0F942A
:10495000077F6B0120E030E040E05FE360912E0EC6
:1049600070912F0E8091300E9091310E0F94967DA4
:104970000F94077FA60182E80E94CBFC83E00E948F
:10498000BD5280913107813009F06EC08DE39BE408
:104990000E94B25261E080E00E94EF526091571293
:1049A00070915812072E000C880B990B0F94FC760F
:1049B00020E030E040E05FE30F94967D0F94077FA6
:1049C0006B0120E030E040E05FE36091B50370915F
:1049D000B6038091B7039091B8030F94967D0F941E
:1049E000077FA60180E80E94CBFC83E00E94BD52B5
:1049F00080918F028F9380918E028F9386E49BE447
:104A00009F938F930E94A05298E0981B892F0E9439
:104A1000BD5262E080E00E94EF520F900F900F9025
:104A20000F9080913F12E090D41381113EC029E590
:104A3000C22E2BE4D22EE1103CC08DE5C82E8BE4B3
:104A4000D82E0E94274AF82E8823D9F1809171022E
:104A50008F3F89F5F12C35C00F94297D911163CFDB
:104A600080E00E94F3535DCF80910F078823D9F037
:104A700080E21F928F9380916A128F9380916912C6
:104A80008F93809168128F93809167128F9384E344
:104A90009BE49F938F930E94A0520FB6F894DEBFC1
:104AA0000FBECDBF77CF8FE3E4CF91E6C92E9BE455
:104AB000D92EEE2031F28091C903FF24F39488238C
:104AC00099F181EA9DE00F946E7C082F0E94CF5AE5
:104AD00087FD2AC0081741F19BE00902B0011124AB
:104AE000675B724F47E050E08E010F5F1F4FC801B8
:104AF0000F945E7C18861F930F938BE49BE59F9326
:104B00008F930E94A0520F900F900F900F90809162
:104B1000FE12813009F05AC00E9431F895E0981BCE
:104B2000892F0E94BD525FC0E11004C080918503AF
:104B3000811142C0DF92CF9287E49BE59F938F93D0
:104B40000E94A0520F900F900F900F9080917102D1
:104B50008536D0F180916716882319F18091E1168E
:104B60009091E216A091E316B091E4160097A1058A
:104B7000B105B9F0BC01CD016D597F4F8F4F9F4FEB
:104B800024E630E040E050E00F94E17C6091E816CC
:104B90007091E9168091EA169091EB160F94E17CE2
:104BA000122F212F30E083E59BE4F11002C08DE449
:104BB0009BE43F932F93A3CF81E00E94BD528CEDE5
:104BC00096E00E944257C2CF182FEBCF8091340E4F
:104BD000882309F4A5C085E69BE49F938F930E94E8
:104BE000A0520F900F900E94274A882309F4ACC06E
:104BF000C0907402D0907502E0907202F09073023F
:104C00008091DF068A3011F41092DF068091DF0672
:104C10008F5F8093DF062FEFE216F20621F09701F7
:104C200013E4863070F43FEFC316D30609F07AC060
:104C30000F945D082CE330E040E050E00F94E17CFD
:104C400010E240918E0250918F024436510509F4D2
:104C50006CC0C216D30621F0E216F30609F065C057
:104C6000A4E6B0E00F940E7D9A01550F440B550B4E
:104C70000F94E17C4FE3E42E042E000CFF08E12F9B
:104C8000012E000CFF0BC9016CE370E00F94377D1F
:104C90002037374108F04BC0FF924F93FF931F938B
:104CA0009F938F937F936F938FE79BE49F938F9353
:104CB0000E94A0520FB6F894DEBF0FBECDBF98E0A1
:104CC000981B892F0E94BD5263E080E00E94EF5242
:104CD0000E94D1FF8091340E8823B1F0809176023A
:104CE0008150D9F180937602809176028530E1F18E
:104CF000883051F485E10F94F92280918D03882347
:104D000019F086E10F94F9228091320E882309F47C
:104D1000CBCD8091160E8111C7CD0E94BBE6C4CDCC
:104D200085E0FFCE960112E58CCF40E2A4CFFF9242
:104D30004F93FF931F937F936F9384E79BE49F931D
:104D40008F930E94A052B6CF8BE69BE49F938F93E4
:104D50000E94A0520F900F90B2CF8AE0809376020B
:104D600080E00F94F922C0CF8091D413882361F2A0
:104D700084E1C8CFCF93DF9390913812911121C075
:104D8000C62FD82F882309F18CEA9AE5662311F003
:104D90008AEB9AE563E00E9411B78DE798E60E94DE
:104DA000FD5C89E89AE5C11102C087E69AE50E9498
:104DB000F25E80E00F94F9228AE5D1118BE50F9421
:104DC000F922DF91CF910D94B74E83E49AE56623E3
:104DD00011F083E59AE563E00E9411B78DE798E64C
:104DE0000E94FD5C8AE29AE5C111E1CF82E19AE579
:104DF000DECF2F923F924F925F926F927F928F926F
:104E00009F92AF92BF92CF92DF92EF92FF920F9359
:104E10001F93CF93DF93CDB7DEB7E0970FB6F8942B
:104E2000DEBF0FBECDBF6A877B878C879D871A0147
:104E30003AA729A70F94F9011092410229A53AA592
:104E40003093D8062093D7061092DA061092D9062E
:104E50000E9420FF6E837F838887998737FEFFC07B
:104E60003DE23F8F0E9420FF6CA37DA38EA39FA3F2
:104E70008DE798E5121413040CF48AC28AE698E5CB
:104E80000E94F25E6A857B858C859D850F94077FE5
:104E90002FE72114310409F4E5C02093C50670936F
:104EA0005812609357128E819F81A885B9858E878D
:104EB0009F87A88BB98B88A399A3AAA3BBA31A8A9F
:104EC00090E49B8BACE1AC8BB6E4BD8B1E8A1F8A51
:104ED000188E198E6FE7C62ED12CE12CF12C00E034
:104EE00010E018AA1FA61D822FE730E040E050E036
:104EF00029833A834B835C831B8E1C8E1D8E1E8EF2
:104F000031E03A8FA8954091AC0648A7442309F4B4
:104F10002CC20E946AF02114310409F0AAC0009149
:104F20002E0E10912F0E5091300E58AB8091310EF5
:104F30008FA72E893F89488D598DB80188A99FA5D3
:104F40000F948B7E87FD06C00E8B1F8BB8A9B88F80
:104F50002FA5298F2A893B894C895D89B80188A9A9
:104F60009FA50F941F80181634F00A8B1B8B38A94D
:104F70003C8B4FA54D8B0E9420FF2CA13DA14EA143
:104F80005FA1621B730B840B950B653C7940810517
:104F9000910540F00E94345A0E9420FF6CA37DA32B
:104FA0008EA39FA34A8D442309F44CC02A853B85D8
:104FB0004C855D85B80188A99FA50F941F801816A0
:104FC0000CF0D3C10E9420FF2E853F854889598966
:104FD000621B730B840B950B693873418105910536
:104FE00008F4C3C1D701C60129813A814B815C8194
:104FF000821B930BA40BB50BB595A7959795879539
:105000002114310409F440C08093C5060E9420FF9A
:105010006E837F8388879987DC01CB012E853F854E
:1050200048895989821B930BA40BB50B8B8F9C8FDE
:10503000AD8FBE8F3A853E8B4B854F8B5C85588FED
:105040008D85898F2A853B854C855D85B80188A92A
:105050009FA50F948B7E87FD1AC01A8E86C14AE0E9
:105060004F8F00CF2093CC0670935C1260935B123D
:105070001ACF0091B5031091B6039091B70398AB86
:10508000A091B803AFA755CF8093CC06BFCF0E94A5
:1050900020FF2E813F8148855985621B730B840B4D
:1050A000950B6938734181059105B8F20E9420FF84
:1050B0006E877F87888B998B8091D9069091DA06CD
:1050C000181619060CF02CC18E859F85A889B98900
:1050D0002E813F8148855985821B930BA40BB50B0C
:1050E0004B8C5C8C6D8C7E8C480E591E6A1E7B1E10
:1050F0002B8D3C8D4D8D5E8D281B390B4A0B5B0B28
:1051000069817A818B819C810F94D17CA30192016A
:105110000F945F7DDA01C9018C0D9D1DAE1DBF1D71
:1051200084319105A105B1050CF43CC16C017D01F0
:105130003CEEC316D104E104F1042CF04BEEC42E76
:10514000D12CE12CF12C80389105A105B1050CF48E
:1051500037C18EEF90E0A0E0B0E08C199D09AE0958
:10516000BF0989839A83AB83BC8382E698E50E945A
:10517000FD5CC701B6010E94635C8DE598E50E9465
:10518000FD5C69817A818B819C810E94635C86E5EC
:1051900098E50E94FD5C42E06A897B898C899D8943
:1051A0000E947F5C8FE498E50E94FD5C6E897F8998
:1051B000888D998D0F940F4D8091D9069091DA06C4
:1051C00003970CF4ADC069817A818B819C810F9427
:1051D000FC7620E030E040E850E40F943B774B0150
:1051E0005C012A893B894C895D896E897F89888D1C
:1051F000998D0F94957D20ED3FE049E450E40F94A4
:105200003B7720E030E040E05FE30F943B779B0189
:10521000AC01C501B4010F94957E4B015C01C30143
:10522000B2010F94FC7620E030E04AE754E40F949A
:10523000957E2B013C0189E498E50E94FD5C42E0EB
:10524000C501B4010E947F5C83E498E50E94FD5C87
:10525000C301B2010F940F4D2AE939E949E15FE337
:10526000C501B4010F943B774B015C018092D803D8
:105270009092D903A092DA03B092DB03AC019B01B8
:105280000F94967DA30192010F94957E6093D403B1
:105290007093D5038093D6039093D703A301920113
:1052A000C501B4010F943B7720E030E040E05EE3BD
:1052B0000F943B776093D0037093D1038093D20314
:1052C0009093D30385E398E50E94F25E8FE298E520
:1052D0000E94FD5C6091D8037091D9038091DA033C
:1052E0009091DB030F940F4D89E298E50E94FD5CDD
:1052F0006091D4037091D5038091D6039091D70328
:105300000F940F4D83E298E50E94FD5C6091D003FD
:105310007091D1038091D2039091D3030F940F4DDC
:1053200089819A81AB81BC818C0D9D1DAE1DBF1DF5
:10533000B595A795979587952114310409F445C033
:105340008093C5068091D9069091DA0601969093D4
:10535000DA068093D9063A853A8B4B854B8B5C8570
:105360005C8B8D858D8B98A59A8F20E030E040EA8C
:1053700051E46A857B858C859D850F94967D980187
:1053800048A95FA50F948B7E87FF22C089EF97E520
:105390000E94F25E81E0809341021092DA06109240
:1053A000D90698C034E1C32ED12CE12CF12C24E194
:1053B00030E040E050E029833A834B835C83D5CED4
:1053C000C982DA82EB82FC82D0CE8093CC06BACF3F
:1053D0000E9420FF28A139A14AA15BA1621B730B87
:1053E000840B950B613D77408105910558F1A090A4
:1053F000C506B12C86EF97E52114310429F4A0905D
:10540000CC06B12C83EF97E50E94FD5C42E0B80129
:1054100088A99FA50E947F5C8FEE97E50E94FD5CA6
:10542000C5010F942C4D4D81442309F46CC05F8D50
:10543000451770F54F5F4D830E9420FF68A379A345
:105440008AA39BA30E9420FF4B015C010E9420FFC6
:105450004E805F80688479842E853F85488959898C
:10546000420E531E641E751E84189508A608B708C0
:10547000860E971EA81EB91E31E883163FE49306D8
:1054800032E1A306B10408F447C082ED97E580CF6E
:105490008D819F8D8913D0CF8F5F8D832BA53CA5E8
:1054A0004DA55EA5B80188A99FA50F94957D9F770E
:1054B00020E030E040EA50E40F948B7E87FFBCCFC1
:1054C000632D661F6627661F80E00F94BA2681E071
:1054D00080934102E0960FB6F894DEBF0FBECDBFB9
:1054E000DF91CF911F910F91FF90EF90DF90CF90C0
:1054F000BF90AF909F908F907F906F905F904F90F4
:105500003F902F9008950BA71CA7A8A9ADA7BFA5F2
:10551000BEA721E02D8390CF8091D9069091DA0625
:1055200049A55AA5481759071CF486E797E530CFD7
:1055300080E00E948E52E6CCCF92DF92EF92FF92F3
:105540000F931F93CF93DF931F921F92CDB7DEB7B8
:10555000A8958091AC06882309F429C20E946AF0BC
:105560008091CA03882389F18091CA038295869528
:105570008770813001F108F4BEC1843030F580912C
:10558000CA038695869583708230F8F48091CA03A9
:105590008695869583709091CA039295969597709B
:1055A00061E0813009F060E081E0923009F080E054
:1055B0000F94BA260AC08091CA0386958695837097
:1055C00009F44BC1813009F479C10E9420FF009198
:1055D000F7161091F8162091F9163091FA16601B03
:1055E000710B820B930B6938734181059105D0F0E3
:1055F0008091AF03811116C00E9420FF6093F716BF
:105600007093F8168093F9169093FA1680913005EE
:10561000809367028B3418F08FEF8093300581E020
:105620008093AF030E9420FF0091F7161091F816A7
:105630002091F9163091FA16601B710B820B930BB7
:10564000653671058105910508F4A5C18091AF0308
:10565000882309F4A0C160918C0670918D06072EF5
:10566000000C880B990B0F94FC766B017C010E9457
:1056700020FF0091F7161091F8162091F91630913D
:10568000FA16601B710B820B930B0F94FA769B0139
:10569000AC0160E070E08AE793E40F94957EA70187
:1056A00096010F943B770F94077F7093B10360933B
:1056B000B00360918E0670918F06072E000C880B48
:1056C000990B0F94FC766B017C010E9420FF0091E6
:1056D000F7161091F8162091F9163091FA16601B02
:1056E000710B820B930B0F94FA769B01AC0160E077
:1056F00070E08AE793E40F94957EA70196010F94DA
:105700003B770F94077F7093B3036093B2031092BB
:105710008D0610928C0610928F0610928E0683E0F2
:105720008A8382E0898380914002882351F087E850
:105730009FE00F946E7C91E0811101C090E0909306
:1057400040028091B0039091B10344970CF0F2C0F5
:1057500020E030E048E452E460912E0E70912F0E6C
:105760008091300E9091310E0F941F8018160CF01E
:10577000E1C0809157068F5F80935706809157064E
:1057800081110BC080915806811107C08091CC0314
:10579000823019F481E08093CC038091CC03813076
:1057A00061F40E94274A811108C01092CC03109224
:1057B000B9038AE593E60E944FBB8091400288239B
:1057C00009F4D9C08091CC03823009F4D4C087E5B4
:1057D000E82E86E0F82ECE0101966C0110E002E082
:1057E000F70191917F01F60181916F01891780F591
:1057F000F701319710828091CC03823049F10093F8
:10580000CC030E94D649882309F49AC00E94CB4950
:10581000811107C080913F12882309F48EC00E9435
:10582000D5F7113009F493C087EA98E50E94F25E3B
:105830008091B90381110CC041E070E060E088EC18
:1058400090E00F944C1862E088EB9EE10E9411B743
:10585000113009F490C011E0C3CF8091CA0381FFD9
:1058600012C06091CA0362956170809138128111F3
:1058700007C082E099E50F9449018CE50F94F92265
:105880000F94B74EA2CE60910604709107046B5F2F
:105890007F4F072E000C880B990B0F94FC768B0121
:1058A0009C0140912E0E50912F0E6091300E709100
:1058B000310E8CE692E00E9462F887CE8091CA0396
:1058C00081FF0AC0809138128111DACF61E086EF42
:1058D00098E50F944901D4CF4091B5035091B60398
:1058E0006091B7037091B80300E010E02CE032E45F
:1058F00088E692E0E0CF8091CA0386958695837012
:1059000059F0813009F061CE809138128111B8CF01
:1059100061E082E199E5DDCF6091CA036295617033
:10592000809138128111ACCF8AE099E50F9449013A
:105930008DE5A4CF1092570621CF0E942CFF71CF86
:1059400010925C1210925B121092C9036ACF8FEC16
:1059500098E50E94F25E8091B90381110CC041E08C
:1059600070E060E088EC90E00F944C1862E086E113
:105970009BE40E9411B780916702809330050E94DA
:1059800020FF6093F7167093F8168093F9169093A2
:10599000FA161092AF030F900F90DF91CF911F91E5
:1059A0000F91FF90EF90DF90CF900C94345A0F90AE
:1059B0000F90DF91CF911F910F91FF90EF90DF90AB
:1059C000CF9008952091351230913612BC01C90153
:1059D000855B9F4E0F94757A9C01909393058093FD
:1059E000920581E0232B09F480E008956091120E66
:1059F0009091130E30E020E08EE6961761F0899FBB
:105A0000F0011124E256F84F40815181240F351FD7
:105A10009F5F9F70F2CFC90108953091120E2091BF
:105A2000130E321791F0E091120EE11101C0E0E186
:105A3000E1502EE6E29FF0011124E256F84F20815A
:105A40003181820F931F918380830895CF92DF92DB
:105A5000EF92FF920F931F93CF93DF9301E614E031
:105A6000C2E8D5E082E9C82E85E0D82E78010C5F27
:105A70001F4FF70160A171A182A193A10F94FA7643
:105A8000F70120813181428153810F943B770F943C
:105A90000E7F6993799389939993CC16DD0631F73C
:105AA000DF91CF911F910F91FF90EF90DF90CF90FA
:105AB0000895FC01408151816281738140933B04D0
:105AC00050933C0460933D0470933E0420916D0418
:105AD00030916E0440916F04509170046081718127
:105AE000828193810F943B770F94D380E0E1F7E0BC
:105AF00064877587868797878FB7F894448555851F
:105B00006685778540932C0750932D0760932E0769
:105B100070932F078FBF0895FC01408151816281EE
:105B20007381409337045093380460933904709321
:105B30003A042091690430916A0440916B045091B9
:105B40006C0460817181828193810F943B770F9403
:105B5000D380609318077093190780931A07909366
:105B60001B070D94EC5E2F923F924F925F926F92C3
:105B70007F928F929F92AF92BF92CF92DF92EF92DD
:105B8000FF920F931F93CF93DF93CDB7DEB7C45827
:105B9000D1090FB6F894DEBF0FBECDBF69A37AA3BB
:105BA0008BA39CA32DA33EA34FA358A7A796ECAE0F
:105BB000FDAE0EAF1FAFA797A996DFAECEAEA997E9
:105BC00089AE99AAADAEBDAAC656DF4F088119812C
:105BD000CA59D0408091120E8F5FA0968FAFA097C8
:105BE000803119F4A0961FAEA0978091130EA09655
:105BF0002FADA09782130FC00F949C2A80E00E94C3
:105C0000586E80E00E948E528091130EA0963FAD98
:105C1000A097831789F34091160EA1964FAFA197D5
:105C2000442311F18AE998E60E94FD5C89E09BE437
:105C30000E94F25ECC57DF4F0FB6F894DEBF0FBE66
:105C4000CDBFDF91CF911F910F91FF90EF90DF902B
:105C5000CF90BF90AF909F908F907F906F905F900C
:105C60004F903F902F9008959091120E292E312C35
:105C70008EE6989FD0011124A396BFAFAEAFA39735
:105C8000CD018E5C984FFC01E95BFF4F1082845977
:105C90009F4FFC01118210820115110511F40D9422
:105CA000A03880E1F801A657B84F01900D928A956F
:105CB000E1F78EE6829D8001839D100D11240E5C1C
:105CC000184FF801E859FF4FC456DF4F888199817A
:105CD000CC59D0409183808306591F4F60917A023E
:105CE00070917B0280917C0290917D020F940E7FD7
:105CF000D8016D937C9380911A048823A9F01092A7
:105D00001C0710921D0710921E0710921F07109279
:105D10003B0410923C0410923D0410923E041092F9
:105D20001A0481E080931904BE016B5D7F4FCE01A0
:105D300081960E940C4CC9A0DAA0EBA0FCA0209197
:105D40006104309162044091630450916404C7017E
:105D5000B6010F943B770F94D380C358DF4F68830D
:105D600079838A839B83CD57D0408DA09EA0AFA01E
:105D7000B8A4209165043091660440916704509165
:105D80006804C501B4010F943B770F94D380CF57BB
:105D9000DF4F688379838A839B83C158D040809189
:105DA0000613882311F40D94A738A5019401C701A7
:105DB000B6010F947F6BA7962CAD3DAD4EAD5FAD98
:105DC000A7970F94967D2091690430916A044091C1
:105DD0006B0450916C040F943B770F94D380E5963D
:105DE0006CAF7DAF8EAF9FAFE597A996EEADFFADDF
:105DF000A99780809180A280B38020916D0430911A
:105E00006E0440916F0450917004C501B4010F9469
:105E10003B770F94D380AD966CAF7DAF8EAF9FAFC5
:105E2000AD9780911C0790911D07A0911E07B0911E
:105E30001F07AD964CAC5DAC6EAC7FACAD97481A0D
:105E4000590A6A0A7B0A8091100790911107A09164
:105E50001207B0911307C358DF4FC880D980EA807A
:105E6000FB80CD57D040C81AD90AEA0AFB0A8091B4
:105E7000140790911507A0911607B0911707CF57F7
:105E8000DF4F288139814A815B81C158D040281B6E
:105E9000390B4A0B5B0B29A73AA74BA75CA780914C
:105EA000180790911907A0911A07B0911B07E59662
:105EB0002CAD3DAD4EAD5FADE597281B390B4A0BC0
:105EC0005B0B2DA73EA74FA758AB411451046104AB
:105ED000710409F480C060912E0E70912F0E809194
:105EE000300E9091310E0F94077F20915702309120
:105EF0005802621773070CF5AD968CAD9DADAEAD33
:105F0000BFADAD9780931C0790931D07A0931E070C
:105F1000B0931F0780923B0490923C04A0923D04F2
:105F2000B0923E048AE998E60E94FD5C8FEE9AE406
:105F30000E94F25E412C512C3201C301B20177FE66
:105F400007C066277727CB01641975098609970969
:105F50000F94FC764B015C0120E030E048EE53E406
:105F600060916D0470916E0480916F049091700443
:105F70000F943B779B01AC01C501B4010F941F80C6
:105F800018164CF5AD962CAD3DAD4EAD5FADAD9751
:105F900020931C0730931D0740931E0750931F0743
:105FA000A996EEADFFADA99780819181A281B381C1
:105FB00080933B0490933C04A0933D04B0933E0433
:105FC0008AE998E60E94FD5C81ED9AE40E94F25E07
:105FD000412C512C32018EE6829DF001839DF00D03
:105FE0001124EE5CF84FD701C601F7FE07C08827E1
:105FF0009927DC018C199D09AE09BF098083918323
:10600000A283B3838EE6829DF001839DF00D11245F
:10601000EE5CF84F89A59AA5ABA5BCA5B7FF07C054
:10602000B095A095909581959F4FAF4FBF4F8483BA
:106030009583A683B7838EE6829DF001839DF00D44
:106040001124EE5CF84F8DA59EA5AFA5B8A9B7FFAA
:1060500007C0B095A095909581959F4FAF4FBF4FCA
:1060600080879187A287B387B301A20177FE07C01B
:1060700044275527BA0144195509660977098EE660
:10608000829DF001839DF00D1124EE5CF84F448752
:1060900055876687778700811181228133818481CA
:1060A0009581A681B78180179107A207B30714F4E1
:1060B000D901C801EEE6BE2EB29CF001B39CF00DF2
:1060C0001124EE5CF84F80849184A284B3848815F7
:1060D0009905AA05BB0514F4D501C40184179507D9
:1060E000A607B70714F4DB01CA014EE6429DF00192
:1060F000439DF00D1124EE5CF84F808B918BA28BA9
:10610000B38B0697A105B1050CF494CD8091531281
:10611000DF01AA5BBF4F8C93F7FE02C00D94B73826
:10612000108E89A59AA5ABA5BCA5B7FF0BC08EE6BE
:10613000829DF001839DF00D1124EE5CF84F808D5F
:106140008260808F8DA59EA5AFA5B8A9B7FF0BC0B3
:106150008EE6829DF001839DF00D1124EE5CF84FD8
:10616000808D8460808F77FE0BC08EE6829DF0016B
:10617000839DF00D1124EE5CF84F808D8860808F38
:10618000012B022B032B09F017988EE6829DF0015C
:10619000839DF00D1124EE5CF84F84819581A681DA
:1061A000B781892B8A2B8B2B09F016988EE6829D5E
:1061B000F001839DF00D1124EE5CF84F80859185F0
:1061C000A285B385892B8A2B8B2B09F015988EE637
:1061D000829DF001839DF00D1124EE5CF84F8485C3
:1061E0009585A685B785892B8A2B8B2B09F014986A
:1061F0008EE6829DF001839DF00D1124EE5CF84F38
:1062000024853585468557852A962CAF3DAF4EAF00
:106210005FAF2A97232B242B252B09F0ACC7A09026
:106220009D04B0909E0400919F041091A00429AD9C
:1062300039A94DAD5DA9B501C8010F941F8018168D
:1062400024F4A9AEB9AA0DAF1DABC701B6010F94D6
:10625000FC76209161043091620440916304509176
:1062600064040F94957E4B015C0189829A82AB8213
:10627000BC8269A57AA58BA59CA50F94FC7620917C
:1062800065043091660440916704509168040F944E
:10629000957E6B017C01CD82DE82EF82F8866DA552
:1062A0007EA58FA598A90F94FC7620916904309162
:1062B0006A0440916B0450916C040F94957E229671
:1062C0006CAF7DAF8EAF9FAF229769877A878B8740
:1062D0009C87C301B2010F94FC7620916D0430912C
:1062E0006E0440916F04509170040F94957E269631
:1062F0006CAF7DAF8EAF9FAF26976D877E878F8700
:10630000988B8EE6829DF001839DF00D1124EE5C4A
:10631000F84F80819181A281B3812E968CAF9DAF81
:10632000AEAFBFAF2E970697A105B1050CF02CC7F5
:1063300084819581A681B7810697A105B1050CF0EE
:1063400023C780859185A285B3850697A105B105F0
:106350000CF01AC726968CAD9DADAEADBFAD26979D
:10636000BF7785A796A7A7A7B0AB8EE6829DF00161
:10637000839DF00D1124EE5CF84F45A456A467A44C
:1063800070A8A301920160E070E080E89FE30F94A1
:10639000957E29AD39A94DAD5DA90F943B776B0171
:1063A0007C018091120E9091130E891B8F708DAF1E
:1063B0008250863008F040C0A701960160E074E288
:1063C00084E799E40F94957E0F94D3804B015C0190
:1063D0008091A1049091A204A091A304B091A4047F
:1063E00088169906AA06BB0638F5BC01CD016819C6
:1063F00079098A099B09660F771F881F991FADAD20
:106400002A2F30E050E040E00F94E17CCA01B9014E
:106410000F94FA760F94077F680D791D8A1D9B1DD6
:106420000F94FA769B01AC0160E074E284E799E492
:106430000F94957E6B017C01A3019201C701B60107
:106440000F943B776DAB7EAB8FAB98AF8EE6829DA2
:106450008001839D100D11240E5C184F2DA93EA9BB
:106460004FA958ADD80191962D933D934D935C93D0
:10647000949750966D917D918D919C9153970F9427
:10648000FA7669AF7AAF8BAF9CAF9B01AC01C701C5
:10649000B6010F943B770F94747E0F940E7F629633
:1064A0006CAF7DAF8EAF9FAF6297F80166AB77ABF5
:1064B00080AF91AF9E012F5F3F4F3AAB29ABAE014A
:1064C0004F5E5F4F6E965FAF4EAF6E9781E794E081
:1064D00068969FAF8EAF68976C965FAF4EAF6C9724
:1064E00019A61DA600E81FE3A9A9BAA92D913D91FF
:1064F0004D915D91BAABA9ABC701B6010F943B7743
:106500006C96EEADFFAD6C9761937193819391930F
:106510006C96FFAFEEAF6C974B015C01E894B7F857
:106520006896AEADBFAD68972D913D914D915D914F
:106530006896BFAFAEAF689766962CAF3DAF4EAFD3
:106540005FAF6697C501B4010F941F801816B4F4AD
:10655000A501940166966CAD7DAD8EAD9FAD66973D
:106560000F94957E4B015C0129A53DA5A8010F94D0
:106570001F8018161CF089A69DA685016E96EEADAB
:10658000FFAD6E9729A93AA9E217F30709F0ACCF3E
:1065900020E030E040E85FE369A57DA5C8010F94E5
:1065A0008B7E87FF50C06E96AEACBFAC6E9730E16D
:1065B000A30EB11C6E96CEACDFAC6E97D6016D917A
:1065C0007D918D919D916D017D01B4E0EB1AF108F3
:1065D00029A53DA5A8010F943B77F701608371833E
:1065E00082839383AC14BD0449F72EE6229DC0013B
:1065F000239D900D11249C012E5C384F790129A513
:106600003DA5A8016DA97EA98FA998AD0F943B77F0
:10661000D70191966D937D938D939C9394976296F9
:106620006CAD7DAD8EAD9FAD62970F94FA7629A5C6
:106630003DA5A8010F943B770F940E7FF70166AB41
:1066400077AB80AF91AFA301920169AD7AAD8BAD0D
:106650009CAD0F94957E69A77AA78BA79CA72E96D1
:106660002CAD3DAD4EAD5FAD2E97232B242B252BAE
:1066700009F0B9C58EE6829D8001839D100D11241D
:106680000E5C184FF80184819581A681B781892B12
:106690008A2B8B2B09F0A7C580859185A285B385B0
:1066A000892B8A2B8B2B09F09EC520919504309164
:1066B0009604409197045091980469A57AA58BA5FA
:1066C0009CA50F943B770F94747E0F940E7F2B0143
:1066D0003C01F801E45BFF4F10826A961CAE1DAED0
:1066E0001EAE1FAE6A978EE6829D8001839D100DBF
:1066F00011240E5C184FF801EE5BFF4F408251826F
:1067000062827382C301B2010F94FA766B017C013D
:1067100029A53AA54BA55CA50F94957EE1966CAF93
:106720007DAF8EAF9FAFE197F80161AB72AB83ABEA
:1067300094AB2DEB37E346E051E4C701B6010F946B
:106740003B770F940E7FD80154966D937D938D9374
:106750009C9357979196BC912796BFAF2797F801C6
:10676000F2A12B96FFAF2B97D8019396BC912F9651
:10677000BFAF2F97F801F4A16396FFAF639725EAA7
:1067800034E0ED963FAF2EAFED976E964EAC5FAC1A
:106790006E9730E1430E511C05EA14E06E966EAC24
:1067A0007FAC6E9727964FAD279749A72B965FAD85
:1067B0002B975DA7B9AFF9AB1DAAD3018D909D9022
:1067C000AD90BD903D01E894B7F8F801C190D1902B
:1067D000E190F1908F01A5019401C701B6010F94DA
:1067E0008B7E87FF3AC0FDA9FF2309F47EC629A549
:1067F0003DA549AD59A9C501B4010F943B774B01A3
:106800005C01A701960127966FAD27972B967FAD68
:106810002B972F968FAD2F9763969FAD63970F940D
:106820003B776B017C01AC019B01C501B4010F9466
:106830001F80181694F4A5019401C701B6010F94A6
:10684000957E9B01AC0169A57DA589AD99A90F94A1
:106850003B7769A77DA789AF99AB4614570409F028
:10686000ACCF8EE6829DF001839DF00D1124EE5C8D
:10687000F84F15AA80911904882321F080E185AB97
:10688000109219043DAD323008F48FC640911B04BC
:106890006B964FAF6B9750911C046F965FAF6F97DD
:1068A00000911D0410911E0427E137EB41ED58E3E0
:1068B0006B966FAD6B976F967FAD6F97C8010F9416
:1068C0001F8018160CF071C66B962FAD6B976F96E4
:1068D0003FAD6F97A80127966FAD27972B967FAD99
:1068E0002B972F968FAD2F9763969FAD63970F943D
:1068F0008B7E87FF01C66B962FAD6B976F963FAD72
:106900006F97A80127966FAD27972B967FAD2B9792
:106910002F968FAD2F9763969FAD63970F94957EBB
:10692000EB966CAF7DAF8EAF9FAFEB9727968FAD99
:1069300027978DAF2B969FAD2B979DAB2F96AFAD25
:106940002F97AEAF6396BFAD63972396BFAF2397E4
:106950002FE134E0E7963FAF2EAFE797412C512C63
:1069600030E8632E3FE3732EE796AEADBFADE797F9
:106970008D909D90AD90BD90E796BFAFAEAFE7977D
:106980006E96EEADFFAD6E97C190D190E190F19013
:106990006E96FFAFEEAF6E976B962FAD6B976F96BF
:1069A0003FAD6F97A80127966FAD27972B967FADC8
:1069B0002B972F968FAD2F9763969FAD63970F946C
:1069C0008B7E87FF0CC0EB962CAD3DAD4EAD5FAD21
:1069D000EB97C501B4010F943B774B015C01A19685
:1069E000FFADA197FF2381F0A3019201C501B4017E
:1069F0000F943B774B015C01A3019201C701B601E3
:106A00000F943B776B017C01A7019601C501B4018E
:106A10000F941F8020E030E0A90118160CF0A3C5E8
:106A2000C701B6010F941F8018164CF020E030E02B
:106A3000A901C501B4010F948B7E87FF85C5A7010D
:106A40009601C501B4010F94957D6B017C01ED9613
:106A5000AEADBFADED978D909D90AD90BD90ED9694
:106A6000BFAFAEAFED97A5019401C701B6010F947A
:106A70001F80181694F4A7019601C501B4010F9464
:106A8000957E9B01AC01C301B2010F943B772B01B2
:106A90003C01B1E0A196BFAFA197EFE2F4E0E79629
:106AA0002EAD3FADE797E217F30709F05DCFA19652
:106AB0003FADA197332381F0A30192016DAD7DA974
:106AC0008EAD23969FAD23970F943B776DAF7DAB33
:106AD0008EAF23969FAF239724EA30E74DE75FE31D
:106AE0006DAD7DA98EAD23969FAD23970F943B7717
:106AF0006B017C01AC019B0160917A0570917B0573
:106B000080917C0590917D050F941F801816FCF4F0
:106B100029A53DA549AD59A9C701B6010F948B7EA2
:106B200087FF15C08EE6829DF001839DF00D112434
:106B3000EE5CF84F85A9846085AB49A54DAF5DA596
:106B40005DAB89AD8EAF99A923969FAF23978EE653
:106B5000829D8001839D100D11240E5C184F8DAD18
:106B60009DA9AEAD2396BFAD2397F80181A792A74B
:106B7000A3A7B4A729A53DA549AD59A969A57DA598
:106B800089AD99A90F943B776B017C01E1966CADBF
:106B90007DAD8EAD9FADE19790589B01AC010F94F8
:106BA000967DD8019D962D913D914D915C91D09708
:106BB0000F943B779B01AC01C701B6010F94957D03
:106BC0000F946481D62EE72E8C012DAD3DA94EADDC
:106BD00023965FAD23970F941F80181634F0DDAE17
:106BE000EDAA0EAF23961FAF23978EE6829DF0018C
:106BF000839DF00D1124EE5CF84F8DAD9DA9AEADD7
:106C00002396BFAD239785A396A3A7A3B0A7F5A806
:106C10002D2D3E2DA80127966FAD27972B967FAD82
:106C20002B972F968FAD2F9763969FAD63970F94F9
:106C30008B7E18160CF4CFC483E09EE6929D8001F3
:106C4000939D100D11240E5C184FF82AF801F5AA37
:106C500080E1FE017196AFE1B4E001900D928A955A
:106C6000E1F727968FAD27972B969FAD2B972F9601
:106C7000AFAD2F976396BFAD639780931B0490933E
:106C80001C04A0931D04B0931E0489A59DA5A9AD65
:106C9000B9A980937A0590937B05A0937C05B09366
:106CA0007D05D801D6966D917D918D919C91D99756
:106CB0000F94FA7627962FAD27972B963FAD2B97FB
:106CC0002F964FAD2F9763965FAD63970F94957E88
:106CD0002B013C01F801E85BFF4F40825182628248
:106CE000738234968081882309F489C020917E05BF
:106CF00030917F0540918005509181056A966CAD79
:106D00007DAD8EAD9FAD6A970F943B774B015C01D3
:106D1000C0906D04D0906E04E0906F04F090700409
:106D20000C5A1F4FA70196010F943B77A3019201C4
:106D30000F94957EF801608371838283938320E0B2
:106D400030E0A9016A966CAD7DAD8EAD9FAD6A97BE
:106D50000F941F8018160CF040C4A5019401E19611
:106D60006CAD7DAD8EAD9FADE1970F943B77A701E4
:106D700096010F943B776B017C0120E030E44CE1FD
:106D800057E40F941F8018163CF4C12C20E4D22E37
:106D90002CE1E22E27E4F22EA701960160E074E2D6
:106DA00084EF99E40F94957E4B015C0120E030E480
:106DB0004CE956E4C701B6010F941F8018160CF079
:106DC00017C48EE6829D8001839D100D11240E5CF8
:106DD000184F7801FDE4EF0EF11C20E030E040E8B0
:106DE00050E4C501B4010F943B770F940E7FD70197
:106DF0006D937C93F801ED5AFF4F84E0808309A5E1
:106E00001DA529AD39A94DAD5DA96EAD23967FAD08
:106E10002397A3968EAD9FADA3978E5C984F0E944B
:106E200015F98EE6829DF001839DF00D1124EE5C34
:106E3000F84F80899189A289B38981159048A1056D
:106E4000B10518F485A9886085AB8FB7F894909147
:106E5000160E911193C4A0963FADA0973093120ED9
:106E60008FBFC358DF4F88819981AA81BB81CD57DD
:106E7000D0408093100790931107A0931207B0930E
:106E80001307CF57DF4F288139814A815B81C15871
:106E9000D040209314073093150740931607509362
:106EA0001707E5968CAD9DADAEADBFADE597809370
:106EB000180790931907A0931A07B0931B07AD9674
:106EC0002CAD3DAD4EAD5FADAD9720931C0730931B
:106ED0001D0740931E0750931F0789A19AA1ABA1DC
:106EE000BCA180932F0490933004A0933104B093FD
:106EF00032048DA19EA1AFA1B8A5809333049093D5
:106F00003404A0933504B0933604A7968CAD9DADA0
:106F1000AEADBFADA7978093370490933804A0938C
:106F20003904B0933A04A996EEADFFADA9978081DC
:106F30009181A281B38180933B0490933C04A09300
:106F40003D04B0933E04F090130E8091120E8F1901
:106F50008F70833040F11091120E111101C010E1B9
:106F60001150FEE61F9FC00111249C012E5C384F7A
:106F70005901111101C010E111503EE6139FC001EB
:106F80001124AC014E5C584F6A019EE6692EF11641
:106F900069F0D601D5960C9102FF7EC38091120E46
:106FA000811B8F70F12E823008F4A3C03EE6F39E61
:106FB000C0011124AC014E5C584F5A01F39450E1CA
:106FC000F51201C0F12CAEE6FA9EC0011124FC01BD
:106FD000EE5CF84F6F018EE6882ED501D5968C9128
:106FE000D59781FD5AC095964D905D906D907C909F
:106FF0009897F60195A0E6A007A110A5292D3E2D92
:10700000A801C301B2010F948B7E87FF46C0A30184
:107010009201C301B2010F943B772B013C01D501D2
:10702000D1966D917D918D919C91D49790589B01B3
:10703000AC010F94967DF50125A536A547A550A96D
:107040000F943B779B01AC01C301B2010F94957D76
:107050000F9464812B013C019B01AC01692D7E2DB5
:10706000C8010F948B7E87FF03C0492C5E2C38012A
:107070009201A301692D7E2DC8010F948B7E882378
:1070800061F0D601D5962C91C201D301F60185A3FA
:1070900096A3A7A3B0A7216025ABD501D5968C9167
:1070A000D597F60195A9892B80FF14C005A116A1DB
:1070B00027A130A595964D915D916D917C91989702
:1070C000C5010E9415F9D501D5968C91D5978E7F73
:1070D000D5968C93F394B0E1FB1201C0F12CF89C8F
:1070E000C00111248E5C984F2091120E5601F212AD
:1070F00043C38091120E811101C080E18150EEE600
:107100008E9FC00111249C012E5C384F7901D9015A
:1071100095964D915D916D917C91989709A51DA5CE
:1071200029AD39A9C7010E9415F9F70185A98E7FFC
:1071300085AB80916F00826080936F000D941A2E52
:10714000A657B84F80E1EFE5F2E10D94552E20915E
:10715000690430916A0440916B0450916C04A796C5
:107160006CAD7DAD8EAD9FADA7970D94EB2E81E0FC
:10717000808F0D949130A0909904B0909A04009162
:107180009B0410919C0453C8C501B4010F94377738
:107190004B015C01C701B6010F9437779B01AC012D
:1071A000C501B4010F94967D6B017C0122966CADF4
:1071B0007DAD8EAD9FAD22970F9437779B01AC01CB
:1071C000C701B6010F94967D0F9464812EE6229D2F
:1071D000F001239DF00D1124EE5CF84F65A776A712
:1071E00087A790ABC2C82A962CAD3DAD4EAD5FAD22
:1071F0002A97232B242B252B09F40EC1609191048F
:1072000070919204809193049091940429A53AA5D9
:107210004BA55CA50F943B770F94747E0F940E7F63
:107220002B013C0180917E0590917F05A091800506
:10723000B09181058DA79EA7AFA7B8AB20E030E045
:10724000A901BC01CD010F941F8018160CF0EDC0F0
:1072500020E030E0A90126966CAD7DAD8EAD9FADEE
:1072600026970F941F8087FDE0C022966CAD7DAD00
:107270008EAD9FAD22979F7720E030E040E05FE346
:107280000F948B7E87FFD1C08EE6829D8001839D07
:10729000100D11240258184F81E0D8018C932091D1
:1072A0002F0430913004409131045091320469A18F
:1072B0007AA18BA19CA10F94957D69AB7AAB8BAB26
:1072C0009CAB2091330430913404409135045091AB
:1072D00036046DA17EA18FA198A50F94957D4B01D9
:1072E0005C01209137043091380440913904509169
:1072F0003A04A7966CAD7DAD8EAD9FADA7970F9468
:10730000957D6B017C0129A93AA94BA95CA9CA0109
:10731000B9010F943B7769AB7AAB8BAB9CABA50102
:107320009401C501B4010F943B779B01AC0169A99D
:107330007AA98BA99CA90F94967D4B015C01A701AA
:107340009601C701B6010F943B779B01AC01C501C3
:10735000B4010F94967D0F9464816B017C012091A0
:107360003B0430913C0440913D0450913E04A99669
:10737000EEADFFADA99760817181828193810F94F9
:10738000957DA70196010F94957E6A966CAF7DAFAF
:107390008EAF9FAF6A9720E030E040E450E40F9456
:1073A0001F8018160CF49EC020E030E0A9016A96F8
:1073B0006CAD7DAD8EAD9FAD6A970F941F80181692
:1073C0000CF042C06A962CAD3DAD4EAD5FAD6A97F4
:1073D0006DA57EA58FA598A90F943B779B01AC0165
:1073E0006091B1047091B2048091B3049091B4049F
:1073F0000F94957E29A53AA54BA55CA50F943B77E4
:107400000F94747E0F940E7F64157505860597059D
:10741000D8F42B013C0118C060911D0570911E0528
:1074200080911F0590912005F1CE8EE6829DF0019E
:10743000839DF00D1124E258F84F10826A961CAE1D
:107440001DAE1EAE1FAE6A9710E000E0A396EEAD33
:10745000FFADA397E00FF11FEE5CF84FC080D18025
:10746000E280F380C114D104E104F104A1F1F80138
:10747000EE57FA4F608171818281938164157505A1
:107480008605970540F50F94FA7629AD3AAD4BADD8
:107490005CAD0F943B774B015C01C701B6010F94C3
:1074A000FC769B01AC01C501B4010F94957E6B0184
:1074B0007C01C301B2010F94FA769B01AC01C701B4
:1074C000B6010F948B7E87FF06C0C701B6010F94EB
:1074D0000E7F2B013C010C5F1F4F0031110509F09D
:1074E000B5CF01C9D8011C92AFCFC9A6DDA6E9AEC0
:1074F000F9AA21E02DABB1C927962FAD27972B967E
:107500003FAD2B972F964FAD2F9763965FAD639747
:107510006B966FAD6B976F967FAD6F97C8010F94A9
:10752000957EEB966CAF7DAF8EAF9FAFEB976B9672
:10753000EFAD6B97EDAF6F96FFAD6F97FDAB0EAFF5
:1075400023961FAF239704CAF7FAF094F7F8F09444
:10755000A5019401C701B6010F948B7E87FF77CAFE
:107560007501640174CAC701B6010F948B7E87FD53
:1075700009C020E030E0A901C501B4010F941F80CB
:1075800018162CF4A5019401C701B6015CCAB7FA1C
:10759000B094B7F8B094A7019601C501B4010F9457
:1075A0001F8018160CF053CADBCF8EE6829DF001C7
:1075B000839DF00D1124EE5CF84F85A9846085ABA6
:1075C000A9A5ADAFBDA5BDABE9ADEEAFF9A92396B9
:1075D000FFAF2397BCCA81E030CB2091B10430913A
:1075E000B2044091B3045091B404C701B601C1CBB9
:1075F00020E030E44CE156E4C701B6010F941F804F
:107600001816D4F48EE6829D8001839D100D1124FE
:107610000E5C184F7801BDE4EB0EF11CA50194013E
:10762000C501B4010F94967D0F940E7FF70171830D
:107630006083369682E0E2CB20E03FEF4FE757E4ED
:10764000C501B4010F948B7E87FF19C08EE6829D21
:107650008001839D100D11240158184FC501B401FC
:107660000F940E7FD8016D937C938EE6829DF0017E
:10767000839DF00D1124EB57F84F81E0BFCB8EE6D0
:10768000829DF001839DF00D1124E158F84F8FEF9A
:107690009FEF91838083E9CFF60171A482A493A424
:1076A000E4A4272D382D492D5E2D65A176A187A153
:1076B00090A50F948B7E882309F451C001FD44C02E
:1076C000D50195962D903D904D905C909897A20194
:1076D0009101672D782D892D9E2D0F948B7E181684
:1076E0009CF5A2019101C201B1010F943B771B01EE
:1076F0002C01F60161A972A983A994A990589B0154
:10770000AC010F94967DD6019D962D913D914D91A2
:107710005C91D0970F943B779B01AC01C201B10102
:107720000F94957D0F9464812B015C019B01AC014A
:10773000672D782D892D9E2D0F948B7E87FD04C09B
:10774000742C852C9A2CEB2C872D982DA92DBE2DD1
:10775000F60185A396A3A7A3B0A7016005AB1111FD
:1077600001C010E11150169DC001112456019C0169
:107770002E5C384F69010BCC6C012FCC8FBF0D9460
:107780001A2E4F925F926F927F928F929F92AF923A
:10779000BF92CF92DF92EF92FF92CF93DF93CDB75C
:1077A000DEB72C970FB6F894DEBF0FBECDBFC090EA
:1077B0006712D0906812E0906912F0906A1280917E
:1077C000631290916412A0916512B091661240917B
:1077D0005F125091601260916112709162124D833C
:1077E0005E836F83788789839A83AB83BC83BE0172
:1077F0006F5F7F4FCE0105960E940C4C4D805E80DE
:107800006F80788420916104309162044091630418
:1078100050916404C301B2010F943B770F94D3805D
:1078200060931007709311078093120790931307CA
:1078300089809A80AB80BC80209165043091660479
:107840004091670450916804C501B4010F943B77DF
:107850000F94D380609314077093150780931607D5
:107860009093170780910613882309F48CC0A50113
:107870009401C301B2010F947F6B9B01AC01C7015E
:10788000B6010F94967D2091690430916A0440916D
:107890006B0450916C040F943B770F94D3806093EA
:1078A00018077093190780931A0790931B0780910C
:1078B0006B1290916C12A0916D12B0916E1289872B
:1078C0009A87AB87BC8720916D0430916E044091FC
:1078D0006F0450917004BC01CD010F943B770F945D
:1078E000D38060931C0770931D0780931E079093AD
:1078F0001F0740922F04509230046092310470921E
:1079000032048092330490923404A0923504B092F1
:107910003604C0923704D0923804E0923904F092D1
:107920003A0489859A85AB85BC8580933B04909306
:107930003C04A0933D04B0933E040F94EC5E10927F
:107940001B0410921C0410921D0410921E04EFE1FF
:10795000F4E080E1DF011D928A95E9F72C960FB6DD
:10796000F894DEBF0FBECDBFDF91CF91FF90EF90B7
:10797000DF90CF90BF90AF909F908F907F906F904F
:107980005F904F9008952091690430916A0440916E
:107990006B0450916C04C701B6017DCF8F929F920A
:1079A000AF92BF92CF92DF92EF92FF920F931F930D
:1079B0004B015C01EDEFF6E0E084F1840285138574
:1079C00024813581468157816081718182819381D3
:1079D0001F921F921F921F92E9E0CE2EE7E0DE2E4B
:1079E0000F94B32D0F900F900F900F901F910F9148
:1079F000FF90EF90DF90CF90BF90AF909F908F90CF
:107A000008958F929F92AF92BF92CF92DF92EF92A2
:107A1000FF920F931F934B015C01EFE5F2E1E084CD
:107A2000F1840285138524813581468157816081E7
:107A30007181828193811F921F921F921F92EBE6A8
:107A4000CE2EE2E1DE2E0F94B32D0F900F900F900B
:107A50000F901F910F91FF90EF90DF90CF90BF900C
:107A6000AF909F908F90089560912E0E70912F0E81
:107A70008091300E9091310E0F94077F2091570224
:107A800030915802261737070CF065C080913105F8
:107A900090913205892BB9F10E94D7488091120E3E
:107AA0008F5F803109F480E09091130E981759F19F
:107AB0006091310570913205072E000C880B990BEF
:107AC0000F94FC769B01AC0160916B1270916C126B
:107AD00080916D1290916E120F94967D60936B124F
:107AE00070936C1280936D1290936E121092320507
:107AF0001092310565E575E585ED9FE30F94013D35
:107B000081E080935B0280915B02882311F161E048
:107B100080E00E94EF5280916E128F9380916D12DF
:107B20008F9380916C128F9380916B128F938FEC57
:107B30009DE59F938F9380EC9DE59F938F930E948B
:107B4000A0528DB79EB708960FB6F8949EBF0FBE91
:107B50008DBF0C94C4580E94BB534FEF58E460E0B3
:107B600080E00E949C534BEE58E462E080E00E946B
:107B70009C5360ED77E080E090E00E94C2FD0E949F
:107B8000BB530C94D9F72F923F924F925F926F9212
:107B90007F929F92AF92BF92CF92DF92EF92FF922D
:107BA0000F931F93CF93DF9370916F12711104C0E5
:107BB00070917012772399F0DF91CF911F910F91FF
:107BC000FF90EF90DF90CF90BF90AF909F907F900D
:107BD0006F905F904F903F902F900C94B1467091B2
:107BE0008F03711109C07091770210927702709320
:107BF000900371E070938F0319016A01C62FD92F8A
:107C0000982E8091310590913205892B09F471C02D
:107C10000E94D7488091120E8F5F803109F480E076
:107C20009091130E981709F464C084E0C89F8001F6
:107C30001124F801E15AFD4E5F0160913105709108
:107C40003205072E000C880B990B0F94FC76F5017A
:107C500020813181428153810F94967D2B013C011B
:107C6000B601DD0C880B990B0F94FC766B017C013F
:107C7000AC019B01C301B2010F948B7EF50187FD1E
:107C80007DC04082518262827382B101330C880BC5
:107C9000990B0F94FC762B013C01C801815A9D4E33
:107CA0007C01A3019201FC01608171818281938139
:107CB0000F941F8018162CF4F701408251826282C3
:107CC0007382109232051092310563E672E18FE5FE
:107CD00092E10E94B44CF801EF51FD4F6081718137
:107CE000828193810E94DB480F94013D81E0809363
:107CF0005B0280915B02882311F161E080E00E94C9
:107D0000EF5284E0C89FF0011124E15AFD4E8381B7
:107D10008F9382818F9381818F9380818F93DF9363
:107D20009F9280EC9DE59F938F930E94A052EDB7A8
:107D3000FEB738960FB6F894FEBF0FBEEDBF809128
:107D4000BD03811104C080918E03882321F08091AE
:107D5000900380937702DF91CF911F910F91FF9055
:107D6000EF90DF90CF90BF90AF909F907F906F90FB
:107D70005F904F903F902F900C94C458C082D18256
:107D8000E282F38282CF22ED30E050E040E062E018
:107D90008AEE9DE50D94C33D22ED30E04CEF5FEFA0
:107DA00061E087EE9DE50D94C33D2AEF30E050E0A1
:107DB00040E060E084EE9DE50D94C33D4F925F92FC
:107DC0006F927F928F929F92AF92BF92CF92DF92EB
:107DD000EF92FF92CF9380E00F94B10B6093100766
:107DE00070931107809312079093130781E00F940B
:107DF000B10B609314077093150780931607909347
:107E0000170782E00F94B10B60931807709319075E
:107E100080931A0790931B0783E00F94B10B609334
:107E20001C0770931D0780931E0790931F0780E027
:107E30000F94BF0B60935F12709360128093611276
:107E40009093621281E00F94BF0B60936312709362
:107E50006412809365129093661282E00F94BF0BB8
:107E600060936712709368128093691290936A12FC
:107E700083E00F94BF0B60936B1270936C1280932E
:107E80006D1290936E1280910613882331F1209128
:107E900063123091641240916512509166126091A4
:107EA0005F127091601280916112909162120F9432
:107EB0007F6B9B01AC016091671270916812809199
:107EC000691290916A120F94957D60936712709376
:107ED00068128093691290936A12C0917905CC233D
:107EE00009F49AC0C0FF34C0209171053091720529
:107EF000409173055091740560915F12709160120A
:107F000080916112909162120F94957D60935F123F
:107F100070936012809361129093621220917505A4
:107F20003091760540917705509178056091631204
:107F30007091641280916512909166120F94957DF4
:107F4000609363127093641280936512909366122B
:107F5000C1FF62C080905F1290906012A090611289
:107F6000B0906212C0906312D0906412E0906512DB
:107F7000F09066122091690530916A0540916B0579
:107F800050916C05C501B4010F943B772B013C0166
:107F900020916D0530916E0540916F0550917005EF
:107FA000C701B6010F943B779B01AC01C301B2013D
:107FB0000F94967D2B013C01209161053091620563
:107FC0004091630550916405C501B4010F943B775E
:107FD0004B015C0120916505309166054091670574
:107FE00050916805C701B6010F943B779B01AC0126
:107FF000C501B4010F94967D60935F127093601277
:1080000080936112909362124092631250926412B4
:1080100060926512709266120E94444A80E1EFE518
:10802000F2E1AFE2B4E001900D928A95E1F7CF91D1
:10803000FF90EF90DF90CF90BF90AF909F908F9088
:108040007F906F905F904F90089580916F008D7F2B
:1080500080936F000F94DE3E81E08093160E809136
:108060006F008D7F80936F009091120E8091130EA0
:10807000981769F09091120E8091130E9817A1F342
:108080008091130E8F5F8F708093130EEDCF10923F
:108090004F1210924E128FEF9FEF909346048093F1
:1080A000450410924204109241040F940D0C8091EB
:1080B0006F00826080936F0010921B0410921C046A
:1080C00010921D0410921E04EFE1F4E080E1DF0144
:1080D0001D928A95E9F710921A04109219040895D6
:1080E00081E00C94CD530F931F93CF938C01C62F37
:1080F00080E00E94CD530E94BB53A80161E080E064
:108100000E949C5380E20E9437546C2F70E06F5F96
:108110007F4F072E000C880B990BCF911F910F9169
:108120000C94705582ED9EE00E94B55A83ED9EE05E
:108130000C94A85A41E08091D412811101C040E012
:10814000405D62E083E00E94A8530E9408B340E3D0
:10815000480F62E088E00E94A85362E08AE00E9433
:10816000EF520E9431F862E080E10E94EF5220E07D
:1081700030E040E05FE360912E0E70912F0E809111
:10818000300E9091310E0F94967D0F94077F7F9360
:108190006F9384EE99E49F938F930E94A0520F9067
:1081A0000F900F900F9008958A3020F0803120F4C6
:1081B000895A0895805D089580E008950F931F9374
:1081C000CF93DF93082FEB0190E024E095958795FE
:1081D0002A95E1F711E0009721F00F94D44089939C
:1081E00012E0802F8F700F94D4408883812FDF910D
:1081F000CF911F910F910895803330F08A3330F082
:108200009FE9980F963020F080E0089580530895FC
:1082100087550895CF93DF93EC01688180E00E9439
:108220009BF169810E949BF16A81CB810E949BF145
:108230006C2FDF91CF910C949BF1CF93DF93EC01E6
:108240000F940A416D810E949BF16E81CF810E9443
:108250009BF16C2FDF91CF910C949BF1CF93DF9327
:10826000EC01688349831B821A820F940A418C8334
:10827000DF91CF910895149A0895CF92DF92EF92F3
:10828000FF92CF93DF9369017A01CFE5D2E19B01A1
:10829000AC016C857D858E859F850F94967D6C875E
:1082A0007D878E879F87C701B601DF91CF91FF90B1
:1082B000EF90DF90CF900D94013D0F94013D0D9410
:1082C000D30BCF93DF93EC018AE998E60E94FD5C23
:1082D0008EED99E40E94FD5CCE01DF91CF910C946C
:1082E000F25E0C9408B3893220E8920709F497C033
:1082F00008F048C0863060E8960709F49AC030F567
:10830000833040E8940709F480C0A8F4813020E865
:10831000920709F417C1823040E8940709F473C04A
:108320009C0186FF8EC02227327C2115324C09F039
:108330009EC08EE10895843060E8960709F467C016
:10834000853020E8920761F784E208958A3040E89A
:10835000940709F45EC058F4883020E8920709F4C5
:108360006EC0893040E89407D9F685E008958C30D6
:1083700060E8960709F451C08D3020E8920781F635
:1083800081E208958F3240E8940709F456C0E0F482
:108390008C3220E8920709F44EC058F48A3260E823
:1083A0009607C9F18B3220E8920709F0B9CF86E22F
:1083B00008958D3240E89407D1F18E3260E8960737
:1083C00009F0AECF82E20895873820E8920749F19C
:1083D00058F4873460E8960729F08B3420E8920738
:1083E00009F09ECF84E00895873041E89407D9F0E2
:1083F0008B3061E89607C9F08B3820E8920709F0C6
:108400008FCF89E0089581E0089582E0089583E0A8
:10841000089586E0089587E008958AE208958BE242
:10842000089588E008958AE008958BE0089583E236
:10843000089585E2089587E2089588E2089589E223
:10844000089587FF07C02227327C2115324CA1F501
:108450008FE108952227317090FF52C0AC0144276C
:10846000527C4115524C09F04BC080E208959C01AA
:1084700022273278232B09F067C09C012227347809
:10848000232B09F063C09C0122273878232B09F0A5
:108490005FC09C0122273079232B09F05BC09C012F
:1084A0002227307A232B09F057C08827907C892B0C
:1084B00009F468C08FE008959C0122273278232BAD
:1084C00009F04CC09C0122273478232B09F048C0C6
:1084D0009C0122273878232B09F044C09C012227D5
:1084E0003079232B09F040C09C012227307A232BBE
:1084F000E9F58827907C892B09F444C080E1089530
:10850000232B09F43FC09C0122273278232B81F5CD
:108510009C0122273478232B69F59C012227387887
:10852000232B51F59C0122273079232B39F59C010F
:108530002227307A232B21F58827907C892B11F173
:1085400081E1089580E0089582E1089585E108952C
:1085500088E108958BE108958CE0089583E1089502
:1085600086E1089589E108958CE108958DE00895EC
:1085700084E1089587E108958AE108958DE10895E1
:108580008EE008958CE20895FF920F931F93CF938E
:10859000DF932091CF123091D0122130310539F480
:1085A0002091F812213019F422E0209360050F94F5
:1085B0007341D82F80916005813009F457C048F08D
:1085C000823009F4E5C0DF91CF911F910F91FF90A8
:1085D000089584E0809378020D2F10E0F801E85BA5
:1085E000F54BC491FC2EF2944FE0F422CF7080E062
:1085F0000E94CD530E94BB53000F111FF801EB588E
:10860000F54B25913491005D1949F80185919491BC
:108610003F932F939F938F9384E99CE49F938F9331
:108620000E94A0524BEB56E662E080E00E949C5311
:108630000F900F900F900F900F900F90F110BCC003
:1086400010E000E022E14FEC5AE4EC2FF0E0EE0FF6
:10865000FF1FE058F34B6591749181E0F11001C068
:1086600080E00E9428BC81E08093600581E08093D7
:1086700030070F949A400F94E2180D2F10E0F80184
:10868000E85BF54BC491DC2FD295DF7080915805E3
:10869000811109C081E0D11101C080E080935705AC
:1086A00081E08093580580915605882341F081E050
:1086B000D11101C080E0809357051092560520919A
:1086C00031053091320521153105B9F180915705F9
:1086D000DD2361F037FF06C0882369F08150809365
:1086E000570509C0823039F08F5FF9CF37FF3FC09F
:1086F000811110925705809157054EE3811140E298
:1087000063E080E00E94A85380915705DD23A1F12A
:108710004EE3813009F040E263E089E00E94A85313
:1087200080915705823051F54EE363E082E10E946B
:10873000A85310923205109231050E9433588823B5
:1087400009F441CF80915705D1111AC0813079F5D4
:10875000F801EE0FFF1FE251F64B859194910E94B4
:108760005DC381E080935605109260052CCF813067
:1087700009F4C1CF81E0B3CF8130B1F240E2D5CF6F
:10878000823031F3813099F4D093180E80935605DE
:1087900081E00E94CD530E94D9F710929505109266
:1087A00098051092300782E080937802DDCFCF7079
:1087B000C093180E81E0EACFEF2DF0E0EE0FFF1F1F
:1087C000E058F34B459154910FEC1AE429E03DCF6A
:1087D0000F947341E82FF0E0EE0FFF1FEB58F54BBD
:1087E00025913491233381E0380708F041C02D32C0
:1087F00081E0380778F52E37310509F483C0F0F4AD
:108800002C36310509F485C030F42536310508F0E1
:1088100079C08FEF08952437310509F473C02D37DF
:10882000310519F023373105A1F78091180E8130F9
:1088300009F46DC0873069F788E00895233D31055C
:1088400009F46EC050F4293C310509F469C02A3C92
:108850003105F9F68091180E67C02D3D310509F4F8
:108860005FC02E3D3105B1F3243D310591F6F2CFC5
:10887000253F81E0380709F45CC0F8F4263481E034
:10888000380758F4213481E0380720F72753314066
:108890002530310508F0BDCFDDCF215931402230E0
:1088A000310508F0B6CF8091180E833009F43FC02F
:1088B000893009F0AECF87E00895293F81E038077D
:1088C00049F270F4273F81E0380721F260F7809188
:1088D000180E833061F1883009F09BCF86E008954F
:1088E0002B3F81E03807A9F068F02C3F314009F0B8
:1088F00090CF8091180E853089F0863009F089CFAD
:1089000085E008958091180E813009F082CF81E0D2
:1089100008958091180E8230D1F37BCF84E00895C2
:108920008091180E823061F0833009F072CF83E0BD
:1089300008958091180E823029F0843009F069CFB3
:1089400082E0089580E00895CF93DF93EC01609179
:108950002E0E70912F0E8091300E9091310E0F944B
:10896000077F20915B1230915C12C901861B970B27
:10897000069724F0CE010E949D70E9CFDF91CF9140
:108980000895CF93DF9300D000D01F92CDB7DEB70C
:10899000873050F5673040F597E0EDEBF2E0DE010F
:1089A000119601900D929A95E1F746E050E0FA0198
:1089B000E61BF10921E030E02C0F3D1FE20FF31F11
:1089C000208130E0481B5109C90102C09595879567
:1089D0004A95E2F7817027960FB6F894DEBF0FBE76
:1089E000CDBFDF91CF91089580E0F5CF6091540520
:1089F00070915505072E000C880B990B0F94FC768F
:108A00002091690430916A0440916B0450916C0488
:108A10000F94957E0E9416421092550510925405AF
:108A200008952F923F924F925F926F927F928F9212
:108A30009F92AF92BF92CF92DF92EF92FF920F93ED
:108A40001F93CF93DF93CDB7DEB7C254D1090FB6D2
:108A5000F894DEBF0FBECDBF4C015B016A01322E20
:108A600019821C821C8E1F8E672B21F510E0CE010F
:108A70004C960E94E45BCE0101960E94E45B812F3C
:108A8000CE5BDF4F0FB6F894DEBF0FBECDBFDF91D8
:108A9000CF911F910F91FF90EF90DF90CF90BF90FB
:108AA000AF909F908F907F906F905F904F903F908E
:108AB0002F900895FC0183818111D8CFFA01808124
:108AC0008F32C1F4CA016C010196F60120812F3268
:108AD000D1F3F50183818250823060F0618D728D17
:108AE000CE014C960F94C21C8E01045E1F4F811163
:108AF00002C0BCCF8501CE0101967C013C012E0154
:108B00009CE1490E511C2396EFAE23972F2CFE01BA
:108B1000F796CF010B96AF0120E22193E817F907F2
:108B2000D9F7960190E067E0D9018D91882349F14A
:108B30008F3239F1282F8E3239F46A3009F496CF0A
:108B400098E06AE09D01F0CFEFE4FFE43491332335
:108B500021F031968313FACF89CF691708F486CFB5
:108B60003FED380F3E3508F081CF3FE9380F3A31FD
:108B700010F420EE280FFA01E90FF11D20839F5F0A
:108B8000E1CF8FA9803209F471CF6901F9018081A9
:108B90002F5F3F4F8F32C9F38823D9F021E0B8010E
:108BA000C7010F943021882309F460CF0A151B05F3
:108BB00019F0C8010F94691F942D852D6E147F0440
:108BC00021F023969FAD2397822D8701E92EF82E61
:108BD0009ECF232DB801C4010F943021182F47CF09
:108BE000ECE6F6E14081518162817381480F591FA3
:108BF000611D711D408351836283738308952F9299
:108C00003F924F925F926F927F928F929F92AF921C
:108C1000BF92CF92DF92EF92FF920F931F93CF9369
:108C2000DF9300D01F921F92CDB7DEB71C012A013F
:108C30003B0100E210E019829981892F90E09B832B
:108C40008A83801791079CF5880F991F880F991FB9
:108C50009D838C83820D931D9B838A83FC01C0803E
:108C6000D180E280F3808C819D810496820D931DDA
:108C70009D838C83FC0180809180A280B380A501BC
:108C80009401C701B6010F941F80181664F4EA819D
:108C9000FB8180829182A282B382EC81FD81C082BD
:108CA000D182E282F382F981FF5FF983C5CF01505F
:108CB000110908F6F101E05CFF4F2081318142810A
:108CC0005381C301B2010F943B776B017C0120E01B
:108CD00030E040E05FEB0F948B7E87FD10C020E01A
:108CE00030E040E05FE3C701B6010F948B7E1816B9
:108CF0005CF4C12CD12CE12C8FE3F82E05C0C12CE3
:108D0000D12CE12C9FEBF92EC701B6010F900F90EB
:108D10000F900F900F90DF91CF911F910F91FF90C7
:108D2000EF90DF90CF90BF90AF909F908F907F900B
:108D30006F905F904F903F902F9008950E9420FF7A
:108D400060939E1270939F128093A0129093A11231
:108D500008958091E412882369F08091E3128823BA
:108D600049F081E198E60E94F25E8091E312815021
:108D70008093E31208959F92AF92BF92CF92DF92B9
:108D8000EF92FF920F931F93CF93DF93CDB7DEB790
:108D9000E0970FB6F894DEBF0FBECDBF8C01E09018
:108DA000CC12FE01319621E030E05F01F12C40E170
:108DB000C42ED12C50E2952EC701821B930BB60115
:108DC0000F944B7DDC01BB27A157BD4E9D968C9126
:108DD000482F50E094E0559547959A95E1F796EF26
:108DE000940F9630A8F1405D40838F7096EF980FF6
:108DF000963080F1805D818392822F5F3F4F339662
:108E000021313105C9F618AA8AE998E60E94FD5C6D
:108E100084E998E60E94FD5CC8010E94FD5C8CE339
:108E200098E60E94FD5CC5010E94C569E0960FB6F8
:108E3000F894DEBF0FBECDBFDF91CF911F910F9190
:108E4000FF90EF90DF90CF90BF90AF909F900895EC
:108E5000495ACACF895ACFCF9C019091A3129A3018
:108E600011F46093A21291509093A31291110DC02E
:108E7000C9010F94BB468DE298E60E94F25E8AE03B
:108E80008093A3128091A212089580E00895CF9359
:108E9000DF93CDB7DEB72E970FB6F894DEBF0FBEC7
:108EA000CDBF2EE330E03A832983FE0133962CE0D8
:108EB000DF011D922A95E9F7DE011296482FFC0189
:108EC0009D018E2F841B861740F4819190EE980FA0
:108ED000903608F08EE28D93F4CFF901E60FF11D84
:108EE00010824EE050E060EA78E6CE0101960F94E1
:108EF0004D7A892B59F44EE050E0BE016F5F7F4FF1
:108F00008FE792E10F94E082892B61F08AE998E67D
:108F10000E94FD5C84E998E60E94FD5CCE0101960A
:108F20000E94C5694EE050E0BE016F5F7F4F8FE742
:108F300092E10F94EE822E960FB6F894DEBF0FBE2C
:108F4000CDBFDF91CF910895CF92DF92EF92FF9244
:108F50001F93CF93DF93CDB7DEB762970FB6F89428
:108F6000DEBF0FBECDBF4E875F87688B798B8A8B44
:108F70004983852F511131C080E38A8311E0E1E0FC
:108F8000E10F81E090E08C0F9D1F8E0F911DFC0181
:108F90008A899AE29083811127C080E3818381E0EE
:108FA0001E5F180FE1E0F0E0EC0FFD1FE10FF11D77
:108FB0008AE080831F5FFE0131967F016F01C10E41
:108FC000D11CEC14FD04B1F0F70181917F0161E740
:108FD00072E190E00F94D67AF4CFBE016E5F7F4FBE
:108FE0000F94DE40182FCBCFBF016F5F7F4F0F94E0
:108FF000DE40D6CF612FCE0101960F9447470F94E4
:109000009E4662960FB6F894DEBF0FBECDBFDF91CD
:10901000CF911F91FF90EF90DF90CF9008958F92A6
:109020009F92AF92BF92DF92EF92FF920F931F93A6
:10903000CF93DF93CDB7DEB767970FB6F894DEBF57
:109040000FBECDBF182F7B01D42E07E50B8B8C8B69
:109050007E8B6D8BCE0143960F940A418F8B0E87CA
:109060001F87F98AE88ACE010E960F940A418A8BEF
:109070000983111127C080E38A8381E0E1E0E80FD2
:1090800021E030E02C0F3D1F2E0F311DF90190E241
:10909000908302E0080FAA24A394B12CAC0EBD1E4D
:1090A000A00EB11CE114F10439F114E0C7018827C6
:1090B000907F892B71F424E0EE0CFF1C2A95E1F7D8
:1090C0001150F4CFBE016E5F7F4F812F0F94DE40B1
:1090D000D5CF4501882D8A19811790F48F2D82955F
:1090E0008F7094E0EE0CFF1C9A95E1F70F94D4403A
:1090F000F40181934F01EECF80E3F501808311E00D
:10910000100FE1E0F0E0EC0FFD1FE10FF11D8A8987
:109110009AE29083811121C080E3818381E01F5F07
:10912000180FE1E0F0E0EC0FFD1FE10FF11D8AE008
:1091300080831F5F9E012F5F3F4F79015901A10E70
:10914000B11CEA14FB0479F0F70181917F0161E71A
:1091500072E190E00F94D67AF4CFBF016F5F7F4F3A
:109160000F94DE40DCCF612FCE0101960F9447476C
:109170000F949E46D092921267960FB6F894DEBF77
:109180000FBECDBFDF91CF911F910F91FF90EF9058
:10919000DF90BF90AF909F908F9008952091DD1247
:1091A0002F5F2093DD12223078F430E0F901E55D85
:1091B000F749849125523D4EF901608170E049E004
:1091C0000F940F4880E0089581E008958F929F9258
:1091D000AF92BF92CF92DF92EF92FF92CF93DF9345
:1091E00021E436E13093410E2093400E10925D163B
:1091F00042E050E060E070E040934616509347161E
:10920000609348167093491610923F0E10923B0ED1
:1092100010923C0E10923D0E10923E0E4FEF5FEFFB
:10922000BA014093370E5093380E6093390E709305
:109230003A0E882309F470C040E060E070E0CB0192
:109240000F94061B81110DC0C0E08C2FDF91CF91D0
:10925000FF90EF90DF90CF90BF90AF909F908F9056
:109260000895809101108F7779F780910D1090917A
:109270000E10A0910F10B091101084369105A10529
:10928000B10510F3C0900910D0900A10E0900B10B7
:10929000F0900C10C114D104E104F104A9F240E0F3
:1092A000C701B6010F94061BC82F882369F280916D
:1092B0004E0E90914F0E8115924031F6A091530EB3
:1092C000AA2311F26091510E7091520E6115710531
:1092D00009F4BACF2091500E222309F4B5CFA09300
:1092E000581620934A1690E080E030E0E1E0F0E08C
:1092F000D82FAF01082E02C0440F551F0A94E2F781
:109300002417350769F041E0480F0196893091052F
:1093100079F74093531698CFC12CD12C7601BFCF4B
:10932000809353162091590E30915A0E50E040E030
:109330002115310541F42091670E3091680E40915E
:10934000690E50916A0E20934B1630934C16409341
:109350004D1650934E1646015701860E971EA11CBE
:10936000B11C8092591690925A16A0925B16B09238
:109370005C16E091540EF091550EF0935F16E09359
:109380005E16B0E00F94037DDC01CB01880D991DC2
:10939000AA1DBB1D8093601690936116A093621660
:1093A000B093631625E0EE0FFF1F2A95E1F7E15019
:1093B000FE4FEF2FFF27E6958E0F9F1FA11DB11DBA
:1093C0008093541690935516A0935616B093571643
:1093D0008090560E9090570EB12CA12C81149104C0
:1093E00041F48090630E9090640EA090650EB09052
:1093F000660EC81AD90AEA0AFB0AC80CD91CEA1C6C
:10940000FB1C04C0F694E794D794C794DA95D2F77E
:10941000C0924F16D0925016E0925116F09252160A
:1094200085EFC8168FE0D806E104F10420F48CE043
:1094300080935D1609CF80E125EFC2162FEFD2068B
:10944000E104F10488F080916F0E9091700EA0916C
:10945000710EB091720E8093601690936116A09376
:109460006216B093631680E280935D16EECE0F9382
:109470001F9360918116709182168091831690914E
:1094800084160091370E1091380E2091390E3091CC
:109490003A0E601771078207930739F140E00F9485
:1094A000061B8823F9F0209185163091861640918D
:1094B0007516509176166091771670917816421B4A
:1094C000530B61097109413092E05907610571053B
:1094D00020F040E052E060E070E04D5B514F9AE0D8
:1094E000FA0190831F910F91089581E0FBCF20E056
:1094F00030E040EA52E460E070E080EA92EC0D94E3
:109500003D419091FF1291FD17C08823A9F092FD73
:1095100013C00F943B4180915B1290915C12909329
:10952000F4128093F3128091FF1284608093FF12F3
:109530008DE095E60D94614108958091FF1280FFC2
:1095400045C085E295E60F9461418091EB129091C0
:10955000EC12A091ED12B091EE124091E7125091F1
:10956000E8126091E9127091EA1240935F125093F1
:1095700060126093611270936212809363129093F1
:109580006412A0936512B093661260E070E088E404
:1095900092E40F945D418091EF129091F012A091AE
:1095A000F112B091F2128093671290936812A09317
:1095B0006912B0936A1260E070E080E791E40F9462
:1095C0005D418091FF128E7F8093FF1208950F936B
:1095D0001F93CF939091FF12911172C0C82F8AEF01
:1095E00094E60F9461410F943B410F94D30B80910B
:1095F0005112811102C00E943C47CC2309F460C083
:109600008091FF1281608093FF1280916712909188
:109610006812A0916912B0916A1240916312509140
:109620006412609165127091661200915F12109140
:10963000601220916112309162120093E712109330
:10964000E8122093E9123093EA124093EB12509300
:10965000EC126093ED127093EE128093EF129093E0
:10966000F012A093F112B093F21260E070E080EA81
:1096700091E40E942A5080910D07882309F180917E
:109680000E078823E9F080E090E0AAEFB2E480932F
:109690005F1290936012A0936112B09362121092C5
:1096A000631210926412109265121092661260E0BA
:1096B00070E088E492E4CF911F910F910D945D4189
:1096C000CF911F910F910895EF92FF920F931F93E7
:1096D000CF93DF931F921F92CDB7DEB7F82EE62E01
:1096E00080E197E29A8389838A01169507958F2DE9
:1096F0000E9485B10150110978F028EC30E0AE01EC
:109700004F5F5F4F68EE73E08F2D0E9454B06E2D57
:109710008F2D0E949EB1EECF6E2D8F2D0E9485B1B0
:109720000F900F90DF91CF911F910F91FF90EF90CD
:109730000895EF92FF920F931F93CF93DF93CDB7CE
:10974000DEB72F970FB6F894DEBF0FBECDBF1092D5
:109750008D120FE812E1EE24E394F12CD80111965A
:10976000FC92EE9212961C92129782E813968C93BA
:1097700040E060E084E992E10F942E4140E060E037
:1097800089E992E10F942E41F8011786108A118A17
:10979000128A138A8AE0848B40E060E0CE01019651
:1097A0000F942E4185E0FE013196DE011696019060
:1097B0000D928A95E1F785E0FE013696A4EAB2E1C2
:1097C00001900D928A95E1F7D8015A961C925A970A
:1097D0005C961C921E925B9784EA92E10F941D4165
:1097E000F801818F158E168E40E060E08EEA92E1DE
:1097F0000F942E41D80194961C9240E060E0CE0177
:109800000B960F942E4185E0FE013B96DE011196EA
:1098100001900D928A95E1F785E0FE013196A4EB67
:10982000B2E101900D928A95E1F7F80112A614A613
:1098300013A684EB92E10F941D41D80199968C9365
:109840009997DD961C92DD978EE892E1DF969C93C6
:109850008E93DE97F092D012E092CF121092D11236
:109860001FEF1093D2120F9471418093D312109274
:10987000D4121092D5121092D6121092D8121092C1
:10988000D7121092DA121092D9121092DD121092A1
:10989000DE121092DF121092E01283E08093E31246
:1098A0001092E41285E08093DB1284E18093DC1255
:1098B00083E68093E5128093E6121092E7121092ED
:1098C000E8121092E9121092EA121092EB12109222
:1098D000EC121092ED121092EE121092EF12109202
:1098E000F0121092F1121092F2121092F4121092E1
:1098F000F3121092F5128EE290E89093F712809393
:10990000F6121093F8121093F9121092FB121092A3
:10991000FA121093FC1282E08093FD121092FE1254
:109920001092FF1210920013109201131092031361
:109930001092021310920513109204130F94686191
:10994000E2EDF3E110925A1410925D1410927F141C
:109950001092821489E1809341161092441610925D
:10996000451610925D1610926416109267161092AA
:10997000E5161092E7161092E616109276151092E0
:1099800075151092E1161092E2161092E3161092DD
:10999000E4161092E8161092E9161092EA16109248
:1099A000EB1612821382108211821092741510929B
:1099B0008716E2EAF4E182EDDF011D928A95E9F76C
:1099C00010922314109222141092211485EE96E125
:1099D0000E9482FFEBECF3E1118212821382148267
:1099E000158216821083EEEEF6E11582178216823A
:1099F0000E9420FF6093F7167093F8168093F91673
:109A00009093FA162F960FB6F894DEBF0FBECDBF17
:109A1000DF91CF911F910F91FF90EF90089542E059
:109A20000E947F5C0C94F55C8091E512833609F40A
:109A30008FEF089588EA98E60E94FD5C60E08CEA6A
:109A40009CE00E94965A813021F48EE992E60C94B3
:109A5000F25E8AE992E6FBCFBC01990F880B990B65
:109A60000E94635C0C94F55CCF93C82F8093E51241
:109A70008AE998E60E94FD5C8EE898E60E94FD5C0B
:109A800084E898E60E94FD5C8C2F90E0CF910D94C5
:109A90002C4D289A08950F931F93CF93DF93EC01D9
:109AA0000E9420FF8B010F944A198F3F69F00E949A
:109AB00020FF601B710B6C177D07A8F380E0DF911E
:109AC000CF911F910F91089581E0F9CF84E696E13F
:109AD0000F94341F84E696E10F94691FE2EDF3E1E1
:109AE000108211820895CF92DF92EF92FF920F932E
:109AF0001F93CF93DF93EB01182F092FF8948091D8
:109B0000D413882309F4D8C080914612909147124B
:109B1000A0914812B091491280934212909343123F
:109B2000A0934412B09345120F94F62CC0904212A9
:109B3000D0904312E0904412F0904512C81AD90A0E
:109B4000E108F108C0924212D0924312E09244120E
:109B5000F09245120E943C5BC81AD90AE108F1084C
:109B6000C0924212D0924312E0924412F0924512F7
:109B70001092790220917012F0906F122111F22E42
:109B800080914E1290914F12009709F4D1C021118B
:109B9000CFC020916F122111CBC0FC01E85AFF4FBA
:109BA00020E1AEE7B2E001900D922A95E1F7FC01C9
:109BB000E659FF4F2081318130934D1220934C1292
:109BC00088599F4FFC018081918190934B12809323
:109BD0004A120F94254080E1EFE5F2E1A0E9B2E0FE
:109BE00001900D928A95E1F7FF2061F080E090E00E
:109BF000A0E8BFEB8093900290939102A093920211
:109C0000B093930280918E0290918F0290935E1296
:109C100080935D1280915B1290915C1290935A1226
:109C20008093591280915712809356128091551249
:109C300083FB882780F9809354128091531280937C
:109C400052120E9467671092D41381E080935112E0
:109C50000F940D0C789420E030E0A901F8016C2FEE
:109C60007D2F8F2F902F0F948B7E8823E1F0809192
:109C70005412811105C061E088E294E60E94F870F8
:109C80000F931F93DF93CF9388E194E69F938F9375
:109C90000E94C67181E0809350120F900F900F9038
:109CA0000F900F900F90DF91CF911F910F91FF9028
:109CB000EF90DF90CF90089580913F128823B1F10B
:109CC00080913B1290913C12A0913D12B0913E12B6
:109CD0008093421290934312A0934412B093451282
:109CE0000F94F62C4091421250914312609144120D
:109CF00070914512481B510961097109809139120F
:109D000090913A12092E000CAA0BBB0B481B590B61
:109D10006A0B7B0B409342125093431260934412A0
:109D20007093451281E08093790224CF82E0FBCFCB
:109D300080E090E0A0E8BFEB80937E0290937F02EA
:109D4000A0938002B093810260917A0270917B02AD
:109D500080917C0290917D020F940E7F70934D1242
:109D600060934C1210924B1210924A1232CF809193
:109D7000381281111BC081E08093381261E080E0CD
:109D80000E94B0BB8DE798E60E94FD5C83EE93E6EF
:109D90000E94F25E81E992E60E944FBB729A0E9495
:109DA000D9F78091371281608093371208950F930D
:109DB0001F93CF93DF93EC010F942C7A8C018036A4
:109DC000910508F085C080915012811105C00E9454
:109DD0007C5B81E080935012409135125091361295
:109DE00080914610909147104817590741F42091EF
:109DF000391230913A12121613060CF469C02091F0
:109E0000441030914510121613060CF041C09C010D
:109E10002F593F4F84179507E8F544505109401BCF
:109E2000510B421753070CF453C050933612409312
:109E300035128091351290913612FC01E85BFF4E8D
:109E400023E02083BE01855B9F4E0F94257A80918D
:109E5000391290913A12019690933A1280933912E6
:109E60008AE998E60E94FD5C84E698E60E94FD5C23
:109E70008091351290913612855B9F4E0E94B96990
:109E800082E698E6DF91CF911F910F910C94F25EDC
:109E90009C01C0CFC80104964817590728F04450C8
:109EA0005109401B510BC1CF89EE91E0BC01601BF1
:109EB000710B8B01621773075CF070E060E088E45F
:109EC00090E10F94A0821093361200933512B1CF17
:109ED0008DE798E60E94FD5C84E698E60E94FD5CB2
:109EE000CE010E94FD5C8BE498E6CCCFAB01BC01B7
:109EF00084E696E10F948B1D811102C080E00895E5
:109F000084E696E10F94121D8823C1F320918516F3
:109F1000309186162D5B314F3093801620937F163B
:109F200008958F929F92AF92BF92CF92DF92EF925D
:109F3000FF920F931F93CF93DF93CDB7DEB7EE97CA
:109F40000FB6F894DEBF0FBECDBF809122148F9361
:109F5000809121148F9386E098E69F938F938E01D2
:109F60000F5D1F4F1F930F930F94857B0F900F90E2
:109F70000F900F900F900F90F12CF801019000209E
:109F8000E9F73197E01BF10BFE1684F46801CF0C62
:109F9000D11CF7FCDA94F6018081082E000C990B95
:109FA0000F948282F6018083F394E7CF8AE594E1EF
:109FB0000E94DF5BA12CCE0101967C018CEDC82EA6
:109FC00083E6D82E80915D14823008F450C08091D1
:109FD000621490916314A0916414B09165148F7110
:109FE0009927AA27BB27892B8A2B8B2B09F03FC0E7
:109FF00050E040E0B7018AE594E10F94C8201816BC
:10A00000B4F5B12CF70101900020E9F73197EE1972
:10A01000FF09BE1674F447018B0C911CB7FC9A948F
:10A02000F401808190E00F948282F4018083B394E4
:10A03000E9CF8A858E3731F245E050E0B801C7019B
:10A040000F94E082892B09F0BDCF1F930F93DF920D
:10A05000CF920E94C67161E088ED93E60E94F8708D
:10A060000F900F900F900F90AA24A394ABCF8FEF77
:10A070009FEFAA2029F0809121149091221401963B
:10A080009093221480932114EE960FB6F894DEBFBD
:10A090000FBECDBFDF91CF911F910F91FF90EF9039
:10A0A000DF90CF90BF90AF909F908F9008958F9248
:10A0B0009F92AF92BF92CF92DF92EF92FF920F9357
:10A0C0001F93CF93DF9300D01F92CDB7DEB7FC0173
:10A0D0008381813011F080E060C0818181FFFBCFFE
:10A0E00081899289A389B489892B8A2B8B2B09F4C6
:10A0F0006EC07F0140E050E0BA01CF010F948B1D8C
:10A10000882349F3F701C18CD28C85889688A7886B
:10A11000B08C82E090E0A0E0B0E0F6018083918313
:10A12000A283B3839E012F5F3F4FB501A401C601F7
:10A130000F94D51B882379F200E010E09801B50157
:10A14000A401C6010F94431B882329F289809A80B9
:10A15000AB80BC80F6018789803181F5F8EF8F16DE
:10A16000FFEF9F06A104B104E8F2F701158A168AF1
:10A17000178A108E118A128A138A148A8181806844
:10A180008183C7010F94341F882309F4A4CF40E0D2
:10A1900050E0BA01C7010F948B1D0F900F900F90E4
:10A1A0000F90DF91CF911F910F91FF90EF90DF9073
:10A1B000CF90BF90AF909F908F90089588EF8816B2
:10A1C0008FEF9806A8068FE0B80678F6ABCF81E04F
:10A1D000E4CF2F923F924F925F926F927F928F9235
:10A1E0009F92AF92BF92CF92DF92EF92FF920F9326
:10A1F0001F93CF93DF93CDB7DEB7C657D1090FB604
:10A20000F894DEBF0FBECDBF4C016B013A01E5965D
:10A210002FAFE597502E2DB63EB6102F11708091BE
:10A22000420E8F5F8093420EFB0180859185A2854F
:10A23000B3858093E7139093E813A093E913B09349
:10A24000EA13412C5E01F7E6AF0EB11CF6018381E3
:10A25000823008F4C0C180859185A285B3858F7155
:10A260009927AA27BB27892B8A2B8B2B09F0B3C1EF
:10A270001092EB134BEE53E1BE01695B7F4FC601B9
:10A280000F94C82018160CF0A6C18091420E87309A
:10A2900008F0A1C128968FAD2897882309F49BC1A7
:10A2A000853E09F439C18E3209F436C18091EB1331
:10A2B0008E3209F431C163968FAD6397982F9A70EF
:10A2C00009F02AC1887191E0803119F090E0803165
:10A2D00031F4E596FFADE597FF2309F494C0909320
:10A2E0002014803161F060968FAD6097873409F05B
:10A2F00013C161968FAD61978E3709F40DC1E59654
:10A30000FFADE597F13009F41BC1F23009F425C126
:10A31000BE01695B7F4F86ED93E10E94C95BC4017A
:10A320000E94B96986ED93E10E94B96980E20E94BA
:10A33000EA5BA7966CAD7DAD8EAD9FADA7974AE069
:10A340000E94FE5B51FE45C0A1962EAD3FADA19788
:10A350003093E6132093E5136F964EAD5FAD6F9784
:10A360005093E4134093E31369968EAD9FAD6997C4
:10A370002817390750F02817390799F467962EAD3A
:10A380003FAD67974217530760F49093E6138093AD
:10A39000E51367968EAD9FAD67979093E413809316
:10A3A000E3138091E6138F938091E5138F9380914F
:10A3B000E4138F938091E3138F9323EE37E63F935B
:10A3C0002F930F94307B0F900F900F900F900F9062
:10A3D0000F90112399F08091EB13882309F4BAC0F0
:10A3E0008BEE93E19F938F93EDEDF7E6FF93EF9361
:10A3F0000F94307B0F900F900F900F900E94F55CA0
:10A400000F949C2A89C02DB73EB7E7963FAF2EAF79
:10A41000E797BE01695B7F4FC5010E94C95BF401EC
:10A420008081882309F486C001900020E9F73197E4
:10A43000E819F909D5010D900020E9F7EA19FB099F
:10A44000EA0FFB1F31962DB73EB72E1B3F0B0FB601
:10A45000F8943EBF0FBE2DBFEDB7FEB731967F011A
:10A4600067EF72E08111B401C7010F94D982B50181
:10A47000C7010F94BA8267EF72E0C7010F94BA82E6
:10A480001123A9F08091EB13811157C0C5019F934F
:10A490008F93FF92EF9222EF37E63F932F930F9423
:10A4A000307B0F900F900F900F900F900F901CA289
:10A4B0001FA221E0A501B601CE0184960F9411459B
:10A4C00083E2FE01B496DE01119601900D928A9509
:10A4D000E1F710FB50F8052D20E050E040E0BE0110
:10A4E0006F5F7F4FC7010F94E950CE0101960E9424
:10A4F000E45B112321F089EE97E60F94577BCE01A0
:10A5000084960E94E45BE796EEADFFADE7970FB649
:10A51000F894FEBF0FBEEDBFF60180859185A28540
:10A52000B3858093E7139093E813A093E913B09356
:10A53000EA138CCEE1E0F0E07DCF8BEE93E1A7CF84
:10A540008091EC169091ED1601969093ED16809304
:10A55000EC16E2CF86ED93E145CFBE01695B7F4FFC
:10A5600086ED93E10E94C95BA1962EAD3FADA19708
:10A570003093E6132093E5136F964EAD5FAD6F9762
:10A580005093E4134093E31369968EAD9FAD6997A2
:10A590002817390750F02817390799F467962EAD18
:10A5A0003FAD67974217530760F49093E61380938B
:10A5B000E51367968EAD9FAD67979093E4138093F4
:10A5C000E3136114710459F166ED73E1C3010F9453
:10A5D000A782892B59F58091420E81508093420EBB
:10A5E0000FB6F8943EBE0FBE2DBECA58DF4F0FB651
:10A5F000F894DEBF0FBECDBFDF91CF911F910F91B9
:10A60000FF90EF90DF90CF90BF90AF909F908F9092
:10A610007F906F905F904F903F902F900895809122
:10A62000EC169091ED1648161906A9F2439474CFD2
:10A63000CF92DF92EF92FF920F93CF93DF93CDB73C
:10A64000DEB7A3970FB6F894DEBF0FBECDBF6C0187
:10A650008DE7E82E84E1F82E8FE794E1D7018D9302
:10A660009C931092ED161092EC160E94DF5B00E0B6
:10A670000E7F0D7FD701ED91FC9183E2DE011196F3
:10A6800001900D928A95E1F722E0A601BE016F5F6D
:10A690007F4F80EE92E00F94E950CE0101960E9428
:10A6A000E45BA3960FB6F894DEBF0FBECDBFDF917B
:10A6B000CF910F91FF90EF90DF90CF900895EF92A0
:10A6C000FF920F93CF93DF93CDB7DEB7A3970FB66B
:10A6D000F894DEBF0FBECDBF2DE7E22E24E1F22EAF
:10A6E0002FE734E1D7012D933C931092ED16109291
:10A6F000EC16B0E0A0E0AC01BD01E5E0440F551F51
:10A70000661F771FEA95D1F7C9010F948B1D00E0F2
:10A710000E7F0D7FD701ED91FC9183E2DE01119652
:10A7200001900D928A95E1F722E050E040E0BE01F1
:10A730006F5F7F4F80EE92E00F94E950CE0101965B
:10A740000E94E45BA3960FB6F894DEBF0FBECDBFA8
:10A75000DF91CF910F91FF90EF900895CF92DF920C
:10A76000EF92FF920F93CF93DF93CDB7DEB7A3970E
:10A770000FB6F894DEBF0FBECDBF8DE7C82E84E1C3
:10A78000D82E8FE794E1D6018D939C932CEEE22E88
:10A7900026E1F22EF701118210820E94DF5B00E0B9
:10A7A0000E7F0D7FD601ED91FC9183E2DE011196C3
:10A7B00001900D928A95E1F721E050E040E0BE0162
:10A7C0006F5F7F4F80EE92E00F94E950CE010196CB
:10A7D0000E94E45BF70180819181A3960FB6F89403
:10A7E000DEBF0FBECDBFDF91CF910F91FF90EF90F5
:10A7F000DF90CF900895CF93DF938FE20E94EA5BC2
:10A80000C0E0D9E080917415C81760F4CD9FC001F5
:10A8100011248C5D9B4E0E94B9698FE20E94EA5B15
:10A82000CF5FF0CF8091EB13811106C086ED93E1ED
:10A83000DF91CF910C94B9698BEE93E1F9CFCF9270
:10A84000DF92EF92FF926B017C0188EA9CE00F940B
:10A85000767CAB01BC014C0D5D1D6E1D7F1D88EA31
:10A860009CE0FF90EF90DF90CF900D94C47CCF934D
:10A87000DF93EC010F94767C6F3F2FEF7207820716
:10A88000920749F440E050E0BA01CE010F94C47C35
:10A8900060E070E0CB01DF91CF9108950F931F939B
:10A8A000CF93DF930F94374A882339F120917F1695
:10A8B00030918016E9011BEF88818B3351F5FE0141
:10A8C00061916A30E9F7EF01CF0183549E408130F6
:10A8D0009240E4F0CE01821B930B01970F94F04558
:10A8E00084E696E10F94121D882339F00F94374ABD
:10A8F00023E43EE0E9018111E2CF83E490E190930B
:10A90000801680937F16CFEFDFEF34C01150C1F572
:10A910002197CE01821B930B01960F94F045CE0137
:10A920000196C881D0E000916C1610916D162091AF
:10A930006E1630916F164091751650917616609193
:10A940007716709178160417150726073707A8F6AB
:10A950009C0123543E402115324044F084E696E1A8
:10A960000F94121D882349F283E49EE09093801691
:10A9700080937F16CE01DF91CF911F910F910895A3
:10A9800088818B3309F498CFC3CF2F923F924F9297
:10A990005F926F927F928F929F92AF92BF92CF926F
:10A9A000DF92EF92FF920F931F93CF93DF93CDB778
:10A9B000DEB7ED970FB6F894DEBF0FBECDBF109295
:10A9C0007615109275151092401610923F168091D0
:10A9D000030182FDF1C089E09FE00F946E7C382E68
:10A9E00082E0809378020F94AE536C01009709F4D3
:10A9F000E0C08536910570F032E0331641F0809169
:10AA0000340E811104C080E492E60E945DC3F4E636
:10AA1000CF2ED12CD0927615C092751567E7662E91
:10AA200065E1762EF12CE12C7FE7A72E74E1B72E9D
:10AA300088248394912C8091030182FDBDC00F94E2
:10AA40009C2AE114F10409F0D0C090E080E00F945A
:10AA500018538091E7139091E813A091E913B091F6
:10AA6000EA1355E0B695A795979587955A95D1F72E
:10AA7000F301819391933F01FFEFEF1AFF0ACE1488
:10AA8000DF04C9F621E0E216F10409F492C032E0D5
:10AA9000331609F48EC02091340E21118AC0909390
:10AAA000401680933F16EE9CC001EF9C900D900DD8
:10AAB000112462E372E6969587950E94CA5539E79C
:10AAC000A32E35E1B32E912C812CCC24C394D12C10
:10AAD000C4010E94DC548C0C9D1CF5010190F08196
:10AAE000E02DF9AFE8AFCF010F945F538091EB13E6
:10AAF00066ED73E1882311F06BEE73E1CE010196F0
:10AB00000F94D9826090E5137090E6132091E313BF
:10AB10003091E4133BAF2AAF20902014BFAAAEAA15
:10AB200086018091030182FD47C00F949C2AC801D1
:10AB300001979DAF8CAFEEA9FFA952904290FFAB59
:10AB4000EEABC2010F945F538091EB1366ED73E19E
:10AB5000882311F06BEE73E131108AC080912014CC
:10AB6000281283C08091E5139091E6136816790648
:10AB700009F06CC08091E3139091E4132AAD3BADD2
:10AB80008217930708F066C0000F111FF801E958FB
:10AB9000FA4E28AD39AD318320833FEFC31AD30A73
:10ABA00082E0A80EB11CEC14FD0409F091CF0E94C4
:10ABB000FD5481E080937802ED960FB6F894DEBFE5
:10ABC0000FBECDBFDF91CF911F910F91FF90EF90FE
:10ABD000DF90CF90BF90AF909F908F907F906F90BD
:10ABE0005F904F903F902F9008954091E7135091C0
:10ABF000E8136091E9137091EA13B0927E14A09269
:10AC00007D149092ED168092EC168FE794E10F94EC
:10AC10008B1D1E7F1D7FE0917D14F0917E1483E2D9
:10AC2000DE01119601900D928A95E1F7012F22E045
:10AC300050E040E0BE016F5F7F4F80EE92E00F94E6
:10AC4000E950CE0101960E94E45B03CF861597057B
:10AC500008F49ACFEEA9FFA9538242820CAD1DAD34
:10AC60000115110509F05DCF8FCF222099F38CCF0C
:10AC700031E03312EFCF80912014281207C0CE01AB
:10AC800001960F94A78297FDE5CF7ECF2110E2CFEA
:10AC90007BCFCF92DF92EF92FF920F931F93CF93D0
:10ACA000DF93CDB7DEB7A3970FB6F894DEBF0FBE24
:10ACB000CDBF7C01062F19821C82809182149FE7F0
:10ACC000C92E94E1D92E811104C08AE5C82E84E1F1
:10ACD000D82E21E0A701B601CE0101960F941145AF
:10ACE000182F882321F180917415853000F529E013
:10ACF000829FC0011124B7018C5D9B4E0F94D982B5
:10AD0000C7010F94FD8280917415863080F183E233
:10AD1000FE013196AFE7B4E101900D928A95E1F71B
:10AD2000002309F44CC00F94C554102F0CC08AE9BD
:10AD300098E60E94FD5C82EC93E60E94FD5CC701F0
:10AD40000E94C56910E0CE0101960E94E45B812F4C
:10AD5000A3960FB6F894DEBF0FBECDBFDF91CF91A3
:10AD60001F910F91FF90EF90DF90CF9008958F5F2C
:10AD70008093741593E28150C8F0282F30E0A90128
:10AD80004F5F5F4F949FD001959FB00D1124AE553A
:10AD9000BB4E929FF001939FF00D1124EE55FB4E98
:10ADA000292F01900D922A95E1F7E5CF83E2F60174
:10ADB000A2EAB4E101900D928A95E1F7A8CF81E073
:10ADC00080932314C0CF93E2EAE5F4E1AFE7B4E166
:10ADD00001900D929A95E1F7109274152FE734E1E6
:10ADE00030937E1420937D1481110D94C55481E01D
:10ADF0008093231408958F929F92AF92BF92CF9227
:10AE0000DF92EF92FF920F931F93CF93DF93CDB713
:10AE1000DEB72D970FB6F894DEBF0FBECDBF2AE583
:10AE200034E130937E1420937D14DC01ED91FC918C
:10AE30003097A1F481E02D960FB6F894DEBF0FBED7
:10AE4000CDBFDF91CF911F910F91FF90EF90DF90D9
:10AE5000CF90BF90AF909F908F90089520812F3218
:10AE600009F047C06C0180E00F94E356F6010081C1
:10AE700011810F5F1F4F9FE7892E94E1992ED80112
:10AE80008C918823B9F26FE270E0C8010F94C582FB
:10AE90005C01009751F10817190738F57C01E01A99
:10AEA000F10ABDE0EB16F10418F08CE0E82EF12C6D
:10AEB000A701B801CE0101960F94EE82E1E0F0E027
:10AEC000EC0FFD1FEE0DFF1D108260E0CE0101961C
:10AED0000F944956882309F4AECF90927E14809245
:10AEE0007D1485010F5F1F4FCACFF60111830083C8
:10AEF000A1CF8FE794E190937E1480937D149ACF35
:10AF0000BF92CF92DF92EF92FF920F931F93CF9356
:10AF1000DF931F921F92CDB7DEB72091D513222366
:10AF200009F4EFC07C0180916716882309F404C1FD
:10AF30006111F6C0D0908716DD2021F088EA97E6EF
:10AF40000E9452658AE998E60E94FD5C8FE897E6C8
:10AF50000E94FD5CC7010E94B96984E897E60E94DF
:10AF6000FD5C0091871625E5029F8001112404579E
:10AF7000194E8FE2F80181938F01CC24C39483E2B0
:10AF8000B82E80917415D816B0F4DB9CC001112442
:10AF9000B8018E559B4E0F94721FC8018C0101960B
:10AFA000F8012081222329F0F4E5FC1510F0C39468
:10AFB000F5CFD394E6CF27E42C1508F4AEC0B80142
:10AFC00084E696E10F94721F80918716F5E58F9FB6
:10AFD000C00111248457994E0E94B9698EE797E603
:10AFE0000E94FD5C6091E8167091E9168091EA1666
:10AFF0009091EB164AE00E94FE5B0E94F55C809106
:10B00000871624E0829FF0011124E857F94E409101
:10B01000E8165091E9166091EA167091EB1640839C
:10B020005183628373838F5F8093871684E696E1F2
:10B030000F94691F1092D413FA82E982CE0101960F
:10B040000F94FB56882309F45CC049815A816091B2
:10B050007D1470917E1421E084E696E10F941145F1
:10B06000882309F477C084E696E10F94121D8823A3
:10B0700009F470C080918516909186168D5B914F72
:10B080009093801680937F1689819A810F9418532C
:10B090008091751690917616A0917716B0917816DA
:10B0A0008093E1169093E216A093E316B093E41612
:10B0B0008EE497E60E94FD5C0F94FB5386E497E6CE
:10B0C0000E94FD5C6091E1167091E2168091E3169A
:10B0D0009091E4164AE00E94FE5B0E94F55C10929B
:10B0E000E8161092E9161092EA161092EB1688E311
:10B0F00097E60E94F25E88E397E60E944FBB1092AB
:10B10000360E0F900F90DF91CF911F910F91FF900E
:10B11000EF90DF90CF90BF900895F801108254CF48
:10B120008AE998E60E94FD5C8DE697E60E94FD5C48
:10B13000C7010E94C5697ACF109287168AE998E6FE
:10B140000E94FD5C8CE597E60E94FD5CC7010E94B1
:10B15000C56970CF8EEA93E60E94FD5C89819A8171
:10B160000E94B9698EE20E94EA5B0E94F55CC9CF39
:10B170000F94D30B84E696E10F94691F8091871694
:10B18000882369F181508093871625E5829FC0014D
:10B19000112461E08457994E0F948057E0918716EF
:10B1A00084E0E89FF0011124E857F94E6081718135
:10B1B000828193816093E8167093E9168093EA1672
:10B1C0009093EB160F94764F8091D513882371F0EE
:10B1D00081E08093D41385E08093350E089510921A
:10B1E000D41383E08093350E0C9480680895CF9239
:10B1F000DF92EF92FF920F931F93CF93DF93082F6D
:10B200001092D51380915D14882321F08AE594E192
:10B210000F94691F10924416109241160E9420FF4D
:10B22000EB010F94494D209A2398229A219A209A53
:10B23000289A85E08093421682E58CBD1DBC1AE0F9
:10B240008FEF0F9445191150D9F72B9A20E030E079
:10B25000A90160E081E496E10F94511980934316AF
:10B26000813061F00E9420FF6C1B7D0B613D7740B7
:10B2700068F32B9881E08093411622C02B980E949E
:10B2800020FFEB018BE297E60E94F25E8FEF0F94B6
:10B2900045190F944A19809343168F3F59F18FEF48
:10B2A0000F9445190E9420FF6C1B7D0B62327105C3
:10B2B00080F382E0809341168AE197E60E94F25E75
:10B2C0000F94494D8AE998E60E94FD5C81EA93E675
:10B2D0000E94F25E8091D513882309F49AC0802FD2
:10B2E000DF91CF911F910F91FF90EF90DF90CF9062
:10B2F0000D94E3562AEA31E040E050E068E081E452
:10B3000096E10F94511982FF2BC081E0809344167F
:10B3100080914416C12CD12C7601823029F4C12CA5
:10B32000D12CE12C80E4F82E20E030E0A90167E385
:10B3300081E496E10F945119A701960169E281E435
:10B3400096E10F945119809343168823B1F00E941F
:10B3500020FF6C1B7D0B613D774030F38AE08BCF83
:10B3600014E00F944A19809343161150D1F78A3A8A
:10B3700011F082E080CF82E0C9CF80914416823004
:10B38000D1F420E030E0A9016AE381E496E10F9472
:10B390005119882311F088E06ECF0F944A19807CF0
:10B3A000803C19F483E0809344160F944A190F945B
:10B3B0004A190F944A190F94494D1092421681E090
:10B3C0000F94E64881110CC080E00F94E64881118B
:10B3D00007C08DE798E60E94FD5C8EE893E678CF83
:10B3E00066E476E18AE594E10F94C21C811107C0FE
:10B3F0008DE798E60E94FD5C8EE793E669CF81E0D9
:10B400008093D5138AE998E60E94FD5C83E793E672
:10B410005FCFDF91CF911F910F91FF90EF90DF9061
:10B42000CF9008954F925F926F927F928F929F92EA
:10B43000AF92BF92CF92DF92EF92FF924B015C01ED
:10B4400060915B1270915C12072E000C880B990BB7
:10B450000F94FC7620E030E0A9010F948B7E8823C6
:10B46000D1F01092330ECC24CA94DC2C760198EEE5
:10B47000492E93E0592E612C712C8091330E81114D
:10B480000AC02FEFC216D206E206F20689F48091B6
:10B49000320E8230B9F4FF90EF90DF90CF90BF90E2
:10B4A000AF909F908F907F906F905F904F90089596
:10B4B000F7FCF1CF0E9420FF6C197D09683B7B40AF
:10B4C00030F3E9CF0E9420FF681979098A099B09A6
:10B4D000693E73408105910508F442C08091340EA5
:10B4E00081113AC087E197E60E94FD5C60912E0EC3
:10B4F00070912F0E8091300E9091310E41E00E949C
:10B500007F5C83E197E60E94FD5C60E070E0CB0128
:10B510000E94635C8FE097E60E94FD5CF7FC52C0DE
:10B520000E9420FF4601570158EB850E5BE0951EF7
:10B53000A11CB11CA5019401261B370B480B590B0C
:10B54000CA01B901A30192010F94E17CCA01B901BA
:10B550000E94635C0E94F55C0E9420FF4B015C012D
:10B5600090E080E00E949D703FEFC316D306E30693
:10B57000F30609F046C080912D0E60915B12709128
:10B580005C12882319F1072E000C880B990B0F947D
:10B59000FC7620E030E040E85FE30F94957D9B016E
:10B5A000AC0160912E0E70912F0E8091300E909113
:10B5B000310E0F941F8087FD60CF0E9420FF6B012A
:10B5C0007C015BCF8FE30E94EA5BC4CF072E000CA7
:10B5D000880B990B0F94FC7620E030E040E85FE3A5
:10B5E0000F94967D9B01AC0160912E0E70912F0EF1
:10B5F0008091300E9091310E0F948B7E1816ECF6E0
:10B600003CCFF7FC3ACF60915B1270915C12072E31
:10B61000000C880B990B0F94FC769B01AC01609198
:10B620002E0E70912F0E8091300E9091310E0F944E
:10B63000957D9F7720E030E040EA50E40F941F8032
:10B6400018160CF01ACFB9CF1F93CF93DF93EC01EC
:10B65000162F8091D112833009F44DC08C3109F43A
:10B6600051C08091F6129091F7128C179D0771F1DD
:10B67000D093F712C093F6121093F812CE010F94E4
:10B680007341E82FF0E0EE0FFF1FE05DF94985916F
:10B6900094910F946141C130D105C1F0CC3080E864
:10B6A000D807A1F0C93280E8D80781F00F94924002
:10B6B000CE0188279E77892B49F0809104139091C1
:10B6C0000513019690930513809304138091E31260
:10B6D0008823D9F011E01093180ECE010F94E8439F
:10B6E0008F3F99F01093E4128DE196E6DF91CF91B0
:10B6F0001F910C94F25E109201130F94254010924A
:10B70000160EAFCF10920013F8CF1092E412809172
:10B71000170E811106C0CE01DF91CF911F910D94BC
:10B72000C442DF91CF911F9108952F923F924F9283
:10B730005F926F927F928F929F92AF92BF92CF92C1
:10B74000DF92EF92FF920F931F93CF93DF9300D07E
:10B750001F92CDB7DEB75C014B0180916716813037
:10B7600009F0DEC08091651681FFDAC082FDBCC0A1
:10B770007401212C32E0332E00916C1610916D165D
:10B7800020916E1630916F16E114F10409F430C166
:10B7900080917D1690917E16DC0114967C907A94AF
:10B7A000B901A80129E076956795579547952A959F
:10B7B000D1F774221170711025C00115110511F512
:10B7C000409168165091691660916A1670916B16D7
:10B7D000411551056105710509F0A8C080917916E0
:10B7E00090917A16A0917B16B0917C160097A105D6
:10B7F000B10509F0B4C084E696E10F941F1E8823BA
:10B8000009F48EC0C101801B910B67018E159F0545
:10B8100008F46C01E0917D16F0917E168091681617
:10B8200090916916A0916A16B0916B160297A109C2
:10B83000B109258504C0880F991FAA1FBB1F2A952F
:10B84000D2F74685578560897189840F951FA61F99
:10B85000B71F9C01AD01270D311D411D511D29014F
:10B860003A01C11432E0D30609F08AC08091370E44
:10B870009091380EA091390EB0913A0E48165906A3
:10B880006A067B0669F410923F0E8FEF9FEFDC0192
:10B890008093370E9093380EA093390EB0933A0EE2
:10B8A0009501B301A2018091400E9091410E0F9439
:10B8B000AA198823A9F180916C1690916D16A09118
:10B8C0006E16B0916F168C0D9D1DA11DB11D80933C
:10B8D0006C1690936D16A0936E16B0936F16AC0C09
:10B8E000BD1CEC18FD0848CF409175165091761696
:10B8F000609177167091781680916C1690916D1604
:10B90000A0916E16B0916F16481759076A077B070A
:10B9100009F42ECF84E696E10F948B1D811128CF78
:10B9200081E0809364168FEF9FEF81C09E012F5FAF
:10B930003F4F0F94D51B882399F389819A81AB815E
:10B94000BC81E0917D16F0917E162789203181F42B
:10B95000883FEFEF9E07A105B10508F04CCF80931B
:10B96000681690936916A0936A16B0936B164ACF27
:10B97000883FFFEF9F07AF07FFE0BF0780F33BCF94
:10B980000115110569F540916C1650916D16609185
:10B990006E1670916F168091751690917616A09123
:10B9A0007716B0917816481759076A077B07C0F0D9
:10B9B0000F940E1A882309F4B3CF81E080933F0ED1
:10B9C0004092370E5092380E6092390E70923A0EB5
:10B9D000A601B501C8018D5B914F0F9497826BCF83
:10B9E00041E0C301B2010F94061B8111F1CF98CF42
:10B9F0008091751690917616A0917716B091781671
:10BA000080179107A207B30768F480916516009329
:10BA100075161093761620937716309378168068F3
:10BA2000809365168091651683FD18C0C4010F9040
:10BA30000F900F900F90DF91CF911F910F91FF907A
:10BA4000EF90DF90CF90BF90AF909F908F907F90BE
:10BA50006F905F904F903F902F90089584E696E10D
:10BA60000F94341F8111E2CF5BCF0F93CF93DF93FD
:10BA7000CDB7DEB7A3970FB6F894DEBF0FBECDBF2C
:10BA8000209175153091761582179307D8F461309F
:10BA900031F421503109A901481B590BCA01880F03
:10BAA000991FFC01E958FA4E808191810F945F53F0
:10BAB000A3960FB6F894DEBF0FBECDBFDF91CF9136
:10BAC0000F9108954FE754E150937E1440937D14F5
:10BAD000821B930B01969093ED168093EC16409188
:10BAE0003F165091401685E0440F551F8A95E1F7A7
:10BAF00070E060E08FE794E10F948B1D00E00E7F13
:10BB00000D7FE0917D14F0917E1483E2DE011196A9
:10BB100001900D928A95E1F722E050E040E0BE01ED
:10BB20006F5F7F4F80EE92E00F94E950CE01019657
:10BB30000E94E45BBDCF0F931F93CF93DF931F92BF
:10BB40001F92CDB7DEB72091D513222369F18C0166
:10BB500080916716882379F184E495E60E94F25E6D
:10BB60001092D4131A830983CE0101960F94FB56C9
:10BB70008823D1F049815A8160917D1470917E149F
:10BB800026E584E696E10F941145811122C08EEAE4
:10BB900093E60E94FD5C89819A810E94B9698EE2D8
:10BBA0000E94EA5B0E94F55C0F900F90DF91CF91AD
:10BBB0001F910F910895109287168AE998E60E94C6
:10BBC000FD5C8CE597E60E94FD5CC8010E94C5699A
:10BBD000C7CF81E08093D21389819A810F94185343
:10BBE00082E395E60E94FD5C0F94FB530E94F55C96
:10BBF00088E397E60E94F25E88E397E60E944FBBD7
:10BC00001092360ED1CF0F931F93CF93DF93EC0199
:10BC100084E0FE0111928A95E9F723E030EA4AE0D8
:10BC200050E960E381E496E10F945119882391F083
:10BC300023E030EA4AE050E961E181E496E10F94C3
:10BC40005119882339F080E8809341160F94494DAB
:10BC500080E02FC00E9420FF8B010F944A1980932F
:10BC600043168F3F69F40E9420FF601B710B6D32F9
:10BC7000714098F381E1809341160F94494DE6CFCE
:10BC80008E3F11F08FE0F7CF8E010C5F1F4F0F94A6
:10BC90004A198993C017D107D1F7CEEFD1E00F949D
:10BCA0004A192197E1F70F94494D8FEF0F944519E9
:10BCB00081E0DF91CF911F910F910895CF92DF9294
:10BCC000EF92FF920F931F93CF93DF93EC018B01C1
:10BCD000E42E0115110509F441C08D2F0E94315B3E
:10BCE0008C2F0E94315B609103177091041780E2E2
:10BCF00090E00F94D67A6E0180E1C80ED11C81E0ED
:10BD0000E81639F1F88021966091031770910417B5
:10BD100080E290E00F94D67A8F2D0E94315B015023
:10BD200011090FB607FE06C0C8019F71892B29F4BF
:10BD30000F949C2A0115110519F0CC15DD05F9F6B3
:10BD400060910317709104178AE090E00F94D67AFF
:10BD5000C0CFCE010F946E7CF82ED5CFDF91CF915E
:10BD60001F910F91FF90EF90DF90CF9008958091F9
:10BD7000EE16833021F4519859981092EE1651988E
:10BD8000599A8EEE96E10C949959CF92DF92EF92E8
:10BD9000FF9269017A012DEC3CEC4CE45EE30F94D8
:10BDA000957D2DEC3CEC4CE45EE30F943B772DEF5E
:10BDB0003DEA40E05DE30F94967DA70196010F9464
:10BDC0003B7724E230EF49E150E40F94957EFF90F9
:10BDD000EF90DF90CF9008959FB7F89480E1E0E175
:10BDE000F7E0A0E2B7E001900D928A95E1F79FBFDE
:10BDF000089589E080933107EAE5F5E6859194910D
:10BE00000C944FBB1F93CF93DF93EC01162F0F942D
:10BE1000D30BFE0134962591359145915491FE0145
:10BE200065917591859194910F943D41289611509B
:10BE300081F70F94D30BDF91CF911F910D943B416C
:10BE40000E94D649811104C08AE593E60E944FBB47
:10BE50001092310708958091FE12882311F081E03D
:10BE6000089580E008952F923F924F925F926F92D3
:10BE70007F928F929F92AF92BF92CF92DF92EF927A
:10BE8000FF920F931F93CF93DF9300D000D000D089
:10BE90001F921F92CDB7DEB78B83209177022D833F
:10BEA00081E0809377029B81923009F45BC1A92FD6
:10BEB000B0E0BA83A983FD01E95AFC4924912C839F
:10BEC0008D01000F111F000F111FF801E750FD4FEA
:10BED000408051806280738040927A0250927B024F
:10BEE00060927C0270927D02C301B2010E94DB4825
:10BEF0004B015C01C801815A9D4E1C01DC011D9261
:10BF00001D921D921C9213970F94C13B0E94444AAC
:10BF1000BC816B2FBB0F770B880B990B0F94FC76B2
:10BF20006B017C01F801E350F94FFB87EA8720E0C1
:10BF300030E040E450EC0F943B77AA85BB856D93CD
:10BF40007D938D939C931397C501B4010F94CE3CC0
:10BF50000F94D30B0F94551610927702F1011082B3
:10BF60001182128213820F94C13BAA85BB85CD92A8
:10BF7000DD92ED92FC921397C501B4010F94CE3C73
:10BF80000F94D30BB1E0B0937702F801E55BFC4965
:10BF900085919591A591B4918E839F83A887B98748
:10BFA0002DEC3CEC4CE85FE3C701B6010F943B7706
:10BFB0002E813F81488559850F943B77AA85BB85A3
:10BFC0006D937D938D939C931397C501B4010F944A
:10BFD000CE3C0F94D30B0F94551610927702F101BB
:10BFE00010821182128213820F94C13B20E030E054
:10BFF00040E251ECC701B6010F943B77AA85BB859F
:10C000006D937D938D939C931397C501B4010F9409
:10C01000CE3C0F94D30B0F945516B1E0B09377023A
:10C0200020E030E040E351E4C701B6010F943B77D4
:10C03000EA85FB85608371838283938320E030E00F
:10C0400040E05FE3C301B2010F943B7760937A0253
:10C0500070937B0280937C0290937D020E94DB4868
:10C060006B017C010F94CE3C0F94D30B0F945516AB
:10C07000109277028B810E942549E981FA81E35F62
:10C08000F84F21E020838C81992781950CF49095BD
:10C09000BC01072E000C880B990B0F94FC762AE04C
:10C0A00037ED43E25CE30F943B7720E030E040E87B
:10C0B00052E40F943B774B015C01AC019B01D10131
:10C0C0006D917D918D919C910F94957DF10160838F
:10C0D0007183828393830F94C13BD1012D913D9154
:10C0E0004D915C91C501B4010F94967DF10160837F
:10C0F000718382839383AA85BB856D937D938D9392
:10C100009C93139720E030E040E05FE3C701B60165
:10C110000F943B770F94CE3C0F94D30B10927A027E
:10C1200010927B0210927C0210927D022D8120934E
:10C1300077022B960FB6F894DEBF0FBECDBFDF910E
:10C14000CF911F910F91FF90EF90DF90CF90BF9014
:10C15000AF909F908F907F906F905F904F903F90A7
:10C160002F900895E9E5F3E6B491B9831092671230
:10C17000109268121092691210926A120F94C13BC9
:10C18000E3E5F3E685909590A590B490E9816E2F54
:10C19000EE0F770B880B990B0F94FC766B017C01EB
:10C1A00020E030E040EC5FE3C501B4010F943B7741
:10C1B000A70196010F943B776093050770930607DC
:10C1C000809307079093080780E090E0A8E4B4E428
:10C1D00080937A0290937B02A0937C02B0937D02BD
:10C1E000BC01CD010E94DB484B015C010F94CE3CA9
:10C1F0000F94D30B1092671210926812109269126A
:10C2000010926A120F94C13B07E413E6F80165919E
:10C210007591859194919058A70196010F943B7761
:10C2200060930507709306078093070790930807AC
:10C23000C501B4010F94CE3C0F94D30BF801659166
:10C240007591859194919B01AC010F94967DA70106
:10C2500096010F943B7760930507709306078093D0
:10C2600007079093080780E090E0A8ECB3E4809380
:10C270007A0290937B02A0937C02B0937D02BC0172
:10C28000CD010E94DB480F94CE3C0F94D30B82E08B
:10C290000E9425498091671290916812A0916912BD
:10C2A000B0916A128093050790930607A093070741
:10C2B000B093080710927A0210927B0210927C02CF
:10C2C00010927D020F945516F1E0F0930F072ECFD8
:10C2D00010920613E7E0F3E184ECDF011D928A95EA
:10C2E000E9F708952F923F924F925F926F927F925B
:10C2F0008F929F92AF92BF92CF92DF92EF92FF9276
:10C300000F931F93CF93DF9300D0CDB7DEB74B01D0
:10C310005C01042F81E08093FC0620917702298341
:10C320008093770280E00F943916182F0F944716E8
:10C330008092671290926812A0926912B0926A126B
:10C3400065E575E585E591E40F945D410E946342E2
:10C350000F9447168B83882309F4EBC01A82C12CF3
:10C36000D12C7601312C8A81801708F0A4C060910D
:10C370006712709168128091691290916A1220E0A0
:10C3800030E040E05FE3311004C02DEC3CEC4CE4C5
:10C390005EE30F94967D2B013C0140926712509210
:10C3A00068126092691270926A1265E575E585E51A
:10C3B00091E40F945D418092671290926812A0926E
:10C3C0006912B0926A1265E575E585E590E40F940F
:10C3D0005D410E946342A3019201609167127091D6
:10C3E00068128091691290916A120F94957D9F77DF
:10C3F0002DEC3CEC4CEC5CE30F948B7E87FF16C07D
:10C4000060E070E080E09FE30E942A508092671213
:10C4100090926812A0926912B0926A1265E575E571
:10C4200085E590E40F945D410E9463420F944716A6
:10C43000282E882309F47DC040906712509068121E
:10C440006090691270906A129A819923D9F0692FCD
:10C4500070E090E080E00F94FC769B01AC01C70196
:10C46000B6010F94957E9B01AC01C301B2010F94FC
:10C47000957D9F772DEC3CEC4CE45DE30F941F80A1
:10C48000181664F0A3019201C701B6010F94967DBE
:10C490006B017C018A818F5F8A8365CF311049C02F
:10C4A00084EF91E00E949D70322C2FEF2A83C12CE3
:10C4B000D12C7601EFCF023038F5C0926712D092BE
:10C4C0006812E0926912F0926A1299819093770251
:10C4D000812F0F9439161092FC068B810F900F90CC
:10C4E0000F90DF91CF911F910F91FF90EF90DF9010
:10C4F000CF90BF90AF909F908F907F906F905F9004
:10C500004F903F902F900895602F70E090E080E072
:10C510000F94FA769B01AC01C701B6010F94957E8A
:10C5200060936712709368128093691290936A12F5
:10C53000CCCF298120937702812F0F943916109246
:10C54000FC061B82CACF2F923F924F925F926F924E
:10C550007F928F929F92AF92BF92CF92DF92EF9293
:10C56000FF920F931F93CF93DF93CDB7DEB7CD5BD1
:10C57000D1400FB6F894DEBF0FBECDBFC357DE4F1C
:10C5800099838883CD58D140C157DE4F7983688322
:10C59000CF58D140CE56DE4F59834883C259D1403F
:10C5A00084E1CF56DE4F8883C159D140CE56DE4F4D
:10C5B000A881B981C259D1408D919D910D90BC91B6
:10C5C000A02DC656DE4F88839983AA83BB83CA59A0
:10C5D000D140C157DE4FA881B981CF58D1408D914C
:10C5E0009D910D90BC91A02DCA54DE4F88839983F4
:10C5F000AA83BB83C65BD140C357DE4FA881B981F4
:10C60000CD58D1408D919D910D90BC91A02DC654D7
:10C61000DE4F88839983AA83BB83CA5BD140FE0126
:10C62000E75FFE4FC855DE4FF983E883C85AD14013
:10C63000CE018B579F4FCA55DE4F99838883C65AC8
:10C64000D140DE011196C856DE4FB983A883C85980
:10C65000D140312C212CB101032C000C880B990BFB
:10C660000F94FC762AE138EF42E45EE30F943B77C7
:10C670006B017C010F945681C256DE4F688379832B
:10C680008A839B83CE59D140C701B6010F94907E17
:10C69000CE55DE4F688379838A839B83C25AD1400B
:10C6A0009B01AC01C656DE4F688179818A819B81EE
:10C6B000CA59D1400F943B77C654DE4F2881398147
:10C6C0004A815B81CA5BD1400F94967D6B017C01EE
:10C6D00020E030E0A9010F948B7E18160CF07AC28E
:10C6E000C256DE4F288139814A815B81CE59D140C3
:10C6F000C656DE4F688179818A819B81CA59D140B3
:10C700000F943B77CA54DE4F288139814A815B817F
:10C71000C65BD1400F94967D4B015C0120E030E078
:10C72000A9010F948B7E18160CF054C220E030E063
:10C7300048EF51E4C701B6010F941F8087FF4AC23A
:10C7400020E030E048EF51E4C501B4010F941F80B0
:10C7500087FF40C2C701B6010F943D7F9B01AC012A
:10C76000C701B6010F94957D2B013C01C501B401B1
:10C770000F943D7F9B01AC01C501B4010F94957DE1
:10C78000CC56DE4F688379838A839B83C459D1401A
:10C79000A301920160E070E080E89FE30F94957D33
:10C7A000C255DE4F688379838A839B83CE5AD140FA
:10C7B000CC56DE4F288139814A815B81C459D140F2
:10C7C00060E070E080E89FE30F94957DCE54DE4FEB
:10C7D000688379838A839B83C25BD140C701B6019A
:10C7E0000F940E7F6B01FB013196C655DE4FF98326
:10C7F000E883CA5AD140C501B4010F940E7F8B0162
:10C8000095E0000F111F9A95E1F7C8018096C45575
:10C81000DE4F99838883CC5AD140F801EC0DFD1D81
:10C82000EE5CF84F608170E090E080E00F94FC7661
:10C830004B015C01CE54DE4F288139814A815B81F6
:10C84000C25BD140C255DE4F688179818A819B816C
:10C85000CE5AD1400F943B779B01AC01C501B40186
:10C860000F943B774B015C01C455DE4FE881F981A1
:10C87000CC5AD140EC0DFD1DEE5CF84F608170E0AC
:10C8800090E080E00F94FC766B017C01C255DE4F96
:10C89000288139814A815B81CE5AD140CC56DE4F06
:10C8A000688179818A819B81C459D1400F943B77FB
:10C8B0009B01AC01C701B6010F943B779B01AC0112
:10C8C000C501B4010F94967D6B017C01C655DE4F06
:10C8D000A881B981CA5AD1400A0F1B1FF801EE5C2A
:10C8E000F84F608170E090E080E00F94FC764B019F
:10C8F0005C01CE54DE4F288139814A815B81C25B65
:10C90000D140C301B2010F943B779B01AC01C5013B
:10C91000B4010F943B779B01AC01C701B6010F94A2
:10C92000967D6B017C01C655DE4FE881F981CA5ABC
:10C93000D140C455DE4F88819981CC5AD140E80F4F
:10C94000F91FEE5CF84F608170E090E080E00F949A
:10C95000FC764B015C01CC56DE4F288139814A813F
:10C960005B81C459D140C301B2010F943B779B0155
:10C97000AC01C501B4010F943B779B01AC01C70129
:10C98000B6010F94967D20E030E040E052E40F9431
:10C99000957D6B017C01AC019B01CE55DE4F68811A
:10C9A00079818A819B81C25AD1400F943B77C855C7
:10C9B000DE4FA881B981C85AD1406D937D938D9384
:10C9C0009D93C855DE4FB983A883C85AD140A701AB
:10C9D0009601C256DE4F688179818A819B81CE594A
:10C9E000D1400F943B77CA55DE4FE881F981C65A92
:10C9F000D1406193719381939193CA55DE4FF9832E
:10CA0000E883C65AD140C856DE4FA881B981C859BB
:10CA1000D140CD92DD92ED92FD92C856DE4FB983A2
:10CA2000A883C859D140BFEF2B1A3B0AE1E22E166A
:10CA3000310409F010CE40E050E060E07DE3CE012B
:10CA4000875F9E4F0F94FF459B01AC01C357DE4F9C
:10CA5000A881B981CD58D1406D917D918D919C91E6
:10CA60000F94967DC357DE4FE881F981CD58D140B0
:10CA7000608371838283938340E050E060E07DE3D4
:10CA8000CE018B579F4F0F94FF459B01AC01C157BF
:10CA9000DE4FA881B981CF58D1406D917D918D91A4
:10CAA0009C910F94967DC157DE4FE881F981CF5854
:10CAB000D140608371838283938340E050E060E8DB
:10CAC0007CE3CE0101960F94FF45CE56DE4FA88140
:10CAD000B981C259D1402D913D914D915C910F94F6
:10CAE000967D162F072FF82EE92E20E030E040E04B
:10CAF00050E40F948B7E18162CF010E000E0F12C1F
:10CB000080E4E82EA8019701852F902FA32FBE2D3A
:10CB1000CE56DE4FE881F981C259D140808391839E
:10CB2000A283B383CF56DE4FF881C159D140F15073
:10CB3000CF56DE4FF883C159D140F11137CDEF9276
:10CB4000FF920F931F93C157DE4FA881B981CF5831
:10CB5000D14013968C9113978F9312968C911297C4
:10CB60008F9311968C9111978F938C918F93C357BC
:10CB7000DE4FE881F981CD58D14083818F93828146
:10CB80008F9381818F9380818F9383E293E69F932C
:10CB90008F930F94307B0FB6F894DEBF0FBECDBFDE
:10CBA000C354DE4F0FB6F894DEBF0FBECDBFDF918A
:10CBB000CF911F910F91FF90EF90DF90CF90BF909A
:10CBC000AF909F908F907F906F905F904F903F902D
:10CBD0002F90089560E070E0CB01D5CE2F923F9268
:10CBE0004F925F926F927F928F929F92AF92BF927D
:10CBF000CF92DF92EF92FF920F931F93CF93DF9329
:10CC000000D01F921F92CDB7DEB72B011A01F12C75
:10CC1000E12C1C821D8210E050E066246394712C8C
:10CC200070E060E097012E5C384F3A832983862EAE
:10CC3000C980DA80C60ED71EFC0100E040E030E07B
:10CC400020E0AEEFA40FAB83442319F04B3009F082
:10CC50007DC0AEEFA20FA83008F47AC02F5F3F4F1F
:10CC60002C30310589F74F5F20E2C20ED11C32967D
:10CC70004C3029F73C81301718F40C835D83182D54
:10CC80006F5F7F4F6431710591F65F5FA0E2EA0E3E
:10CC9000F11C543129F6EC816E2F70E090E080E0B9
:10CCA0000F94FC7623EC35EF48EA5FE30F94957E12
:10CCB0009F938F937F936F93FD816F2F70E090E030
:10CCC00080E00F94FC7620E030E040EB50E40F94DD
:10CCD000967D9F938F937F936F93612F70E090E089
:10CCE00080E00F94FC7620E030E040EB50E40F94BD
:10CCF000967D9F938F937F936F938FEF92E69F9391
:10CD00008F930F94307BF20110832D81F1012083EA
:10CD10000FB6F894DEBF0FBECDBF8C810F900F9081
:10CD20000F900F900F90DF91CF911F910F91FF9077
:10CD3000EF90DF90CF90BF90AF909F908F907F90BB
:10CD40006F905F904F903F902F900895222311F0A5
:10CD50002B3021F4AB81A83008F080CF9924939434
:10CD6000D601A20FB31FAC91A13108F4912CA08081
:10CD7000B180D301022E02C0AA0FBB1F0A94E2F7B2
:10CD8000AA21BB21BB24B394AB2B09F4B12C9B107B
:10CD900065CF0F5F63CF2F923F924F925F926F925A
:10CDA0007F928F929F92AF92BF92CF92DF92EF923B
:10CDB000FF920F931F93CF93DF93CDB7DEB7CA5582
:10CDC000D1090FB6F894DEBF0FBECDBF63969FAFFB
:10CDD0008EAF63978B016A017E0125E4E20EF11CA0
:10CDE00080E197E2F701918380838EEE92E69F9334
:10CDF0008F930F94307B22E337E061963FAF2EAFE5
:10CE00006197C801805E93402B969FAF8EAF2B97A2
:10CE10000F900F90E0E4F0E02996FFAFEEAF299776
:10CE200063962EAD3FAD6397205E334069963FAF6A
:10CE30002EAF699729964EAC5FAC2997312C63963B
:10CE40008EAD9FAD639780529C4F6B969FAF8EAF18
:10CE50006B97609028077090290780902A07909020
:10CE60002B076B96AEACBFAC6B97311004C06996C4
:10CE7000AEACBFAC69978091200790912107A0913B
:10CE80002207B0912307F501E81BF90BCF0171F0E0
:10CE9000AF01F7FF04C0442755274E1B5F0B692FD6
:10CEA000661F6627661F81E00F94644B80912407FC
:10CEB00090912507A0912607B09127072B964EAD9C
:10CEC0005FAD2B97481B590B57FDB2C060E0411571
:10CED000510509F0AEC08091280790912907A091D3
:10CEE0002A07B0912B07681A790A77FCABC060E07B
:10CEF0006114710409F0A7C04091280750912907D7
:10CF000060912A0770912B0700E028EC30E02B9607
:10CF10006EAD7FAD2B97C5010E94DEB1632D80E021
:10CF20000F941C195F924F928AEE92E69F938F9313
:10CF30000F94307B63E084E00E94EF525F924F9247
:10CF40008BED92E69F938F930E94A0520FB6F894B8
:10CF5000DEBF0FBECDBF21E030E0311002C02FEFA9
:10CF60003FEF40EC4203C001439F900D11246796B0
:10CF70009FAF8EAF679740EE53E0249F4001259FFF
:10CF8000900C349F900C11246396EEADFFAD639727
:10CF90008E0E9F1E9E012F5F3F4F2D963FAF2EAFEF
:10CFA0002D9761968EAD9FAD61972F969FAF8EAFF7
:10CFB0002F97712C612CE0E1F7E22796FFAFEEAFDF
:10CFC00027978091200790912107A0912207B09187
:10CFD00023078401081B190B17FF03C01195019546
:10CFE000110998013595279565963FAF2EAF659746
:10CFF0001C9B33C045E0242E6596AEACBFAC659754
:10D00000632D822D0E9485B131E0A31AB10840F151
:10D0100028EC30E0A70168EE73E0822D0E9454B046
:10D02000632D822D0E949EB1EFCF3324339411CF14
:10D0300062E057FF03C051954195510982E00F947A
:10D04000644B49CF64E0A30177FE03C0519541953D
:10D05000510984E00F94644B4FCF22242394CCCF0A
:10D060006596EEADFFAD65970E1B1F0B23961FAFA8
:10D070000EAF2397632D822D0E9485B19E012F5BF9
:10D080003F4FA70168EE73E0822D0E94FBB088231A
:10D0900029F0632D822D0E949EB1F0CF60E082E0E6
:10D0A0000F941C1920E137E227963FAF2EAF279748
:10D0B000009128071091290720912A0730912B070A
:10D0C000005A164F17FF02C00F5F1F4F15950795A7
:10D0D0008091280790912907A0912A07B0912B07EA
:10D0E00080179107F4F41C9B1CC028EC30E0A701CA
:10D0F00068EE73E084E00E9454B08091280790911C
:10D100002907A0912A07B0912B070196A11DB11DF7
:10D110008093280790932907A0932A07B0932B07A1
:10D12000D7CF1C9B3FC08091280790912907A091E1
:10D130002A07B0912B07E0E6F9E0E81BF90BCF01D5
:10D14000F7FF02C090E080E025969FAF8EAF259755
:10D150001C9B28C08091280790912907A0912A073D
:10D16000B0912B0780369940ECF49E012D5B3F4F28
:10D17000A70168EE73E084E00E94FBB0809128076D
:10D1800090912907A0912A07B0912B070196A11D24
:10D19000B11D8093280790932907A0932A07B09385
:10D1A0002B07D6CF60E084E00E9485B1F701208193
:10D1B00031812031F7E23F0758F4A70168E17CEFA5
:10D1C00084E00E9454B060E084E00E949EB1EECF03
:10D1D00061E082E00F941C1920E137E2F70131830E
:10D1E0002083009128071091290720912A07309168
:10D1F0002B070C0D1D1D17FF02C00F5F1F4F15954C
:10D2000007958091280790912907A0912A07B0914E
:10D210002B07081719070CF0D9C01C9BBBC0009145
:10D2200028071091290720912A0730912B071C9974
:10D2300028C08091280790912907A0912A07B091D2
:10D240002B078C199D0997FF02C090E080E025967E
:10D250009FAF8EAF25971C990CC0809128079091A5
:10D260002907A0912A07B0912B07C816D9060CF4FC
:10D27000AFC0009128071091290720912A0730910B
:10D280002B078091280790912907A0912A07B09138
:10D290002B07C816D9063CF4F701808191818031B3
:10D2A000974208F4B2C00C191D093110CAC0F3012D
:10D2B000EE0FFF1F21E030E02C0F3D1FE20FF31FA8
:10D2C00011830083FFEF6F1A7F0A67962EAD3FAD83
:10D2D0006797820E931E2D968EAD9FAD2D97029768
:10D2E0002D969FAF8EAF2D972F96EEADFFAD2F975A
:10D2F00031972F96FFAFEEAF2F97F0E26F167104C4
:10D3000009F059CE21E0421A510831E033128DCE96
:10D3100061968EAD9FAD6197809661969FAF8EAFFF
:10D3200061972B96EEADFFAD2B97E05CFF4F2B96F0
:10D33000FFAFEEAF2B9729962EAD3FAD2997225028
:10D34000310929963FAF2EAF2997232B09F072CDD3
:10D3500089ED92E69F938F930F94307B0F900F90FF
:10D36000C65ADF4F0FB6F894DEBF0FBECDBFDF91B8
:10D37000CF911F910F91FF90EF90DF90CF90BF90D2
:10D38000AF909F908F907F906F905F904F903F9065
:10D390002F90089528EC30E0A70168EE73E084E058
:10D3A0000E9454B08091280790912907A0912A07E4
:10D3B000B0912B070197A109B10980932807909399
:10D3C0002907A0932A07B0932B071BCF86012FCFE5
:10D3D0009E012D5B3F4FA70168EE73E084E00E9441
:10D3E000FBB08091280790912907A0912A07B0915E
:10D3F0002B070197A109B10980932807909329076A
:10D40000A0932A07B0932B0726CF28EC30E0A70182
:10D4100068E17CEF84E00E9454B0809128079091ED
:10D420002907A0912A07B0912B070197A109B109FB
:10D430008093280790932907A0932A07B0932B077E
:10D4400020CF2D96EEADFFAD2D9786AD97AD012E79
:10D45000000C220B330B080F191F211D311D3695AF
:10D460002795179507950F3F11052105310529F0DF
:10D4700020F00FEF10E020E030E02F96EEADFFAD92
:10D480002F97078F1FCF2F923F924F925F926F92ED
:10D490007F928F929F92AF92BF92CF92DF92EF9244
:10D4A000FF920F931F93CF93DF93CDB7DEB76C97A7
:10D4B0000FB6F894DEBF0FBECDBF6C015B014A0111
:10D4C000190118870F83FA82E982D7018D919C9107
:10D4D00060ED72E00F94377D9C8F8B8F9F938F93BD
:10D4E0003F922F931F9284E68F939F928F92BF92C9
:10D4F000AF92DF92CF9281EA92E69F938F930F943F
:10D50000307B0FB6F894DEBF0FBECDBF2227332786
:10D51000221933093A8F298FC401990CAA0BBB0B2E
:10D5200089879A87AB87BC879501BB0C440B550B49
:10D53000298B3A8B4B8B5C8BC601DD0CAA0BBB0B8A
:10D540008D8B9E8BAF8BB88F121413040CF0BAC066
:10D550008B8D9C8D6CE370E00F94377D10E1161B72
:10D560002B8D3C8DD1010F948E7D0F94FA7620E0A7
:10D5700030E044E354E40F94957E6B017C016F81AD
:10D580007885EB8DFC8D6E0F7F1F90E080E00F940F
:10D59000FA7625E33AEF4EE85CE30F943B774B01D4
:10D5A0005C010F94907E6B837C838D839E83C50189
:10D5B000B4010F9456812B013C0169857A858B85D6
:10D5C0009C850F94FC764B015C012B8D3C8DA4E671
:10D5D000B0E00F940E7D0F94FC7620E030E044E341
:10D5E00054E40F94957E9B01AC01C501B4010F94E6
:10D5F000957D0F94077F6D877E878F87988B6989CC
:10D600007A898B899C890F94FC764B015C01A3017C
:10D610009201C701B6010F943B779B01AC01C50194
:10D62000B4010F94967D0F94077F4B016D897E891D
:10D630008F89988D0F94FC762B013C01A7019601F0
:10D640006B817C818D819E810F943B779B01AC0126
:10D65000C301B2010F94967D0F94077FCB0101E0C7
:10D6600020E431E04D855E85B4010E94DEB1212FBA
:10D6700030E08823B9F14B8D5C8D420F531F4F5F13
:10D680005F4F5C8F4B8FEB8DFC8DA981BA81ED9341
:10D69000FC936C960FB6F894DEBF0FBECDBFDF9142
:10D6A000CF911F910F91FF90EF90DF90CF90BF909F
:10D6B000AF909F908F907F906F905F904F903F9032
:10D6C0002F9008952FEC32E0AB8DBC8D2A1B3B0BC5
:10D6D000C9016CE370E00F94377D10E1161BA98D32
:10D6E000BA8D41CF2F5F3F4FAB8DBC8DA20FB31FC3
:10D6F000BC8FAB8FA03DB24008F426CFC4CF2F9291
:10D700003F924F925F926F927F928F929F92AF92D1
:10D71000BF92CF92DF92EF92FF920F931F93CF931E
:10D72000DF9300D000D000D01F92CDB7DEB72B0121
:10D730003C0149015A0120E030E040EC51E40F94F3
:10D74000957D20E030E048E052E40F94957E6B0137
:10D750007C010F943D7F0F94077F312C212C77FDA6
:10D760001EC01B01663071051CF045E0242E312CD3
:10D77000822D0E94504220E030E048EB51E40F94AB
:10D78000967D9B01AC01C301B2010F94957D20E011
:10D7900030E048E052E40F94957E6B017C0120E07C
:10D7A00030E040EC50E4C501B4010F94957D20E0D9
:10D7B00030E048E052E40F94957E69837A838B834E
:10D7C0009C830F943D7F0F94077F77FDDAC07A87A3
:10D7D00069876630710524F0E5E0F0E0FA87E987B3
:10D7E00089850E94504220E030E040EA50E40F94E6
:10D7F000967D9B01AC01C501B4010F94957D20E09D
:10D8000030E048E052E40F94957E69837A838B83FD
:10D810009C83A701960160E070E080E89FE30F948D
:10D82000957D2B013C0191012F5F3F4F3E832D835E
:10D8300089859A85019698878F8327E0E985FA85FF
:10D840002E9F80012F9F100D1124F801E20DF31D72
:10D85000EE0FFF1FEE0FFF1FEA5FFC4E21813281AA
:10D8600043815481C301B2010F943B774B015C01AA
:10D87000ED81FE81E00FF11FEE0FFF1FEE0FFF1F86
:10D88000EA5FFC4E2181328143815481C701B60198
:10D890000F943B779B01AC01C501B4010F94967DB9
:10D8A0004B015C0129813A814B815C8160E070E031
:10D8B00080E89FE30F94957D9B01AC01C501B40105
:10D8C0000F943B774B015C0127E0EF81F8852E9F99
:10D8D000C0012F9F900D11249A878987FC01E20DCA
:10D8E000F31DEE0FFF1FEE0FFF1FEA5FFC4E2181BD
:10D8F000328143815481C301B2010F943B772B01E4
:10D900003C0189859A85ED81FE818E0F9F1F880FCE
:10D91000991F880F991F8A5F9C4EFC0121813281DB
:10D9200043815481C701B6010F943B779B01AC0141
:10D93000C301B2010F94967D29813A814B815C81AC
:10D940000F943B779B01AC01C501B4010F94967D08
:10D950002A960FB6F894DEBF0FBECDBFDF91CF91F0
:10D960001F910F91FF90EF90DF90CF90BF90AF90FD
:10D970009F908F907F906F905F904F903F902F90EF
:10D9800008951A86198645CF1F93CF93DF9300D051
:10D990001F921F92CDB7DEB7162F482F62E5CE013A
:10D9A00001960F942E4149815A816B817C818D8132
:10D9B0000F94A447109392120F900F900F900F9016
:10D9C0000F90DF91CF911F9108951092DD12E8E240
:10D9D000F8E6849167E00D94C46CE091DD12AE2FFF
:10D9E000B0E0AA0FBB1FA952BD4E2091AA123091E0
:10D9F000AB122D933C93EF5FE093DD12E23040F4E5
:10DA0000F0E0E15FF749849168E00F94C46C88E02E
:10DA10000895E091DD12AE2FB0E0AC52BD4E809182
:10DA2000AA128C93EF5FE093DD12E33040F0109286
:10DA3000DD12EFE0F8E6849168E00D94C46CF0E04C
:10DA4000E85DF749849167E0F8CFCF93DF9300D08A
:10DA500000D000D01F92CDB7DEB7809199128234EA
:10DA600009F446C0B8F5882309F472C084E08093B5
:10DA7000911285E0E9E9F2E1DE01169601900D923E
:10DA80008A95E1F785E0FE013696A4E9B2E10190BE
:10DA90000D928A95E1F740E060E0CE0101960F9487
:10DAA0002E4185E0FE013196A9E9B2E101900D9287
:10DAB0008A95E1F785E080939212409194125091FB
:10DAC00095126091961270919712809198120F940E
:10DAD000A4472EC08235B1F1873541F660919B1283
:10DAE00070919C124CE080919A120F940F4811C0D3
:10DAF00040919A1262E4CE0101960F942E41498121
:10DB00005A816B817C818D810F94A4478AE0809338
:10DB1000921240E060E0CE0101960F942E4185E024
:10DB2000FE013196A9E9B2E101900D928A95E1F7E3
:10DB300081E02A960FB6F894DEBF0FBECDBFDF910D
:10DB4000CF9108956BE080919A120F94C46CE1CF4D
:10DB500080E0EFCFCF93DF9300D01F921F92CDB71D
:10DB6000DEB749835A836B837C838D8385E0FE0116
:10DB70003196A9E9B2E101900D928A95E1F7809181
:10DB8000921287FF09C00F900F900F900F900F9087
:10DB9000DF91CF910D94256D0F900F900F900F9006
:10DBA0000F90DF91CF910895CF93DF9300D01F9214
:10DBB0001F92CDB7DEB7482F68E5CE0101960F94CE
:10DBC0002E4149815A816B817C818D810F94AA6D90
:10DBD0000F900F900F900F900F90DF91CF910895BD
:10DBE0001F93CF93DF9300D01F921F92CDB7DEB764
:10DBF000182F482F63E5CE0101960F942E414981DD
:10DC00005A816B817C818D810F94A447109392126D
:10DC10000F900F900F900F900F90DF91CF911F9169
:10DC200008951F93CF93DF93E1E0F1E080818E7F31
:10DC30008083E2E0F1E0808181608083E9E1FEE0C1
:10DC400090E1908311821282E0EDF0E080818260A9
:10DC500080839093D400E1EDF0E088E180838081BF
:10DC600080688083E1E7F2E187E69DEE9187808717
:10DC70008FE49DEE9387828713E0138315861486C5
:10DC800080E00F94D46D83E60F94344D88EA96E6D5
:10DC90000E94F25ECFE8D2E11093E3128DE298E6A3
:10DCA0000E94F25E8AE08C8B82E08093FE1281E01B
:10DCB0008D8F8A831CA286E08C8380E0DF91CF91D8
:10DCC0001F910D94F06DCF93DF9300D01F921F92A0
:10DCD000CDB7DEB740E061E5CE0101960F942E414D
:10DCE00049815A816B817C818D810F94A44784E0A6
:10DCF000809392120F900F900F900F900F90DF91E2
:10DD0000CF910895CF93DF9300D01F921F92CDB78C
:10DD1000DEB70F9471418093D312482F66E6CE018F
:10DD200001960F942E4149815A816B817C818D81AE
:10DD30000F94A44786E0809392120F900F900F905B
:10DD40000F900F90DF91CF910895CF93DF9300D084
:10DD50001F921F92CDB7DEB78091A9128534F1F0E2
:10DD600020F4823451F185E011C0863471F18035A0
:10DD7000D1F78091AA128093D11281E090E0909324
:10DD8000D0128093CF120F94826E80E00F900F908C
:10DD90000F900F900F90DF91CF9108958CE08093BA
:10DDA000D1128091AA129091AB129093D0128093CD
:10DDB000CF120F94826E87E0E9CF8091AA128093F0
:10DDC000D2120F94826E8BE0E1CF909194128091E9
:10DDD000A412981322C0909195128091A5129813C5
:10DDE0001CC01092D11281E090E09093D0128093E9
:10DDF000CF1282E88093921240E060E0CE0101965B
:10DE00000F942E4185E0FE013196A4E9B2E1019024
:10DE10000D928A95E1F782E0B9CF83E0B7CF1F93E7
:10DE2000CF93DF9300D01F921F92CDB7DEB78091C2
:10DE3000180E81112AC01091F9121F3F91F580919F
:10DE4000F812811160C01F3FB9F081E090E090931B
:10DE5000901280938F129093F7128093F6128FEFA7
:10DE60008093F812133009F482C0F8F0163008F4E9
:10DE70007BC0173009F47FC00F900F900F900F9068
:10DE80000F90DF91CF911F9108958091F61290919C
:10DE9000F7120F94E843182F1092180E8F3F79F65F
:10DEA000CACF8FEF8093F912CACF81E996E60E941C
:10DEB000FD5C812F90E00F942C4D0F94DA748091CB
:10DEC000F812813089F48AE896E60F946141412F77
:10DED00062E4CE0101960F942E4149815A816B81F3
:10DEE0007C818D810F94AA6D8091F6129091F7122A
:10DEF000843020E8920721F08930904809F0BCCFA7
:10DF00000F94774AB9CF193008F0B6CFE12FF0E07F
:10DF10008827E257F0498E4F0D947E7D51015101C3
:10DF200051015F0283028302F300070161028091C5
:10DF3000F6129091F712873820E8920721F0873087
:10DF4000914809F099CF80919112843021F4809109
:10DF50009412811191CF81E08093170E60E087E7E2
:10DF60009BEF0E94734688CF1093FC1285CF80E010
:10DF70000F94D46D81CF1092FE121092AC121092B9
:10DF8000911260E08CEA9CE00F94927C0F941A4D01
:10DF900073CF4F925F926F927F928F929F92AF92C8
:10DFA000BF92CF92DF92EF92FF920F931F93CF9386
:10DFB000DF93CDB7DEB7A0970FB6F894DEBF0FBEE4
:10DFC000CDBF082F0F940F6F8091921287FD0F9491
:10DFD000256D9091921297FF7DC0809191128230B1
:10DFE000B1F008F475C08330E1F1843009F454C015
:10DFF0000F94256D81116BC382E08093AC1283E096
:10E000008093911282E88093921212E0DBC20E9408
:10E0100020FFAB01BC0180919E1290919F12A091B4
:10E02000A012B091A11288519C4FAF4FBF4F48171B
:10E0300059076A077B0708F44BC081E792E10F9408
:10E040009A7A0196D1F781E08093AC128093911275
:10E050001092B31286E08093931280E00F94F06DDB
:10E0600037C0923829F60E9420FFAB01BC01809195
:10E070009E1290919F12A091A012B091A11288516E
:10E080009C4FAF4FBF4F481759076A077B0708F4EB
:10E09000AFCF0F94636E1CC00E9420FFAB01BC0188
:10E0A00080919E1290919F12A091A012B091A11206
:10E0B00088519C4FAF4FBF4F481759076A077B07DE
:10E0C00040F70F9471419091D31289130F94826E8F
:10E0D00010E078C2A12CD12CC12C9924939455E046
:10E0E000B52E63E0862E74E0772EE2E06E2E66C0D9
:10E0F000233009F4E0C0243009F083C020ED280F5C
:10E100002A3008F4F8C02FE9280F263008F4F3C0AD
:10E110008A3009F0FAC04090B81284EB92E10F9473
:10E120001D414812B8C01092B31288E0E4EBF2E14E
:10E13000DE01519601900D928A95E1F788E0FE018B
:10E140007196DE01599601900D928A95E1F788E06B
:10E15000FE017996A4EAB2E101900D928A95E1F769
:10E160008CE38983FE013296ACEBB2E120E0CF0173
:10E17000521609F4CDC03D9140EE430F403608F0F1
:10E180003EE231932F5FF4CF8E3408F056C08B34CB
:10E1900008F046C0823409F443C0E0F58A3059F0F3
:10E1A0008D3049F0B092B312A11005C11F3609F0AD
:10E1B000FBC3AA24A3944FEFC41AD40A81E792E1C7
:10E1C0000F949A7A97FD00C1182F2091CC1230E05D
:10E1D000F901E157FD4E85A77901EFEFEE1AFE0A2E
:10E1E000FFE0EF22FF245E2CE092CC122091B312CC
:10E1F000223009F448C008F07BCF222329F22130D5
:10E2000051F11A3009F48FCF1D3009F48CCF1092E0
:10E21000B912CACF853430F2873410F0883411F641
:10E220008093B4121092B5121092B7121092B612D7
:10E230001092B8129092B312BECF893540F4873550
:10E2400078F720EB280F263008F0ACCFE9CF8636E0
:10E2500009F0A8CFE5CF20ED280F2A3050F02FE9A4
:10E26000280F263030F0803209F09CCF6092B31234
:10E27000A2CF0F94FC409091B5129295907F890F98
:10E280008093B51298CF873448F4853458F42FEB37
:10E29000280F223038F01092B91284CF803511F057
:10E2A0008235C9F78092B3128093B9121092BB12D3
:10E2B0001092BA1280CF20ED280F2A3048F02FE9B3
:10E2C000280F263028F08A3231F77092B31273CFBC
:10E2D0000F94FC402091BA123091BB1244E0220FFF
:10E2E000331F4A95E1F7820F932F911D9093BB1234
:10E2F0008093BA1260CF0F94FC409091B81292951F
:10E30000907F890F8093B81256CF8D3021F603CFBE
:10E31000E80EF91EF70110821092CC128AE998E6F5
:10E320000E94FD5C84E998E60E94FD5CCE010196A6
:10E330000E94C5690F949E4680919112813009F424
:10E3400074C008F4C5CE833009F4D1C0843009F01C
:10E350004FCE80919212863009F46CC108F093C1BF
:10E36000843009F409C1853009F0CCC08091A9122C
:10E37000813409F496C1823509F0C4C01092D112DB
:10E380008DE290E89093D0128093CF128AEF95E6B9
:10E390000F94BB4685E08093921240919412509165
:10E3A00095126091961270919712809198120F9425
:10E3B000A44716E007C11B3609F0F6C28BED95E6BF
:10E3C0000F94BB4618E0FEC0CD2819F00F949E466E
:10E3D0007FCE0E9420FFAB01BC0180919E129091E4
:10E3E0009F12A091A012B091A1128053984FAF4FED
:10E3F000BF4F481759076A077B0708F469CE809119
:10E400009112882309F464CE1092B31281E08093B4
:10E41000AC128093911286E08093931280E00F9467
:10E42000F06D64E083EB95E679C0109192121330A1
:10E43000B1F160F0163009F450C0193009F0BECFC8
:10E440000F94CE48882309F443CE40CE8091A41285
:10E45000833521F48091A512181711F0812FFECD7C
:10E460008091AA12E12FF0E0DF01A252BD4E8C9301
:10E47000E852FA49E4918E1741F08091931281504D
:10E48000809393128111EACF99CF8DE298E60E9492
:10E49000F25E8AE08093A31281E0810FDFCD80914C
:10E4A000A412833521F48091A512833011F083E00A
:10E4B000D5CD8091AA129091AB129093E2128093E5
:10E4C000E1121092DD12EBE2F8E684916091DB122A
:10E4D00070E049E00F940F48FBCD82E08093AC12CE
:10E4E00083E08093911282E880939212D2CD809142
:10E4F0009212883009F4B7C0A8F48430D9F087307C
:10E5000009F4AEC081E08093AC1282E08093911256
:10E5100083E88093921265E089EC95E60F942C478E
:10E52000182F50C08A3009F4A7C060F38D3008F46A
:10E530005FCDE8CF8091A4128E3460F58B3410F457
:10E54000853401F78091A912863409F473C084E000
:10E550008093911285E0E4EAF2E1DE0111960190E8
:10E560000D928A95E1F785E0FE013196A4E9B2E1CA
:10E5700001900D928A95E1F70F94A56E182F8530C2
:10E5800009F208F09CC0823009F432CD843009F4DD
:10E590003BCF18C0843508F4B5CF863598F288355E
:10E5A00009F0B0CF8091A912863489F18035C1F18C
:10E5B000823409F042C08091AA128093D2120F9443
:10E5C000E56C1BE080918F12909190128130910543
:10E5D00009F0EDC1123009F490C008F07DC011239C
:10E5E00009F41AC1002309F4E6C0173009F4C3C1C5
:10E5F00008F0B7C1143009F4C6C1153009F0DBC00A
:10E6000082E08093FE1260E08DE290E8B9C18091D3
:10E610009412882329F082E88093921213E0D2CFDB
:10E620008091AA128093D11281E090E09093D01251
:10E630008093CF120F94E56C4BCD8CE08093D11278
:10E640008091AA129091AB129093D0128093CF1226
:10E650000F94E56C8CEE95E60F94BB4617E0B2CFB5
:10E660000F94096D35CD82E80F94ED6C8093921272
:10E67000823809F02DCDBCCC8091A9128134D1F61D
:10E680000F94A946D7CF8830B1F050F38A3009F003
:10E6900039CF8091A912813409F018CD0F94A94681
:10E6A00015CD1092D1121092D0121092CF1281E893
:10E6B000809392120DCD81E80F94ED6CF9CF8730E5
:10E6C00049F208F463CE883009F478CE7BCF80918C
:10E6D000921287FD9ACCFCCC133009F46CC01B302D
:10E6E00009F080CF8091D2128093F9128BE096E6E8
:10E6F0000F9461410F940F6F5EC08091D41281110D
:10E700005AC00E94D649882309F455C08091140E3E
:10E710009091150E8835924009F44DC080915112A8
:10E72000811149C080917012811145C080916F1292
:10E73000811141C09091130E8091120E9817D9F15A
:10E740008091130E90E02EE63091120E381789F06A
:10E75000289FF0011124EE5CF84F448555856685AD
:10E760007785452B462B472B09F09F5F8F5F8F7076
:10E77000EBCF992301F18CE995E60E94F25E80913E
:10E780005112811105C060E070E0CB010F94734D10
:10E7900060E070E0CB010E944E4A86ED9EE00F944F
:10E7A0006E7C813021F40F94144D8F3F91F58EE6ED
:10E7B00093E60F94D74E8091AC12823019F481E029
:10E7C0008093FE121093FD1280913007882351F040
:10E7D0008091170E811106C08091F6129091F71268
:10E7E0000F94C442A0960FB6F894DEBF0FBECDBF03
:10E7F000DF91CF911F910F91FF90EF90DF90CF901D
:10E80000BF90AF909F908F907F906F905F904F9050
:10E81000089582E995E6CDCF0091D1128091F5124D
:10E82000081709F446C0809191128430A9F48091B0
:10E830009412882389F089E080933107E8E5F5E6B2
:10E840000E3130F4E02FF0E0EE0FFF1FE85AFA49E6
:10E85000859194910E944FBBE8E5F5E60E3130F4C6
:10E86000E02FF0E0EE0FFF1FE85AFA4985919491EE
:10E870000F9461410093F512033049F00C3109F017
:10E880009ACF0F94D30B81E08093001394CF8091A3
:10E890009112843031F4809194128455823008F4BE
:10E8A0008ACF0F94D30B81E0809301130F94774AA2
:10E8B00082CF033071F10C3109F07DCF80910013CC
:10E8C000882309F478CF0F9471418823B1F1813006
:10E8D00009F071CF109200130F9425401092160E7C
:10E8E0006091DC1270E090E080E00F94FA766B01AA
:10E8F0007C016091DB1270E06E5F7F4F072E000C91
:10E90000880B990B0F94FC76A70196010F943D415B
:10E9100052CF80910113882309F44DCF9091120EAC
:10E920008091130E981347CF0F947141815083301B
:10E9300008F4BCCF109201133ECF9091120E80913B
:10E94000130E981338CF6091DC1270E090E080E0F5
:10E950000F94FA769B01AC0160E070E08FEA93E4DB
:10E96000D5CF1830B9F0193009F025CF60E00F94F9
:10E97000245B19E020CF61E08091CF129091D012FA
:10E980000F94245B18CF82E08093FE1260E08EE249
:10E9900090E8F6CF1092FE121092AC1210929112E3
:10E9A00060E08CE290E8ECCF0F949E46ABCD002364
:10E9B00001F3DCCF8091FF1282FF07C08B7F809331
:10E9C000FF1289EF96E60F9461418091FF1281FF5B
:10E9D00050C08091F3129091F412892B09F449C030
:10E9E0008BEE96E60F9461418091F3129091F412B0
:10E9F0000F942C4D8091FF128D7F8093FF12809198
:10EA0000F3129091F41290935C1280935B128EE05B
:10EA100092E60E9460BD4BEB56E662E080E00E9409
:10EA20009C5360912E0E70912F0E8091300E90911C
:10EA3000310E0F94077F20915B1230915C12C90157
:10EA4000861B970B06976CF081E00E94586E80E061
:10EA50000F94C96F0F949A4084E690E00E949D70D5
:10EA6000E0CF0F94704080ED96E60F9461410C94D6
:10EA7000BB5308950F931F93CF93DF9300D01F9242
:10EA80001F92CDB7DEB7182F062F1092FF1283E02A
:10EA90008093780219821A821B821C821D8290E068
:10EAA00080E00E949D709091FF12898192FF37C093
:10EAB00081111EC0CE0101960F943B0182EE94E6B7
:10EAC0000F946141E091FD12E250EA3040F7F0E02E
:10EAD0008827E259FA488E4F0D947E7D9901A7024E
:10EAE0001F021F02BF011F0241024B0171021F02E0
:10EAF00040E457E76BE170E0CE0101960E948EFF83
:10EB0000882301F38091FF128B7F82608093FF1234
:10EB100010925C1210925B1282ED94E6D1CF8823A2
:10EB200089F219828CEB94E6CBCF0F94DA740F94B0
:10EB30009D4A8091170E811107C088EA96E60E94CF
:10EB4000F25E83E08093E3120F94D30B81E00F9089
:10EB50000F900F900F900F90DF91CF911F910F9119
:10EB600008950F940F6FF2CF8091E412811197CF27
:10EB7000812F0F94E74A802F0F94814A0F940F6FD3
:10EB80008ECF0F94DA740F949D4A89CF80E0DFCF47
:10EB9000CF93DF9300D01F921F92CDB7DEB71092B4
:10EBA000F0161092EF1662E18CE294E60F94025F89
:10EBB0000F943B4140E065E5CE0101960F942E4154
:10EBC00049815A816B817C818D810F94AA6D61E0AE
:10EBD00080E00F943A75811103C00F949240E8CF02
:10EBE00083E00F945E1683E60F94344D83E68093A2
:10EBF000E6128EEE96E10E9499590F900F900F90B9
:10EC00000F900F90DF91CF910895CF930F942B5FCA
:10EC1000C82F882379F088EC90E00F94A44482E018
:10EC20000F945E160F94F95E0F94C8750F94205FD1
:10EC30000F9470408C2FCF9108950F931F93CF9313
:10EC4000DF9300D01F921F92CDB7DEB7082F0F942D
:10EC50002B5F182F882339F1602F8DEF91E60F94E9
:10EC600073400F94F95E0F943B41402F6CE4CE014A
:10EC700001960F942E4149815A816B817C818D814F
:10EC80000F94AA6D60E080E00F943A75182F8111FF
:10EC900003C00F949240E7CF83E00F945E160F9469
:10ECA000205F0F947040812F0F900F900F900F9066
:10ECB0000F90DF91CF911F910F910895FF920F93C5
:10ECC0001F93CF93DF9300D01F921F92CDB7DEB773
:10ECD000082FF62E0F942B5F182F8823A1F1FF2009
:10ECE00029F0602F8EEE91E60F9473408091D4123C
:10ECF00081110F9405760F94F95E0F943B41402FDC
:10ED000065E4CE0101960F942E4149815A816B81B1
:10ED10007C818D810F94AA6D61E080E00F943A753B
:10ED2000182F811103C00F949240E7CF83E60F9410
:10ED3000344D83E68093E61283E00F945E160F94C1
:10ED4000205F0F947040812F0F900F900F900F90C5
:10ED50000F90DF91CF911F910F91FF9008951F9316
:10ED6000CF93DF9300D01F921F92CDB7DEB7182F3D
:10ED70000F943B41412F6BE4CE0101960F942E413D
:10ED800049815A816B817C818D810F94AA6D61E0EC
:10ED900080E00F943A75811103C00F949240E8CF40
:10EDA0000F900F900F900F900F90DF91CF911F91C8
:10EDB0000895CF93C82F682F81EE91E60F9473408A
:10EDC0008091D41281110F9405760F94F95E8C2FE7
:10EDD0000F94AF7683E60F94344D83E68093E6126A
:10EDE00083E00F945E160F94205F0F94704081E0D3
:10EDF000CF910895E89409C097FB3EF490958095D3
:10EE0000709561957F4F8F4F9F4F9923A9F0F92FF0
:10EE100096E9BB279395F695879577956795B7956E
:10EE2000F111F8CFFAF4BB0F11F460FF1BC06F5F54
:10EE30007F4F8F4F9F4F16C0882311F096E911C066
:10EE4000772321F09EE8872F762F05C0662371F087
:10EE500096E8862F70E060E02AF09A95660F771F9B
:10EE6000881FDAF7880F9695879597F908959B0183
:10EE7000AC010D943B770F944E770D94BF770F94B0
:10EE8000B17738F00F94B87720F0952311F00D94F6
:10EE9000A8770D94AE7711240D94F3770F94D07763
:10EEA00070F3959FC1F3950F50E0551F629FF001DD
:10EEB000729FBB27F00DB11D639FAA27F00DB11DF6
:10EEC000AA1F649F6627B00DA11D661F829F22277F
:10EED000B00DA11D621F739FB00DA11D621F839F06
:10EEE000A00D611D221F749F3327A00D611D231FDC
:10EEF000849F600D211D822F762F6A2F11249F572A
:10EF000050409AF0F1F088234AF0EE0FFF1FBB1F2C
:10EF1000661F771F881F91505040A9F79E3F5105EB
:10EF200080F00D94A8770D94F3775F3FE4F3983E5B
:10EF3000D4F3869577956795B795F795E7959F5F95
:10EF4000C1F7FE2B880F911D9695879597F9089527
:10EF500097F99F6780E870E060E008959FEF80EC8C
:10EF6000089500240A94161617061806090608952F
:10EF700000240A9412161306140605060895092E95
:10EF80000394000C11F4882352F0BB0F40F4BF2B04
:10EF900011F460FF04C06F5F7F4F8F4F9F4F089544
:10EFA00057FD9058440F551F59F05F3F71F047953A
:10EFB000880F97FB991F61F09F3F79F0879508951F
:10EFC000121613061406551FF2CF4695F1DF08C03E
:10EFD000161617061806991FF1CF8695710561055B
:10EFE00008940895E894BB2766277727CB0197F903
:10EFF00008953F924F925F926F927F928F929F926D
:10F00000AF92BF92CF92DF92EF92FF920F931F9336
:10F01000CF93DF935C016B017A016115710519F0E3
:10F02000FB0191838083E114F10451F0C701029741
:10F03000839730F040E030E020E090E06BC05E016C
:10F04000E5012196F5011081812F90E00F94FF7961
:10F05000892BA9F71D3201F52196F501118101E0F7
:10F06000E114F10409F4E6C0F0E1EF16F10409F04F
:10F0700088C0103359F488818F7D883509F07CC0B1
:10F08000198122960260F0E1EF2EF12C812C912C57
:10F09000A12C88E0B82E92C01B3221F4E501229603
:10F0A000F501118100E0DCCFEAE0EE16F10409F48D
:10F0B000C7C0F0E1EF16F10409F073C0E7CF78E0C4
:10F0C000E72EF12C812C912CA12C60E1B62E76C07C
:10F0D00021E0ADC0302F3170C114D10431F02223B2
:10F0E00071F12197F601D183C08327FF2EC060E024
:10F0F00070E080E090E8311104C06FEF7FEF8FEF98
:10F100009FE722E230E03093FC162093FB16462F57
:10F11000372F282F642F732F822FDF91CF911F91CC
:10F120000F91FF90EF90DF90CF90BF90AF909F90A6
:10F130008F907F906F905F904F903F90089501FF68
:10F1400004C02297F601D183C083332341F0909508
:10F150008095709561957F4F8F4F9F4FD8CF97FFC8
:10F16000D6CF82E290E09093FC168093FB166FEF6F
:10F170007FEF8FEF9FE7CBCF10E3E114F10409F4A9
:10F180009ECF28E0E216F10409F49CCF0CF08CCF5E
:10F19000812C912CA12CE0E4BE2E82E0E816F10433
:10F1A00069F060E070E080E090E897010F2C000CBF
:10F1B000440B550B0F94E17C49015A0120E060E0BB
:10F1C00070E0CB0127010F2C000C66087708FE01C8
:10F1D00050ED352E310E39E0331570F43FEB310F21
:10F1E00049EC342E3A3138F03FE9310F3A3108F02A
:10F1F00071CF39EA332E310E3E141F040CF06ACF62
:10F2000027FD15C086169706A806B90678F0A30153
:10F2100092010F94D17C630D711D811D911D613090
:10F220007105810520E8920708F452CF2FEF21964F
:10F230001081CDCF103309F41ECF2AE0E22EF12C3D
:10F240009CEC892E982CA82C9CE0B92EB7CF2830A6
:10F2500008F027E03327DA01990F311D87FD91600F
:10F2600000966105710539F432602E5F3D9330E3FD
:10F270002A95E1F708959F3F30F0803871056105C8
:10F2800009F03C5F3C5F3D93913008F08068911D30
:10F29000DF93CF931F930F93FF92EF92192F987FD5
:10F2A0009695E92F96959695E90FFF27E850FA4F26
:10F2B00099273327EE24FF24A701E701059008943E
:10F2C000079428F4360FE71EF81E491F511D660FDC
:10F2D000771F881F991F0694A1F70590079428F4BB
:10F2E000E70EF81E491F561FC11D770F881F991F73
:10F2F000661F0694A1F70590079428F4F80E491F9D
:10F30000561FC71FD11D880F991F661F771F0694B0
:10F31000A1F70590079420F4490F561FC71FD81F67
:10F32000990F661F771F881F0694A9F7849110957F
:10F33000177041F0D695C79557954795F794E79480
:10F340001A95C1F7EEE9F5E068941590159135919D
:10F350006591959105907FE27395E118F10A430B51
:10F36000560BC90BD009C0F7E10CF11E431F561F05
:10F37000C91FD01D7EF4703311F48A95E6CFE8944E
:10F38000015030F0080F0AF40027021708F4202F6C
:10F390002395022F7A3328F079E37D932A95E9F7B4
:10F3A00010C07D932A9589F60694979567953795B1
:10F3B00017951794E118F10A430B560BC90BD009A6
:10F3C00098F023957E9173957A3308F070E37C93DF
:10F3D0002013B8F77E9170617D9330F0839571E3CF
:10F3E0007D9370E32A95E1F71124EF90FF900F9140
:10F3F0001F91CF91DF91992787FD909508959111E5
:10F400000D945B7C803219F089508550C8F70895BF
:10F41000FB01DC0102C005900D9241505040D8F72D
:10F420000895FB01DC010D900020E9F7119705908C
:10F430000D920020E1F70895FB01DC018D9105900C
:10F4400080190110D9F3990B0895FB01DC01059097
:10F450000D920020E1F70895FC0105900020E9F7E6
:10F46000809590958E0F9F1F0895FB01DC01415000
:10F47000504088F08D9181341CF08B350CF4805E07
:10F48000659161341CF06B350CF4605E861B611174
:10F4900071F3990B0895881BFCCFFB01DC014150EF
:10F4A000504030F08D910590801919F40020B9F783
:10F4B000881B990B0895FB01DC014150504048F036
:10F4C00005900D920020C9F701C01D924150504097
:10F4D000E0F70895FC010590615070400110D8F7E5
:10F4E000809590958E0F9F1F0895FB015591552390
:10F4F000A9F0BF01DC014D9145174111E1F759F425
:10F50000CD010590002049F04D9140154111C9F3FE
:10F51000FB014111EFCF81E090E001970895FC01DC
:10F520006150704001900110D8F7809590958E0F32
:10F530009F1F0895CF93DF93EC012B8120FF1AC00A
:10F5400026FF0CC02F7B2B838E819F8101969F838A
:10F550008E838A8190E0DF91CF91089522FF18C0B9
:10F56000E881F9818081082E000C990B009729F41D
:10F5700020622B838FEF9FEFEECF3196F983E883E4
:10F580002E813F812F5F3F4F3F832E839927E3CF0B
:10F59000EA85FB85199597FFF3CF2B81019621F022
:10F5A00080E2822B8B83E6CF80E1FBCF0F931F930A
:10F5B000CF93DF93182F092FEB018B8181FD09C0B9
:10F5C0001FEF0FEF812F902FDF91CF911F910F91A0
:10F5D000089582FF14C02E813F818C819D81281760
:10F5E00039073CF4E881F981CF010196998388833A
:10F5F00010838E819F8101969F838E83E3CFE88560
:10F60000F985812F1995892BA1F3DACFEF92FF921B
:10F610000F931F93CF93DF938C017B01DB01139634
:10F620008C91D0E0C0E081FD0FC0CFEFDFEF10C0C4
:10F63000D7011896ED91FC91B7011995892B11F01E
:10F64000CFEFDFEF0F5F1F4FF80184918111F0CFF3
:10F65000CE01DF91CF911F910F91FF90EF90089510
:10F660000F931F93CF93DF93CDB7DEB7AE01485F03
:10F670005F4FDA016D917D91AD0101E017E1F80175
:10F6800082819381DC0113962C9113972860139645
:10F690002C930E948D34D8011296ED91FC91238118
:10F6A000277F2383DF91CF911F910F9108950F93AF
:10F6B0001F93CF93DF938C01E0910317F091041710
:10F6C0008381D0E0C0E081FD0AC0CFEFDFEF17C03B
:10F6D0001995892B11F0CFEFDFEF0F5F1F4FF80166
:10F6E00084916091031770910417DB011896ED91D6
:10F6F000FC918111EDCF8AE01995892B31F7CE016C
:10F70000DF91CF911F910F9108950F931F93CF9386
:10F71000DF93CDB7DEB72E970FB6F894DEBF0FBEDE
:10F72000CDBF0E891F898EE08C831A8309838FEFEA
:10F730009FE79E838D83AE01465E5F4F688D798D16
:10F74000CE0101960E948D342F813885020F131F40
:10F75000F80110822E960FB6F894DEBF0FBECDBF13
:10F76000DF91CF911F910F910895CF93DF93EC011B
:10F770008B8188608B83CE010E948D342B81277F03
:10F780002B83DF91CF9108950F931F93CF93DF9336
:10F79000CDB7DEB72E970FB6F894DEBF0FBECDBF44
:10F7A0008C01FA018EE08C831A83098377FF02C0F3
:10F7B00060E070E8615071097E836D83A901BF012B
:10F7C000CE0101960E948D344D815E8157FD0AC0A5
:10F7D0002F813885421753070CF49A01020F131F2B
:10F7E000F80110822E960FB6F894DEBF0FBECDBF83
:10F7F000DF91CF911F910F910895FA01AA27283028
:10F8000051F1203181F1E8946F936E7F6E5F7F4FED
:10F810008F4F9F4FAF4FB1E03ED0B4E03CD0670F69
:10F82000781F891F9A1FA11D680F791F8A1F911DBC
:10F83000A11D6A0F711D811D911DA11D20D009F40C
:10F8400068943F912AE0269F11243019305D31934E
:10F85000DEF6CF010895462F4770405D4193B3E037
:10F860000FD0C9F7F6CF462F4F70405D4A3318F0DE
:10F87000495D31FD4052419302D0A9F7EACFB4E08F
:10F88000A6959795879577956795BA95C9F7009747
:10F890006105710508959B01AC010A2E06945795E8
:10F8A000479537952795BA95C9F7620F731F841F3F
:10F8B000951FA01D0895992788270895DC01CB0185
:10F8C000FC01F999FECF06C0F2BDE1BDF89A319670
:10F8D00000B40D9241505040B8F70895F999FECF09
:10F8E00092BD81BDF89A992780B50895A6E1B0E050
:10F8F00044E050E00D94607CA8E1B0E042E050E0CC
:10F900000D94607CDC01A40FB51F4150504048F0BD
:10F91000CB01840F951F2E910F94937C4150504042
:10F92000D0F70895262FF999FECF92BD81BDF89AA0
:10F93000019700B4021639F01FBA20BD0FB6F89433
:10F94000FA9AF99A0FBE08950396272F0F94937C85
:10F950000F94927C252F0F94937C242F0D94937CED
:10F960000196272F0F94937C0D94927C262FF99962
:10F97000FECF1FBA92BD81BD20BD0FB6F894FA9A92
:10F98000F99A0FBE01960895242F0F94B77C252F66
:10F990000F94B77C0D94CC7C0F94B67C272F0D94DC
:10F9A000B77CDB018F939F930F94037DBF91AF9141
:10F9B000A29F800D911DA39F900DB29F900D1124C9
:10F9C0000895A1E21A2EAA1BBB1BFD010DC0AA1FA0
:10F9D000BB1FEE1FFF1FA217B307E407F50720F0B8
:10F9E000A21BB30BE40BF50B661F771F881F991F33
:10F9F0001A9469F760957095809590959B01AC017C
:10FA0000BD01CF0108950F940E7DA59F900DB49F69
:10FA1000900DA49F800D911D11240895A29FB00107
:10FA2000B39FC001A39F700D811D1124911DB29F32
:10FA3000700D811D1124911D0895991B79E004C05A
:10FA4000991F961708F0961B881F7A95C9F780951D
:10FA5000089587FB082E062687FD819567FD619531
:10FA60000F941D7D0EF4919507FC81950895AA1BB6
:10FA7000BB1B51E107C0AA1FBB1FA617B70710F099
:10FA8000A61BB70B881F991F5A95A9F780959095CB
:10FA9000BC01CD01089597FB072E16F4009407D002
:10FAA00077FD09D00F94377D07FC05D03EF4909583
:10FAB00081959F4F0895709561957F4F0895052E0C
:10FAC00097FB1EF400940F94767D57FD07D00F949A
:10FAD000E17C07FC03D04EF40D94767D5095409563
:10FAE000309521953F4F4F4F5F4F089590958095EA
:10FAF000709561957F4F8F4F9F4F0895EE0FFF1FB9
:10FB0000881F8BBF0790F691E02D19940F940E7DFE
:10FB1000332312F48A1B9B0B0D94907D0F940E7D62
:10FB2000B7FF0895821B930B08955058BB27AA274F
:10FB30000F94AD7D0D94BF770F94B17738F00F948B
:10FB4000B87720F039F49F3F19F426F40D94AE777E
:10FB50000EF4E095E7FB0D94A877E92F0F94D0778A
:10FB600058F3BA17620773078407950720F079F4F2
:10FB7000A6F50D94F2770EF4E0950B2EBA2FA02D7A
:10FB80000B01B90190010C01CA01A0011124FF274A
:10FB9000591B99F0593F50F4503E68F11A16F04045
:10FBA000A22F232F342F4427585FF3CF4695379544
:10FBB0002795A795F0405395C9F77EF41F16BA0B09
:10FBC000620B730B840BBAF09150A1F0FF0FBB1FB7
:10FBD000661F771F881FC2F70EC0BA0F621F731F00
:10FBE000841F48F4879577956795B795F7959E3F5D
:10FBF00008F0B0CF9395880F08F09927EE0F9795EE
:10FC0000879508950F94B17760F080E891E009F44A
:10FC10009EEF0F94B87728F040E851E071F45EEF62
:10FC20000CC00D94AE770D94F277E92FE0780F9425
:10FC3000D07740F3092E052AB1F326173707480776
:10FC4000590738F00E2E07F8E02569F0E025E0644A
:10FC50000AC0EF6307F8009407FADB01B9019D01C0
:10FC6000DC01CA01AD01EF930F94AC7E0F94BF7716
:10FC70000F94457E5F91552339F02BED3FE049E429
:10FC800050FD49EC0D94967D0895DF93DD27B92F43
:10FC9000BF7740E85FE31616170648075B0718F4BE
:10FCA000D92F0F9491809F938F937F936F930F948D
:10FCB0003777E4EEF0E00F94A17F0F94BF772F9198
:10FCC0003F914F915F910F944E77DD2351F0905803
:10FCD000A2EA2AED3FE049EC5FE3D0785D270F947C
:10FCE000AD7DDF910D94BF770F94078090F09F3723
:10FCF00048F4911116F40D94F37760E070E080E819
:10FD00009FE3089526F01B16611D711D811D0D9442
:10FD1000787F0D94937F0F94547F08F481E00895C9
:10FD20000F94CA7FE3950D94F37F0F94A97E0D94F1
:10FD3000BF770F94B87758F00F94B17740F029F45B
:10FD40005F3F29F00D94A87751110D94F3770D942E
:10FD5000AE770F94D07768F39923B1F3552391F3DD
:10FD6000951B550BBB27AA2762177307840738F02A
:10FD70009F5F5F4F220F331F441FAA1FA9F335D087
:10FD80000E2E3AF0E0E832D091505040E695001C3B
:10FD9000CAF72BD0FE2F29D0660F771F881FBB1FF5
:10FDA000261737074807AB07B0E809F0BB0B802DD3
:10FDB000BF01FF2793585F4F3AF09E3F510578F0FF
:10FDC0000D94A8770D94F3775F3FE4F3983ED4F356
:10FDD000869577956795B795F7959F5FC9F7880FD3
:10FDE000911D9695879597F90895E1E0660F771F25
:10FDF000881FBB1F621773078407BA0720F0621BB6
:10FE0000730B840BBA0BEE1F88F7E09508950F94DF
:10FE10000E7F6894B1110D94F37708950F94D877FD
:10FE200088F09F5798F0B92F9927B751B0F0E1F0BB
:10FE3000660F771F881F991F1AF0BA95C9F714C06B
:10FE4000B13091F00F94F277B1E008950D94F2770C
:10FE5000672F782F8827B85F39F0B93FCCF38695A4
:10FE600077956795B395D9F73EF490958095709501
:10FE700061957F4F8F4F9F4F08950F94078090F0AB
:10FE80009F3748F4911116F00D94F37760E070E01D
:10FE900080E89FEB089526F41B16611D711D811DDE
:10FEA0000D94787F0D94937F990F0008550FAA0B3E
:10FEB000E0E8FEEF16161706E807F907C0F012167D
:10FEC0001306E407F50798F0621B730B840B950B80
:10FED00039F40A2661F0232B242B252B21F40895D5
:10FEE0000A2609F4A140A6958FEF811D811D089572
:10FEF000882371F4772321F09850872B762F07C041
:10FF0000662311F499270DC09051862B70E060E0B4
:10FF10002AF09A95660F771F881FDAF7880F969553
:10FF2000879597F908959F3F31F0915020F4879578
:10FF300077956795B795880F911D9695879597F951
:10FF40000895DF93CF931F930F93FF92EF92DF9269
:10FF50007B018C01689406C0DA2EEF010F944E7776
:10FF6000FE01E894A5912591359145915591A6F30F
:10FF7000EF010F94AD7DFE019701A801DA9469F7B6
:10FF8000DF90EF90FF900F911F91CF91DF91089537
:10FF90000D94AE770F94D877D8F3E894E0E0BB27C0
:10FFA0009F57F0F02AED3FE049EC06C0EE0FBB0F83
:10FFB000661F771F881F28F0B23A6207730784070D
:10FFC00028F0B25A620B730B840BE3959A9572F783
:10FFD000803830F49A95BB0F661F771F881FD2F7C1
:10FFE00090480D94957FEF93E0FF07C0A2EA2AEDB9
:10FFF0003FE049EC5FEB0F94AD7D0F94BF770F901E
:020000023000CC
:10000000039401FC9058E1E1F1E00D94EA810F9432
:10001000D877A0F0BEE7B91788F4BB279F3860F403
:100020001616B11D672F782F8827985FF7CF869512
:1000300077956795B11D93959639C8F308950F94F8
:10004000547F08F48FEF08950F94B17729F00F943F
:10005000B87711F00D94AE770D94A877B901CA0165
:100060000D94937F9F775F770F94D07768F39923F0
:10007000A9F35523A9F3FF27951758F4E52FE91B9A
:10008000ED3060F75E3B10F0F1E41CC09034E0F41A
:100090000AC0E92FE51BED3018F79E3B10F0F1E4A4
:1000A00011C0503488F4F9EA88232AF09A95660F33
:1000B000771F881FDAF744232AF05A95220F331F3F
:1000C000441FDAF79F1B5F1BFF931F930F93FF9251
:1000D000EF9279018A01BB27AB2F9B01AC010F94F2
:1000E00051779701A801BF937B018C01AA27BA2FF2
:1000F000B901CA010F945177AF919701A801EF9010
:10010000FF900F911F910F94AD7D0F94BF770F94C7
:1001100064814F9140FF0895552747FD50950D94F8
:100120009D809B01AC0160E070E080E89FE30D944E
:10013000957E0D94A8770D94937F0F94D877D8F37C
:100140009923C9F3940F511DA3F39150504094F09B
:1001500059F0882332F0660F771F881F9150504066
:10016000C1F79E3F51052CF7880F911D96958795F5
:1001700097F908955F3FACF0983E9CF0BB278695B9
:1001800077956795B79508F4B1609395C1F7BB0F64
:1001900058F711F460FFE8CF6F5F7F4F8F4F9F4F8D
:1001A000E3CF0D94F3770F94D87758F19E5760F111
:1001B0009851A0F0E9F0983020F5092E9927660FA4
:1001C000771F881F991F0A94D1F712C0062E672F38
:1001D000782F8827985F11F4000C07C0993FB4F37B
:1001E0008695779567959395D9F7611D711D811D4A
:1001F0003EF490958095709561957F4F8F4F9F4FFE
:10020000089568940D94F3770D94F277FA01EE0F48
:10021000FF1F309621053105A1F16115710561F4CB
:100220008038BFE39B0749F168949038810561F0FD
:100230008038BFEF9B0741F099234AF5FF3FE10566
:100240003105210519F1E8940894E795D901AA230D
:1002500029F4AB2FBE2FF85FD0F310C0FF5F70F40E
:10026000A695E0F7F73950F019F0FF3A38F49F7788
:100270009F930DD00F9007FC9058089546F00D9471
:10028000AE7760E070E080E89FE308954FE79F77E6
:100290005F934F933F932F930F9406822F913F913B
:1002A0004F915F910F943B770D94B1819F930F9481
:1002B000CA7F0F9007FCEE5F0D94F37F19F416F4DC
:1002C0000D94AE770D94937F0F94D877B8F399235C
:1002D000C9F3B6F39F57550B87FF0F94E3810024B2
:1002E000A0E640EA900180585695979528F4805CE6
:1002F000660F771F881F20F026173707480730F44E
:10030000621B730B840B202931294A2BA695179465
:100310000794202531254A2758F7660F771F881F35
:1003200020F026173707480730F4620B730B840B55
:10033000200D311D411DA09581F7B901842F9158E1
:10034000880F9695879508950F94547F880B990B85
:10035000089529F416F00D94A8770D94F2770D9472
:10036000AE770F94D877A8F39638A0F707F80F92D6
:10037000E8942BE33AEA48EB5FE70F9451770F924A
:100380000F920F924DB75EB70F920F944E82EFE22D
:10039000F1E00F94A17F4F915F91EF91FF91E5956F
:1003A000EE1FFF1F49F0FE57E0684427EE0F441F81
:1003B000FA95E1F74195550B0F949D800F9007FE3C
:1003C0000D949180089591505040660F771F881FBB
:1003D000D2F708959F938F937F936F93FF93EF933B
:1003E0009B01AC010F943B77EF91FF910F94A17F9C
:1003F0002F913F914F915F910D943B7716F00D94A3
:10040000937F0D94AE7768940D94A8770F94D87766
:10041000A8F39923C1F3AEF3DF93CF931F930F9308
:10042000FF92C92FDD2788232AF02197660F771FB7
:10043000881FDAF720E030E040E85FEB9FE388397F
:1004400020F0803E38F021968F770F94967DE7E577
:10045000F1E004C00F94967DE4E8F1E00F94A17FF1
:100460008B01BE01EC01FB2E6F5771097595771F4B
:10047000880B990B0F94FC7628E132E741E35FE3A8
:100480000F944E77AF2D9801AE01FF900F911F9101
:10049000CF91DF910F94AD7D0D94BF77FA01DC0110
:1004A000AA0FBB1F9B01AC01BF5728F4222733279B
:1004B0004427507820C0B75190F4AB2F00244695C4
:1004C00037952795011CA395D2F3002071F0220FD8
:1004D000331F441FB395DAF30ED00D94957D613030
:1004E0007105A0E88A07B94630F49B01AC01662784
:1004F000772788279078309621F0208331834283B4
:10050000538308959111089581548A5108F4805EAF
:10051000855A0895FB01DC0104C08D91019080197A
:1005200021F441505040C8F7881B990B0895FB01F6
:10053000DC0102C001900D9241505040D8F708955F
:10054000DC0101C06D9341505040E0F70895FB017C
:10055000DC018D9181341CF08B350CF4805E61914F
:1005600061341CF06B350CF4605E861B611189F3FD
:10057000990B0895FB01DC010D900020E9F711971C
:1005800001900D920020E1F70895FC0181918617FA
:1005900021F08823D9F7992708953197CF0108953D
:1005A000FB01DC018D91019080190110D9F3990BA9
:1005B0000895FB01DC0101900D920020E1F7089500
:1005C000FB01DC014150504030F08D9101908019C9
:1005D00019F40020B9F7881B990B0895FB01DC0181
:1005E0004150504048F001900D920020C9F701C0E1
:1005F0001D9241505040E0F708950F931F93CF9301
:10060000DF93E0910317F09104172381EC0110E0D0
:1006100000E021FD08C00FEF1FEF14C01995892BD2
:1006200011F00FEF1FEF899160910317709104177C
:10063000DB011896ED91FC918111F0CF8AE01995BC
:10064000892B49F7C801DF91CF911F910F91089530
:1006500014E3C9E5D4E300E006C0802FFE010F9447
:100660007E7D2196011DCA35D10780E00807A9F7D4
:04067000F894FFCF2C
:10067400303132333435363738392E200A47580072
:100684000000803FFFFFFFFF00007A430000524359
:100694000000524300000000000080C09A99193EF7
:1006A40064000240771B0060EA0000FFFFFFFFFFC9
:1006B40001010000484200003E430000A041D20076
:1006C400FF3FFF3FFF3F01AF006400020101010152
:1006D400010E013E03C201FFB7490005C9490005E7
:1006E40001FFFFFFFFFF080101020080BB4400007F
:1006F40080BF000000000000000000000000640053
:10070400000080BF000000000000000000000000A6
:100714000000074400804F440000FA430000874370
:1007240000804F440000E14310101010107F7F77C9
:100734007B777F7F58595A45580059005A005072A8
:10074400757361206933204D4B322E3553000D0AE9
:100754000000C0284500C0284500007A440000C8B5
:10076400428C22492208222F0000803B4500803B16
:0A07740045000048440000000000AA
:00000001FF
