:100000000C945D3B0C948E3B0C948E3B0C948E3B7D
:100010000C948E3B0D94FF980C948E3B0C94E557FA
:100020000C9402580C948E3B0C948E3B0C948E3B9B
:100030000C943D4C0C948E3B0D945C260D94E81F63
:100040000C948E3B0D9432370C948E3B0C948E3B6B
:100050000C948E3B0C948E3B0C948E3B0C94EC5683
:100060000C948E3B0D9424B50C948E3B0C948E3BDB
:100070000C948E3B0C948E700C948E3B0C948E3BA7
:100080000C948E3B0C948E3B0C948E3B0C948E3BCC
:100090000D94E0B40C948E3B0C948E3B0C948E3BF0
:1000A0000C948E3B0C948E3B0D94A6150C948E3BB9
:1000B0000C948E3B0D9488150C948E3B0D94A62BBE
:1000C0000C948E3B0C948E3B0C948E3B0D944815F7
:1000D0000C948E3B0C948E3B0C948E3B0C948E3B7C
:1000E0000C948E3B084AD73B3BCE016E84BCBFFDCF
:1000F000C12F3D6C74319ABD56833DDA3D00C77FF8
:1001000011BED9E4BB4C3E916BAAAABE0000008090
:100110003F05A84CCDB2D44EB93836A9020C50B91F
:10012000918688083CA6AAAA2ABE000000803F0744
:10013000634236B79BD8A71A39685618AEBAAB5582
:100140008C1D3CB7CC5763BD6DEDFD753EF6177247
:1001500031BF000000803F08000000BE9224491219
:100160003EABAAAA2ABECDCCCC4C3E00000080BE3D
:10017000ABAAAAAA3E00000000BF000000803F001A
:1001800000000000084178D3BB4387D1133D190E0E
:100190003CC3BD4282AD2B3E68EC8276BED98FE176
:1001A000A93E4C80EFFFBE01C4FF7F3F000000006E
:1001B00000000D9412150C9475B40D945C0C0C9405
:1001C00087B40D9481440D9471460D943B050C94B5
:1001D0008AF20D9471440C94AFBC0D946A110D9485
:1001E00013080C9432F40C94BBBC0D9489190D9433
:1001F0005B440D94541C0C94ADB40D94620C0C949F
:100200009BB60C94EEED0C9456B40C942FF70D9411
:10021000390E0D941F460C9484B10D94B2450C9484
:10022000CAC30C94E6BB0D9420760D9461320C94F5
:100230006CF80D94A5440D947B760C9496B40D94B3
:1002400055110D94F2450D9461460C94E9E90C9416
:10025000BDC30D94A90C0C948DCA0C9484B60C9457
:100260000CC40C944DBB0C949AE90D9458060D9453
:1002700079460D9464060D9469090D948C0A0D94C9
:10028000307C0D9471110D949E760C94F6BB0D94F8
:10029000D0430C94EB5A0C9438F30C9477B20C9432
:1002A000F0C30C94C5C30D9431050D94EF1C0D944F
:1002B000C1080D945C110C9488B10C94B5B10D94E7
:1002C000C01E0C9493B10D949D0A0C9425C40C94FB
:1002D000C5F10D94767C0C9463BD0C947FB60D949F
:1002E00027110D944D0A0C943F490D949A060D94D4
:1002F000A3070C9490B10D946F060C947EB10C94EE
:1003000075B60C94C3F00D9470000D9433440C94A6
:100310000DEA0C94CBB10C9447BD0C94F7B50D9439
:1003200053460C94F6B80C941FB70C94BEB10C94C1
:10033000035A0C948EB60C943E570C9404EA0D9418
:10034000A27C0D94D7040C9429ED0C9435BD0C942B
:1003500089B60C942FBD0C9416B40C9492B60C94E0
:1003600070EF0D947B070C9472BC0C94F2E90D9421
:1003700088000C94B9B10D94B2220C94D5560D940A
:10038000957C0D9460AE0C9402C40D949E0E0C945A
:10039000A5BA0C94E8C30D9459460D9437060D94F4
:1003A000711F0D94670C0C94F5E90D9447070D949B
:1003B000581F0D9433060C945CB20C94A3BC0D949E
:1003C00098510D94BB050D9491060D9429330C940E
:1003D00086F20C94A6BC0C9491E90C9454570C949E
:1003E000D4C30D94451A0D9463110D941D050C94FE
:1003F0002FC40C94D8B80D9439440C9459B80D946A
:100400003D440C948CB10D9465050C9499B10C94F9
:10041000DEC30C9416C40C94A3B10D9472450C94D5
:1004200076EF0D9489460D940C440C9430F10C94A5
:10043000A7B10D942B090D9498060D9439760C9460
:100440006BB60C948BF70C9434F10D94644B0D94B3
:1004500081460C943BBD0C94B1C80D941C460D9480
:100460005EAC0D94BC450D9422460C94A5FC0C94F6
:10047000ADCA0C9439C40D94740F0C9462B40C94EE
:1004800019EA0D948A450D9404090D94CD0B0D9431
:10049000B1090C9482BB0C9452BD0C94C9FF0C940E
:1004A000BFB10D947C050D9444110D94C8430C9478
:1004B00071B20D9402440C941CF20C94B7B50D94D7
:1004C00099460D94B04B0D94161F0C94F8E90C94BA
:1004D000FBE90C9480570D94EC0E0C944DC40D94D4
:1004E00059140C94ACBC0C9430570C94C7B10C94B8
:1004F00057C40C94E9400C9470B60D94A1460C942A
:100500007AB60C9441F70C94B2BC0D94060A0D9483
:1005100024440D9498430C9429BD0D94D3080C9455
:1005200025570D94AF450C9410EA0D94F0360D94B8
:1005300091460C9461BD0C94C3B10C949DB10D9483
:100540005B050C9494FC0D94BE430D9427050D940B
:10055000270E0D94997C0C9443C40C94ACE90D9433
:1005600051050D949B760D94B9460D945B430D9403
:1005700050460C94ABB10C94A2B40C940B570C9451
:100580009BFF0D944C060D94B9450D94840A0C9470
:100590005BB10C945D570D9456460C94B1B10D941B
:1005A00047050C9457BB0D94A9460D94291B0D9437
:1005B00013050D94491F0C9429FF0D94927C0D9402
:1005C000B1460D948D050C94A9BC0D9469460D940B
:1005D00098760D94300E0D94A77C0C94F8C30C946F
:1005E00092570C9431B50D94D31E6E616E00696EF6
:1005F000660000407A10F35A00A0724E18090010ED
:10060000A5D4E80000E87648170000E40B54020087
:1006100000CA9A3B000000E1F505000080969800B2
:10062000000040420F000000A086010000001027DB
:1006300000000000E803000000006400000000006B
:100640000A00000000000100000000002C76D8889D
:10065000DC674F0823DFC1DFAE59E1B1B796E5E3B0
:10066000E453C63AE651997696E8E6C28426EB89C9
:100670008C9B62ED407C6FFCEFBC9C9F40F2BAA566
:100680006FA5F490055A2AF75C936B6CF9676DC1FE
:100690001BFCE0E40D47FEF520E6B500D0ED902E02
:1006A0000300943577050080841E080000204E0A60
:1006B000000000C80C333333330F986E128311419E
:1006C000EF8D2114893BE65516CFFEE6DB18D18469
:1006D0004B381BF77C1D901DA4BBE4242032847290
:1006E0005E228100C9F124ECA1E53D272200656E60
:1006F000717565696E67202200446F6E65207072A7
:10070000696E74696E672066696C65004E6F204C77
:10071000696E65204E756D62657220776974682018
:10072000636865636B73756D2C204C617374204C2A
:10073000696E653A20004E6F20436865636B737580
:100740006D2077697468206C696E65206E756D62C6
:1007500065722C204C617374204C696E653A2000E0
:10076000636865636B73756D206D69736D61746328
:10077000682C204C617374204C696E653A20004CE3
:10078000696E65204E756D626572206973206E6FAB
:1007900074204C617374204C696E65204E756D62D7
:1007A00065722B312C204C617374204C696E653A54
:1007B0002000256C752062797465732077726974E6
:1007C00074656E20746F2025532061742061646409
:1007D000726573732030782530346C780A004425B4
:1007E00064202D20526561642F577269746520253D
:1007F000530A0020436F756E7420583A200045302C
:100800003A25642052504D2050524E313A256420F2
:1008100052504D204530403A25752050524E3140BF
:100820003A25750A00526573656E640025533A20B7
:10083000256C640A25530A002F2F616374696F6E5B
:100840003A6E6F74696669636174696F6E202553CF
:100850000A0046696C616D656E742072756E6F7505
:100860007420646574656374656421005072696EF8
:100870007465722073746F70706564206475652090
:10088000746F206572726F72732E2053757065726B
:10089000766973696F6E2072657175697265642E11
:1008A0000064756D7020636C65617265640A006E2A
:1008B0006F2064756D7020617661696C61626C6532
:1008C0000A00443231202D20726561642063726118
:1008D00073682064756D700A006E6F2064756D70AA
:1008E00020617661696C61626C650A0064756D7087
:1008F00020636F6D706C6574656420696E20256C73
:10090000756D730A0058464C415348004545505296
:100910004F4D005352414D00442D31202D20456E46
:10092000646C657373206C6F6F700A004163746947
:1009300076652045787472756465723A2030004996
:100940006E76616C69642065787472756465720096
:10095000746D63323133305F7072696E745F6375CA
:100960007272656E747328290A094809520A580977
:1009700025640925640A590925640925640A5A0968
:1009800025640925640A450925640925640A00537C
:1009900044207072696E74696E6720627974652094
:1009A00000257500556E6B6E6F776E20636F6D6DF1
:1009B000616E643A2022004D32303020496E7661FB
:1009C0006C696420657874727564657220007A5F62
:1009D0006D61783A20007A5F6D696E3A2000795F28
:1009E0006D61783A2000795F6D696E3A2000785F1A
:1009F0006D61783A200054524947474552454400BA
:100A00006F70656E00785F6D696E3A200052657098
:100A10006F7274696E6720656E6473746F70207393
:100A20007461747573004D3131322063616C6C6593
:100A3000642E20456D657267656E63792053746F0F
:100A4000702E002F2F616374696F6E3A75766C6F2C
:100A50005F7265636F766572795F72656164790054
:100A60002F2F616374696F6E3A75766C6F5F617575
:100A7000746F5F7265636F766572795F72656164CA
:100A8000790025533A256C7520636D0A25533A2564
:100A90006C75206D696E0A0053494C454E54004EEA
:100AA0004F524D414C002553204D4F44453A205064
:100AB000657263656E7420646F6E653A20256868A0
:100AC000643B207072696E742074696D6520726574
:100AD0006D61696E696E6720696E206D696E733A2B
:100AE0002025643B204368616E676520696E206D38
:100AF000696E733A2025640A005072696E746572DB
:100B000053746174653A2025640A00456E6420665A
:100B1000696C65206C69737400426567696E206654
:100B2000696C65206C69737400556E6B6E6F776EBF
:100B300020256320636F64653A2025730A000A50FC
:100B4000494E44412074656D7065726174757265BB
:100B50003A20252E3166205A207368696674202851
:100B60006D6D293A20252E3366000A537465703A5C
:100B70002025642F360A000A537465703A202564D4
:100B80002F362028736B6970706564290A50494EAE
:100B900044412074656D70657261747572653A20A8
:100BA0002564205A20736869667420286D6D293A7F
:100BB000300A000A5A45524F3A20252E33660A0061
:100BC00073746172742074656D706572617475728E
:100BD000653A20252E31660A0025642020252E3214
:100BE0006600255320583A20252E356620593A2094
:100BF000252E3566205A3A20252E35660A00536C7C
:100C00006565702E2E2E0045303A25642052504DD9
:100C10000A50524E303A25642052504D0A000020AE
:100C200045535000204E535000204F464600204F61
:100C30004E005056303100205B4D505D200025693C
:100C400020686F757273202569206D696E757465F3
:100C5000730052582074696D656F7574004D33319F
:100C600030004D313132004D3131300046756C6C01
:100C70002052582042756666657200536574746927
:100C80006E67732053746F72656400544D3A20731D
:100C9000746F7265642063616C6962726174696FFC
:100CA0006E20696E76616C69642C20726573657460
:100CB00074696E670053746F726564207365747431
:100CC000696E677320726574726965766564004841
:100CD000617264636F6465642044656661756C74F9
:100CE0002053657474696E6773204C6F616465642A
:100CF00000563200000000C8420000C8420000C890
:100D00004300008C4300004843000048430000407B
:100D1000410000F042E8030000E8030000C80000C2
:100D2000008813000000409C4400409C44000000E8
:100D30000000000000204E000000002041000020C4
:100D400041CDCCCC3E0000904000000000000000EF
:100D50000000000000CDCCCC3E3D0A8141FF08439D
:100D60003EB099AB438F42FC42E65A343F4C62B0EE
:100D70004500000000004040000034420000000038
:100D80000000000000000041000000E03F0000C83B
:100D9000420000C842000040410000F042C0030091
:100DA00000C0030000C800000088130000101010ED
:100DB0002000409C440000803F0000003F191400C8
:100DC0000000437573746F6D004E796C6F6E504107
:100DD00000536174696E2020005465787475720048
:100DE000536D6F6F746800486F74656E6420666140
:100DF0006E207370656564206973206C6F7765720F
:100E0000207468616E206578706563746564005055
:100E100072696E742066616E207370656564206906
:100E200073206C6F776572207468616E20657870CE
:100E3000656374656400312E3000312E3500554EE7
:100E40004B4E4F574E004C413130433A204C696E67
:100E500065617220416476616E6365206D6F6465C3
:100E60003A20004C413130433A2041646A75737432
:100E7000656420452D4A65726B3A20003E0FA8AF8D
:100E800000480069960000DF6025555887680427F0
:100E9000F2E0005E3403CC1960F33C0EF88F00DB07
:100EA00008029492003E1C079A8700E524008528DA
:100EB000527E06001BE4007E781270787061F81292
:100EC000788F884178427078706178257078706189
:100ED000F850788F88D1F02527078761F025278F74
:100EE00088412C0D27AA50D1BC0707871161BE7815
:100EF0008F881141785270787061F852788F8841EC
:100F000020127888706320527888706348527888FD
:100F10008743031117997064181278F870654412AA
:100F2000F8F8F045184278F87065182578F870657B
:100F3000185278F87065185078F870650C078F872C
:100F40002365A20F8F8F11450012062270690012CF
:100F50000722274900250622706900250722274914
:100F600000120622276C026236A2706C40456C4467
:100F7000704C03622222706C43888888F04C78128F
:100F8000BC88806E7852BC88806E38127888706F0A
:100F900078127888874F38427888706F382578883B
:100FA000706F3A0079AC786F3D079AAC786F7850E3
:100FB000788887EF39497888706F0852BC888072CA
:100FC0009852F88F985220127870F0734812786314
:100FD000875320527870F073485278638753100714
:100FE000870F247312786387245360699A988BE281
:100FF0002304E4443074104E444324747C128889E2
:1010000060753C50888870557825288960757949C5
:10101000088960753C12887070790C1288522259C8
:101020004412F124F07A4452F124F07A8C52F036D2
:101030008F5A4420F124F07A00401454CDCCCC3D9A
:101040000AD7233C17B7D13877CC2B329595E624B5
:101050001FB14F0A000020410000C84200401C465A
:1010600020BCBE4CCA1B0E5AAEC59D744E414E49A3
:101070004E46437261736820646574656374656489
:101080002E00536F6D652070726F626C656D206508
:101090006E636F756E74657265642C205A2D6C6575
:1010A00076656C696E6720656E666F726365642035
:1010B0002E2E2E004D65736820626564206C657667
:1010C000656C696E67206661696C65642E2050727C
:1010D000696E742063616E63656C65642E0048659B
:1010E0006174696E672064697361626C6564206213
:1010F00079207361666574792074696D65722E005C
:1011000053544F505045442E0050415553454420B0
:10111000544845524D414C204552524F5200472DA4
:10112000636F646520736C6963656420666F722009
:101130006120646966666572656E74206C657665AB
:101140006C2E20506C656173652072652D736C691F
:10115000636520746865206D6F64656C20616761EC
:10116000696E2E00472D636F646520736C6963653B
:101170006420666F72206120646966666572656EC0
:1011800074206C6576656C2E00472D636F64652056
:10119000736C6963656420666F722061206E657789
:1011A0006572206669726D776172652E20506C657C
:1011B000617365207570646174652074686520666C
:1011C00069726D776172652E00472D636F646520CB
:1011D000736C6963656420666F722061206E657749
:1011E0006572206669726D776172652E00472D63A6
:1011F0006F646520736C6963656420666F7220613B
:1012000020646966666572656E74207072696E74BA
:10121000657220747970652E20506C65617365204D
:1012200072652D736C69636520746865206D6F64E9
:10123000656C20616761696E2E00472D636F646580
:1012400020736C6963656420666F72206120646935
:1012500066666572656E74207072696E7465722060
:10126000747970652E005072657373207468652000
:101270006B6E6F6220746F20707265686561742098
:101280006E6F7A7A6C6520616E6420636F6E74692C
:101290006E75652E00506C656173652070726573A4
:1012A0007320746865206B6E6F6220746F20756E9A
:1012B0006C6F61642066696C616D656E7400616E4F
:1012C0006420707265737320746865206B6E6F6242
:1012D00000496E736572742066696C616D656E7429
:1012E00000436F6C6F72206E6F7420636F72726553
:1012F00063740046696C616D656E74206E6F742056
:101300006C6F61646564004368616E676564206347
:101310006F72726563746C79004C6F6164696E679B
:1013200020636F6C6F72004368616E676520737530
:1013300063636573732100506C65617365206F7022
:10134000656E2069646C657220616E642072656DE3
:101350006F76652066696C616D656E74206D616E77
:1013600075616C6C792E005761732066696C616DD4
:10137000656E7420756E6C6F616420737563636550
:10138000737366756C3F00506C6561736520757092
:1013900067726164652E004E6577206669726D77AD
:1013A0006172652076657273696F6E20617661691E
:1013B0006C61626C653A0057616974696E6720669A
:1013C0006F722050494E44412070726F62652063F5
:1013D0006F6F6C696E6700506C6561736520776133
:1013E0006974004E6F206D6F76652E0057616974C9
:1013F00020666F7220757365722E2E2E00537461F5
:10140000626C6520616D6269656E742074656D70D3
:10141000657261747572652032312D3236432069F0
:1014200073206E6565646564206120726967696414
:10143000207374616E6420697320726571756972BE
:1014400065642E00506C656173652072756E20585E
:10145000595A2063616C6962726174696F6E2066AB
:10146000697273742E00627573793A2070617573B6
:10147000656420666F7220696E70757400627573A2
:10148000793A2070617573656420666F7220757398
:10149000657200627573793A2070726F6365737359
:1014A000696E670000007F43008054430000524390
:1014B00000000000000080C09A99193E0000000062
:1014C000000080C09A99193E0000A0400000A04092
:1014D0000000004025336420737465703D2532643C
:1014E000206D73636E743D2534640A0000007F43F1
:1014F000008058439AD95143FFFFFF20413A002012
:10150000503A002042403A0020403A00202F00206C
:1015100054303A00202F0020423A00202F00543A45
:101520000025534578636573736976652062656449
:10153000206C6576656C696E6720636F7272656397
:1015400074696F6E3A202569206D6963726F6E73DE
:101550000A00426564206C6576656C696E6720667A
:1015600061696C65642E20546F6F206D756368200F
:10157000766172696174696F6E2066726F6D206545
:101580006570726F6D206D65736800426564206CD4
:101590006576656C696E67206661696C65642E208E
:1015A00053656E736F7220747269676765726564E4
:1015B00020746F6F20736F6F6E002020004D656187
:1015C000737572656420706F696E74733A005A2087
:1015D000736561726368206865696768743A20356D
:1015E0002E3066004E756D20582C593A20372C3716
:1015F000004D65736820626564206C6576656C6972
:101600006E67206E6F74206163746976652E0020AA
:10161000453A00205A3A0020593A0020453A002025
:101620005A3A0020593A00583A00202D3E200053E3
:10163000706F6F6C4A6F696E3A20002C20006673E1
:10164000656E736F722076302E3420696E2066616D
:10165000756C742072616E676520342E362D355698
:10166000202D20756E636F6E6E6563746564006611
:1016700073656E736F7220696E20666F7262696443
:1016800064656E2072616E676520312E352D33568C
:10169000202D20636865636B2073656E736F720025
:1016A000496E6163746976697479205368757464EE
:1016B0006F776E004B494C4C45442E005072696E5A
:1016C0007465722068616C7465642E206B696C6C43
:1016D00028292063616C6C656421005A206C69764E
:1016E000652061646A757374206F7574206F66205D
:1016F00072616E67652E2053657474696E6720741D
:101700006F20302E20436C69636B20746F20636FF1
:101710006E74696E75652E005A206C69766520615D
:10172000646A757374206F7574206F662072616EC1
:1017300067652E2053657474696E6720746F20305E
:101740000020453A3020423A00543A004731205AAE
:10175000252D2E33662046252D2E336600496E76C4
:10176000616C6964205420636F64652E0044757059
:101770006C696361746520542D636F6465206967CB
:101780006E6F7265642E00416476616E6365204BF6
:101790003D004B206F7574206F6620616C6C6F7715
:1017A00065642072616E676521004D4B3353004DB7
:1017B0004B33534D4D5533005E762E012533642F48
:1017C0002533640025336400200A200A200A200003
:1017D0002553537461746973746963733A0A2553AA
:1017E00020204D37382053256C752054256C750A00
:1017F0000025534172632053657474696E67733AB0
:1018000020503A4D6178206C656E677468286D6D64
:101810002920533A4D696E206C656E6774682028E4
:101820006D6D29204E3A436F7272656374696F6EF5
:101830007320523A4D696E207365676D656E7473DF
:1018400020463A5365676D656E74732F7365632E1A
:101850000A255320204D3231342050252E32662067
:1018600053252E3266204E256420522564204625BD
:10187000640A00255346696C616D656E742073655A
:101880007474696E67733A2044697361626C65644D
:101890000A00255346696C616D656E74207365742A
:1018A00074696E67733A0A25532020204D32303018
:1018B0002044252E32660A002553526574726163F6
:1018C000743A20533D4C656E67746820286D6D290D
:1018D00020463A537065656420286D6D2F6D292070
:1018E0005A3A205A4C69667420286D6D290A25538E
:1018F0002020204D3230372053252E3266204625B9
:101900002E3266205A252E32660A25535265636FA1
:101910007665723A20533D4578747261206C656E2D
:1019200067746820286D6D2920463A537065656498
:1019300020286D6D2F6D290A25532020204D32302F
:10194000382053252E32662046252E32660A25532E
:101950004175746F2D526574726163743A20533D02
:101960003020746F2064697361626C652C203120B3
:10197000746F20696E746572707265742065787416
:10198000727564652D6F6E6C79206D6F766573204E
:101990006173207265747261637473206F72207258
:1019A00065636F7665726965730A25532020204D43
:1019B000323039205325640A0025535049442068A9
:1019C0006561746265642073657474696E67733AE7
:1019D0000A25532020204D3330342050252E3266E6
:1019E0002049252E32662044252E32660A002553D2
:1019F0005049442073657474696E67733A0A2553BD
:101A00002020204D3330312050252E3266204925AC
:101A10002E32662044252E32660A00255353746503
:101A200070732070657220756E69743A0A255320B0
:101A3000204D39322058252E32662059252E326607
:101A4000205A252E32662045252E32660A2553550A
:101A500053746570207265736F6C7574696F6E3A3C
:101A6000200A2553204D3335302058256420592530
:101A700064205A2564204525640A25534D61786900
:101A80006D756D20666565647261746573202D20C7
:101A90006E6F726D616C20286D6D2F73293A0A2567
:101AA0005320204D3230332058252E3266205925C0
:101AB0002E3266205A252E32662045252E32660AA1
:101AC00025534D6178696D756D2066656564726139
:101AD000746573202D20737465616C746820286DA3
:101AE0006D2F73293A0A255320204D323033205868
:101AF000252E32662059252E3266205A252E326632
:101B00002045252E32660A25534D6178696D756D25
:101B100020616363656C65726174696F6E202D204E
:101B20006E6F726D616C20286D6D2F7332293A0AC9
:101B3000255320204D3230312058256C75205925F1
:101B40006C75205A256C752045256C750A25534DFA
:101B50006178696D756D20616363656C6572617430
:101B6000696F6E202D20737465616C746820286D18
:101B70006D2F7332293A0A255320204D32303120FF
:101B800058256C752059256C75205A256C75204593
:101B9000256C750A2553416363656C6572617469D0
:101BA0006F6E3A20503D7072696E742C20523D72F7
:101BB0006574726163742C20543D74726176656C37
:101BC0000A255320204D3230342050252E326620F5
:101BD00052252E32662054252E32660A2553416442
:101BE00076616E636564207661726961626C6573AB
:101BF0003A20533D4D696E20666565647261746577
:101C000020286D6D2F73292C20543D4D696E207452
:101C1000726176656C206665656472617465202802
:101C20006D6D2F73292C20423D6D696E696D756D48
:101C3000207365676D656E742074696D6520287505
:101C400073292C20583D6D6178696D756D20585948
:101C5000206A65726B20286D6D2F73292C20205A05
:101C60003D6D6178696D756D205A206A65726B20D3
:101C7000286D6D2F73292C2020453D6D6178696D8D
:101C8000756D2045206A65726B20286D6D2F732954
:101C90000A255320204D3230352053252E32662020
:101CA00054252E32662042256C752058252E32662A
:101CB0002059252E3266205A252E32662045252EA3
:101CC00032660A2553486F6D65206F6666736574CA
:101CD00020286D6D293A0A255320204D32303620B8
:101CE00058252E32662059252E3266205A252E324E
:101CF000660A00544D3A20525B25755D2065737469
:101D0000696D6174652E00544D3A20255320522090
:101D100025644300544D3A202553204320657374B5
:101D20002E00544D3A20636F6F6C20646F776E20E5
:101D30003C25644300726566696E6500696E69746E
:101D400069616C00544D3A2063616C6962722E20A7
:101D50006661696C65642100544D3A2063616C6969
:101D600062726174696F6E20737461727400544D95
:101D70003A2043616C2E204E4F542049444C45007C
:101D80004361703A25533A25630A00505255534136
:101D90005F4D4D553200455854454E4445445F4DC6
:101DA0003230004155544F5245504F52545F504FBE
:101DB000534954494F4E004155544F5245504F528C
:101DC000545F46414E53004155544F5245504F5277
:101DD000545F54454D50000044656C6574696F6EE6
:101DE000206661696C65642C2046696C653A200048
:101DF00046696C652064656C657465643A004E6F75
:101E000074205344207072696E74696E670050725A
:101E1000696E742073617665640053442070726942
:101E20006E7420706175736564002533642F2533EB
:101E300064004F4B004241440052414D426F2046E6
:101E4000414E20006676007468780050524E004380
:101E5000524153485F43414E43454C004352415326
:101E6000485F5245434F5645520043524153485FE5
:101E70005245434F56455200222832290025533AF5
:101E80002025530A002C204D393037204520696722
:101E90006E6F726564006E6F2076616C696420639A
:101EA0006F6D6D616E64007A65726F72697A6564D8
:101EB00000666163746F727920726573746F726506
:101EC0006400696E6465782C2074656D702C2075D3
:101ED000737465702C20756D0050494E4441206329
:101EE000616C207374617475733A2000503A005726
:101EF00061697420666F722050494E4441207461BC
:101F0000726765742074656D706572617475726551
:101F10003A00204100205000204200204C00205276
:101F200000205A00204E4F5420494E495449414CFC
:101F3000495A45440053686565742000205A20566C
:101F4000414C5545204F5554204F462052414E4755
:101F50004500496E76616C6964207368656574201C
:101F600049442E20416C6C6F7765643A20302E2EE8
:101F7000004155544F004C414E472053454C20469C
:101F80004F52434544004D323536204225642044AB
:101F9000256420532564205425750A0020643A00E6
:101FA00020693A0020703A0020643A0020693A0023
:101FB00020703A00256925250A00256925250A0093
:101FC00022283129002F2F00002045585452554413
:101FD00045525F434F554E543A3100204D414348DE
:101FE000494E455F545950453A00312E3000206229
:101FF00061736564206F6E204D61726C696E20465E
:1020000049524D574152455F55524C3A687474706D
:10201000733A2F2F6769746875622E636F6D2F7026
:102020007275736133642F50727573612D466972D6
:102030006D776172652050524F544F434F4C5F563D
:10204000455253494F4E3A006633653064666434F6
:1020500038005F0038323834002B004649524D5763
:102060004152455F4E414D453A50727573612D4660
:1020700069726D7761726520004D313133205300F4
:102080006F6B20006E2F61003F546F73686962614F
:1020900020466C617368416972204765744950201D
:1020A0006661696C65640A00000125311D0C4024DD
:1020B000301C0B45232F1B0A17FF0406222B1A0383
:1020C000363735382569206D696E2C2025692073D7
:1020D000656300496E76616C6964204D20636F64AE
:1020E000653A2025730A0050494E44412070726FB2
:1020F00062652063616C6962726174696F6E2073DE
:1021000074617274004E6F2050494E4441207468CF
:1021100065726D6973746F7200736574006E6F7AA7
:102120007A6C65004D424C004652004C7A004C617E
:102130006E6700315F37356D6D5F4D4B33532D4505
:10214000494E53795F3130612D453344763666759B
:102150006C6C0052657600332E31342E312D3832BE
:1021600038340046697200534E20696E76616C699E
:102170006400534E005245534554004D4D55524551
:10218000530075766C6F0046414E0046414E5049F3
:102190004E545354005052555341005345545F43DD
:1021A000484F505F005345545F535445505F0053B0
:1021B00045545F574156455F00544D435F004352BD
:1021C0004153485F43414E43454C004352415348BD
:1021D0005F5245434F5645520043524153485F4476
:1021E000455445435445440043524153485F004DD4
:1021F000313034533000473158313059313830465E
:10220000343030300047315A3130463133303000CD
:102210004D3134305330004731452D302E30373575
:102220004632313030004D323034533130303000AE
:1022300047315A354637323030004731452D312E3F
:1022400035463231303000473930004D31303700BB
:1022500048426564206F6E206C6F616400466C615B
:10226000736841697200546865726D616C204D6FCE
:1022700064656C2063616C2E004572723A5052495D
:102280004E542046414E204552524F5200457272E4
:102290003A484F54454E442046414E204552524FF5
:1022A00052002F2F616374696F6E3A726573756D9A
:1022B0006564002F2F616374696F6E3A7265737580
:1022C0006D65002F2F616374696F6E3A726561648A
:1022D00079002F2F616374696F6E3A6E6F745F724D
:1022E00065616479002F2F616374696F6E3A636171
:1022F0006E63656C004D38340041786973206C65FD
:102300006E67746820646966666572656E63653AB7
:10231000252E33660A004D65617375726564206110
:10232000786973206C656E6774683A252E33660A87
:10233000004F4B004C4344207374617475732063E9
:1023400068616E6765640053442063617264207243
:10235000656C65617365640046616B6520736572C9
:1023600069616C206E756D62657200452D636F6FDB
:102370006C206D6F646500414C5446414E2064658D
:10238000742E002F2F616374696F6E3A73746172DB
:102390007400473931004D373032004D3833004733
:1023A00032382057004D3530300045787465726EF4
:1023B000616C2053504920666C6173680A58464C22
:1023C000415348206973206E6F74207265732D0A23
:1023D000706F6E64696E672E204C616E6775616701
:1023E000650A73776974636820756E617661696CDC
:1023F00061626C652E0058464C415348206E6F74E4
:1024000020726573706F6E64696E672E0046572088
:102410006372617368206465746563746564212008
:10242000596F752063616E20636F6E74696E756598
:10243000207072696E74696E672E204465627567DC
:10244000206461746120617661696C61626C6520F1
:10245000666F7220616E616C797369732E20436FB1
:102460006E7461637420737570706F727420746F12
:10247000207375626D69742064657461696C732E74
:10248000002F2F616374696F6E3A64756D705F61C0
:102490007661696C61626C65004372617368446562
:1024A000746563742044495341424C45440043726F
:1024B00061736844657465637420454E41424C45C0
:1024C000442100486F74656E642066616E207479E3
:1024D00070653A20002020506C616E6E6572427506
:1024E0006666657242797465733A200020467265AB
:1024F00065204D656D6F72793A2000207C20417512
:1025000074686F723A2000204C61737420557064B7
:10251000617465643A200020536F66747761726558
:1025200020526573657400205761746368646F6737
:10253000205265736574002042726F776E206F754C
:1025400074205265736574002045787465726E61FD
:102550006C20526573657400506F7765725570001A
:102560006572726F722077726974696E6720746F1A
:102570002066696C6500446F6E6520736176696ED4
:10258000672066696C652E006F6B0046696C616D33
:10259000656E74004D6561737572656420736B655B
:1025A00077733A2025662025660A004669747469A7
:1025B0006E67206661696C6564203D3E2063616CD6
:1025C0006962726174696F6E206661696C65642E00
:1025D0000A0043616C6962726174696F6E20737581
:1025E00063636573732E0A00416C6C203420636151
:1025F0006C6962726174696F6E20706F696E74735A
:1026000020666F756E642E0A00312F3400312F342E
:1026100000312F390047315A302E320047315832BD
:1026200030322E3545384631343030004731592D5F
:10263000324631303030004731583234304532354F
:1026400046323230300047315A302E334631303046
:102650003000473158353545384632303030004744
:1026600031583545323946313830300047315835E8
:10267000354532394631303733004739324530003D
:10268000473238004D313039004D313930001000BB
:10269000C90210012C014001220170011801B00192
:1026A0000E01F00104015002FA00B002F000300304
:1026B000E600D003DC009004D2007005C800A0063C
:1026C000BE000008B400B009AA00D00BA000600E44
:1026D000960060118C000015820020197800C01D42
:1026E0006E00A0226400B0275A00902C50000031E8
:1026F0004600E0343C0010383200903A2800603C3C
:102700001E00A03D1400803E0A00203F00005859E2
:102710005A2063616C6962726174696F6E20616CCA
:102720006C2072696768742E20536B657720776917
:102730006C6C20626520636F7272656374656420DF
:102740006175746F6D61746963616C6C792E00588A
:10275000595A2063616C6962726174696F6E20619D
:102760006C6C2072696768742E20582F592061782C
:1027700065732061726520736C696768746C792079
:10278000736B657765642E20476F6F64206A6F6294
:10279000210058595A2063616C6962726174696FD3
:1027A0006E206F6B2E20582F592061786573206141
:1027B00072652070657270656E646963756C6172B4
:1027C0002E20436F6E67726174756C6174696F6EF1
:1027D000732100436865636B73004E6F7A7A6C6592
:1027E00020642E00416C7068616265740054696DEC
:1027F0006500536F72740053442063617264005229
:10280000506920706F7274004C696E2E20636F7275
:1028100072656374696F6E004E6F7A7A6C652063BF
:1028200068616E6765004857205365747570004C89
:102830006F6164696E6720546573740044697361E5
:10284000626C65207374657070657273004D6F768D
:102850006520617869730054656D70657261747587
:1028600072650050494E44412063616C2E005265F0
:102870007365742058595A2063616C6962722E0026
:102880005049442063616C6962726174696F6E00C3
:10289000426564206C6576656C20636F7272656357
:1028A00074004D65736820426564204C6576656CE4
:1028B000696E670043616C696272617465205A00D9
:1028C00043616C6962726174652058595A0053659E
:1028D0006C66746573740042656C742074657374FF
:1028E0000057697A617264004C6F616420416C6CBE
:1028F00000506C656173652070756C6C206F757429
:102900002066696C616D656E7420696D6D656469C2
:102910006174656C790052657365740052656E610F
:102920006D65004669727374206C6179657220630D
:10293000616C2E0053656C65637400537465656C3F
:102940002073686565747300537570706F727400DE
:102950004661696C207374617473204D4D55004657
:1029600061696C207374617473005374617469736A
:10297000746963730043616C6962726174696F6E3C
:10298000004175746F4C6F61642066696C616D65A0
:102990006E74004C6F61642066696C616D656E7465
:1029A00000556E6C6F61642066696C616D656E7454
:1029B000004C6F616420746F206E6F7A7A6C6500D2
:1029C0005072656C6F616420746F204D4D55004EE0
:1029D0006F2053442063617264005072696E7420EA
:1029E00066726F6D20534400436C65617220544DD4
:1029F000206572726F7200526573756D652070721A
:102A0000696E74005061757365207072696E740030
:102A100053657420526561647900536574206E6F4C
:102A20007420526561647900507265686561740054
:102A300054756E65004C6976652061646A757374BF
:102A4000205A0052657072696E7400496E666F207C
:102A500073637265656E004272696768746E657350
:102A600073004173736973740053696C656E74000D
:102A70004F6E6365004C6F756400536F756E640034
:102A800046696C2E2073656E736F72004368616EC9
:102A900067652066696C616D656E7400466C6F7762
:102AA000005370656564004E2F41004D61676E658F
:102AB000747320636F6D702E005A2D70726F626593
:102AC000206E722E004D6573680044696D0042727D
:102AD00069676874004175746F0054696D656F753E
:102AE00074004C6576656C2044696D6D6564004CBE
:102AF0006576656C2042726967687400536574740A
:102B0000696E677300596573004E6F0053746F7080
:102B1000207072696E7400436865636B696E67202C
:102B200066696C650046696C6520696E636F6D70DF
:102B30006C6574652E008452656672657368004D1D
:102B400061696E00496E73657274207468652066F1
:102B5000696C616D656E742028646F206E6F7420DF
:102B60006C6F61642069742920696E746F207468C9
:102B70006520657874727564657220616E64207476
:102B800068656E20707265737320746865206B6E63
:102B90006F622E0053656E736F7220766572696680
:102BA0006965642C2072656D6F7665207468652098
:102BB00066696C616D656E74206E6F772E00566568
:102BC00072696669636174696F6E206661696C65BC
:102BD000642C2072656D6F76652074686520666967
:102BE0006C616D656E7420616E6420747279206111
:102BF0006761696E2E00506C65617365206368655E
:102C0000636B207468652049522073656E736F7220
:102C100020636F6E6E656374696F6E2C20756E6CC9
:102C20006F61642066696C616D656E7420696620F1
:102C300070726573656E742E00506C6561736520EB
:102C4000756E6C6F6164207468652066696C616D77
:102C5000656E742066697273742C207468656E20CA
:102C6000726570656174207468697320616374694A
:102C70006F6E2E0057616974696E6720666F7220EF
:102C80006E6F7A7A6C6520616E6420626564206381
:102C90006F6F6C696E670053656C66746573742042
:102CA0004F4B0053656C6674657374207374617266
:102CB00074005072696E742066616E3A00486F74D9
:102CC000656E642066616E3A0043616C6962726190
:102CD00074696E6720686F6D6500416C6C20636F6E
:102CE000727265637400436865636B696E67207315
:102CF000656E736F727300436865636B696E6720FE
:102D0000686F74656E6400436865636B696E672005
:102D100062656400436865636B696E67205A206171
:102D200078697300436865636B696E672059206139
:102D300078697300436865636B696E67205820612A
:102D400078697300436865636B696E6720656E64BC
:102D500073746F707300436172642072656D6F7677
:102D60006564004261636B00537465616C74680054
:102D70004372617368206465742E004E6F726D61DA
:102D80006C004D6F64650053747269637400576121
:102D9000726E004E6F6E6500486F74656E642061E0
:102DA00074203238304321204E6F7A7A6C6520636C
:102DB00068616E67656420616E6420746967687419
:102DC000656E656420746F2073706563733F0046A1
:102DD0006F722061204E6F7A7A6C65206368616E35
:102DE000676520706C6561736520726561640A7047
:102DF000727573612E696F2F6E6F7A7A6C652D6DA7
:102E00006B3373005049442063616C2E2066696EF9
:102E10006973686564005049442063616C2E0050FA
:102E200072696E7420706175736564005072696EAA
:102E3000742061626F727465640043616E63656CD7
:102E400000436F6E742E004E6F7A7A6C6520646951
:102E5000616D65746572206469666665727320666B
:102E6000726F6D2074686520472D636F64652E2036
:102E7000506C6561736520636865636B2074686579
:102E80002076616C756520696E2073657474696E57
:102E900067732E004E6F7A7A6C65206469616D6588
:102EA00074657220646966666572732066726F6D00
:102EB0002074686520472D636F64652E0054686533
:102EC0007265206973206E6F2066696C616D656E36
:102ED00074206C6F616465642E004D4B3353206623
:102EE00069726D7761726520646574656374656489
:102EF000206F6E204D4B33207072696E74657200C6
:102F0000426C61636B6F7574206F63637572726579
:102F1000642E205265636F766572207072696E74DC
:102F20003F00546865726D616C206D6F64656C2044
:102F30006E6F742063616C6962726174656420797C
:102F400065742E0054686572652069732073746916
:102F50006C6C2061206E65656420746F206D616B00
:102F600065205A2063616C6962726174696F6E2EAC
:102F700020506C6561736520666F6C6C6F77207490
:102F80006865206D616E75616C2C2063686170747A
:102F900065722046697273742073746570732C2097
:102FA00073656374696F6E2043616C6962726174EA
:102FB000696F6E20666C6F772E005072696E746553
:102FC0007220686173206E6F74206265656E206385
:102FD000616C69627261746564207965742E205039
:102FE0006C6561736520666F6C6C6F7720746865C3
:102FF000206D616E75616C2C206368617074657200
:103000002046697273742073746570732C20736525
:103010006374696F6E2043616C6962726174696F79
:103020006E20666C6F772E0053656C6674657374E2
:103030002077696C6C2062652072756E20746F2039
:1030400063616C696272617465206163637572614A
:1030500074652073656E736F726C6573732072652F
:10306000686F6D696E672E004F6C642073657474B1
:10307000696E677320666F756E642E2044656661A5
:10308000756C74205049442C20457374657073200E
:103090006574632E2077696C6C206265207365749B
:1030A0002E005761726E696E673A20626F746820F5
:1030B0007072696E746572207479706520616E64D7
:1030C000206D6F74686572626F61726420747970CC
:1030D00065206368616E6765642E005761726E6972
:1030E0006E673A207072696E7465722074797065CB
:1030F000206368616E6765642E005761726E696E49
:10310000673A206D6F74686572626F6172642074D3
:10311000797065206368616E6765642E005465731D
:1031200074696E672066696C616D656E74005368C2
:10313000656574004E6F74207370696E6E696E679A
:10314000005370696E6E696E670046616E2074652B
:1031500073740053656C6674657374206661696C82
:103160006564002573206C6576656C2065787065F4
:10317000637465640046616C736520747269676787
:103180006572696E670046696C616D656E74207367
:10319000656E736F7200537761707065640046727C
:1031A0006F6E742F6C6566742066616E7300417873
:1031B00069730041786973206C656E677468004CB0
:1031C0006F6F73652070756C6C6579004C65667403
:1031D00020686F74656E642066616E3F0046726F92
:1031E0006E74207072696E742066616E3F00456E69
:1031F0006473746F70206E6F742068697400456E1C
:103200006473746F70004D6F746F7200456E6473F9
:10321000746F707300576972696E67206572726FA0
:1032200072004265642F486561746572004E6F7468
:1032300020636F6E6E6563746564004865617465D4
:10324000722F546865726D6973746F7200506C658B
:1032500061736520636865636B3A0053656C6674DF
:10326000657374206572726F72210053656C6563BB
:10327000742066696C616D656E743A0058595A2005
:1032800063616C6962726174696F6E206661696CFA
:1032900065642E2052696768742066726F6E7420B0
:1032A00063616C6962726174696F6E20706F696EC0
:1032B00074206E6F7420726561636861626C652E44
:1032C0000058595A2063616C6962726174696F6E4B
:1032D000206661696C65642E2046726F6E7420638F
:1032E000616C6962726174696F6E20706F696E746F
:1032F00073206E6F7420726561636861626C652E05
:103300000058595A2063616C6962726174696F6E0A
:10331000206661696C65642E20506C656173652060
:10332000636F6E73756C7420746865206D616E7563
:10333000616C2E0058595A2063616C696272617425
:10334000696F6E20636F6D70726F6D697365642E47
:103350002052696768742066726F6E742063616CB6
:103360006962726174696F6E20706F696E74206E2D
:103370006F7420726561636861626C652E005859D4
:103380005A2063616C6962726174696F6E20636F49
:103390006D70726F6D697365642E2046726F6E7406
:1033A0002063616C6962726174696F6E20706F690D
:1033B0006E7473206E6F7420726561636861626CF5
:1033C000652E0058595A2063616C69627261746994
:1033D0006F6E206661696C65642E204265642063AF
:1033E000616C6962726174696F6E20706F696E746E
:1033F00020776173206E6F7420666F756E642E0087
:10340000506C656173652072656D6F7665207374AD
:1034100065656C2073686565742066726F6D2068E1
:103420006561746265642E00506C6561736520701F
:103430006C61636520737465656C20736865657481
:10344000206F6E20686561746265642E0049732088
:10345000737465656C207368656574206F6E206891
:103460006561746265643F0044697374616E63658D
:10347000206265747765656E20746970206F6620C0
:10348000746865206E6F7A7A6C6520616E64207452
:103490006865206265642073757266616365206883
:1034A0006173206E6F74206265656E207365742091
:1034B0007965742E20506C6561736520666F6C6C45
:1034C0006F7720746865206D616E75616C2C206368
:1034D00068617074657220466972737420737465D4
:1034E00070732C2073656374696F6E204669727304
:1034F00074206C617965722063616C6962726174B9
:10350000696F6E2E00506C61636520612073686581
:103510006574206F6620706170657220756E6465D9
:103520007220746865206E6F7A7A6C65206475729B
:10353000696E67207468652063616C69627261748A
:10354000696F6E206F662066697273742034207014
:103550006F696E74732E20496620746865206E6FE3
:103560007A7A6C652063617463686573207468653A
:103570002070617065722C20706F776572206F66A5
:103580006620746865207072696E74657220696D5A
:103590006D6564696174656C792E00536561726351
:1035A00068696E67206265642063616C696272613C
:1035B00074696F6E20706F696E74004D656173750C
:1035C00072696E67207265666572656E63652068F4
:1035D0006569676874206F662063616C69627261F7
:1035E00074696F6E20706F696E7400506C656173E2
:1035F0006520636C65616E20746865206E6F7A7AF1
:103600006C6520666F722063616C696272617469B7
:103610006F6E2E20436C69636B207768656E206443
:103620006F6E652E004175746F20686F6D65004583
:1036300078706572696D656E74616C004673656E55
:10364000736F7220446574656374696F6E00302E09
:10365000383000302E363000302E343000302E32EC
:10366000350044697361626C65206661726D206D1E
:103670006F6465005265736574204D4D55004D4D66
:1036800055004D3434004739390044697361626C28
:1036900065206661726D206D6F64653F004732384A
:1036A000205859004D20383400852E2E00593A20DC
:1036B0002575202D3E202E2E2E00583A20257520CF
:1036C0002D3E202E2E2E0046696C616D656E742095
:1036D00073656E736F7220626F61726420636861DC
:1036E0006E67652064657465637465643A2072650D
:1036F000766973696F6E25530A004D656173757243
:1037000065642066696C616D656E742073656E73A7
:103710006F72206C6F77206C6576656C3A2025346B
:103720002E3266560A004D656173757265642066B7
:10373000696C616D656E742073656E736F7220685D
:10374000696768206C6576656C3A2025342E326690
:10375000560A002533642F30002533642F300025AE
:10376000632041584953205347313D25640A00489E
:103770006F74656E6400426564005A005900580019
:103780002D2D2D2D2D2D2D2D2D2D2D2D2D2D2D2D69
:103790002D2D2D2D00435A5058496E76616C696469
:1037A00053657269616C4E72004D393134004D3988
:1037B00031350047224B22172210220522F621968E
:1037C00023EF21F522473159252E346645252E3425
:1037D000660047315A252E32660047315835305938
:1037E000313535007A2647229B233A223022262281
:1037F000473158252E346645252E3466004731461C
:1038000031303830006C265F26522646267A26371D
:10381000262C261C2615265425640047315A302EA6
:1038200034004731592D334631303030004B228936
:1038300026842680267A264D3834205859004D316A
:10384000303920533238300047312058313235205A
:103850005A323030204631303030004D3331302054
:10386000412046310047312058313235205931301E
:1038700035205A3120463830303000496E76616C40
:103880006964205049442063616C2E207265737511
:103890006C74732E204E6F742073746F7265642085
:1038A000746F20454550524F4D2E004D333031201E
:1038B00050252E32662049252E32662044252E3290
:1038C00066004D3330332045302053253375005288
:1038D0004300444556004245544100414C50484144
:1038E0000000002100240027002A002D00300033B2
:1038F0000001010000040107010A01000022002567
:103900000028002B002E00310034000201000005C9
:103910000108010B01000020002300260029002CD3
:10392000002F00320000010000030106010901051B
:10393000050505070508080808020202020A0A0828
:10394000080404040401010101010101010303034E
:103950000303030303040707070C0C0C0C0C0C0CEB
:103960000C0202020206060606060606060B0B0BF2
:103970000B0B0B0B0B07070A0A0A0A0A0A050505B7
:103980000404040808010210202008081020401038
:103990002040800201020108040201010204081013
:1039A0002040808040201008040201800402018031
:1039B000402010080402010804020101020408105A
:1039C0002040800102040810204080100804088074
:1039D000102040044080102040048000000A0B02A8
:1039E000090C0D0E08070304010000000000000090
:1039F00000000000000000000000000000000000C7
:103A00000000000000000012111000000000000083
:103A100000000000000000000000000000000000A6
:103A20000000000000000000000000000000000096
:103A300000332E31342E31000A204F726967696ECF
:103A4000616C2050727573612069330A2020205008
:103A5000727573612052657365617263680A2532FD
:103A6000302E32305300435A5058003B53005370AD
:103A70006F6F6C4A6F696E20697320006164635FC9
:103A8000696E697400200A200A200A2000416C6CCB
:103A900020446174610053657276696365207072B9
:103AA0006570005368697070696E67207072657028
:103AB0000053746174697374696373004C616E6759
:103AC000756167650045524153494E4720616C6CF2
:103AD000206461746100466163746F72792052459D
:103AE0005345540050525553413344465700494EB4
:103AF00054340003000E00010040000300020000E7
:103B00000004004E4F4354554100414C5446414E31
:103B10000073686976616D6D65687461323230007A
:103B2000323032352D30382D31392030323A35327D
:103B30003A35310020332E31342E312D383238349D
:103B40005F66336530646664343800737461727420
:103B500000534E20757064617465206661696C6500
:103B60006400534E207570646174656400435A505C
:103B7000580043524153485F4445544543544544DB
:103B800058590043524153485F44455445435445B6
:103B900044590043524153485F44455445435445BA
:103BA0004458004D323900252D392E39535B0054CD
:103BB0004D20657374696D6174696F6E206469640A
:103BC000206E6F7420636F6E766572676500544D6A
:103BD00020697465723A257520763A252E32662062
:103BE000653A252E33660A003333294200005841D6
:103BF0009A998D4133335340200A200A20004D4DBD
:103C000055323A004D6561737572652063656E7457
:103C1000657220200078797A63616C5F6D656173ED
:103C20007572655F656E7465720A0078797A636192
:103C30006C5F73706972616C382063783D25642015
:103C400063793D2564207A303D256420647A3D25E2
:103C500064207261646975733D25642061643D254B
:103C6000640A0078797A63616C5F73656172636876
:103C70005A206E6F207369676E616C0A20783D254B
:103C80006C6420793D256C64207A3D256C640A00C3
:103C9000204F4E2D5349474E414C20617420783DB2
:103CA000256420793D2564207A3D25642061643DAA
:103CB00025640A0078797A63616C5F736561726369
:103CC000685A20783D256C6420793D256C64207A03
:103CD0003D256C640A002530327800205B25662083
:103CE00025665D206D6D207061747465726E206351
:103CF000656E7465720A00205B25662025665D5B33
:103D000025665D206D6D20646976657267656E63FA
:103D1000650A000000F000F801FC03FE07FE07FE44
:103D200007FE07FC03F801F000000000000000F0AF
:103D300000F801FC03FC03FC03FC03F801F00000A5
:103D400000000078797A63616C5F6D6561737572EC
:103D5000655F6C656176650A00203C200057415222
:103D60004E494E473A2046726F6E7420706F696EEE
:103D700074206E6F7420726561636861626C652E79
:103D8000205920636F6F7264696E6174653A000038
:103D9000000040410000C04000005C430000C04003
:103DA00000005C43000046430000404100004643E1
:103DB00025642F3400497465726174696F6E3A200E
:103DC0000043616C6962726174696F6E206661693B
:103DD0006C65642120436865636B207468652061AD
:103DE00078657320616E642072756E206167616909
:103DF0006E2E004D494E54454D502042454420669C
:103E000069786564004D494E54454D5020484F54E3
:103E1000454E442066697865640024F4D43050C36C
:103E20008E20C2A24017828B7011127A910D816C84
:103E3000D90AA861E108C7586607615143061E4BBD
:103E40005D05C145A7041A411104093D9803713964
:103E500031034036DB0265339102D4305402802EA8
:103E60001D02632CEE01752AC501B028A0011027A0
:103E700081018F2564012B244B01E0223401AC2108
:103E80001F018D200D01801FFC00841EED00971D79
:103E9000DF00B81CD200E61BC600201BBC00641A61
:103EA000B200B219A8000A19A0006A189900D11727
:103EB000910040178B00B516840031167E00B315B3
:103EC00079003A157300C7146F0058146A00EE1396
:103ED00066008813630025135E00C7125B006C1236
:103EE000570015125400C111510070114F002111DB
:103EF0004B00D61049008D104700461044000210B8
:103F00004200C00F4000800F3E00420F3C00060FF1
:103F10003B00CB0E3800930E37005C0E3500270EA9
:103F20003400F30D3200C10D3100900D3000600DF2
:103F30002E00320D2D00050D2C00D90C2B00AE0CDF
:103F40002900850C29005C0C2700350C27000E0C7D
:103F50002600E80B2400C40B2400A00B23007D0BDB
:103F600023005A0B2100390B2100180B2000F80AFE
:103F70001F00D90A1E00BB0A1E009D0A1D00800AF0
:103F80001D00630A1C00470A1B002C0A1B00110AB3
:103F90001A00F7091A00DD091900C4091900AB0954
:103FA0001900920917007B091800630917004C09D2
:103FB000160036091600200916000A091500F50832
:103FC0001500E0081400CC081400B8081400A40878
:103FD0001400900813007D0812006B0813005808A5
:103FE00012004608120034081100230811001208BC
:103FF000110001081100F0071000E0071000D007C1
:104000001000C0071000B0070F00A10710009107B3
:104010000E0083070F0074070F0065070E00570797
:104020000E0049070E003B070D002E070E0020076B
:104030000D0013070D0006070D00F9060C00ED0634
:104040000D00E0060C00D4060C00C8060C00BC06EF
:104050000C00B0060C00A4060B0099060C008D069F
:104060000B0082060B0077060B006C060B00610646
:104070000A0057060B004C060A0042060A003806E2
:104080000A002E060A0024060A001A060A00100674
:10409000090007060A00FD050900F4050900EB0503
:1040A0000900E2050900D9050900D0050900C70586
:1040B0000900BE050900B5050800AD050800A50505
:1040C00009009C050800940508008C05080084057B
:1040D00008007C050800740508006C0507006505EC
:1040E00008005D050700560508004E050700470556
:1040F00007004005080038050700310507002A05BC
:104100000700230507001C050600160507000F051C
:1041100007000805060002050700FB040600F50479
:104120000700EE040600E8040600E2040700DB04D2
:104130000600D5040600CF040600C9040600C30427
:104140000600BD040600B7040600B1040500AC0477
:104150000600A6040600A00405009B0406009504C2
:104160000500900406008A0405008504050080040B
:1041700006007A04050075040500700405006B0450
:10418000050066040500610405005C040500570491
:104190000500520405004D040500480405004304D1
:1041A00005003E0404003A0405003504050030040F
:1041B00004002C04050027040400230405001E0449
:1041C00004001A04040016040500110404000D0480
:1041D0000400090405000404040000040400FC03B6
:1041E0000400F8030400F4030400F0030400EC03EB
:1041F0000400E8030400E4030400E0030400DC031B
:104200000400D8030400D4030400D0030400CC034A
:104210000400C8030300C503030024F404D9201BD1
:10422000C40C5C0E9804C4095F0265077101F405B3
:10423000F900FB04B30048048700C1036900580378
:10424000550003034500BE023A00840231005302C8
:104250002A002902250004022000E4011C00C801F4
:104260001900AF01170098011400840113007101B7
:1042700010006101100051010E0043010D003601D4
:104280000B002B010B0020010B00150109000C0194
:10429000090003010800FB000800F3000800EB0020
:1042A0000700E4000600DE000600D8000600D20089
:1042B0000600CC000500C7000500C2000500BD00D7
:1042C0000400B9000400B5000400B1000400AD0012
:1042D0000400A9000400A5000300A20003009F0041
:1042E00004009B0003009800030095000200930067
:1042F0000300900003008D0002008B000300880083
:1043000002008600020084000300810002007F009A
:1043100002007D0002007B000200790002007700AD
:1043200001007600020074000200720001007100BA
:1043300002006F0002006D0001006C0002006A00C4
:1043400001006900020067000100660001006500CD
:1043500001006400020062000100610001006000D1
:1043600001005F0002005D0001005C0001005B00D5
:1043700001005A00010059000100580001005700D7
:1043800001005600010055000100540001005300D7
:1043900000005300010052000100510001005000D4
:1043A00001004F0001004E0000004E0001004D00D2
:1043B00001004C0001004B0000004B0001004A00CE
:1043C00001004900010048000000480001004700CA
:1043D00001004600000046000100450000004500C5
:1043E00001004400010043000000430001004200BE
:1043F00000004200010041000000410001004000B7
:1044000001003F0000003F0001003E0000003E00B0
:1044100001003D0000003D0001003C0000003C00A8
:1044200000003C0001003B0000003B0001003A009E
:1044300000003A0001003900000039000100380096
:10444000000038000000380001003700000037008D
:104450000100360000003600000036000100350083
:104460000000350000003500010034000000340079
:10447000000034000100330000003300000033006E
:104480000100320000003200000032000100310063
:104490000000310000003100010030000000300059
:1044A0000000300001002F0000002F0000002F004E
:1044B00000002F0001002E0000002E0000002E0042
:1044C00001002D0000002D0000002D0000002D0037
:1044D00001002C0000002C0000002C0000002C002B
:1044E00001002B0000002B0000002B0000002B001F
:1044F00001002A0000002A0000002A0000002A0013
:104500000100290000002900000029000000290006
:1045100000002900010028000000280000002800F9
:1045200000002800000028000100270000002700EC
:1045300000002700000027000000270001002600DF
:1045400000002600000026000000260000002600D3
:1045500001002500000025000000250000002500C6
:1045600000002500000025000100240000002400B8
:1045700000002400000024000000240001002300AB
:10458000000023000000230000002300000023009F
:104590000000230000002300010022000000220090
:1045A0000000220000002200000022000000220083
:1045B0000100210000002100000021000000210076
:1045C0000000210000002100000021000100200067
:1045D000000020000000200000002000000020005B
:1045E00000002000000020000000200001001F004B
:1045F00000001F0000001F0000001F0000001F003F
:1046000000001F0000001F0001001E0000001E002F
:1046100000001E0000001E000000504944204175AB
:10462000746F74756E652066696E69736865642160
:104630002050757420746865206C617374204B7011
:104640002C204B6920616E64204B6420636F6E7375
:1046500074616E74732066726F6D2061626F76652F
:1046600020696E746F20436F6E666967757261743E
:10467000696F6E2E6800504944204175746F7475DF
:104680006E65206661696C6564212074696D656F73
:1046900075740020403A00543A00423A00504944B0
:1046A000204175746F74756E65206661696C656410
:1046B000212054656D706572617475726520746F28
:1046C0006F206869676800204B643A2000204B69BE
:1046D0003A2000204B703A200020436C61737369CC
:1046E000632050494420002054753A2000204B7527
:1046F0003A2000206D61783A2000206D696E3A20E2
:104700000020643A200020626961733A2000504919
:1047100044204175746F74756E6520737461727492
:1047200000504944204175746F74756E6520666150
:10473000696C65642E2042616420657874727564CA
:104740006572206E756D6265722E00544D4C202589
:104750006420256420257820256C7820256C780A33
:10476000004D494E54454D50004D494E54454D5015
:1047700020424544004D494E54454D5020414D4244
:10478000004D415854454D50004D415854454D50F1
:1047900020424544004D415854454D5020414D4222
:1047A00000544D3A206572726F7220636C656172BD
:1047B000656400544D3A206572726F72207472699C
:1047C0006767657265642100544845524D414C202D
:1047D000414E4F4D414C5900526573756D696E677E
:1047E000207072696E740050494E444120486561E2
:1047F00074696E670043616C6962726174696F6E9F
:1048000020646F6E650043616C6962726174696EE9
:1048100067205A0042656420646F6E6500426564DB
:104820002048656174696E670048656174696E67E8
:1048300020646F6E652E0048656174696E67004D77
:104840004D5520706F776572206661696C73004DFD
:104850004D55206C6F6164206661696C73004D4D2D
:1048600055206661696C73004D6174657269616C95
:10487000206368616E67657300546F74616C2066B5
:1048800061696C7572657300437261736800466993
:104890006C2E2072756E6F75747300506F77657231
:1048A000206661696C75726573004C617374207069
:1048B00072696E74206661696C7572657300546FFD
:1048C00074616C004C617374207072696E74004185
:1048D0006D6269656E7400566F6C74616765730014
:1048E00054656D7065726174757265730042656CB4
:1048F00074207374617475730053656E736F7220E6
:10490000696E666F00457874727564657220696EB1
:10491000666F0058595A2063616C2E20646574617B
:10492000696C73005072696E746572204950204141
:104930006464723A00756E6B6E6F776E004D4D5504
:1049400020636F6E6E656374656400446174653ADC
:1049500000746F20756E6C6F61642066696C616DA8
:10496000656E7400746F206C6F61642066696C61A1
:104970006D656E7400507265737320746865206B8A
:104980006E6F620050726568656174696E6720744D
:104990006F206375740050726568656174696E6735
:1049A00020746F20656A6563740050726568656184
:1049B00074696E6720746F20756E6C6F616400504F
:1049C000726568656174696E6720746F206C6F61D1
:1049D0006400436F6F6C646F776E00456A65637443
:1049E0000046696C616D656E7420657874727564DB
:1049F000696E672026207769746820636F7272651C
:104A0000637420636F6C6F723F004175746F6C6FDD
:104A10006164696E672066696C616D656E7420699A
:104A200073206163746976652C206A7573742070D5
:104A30007265737320746865206B6E6F6220616E9F
:104A40006420696E736572742066696C616D656E51
:104A5000742E2E2E005072696E742074696D65007C
:104A600046696C616D656E74207573656400546F82
:104A700074616C207072696E742074696D65005485
:104A80006F74616C2066696C616D656E7400507244
:104A9000656865617420746865206E6F7A7A6C65EC
:104AA00021004552524F523A005269676874004CD7
:104AB00065667400592064697374616E636520666D
:104AC000726F6D206D696E00536576657265207337
:104AD0006B657700536C6967687420736B6577004A
:104AE0004D6561737572656420736B6577005B302B
:104AF0003B305D20706F696E74206F6666736574FD
:104B00000041646A757374696E67205A005265616A
:104B1000722073696465205BE46D5D0046726F6EA0
:104B20007420736964655BE46D5D00526967687445
:104B300020736964655BE46D5D004C656674207389
:104B4000696465205BE46D5D005365742074656D78
:104B500070657261747572653A0050494E44412027
:104B600063616C6962726174696F6E206661696C01
:104B700065640050494E44412063616C6962726112
:104B800074696F6E2069732066696E697368656405
:104B900020616E64206163746976652E20497420FB
:104BA00063616E2062652064697361626C65642074
:104BB000696E206D656E752053657474696E6773D8
:104BC0002D3E50494E44412063616C2E004578745F
:104BD0007275646572004D6F7665205A004D6F7670
:104BE000652059004D6F76652058004372617368E7
:104BF00020646574656374696F6E2063616E0A6218
:104C000065207475726E6564206F6E206F6E6C79AE
:104C100020696E0A4E6F726D616C206D6F64650065
:104C20005741524E494E473A0A43726173682064B5
:104C30006574656374696F6E0A64697361626C653B
:104C40006420696E0A537465616C7468206D6F64CA
:104C500065004D6F6465206368616E676520696EED
:104C60002070726F67726573732E2E2E0053686505
:104C7000657420252E37730A5A206F666673657433
:104C80003A20252B312E33666D6D0A2563436F6EF6
:104C900074696E75650A2563526573657400506C9E
:104CA00065617365206C6F61642066696C616D6518
:104CB0006E742066697273742E0052756E6E696E22
:104CC000672057697A6172642077696C6C2064652B
:104CD0006C6574652063757272656E742063616CB7
:104CE0006962726174696F6E20726573756C74733A
:104CF00020616E642073746172742066726F6D201F
:104D000074686520626567696E6E696E672E005013
:104D1000726568656174696E67206E6F7A7A6C651A
:104D20002E20506C6561736520776169742E005088
:104D30006C6561736520696E736572742066696C59
:104D4000616D656E7420696E746F2074686520658E
:104D5000787472756465722C207468656E20707248
:104D600065737320746865206B6E6F6220746F20AA
:104D70006C6F61642069742E00506C6561736520EE
:104D8000696E736572742066696C616D656E7420FE
:104D9000696E746F2074686520666972737420741C
:104DA000756265206F6620746865204D4D552C2016
:104DB0007468656E20707265737320746865206B0B
:104DC0006E6F6220746F206C6F61642069742E00B6
:104DD0005A2063616C6962726174696F6E207265DA
:104DE000636F6D6D656E6465642E2052756E20690B
:104DF00074206E6F773F00546865207072696E741E
:104E000065722077696C6C207374617274207072A3
:104E1000696E74696E672061207A69672D7A6167AF
:104E2000206C696E652E20526F7461746520746801
:104E300065206B6E6F6220756E74696C20796F757A
:104E400020726561636820746865206F7074696D95
:104E5000616C206865696768742E20436865636BC0
:104E60002074686520706963747572657320696E5B
:104E7000207468652068616E64626F6F6B202843E0
:104E8000616C6962726174696F6E206368617074CD
:104E90006572292E0053656C6563742074656D70AE
:104EA00065726174757265207768696368206D61E9
:104EB000746368657320796F7572206D61746572B3
:104EC00069616C2E0053656C6563742061206669AE
:104ED0006C616D656E7420666F7220746865204623
:104EE00069727374204C617965722043616C6962E8
:104EF000726174696F6E20616E642073656C6563A6
:104F00007420697420696E20746865206F6E2D733B
:104F1000637265656E206D656E752E004E6F77202D
:104F2000492077696C6C2063616C69627261746599
:104F30002064697374616E6365206265747765656A
:104F40006E20746970206F6620746865206E6F7AB9
:104F50007A6C6520616E64206865617462656420A6
:104F6000737572666163652E00506C6561736520B0
:104F7000636865636B206F75722068616E64626F31
:104F80006F6B20616E64206669782074686520709C
:104F9000726F626C656D2E205468656E2072657349
:104FA000756D65207468652057697A617264206246
:104FB00079207265626F6F74696E6720746865200E
:104FC0007072696E7465722E00416C6C206973207A
:104FD000646F6E652E204861707079207072696E02
:104FE00074696E672100596F752063616E20616C72
:104FF0007761797320726573756D652074686520BB
:1050000057697A6172642066726F6D2043616C69C2
:1050100062726174696F6E202D3E2057697A6172E9
:10502000642E00496620796F75206861766520617D
:1050300064646974696F6E616C20737465656C205B
:105040007368656574732C2063616C696272617446
:105050006520746865697220707265736574732069
:10506000696E2053657474696E6773202D204857EC
:10507000205365747570202D20537465656C207302
:1050800068656574732E00506C6561736520636C90
:1050900065616E206865617462656420616E64207C
:1050A0007468656E20707265737320746865206B18
:1050B0006E6F622E00446F20796F752077616E7479
:1050C00020746F20726570656174206C6173742048
:1050D0007374657020746F20726561646A7573748F
:1050E0002064697374616E636520626574776565B9
:1050F0006E206E6F7A7A6C6520616E6420686561DF
:10510000746265643F0053656C656374206E6F7AEA
:105110007A6C6520707265686561742074656D7065
:1051200065726174757265207768696368206D6166
:10513000746368657320796F7572206D6174657230
:1051400069616C2E0049732066696C616D656E74CF
:10515000206C6F616465643F00546865726D616CBA
:10516000206D6F64656C2063616C2E2074616B65CB
:105170007320617070726F782E203132206D696EED
:10518000732E205365650A70727573612E696F2FD7
:10519000746D2D63616C004E6F7720492077696CC8
:1051A0006C2070726568656174206E6F7A7A6C65C8
:1051B00020666F7220504C412E00492077696C6C3C
:1051C0002072756E207A2063616C69627261746905
:1051D0006F6E206E6F772E004E6F772072656D6F49
:1051E0007665207468652074657374207072696ECA
:1051F000742066726F6D20737465656C20736865CA
:1052000065742E00506C656173652072656D6F76F4
:1052100065207368697070696E672068656C706579
:1052200072732066697273742E00492077696C6C02
:105230002072756E2078797A2063616C6962726180
:1052400074696F6E206E6F772E2049742077696CB9
:105250006C2074616B6520757020746F203234206F
:105260006D696E732E0046697273742C2049207725
:10527000696C6C2072756E207468652073656C664D
:105280007465737420746F20636865636B206D6F41
:10529000737420636F6D6D6F6E20617373656D62E3
:1052A0006C792070726F626C656D732E0048692C8A
:1052B000204920616D20796F7572204F726967698E
:1052C0006E616C2050727573612069332070726951
:1052D0006E7465722E20576F756C6420796F75201F
:1052E0006C696B65206D6520746F206775696465F6
:1052F00020796F75207468726F75676820746865AF
:105300002073657475702070726F636573733F00EE
:1053100048692C204920616D20796F7572204F7289
:105320006967696E616C2050727573612069332002
:105330007072696E7465722E20492077696C6C20DA
:10534000677569646520796F75207468726F756719
:105350006820612073686F727420736574757020A3
:1053600070726F636573732C20696E207768696350
:105370006820746865205A2D617869732077696C9C
:105380006C2062652063616C696272617465642E71
:10539000205468656E2C20796F752077696C6C20BD
:1053A000626520726561647920746F207072696E25
:1053B000742E00452D636F7272656374005A2D63FD
:1053C0006F727265637400592D636F7272656374D6
:1053D00000582D636F727265637400506175736558
:1053E00000465320416374696F6E00462E2061753C
:1053F000746F6C6F616400462E2072756E6F7574E9
:10540000004D4D55204D6F64650043757474657291
:105410000046616E207370656564004265640046F5
:10542000616E7320636865636B004D6F64656C002B
:105430004E6F7A7A6C6500544D3A206572726F72C5
:10544000207C25667C3E25660A0070012C019001B7
:105450002701B0012201C0011D01F0011801100255
:10546000130130020E016002090190020401C00222
:10547000FF000003FA004003F5008003F000D003B2
:10548000EB002004E6007004E100E004DC004005CD
:10549000D700C005D2004006CD00D006C800800766
:1054A000C3003008BE00F008B900C009B400B00A5B
:1054B000AF00B00BAA00D00CA500000EA000500F4A
:1054C0009B00C01096005012910000148C00C01573
:1054D0008700B0178200B0197D00D01B7800001E35
:1054E000730040206E0090226900F0246400402781
:1054F0005F0090295A00E02B5500102E50002030FC
:105500004B0010324600E033410090353C0010372C
:10551000370070383200A0392D00B03A2800A03B87
:105520002300603C1E00103D1900903D1400103E09
:105530000F00703E0A00C03E0500003F00009013BF
:105540007D00B0157800F0177300601A6E00F01C33
:105550006900A01F640050225F0020255A00E02748
:105560005500902A5000202D4B00A02F4600F0310E
:10557000410010343C00F0353700A03732002039AC
:105580002D00603A2800703B2300603C1E00203D47
:105590001900C03D1400403E0F00A03E0A00F03E3E
:1055A0000500403F0000703FFBFF903FF6FFB03F1B
:1055B000F1FFC03FECFFD03FE7FFE03FE2FFF03FED
:1055C000DDFFF03FD8FF20484F54454E442054485B
:1055D00045524D414C2052554E41574159002048AB
:1055E00045415442454420544845524D414C205277
:1055F000554E4157415900544845524D414C205257
:10560000554E415741590042454420544845524D5A
:10561000414C2052554E4157415900205448455263
:105620004D414C2052554E4157415920285052452A
:105630004845415420484F54454E44290020544881
:1056400045524D414C2052554E415741592028500A
:10565000524548454154204845415442454429005B
:1056600050524548454154204552524F5200424500
:10567000442050524548454154204552524F520013
:10568000207472696767657265642100486561749A
:10569000657273207377697463686564206F6666EA
:1056A0002E20003A20004572723A200000FF0102CD
:1056B000010002FFFFFE0001FE01FF00506C65616A
:1056C0007365207265737461727400544D3A206979
:1056D0006E76616C696420706172616D657465726B
:1056E000732C2063616E6E6F7420656E61626C65F1
:1056F00000255320204D3331302050252E32662096
:1057000055252E34662056252E32662043252E320E
:10571000662044252E3466204C257520532575209F
:105720004225752045252E32662057252E326620CB
:1057300054252E32660A00255320204D3331302067
:105740004925752052252E32660A00546865726D0F
:10575000616C204D6F64656C2073657474696E674D
:10576000733A000000A441333393419A9985413341
:105770003373419A996141CDCC544133334B419AB3
:1057800099414133333B41CDCC344100003041CDD0
:10579000CC2C419A99294166662641333323419A9C
:1057A000992141452D6D6F746F722063757272651A
:1057B0006E74207363616C696E6720656E61626CE4
:1057C000656400010808010A0A0114140112127428
:1057D0006D63323133305F686F6D655F656E746520
:1057E0007228617865735F6D61736B3D3078253029
:1057F0003278290A00746D63323133305F686F6D1F
:10580000655F6578697420746D63323133305F731E
:10581000675F686F6D696E675F617865735F6D6103
:10582000736B3D3078253032780A00544D43204464
:105830005249564552204F56455254454D50004806
:105840006F6C642063757272656E74207472756E0D
:10585000636174656420746F2052756E2063757285
:1058600072656E740025632533642F256481005AA8
:1058700025362E32662563005A2020202D2D2D201E
:1058800000862533642525002D2D2D252500253363
:1058900064252500205344002020200020484F008C
:1058A0002046524D2000872D2D3A2D2D2020008797
:1058B0002533756820256325630087253032753AC6
:1058C0002530327525632563002F2F616374696F5E
:1058D0006E3A706175736564002F2F616374696F30
:1058E0006E3A70617573650044756D70206D656DFD
:1058F0006F72790068656C702E70727573613364B5
:105900002E636F6D00666F72756D2E7072757361A8
:1059100033642E636F6D00707275736133642E6330
:105920006F6D004D3730310025533A0A2531382E3E
:1059300032666D200A25533A0A2531306C6468209E
:10594000253032646D2025303264730025533A0AC5
:105950002531382E32666D200A25533A0A2531301A
:105960006C646420253032646820253032646D0018
:1059700025362E32666D6D0025530A25530A2553B0
:105980003A0A25533A0025332E32668100252D31FF
:10599000342E3134533A0A25530A252D31342E3111
:1059A00034533A25332E3266810A252D31342E3177
:1059B00034533A25332E32668100202030002020D7
:1059C000310046494E44410050494E444100576918
:1059D0007A61726420656E642073746174653A2024
:1059E00025640A0053706F6F6C4A6F696E004669D8
:1059F000726D7761726500726573756C7420766183
:105A00006C75653A2025640A0020693D25326420C2
:105A1000636E743D2532642076616C3D2532640AE4
:105A200000636C7573746572733A0020693D2532AA
:105A30006420737465703D2532640A00736F72745C
:105A400065642073616D706C65733A005553415203
:105A500054322072782046756C6C212121003A2046
:105A600000252D31322E313253252D642F3600255D
:105A700033642F252D336400203A20002533530052
:105A8000252D377300252D31352E313553252D35F4
:105A9000640A252D31352E313553252D35640A0004
:105AA00025530A20252D31362E313653252D3364CA
:105AB0000A20252D31362E313653252D336400250D
:105AC000530A20252D31362E313653252D33640AC5
:105AD00020252D31362E313653252D33640A2025CD
:105AE0002D31362E313653252D33640025530A20AF
:105AF000252D31362E313653252D33640A20252DA0
:105B000031362E313653252D33640A20252D372E7C
:105B100037535820252D336420205920252D3364F8
:105B20000020257325336481200A000A2049522071
:105B30003A2020202020202025332E3166560020B8
:105B40005057523A20202020202025342E316656EE
:105B50000A204245443A20202020202025342E319E
:105B600066560025530A20582025640A205920250E
:105B7000640025752E25752E25752E2575002000AF
:105B80002000466C6173684169722049502041646D
:105B900064723A004D4D5520202020202020204EB8
:105BA0002F410025642E25642E2564002046573A97
:105BB0000046696C2E2073656E736F7220762E3AE4
:105BC00000323032352D30382D31390045334476AE
:105BD0003666756C6C0045494E53795F3130610013
:105BE000315F37356D6D5F4D4B3353002048617326
:105BF000683A6633653064666434380020526570F4
:105C00006F3A73686976616D6D65687461323230C0
:105C10000020332E31342E312D383238340046698D
:105C2000726D776172653A003E00464C4558202DF2
:105C300020203234302F353000464C4558202D205E
:105C4000203234300050502020202D202032353496
:105C50002F3130300050502020202D20203235347C
:105C60000048495053202D20203232302F3130301F
:105C70000048495053202D202032323000414253F9
:105C800020202D20203235352F3130300041425335
:105C900020202D20203235350050412020202D207D
:105CA000203237352F39300050412020202D202040
:105CB0003237350050564220202D20203231352FEA
:105CC00037350050564220202D20203231350050EB
:105CD000432020202D20203237352F313130005005
:105CE000432020202D2020323735004153412020F1
:105CF0002D20203236302F313035004153412020C5
:105D00002D20203236300050455420202D202032C6
:105D100033302F38350050455420202D2020323389
:105D20003000504C4120202D20203231352F36308C
:105D300000504C4120202D2020323135006E6F7AEA
:105D40007A6C65202D20203235302F30006661724C
:105D50006D2020202D20203235302F383000252D89
:105D600031322E313253252B382E3166004578746E
:105D700072756465723A0025632531372E32666D7F
:105D80006D00583A00593A005A3A002563252D31E2
:105D9000332E313353252B352E33660025337500D2
:105DA00050494E44412063616C6962726174696F4D
:105DB0006E206661696C65642E20436F6E74696E37
:105DC00075652077697468207072657373696E6792
:105DD00020746865206B6E6F622E0050494E4441FE
:105DE0002063616C6962726174696F6E20646F6EAA
:105DF000652E20436F6E74696E75652077697468CF
:105E0000207072657373696E6720746865206B6EAD
:105E10006F622E00473830004D3435004D34352048
:105E20005A00473736004D3730312050300057691F
:105E30007A6172642073746174653A2025640A0083
:105E400046656564696E6720746F204653656E739E
:105E50006F72004D6F76696E672073656C65637451
:105E60006F7200486F6D696E67005265747261638E
:105E7000742066726F6D2046494E444100456A6544
:105E80006374696E672066696C616D656E7400503D
:105E900061726B696E672073656C6563746F720005
:105EA00052657475726E696E672073656C65637494
:105EB0006F7200506572666F726D696E67206375F0
:105EC000740050757368696E672066696C616D65F2
:105ED0006E7400507265706172696E6720626C61E9
:105EE00064650053656C656374696E672066696CF0
:105EF0002E20736C6F7400556E6C6F6164696E67F1
:105F00002066696C616D656E740045525220544D77
:105F100043206661696C6564004552522048656C97
:105F2000702066696C616D656E740045525220493F
:105F30006E7465726E616C004552522057616974CF
:105F400020666F7220557365720046696E697368CA
:105F5000696E67206D6F76656D656E74730041764E
:105F60006F6964696E67206772696E640046656573
:105F700064696E6720746F206E6F7A7A6C65004674
:105F8000656564696E6720746F20657874727564E6
:105F900065720046656564696E6720746F204649C6
:105FA0004E444100556E6C6F6164696E6720746F7A
:105FB0002070756C6C657900556E6C6F6164696EEC
:105FC0006720746F2046494E444100446973656EF2
:105FD000676167696E672069646C657200456E670A
:105FE0006167696E672069646C6572004F4B00558C
:105FF0004E4B4E4F574E204552524F520046494C41
:10600000414D454E54204348414E47450046494C7A
:10601000414D454E5420454A454354454400554E54
:106020004C4F4144204D414E55414C4C5900465730
:106030002052554E54494D45204552524F52004D25
:106040004D5520465720555044415445204E454516
:106050004445440051554555452046554C4C004952
:106060004E56414C494420544F4F4C0046494C2E0B
:1060700020414C5245414459204C4F414445440035
:10608000434F4D4D554E49434154494F4E20455283
:10609000524F52004D4D55204E4F542052455350B3
:1060A0004F4E44494E47004D4D55204D43552045D8
:1060B00052524F52004D4D552053454C4654455376
:1060C00054204641494C454400544D4320445249D4
:1060D0005645522053484F5254454400544D432096
:1060E000554E444552564F4C544147452045525217
:1060F00000544D4320445249564552205245534581
:106100005400544D43204452495645522045525262
:106110004F5200544D43204F56455248454154205C
:106120004552524F52005741524E494E4720544D0E
:106130004320544F4F20484F540049444C4552206F
:1061400043414E4E4F54204D4F56450049444C4517
:10615000522043414E4E4F5420484F4D4500534529
:106160004C4543544F522043414E4E4F54204D4FC7
:1061700056450053454C4543544F522043414E4EE3
:106180004F5420484F4D45004C4F414420544F2020
:10619000455854522E204641494C454400494E53DF
:1061A000504543542046494E4441004653454E53C2
:1061B0004F5220544F4F204541524C590050554C9E
:1061C0004C45592043414E4E4F54204D4F564500AB
:1061D0004653454E534F522046494C2E205354555A
:1061E000434B004653454E534F52204449444E546E
:1061F0002054524947472E0046494E4441204649C3
:106200004C414D2E20535455434B0046494E44417A
:10621000204449444E542054524947474552004374
:1062200075742066696C616D656E7400456A65639E
:10623000742066726F6D204D4D55004C6F6164691E
:106240006E672066696C616D656E74004D4D5520FA
:1062500052657472793A20526573746F72696E6711
:106260002074656D70657261747572652E2E2E00D6
:10627000536F7274696E672066696C657300536F43
:106280006D652066696C65732077696C6C206E6F34
:106290007420626520736F727465642E204D61787E
:1062A0002E204E6F2E206F662066696C6573206904
:1062B0006E203120666F6C64657220666F72207389
:1062C0006F7274696E67206973203130302E0075EB
:1062D0006E6B6E6F776E2073746174650020302E64
:1062E00034206F72206E657765720020302E332067
:1062F0006F72206F6C646572004F6666004F6E00AF
:1063000078797A63616C5F73706972616C32206353
:10631000783D25642063793D2564207A303D2564ED
:1063200020647A3D2564207261646975733D25643B
:106330002061643D25640A000A00436F756E746431
:106340006F776E3A202564200025640A005363614C
:106350006E20636F756E74646F776E3A20005061C3
:10636000747465726E2063656E746572205B256659
:106370002025665D2C206D617463682025662525C7
:106380000A00205B25662C2025665D5B25665D2066
:1063900066696E616C20636972636C650A00746D76
:1063A00063323133305F676F746F5F737465702071
:1063B0002564202564202564202564200A0050726D
:1063C000757361206933204D4B3353204F4B2E00A2
:1063D0004D3630300053442063617264206F6B008F
:1063E0006F70656E526F6F74206661696C656400D2
:1063F000766F6C756D652E696E6974206661696C67
:10640000656400534420696E6974206661696C009C
:106410006F70656E206661696C65642C2046696CDE
:10642000653A200043616E6E6F7420656E7465720C
:10643000207375626469723A20004D3234004D3227
:106440003320257300E02D903E8988B24111369C9F
:106450003E7777C14129CBB03EEFEEDA41BA49CC65
:106460003EEFEEFC4161C3F33EEFEE16429CA213F9
:106470003FCDCC36428AB0113FABAA56428863DD8D
:106480003DABAA5642B8AF433F555572421826530A
:106490003F33B38242302A593FEF6E86420000708C
:1064A000C10000C8420000C4C10000A0410000E0DB
:1064B000C000002041000060C00000C0400000A0FB
:1064C000412222F2400000A0C19A99A14000000C94
:1064D000C2555505425265736574526574727941AF
:1064E0007474656D70747300436F6F6C696E6720B0
:1064F00074696D65722073746F70706564004865AF
:106500006174657220636F6F6C646F776E00436FA8
:106510006F6C696E672054696D656F757420737454
:10652000617274656400536176696E6720616E64A0
:10653000207061726B696E670048656174657220D6
:10654000636F6F6C646F776E2070656E64696E67E1
:1065500000526573756D696E672058595A004D4D2C
:106560005532746F6F6C3D004D4D55323A00577285
:106570006974696E6720746F2066696C653A2000E3
:1065800046696C6520616C7265616479206F706525
:106590006E656400EC5FDD5FCB5FB85FA45F935F07
:1065A0007F5F6D5F5E5F4A5FCB5FDD5F385F2B5F54
:1065B000195F0A5FF75E3B62E35ED35EC25EB35E65
:1065C000A05E8F5E7D5E6A5E635E535E405E4D36AA
:1065D0003030204155544F0046494E4441206669B1
:1065E0006C616D656E742072756E6F7574210043F9
:1065F0006F6D6D756E69636174696F6E2074696D1E
:10660000656F75740050726F746F636F6C204572A4
:10661000726F720003000356657273696F6E206DAE
:1066200069736D6174636800436F6D6D616E6420A2
:106630004572726F7200436F6D6D616E642072659A
:106640006A6563746564004D4D5520427574746FBE
:106650006E20707573686564005265747279427556
:1066600074746F6E50726573736564000B62F861C9
:10667000E361D061BD61AB619D61886173615E6101
:106680004C613A61266126612661136113611361D1
:10669000026102610261F160F160F160DC60DC6066
:1066A000DC60C960C960C960B560B560B560A760ED
:1066B000946080606C605F6054603F602E601E601C
:1066C0000D60FD5FEF5F427574746F6E0043686527
:1066D000636B55736572496E7075742D62746E4C80
:1066E0004D52200046493A202046533A202020208F
:1066F0003E2020822020208100486F74656E642037
:1067000074656D7065726174757265207265616320
:1067100068656400526573756D696E672054656DB8
:106720007000436F6F6C646F776E20666C616720DA
:10673000636C65617265640020573A0020453A0039
:10674000543A004E6F203078464620726563656982
:106750007665640053656E64696E672030784646DE
:106760000046696C652073656C6563746564002020
:1067700053697A653A200046696C65206F70656ED2
:1067800065643A20004E6F772066726573682066F4
:10679000696C653A20004E6F7720646F696E6720E0
:1067A00066696C653A20002220706F7300222070A9
:1067B0006172656E743A2200535542524F555449E6
:1067C0004E452043414C4C207461726765743A22F7
:1067D00000747279696E6720746F2063616C6C203D
:1067E0007375622D67636F64652066696C657320DD
:1067F0007769746820746F6F206D616E79206C65A5
:1068000076656C732E002022257322002025236CD0
:1068100078004449525F45584954004449525F4505
:106820004E5445523A20257320222573220A0061D6
:1068300075746F25692E6700041A44656372656D6F
:10684000656E745265747279417474656D70747399
:1068500000081B1C0B14525354436F6D6D54696D2B
:10686000656F7574002C206C617374206279746597
:10687000733A200022206661696C65643A20427593
:10688000666665722066756C6C21004572726F7267
:106890003A002200456E717565696E6720746F203D
:1068A0007468652066726F6E743A2022004D4D55F3
:1068B000323A006563686F3A003E53302A63362EE1
:1068C000004D4D552069732000556E6578706563E5
:1068D000746564206572726F72206F636375727283
:1068E00065642E004D3630302046696C616D656EF2
:1068F00074204368616E67652E204C6F616420616F
:10690000206E65772066696C616D656E74206F72AC
:1069100020656A65637420746865206F6C64206FFD
:106920006E652E0052656D6F766520746865206512
:106930006A65637465642066696C616D656E742058
:1069400066726F6D207468652066726F6E74206F5A
:106950006620746865204D4D552E0046696C616D4A
:10696000656E7420646574656374656420756E6516
:10697000787065637465646C792E20456E737572EA
:1069800065206E6F2066696C616D656E7420697339
:10699000206C6F616465642E20436865636B2074AE
:1069A00068652073656E736F727320616E64207703
:1069B0006972696E672E00496E7465726E616C2033
:1069C00072756E74696D65206572726F722E2054D7
:1069D000727920726573657474696E672074686576
:1069E000204D4D55206F72207570646174696E671B
:1069F00020746865206669726D776172652E004D3E
:106A00004D552046572076657273696F6E20697305
:106A100020696E636F6D70617469626C652077695F
:106A20007468207072696E7465722046572E5570B6
:106A30006461746520746F2076657273696F6E206F
:106A4000332E302E332E004D4D55204669726D7712
:106A500061726520696E7465726E616C2065727218
:106A60006F722C20706C656173652072657365743C
:106A700020746865204D4D552E0052657175657303
:106A80007465642066696C616D656E7420746F6FE7
:106A90006C206973206E6F7420617661696C61622D
:106AA0006C65206F6E20746869732068617264770A
:106AB0006172652E20436865636B207468652047AA
:106AC0002D636F646520666F7220746F6F6C206930
:106AD0006E646578206F7574206F662072616E67D2
:106AE00065202854302D5434292E0043616E6E6F7A
:106AF0007420706572666F726D20746865206163C2
:106B000074696F6E2C2066696C616D656E742069A6
:106B10007320616C7265616479206C6F6164656477
:106B20002E20556E6C6F61642069742066697273E3
:106B3000742E004D4D55206E6F7420726573706F0A
:106B40006E64696E6720636F72726563746C792E10
:106B500020436865636B2074686520776972696E8D
:106B60006720616E6420636F6E6E6563746F72730D
:106B70002E004D4D55206E6F7420726573706F6ED0
:106B800064696E672E20436865636B2074686520B6
:106B9000776972696E6720616E6420636F6E6E65DF
:106BA00063746F72732E004D6F726520646574613B
:106BB000696C73206F6E6C696E652E005468652079
:106BC00049646C65722063616E6E6F7420686F6DCE
:106BD000652070726F7065726C792E2043686563F2
:106BE0006B20666F7220616E797468696E672062CF
:106BF0006C6F636B696E6720697473206D6F766567
:106C00006D656E742E0043616E2774206D6F76651E
:106C10002053656C6563746F72206F722049646CD9
:106C200065722E005468652053656C6563746F72DD
:106C30002063616E6E6F7420686F6D652070726F77
:106C40007065726C792E20436865636B20666F7285
:106C500020616E797468696E6720626C6F636B691E
:106C60006E6720697473206D6F76656D656E742E26
:106C7000004C6F6164696E6720746F206578747270
:106C800075646572206661696C65642E20496E7357
:106C900070656374207468652066696C616D656EEB
:106CA00074207469702073686170652E2052656667
:106CB000696E65207468652073656E736F722063FA
:106CC000616C6962726174696F6E2C206966206EF6
:106CD00065656465642E0053656C6563746F72202E
:106CE00063616E2774206D6F76652064756520740E
:106CF0006F2046494E444120646574656374696E33
:106D00006720612066696C616D656E742E204D612F
:106D10006B652073757265206E6F2066696C616D9E
:106D2000656E7420697320696E2053656C656374A9
:106D30006F7220616E642046494E444120776F7225
:106D40006B732070726F7065726C792E0046696C7F
:106D5000616D656E742073656E736F7220747269F5
:106D600067676572656420746F6F206561726C7906
:106D7000207768696C65206C6F6164696E67207448
:106D80006F2065787472756465722E204368656340
:106D90006B2074686572652069736E277420616E5C
:106DA000797468696E6720737475636B20696E20EF
:106DB0005054464520747562652E20436865636BA8
:106DC00020746861742073656E736F7220726561E0
:106DD00064732070726F7065726C792E0050756CE0
:106DE0006C6579206D6F746F72207374616C6C6563
:106DF000642E20456E737572652074686520707509
:106E00006C6C65792063616E206D6F766520616EB4
:106E10006420636865636B207468652077697269B4
:106E20006E672E0046696C616D656E742073656EC9
:106E3000736F72206469646E27742073776974635A
:106E400068206F6666207768696C6520756E6C6F68
:106E50006164696E672066696C616D656E742E2071
:106E6000456E737572652066696C616D656E742020
:106E700063616E206D6F766520616E642074686555
:106E80002073656E736F7220776F726B732E00467E
:106E9000696C616D656E742073656E736F722064CA
:106EA00069646E27742074726967676572207768F9
:106EB000696C65206C6F6164696E67207468652019
:106EC00066696C616D656E742E20456E73757265B2
:106ED000207468652073656E736F72206973206318
:106EE000616C6962726174656420616E64207468AB
:106EF000652066696C616D656E742072656163689A
:106F000065642069742E0046494E444120646964DA
:106F10006E277420737769746368206F66662077C4
:106F200068696C6520756E6C6F6164696E67206658
:106F3000696C616D656E742E2054727920756E6C6B
:106F40006F6164696E67206D616E75616C6C792E1E
:106F500020456E737572652066696C616D656E742F
:106F60002063616E206D6F766520616E64204649F6
:106F70004E444120776F726B732E0046494E444158
:106F8000206469646E277420747269676765722073
:106F90007768696C65206C6F6164696E67207468DE
:106FA000652066696C616D656E742E20456E737523
:106FB0007265207468652066696C616D656E742009
:106FC00063616E206D6F766520616E642046494E68
:106FD000444120776F726B732E0044697361626C59
:106FE000650053746F70004C6F616400556E6C6F78
:106FF00061640052657365744D4D5500526574723D
:107000007900426564206C6576656C696E67206600
:1070100061696C65642E2053656E736F72206469BC
:10702000646E277420747269676765722E204465E8
:1070300062726973206F6E206E6F7A7A6C653F2082
:1070400057616974696E6720666F72207265736537
:10705000742E0053656E736974697669747900449F
:107060006F6E65005265636F766572696E6720703A
:1070700072696E7400252E3130532000253464006F
:10708000457872656D65207370616E206F6620743F
:107090006865205A2076616C756573210025642F20
:1070A0003900312F3900880020746F6F206C6F6EAB
:1070B0006720657874727573696F6E20707265767B
:1070C000656E7465640020636F6C6420657874720B
:1070D0007573696F6E2070726576656E7465640095
:1070E0004D6F76652061626F7274656400504F5712
:1070F00045522050414E4943204445544543544550
:10710000440055564C4F202D20656E642025640A9E
:107110000055564C4F5F54494E59202D20656E64E2
:107120002025640A00776F726C6420636F6F72644D
:10713000696E617465733A2028252E33662C2025EC
:107140002E33662C20252E3366290A004D3232302C
:107150002053256400446F6E652072656164696E1A
:107160006720454550524F4D0A0054656D70657259
:10717000617475726520526573746F7265640A007C
:1071800047312045252D2E336620463237303000DA
:107190004D4D55323A002533640018010419020A96
:1071A0007B6F076F8F6E246EDD6D4D6DD76C716CCC
:1071B000246C066CBC6B066CA76BA76BA76BA76BEC
:1071C000A76BA76BA76BA76BA76BA76BA76BA76B2F
:1071D000A76BA76BA76BA76BA76BA76BA76BA76B1F
:1071E000A76BA76B726B336BEB6A7A6A476AFF69AE
:1071F000B7695B692469E468C9680101010101019B
:1072000001027101710132323203030303030303EC
:1072100003030303030303030303030393932438C8
:107220000393030102560365006600670068006966
:10723000006A006B006C00730074007D007E00C962
:1072400000D300DD00CA00D400DE002D013701416B
:10725000012E01380142012F013901430130013A69
:1072600001440131013B014501320191019201F5D7
:1072700001F601F701F801F901FA01FB01FC0184B3
:1072800003FC6F5F70F36FEC6FE76FDB49302AE24E
:107290006FDA6F252E3230530A70727573612E6962
:1072A0006F2F3034256875002055706772616469EE
:1072B0006E672078666C6173680A20446F206E6F79
:1072C0007420646973636F6E6E6563742100773236
:1072D00035783230636C5F63666D0A0077323578DB
:1072E0003230636C5F656E7465720A00737461722C
:1072F000740A007265636F7665725F6D61636869B9
:107300006E655F73746174655F61667465725F70EA
:107310006F7765725F70616E69632C20696E697446
:1073200069616C200050525553412075766C6F0096
:107330004734205330004D313130204E256C7500DC
:107340004D32362053256C75004D31303620532593
:107350007500473120462564004D383200473932E8
:107360002045252D2E3366004D3230342050252DFA
:107370002E31662052252D2E31662054252D2E319A
:1073800066004731205A252D2E3366005052555342
:1073900041204D424C2056310047312058252D2E9A
:1073A00033662059252D2E33662046333030300089
:1073B0002C20666565646D756C7469706C793A0033
:1073C00046656564726174653A0047312045352031
:1073D00046313230004D31303920532564004D3173
:1073E000343020532564004D31303420532564005F
:1073F00047323820582059004731205A252E33660D
:107400002046383030007B5B4552523A00332E31F3
:10741000342E31005D5B4657523A005D5B54494D56
:107420003A005D5B464E4D3A005D5B46454D3A0085
:107430005D5B5043443A005B5446553A005B505202
:107440004E3A005B50464E3A305D005B4449413A4B
:10745000005D5B4154423A005D5B4154303A005D4F
:107460005B5354423A005B5354303A007B5B5052BA
:107470004E3A355D007B5B50524E3A305D007B5B8F
:1074800050524E3A395D007B5B50524E3A385D00A7
:107490007B5B5245533A305D5B46494C3A007B5B1F
:1074A0005245533A315D5B46494C3A000000211089
:1074B000422063308440A550C660E770088129915E
:1074C0004AA16BB18CC1ADD1CEE1EFF13112100206
:1074D00073325222B5529442F772D66239931883AE
:1074E0007BB35AA3BDD39CC3FFF3DEE362244334D2
:1074F00020040114E664C774A44485546AA54BB5FE
:1075000028850995EEE5CFF5ACC58DD553367226A5
:1075100011163006D776F6669556B4465BB77AA74D
:1075200019973887DFF7FEE79DD7BCC7C448E558F1
:107530008668A7784008611802282338CCC9EDD99D
:107540008EE9AFF9488969990AA92BB9F55AD44A45
:10755000B77A966A711A500A333A122AFDDBDCCBED
:10756000BFFB9EEB799B588B3BBB1AABA66C877C11
:10757000E44CC55C222C033C600C411CAEED8FFD3D
:10758000ECCDCDDD2AAD0BBD688D499D977EB66EE5
:10759000D55EF44E133E322E511E700E9FFFBEEF8D
:1075A000DDDFFCCF1BBF3AAF599F788F8891A9814F
:1075B000CAB1EBA10CD12DC14EF16FE18010A10039
:1075C000C230E3200450254046706760B983989329
:1075D000FBA3DAB33DC31CD37FE35EF3B102901289
:1075E000F322D2323542145277625672EAB5CBA5F5
:1075F000A89589856EF54FE52CD50DC5E234C324D9
:10760000A01481046674476424540544DBA7FAB7C8
:107610009987B8975FE77EF71DC73CD7D326F23628
:107620009106B01657667676154634564CD96DC914
:107630000EF92FE9C899E9898AB9ABA94458654878
:1076400006782768C018E1088238A3287DCB5CDB68
:107650003FEB1EFBF98BD89BBBAB9ABB754A545AC8
:10766000376A167AF10AD01AB32A923A2EFD0FED34
:107670006CDD4DCDAABD8BADE89DC98D267C076C18
:10768000645C454CA23C832CE01CC10C1FEF3EFF08
:107690005DCF7CDF9BAFBABFD98FF89F176E367E68
:1076A000554E745E932EB23ED10EF01E7C3C3E3F92
:1076B0002F2A225C0000DF013F4911241FBECFEFBB
:1076C000D1E2DEBFCDBF00E00CBF13E0A0E0B2E02E
:1076D000EEE0F5E803E00BBF02C007900D92AA327E
:1076E000B107D9F728E1AAE2B3E001C01D92A132A7
:1076F000B207E1F71BE3CCE5DBE300E006C021972E
:107700000109802FFE010F94CBBCCB35D10780E05F
:107710000807A9F70E9498DD0D9475C20C94354CAA
:107720002F923F924F925F926F927F928F929F9291
:10773000AF92BF92CF92DF92EF92FF920F931F937F
:10774000CF93DF93CDB7DEB72F970FB6F894DEBF98
:107750000FBECDBF6C011B015A01FC0117821682BE
:1077600083819E012F5F3F4F490181FDD2C08FEF82
:107770009FEFEEC2F12C512C00E0003238F48B3236
:1077800009F190F48032F9F0833209F107FD34C039
:1077900020ED280F2A3020F506FF1BC0FAE0FF9EDF
:1077A000200D1124F22E05C08D3279F0803371F74F
:1077B0000160F10193FD859193FF81911F0181117A
:1077C000DCCF1AC002600460F4CF0860F2CF006121
:1077D000F0CF3AE0539E200D1124522E0062E9CFE3
:1077E0008E3221F406FDB1C20064E3CF8C3611F471
:1077F0000068DFCF8836E9F29BEB980F933008F0F2
:107800005FC00061805E06FD02C046E0F42E102FCE
:107810001F73853609F05BC0106417FF61C08F2DA0
:107820009BE39F1508F48BE344244394480E27E020
:107830003501F4E06F0E711CF50160817181828168
:107840009381042DA4010F9474B85C01F981FC8725
:10785000F0FF03C00DE2F3FF07C00BE211FD04C00F
:10786000012F047012FD00E22C852C70E22E09F429
:107870006BC00111D8C2F3E0E12CF515A0F483E050
:10788000E52CE81A13FD08C0B60180E290E00F94E1
:1078900023BAEA94E110F8CF002329F0B601802F33
:1078A00090E00F9423BA3C852AEEA22E25E0B22E5A
:1078B00033FD04C09EEEA92E95E0B92E107122C0B2
:1078C0009BE9980F933008F047C10F7E9CCF863616
:1078D00011F41068A2CFFF2009F49FCFFA949DCF36
:1078E000E7E02F2DEF1518F427E037E0F32E412CB9
:1078F0009FCF11118052B60190E00F9423BA8FEF01
:10790000A81AB80AF50184918111F3CFE11084C25D
:107910005301F6019381F10193FD859193FF8191CC
:107920001F01882309F411C2853241F493FD85912A
:1079300093FF81911F01853209F01CCFB60190E0C1
:107940000F9423BA3501E4CF17FF6FC04A0CFC85B2
:10795000F4FF04C08A81813309F44A9414140CF0B2
:1079600086C028E0241510F488E0482E85E090E0D9
:1079700017FF06C0C501B7FE02C090E080E0019687
:1079800001110196FF2031F02F2D30E02F5F3F4F86
:10799000820F931F5816190619F014F0E52CE81AF7
:1079A000812F897011F4E11067C0002329F0B6011E
:1079B000802F90E00F9423BA13FD02C0E11063C042
:1079C00017FF7CC08501B7FE02C010E000E0C501D2
:1079D000841991092C016F2D70E0EE27FF27E61B1B
:1079E000F70BFF87EE870F3F100729F4B6018EE2F1
:1079F00090E00F9423BAA016B1060CF44BC04016C9
:107A000051060CF047C0F501E01BF10BE80DF91D24
:107A10008181015011092E853F8502171307E4F17A
:107A2000B60190E00F9423BADECF16FD9FCFEF2D65
:107A3000F0E0EA15FB0534F03CEFA3163FEFB30688
:107A40000CF010683296E80DF91D01C0FA94FF2081
:107A500019F082918033D1F317FF88CF44244394E7
:107A60004F0CFA141B0431F02CF0FA187FCF442489
:107A700043947CCFF12C7ACFB60180E290E00F9452
:107A800023BAEA9490CFB60180E390E00F9423BA32
:107A9000EA9494CF80E3BDCFA016B10641F49A8159
:107AA000963350F4953319F43C8534FF05C0B60184
:107AB00090E00F9423BA2ACF81E3F9CF8A818133F2
:107AC00019F09C859F7E9C87B60190E00F9423BAA5
:107AD000FF20A9F0B6018EE290E00F9423BAF39450
:107AE000F394E2E001E00E0FE80DF92DF11D808125
:107AF000B60190E00F9423BAE02F0F11F3CF85E683
:107B000090E014FF02C085E490E0B6010F9423BA20
:107B1000B7FC06C0A114B104C1F4EC85E4FF15C0A4
:107B2000B194A194B1088DE2B60190E00F9423BA0C
:107B300080E32AE0A216B10454F4B60190E00F9459
:107B400023BAB601C501C096B4CF8BE2EDCF8F5FEB
:107B5000FAE0AF1AB108EDCF8336C9F0833771F17F
:107B6000833509F05BC03501F2E06F0E711CF50141
:107B7000A080B1806F2D70E006FD02C06FEF7FEF37
:107B8000C5010F94B7B99D878C8700680DC035017A
:107B900032E0630E711CF5018081898321E030E0C1
:107BA0003D872C8754010F7703FD06C02C853D854A
:107BB0005216130609F0A8F4E52C2BC0350132E06B
:107BC000630E711CF501A080B1806F2D70E006FD81
:107BD00002C06FEF7FEFC5010F94DCB99D878C87E2
:107BE000E2CFB60180E290E00F9423BA5A94DECF40
:107BF000F50107FD859107FF81915F01B60190E0D6
:107C00000F9423BAE110EA948C859D8501979D8796
:107C10008C87EC85FD85EF2B59F778CE843619F0EB
:107C2000893609F074C0350107FF66C0F4E06F0EB5
:107C3000711CF5016081718182819381102F1F7603
:107C400097FF08C090958095709561957F4F8F4FF5
:107C50009F4F10682AE030E0A4010F944ABBA82E81
:107C6000A818BA2C012F16FF0AC00E7FAF1438F4E3
:107C700014FF04C012FD02C0012F0E7EBF2C04FFB2
:107C8000A3C0FE01EA0DF11D8081803309F095C08B
:107C9000097EF02FF870EF2E03FDA5C000FF9FC0F6
:107CA000FA2CB51410F4F50CFB1804FFA2C0B601B1
:107CB00080E390E00F9423BA02FF09C088E790E0C8
:107CC00001FF02C088E590E0B6010F9423BAAF141B
:107CD00008F49BC0AA940A2D10E00F5F1F4F080DF7
:107CE000191DF80182918F01B60190E00F9423BA1B
:107CF00080169106B1F70ACEF2E06F0E711CF50105
:107D000060817181072E000C880B990B97CF102F83
:107D10008537A9F41F7E2AE030E0350117FF44C003
:107D2000F4E06F0E711CF501608171818281938195
:107D3000A4010F944ABBA82EA8181F7792CF197FD1
:107D40008F3679F1F0F4883539F1F6018681978123
:107D50002F960FB6F894DEBF0FBECDBFDF91CF9147
:107D60001F910F91FF90EF90DF90CF90BF90AF9059
:107D70009F908F907F906F905F904F903F902F904B
:107D80000895803739F0883701F714FD146020E139
:107D900030E0C3CF1061F9CF04FD166020E132E07E
:107DA000BCCF28E030E0B9CFF2E06F0E711CF501D6
:107DB0006081718190E080E0BBCF02FD02C0B3948E
:107DC00068CFB394B39465CF802F867809F461CFE0
:107DD000F6CFB60180E290E00F9423BAB394B514C5
:107DE000C0F3E12C62CFE52CEB18B51408F45DCF9D
:107DF000F8CF802F867809F46ACF8BE201FF80E20A
:107E000007FD8DE2B60190E060CFB60180E390E01F
:107E10000F9423BAFA945BCFB60180E290E00F94FE
:107E200023BAEA9473CD24E0E12C251508F036CD71
:107E300084E026CD20E030E040E85FEB6091AC02CA
:107E40007091AD028091AE029091AF020F94D8BDB7
:107E5000882321F1E0917512F0917612E857FF4ED8
:107E600080818B7F8230D1F480E1ECEAF2E0A7E4FC
:107E7000B7E001900D928A95E1F780E090E0A0E8EC
:107E8000BFEB8093AC029093AD02A093AE02B0938F
:107E9000AF028091101890911118089581E090E040
:107EA0000895CF92DF92EF92FF920F931F93CF939B
:107EB000DF9390E0EC01CC0FDD1FCC0FDD1FFE0146
:107EC000E454FB4E2591359145915491FE01E653C2
:107ED000F94FC080D180E280F3808E01095B184F9A
:107EE000C701B6010F94E3BCF801608371838283FC
:107EF0009383FE01E055FB4E2591359145915491B8
:107F00008E010F5D1D4FC701B6010F94E3BCF80150
:107F10006083718382839383FE01EC55FB4E259130
:107F2000359145915491CB5EDD4FC701B6010F9459
:107F3000E3BC688379838A839B83DF91CF911F9110
:107F40000F91FF90EF90DF90CF90089580E1E8E5EA
:107F5000F5E0A7E4B7E001900D928A95E1F7089566
:107F6000EBE3F0E1833021F0E82FF0E0E85CFF4E36
:107F700084910895409186105091871090E080E0A0
:107F800041155105B1F1209175123091761290E0B2
:107F900080E0F901E857FF4EA081A23021F4618111
:107FA0007281860F971F4150510919F1F901E55768
:107FB000FF4EA1919F0128583041A111FACFF9013C
:107FC000E857FF4E2D3EA1E03A0730F4A191A111F0
:107FD000E0CF2F5F3F4FF6CF2D3EE1E03E07C9F6E1
:107FE000E8E8F0E19F0128583041A191AA23D1F39C
:107FF000D0CF0895982F9F7083FF0DC080917B0094
:10800000886080937B0080917C00887F9770892BAB
:1080100080937C00089580917B00877FF2CF8091D0
:108020001218909113184AE050E070E060E0019659
:108030000F9446B7862F08958091121890911318C7
:108040004AE050E070E060E001960F9446B7CB0143
:10805000089580911218909113184AE050E070E052
:1080600060E001960D9446B780919F049091A00422
:1080700090939E0480939D0488E895E29F938F934C
:1080800080917D0390917E03A0917F03B091800346
:108090000196A11DB11DBF93AF939F938F9385E26E
:1080A00098E09F938F938CE298E09F938F930F9427
:1080B0007DBA8DB79EB70A960FB6F8949EBF0FBED5
:1080C0008DBF08950F931F93CF93DF93EC01C60FDD
:1080D000D71F8C179D0779F08C010F5F1F4F0F94EE
:1080E000BBBB8F3F31F081E0DF91CF911F910F91AA
:1080F0000895C801EECF80E0F7CF682F880F770B87
:10810000809175129091761285579F4E0F9412C2EE
:108110009C01909313188093121881E0232B09F48B
:1081200080E008950F931F93CF93DF938C01862FE8
:10813000EA010E947D40882319F10E941C409C01A5
:1081400097FF03C0319521953109253631059CF003
:108150009F938F938BE898E69F938F9381E295E1AD
:108160009F938F930F947DBA0F900F900F900F9065
:108170000F900F9080E0DF91CF911F910F910895A4
:10818000F80180818823B1F3CE01DF91CF911F9157
:108190000F910D94BBBB60E086E69FE00F94DFBBC0
:1081A00060E088E69FE00F94DFBB60E085E69FE03B
:1081B0000F94DFBB60E084E69FE00F94DFBB60E0DC
:1081C00082ED9EE00F94DFBB60E08FEC9EE00D94AB
:1081D000DFBB8091C30481FB662760F991E06927CA
:1081E00060FB81F98093C3048BE29DE00D94DFBBBB
:1081F00080369105F8F440917512509176122091D5
:108200008310309184104217530739F4609186101F
:1082100070918710161617066CF0B901680F791F58
:10822000FB01E359FF4F2417350730F481E04E1767
:108230005F0708F480E00895EE3EF140F8F06C5FCF
:108240007F4F6E3E714018F449365105B8F483599A
:108250009F4F4817590770F34DEE51E0421B530BE7
:1082600070E060E0C90188579F4E0F94EDC18FB751
:10827000F89410928410109283108FBF81E00895BB
:108280002F923F924F925F926F927F928F929F9226
:10829000AF92BF92CF92DF92EF92FF920F931F9314
:1082A000CF93DF93CDB7DEB7CC58D2400FB6F8945A
:1082B000DEBF0FBECDBFCB58DD4F688379838A8385
:1082C0009B83C557D240FE01E754FE4F88E2DF0191
:1082D0001D928A95E9F7E85BF1401F0180E991E082
:1082E000DF01FC011D923197E9F7C75ADD4F198272
:1082F0001882C955D2409E012F513E4FC159DD4FC2
:1083000039832883CF56D2408E01075A1D4FCE01A4
:108310008F5C9D4FC359DD4F99838883CD56D240E2
:108320003C01490140EBA42E4FE0B42E53E2C52E90
:10833000D12CF12CE12CB6010D2C000C880B990BE3
:108340000F9449B6D4016D937D938D939D934D0108
:10835000F801619171918F01072E000C880B990B28
:108360000F9449B6D3016D937D938D939D933D01F9
:10837000BFEFEB1AFB0AE6E0EE16F10409F038C392
:10838000CB58DD4F288139814A815B81C557D24066
:10839000C159DD4FA881B981CF56D2406D917D91F1
:1083A0008D919C910F946CBF412C512C3201181669
:1083B0000CF402C3C359DD4F08811981CD56D24058
:1083C0000C5E1F4FC159DD4FE880F980CF56D24077
:1083D000B4E1EB0EF11C6E01EFEDCE1AEDEFDE0A0B
:1083E0009E012B553E4FCF58DD4F39832883C1570F
:1083F000D240D8014D905D906D907C90F7016081E6
:10840000718182819381D7015E914E913E912E912F
:108410007D010F94E2BC4B015C01F8015291429145
:10842000329122918F01C301B2010F94E2BCA501E8
:1084300094010F94E2BDD6019E938E937E936E932A
:108440006D01CF58DD4FE881F981C157D240B2921A
:10845000A29292928292CF58DD4FF983E883C1575E
:10846000D240C359DD4F28813981CD56D240021701
:10847000130709F0BECF4E013FE6831A3EEF930A81
:108480005E0183EFA81A8DEFB80A61018101EE2425
:10849000E394F12CD4014D905D906D907D904D0151
:1084A0002D913D914D915C91C301B2010F94E3BCBC
:1084B0009B01AC010F94E3BCF80164A775A786A7E4
:1084C00097A7F1E0EF16F10461F0D80198964D926C
:1084D0005D926D927C929B97F801448255826682F0
:1084E0007782FFEFEF1AFF0AF50120813181428187
:1084F000538184E0A80EB11C6481758186819781C7
:108500000F94E2BC20E030E040EC50E40F9488B6D9
:10851000D601DC966D937D938D939C93DF97045DDC
:108520001F4FB8E2CB0ED11CE5E0EE16F10409F0C6
:10853000B1CF7E01FDE2EF0EF11C28E2A22EB12C9C
:1085400000EB1FEF24E0220E311CD7012D913D914D
:108550004D915C91139798966D917D918D919C9121
:108560009B970F94E2BD2B013C016101C01AD10A17
:1085700088248394912CF601E00FF11FEA0DFB1D76
:108580002081318142815381C301B2010F9488B6A9
:108590009B01AC01F60160817181828193810F940E
:1085A000E2BCD6016D937D938D939D936D01BFEFDA
:1085B0008B1A9B0AE6E08E169104E9F63CE2E30E84
:1085C000F11C0852110988E2A80EB11C08339FEF74
:1085D000190709F0BACF1E01F5EB2F0E311C6E0101
:1085E00021EBC20ED11C7E0137E3E31A3EEFF30A02
:1085F00004E010E04801B12CA12C412C512C320197
:10860000F601EA0DFB1DD701AA0DBB1D2D913D9171
:108610004D915C9160817181828193810F9488B6C4
:108620009B01AC01C301B2010F94E3BC2B013C01DF
:108630008FEF881A980A94E0A90EB11CA5E08A165B
:108640009104F1F6A3019201F101608171818281AF
:1086500093810F94E2BCD6012D913D914D915C9197
:108660000F94E2BDF701608371838283938301508D
:108670001109F8E22F1A31082CE2C21AD10834E0AD
:10868000E31AF1080115110509F0B4CFCB50DE4F04
:1086900088819981AA81BB81C55FD140CF57DD4FC9
:1086A00088839983AA83BB83C158D2401E0197E473
:1086B000291A9EEF390A10E000E0C159DD4FA88168
:1086C000B981CF56D240CD90DD90ED90FD90C1594B
:1086D000DD4FB983A883CF56D240CB58DD4F2881D8
:1086E00039814A815B81C557D240C701B6010F94D9
:1086F000D8BD1816B4F0CB58DD4F288139814A8196
:108700005B81C557D240C159DD4FE881F981CF5611
:10871000D24060817181828193810F946CBF87FF09
:1087200018C00430110509F030C1CB58DD4F288145
:1087300039814A815B81C557D240CF57DD4F68816F
:1087400079818A819B81C158D2400F94D8BD87FF1F
:108750001CC1D10114968D909D90AD90BC9017973F
:108760008D919D910D90BC91A02DCF58DD4F8883A8
:108770009983AA83BB83C157D240F801EE0FFF1F34
:10878000EE0FFF1F21E931E02C0F3D1FE20FF31F19
:108790004080518062807380C359DD4FA881B981C8
:1087A000CD56D2408D919D910D90BC91A02DC35876
:1087B000DD4F88839983AA83BB83CD57D240A7011D
:1087C0009601CB58DD4F688179818A819B81C5579D
:1087D000D2400F94E2BC6B017C0120E030E040E429
:1087E00050E40F9453C0CB57DD4F688379838A835D
:1087F0009B83C558D240C358DD4F288139814A81B7
:108800005B81CD57D240C359DD4FE881F981CD5608
:10881000D24064817581868197810F94E2BCA30167
:1088200092010F94E2BDC758DD4F688379838A8334
:108830009B83C957D240A3019201C301B2010F9497
:10884000E3BCCF58DD4F288139814A815B81C15714
:10885000D2400F9488B6C757DD4F688379838A83E7
:108860009B83C958D240A3019201C501B4010F9462
:1088700088B69B01AC01C757DD4F688179818A8139
:108880009B81C958D2400F94E3BC20E030E040EC1B
:1088900050E40F94E2BD9B01AC01C758DD4F6881E5
:1088A00079818A819B81C957D2400F94E2BCA7018C
:1088B00096010F9488B6C758DD4F688379838A8301
:1088C0009B83C957D240CF58DD4F288139814A81D7
:1088D0005B81C157D240C501B4010F94E2BC4B018A
:1088E0005C0120E030E040EC50E4C301B2010F94A1
:1088F00088B69B01AC01C501B4010F94E2BDCB5712
:10890000DD4F288139814A815B81C558D2400F945F
:1089100088B64B015C0120E030E040E05FE3CF58D7
:10892000DD4F688179818A819B81C157D2400F9444
:1089300088B62B013C01A7019601C701B6010F942F
:1089400088B69B01AC01C301B2010F9488B69B01AC
:10895000AC01C501B4010F94E3BC9B01AC01C75845
:10896000DD4F688179818A819B81C957D2400F94FC
:10897000E3BCC358DD4F288139814A815B81CD57E3
:10898000D2400F94E3BC2B013C010F5F1F4FF4E07A
:108990002F0E311CC359DD4F28813981CD56D2406D
:1089A0002C5F3F4FC359DD4F39832883CD56D240CA
:1089B0000530110509F081CEC301B201C457DD4F66
:1089C0000FB6F894DEBF0FBECDBFDF91CF911F91E0
:1089D0000F91FF90EF90DF90CF90BF90AF909F905E
:1089E0008F907F906F905F904F903F902F90089561
:1089F000C5010F94C9BBD8018D939C93B5E0CB0EF4
:108A0000D11CE2E0AE0EB11C96CC0F931F93CF9316
:108A100020919D13213079F58C0180E50E947D40E5
:108A2000882349F10E940F40C82F853020F5013C72
:108A300082E0180749F0023C124069F08C2FCF9178
:108A40001F910F910D94FE7C60E08C2FCF911F91B0
:108A50000F910D943F7D8EEC9EE00F94BBBB88235D
:108A600051F00F94D464882331F08C2FCF911F9153
:108A70000F910D94BA7DCF911F910F910895CF93CF
:108A8000C82F0F947A36F894C09370060F946E87AF
:108A90000E9490DD880F82700F948F190F94D43646
:108AA0007894CF91089560FF04C028E5FC012083ED
:108AB000019661FF04C029E5FC012083019620E2B4
:108AC000FC012193CF0162E770E10D9472B98F929E
:108AD0009F92AF92BF92CF92DF92EF92FF920F934D
:108AE0001F93CF93DF9300911218109113180F5F0B
:108AF0001F4F68018FEFC81AD80AD801DC918D2F5B
:108B000090E00F944CB97C01892B01F5DD3201F521
:108B10006801B2E0CB0ED11CF801D181C1E0860121
:108B20000150110943E050E06FE670E1C8010F9475
:108B300082B9892BC1F460E070E080E89FEFC11139
:108B4000DBC060E070E080E89FE7D6C08601D1CF4F
:108B5000DB3239F46801F2E0CF0ED11CD801119656
:108B6000DC91C0E0DCCF43E050E06CE670E1C8018E
:108B70000F9482B9892B09F4CCC0F60110E000E013
:108B800020E030E0A9016F01D053DA3060F5BC2E4F
:108B90006894B1F88C2F8870C2FF09C0811102C09F
:108BA0000F5F1F4F3196D601DC91CB2DECCF882380
:108BB00011F001501109A5E0B0E00F9450BC9B01E9
:108BC000AC01220F331F441F551F2D0F311D411DB6
:108BD000511D2839B9E93B074B07B9E15B0710F391
:108BE000C660BC2EDFCFDE3F31F4C3FD33C0BC2EE8
:108BF0006894B3F8D7CFD53369F580818D3231F4DD
:108C0000C061BF016E5F7F4F818105C0BF018B32A4
:108C1000C9F36F5F7F4F80538A30E0F4FB01B0E807
:108C2000EB16BCE0FB065CF4B701660F771F660F1E
:108C3000771FE60EF71EEE0CFF1CE80EF11C81916B
:108C400080538A3060F3C4FF03C0F194E194F108CB
:108C50000E0D1F1DCA01B9010F9447B6C370C33072
:108C600009F490584B015C0120E030E0A9010F9419
:108C7000D8BD882309F43EC0C8E6D0E117FF05C07F
:108C8000119501951109C0E5D0E16E01E8E1CE1A18
:108C9000D10880E2E82EF12C0DC0FE01259135911E
:108CA000459154910E191F09C501B4010F9488B65E
:108CB0004B015C01D501C4010E151F0574F7249703
:108CC000F594E794CC16DD06A9F78A2F880F8B2F31
:108CD000881F8F3F49F020E030E0A901C501B401B1
:108CE0000F94D8BD811106C082E290E090931618CF
:108CF00080931518C501B401DF91CF911F910F9199
:108D0000FF90EF90DF90CF90BF90AF909F908F90AB
:108D1000089560E070E080EC9FE7EECF2F923F92E5
:108D20004F925F926F927F928F929F92AF92BF927B
:108D3000CF92DF92EF92FF920F931F93CF93DF9327
:108D400000D0CDB7DEB78EEDC82E82E0D82E88E5F4
:108D500095E09B838A8397E4E92E97E0F92E3324EC
:108D6000339400E0F60181916F010E947D40282E2E
:108D7000882309F4A6C01091E30313210E946745DC
:108D80002B013C01EA81FB81408251826282738225
:108D9000033009F046C0F1E0F983111101C01982D6
:108DA0008090BC029090BD02A090BE02B090BF0225
:108DB00020E030E040E85FE3C501B4010F94D8BD86
:108DC000882359F1111115C0209153073091540790
:108DD0004091550750915607C301B2010F94E2BC70
:108DE00060936405709365058093660590936705AD
:108DF0002982A501940160916405709165058091B7
:108E00006605909167050F9488B66093640570932A
:108E100065058093660590936705E981E11103C0BC
:108E200022C0112399F0F7012081318142815381C1
:108E3000EA81FB8160817181828193810F94E3BC1F
:108E4000EA81FB8160837183828393830F5F330C9C
:108E50008A819B8104969B838A8394E0E90EF11CAE
:108E6000043009F07FCF86E40E947D40882399F08A
:108E70000E9467456B017C0120E030E0A9010F945E
:108E80006CBF181644F4C0929102D0929202E09204
:108E90009302F09294020F900F900F90DF91CF9178
:108EA0001F910F91FF90EF90DF90CF90BF90AF9008
:108EB0009F908F907F906F905F904F903F902F90FA
:108EC0000895F70180819181A281B381EA81FB81BC
:108ED00080839183A283B383B9CF2F923F924F9225
:108EE0005F926F927F928F929F92AF92BF92CF923A
:108EF000DF92EF92FF920F931F93CF93DF93CDB743
:108F0000DEB765970FB6F894DEBF0FBECDBF698B95
:108F10007A8B8B8B9C8B49015A01302ECD8A2D2C5C
:108F200081E080939702DF922D892F931F92EF9219
:108F30008EED97E09F938F930F947DBA81E40E940A
:108F40007D400F900F900F900F900F900F908823FF
:108F5000A1F08091121890911318FC0121812837FB
:108F600009F069C040E150E070E060E002960F94C3
:108F700046B7698B7A8B8B8B9C8B83E40E947D40F8
:108F8000882309F465C00E9429402B013C01C9884F
:108F9000DA88EB88FC888C149D04AE04BF0410F4BE
:108FA00075016401D301C2018C0D9D1DAE1DBF1D55
:108FB00088169906AA06BB0628F08C159D05AE05F5
:108FC000BF0530F4240135014C185D086E087F0898
:108FD00088E50E947D40882309F491C020911218F1
:108FE000309113182F5F3F4FFE01319610E000E0E3
:108FF0004F01D9018C912F5F3F4F882309F43FC067
:1090000000311105E1F18032A1F38A30C1F190ED18
:10901000980F9A3010F58295807F9D012E5F3F4F0B
:1090200011969C9140ED490F4A30F8F4842B8193BE
:109030000F5F1F4FDECF0E9467450F9454BE9B0108
:10904000770F440B550B298B3A8B4B8B5C8B95CF51
:1090500044244A94542C32019ACF9FE9980F9630B9
:1090600058F48295807F8057D8CF4FE9490F46301A
:1090700018F49755892BDBCF11950195110928011B
:10908000012E000C66087708DA8AC98AB12CA12C57
:109090000A151B05F1F0332039F031E0331671F079
:1090A0004FEFA41AB40AF4CFF401EA0DFB1D80813E
:1090B000E989FA89EA0DFB1D8083F2CFF401EA0DFC
:1090C000FB1D608189899A898A0D9B1D0F9403BCC1
:1090D000E7CFFF92EF92DF92CF922F925D895F935D
:1090E0007F926F925F924F9282EB97E09F938F9364
:1090F0000F947DBA0FB6F894DEBF0FBECDBF032D1F
:10910000A3019201C701B6010F945F6365960FB684
:10911000F894DEBF0FBECDBFDF91CF911F910F91AD
:10912000FF90EF90DF90CF90BF90AF909F908F9087
:109130007F906F905F904F903F902F900895609137
:109140001D1870911E1890E08A3020F0895A9F4FA8
:109150000D9423BAC096FCCF84FF18C08D9A85FF6A
:1091600017C0A49A2FB786FF15C0F89490910201FA
:109170009068909302012FBF87FF11C0A39A8F9A26
:1091800085E08A95F1F700008F9808958D98E7CFD4
:10919000A498E8CFF894909102019F77EACFA39822
:1091A000EECF0F931F93CF93DF93C82FD62F8A0153
:1091B00060FF15C05D9A8AE18A95F1F700C08C2F97
:1091C0000E94AC48D1FD04C08C2F82950E94AC480F
:1091D000C801DF91CF911F910F910C94F2C25D985D
:1091E000EACFCF92DF92EF92FF92CF93DF93EC0121
:1091F0006A017B010F94C3BB6F3F7F4F8F4F9F4F1F
:1092000059F4B701A601CE01DF91CF91FF90EF9005
:10921000DF90CF900D9411BCDF91CF91FF90EF9034
:10922000DF90CF90089580E1E7E4F7E0ACE9B2E0A9
:1092300001900D928A95E1F78091390290913A025E
:1092400090937503809374038091720E9091730EC6
:109250009093B2058093B1058091700E8093B30511
:109260008091E30383FB882780F980930B1880911A
:10927000E5038093B00581E0809357070895CF936D
:10928000DF9383E097E10E94D15A81E495E1892B35
:1092900051F0C3E1D6E1A397CE010E94D15A85E1F6
:1092A000C134D807C1F78EE195E10E94D15A89EF08
:1092B00094E1DF91CF910C94D15ACF93DF93C7E41F
:1092C000D7E020E030E048EC51E46C857D858E8568
:1092D0009F850F94E3BC6C877D878E879F8763E3B0
:1092E00073E383E590E4DF91CF910D943A9760E0CA
:1092F00085EA9FE00F94DFBB60E08FE79CE00F946E
:10930000DFBB80E090E0A0E8BFEB8093AC029093DD
:10931000AD02A093AE02B093AF0282E080936A02E6
:1093200010925E0E08958091B1059091B205209142
:10933000720E3091730E2817390771F09093730EE7
:109340008093720E81E08093E1030F94E31C0F94ED
:10935000135F82E08093E103089580915E0E88237D
:1093600041F08091390290913A0290937503809375
:10937000740308958091A6059091A705009729F19F
:1093800020915D0E211121C020915C0E21111DC084
:10939000FC01E85AFF4F20E1ACEAB2E001900D92E7
:1093A0002A95E1F7FC01E659FF4F20813181309386
:1093B00006182093051888599F4FFC0180819181E0
:1093C0009093111880931018089580E090E0A0E821
:1093D000BFEB8093AC029093AD02A093AE02B0932A
:1093E000AF026091910270919202809193029091EC
:1093F00094020F945BBE7093061860930518109248
:109400001118109210180895CF92DF92EF92FF92E8
:10941000809173148823D9F18091850390918603FC
:10942000A0918703B0918803809307189093081840
:10943000A0930918B0930A180F94FC86C0900718DF
:10944000D0900818E0900918F0900A18C81AD90AA4
:10945000E108F108C0920718D0920818E0920918A4
:10946000F0920A180E94BA3FC81AD90AE108F10816
:10947000C0920718D0920818E0920918F0920A18C2
:1094800010926A02FF90EF90DF90CF900895809144
:1094900015058823B1F180917D0390917E03A09101
:1094A0007F03B09180038093071890930818A093CE
:1094B0000918B0930A180F94FC8640910718509130
:1094C00008186091091870910A18481B5109610920
:1094D00071098091861090918710092E000CAA0BBB
:1094E000BB0B481B590B6A0B7B0B4093071850931F
:1094F00008186093091870930A1881E080936A0233
:10950000C1CF82E0FBCFCF92DF92EF92FF92C0906B
:109510000A07D0900B07E0900C07F0900D078091A0
:109520000907882309F44EC020E030E0A901C701F3
:10953000B6010F946CBF18160CF044C02BED3FE041
:1095400049E450E4C701B6010F9488B6A70196011B
:109550000F9488B620E030E040E85EE30F9488B6D0
:109560009B01AC0160E070E080E89FE30F94E2BDF6
:109570006B017C01609195027091960264367105D1
:10958000A1F0072E000C880B990B0F9449B62AE026
:1095900037ED43E25CE30F9488B69B01AC01C70151
:1095A000B6010F9488B66B017C01C092BC02D092C8
:1095B000BD02E092BE02F092BF02FF90EF90DF90FA
:1095C000CF900895C12CD12C80E8E82E8FE3F82E9F
:1095D000D1CF8F929F92AF92BF92CF92DF92EF92B4
:1095E000FF9281EF9FE00F94D6586B017C018DEEC6
:1095F0009FE00F94D6584B015C010F942F322CE35F
:1096000030E040E050E00F942EBCBA01A901480DB3
:10961000591D6A1D7B1D8DEE9FE00F94F1BB60917B
:10962000660670916706809168069091690628EE3B
:1096300033E040E050E00F942EBCBA01A9014C0D7C
:109640005D1D6E1D7F1D81EF9FE00F94F1BB0F9498
:109650000436109266061092670610926806109201
:10966000690680919D13813081F46091A1137091FE
:10967000A21390E080E00F94BE581092A2131092B3
:10968000A1131092A4131092A313FF90EF90DF90F8
:10969000CF90BF90AF909F908F9008958091E503F9
:1096A0001F928F9380916E031F928F93EBEBF4E0E8
:1096B000428153812CE3249FC001259F900D1124EA
:1096C0009F938F9340815181249FC001259F900DCE
:1096D00011249F938F938EEF97E09F938F930F9416
:1096E0007DBA8DB79EB70A960FB6F8949EBF0FBE8F
:1096F0008DBF0895CF93C82F8FEF9FE00F94BBBB12
:10970000813021F080917006813029F481E08C272E
:10971000CF910C943F45CF91089589E893E00D9443
:10972000741F20E030E040E752E40F94E2BD08955A
:10973000109290024091690350916A0360916B030B
:1097400070916C0340939102509392026093930244
:109750007093940290933A028093390289E893E0DF
:109760000D94741F1F93CF93DF93182F8091910254
:1097700090919202A0919302B09194028093690318
:1097800090936A03A0936B03B0936C03C09139026A
:10979000D0913A0284E690E090933A0280933902A5
:1097A00089E893E00F94741F10939002CE01DF912B
:1097B000CF911F91089540E050E0BA018DEE9FE0F7
:1097C0000F94F1BB40E050E0BA0181EF9FE00F94AD
:1097D000F1BB0E94CB4070E060E085E09FE00F9419
:1097E000FDBB70E060E083E09FE00F94FDBB70E0A4
:1097F00060E081E09FE00F94FDBB70E060E08FEFE0
:109800009EE00F94FDBB70E060E083ED9EE00F945E
:10981000FDBB70E060E080ED9EE00F94FDBB40E09A
:1098200050E0BA0188EA9CE00D94F1BBF89488E11D
:1098300098E00FB6F894A895809360000FBE9093BF
:109840006000FFCFC82F9FB7F894E2E0F1E080817D
:10985000846080839FBF6C2F83E09DE00F94DFBB0B
:109860008C2F0E942BC80E94164C1F920F920FB68D
:109870000F92112483E00E94224C1F920F920FB688
:109880000F92112482E00E94224C85EA9FE00F94FF
:10989000BBBB91E0811101C090E0892F08958091B8
:1098A000E203811106C081E090919C03923009F09F
:1098B00080E008958091731481110AC0809115058C
:1098C000811106C081E090919C03913009F080E005
:1098D0000895CF93DF93C0915C0EC1111FC080919A
:1098E0005D0E81111CC00E944F4C811118C0D09197
:1098F000690ED43061F48091720E9091730E892BB1
:1099000091F48091700E9091710E892B61F40E94F8
:109910005A4CC82F811103C0C1E0D111C0E08C2F77
:10992000DF91CF910895C1E0FACF0E94694C88235E
:1099300089F020E030E040E050E460914F07709102
:10994000500780915107909152070F94D8BD881FFE
:109950008827881F08950E945A4C811118C00E94C0
:109960004F4C811114C080915E0E811110C0809106
:10997000690E81110BC080919E13811107C08091E7
:109980005C0E811104C080915D0E089581E0089500
:10999000FC012081211101C06695FC0162830895BC
:1099A000FC01618321E0603208F020E090812917FA
:1099B00081F08281992351F090E09595879582837B
:1099C00070E075956795618320830895880F828381
:1099D000FBCF211104C070E07595679561830895F0
:1099E00080E1E7E4F7E0A8E5B5E001900D928A9503
:1099F000E1F708954F925F926F927F928F929F92BC
:109A0000AF92BF92CF92DF92EF92FF920F931F938C
:109A1000CF93DF9300D000D01F921F92CDB7DEB757
:109A200020915E0E222309F473C12091E4032230B9
:109A300009F46EC12091E403213011F41092E40383
:109A40002B013C011092E5031091B3056091F504E0
:109A50007091F6048091F7049091F8040F945BBE26
:109A6000611731F0812F90E09093710E8093700E0A
:109A70000E9493498091B0058093E5039091E303A0
:109A800080910B1881958927887089278093E3033B
:109A9000A30192016091A8027091A9028091AA028B
:109AA0009091AB020F94E2BC6D837E838F83988785
:109AB000CE0105960F948B871092380220E030E09B
:109AC00040E85FEB60919C0270919D0280919E0244
:109AD00090919F020F94D8BD811120C080914707BB
:109AE00090914807A0914907B0914A0780939C0242
:109AF00090939D02A0939E02B0939F0280914B078A
:109B000090914C07A0914D07B0914E078093A00211
:109B10009093A102A093A202B093A302A301920189
:109B20006091A8027091A9028091AA029091AB0263
:109B30000F94E2BC69837A838B839C83E0904F0708
:109B4000F090500700915107109152072091A00208
:109B50003091A1024091A2025091A30260919C0217
:109B600070919D0280919E0290919F021F921F9280
:109B70001F921F92E2E68E2EE7E29E2EE6E7AE2EC1
:109B8000E2E4BE2EFE0131966F010F94E587A3013A
:109B900092016091A8027091A9028091AA0290910D
:109BA000AB020F94E2BC69837A838B839C83E09041
:109BB000A402F090A5020091A6021091A7022091A4
:109BC000A0023091A1024091A2025091A3026091A3
:109BD0009C0270919D0280919E0290919F021F9223
:109BE0001F921F921F920F94E587E090A402F090BD
:109BF000A5020091A6021091A7022091A002309127
:109C0000A1024091A2025091A30260919C02709126
:109C10009D0280919E0290919F021F921F921F921F
:109C20001F92812C912CF8EEAF2EF2E4BF2EA8EA01
:109C3000CA2EA2E0DA2E0F94E5870F947A3611E04F
:109C400010933802609105187091061890E080E03A
:109C50000F9447B66093910270939202809393029F
:109C600090939402809174039091750390933A02BB
:109C70008093390280E1ECE9F2E0A7E4B7E00190DB
:109C80000D928A95E1F70E94F04C80916A020FB61E
:109C9000F894DEBF0FBECDBF811151C0609107188F
:109CA000709108188091091890910A18609387178D
:109CB000709388178093891790938A170F9415547F
:109CC0008091071890910818A0910918B0910A186E
:109CD0008093850390938603A0938703B0938803B2
:109CE0001093731460E085EA9FE00F94DFBB60E09F
:109CF0008FE79CE00F94DFBB8EEB93E60E9408EEAB
:109D000082E080936A0210925E0E81E08093610E81
:109D100028960FB6F894DEBF0FBECDBFDF91CF916E
:109D20001F910F91FF90EF90DF90CF90BF90AF9079
:109D30009F908F907F906F905F904F9008958130AB
:109D400089F68091071890910818A0910918B09190
:109D50000A1880937D0390937E03A0937F03B093B2
:109D6000800310928210109281100E943440BACF6A
:109D70003F924F925F926F927F928F929F92AF929B
:109D8000BF92CF92DF92EF92FF920F931F93CF93E8
:109D9000DF933090F017332009F480C08B01EC0181
:109DA00031FE54C088809980AA80BB80FB01C080AE
:109DB000D180E280F3802091C5173091C617409181
:109DC000C7175091C817C501B4010F9488B62B016D
:109DD0003C012091C9173091CA174091CB1750917F
:109DE000CC17C701B6010F9488B69B01AC01C30123
:109DF000B2010F94E3BC2B013C012091BD173091BF
:109E0000BE174091BF175091C017C501B4010F9400
:109E100088B64B015C012091C1173091C217409167
:109E2000C3175091C417C701B6010F9488B69B01A0
:109E3000AC01C501B4010F94E3BC688379838A83C4
:109E40009B83F801408251826282738230FE26C079
:109E50002091E8173091E9174091EA175091EB17DC
:109E6000688179818A819B810F94E3BC68837983BF
:109E70008A839B832091EC173091ED174091EE1768
:109E80005091EF17F80160817181828193810F9465
:109E9000E3BCF8016083718382839383DF91CF9168
:109EA0001F910F91FF90EF90DF90CF90BF90AF90F8
:109EB0009F908F907F906F905F904F903F9008950C
:109EC0002F923F924F925F926F927F928F929F92CA
:109ED000AF92BF92CF92DF92EF92FF920F931F93B8
:109EE000CF93DF9300D000D01F921F92CDB7DEB783
:109EF0008C011B01FC0180819181A281B381898346
:109F00009A83AB83BC83FB0180819181A281B38161
:109F10008D839E83AF83B887BE016B5F7F4FCE0179
:109F200001960E94B84EC980DA80EB80FC8020E068
:109F300030E0A901C701B6010F94D8BD87FF35C035
:109F400019821A821B821C82FF24F3948D809E80CA
:109F5000AF80B88420E030E040E850ECC501B401A7
:109F60000F94D8BD87FF35C080E090E0A0E8B0EC4A
:109F70008D839E83AF83B887CD80DE80EF80F884A9
:109F800089809A80AB80BC807090F01771104CC0B3
:109F9000F80180829182A282B382F101C082D182D3
:109FA000E282F382FF24F39425C020E030E04FE703
:109FB00053E4C701B6010F946CBFF12C181634F6A8
:109FC00080E090E0AFE7B3E489839A83AB83BC83FE
:109FD000BBCF20E030E844E553E4C501B4010F9461
:109FE0006CBF18162CF480E090E8A4E5B3E4C0CF71
:109FF000F110C2CF8F2D28960FB6F894DEBF0FBE9A
:10A00000CDBFDF91CF911F910F91FF90EF90DF9027
:10A01000CF90BF90AF909F908F907F906F905F9008
:10A020004F903F902F90089570FE1CC02091E8172C
:10A030003091E9174091EA175091EB17C501B4012F
:10A040000F94E2BC4B015C012091EC173091ED17AD
:10A050004091EE175091EF17C701B6010F94E2BC83
:10A060006B017C0171FE9ECF2091D8173091D917DA
:10A070004091DA175091DB17C501B4010F9488B6EF
:10A080002B013C012091DC173091DD174091DE1748
:10A090005091DF17C701B6010F9488B69B01AC0140
:10A0A000C301B2010F94E3BCF80160837183828322
:10A0B00093832091E0173091E1174091E21750917E
:10A0C000E317C501B4010F9488B64B015C012091E0
:10A0D000E4173091E5174091E6175091E717C70153
:10A0E000B6010F9488B69B01AC01C501B4010F9471
:10A0F000E3BCF101608371838283938353CFCF925A
:10A10000DF92EF92FF92CF93DF93EC01BC016C5F83
:10A110007F4F0E94604FC0902902D0902A02E090A9
:10A120002B02F0902C02A7019601688579858A851B
:10A130009B850F94D8BD87FF04C0C886D986EA8660
:10A14000FB86C0901D02D0901E02E0901F02F0908E
:10A150002002A7019601688579858A859B850F94E1
:10A160006CBF181624F4C886D986EA86FB86DF9170
:10A17000CF91FF90EF90DF90CF9008952F923F9274
:10A180004F925F926F927F928F929F92AF92BF9207
:10A19000CF92DF92EF92FF920F931F93CF93DF93B3
:10A1A000CDB7DEB7A2970FB6F894DEBF0FBECDBF16
:10A1B0001C0188E595E00E947F5089E893E00F94A8
:10A1C000741F40904707509048076090490770906F
:10A1D0004A07C0905805D0905905E0905A05F09074
:10A1E0005B05A7019601C301B2010F94D8BD81118F
:10A1F0003FC020915C0530915D0540915E05509116
:10A200005F0560914B0770914C0780914D079091CD
:10A210004E070F94D8BD81112BC020E030E040E7FD
:10A2200052E4609191027091920280919302909118
:10A2300094020F94E2BD0F9407970E94A63FA29646
:10A240000FB6F894DEBF0FBECDBFDF91CF911F9147
:10A250000F91FF90EF90DF90CF90BF90AF909F90C5
:10A260008F907F906F905F904F903F902F900895C8
:10A270006091390270913A02072E000C880B990BFD
:10A280000F9449B62091910230919202409193022D
:10A29000509194020F9488B62EE333EC4EE259E3CA
:10A2A0000F9488B66F83788789879A878091A513E2
:10A2B000882309F40FC1A3019201C701B6010F94CD
:10A2C000E2BC2B013C0120914B0730914C0740919F
:10A2D0004D0750914E0760915C0570915D0580912E
:10A2E0005E0590915F050F94E2BC6B877C878D873C
:10A2F0009E87C301B2019F772B853C854D855E8586
:10A300005F770F94E3BC6B017C0120E030E0A90192
:10A310000F946CBF18160CF0DDC020E030E040EF69
:10A3200051E4C701B6010F94E2BD0F94C1BD0F9473
:10A330005BBE7E836D836230710508F4CBC021144F
:10A34000310409F4C7C020914F0730915007409164
:10A35000510750915207609160057091610580919D
:10A360006205909163050F94E2BC6F87788B898BAF
:10A370009A8B209153073091540740915507509183
:10A38000560760916405709165058091660590910E
:10A3900067050F94E2BC6B8B7C8B8D8B9E8BAD81A4
:10A3A000BE81CD01B0E0A0E08F8F98A3A9A3BAA38E
:10A3B0002D813E812216330608F08CC0B10190E059
:10A3C00080E00F9447B66B017C016F8D78A189A165
:10A3D0009AA10F9447B69B01AC01C701B6010F9437
:10A3E000E2BD6B017C01AC019B016B897C898D898D
:10A3F0009E890F9488B69B01AC01609153077091C0
:10A40000540780915507909156070F94E3BC6983D8
:10A410007A838B839C83A70196016F8578898989CC
:10A420009A890F9488B620914F0730915007409138
:10A430005107509152070F94E3BC6F8B788F898F2F
:10A440009A8FA70196016B857C858D859E850F94DB
:10A4500088B620914B0730914C0740914D075091A1
:10A460004E070F94E3BC6B8F7C8F8D8F9E8FA7015F
:10A470009601C301B2010F9488B62091470730912D
:10A4800048074091490750914A070F94E3BC3F9217
:10A490002F92A7E4B7E0BF93AF938F809884A984ED
:10A4A000BA84DE0111966D01EF88F88C098D1A8D42
:10A4B0002B8D3C8D4D8D5E8D0F94E5870F900F9009
:10A4C0000F900F908091610E8111B7CEBFEF2B1AC4
:10A4D0003B0A6ECFE0906005F09061050091620547
:10A4E0001091630520915C0530915D0540915E05FA
:10A4F00050915F05609158057091590580915A05FA
:10A5000090915B051F921F92E7E4F7E0FF93EF93B2
:10A510008F809884A984BA84E4E6CE2EE5E0DE2E0E
:10A520000F94E5870F900F900F900F9086CECF92EB
:10A53000DF92EF92FF92CF939B01AC01C0904F0747
:10A54000D0905007E0905107F0905207C701B60134
:10A550000F94E3BC60934F077093500780935107AB
:10A560009093520783B190914607911102C084FFE6
:10A5700026C087E497E00E947F50E0919A02F09114
:10A580009B0260857185828593850F943A970F941D
:10A590007A36A701960160914F077091500780911C
:10A5A0005107909152070F94E2BC6B017C01C701E7
:10A5B000B601CF91FF90EF90DF90CF90089515985E
:10A5C0000F947A3681E00F94A641C82F84E00F944F
:10A5D000011965E575E585E591E40F943A970F94C7
:10A5E0007A3682E00F946636A70196010F94E2BC9A
:10A5F0006B017C010F94B441882391F080911D027E
:10A6000090911E02A0911F02B091200280934F07EB
:10A6100090935007A0935107B09352070F94FA9567
:10A620000F94D2188C2F0F94A641C1CF8F929F9276
:10A63000AF92BF92CF92DF92EF92FF924B015C01FB
:10A64000C0904F07D0905007E0905107F09052070C
:10A65000AC019B01C701B6010F946CBF87FF11C00D
:10A66000A5019401C701B6010F94E2BC9F77FF904A
:10A67000EF90DF90CF90BF90AF909F908F900C9411
:10A680009752FF90EF90DF90CF90BF90AF909F9048
:10A690008F900895E1E6F3E09FE780818F3721F006
:10A6A00087FF08C08F778083319683E0E936F8070B
:10A6B000A1F708959083F8CF90916D02981710F448
:10A6C00080936D0280916E02882339F0E091180426
:10A6D000F0911904309709F019940895CF93DF93FE
:10A6E000CDB7DEB7AE014A5F5F4FFA01619171915C
:10A6F000AF0188E094E00F9402BBDF91CF91089501
:10A7000068E074E00D9453BA68E074E0082E000C21
:10A71000990B0D9423BACF93C82FC15020F080E23B
:10A720000E948453FACFCF910895CF93C82F862FDC
:10A73000643008F083E0809360030E94B03F8C0F88
:10A7400080935F0344E650E060E08068CF910C9412
:10A75000D148CF93DF93EA010E94955368E074E0FB
:10A76000CE01DF91CF910D9453BACF93C42F0E94A5
:10A77000955368E074E08C2FCC0F990BCF910D941A
:10A7800023BA60E080E00E94955310925F03089521
:10A7900040E456E060E081E00E94D14810926003FE
:10A7A00010925F0348E050E06FE770E081E693E0CD
:10A7B0000D94EDC14F925F926F927F928F929F9214
:10A7C000AF92BF92EF92FF920F931F93CF93DF93BD
:10A7D0000E94C85346E058E461E080E00E94A9531B
:10A7E000D091900281E080939002EAEFF4E1C4916D
:10A7F00084E00F94011987E4E82E87E0F82EF70132
:10A8000010861186128613860F94FA950E94F04CDA
:10A81000E4EFF4E185909590A590B49008E515E0FB
:10A820008C2F992781950CF49095BC01072E000C74
:10A83000880B990B0F9449B62B013C012DEC3CEC95
:10A840004CE85FE3C501B4010F9488B69B01AC01ED
:10A85000C301B2010F9488B6F80120853185428585
:10A8600053850F94E3BCF8016087718782879387D3
:10A8700080E090E0A8E4B4E4809391029093920287
:10A88000A0939302B093940265E575E585E591E4A4
:10A890000F9407970F947A360F94D2181092900263
:10A8A000F70110861186128613860F94FA950E947E
:10A8B000F04CF6EFCF02B0011124072E000C880BEC
:10A8C000990B0F9449B69B01AC01F8016085718525
:10A8D000828593850F94E3BCF80160877187828736
:10A8E000938780E090E0A8ECB3E48093910290938A
:10A8F0009202A0939302B093940265E575E585ED0D
:10A9000090E40F9407970F947A36D093900280E0EA
:10A9100090E0ABE5B3E4F70180879187A287B38726
:10A920000F94FA9581E0DF91CF911F910F91FF90E5
:10A93000EF90BF90AF909F908F907F906F905F90BF
:10A940004F90089590916E02981709F180936E02CE
:10A950008823E9F010923C0510923B051092D60531
:10A960008AED93E00F94741F0F94E31C61507109FA
:10A97000810991096093D6037093D7038093D8031C
:10A980009093D9030E94C85382E00C945C530895BD
:10A99000CF93C82F1092600310925F0348E050E0FD
:10A9A0006FE770E081E693E00F94EDC144E951E177
:10A9B00062E080E30E94D14846E950E062E080E333
:10A9C0000E94D14846E950E062E080E30E94D1480D
:10A9D00046E950E062E080E20E94D148809116048E
:10A9E00044E650E060E080620E94D14884E08093B9
:10A9F0005E0344E650E060E08CE00E94D148C11163
:10AA00000E94C85344E650E060E086E0CF910C9489
:10AA1000D14881E00C94C854CF92DF92FF920F93FB
:10AA20001F93CF93DF9300D000D01F921F92CDB71A
:10AA3000DEB78A30D9F480916003843018F08FEF4C
:10AA400080936003609160036F5F80E00E94955384
:10AA500028960FB6F894DEBF0FBECDBFDF91CF9121
:10AA60001F910F91FF90DF90CF90089590E8980F7D
:10AA700044E650E061E09A3408F5482F4058550B01
:10AA80009A0196E0929FA001939F500D1124FA0124
:10AA9000EF57F14FF490E1E6F3E030E020E09FEF74
:10AAA0006191782F76277F7789F4F901EF59FC4F70
:10AAB0008083F22E44E650E061E08F2D0E94D14861
:10AAC00080915F038F5F80935F03C2CF6F3709F080
:10AAD0003CC0F901EF59FC4F8083922FF92EFA0107
:10AAE000E458F14F8E010F5F1F4FD801959188E018
:10AAF000182E10FE05900294802D9795881F8D9337
:10AB00001A94B9F7BF2DE8E0BE02C001112444E653
:10AB100050E060E080640E94D1486E01F9E0CF0E01
:10AB2000D11C44E650E061E0D8018D918D010E9476
:10AB3000D148C016D106A9F780915F0344E650E0E2
:10AB400060E080680E94D148B5CF67FF922F2F5FE9
:10AB50003F4F2830310509F0A3CF9F3F09F0BECF0A
:10AB6000A9CF8F929F92AF92BF92EF92FF920F93D5
:10AB70001F93CF93DF93CDB7DEB7A0970FB6F894AE
:10AB8000DEBF0FBECDBF611571058105910599F43A
:10AB900080E3A0960FB6F894DEBF0FBECDBFDF9165
:10ABA000CF911F910F91FF90EF90BF90AF909F902A
:10ABB0008F900C940C5500E0842E912CB12CA12C7C
:10ABC0009E012F5F3F4F7901A50194010F942EBC88
:10ABD000F701E00FF11D6083B901CA010F5F611534
:10ABE00071058105910581F70E0D1F2D111DE016D0
:10ABF000F10659F0F80182918F018A3020F4805DCE
:10AC00000E940C55F4CF895CFBCFA0960FB6F89448
:10AC1000DEBF0FBECDBFDF91CF911F910F91FF908F
:10AC2000EF90BF90AF909F908F900895CF92DF925A
:10AC3000EF92FF926B017C01F7FE0BC08DE20E9448
:10AC40000C55F094E094D094C094C11CD11CE11C2C
:10AC5000F11C4AE0C701B601FF90EF90DF90CF9062
:10AC60000C94B1550F9425538F3FF9F080E00E946A
:10AC7000A2540E94C85347EF5EE561E080E00E9465
:10AC8000A95380E20E940C550F942553682F70E061
:10AC90006F5F7F4F072E000C880B990B0E94165692
:10ACA0000F94E67C81E00C94A25408950F931F93B7
:10ACB000CF938C01C62FCC2359F0F8012491222385
:10ACC00039F00F5F1F4F84910E940C55C150F3CF94
:10ACD0008C2F0E948B538C2FCF911F910F91089531
:10ACE0000F931F93CF938C01C62FCC2349F0F8010B
:10ACF00081918F01882321F00E940C55C150F5CF1E
:10AD00008C2F0E948B538C2FCF911F910F91089500
:10AD1000CF93DF93EC018991882319F00E940C55A1
:10AD2000FACFDF91CF910895CF93DF93EC0120E02C
:10AD300030E04CE852E460915307709154078091E1
:10AD40005507909156070F94E3BC60935307709397
:10AD50005407809355079093560760E070E080EAAF
:10AD600091E40F943A970E945D490E94C8534BE3C7
:10AD700052E660E080E00E94A9538881882339F080
:10AD800061E080E00E949553CE010E94885647ED15
:10AD900053E162E080E00E94A95383E49BE20F94B8
:10ADA0003214DF91CF910D947A360E940C5590E0C9
:10ADB00080E008951092A7031092D9050895CF93CB
:10ADC0008091A703C1E0811104C0C0E08C2FCF9116
:10ADD00008950E94DA56FACF1F920F920FB60F9283
:10ADE00011240BB60F922F938F939F93EF93FF93A2
:10ADF000E0915903E830E8F4F0E08827ED5FF84A85
:10AE00008F4F0D94CBBC0B57255730573E57545797
:10AE10005D57805792578091710681110AC08091C9
:10AE20001E06880F80935803882319F081E08093D1
:10AE30005903FF91EF919F918F912F910F900BBE2E
:10AE40000F900FBE0F901F901895809157038F5F42
:10AE50008093570390915803981758F382E0E7CFF7
:10AE600083E0809359038FE0809356038FEF86BD74
:10AE700081E085BD84B58F7E84BDDBCF8091560394
:10AE80008295807F819588BD80915603882321F02B
:10AE9000815080935603CDCF84E0809359038FEF88
:10AEA00088BD8EEF86BDC5CF85E0809359038FEFB7
:10AEB00088BD86BD82E085BDBCCF2FEF28BD8091C7
:10AEC00071068111B6CF809157038F5F809357032E
:10AED00090915803891708F4ACCF80911E0690E03A
:10AEE0008F3791050CF0A5CF86E0809359038FE052
:10AEF0008093560326BD81E085BD84B58061BCCFBB
:10AF0000809156038295807F819588BD80915603FC
:10AF10008111BECF87E08093590380E886BD8FEF13
:10AF200088BD87CF1092590380E886BD8FEF88BD1A
:10AF3000C1CFCF93DF93EC0187E69FE00F94BBBBBB
:10AF400091E0811101C090E081E02881211101C0D0
:10AF500080E08913988387E09FE00F94BBBB91E06A
:10AF6000811101C090E0998385ED9EE00F94BBBBF9
:10AF700091E0811101C090E09A8387E49DE00F94F5
:10AF8000BBBB8F3F21F08887DF91CF910895188652
:10AF9000FBCFCF93C82F682F87E69FE00F94DFBBCE
:10AFA000CC2319F0CF910D94F463CF910D94E46309
:10AFB00010923A050F94E31C6093A1177093A217A7
:10AFC0008093A3179093A41708951F920F920FB622
:10AFD0000F9211240BB60F928F939F93EF93FF93D1
:10AFE000EFEBF4E080819181019691838083FF9162
:10AFF000EF919F918F910F900BBE0F900FBE0F900E
:10B000001F9018951F920F920FB60F9211242F9335
:10B010004F935F936F937F938F939F93AF93BF9360
:10B0200080913A058823F1F08091AA048B34D0F006
:10B0300080916A0086FF24C080913C0690913D0675
:10B04000A0913E06B0913F0680934F03909350032A
:10B05000A0935103B093520380916A0090E4892732
:10B0600080936A00BF91AF919F918F917F916F9173
:10B070005F914F912F910F900FBE0F901F901895D9
:10B0800080913C0690913D06A0913E06B0913F060E
:10B0900040914F03509150036091510370915203BE
:10B0A000841B950BA60BB70B2091E50344E050E001
:10B0B00060E070E0253620F043E050E060E070E0B2
:10B0C00084179507A607B70738F28091C1049091BD
:10B0D000C20402969093C2048093C104BDCF8F92A4
:10B0E0009F92AF92BF92CF92DF92EF92FF920F9317
:10B0F0001F93CF93DF93CFEBD4E068817981072E44
:10B10000000C880B990B0F9449B66B017C010F94CE
:10B11000E31C0BEB14E08090A1179090A217A09075
:10B12000A317B090A417681979098A099B090F948D
:10B1300047B69B01AC0160E070E08AE793E40F94AE
:10B14000E2BDA70196010F9488B60F9454BEF80192
:10B15000718360836A817B81072E000C880B990BB9
:10B160000F9449B66B017C010F94E31C8090A117EA
:10B170009090A217A090A317B090A417681979090E
:10B180008A099B090F9447B69B01AC0160E070E00F
:10B190008AE793E40F94E2BDA70196010F9488B665
:10B1A0000F9454BEF80173836283198218821B8244
:10B1B0001A82DF91CF911F910F91FF90EF90DF9056
:10B1C000CF90BF90AF909F908F900895809353033E
:10B1D00010926E0380FF08C08091C3048370813099
:10B1E000E9F480E880936E0320916E038FEF820F65
:10B1F0008E3FD8F08091A000877F8093A0001092AE
:10B20000AD001092AC009FB7222351F0F8948091CA
:10B2100002018062809302019FBF08958FEFE2CF09
:10B22000F894809102018F7DF5CFEFB7F89480916B
:10B23000A00088608093A00030E0809172004FEF02
:10B2400050E081FF04C04091A8005091A900249FC4
:10B25000C001259F900D349F900D11246FEF70E079
:10B260000F9484BC7093AD006093AC00EFBF089561
:10B270008BE29DE00F94BBBB9091C30480FB91F9DE
:10B280009093C3040E94D85781E00C94E6581F9312
:10B29000CF93DF93D0915303D1FD1DC010912205B0
:10B2A000C1E020E030E048E452E46091650E709126
:10B2B000660E8091670E9091680E0F946CBF181601
:10B2C0000CF0C0E0DE7FCD2B81E0111101C080E0E9
:10B2D000C82BC093530380915303DF91CF911F91EB
:10B2E0000C94E658EF92FF920F931F93CF93DF9346
:10B2F000EC018B017A010E94624081110BC0A80110
:10B30000BE01C701DF91CF911F910F91FF90EF9088
:10B310000D94CFBBDF91CF911F910F91FF90EF90D4
:10B3200008950F931F93CF93DF938C01D62FC72FD0
:10B330000F94C9BB8F3F980739F46D2F7C2FC8013C
:10B340000F9419BC8D2F9C2FDF91CF911F910F91DE
:10B3500008950F931F93CF938C01C62F0F94BBBBFF
:10B360008F3F29F46C2FC8010F9403BC8C2FCF9111
:10B370001F910F910895CF93DF93EC010F94C9BBF8
:10B38000BC016F5F7F4FCE01DF91CF910D9419BC4F
:10B39000CF93DF93EC010F94BBBB61E0680FCE014C
:10B3A000DF91CF910D9403BCCF93DF93EC010F9409
:10B3B000BBBB61E0811160E0CE01DF91CF910D94C4
:10B3C00003BC2BE0829FC0011124805B924F0F943D
:10B3D000C9BB21E0019609F420E0822F0895CF93A4
:10B3E000DF93C82FD8E0CF5FC8300CF0C0E08C2FBF
:10B3F0000E94E159811103C0D150A9F7CFEF8C2FE2
:10B40000DF91CF91089581EA9DE00F94BBBB0E942C
:10B41000EF5987FD05C0682F81EA9DE00D94DFBBE1
:10B4200008950F931F93CF93C82F8B0160EE7DE09B
:10B43000823070F069ED7DE0843050F061ED7DE0A8
:10B44000843031F069EC7DE0853011F062EC7DE014
:10B45000C8010F9472B98CEF8C0F823028F0C17044
:10B46000CF5CF801C6831782CF911F910F91089589
:10B4700061E080EC9FE00F94DFBB60E08FEB9FE02A
:10B480000F94DFBB60E08EEB9FE00F94DFBB60E0CA
:10B490008DEB9FE00F94DFBB60E08CEB9FE00D94A1
:10B4A000DFBBCF93C82F82958F700E949F488C2F4F
:10B4B0008F70CF910C949F48809186109091871047
:10B4C000181619060CF043C00197909387108093CB
:10B4D0008610892BA1F48091811090918210892B84
:10B4E00021F4109284101092831080918310909117
:10B4F0008410909376128093751281E00895809164
:10B500007512909176120396FC01E857FF4E208148
:10B5100001962111F9CFFC01E857FF4E8D3E21E045
:10B52000920740F441919C012F5F3F4F4111E1CFC1
:10B53000C901F4CFE8E8F0E18D3E21E09207C9F6B9
:10B54000CF018858904121912223D1F3D2CF80E0BE
:10B55000089580919D0490919E0420919F043091C4
:10B56000A004821B930B8F7799270895FC0120E09C
:10B570003EE2DB014D91BD01403249F0283011F42B
:10B5800030833196DB0111974C91408331962F5FC8
:10B590002B3079F71082089540E050E0BA010D9405
:10B5A000D04AFC01238121110D94078108959091C7
:10B5B0002505911107C09091C00095FFFCCF8093A5
:10B5C000C6000895913031F49091C80095FFFCCFEA
:10B5D0008093CE0008950E94D75A90E080E00895AD
:10B5E000CF93DF93EC01FE018491882321F00E9428
:10B5F000D75A2196F8CFDF91CF910895CF92DF925D
:10B60000EF92FF92C090650ED090660EE090670EAC
:10B61000F090680E89E497E10E94F05A42E0C70179
:10B62000B6010F940CB381E497E10E94F05A609147
:10B63000F5047091F6048091F7049091F80441E0CC
:10B640000F940CB3FF90EF90DF90CF900D94BFB3A9
:10B650004F925F926F927F928F929F92AF92BF9222
:10B66000CF92DF92EF92FF920F931F93CF93DF93CE
:10B67000CC24CA94DC2C76010EEA1FE093E2892EDA
:10B68000912CA12CB12C412C512C3201D0E0C0E0E6
:10B690008FEFC81609F45DC0C8010F94C9BBEC0157
:10B6A000BC01990F880B990B0F9449B620917E0627
:10B6B00030917F0640918006509181060F94E2BD43
:10B6C0002B013C01C701B6010F944BAF8BE396E110
:10B6D0000E94F05AC501B4010F944BAF8BE396E181
:10B6E0000E94F05ABE010D2E000C880B990B0F948E
:10B6F0004BAF8BE396E10E94F05A20E030E04AE73E
:10B7000054E4C301B2010F9488B60F94205385E02E
:10B71000880E911CA11CB11C0E5F1F4F8FEFC81A21
:10B72000D80AE80AF80A0A3B8FE0180709F0B0CFF8
:10B73000DF91CF911F910F91FF90EF90DF90CF900D
:10B74000BF90AF909F908F907F906F905F904F9041
:10B75000089587EA9AE20E94F05AB8CF882371F1DF
:10B760008FE296E10E94F05A60912C1370E090E015
:10B7700080E00F944BAF80912C138430D8F010925E
:10B780002C138AE296E10E94F05A80912C1390E0EB
:10B790000F946E5380912C132091B1053091B20516
:10B7A0003093730E2093720E0E942BFF0E945D490E
:10B7B0000D947A368F5F80932C13E3CF90E080E076
:10B7C0000E94B0BDE9CFCF93DF9387E296E10E945C
:10B7D000F05AC7E4D7E0688179818A819B8142E091
:10B7E0000F940CB383E296E10E94F05A6C817D8144
:10B7F0008E819F8142E00F940CB38FE196E10E940D
:10B80000F05A688579858A859B8542E00F940CB350
:10B810008BE196E10E94F05A6C857D858E859F852F
:10B8200042E00F940CB383EF97E00E94F05A80E05F
:10B830000F9458360F9449B6C2E7D6E02C813D816B
:10B840004E815F810F94E2BD42E00F940CB387E11B
:10B8500096E10E94F05A81E00F9458360F9449B651
:10B86000288539854A855B850F94E2BD42E00F94B7
:10B870000CB383E196E10E94F05A82E00F945836AF
:10B880000F9449B62C853D854E855F850F94E2BDAA
:10B8900042E00F940CB38FE096E10E94F05A83E0EF
:10B8A0000F9458360F9449B6288939894A895B899B
:10B8B0000F94E2BDDF91CF910D9420538EE195E17D
:10B8C0000E94F05A6091650E7091660E8091670E2D
:10B8D0009091680E41E00F940CB38BE195E10E94CA
:10B8E000F05A6091720E7091730E072E000C880B47
:10B8F000990B0F9449B641E00F940CB387E195E1A1
:10B900000E94F05A6091F5047091F6048091F7045A
:10B910009091F80441E00F940CB384E195E10E940A
:10B92000F05A6091700E7091710E072E000C880B0A
:10B93000990B0F9449B641E00F940CB38FE095E159
:10B940000E94F05A6091650E7091660E8091670EAC
:10B950009091680E41E00F940CB38CE095E10E9449
:10B96000F05A6091720E7091730E072E000C880BC6
:10B97000990B0F9449B641E00F940CB388E095E120
:10B980000E94F05A60911D0570E090E080E00F94F5
:10B990004BAF83E095E10E94F05A60911E0670E083
:10B9A00090E080E00F944BAF8FEF94E10E94F05A4B
:10B9B000609198037091990380919A0390919B03F1
:10B9C00041E00F940CB38BEF94E10E94F05A609128
:10B9D0005706709158068091590690915A0641E099
:10B9E0000F940CB30D94BFB320916B1430E0A8EE0C
:10B9F000B3E00F945BBCAB01BC018CE694E10F9407
:10BA0000C71D882399F080916A1480FD0E945E5CB6
:10BA100080916A1482FD0E94E35B80916A1481FD2B
:10BA20000E944E4B8CE694E10D94741F08950E9481
:10BA3000F05A0D94BFB3CF9381EA9DE00F94BBBB46
:10BA4000CBE08C9FC0011124805B924F0F94C9BB47
:10BA50008156904F803A9F40C8F088E197E10E945C
:10BA6000175D81EA9DE00F94BBBB8C9FC001112440
:10BA700070E060E0805B924F0F9419BC8BED96E113
:10BA80000F94951381E0CF910C94A254CF91089517
:10BA9000FF920F931F93CF93DF939091180591110D
:10BAA0004BC0C82F81E080931805CC2301F10E9480
:10BAB0005A4C8823E1F00E944F4C811120C063E072
:10BAC00089E091E10E9418E9F090B3050091B10579
:10BAD0001091B205D091B0050F94EF1CF092B30510
:10BAE0001093B2050093B105D093B00508C061E092
:10BAF00080E00E9423F88BE898E6CC2311F083EBDA
:10BB000098E60E94F05A8CE698E00E94175D80E06B
:10BB100091E10E9408EE9FB7F89480910201846041
:10BB2000809302019FBF0F944411C11105C0809101
:10BB3000D10381608093D103DF91CF911F910F9149
:10BB4000FF900895EC01F8940F949D22179A10929B
:10BB50004407169A10924507149A8BE898E60E94BB
:10BB6000F05A8CEB96E10E94175D209779F0CE0198
:10BB70000E94175DBE0185E99CE00F9419BC62E448
:10BB800084E99CE00F9403BC0E94164CC4EBD6E100
:10BB9000F1CF8091060186FD33C080E00E947A4B90
:10BBA00010924F07109250071092510710925207AF
:10BBB0000F94FA9520E030E040EA50E460914F079E
:10BBC0007091500780915107909152070F94E3BCF8
:10BBD00060934F07709350078093510790935207DB
:10BBE000E0919A02F0919B02608571858285938530
:10BBF0000F943A970F947A3682E090E70E94A25D04
:10BC000008952F923F924F925F926F927F928F9200
:10BC10009F92AF92BF92CF92DF92EF92FF920F93DB
:10BC20001F93CF93DF93CDB7DEB760970FB6F8942D
:10BC3000DEBF0FBECDBF282E6E875A874987209161
:10BC400090022D87772473947092900242E08417BB
:10BC500009F4D4C1082F10E0F801E850FB4E3490ED
:10BC6000832D032C000C990B9C878B87D801AA0F7E
:10BC7000BB1FAA0FBB1FBA83A983FD01E253FD4F6F
:10BC800080819181A281B3818B839C83AD83BE83AC
:10BC90008093910290939202A0939302B0939402A6
:10BCA000BC01CD010E94914B6B017C0181E0022C13
:10BCB00001C0880F0A94EAF70F940119A981BA818B
:10BCC000A95BB84FB887AF83FD0110821182128241
:10BCD00013820F94FA950E94F04C632D032C000CF4
:10BCE000770B880B990B0F9449B64B015C01498186
:10BCF0005A81485A5A4F588B4F8720E030E040E431
:10BD000050EC0F9488B6AF85B8896D937D938D9371
:10BD10009C931397C701B6010F9407970F947A3637
:10BD20000F94C24110929002EF81F8851082118227
:10BD3000128213820F94FA95AF85B8898D929D92E5
:10BD4000AD92BC921397C701B6010F9407970F9459
:10BD50007A3670929002E981FA81E451FB4E459067
:10BD60005590659074902DEC3CEC4CE85FE3C50178
:10BD7000B4010F9488B6A30192010F9488B6EF85A1
:10BD8000F8896083718382839383C701B6010F941E
:10BD900007970F947A36712C612C4F8058840F943A
:10BDA000C24110929002D2011D921D921D921C92CE
:10BDB00013970F94FA9520E030E040E251ECC50172
:10BDC000B4010F9488B6EF85F8896083718382830C
:10BDD0009383C701B6010F9407970F947A360F9497
:10BDE000C241F1E0F093900220E030E040E351E402
:10BDF000C501B4010F9488B6AF85B8896D937D9362
:10BE00008D939C9313978B819C81AD81BE81809390
:10BE1000910290939202A0939302B0939402C7016F
:10BE2000B6010F9407970F947A36822D0F949E17C0
:10BE30009C0144E0369527954A95E1F7A985BA8596
:10BE4000109721F0FD01E60DF71D20839F938F933E
:10BE50003F932F937F926F92E4EDF4E1FF93EF9382
:10BE60000F947DBA4FEF641A740A0FB6F894DEBFD0
:10BE70000FBECDBF9E85691608F491CF0F94C241C5
:10BE8000109290028091F904882309F4B2C0F8015D
:10BE9000E650FB4F6081603408F0ABC0F801E65A11
:10BEA000FD4FA081AB83F801E450FB4F808140E05F
:10BEB00051E002C0569547958A95E2F7822D0F947E
:10BEC000F367BB81BB2339F0432D41956B2F70E0A5
:10BED000822D0F94C4670F94D218822D0E94513F77
:10BEE000F801EC5BF84F81E080836B857C85719570
:10BEF00061957109072E000C880B990B0F9449B6B8
:10BF00002AE037ED43E25CE30F9488B64B015C0115
:10BF1000F801E85AFD4F608170E090E080E00F94F6
:10BF200049B69B01AC01C501B4010F9488B64B0121
:10BF30005C01E981FA81E95BF84FFC83EB83AC019A
:10BF40009B0160817181828193810F94E2BCAB81FE
:10BF5000BC816D937D938D939C9313970F94FA9569
:10BF6000EB81FC812081318142815381C501B40183
:10BF70000F94E3BCAB81BC816D937D938D939C93B7
:10BF80001397E981FA81E85AFA4F608371838283BB
:10BF9000938320E030E040E05FE3C701B6010F94F7
:10BFA00088B60F9407970F947A36109291021092E8
:10BFB00092021092930210929402FD85F0939002E7
:10BFC00060960FB6F894DEBF0FBECDBFDF91CF9164
:10BFD0001F910F91FF90EF90DF90CF90BF90AF90A7
:10BFE0009F908F907F906F905F904F903F902F9099
:10BFF0000895432D419568E070E06ACF81E00E948A
:10C000007A4BEAEFF4E1B491B98310924F071092A2
:10C01000500710925107109252070F94FA95E4EFCF
:10C02000F4E185909590A590B490E9816E2FEE0F84
:10C03000770B880B990B0F9449B66B017C0120E0BC
:10C0400030E040EC5FE3C501B4010F9488B6A7016E
:10C0500096010F9488B66093600570936105809394
:10C0600062059093630580E090E0A8E4B4E48093D7
:10C07000910290939202A0939302B0939402BC0118
:10C08000CD010E94914B4B015C010F9407970F94D7
:10C090007A360E94C95D10924F0710925007109295
:10C0A0005107109252070F94FA95E0EDF4E1659173
:10C0B0007591859194919058A70196010F9488B637
:10C0C00060936005709361058093620590936305AA
:10C0D000C501B4010F9407970F947A36E0EDF4E1AF
:10C0E00065917591859194919B01AC010F94E3BC8E
:10C0F000A70196010F9488B660936005709361055F
:10C10000809362059093630580E090E0A8ECB3E42F
:10C110008093910290939202A0939302B093940221
:10C12000BC01CD010E94914B0F9407970F947A3672
:10C130000E94C95D82E00E94513F80914F0790911B
:10C140005007A0915107B0915207809360059093DA
:10C150006105A0936205B09363051092910210925D
:10C16000920210929302109294020F94C241709224
:10C17000460780E00E947A4B20CF2F923F924F9249
:10C180005F926F927F928F929F92AF92BF92CF9267
:10C19000DF92EF92FF920F931F93CF93DF9300D024
:10C1A0001F921F92CDB7DEB7D82E2A013B01322E47
:10C1B000E982FA820B831C830F947A3681E08093A4
:10C1C0005C0EFC2CE32CD31010C0ED2CDC100DC049
:10C1D00060E070E080EA90E40E941653FF24F3943C
:10C1E000EE24E3942224239401C02D2C0F943DA827
:10C1F0008091A5138D831092A51382E00F9466366B
:10C2000060934F07709350078093510790935207A4
:10C21000F1100F94E6A381E00E94B24B8C010E94C2
:10C22000F04C10929102109292021092930210928E
:10C230009402222009F47AC19B8D91116DC150E0C6
:10C2400040E061E080E00E94015EEE2031F050E0CD
:10C2500040E061E081E00E94015EDD20E9F04114F0
:10C26000510461047104C1F0C301B2010F9449B6D5
:10C270009B01AC016091CA067091CB068091CC06FF
:10C280009091CD060F94E3BC6093470770934807E5
:10C290008093490790934A07332001F189819A815D
:10C2A000AB81BC810097A105B105C1F0BC01CD01F6
:10C2B0000F9449B69B01AC016091CE067091CF06F8
:10C2C0008091D0069091D1060F94E3BC60934B0708
:10C2D00070934C0780934D0790934E07FF2009F40D
:10C2E000A2C060E070E080EA90E40E941653809162
:10C2F0004407811105C050E040E061E00E94015E0A
:10C3000080914507811106C050E040E061E081E086
:10C310000E94015E0F94A2A8E4E9FDE38591959146
:10C32000A591B491E0E9FDE3459155916591749132
:10C33000409358055093590560935A0570935B05D7
:10C3400080935C0590935D05A0935E05B0935F05B7
:10C350006CE575E088E595E00E94B84E0F9404A85E
:10C3600020E030E040E850EC60915C0570915D05A4
:10C3700080915E0590915F050F94D8BD87FF0CC03A
:10C3800080E090E0A0E8B0EC80935C0590935D05C0
:10C39000A0935E05B0935F0580E090E0A6E1B3E472
:10C3A0008093910290939202A0939302B09394028F
:10C3B000109290020F94FA956091910270919202FE
:10C3C00080919302909194020F9407970F947A367C
:10C3D0008091580590915905A0915A05B0915B053F
:10C3E0008093470790934807A0934907B0934A0763
:10C3F00080915C0590915D05A0915E05B0915F050F
:10C4000080934B0790934C07A0934D07B0934E0732
:10C4100081E0809390020F94C24150E040E061E0DF
:10C4200082E00E94015ECC20E9F081149104A10415
:10C43000B104C1F0C501B4010F9449B69B01AC0130
:10C440006091D2067091D3068091D4069091D50662
:10C450000F94E3BC60934F0770935007809351078C
:10C46000909352070F94FA95C8010E94984B0F942D
:10C47000C2410F94A2A80F9440A6D11007C031105A
:10C4800005C08C8D811102C0CC2039F1F11025C07E
:10C490009D81992311F181E08093A5130F94663655
:10C4A0006B017C0180E00F946636A70196010F9422
:10C4B000D1729B01AC0160914F0770915007809140
:10C4C0005107909152070F94E2BC60934F0770930D
:10C4D0005007809351079093520784E10F94C2B3A1
:10C4E0000F947A3610925C0E0F900F900F900F9071
:10C4F0000F90DF91CF911F910F91FF90EF90DF9000
:10C50000CF90BF90AF909F908F907F906F905F90F3
:10C510004F903F902F90089580E00F94C415EE2027
:10C5200009F49BCE81E00F94C41597CEEE2009F458
:10C5300094CEAB8DAA2309F48ACEF4CF8F929F922A
:10C54000AF92BF92CF92EF92FF920F931F93262F3D
:10C5500091E09F931F92812C912C5401C42EE12CC9
:10C56000F12C870140E050E0BA010E94BD600F90BD
:10C570000F901F910F91FF90EF90CF90BF90AF90D1
:10C580009F908F90089589E893E00F94741F809195
:10C59000861090918710892B79F0E0917512F091B7
:10C5A0007612E857FF4E8081813011F0863021F4F9
:10C5B00088E895E20C94175D08958091861090911B
:10C5C0008710892B29F00E94C3620E945C5AF5CF24
:10C5D000109276121092751210928410109283109D
:10C5E00081E0809385100895EF92FF920F931F933F
:10C5F000CF93DF938091A513882389F184EE95E191
:10C600000E94175D8EEC95E10E94175D8DEB95E120
:10C610000E94175DC7E0DCE1C15058F1CD9F700169
:10C62000112401E010E08AEB95E10E94F05AF80134
:10C63000EE0FFF1FEE0FFF1FEE0DFF1DEE55FC4E20
:10C64000608171818281938145E00F940CB30F5F0B
:10C650001F4F0830110539F70F94BFB3DDCF81EFBD
:10C6600095E1DF91CF911F910F91FF90EF900C9486
:10C67000175DDF91CF911F910F91FF90EF9008957B
:10C680008F929F92AF92BF92CF92DF92EF92FF92E2
:10C6900080916B0E811131C00F94E31C6B017C0102
:10C6A00020912F02222309F1409197024130E9F0B5
:10C6B0008091100290911102A0911202B091130288
:10C6C00046015701881A990AAA0ABB0A30E0A8EE67
:10C6D000B3E00F945BBC86169706A806B9066CF00B
:10C6E000443031F19CF44230D4F4C0921002D09224
:10C6F0001102E0921202F0921302FF90EF90DF908D
:10C70000CF90BF90AF909F908F900895453069F77C
:10C7100083EB98E60E94F05A86E694E106C083EB2C
:10C7200098E60E94F05A83E994E10E94175DDDCFFC
:10C7300083EB98E60E94F05A8DE794E1F6CFCF9212
:10C74000DF92EF92FF920F931F93CF93DF931F928D
:10C750001F92CDB7DEB70F94E31C0091A117109183
:10C76000A2172091A3173091A417601B710B820BA5
:10C77000930B6938734181059105D0F080913A059A
:10C78000811116C00F94E31C6093A1177093A21738
:10C790008093A3179093A4178091AA048093140206
:10C7A0008B3418F08FEF8093AA0481E080933A05D0
:10C7B0000F94E31C0091A1171091A2172091A317C9
:10C7C0003091A417601B710B820B930B65367105BA
:10C7D0008105910508F4F7C080913A05882309F492
:10C7E000F2C00E946F5883E08A8382E0898380913F
:10C7F0003802882351F087E89FE00F94BBBB91E09B
:10C80000811101C090E0909338028091BB04909117
:10C81000BC0444970CF0A0C020E030E048E452E4AF
:10C820006091650E7091660E8091670E9091680E12
:10C830000F946CBF18160CF08FC0809154038F5F5B
:10C84000809354038091BD049091BE0405970CF031
:10C8500089C090915A0E80915B0E981709F47FC0A1
:10C86000E0915B0E8EE6E89FF0011124E054F84F52
:10C8700080818C3408F476C0809155038F5F80935B
:10C8800055038091540381110BC080915503811190
:10C8900007C08091E403823019F481E08093E403BF
:10C8A0008091E403813061F40E94AB4C811108C097
:10C8B0001092E4031092D0038EEB93E60E9408EEF0
:10C8C00080913802882309F46EC08091E40382309D
:10C8D00009F469C084E5E82E83E0F82EFE01319664
:10C8E0006F0110E002E0F70191917F01F601819163
:10C8F0006F01891768F5F701319710828091E40381
:10C90000823031F10093E4030E945A4C882381F174
:10C910000E944F4C811106C080911505882329F192
:10C920000F94CD0B113059F187EE9DE00E94175DF9
:10C930008091D00381110CC041E070E060E088EC90
:10C9400090E00F94C04662E08DE892E20E9418E900
:10C95000113049F111E0C7CF1092540373CF809189
:10C96000E50387CF109255038CCF0F94EF1CDACFDD
:10C970001092730E1092720E1092E103D3CF8FE0DB
:10C980009EE00E94175D8091D00381110CC041E0B0
:10C9900070E060E088EC90E00F94C04662E089E7C8
:10C9A00092E20E9418E9809114028093AA040F94E5
:10C9B000E31C6093A1177093A2178093A317909321
:10C9C000A41710923A050F900F90DF91CF911F910D
:10C9D0000F91FF90EF90DF90CF900C944759CF923A
:10C9E000DF92EF92FF926B017C01C0925A03D092CA
:10C9F0005B03E0925C03F0925D03809173038230ED
:10CA0000B1F420E030E040E950E4C7010F94D8BD14
:10CA100087FF14C08091A2069091A306A091A4065E
:10CA2000B091A506803D9740A105B10520F5C7014D
:10CA3000B601FF90EF90DF90CF9008952AE939E991
:10CA400049E95EE3C701B6010F94D8BD87FF0AC06C
:10CA500020E030E048E351E4C701B6010F9488B606
:10CA60006B017C0183E69EE00E94F05AC701B6018B
:10CA70000F942053DCCF2AE939E949E95EE3C70185
:10CA8000B6010F94D8BD87FDE3CF20E030E040E849
:10CA90005EE3C701B6010F9488B620E030E048E5B8
:10CAA00050E40F94E3BCDCCFCF92DF92EF92FF9281
:10CAB000CF93909173039817B9F1C82FC0905A0380
:10CAC000D0905B03E0905C03F0905D0320E030E0E9
:10CAD000A901C701B6010F94D8BD882341F0C092C7
:10CAE000C606D092C706E092C806F092C90686E450
:10CAF0009EE00E94F05AC13011F1E0F0C23011F115
:10CB0000C09373036091C6067091C7068091C806F2
:10CB10009091C9060E94EF646093C6067093C706A1
:10CB20008093C8069093C906CF91FF90EF90DF9055
:10CB3000CF9008958EE39EE00E94175DE1CF8AE3D7
:10CB40009EE0FACF86E39EE0F7CF0F947A36179AED
:10CB5000E4E4F7E01082169A1182149A80E00E94B1
:10CB600054658FEF9FEF90938A02809389022FEF95
:10CB70002093860290938E0280938D0220938502EB
:10CB8000909388028093870290938C0280938B020B
:10CB9000089541ED50E061EF7CE082E796E00F946C
:10CBA00055B90F942C870F945F2E0F9432250E9455
:10CBB000834A83EB98E60E94F05A8FEC9CE00C9439
:10CBC000175DCF93DF9361EF7CE082E796E00F94EF
:10CBD00072B941ED50E064E170E082E796E00F94B5
:10CBE000CFBB6091240582E09DE00F94DFBBC3E9D9
:10CBF000D2E14AA55BA56CA57DA58EEF9CE00F94C4
:10CC0000F1BB4EA55FA568A979A982EA9CE00F94C3
:10CC1000F1BB4AA95BA96CA97DA98EE99CE00F94A0
:10CC2000F1BB4EA95FA968AD79AD8AEF9CE00F9486
:10CC3000F1BB4AAD5BAD6CAD7DAD8AE99CE00F9474
:10CC4000F1BB6EAD7FAD88E99CE00F94FDBB40E485
:10CC500050E06AEB7CE083ED92E10F94CFBB409112
:10CC6000131350911413609115137091161386EBE2
:10CC70009CE00F94F1BB40911713509118136091F1
:10CC8000191370911A1382EB9CE00F94F1BB409141
:10CC90001B1350911C1360911D1370911E138EEA8B
:10CCA0009CE00F94F1BB83EB98E60E94F05A8BE76F
:10CCB0009CE0DF91CF910C94175D2F923F924F92A1
:10CCC0005F926F927F928F929F92AF92BF92CF921C
:10CCD000DF92EF92FF920F931F93CF93DF93CDB725
:10CCE000DEB7A2970FB6F894DEBF0FBECDBF8FE5BB
:10CCF00090E00E94F840882309F491C00E94A95A4C
:10CD00008F37910561F480919F049091A0049093D6
:10CD10009E0480939D048CE69CE00E94175D1E019A
:10CD20002FE1220E311CDD24D3940E94A95A18163B
:10CD300019060CF068C080915E0E882329F00E94CD
:10CD40004F4C882309F45FC08091A50381115BC01B
:10CD50000F94C4B497FDE9CF282F8F3F09F07BC013
:10CD600080914603882309F473C0D0924503109242
:10CD700046031F8E18A2C0904903CC20B1F28091C7
:10CD800047038F8F91E09C1518F48091480388A386
:10CD9000109249033AA229A289A182198C1528F67A
:10CDA000E9A1FAA11191FAA3E9A38CE493E00F940D
:10CDB000441D17FDF1CF80918110909182101A309F
:10CDC00009F44AC11D3009F447C18F3591050CF0B3
:10CDD00048C11B3311F4D0924B0320914B03211116
:10CDE000DBCF9C012F5F3F4F309382102093811047
:10CDF000209183103091841028573F4E820F931F4B
:10CE0000FC011383C9CF8091811090918210181674
:10CE100019060CF45AC280917314811170C2A29643
:10CE20000FB6F894DEBF0FBECDBFDF91CF911F913B
:10CE30000F91FF90EF90DF90CF90BF90AF909F90B9
:10CE40008F907F906F905F904F903F902F900895BC
:10CE5000D09246038ECF30914503332309F457C057
:10CE6000893F09F43FC080F5863F09F448C08091AE
:10CE700044038260273F79F187E39CE00E94F05AE7
:10CE800082E39CE00E94F05A109144038EE29CE001
:10CE900010FD02C089E29CE00E94F05A012F02704E
:10CEA00084E29CE011FD02C08FE19CE00E94F05AF8
:10CEB0008EE19CE00E94175D002329F155E4509318
:10CEC0000B021092450355CF8A3F41F080914403F5
:10CED00081602B3F89F680934403CECF8091440339
:10CEE0008E7FF9CF109249031092450310924403AC
:10CEF000109243031092460310924203BDCF8091DB
:10CF000044038D7FE8CF80E280930B02DACF20913B
:10CF1000460340914403222331F1E091490340FF4D
:10CF200049C030914203332309F440C021E02E0F61
:10CF300020934903AE2FB0E0A95BBC4FFFEFFC93F9
:10CF400050914303552351F0EE5FE0934903E22FE4
:10CF5000F0E0E95BFC4F5083109243033150309373
:10CF6000420310924603E091490340FF6CC02091B8
:10CF70004203222349F191E09E0F90934903AE2F83
:10CF8000B0E0A95BBC4F8C9380914303882351F0A0
:10CF9000EE5FE0934903E92FF0E0E95BFC4F80830B
:10CFA00010924303215020934203E3CE22E02093CA
:10CFB0004203D7CF21E02E0F20934903F0E0E95B35
:10CFC000FC4F5FEF5083CDCFA82FAF7040E031E032
:10CFD000AF3029F0B0E0A050BE4F4C9130E0582F58
:10CFE000507F503F59F4326030FF13C0D09242035B
:10CFF00031FF0CC082E080934203BBCE82958F70DC
:10D00000A82FB0E0A050BE4F2C91EECF2093430349
:10D01000B0CE81E08E0F80934903AE2FB0E0A95BC4
:10D02000BC4F4C934A3009F4A4CE31FF03C0D092D8
:10D0300042039FCEEE5FE0934903E82FF0E0E95B07
:10D04000FC4F208396CE91E09E0F90934903F0E031
:10D05000E95BFC4F80838DCE009719F410924B034F
:10D06000DECE00918310109184100D5F1F4F885702
:10D070009F4EFC01E00FF11F108208571F4E1A83CC
:10D08000098380914B03811103C1F80180818E34A3
:10D0900009F08AC04AE050E0BE016F5F7F4FC801CF
:10D0A00001960F9446B72B013C01E980FA80F70105
:10D0B0008081803231F4FFEFEF1AFF0AFA82E982B1
:10D0C000F4CF80907D0390907E03A0907F03B0907A
:10D0D0008003D501C4010196A11DB11D84159505DC
:10D0E000A605B70549F044E050E067E67CE0C701DB
:10D0F0000F949AB9892BA1F46AE270E0C7010F94EA
:10D1000012C29093131880931218009709F445C027
:10D11000F801F12CE817F90771F02191F226FACF06
:10D120008BE898E60E94F05A8FE797E00E94F05A49
:10D13000C501B40115C00E941C40F8161906D9F0AB
:10D140008BE898E60E94F05A80E697E00E94F05A39
:10D1500060917D0370917E0380917F0390918003A5
:10D160000F944BAF0F94BFB30E94344010928210C3
:10D170001092811054CEE0911218F0911318108281
:10D18000E980FA8062E67CE0C7010F9469B9892BD7
:10D1900039F586E29AE00E94A25D8BE898E60E944B
:10D1A000F05A86E397E0C2CF89819A81FC01208101
:10D1B000203221F401969A838983F6CF6AE270E0E7
:10D1C0000F9412C2892B39F08BE898E60E94F05A2E
:10D1D0008CE097E0BBCF44244A94542C3201D0CF4A
:10D1E00044E050E06DE57CE0C7010F949AB95C0122
:10D1F000F7018081873481F480916C0E853061F075
:10D2000085E195E00F94441DF6E0F0936C0E60E02C
:10D2100085EA9FE00F94DFBBAB2821F080911805D1
:10D220008111A4CF26E077FC21E0809183109091BA
:10D230008410FC01E857FF4E208349815A81F80190
:10D24000DA0140175107A1F501900020E9F79F018D
:10D25000201B310B0396280F391F2D3EF1E03F07AD
:10D2600079F13093841020938310809186109091EF
:10D2700087100196909387108093861077FC08C0E2
:10D2800040927D0350927E0360927F0370928003F0
:10D2900010928210109281100E94A95A892B09F4D1
:10D2A000BECD8FE590E00E94F840811175CDB7CDDD
:10D2B0006D9161939D01241B350B6111F9CFCACF8C
:10D2C0001092841010928310D0CF80916B0E60E288
:10D2D00073E0811102C060ED77E08CE493E00F947D
:10D2E000151D882309F497CD10924B0310928210DC
:10D2F0001092811082E59CE00E94175D90CD809194
:10D300000617882309F48BCD8091811090918210AB
:10D31000892B09F084CD8091861090918710892BFC
:10D3200011F410924A0312E001E0409187175091E6
:10D3300088176091891770918A1780918017909152
:10D340008117A0918217B0918317481759076A0770
:10D350007B0708F0C1C080914A038111BDC00F94C2
:10D36000ED5840910B1750910C1760910D1770916B
:10D370000E174093871750938817609389177093FF
:10D380008A1720918110309182108A3061F08D309F
:10D3900051F0833209F487C02F35310524F48F3FD3
:10D3A000980709F087C02115310509F438CD80911F
:10D3B0000617811103C040E050E0BA018091850357
:10D3C00090918603481B590BA0918310B091841053
:10D3D000FD01E857FF4E108341835283139628576F
:10D3E0003F4EF901EA0FFB1F1082A857BF4EFD0107
:10D3F00001900020E9F73197EA1BFB0BF89480912C
:10D4000086109091871001969093871080938610D4
:10D41000EC5F8091831090918410E80FF92FF11D3B
:10D42000F0938410E093831080910617882309F409
:10D430003DC08091871790918817A0918917B0916E
:10D440008A178093850390938603A0938703B093F4
:10D450008803ED3EF14021F4109284101092831065
:10D46000789410924B031092821010928110409188
:10D470008717509188176091891770918A1780914A
:10D48000801790918117A0918217B0918317481748
:10D4900059076A077B0700F58FE590E00E94F84086
:10D4A000811143CFBCCC00934A037DCF80E090E054
:10D4B000DC01C7CFA9014F5F5F4F509382104093AB
:10D4C0008110409183105091841048575F4E240F73
:10D4D000351FF901838329CF409187175091881711
:10D4E0006091891770918A178091801790918117A8
:10D4F000A0918217B0918317481759076A077B07D5
:10D5000008F48DCC0E94BA3F892B09F088CC0F9487
:10D510004F5389EF96E00E94175D0F942F326B01F5
:10D520007C010E94E94A8CE3882E912CA12CB12C1D
:10D53000C701B601A50194010F942EBCCA01B9011F
:10D54000A50194010F942EBC7F936F93C701B60180
:10D5500020E13EE040E050E00F942EBC3F932F933B
:10D560008EE39CE09F938F938E010F5F1F4F1F935D
:10D570000F930F94D2BA83EB98E60E94F05AC80139
:10D580000F94C0B4C8010E946BF70F94B55D109260
:10D5900069020FB6F894DEBF0FBECDBF8091741440
:10D5A000882359F00F94305480916B0E882309F42E
:10D5B00036CC86E00F94C2B332CC81E00F94F45D98
:10D5C000809174148111EECFEFCFCF93DF93EC01F4
:10D5D0008991882319F00E94D75AFACFDF91CF9111
:10D5E0000895FF920F931F93CF93DF93EC01F62ED4
:10D5F000662309F44BC00F9479B98C01C8010E94CD
:10D60000F840882309F453C08091831090918410CE
:10D61000FC01E857FF4E23E0208385579F4EBE0153
:10D62000FF20E9F10F9472B983EB98E60E94F05A5B
:10D630008EEE96E00E94F05A8091831090918410B3
:10D6400085579F4E0E94E56A8CEE96E00E94175D1A
:10D6500080918310909184100496080F191F0D3E3D
:10D6600081E01807F9F010938410009383108091E3
:10D670008610909187100196909387108093861062
:10D68000DF91CF911F910F91FF900895FC010190C0
:10D690000020E9F731978F01081B190BAFCF0F94CA
:10D6A00026C2C2CF1092841010928310E0CF8BE874
:10D6B00098E60E94F05A8EEE96E00E94F05ACE0153
:10D6C000FF2059F00E94F05A84E798E6DF91CF914D
:10D6D0001F910F91FF900C94175D0E94E56AF4CFA3
:10D6E0000F931F93CF93DF93D62F8C01C0E0F801E7
:10D6F0008591949123E28639920721F420919D131C
:10D70000213019F461E00E94F16ACF5F0E5F1F4F74
:10D71000DC13EDCFDF91CF911F910F910895CF933F
:10D72000DF93CDB7DEB76E970FB6F894DEBF0FBEAE
:10D73000CDBF9E012C5D3F4FF901419151919F0159
:10D740006EE170E0CE0101960F9411BB60E0CE0156
:10D7500001960E94F16A6E960FB6F894DEBF0FBE76
:10D76000CDBFDF91CF910895EF92FF920F931F935A
:10D77000CF93DF93CDB7DEB76B970FB6F894DEBFCC
:10D780000FBECDBF8AE59FE00F94BBBBE82E0AE039
:10D790001FE0F12C48E050E0FE1479F0B801CE0112
:10D7A0000E960F94ABBB1E8A60E0CE010E960F94CE
:10D7B000465BF394085F1F4FEDCF65E97FE08E0174
:10D7C0000F5F1F4FC8010F94ABBB19868EE28F8B82
:10D7D00043E050E061E97CE0CE0148960F94ABBB9A
:10D7E0001B8EBE01695E7F4FC8010F9407C21F9355
:10D7F0000F938EE394E69F938F930E948F6B0F900D
:10D800000F900F900F906B960FB6F894DEBF0FBE7F
:10D81000CDBFDF91CF911F910F91FF90EF900895B1
:10D82000BF92CF92DF92EF92FF920F931F93CF930D
:10D83000DF93E0915E0EE111B1C0052F142FE901D5
:10D840006B017C01F8940E94044AB0905D0EB11007
:10D8500002C0B0905C0E0E94BA490F94B49880E167
:10D86000E7E4F7E0ACE9B2E001900D928A95E1F7C8
:10D87000BB2061F080E090E0A0E8BFEB80939C02C9
:10D8800090939D02A0939E02B0939F0280913902D3
:10D8900090913A0290937503809374038091720E75
:10D8A0009091730E9093B2058093B1058091700EA4
:10D8B0008093B3058091E30383FB882780F98093ED
:10D8C0000B188091E5038093B0050E94DD621092F1
:10D8D000731481E080935E0E0F94D436789420E028
:10D8E00030E0A901C701B6010F94D8BD20E030E0B7
:10D8F000A901F8016C2F7D2F81115AC08F2F902F15
:10D900000F94D8BD882309F449C080910B18811168
:10D9100005C061E08BE993E20E94F16A0F931F93C7
:10D92000DF93CF9380E891E79F938F930E948F6B53
:10D930000F900F900F900F900F900F9020E030E01D
:10D94000A901C701B6010F94D8BD882321F184E451
:10D950008F9388E48F931F921F922091A40230919D
:10D96000A5024091A6025091A702C701B6010F94EB
:10D97000E3BC9F938F937F936F938CE497E19F9386
:10D980008F930E948F6B8DB79EB70A960FB6F8944F
:10D990009EBF0FBE8DBF81E080938510DF91CF9138
:10D9A0001F910F91FF90EF90DF90CF90BF9008955F
:10D9B0008F2F902F0F94D8BD882349F2A6CF809146
:10D9C0000704882321F180914F028230E9F4A0916D
:10D9D0004D02B0914E0228EE33E00F94DBBCAB0158
:10D9E000BC018DE393E00F94C71D882331F0609153
:10D9F000050470E085E00C9485C380913D03882385
:10DA000031F060910604F5CF8111FBCFF0CF08957E
:10DA10006091060484E39DE00F94DFBB60910504F0
:10DA200083E39DE00F94DFBB60914F0282E39DE0B2
:10DA30000F94DFBB60914D0270914E0280E39DE038
:10DA40000D94FDBB882361F081E080934F028091AB
:10DA500006048E3118F48EE1809306040C94DF6C7A
:10DA600082E39DE00F94BBBB80934F0284E39DE073
:10DA70000F94BBBBF1CF80910704882331F08DE375
:10DA800093E00F94741F0C94DF6C0895FF920F9332
:10DA90001F93CF93DF9390910704992399F18823E3
:10DAA00051F100914F02C82FD0E0CC0FDD1F10E0E4
:10DAB000FF24F394212F30E080913D038F25023025
:10DAC00009F080E08C0F9D2F911D281739078CF4E9
:10DAD00081E090914F02911180E080934F020E946B
:10DAE000DF6C69E170E080E090E00F94F61A1F5F50
:10DAF000E1CF00934F02DF91CF911F910F91FF90E3
:10DB00000C943B6DDF91CF911F910F91FF90089581
:10DB10000F931F93CF93DF93D82F80918D17813070
:10DB200021F0823049F0C0E04BC082E080938D1735
:10DB30000E94ACC8809390171092911780918D1716
:10DB4000823009F092C0809192178111D2C00E9458
:10DB5000ACC8C82F80919017C81729F3C0939017AD
:10DB600082E997E10F94441DCC2309F4CBC0809146
:10DB70008E17882311F18091A60381111EC0809118
:10DB80009D138130D1F080915A0E90915B0E891BCC
:10DB90008F7099F40E945A4C81110FC08091690EC8
:10DBA000843059F08FE59FE00F94BBBB811105C015
:10DBB00061E087EB92E00F94E2AC81E080939117F3
:10DBC00080918D17823009F04BC09FB7F8948091F7
:10DBD00097179FBF882309F443C08FB7F89410921A
:10DBE00097178FBF0F9464598C0180919C17909167
:10DBF0009D178017910708F0DDC010939D170093C3
:10DC00009C1780919A1790919B179C01265D334039
:10DC100029353F4008F0DBC080919C1790919D17FB
:10DC20008D5596428737944120F461E080E00F944F
:10DC30007B59C8018E5293418033934108F0D8C07C
:10DC40008091A01791E0980F9093A017853008F469
:10DC5000D1C08FE696E10F94A4BA83E080938D172C
:10DC6000CC2319F081E080936D020E94AB4C8111AE
:10DC7000CFC08091720E9091730E009739F420916D
:10DC8000700E3091710E232B09F4C2C04091300206
:10DC90005091310260913202709133024115510569
:10DCA0006105710509F4B4C0892B31F48091700EBF
:10DCB0009091710E892B29F08091DF05882309F45A
:10DCC0000FC180916B0E882321F040EE52E369E290
:10DCD00070E08FED95E00F94C71D882309F49AC07A
:10DCE0000F949D228EED90E10F9495130F944411A3
:10DCF00091C064E670E082E997E10F94151D8111EF
:10DD000026CF11CFC0918F17CC2309F44FC080913B
:10DD1000A603811155CF80915A0E90915B0E891BFD
:10DD20008F7029F40E945A4C882309F449CF8091BE
:10DD30005E0E81113DC080919D13813009F440CF6A
:10DD40008091690E843009F43BCF8FE59FE00F94FA
:10DD5000BBBB811135CF82E598E09F938F9388E319
:10DD600098E09F938F930F947DBA10928F17109223
:10DD70008E1720E030E0A901CA01B9010E94106CA1
:10DD800060E070E0CB010E94FA4C85E69FE00E94C3
:10DD9000C85981E09FE00E94BB5980ED93E60F9443
:10DDA00076530F900F900F900F900ACFC1E008CFDD
:10DDB000C82F06CF80919A1790919B1708171907C3
:10DDC00008F01FCF10939B1700939A171ACF863D28
:10DDD000934008F02ECF80919C1790919D17845D01
:10DDE0009A438D31954008F024CF60E081E01FCF49
:10DDF0001092A01780919617813009F031CF035D02
:10DE00001A430E31154008F02BCF8EE396E123CF55
:10DE10001092DF058091861090918710039714F47B
:10DE20000E945D6690915A0E80915B0E981781F06A
:10DE300080916C0E863061F468E873E185E195E0CD
:10DE40000F94151D882321F085E195E00F94441D62
:10DE50004091810350918203609183037091840308
:10DE6000411551056105710509F03FC0409134022B
:10DE7000509135026091360270913702411551057B
:10DE800061057105A9F089E893E00F94C71D882307
:10DE900079F090915A0E80915B0E981309C0D111C0
:10DEA00007C0179A10924407169A10924507149AC1
:10DEB000C091E50390915B0E80915A0E981701F185
:10DEC00080915B0E9EE6899FF0011124E054F84F8B
:10DED000C08190915A0E981799F08F5F8F70F9CF8B
:10DEE0008FED95E00F94741F95CF89E893E00F9420
:10DEF000C71D882309F4BACF80EA96E10E94A25D8B
:10DF0000CC2309F49FC080916F0390917003A0917E
:10DF10007103B0917203892B8A2B8B2B81F40F94A0
:10DF2000E31C605E7C4F8F4F9F4F60936F03709335
:10DF300070038093710390937203CFEF0FC00F941F
:10DF4000E31C00916F0310917003209171033091D5
:10DF50007203601771078207930778F380913A057F
:10DF6000882309F478C0C0931402809113058111AD
:10DF700007C081E0809313050F94AC7610921305CF
:10DF80008091D8058823E1F11092D80580E00E94A5
:10DF9000466D4FB7F8948091D605282F082E000CB7
:10DFA000330B37FF03C031952195310924303105FA
:10DFB0000CF454C0982F87FF02C093E0980F9595FA
:10DFC000959520913B0530913C05290F311D97FD1A
:10DFD0003A9530933C0520933B05837887FF03C037
:10DFE00081508C6F8F5F8093D6054FBF86E00F9472
:10DFF000CB4180916D02811103C081E080936D025D
:10E000000E94DF6C8091D905882361F00E94DA5666
:10E01000E0911A04F0911B04309721F080916E0278
:10E02000811119950E94F45C0E94406340E355E71A
:10E0300060E070E08DE993E0DF91CF911F910F9147
:10E040000D94C71D10926F0310927003109271030C
:10E050001092720383CFC093AA0487CF1092D60583
:10E060004FBF80E0C4CFCF93DF93EC010F94E22B3E
:10E0700081E00E94886D80E00E945C53209799F0B7
:10E08000C233D10540F062E370E080E090E00F948D
:10E09000F61AE297EBCFBE0190E080E00F94F61AFB
:10E0A000D0E0C0E0E3CFDF91CF910895CF93DF932D
:10E0B000C82FDFEF0F94E22B81E00E94886D8091E2
:10E0C0009B138F3FD9F480913013843021F48091D9
:10E0D00033138111EFCF80916E1390916F130197DD
:10E0E00049F780919513909196138932904811F3D6
:10E0F00060E089E290E80F942560DCCFD0939B1319
:10E10000853039F4CF3FF9F261E08C2F0F943F7DD9
:10E11000D1CF8430C1F6DF91CF9108951F920F9235
:10E120000FB60F9211240BB60F922F933F934F937C
:10E130005F936F937F938F939F93AF93BF93EF936F
:10E14000FF932091780030917900E0913C03F0E05A
:10E15000EE0FFF1FE45DFC4F80819181820F931FC2
:10E160009183808380912B038F5F80932B03803179
:10E1700009F060C080913C038F5F80933C0388303E
:10E1800009F050C080912C0390912D0390930D06BF
:10E1900080930C06809130039091310390930B068D
:10E1A00080930A068091320390913303909309067D
:10E1B0008093080680913603909137039093170659
:10E1C00080931606809134039091350390935E06F8
:10E1D00080935D0680913A0390913B0390935C0697
:10E1E00080935B068091380390913903909399173F
:10E1F0008093981781E08093971780932305FF9170
:10E20000EF91BF91AF919F918F917F916F915F91AE
:10E210004F913F912F910F900BBE0F900FBE0F901B
:10E220001F90189580912A034FE553E08F5F41F4CA
:10E2300010922A0380917A00806480937A00DFCF65
:10E240009A01082E02C0359527950A94E2F720FF1F
:10E25000EDCF80932A030E94FA3F10922B03EACF5E
:10E26000CF93DF93CAE7D0E088818F7B88831092B9
:10E270002B0310923C0310922A0380E00E94FA3F85
:10E28000ECE2F3E080E1DF011D928A95E9F78881F5
:10E2900080648883DF91CF9108952F923F924F92AF
:10E2A0005F926F927F928F929F92AF92BF92CF9226
:10E2B000DF92EF92FF920F931F93CF93DF93CDB72F
:10E2C000DEB7A4970FB6F894DEBF0FBECDBF0F9494
:10E2D0007A368091610E811117C081E080935D0EC6
:10E2E00080914407882349F080914507882329F0CD
:10E2F000209146072F83211120C081E08093851053
:10E300008FE993E20F947653A4960FB6F894DEBF8C
:10E310000FBECDBFDF91CF911F910F91FF90EF9076
:10E32000DF90CF90BF90AF909F908F907F906F9035
:10E330005F904F903F902F9008958BEA9DE00F944F
:10E34000BBBB182F8EE40E947D40082F0E940F4017
:10E350008E83002329F0873009F4C9C0833029F067
:10E36000133009F0C3C063E06E8380E090E0A0E862
:10E37000BFE38A839B83AC83BD838AEA9DE00F94CD
:10E38000BBBB888F83E40E947D40182F0E940F4002
:10E39000112329F0882319F08B3008F4888F88E541
:10E3A0000E947D40882309F4ABC00E94674520E0AD
:10E3B00030E048E052E40F94E2BC20E030E048EB6B
:10E3C00051E40F94E2BC6A877B878C879D8789E53F
:10E3D0000E947D40882309F49CC00E94674520E08C
:10E3E00030E048E052E40F94E2BC20E030E040EA44
:10E3F00050E40F94E2BC6C8B7D8B8E8B9F8B87E5FA
:10E400000E947D40882309F489C00E9467452A85BF
:10E410003B854C855D850F94E3BC20E030E048E807
:10E4200052E40F94E3BC698F7A8F8B8F9C8F88E4C2
:10E430000E947D40882309F47AC00E9467452C8998
:10E440003D894E895F890F94E3BC20E030E048E8C5
:10E4500052E40F94E3BC6D8F7E8F8F8F98A30F943F
:10E460009D688091290290912A02A0912B02B0917F
:10E470002C028093A6139093A713A093A813B09394
:10E48000A9130F94E6A305EC1FE0C8010F94C9BBC4
:10E49000019609F051C00E5F1F4F053D8FE0180730
:10E4A000A1F7212CA5EAB3E1BAA3A9A3B987A8874C
:10E4B000512C412C312C042D842D63E00F946ABC27
:10E4C000988B6884798410E0F889F11137C0812F26
:10E4D00063E00F946ABC911131C021103DC17E816F
:10E4E000733009F470C08F818E8737C01E836AE94C
:10E4F00079E989E19FE36A837B838C839D833DCFA8
:10E5000080E090E0A0E8BFEF8A879B87AC87BD875B
:10E510005ECF60E070E080E89FEF6DCF80E090E03C
:10E52000A0E8BFE7898F9A8FAB8FBC8F80CF60E068
:10E5300070E080E89FE78FCF2F80B4CF60E070E07D
:10E5400080EC9FE7D30111966D937D938D939C93FF
:10E550001497BE81B330C1F11E86812F0F9440A461
:10E560004B015C01802F0F9440A46B017C01A5013D
:10E5700094016A857B858C859D850F946CBF1816E8
:10E580000CF41AC1298D3A8D4B8D5C8DC501B401F7
:10E590000F946CBF18160CF40FC1A70196016C897B
:10E5A0007D898E899F890F946CBF18160CF404C165
:10E5B0002D8D3E8D4F8D58A1C701B6010F946CBFB4
:10E5C00018160CF4F9C033941F5F24E0620E711C1E
:10E5D000173009F079CF6FEF461A560A888599856A
:10E5E0004C969987888797E04916510409F063CFC4
:10E5F0000E948CF9A0917907AF83B091F603B88798
:10E6000081E0809379078AE0830D8093F60381E0AF
:10E610000E945C5380E090E0A0EAB0E480934F0752
:10E6200090935007A0935107B093520765E575E5A5
:10E6300085E591E40F943A9780E00E94B24B9CA349
:10E640008BA3312C832D67E00F946ABCF82E092F21
:10E65000682F70E07F876E8780FF03C076E0791BAC
:10E66000072F802F63E00F946ABC911105C08F2D96
:10E670000F946ABC11E0911110E0802F0F9440A418
:10E68000688B798B8A8B9B8B8F2D0F9440A44B01C9
:10E690005C018E81833009F097C01111C6C027E05C
:10E6A000AE85BF852A9FF0012B9FF00D1124E00F4E
:10E6B000F11DEE0FFF1FEE0FFF1FEB55FC4E60E04C
:10E6C00070E080EC9FE7618372838383948333944B
:10E6D000E1E33E12B7CF80E090E0A0EAB0E480939F
:10E6E0004F0790935007A0935107B093520765E5E9
:10E6F00075E585E591E40F943A970F947A36B1E386
:10E700003B1609F42DC280916D0391E0980F909310
:10E710006D03882309F4CFC160E080E00E9423F8F4
:10E7200084EB90E10F94951380E00F94D74481E03F
:10E73000809397028EEB93E60E9408EE2F81209340
:10E74000790768856093F60382E00E945C530F941A
:10E750007A3610925D0ED8CD011103C0112309F451
:10E76000BECE812F63E00F9476BC840D952D911D54
:10E77000880F991F8D53904F0F94C9BBBC01990FFF
:10E78000880B990B0F9449B62AE037ED43E25CE31E
:10E790000F9488B69B01AC016091A6137091A713EA
:10E7A0008091A8139091A9130F94E3BCF3016183A6
:10E7B00072838383948393CEFE85FF2309F404CF71
:10E7C000222009F400CF00CF288939894A895B8942
:10E7D0006A857B858C859D850F946CBF181604F126
:10E7E000288939894A895B89698D7A8D8B8D9C8DC1
:10E7F0000F94D8BD87FD14C0A50194016C897D8953
:10E800008E899F890F946CBF181654F0A50194014E
:10E810006D8D7E8D8F8D98A10F94D8BD87FF05C01B
:10E82000112309F454CF211052CF10E0A7E08E85B8
:10E830009F85A89FF001A99FF00D1124E00FF11F03
:10E84000EE0FFF1FEE0FFF1FEB55FC4E4180528075
:10E8500063807480C12CD12CE0EAEE2EE0E4FE2E21
:10E86000222051F023E333E343EB5EE3C301B20123
:10E870000F94E3BC6B017C01A701960160914F07E7
:10E880007091500780915107909152070F94D8BD15
:10E8900087FF10C0C0924F07D0925007E0925107F7
:10E8A000F092520765E575E585E591E40F943A9796
:10E8B0000F947A36688979898A899B89609347079A
:10E8C000709348078093490790934A0780924B07BB
:10E8D00090924C07A0924D07B0924E076BE477E000
:10E8E00087E497E00E94604F60E070E086E193E487
:10E8F0000F943A970F947A368091610E882339F0FD
:10E900007F817093790788858093F603FDCC812CF5
:10E91000912C70E2A72E71ECB72E222051F02A81A3
:10E920003B814C815D81C301B2010F94E2BC4B017C
:10E930005C01488DC501B4010F94A768811109C01D
:10E9400082E090E79F938F930F947DBA0F900F9082
:10E95000C2CE20914F0730915007409151075091FE
:10E960005207C701B6010F94E2BC20E030E0A901D4
:10E970000F94D8BD87FF36C060E070E080EA90E475
:10E9800060934F07709350078093510790935207FD
:10E9900065E575E585E591E40F943A970F947A362D
:10E9A000488DC501B4010F94A768882349F22091CE
:10E9B0004F0730915007409151075091520760E046
:10E9C00070E080EA90E40F94E2BC2DEC3CEC4CEC5F
:10E9D0005DE30F94D8BD87FF05C08BE895E10F94E8
:10E9E000A4BA79CEC0904F07D0905007E09051075D
:10E9F000F09052072220A1F0A7019601C301B201B5
:10EA00000F94E2BC9B01AC015F776A817B818C81B2
:10EA10009D810F94D8BD87FF03C082E595E1DFCFCC
:10EA20008FEA9FE00F94BBBB882309F440C086EABD
:10EA30009FE00F94BBBB8823D1F160919803709144
:10EA4000990380919A0390919B030E9440412091E9
:10EA50007E0630917F0640918006509181060F948A
:10EA6000E2BD9B01AC01E7E0AE85BF85EA9FC00136
:10EA7000EB9F900D1124080F191F000F111F000F9D
:10EA8000111F0B551C4EC701B6010F94E2BCD801F3
:10EA900011966D937D938D939C9314978091F603BB
:10EAA00081508093F60381E00E945C5310CE20E0F9
:10EAB00030E0A901D8CF85E00F94CB41C12CD12CF7
:10EAC00090EAE92E90E4F92E82E890E10F94121377
:10EAD0008EE190E00F94BB2D0E94DA5380E00F94FA
:10EAE000A641182F60E070E080E89FEB0E949752EB
:10EAF00081E00F94A64184E00F940119C0924F0762
:10EB0000D0925007E0925107F092520765E575E503
:10EB100085E591E40F943A970F947A360F94D218C2
:10EB2000812F0F94A64182E00F94663620E030E0FA
:10EB300040EA50E40F946CBF181634F2EF81E09372
:10EB40007907F885F093F60381E00E94A25441E032
:10EB500061E081E00E949E6281E080938510D4CBC9
:10EB600010926D038BA19CA10E94984B0F9490A3CF
:10EB700060916E0570916F05072E000C880B990B44
:10EB80000F9449B6905820917E0630917F064091AF
:10EB90008006509181060F94E2BD0F94ACA380ECE7
:10EBA0009FE00F94BBBB91E0813009F090E0998326
:10EBB0004FEB5FE06CE4CE0101960E949240F82E8C
:10EBC0004EEB5FE062E5CE0101960E949240082F75
:10EBD0004DEB5FE066E4CE0101960E949240182F53
:10EBE0004CEB5FE062E4CE0101960E949240212F3F
:10EBF000110F330B082E000C990B5C01A21AB30AFB
:10EC00008F2DFF0C990B280F391F46E0429F6001A2
:10EC1000439FD00C1124F12CE12C002E000C110B81
:10EC2000081B190BB7016A557C4E3B01460177E082
:10EC30007A83D3012D903D904D905D903D01FD0173
:10EC40003497FB87EA87B401092C000C880B990BD9
:10EC50000F9449B62FE333EC4EE259E30F9488B694
:10EC6000A20191010F94E3BCAA85BB856D937D93AE
:10EC70008D939C931397BA81B150BA83800E911EE5
:10EC8000B111D7CFCA0CDB1CECE1EE0EF11CF4EC99
:10EC9000EF16F10439F60E948CF98DE40E947D4054
:10ECA000882309F484C00E940F402E81273009F088
:10ECB00094C0882309F491C0BB24B394AA24AA94D5
:10ECC000AB0C09A11AA1612C8EEF882E8B0C6A2D3A
:10ECD000862D0F945BA399249394960C81116EC09A
:10ECE0006B2D862D0F945BA3C12CD12C7601712C3A
:10ECF000882381F020E030E0A901D8015D966D9174
:10ED00007D918D919C9190970F94E3BC6B017C0158
:10ED100077247394682D862D0F945BA3882369F064
:10ED2000F8017B972081318142815381C701B6016F
:10ED30000F94E3BC6B017C0173946A2D892D0F94B1
:10ED40005BA3882361F0F8012581368147815085D6
:10ED5000C701B6010F94E3BC6B017C0173946A2D6B
:10ED60008FEF860D0F945BA3882331F1F801339761
:10ED70002081318142815381C701B6010F94E3BCE8
:10ED80006B017C017394672D70E090E080E00F943C
:10ED900049B69B01AC01C701B6010F94E2BDD80191
:10EDA00011966D937D938D939C93149707C08CEA75
:10EDB0009DE00F94BBBB79CF7110E5CF692C0C5F40
:10EDC0001F4FB7E09B1283CFB394E9A1FAA17C96C1
:10EDD000FAA3E9A3F8E0BF1271CF81E08093A513F5
:10EDE0008FE40E947D40811103C00F9401A49FCC49
:10EDF0000E940F408111F9CF0E948D4B98CC4F9209
:10EE00005F926F927F928F929F92AF92BF92EF929A
:10EE1000FF920F931F93CF93DF931F92CDB7DEB76F
:10EE200044E050E064E170E082E796E00F94ABBB11
:10EE300043E050E061EF7CE082E796E00F949AB9FE
:10EE4000892B09F09FC1E5EBFDE045915591659156
:10EE5000749188ED90E00E94F148E9EBFDE0459166
:10EE60005591659174918CED90E00E94F148EDEB25
:10EE7000FDE0649180EE90E00E94A959EEEBFDE088
:10EE80006591749181EE90E00E949159E0ECFDE073
:10EE90006591749183EE90E00E949159E1EBFDE061
:10EEA000459155916591749184ED90E00E94F148EF
:10EEB0004DE85DE060E170E080EB90E00E94725907
:10EEC0004DE95DE060E170E080EC90E00E947259F5
:10EED0004DEA5DE064E070E080ED90E00E947259E0
:10EEE00041ED50E064E170E082E796E00F94ABBB47
:10EEF0000E94834A02E716E08EE0E82E87E0F82EB3
:10EF000094EC892E99E0992EA12CB12C20EC422E64
:10EF100023E0522E612C712C20E030E048E453E4D1
:10EF2000F80164897589868997890F946CBF1816D2
:10EF30004CF480E090E0A8E4B3E4F801848B958B76
:10EF4000A68BB78BF70161917191819191917F01AE
:10EF500020E030E048EC52E40F946CBF181654F4F3
:10EF600080E090E0A8ECB2E4F701349780839183CD
:10EF7000A283B383F80184A195A1A6A1B7A1853C82
:10EF80009940A105B10528F0F80184A295A2A6A296
:10EF9000B7A2F70184859585A685B785813C934006
:10EFA000A105B10528F0F701448655866686778667
:10EFB0000C5F1F4FF6E00A371F0709F0ADCF6091D5
:10EFC0002E0770E080E00F94231860912F0770E007
:10EFD00081E00F9423186091300770E082E00F9475
:10EFE00023186091310770E083E00F9423180F9489
:10EFF0002C870F945F2ECE0101960F94242540E0BC
:10F0000050E0BA0182EA9CE00E94F14840E050E002
:10F0100060E87FE38EE99CE00E94F14848EB5EE106
:10F0200065E87DE38AE99CE00E94F14864E378E0CA
:10F0300088E99CE00E94915961E087E99CE00E9488
:10F04000A95982E09DE00F94BBBB91E0811101C002
:10F0500090E0909324058EEF9CE00F94C3BB6093E7
:10F06000BD127093BE128093BF129093C01282EAB9
:10F070009CE00F94C3BB6093C1127093C212809343
:10F08000C3129093C4128EE99CE00F94C3BB6093AB
:10F09000C5127093C6128093C7129093C8128AEF5C
:10F0A0009CE00F94C3BB6093C9127093CA12809303
:10F0B000CB129093CC128AE99CE00F94C3BB60936F
:10F0C000CD127093CE128093CF129093D01288E914
:10F0D0009CE00F94C9BB0F94072240E450E06AEB18
:10F0E0007CE083ED92E10F94ABBB86EB9CE00F9448
:10F0F000C3BB6093131370931413809315139093F1
:10F10000161382EB9CE00F94C3BB609317137093AC
:10F1100018138093191390931A138EEA9CE00F949E
:10F12000C3BB60931B1370931C1380931D139093A8
:10F130001E130F942622811106C08BE89CE00E94CA
:10F14000175D0F9432250F948E22CE0101960F94F5
:10F15000172583EB98E60E94F05A85EB9CE00E940D
:10F16000175D81E00F90DF91CF911F910F91FF907C
:10F17000EF90BF90AF909F908F907F906F905F9037
:10F180004F9008950E94C96564E070E084E190E0CA
:10F190000E94624091E08927E5CF2F923F924F92E3
:10F1A0005F926F927F928F929F92AF92BF92CF9217
:10F1B000DF92EF92FF920F931F93CF93DF93CDB720
:10F1C000DEB7CF58D1090FB6F894DEBF0FBECDBF62
:10F1D00082E080939702A0907512B090761285011C
:10F1E00005571F4E46E050E068EE71E2C8010F94EB
:10F1F0009AB9892B09F0B5C089ED91E20F94CD86BB
:10F20000882309F48EC088E50E947D40182F89E587
:10F210000E947D40811112600F947A361A82198201
:10F22000FE01339683E1DF011D928A95E9F748ECF0
:10F230005FEA60E070E088E793E00F94C71D8111FA
:10F2400010927703009177030F5F0093770388E7AD
:10F2500093E00F94741F80917603812B8093760343
:10F2600010FF08C086E69FE00E94C85985E09FE035
:10F270000E94BB5911FF08C088E69FE00E94C85950
:10F2800083E09FE00E94BB5981E00E94A25482E08B
:10F290000E945C53612FCE0101960E945345CE011E
:10F2A00001960E946BF740E061E081E00E949E625F
:10F2B00061E08AE69EE1033048F11092730E1092ED
:10F2C000720E80E00E94A2540E94C853609176039F
:10F2D000CE0101960E94534510927603CE0101960D
:10F2E0000E94885647EF59E261E080E00E94A953EE
:10F2F0008FE30E94845340E060E090E080E00F9450
:10F30000044361E081110AC08CE59EE10E94F16A2C
:10F3100081E0809397020E94C362D3C38FE49EE191
:10F32000F5CF8BEC91E20F94CD86882369F00E9493
:10F330004F4C811106C060E070E080E89FE30E94BE
:10F34000FA4C0F947E19E4CF8EEB91E20F94CD86A8
:10F350008823F1F20F947E1960E080E00E9423F888
:10F36000D7CF44E050E069EB71E2C8010F949AB93D
:10F37000892B09F0FCC0850101571F4E49E050E080
:10F380006FEA71E2C8010F949AB9892BC9F4F501AB
:10F39000E856FF4E1081153489F01855143008F0E6
:10F3A000B7CF4AE050E070E060E0C50187569F4E5D
:10F3B0000F9446B7812F0F94DC64AACF13E0F1CFEE
:10F3C00049E050E065EA71E2C8010F949AB9892BCF
:10F3D00051F5F501E856FF4E1081153411F118551D
:10F3E000143008F095CF4AE050E070E060E0C501CD
:10F3F00087569F4E0F9446B7E12FF0E0E450FB4F45
:10F40000808140E051E002C0569547958A95E2F729
:10F41000842F880F880F81506823812F0F94F36702
:10F4200077CF13E0E0CF49E050E06BE971E2C8012B
:10F430000F949AB9892B09F06BCFF501E856FF4E6E
:10F440008081853409F490C018EAC12EC80EB3E05B
:10F45000BC1508F45DCFEC2CF12C4701880C991CED
:10F46000F401E358FD4F0081202F2F70102F1295CB
:10F470001770001F0027001F61816770660F062B41
:10F48000F401E258FD4FD080D694D694D694ED2D59
:10F49000E370DE2E1A821982C50187569F4EDC0169
:10F4A0003C91B22E3323E1F14AE050E0BE016F5FA0
:10F4B0007F4F0F9446B76F70B62E89819A8100975F
:10F4C00079F1FC012081222359F14AE050E0BE018C
:10F4D0006F5F7F4F0F9446B7162F177089819A81FF
:10F4E0000097F1F0DC012C912223D1F04AE050E0AA
:10F4F000BE016F5F7F4F0F9446B7062F0F70898153
:10F500009A81009769F0FC012081222349F04AE0AA
:10F5100050E0BE016F5F7F4F0F9446B76370D62EE9
:10F52000F401E358FD4F17701295107F602F679517
:10F53000662767951B29162B1083602F669501811E
:10F54000007E2D2D2370D22EDD0CDD0CDD0C062B64
:10F55000D02AD182F701E450FB4F50E040E06081B7
:10F560008C2D0F94B817D4CEB3E0CB2E74CF45E0DA
:10F5700050E065E971E2C8010F949AB9892B09F04E
:10F58000D9C180916B0E882309F448C08BE49EE1B9
:10F590000F94CD86882379F0809114181F928F9351
:10F5A00081EA99E09F938F930F947DBA0F900F900B
:10F5B0000F900F90ADCE87E49EE10F94CD86882307
:10F5C00019F010921C04A4CE84E49EE10F94CD8621
:10F5D000882321F1809112189091131861E003960D
:10F5E0000F947D5C0F94ED588C0180910B179091D6
:10F5F0000C17A0910D17B0910E1780938717909359
:10F600008817A0938917B0938A17802F0E94D75A22
:10F610000A30110539F70F944F537ACE8BE891E2F7
:10F620000F94CD86882309F43CC010923A0514E665
:10F63000C12CD12C76016F9A779864E170E080E05C
:10F6400090E00F94F61A0F94D01A4B015C01F894D5
:10F650006F98679BFECF78940F94D01ADC01CB0192
:10F6600088199909AA09BB09C816D906EA06FB0632
:10F6700010F46C017D011150F1F689E39EE10E94C6
:10F68000F05A85E39EE135EFC31631E0D306E1047D
:10F69000F10410F482E39EE10E94175D6F98779A5F
:10F6A00037CE87E891E20F94CD86882321F14091EF
:10F6B000BD045091BE042CE3249FC001259F900DF2
:10F6C00011249F938F934091BB045091BC04249FBD
:10F6D000C001259F900D11249F938F9387E09CE09C
:10F6E0009F938F930F947DBA0F900F900F900F9070
:10F6F0000F900F900DCE82E891E20F94CD86882373
:10F7000011F18CE89FE00F94BBBB811110C061E048
:10F710008AE394E60E94F16A60E085EA9FE00F9434
:10F72000DFBB60E08FE79CE00F94DFBBF1CD813061
:10F7300009F0EECD0F941F3685E195E00F94441D3E
:10F740000F94EF1CE5CD8BE791E20F94CD868823D3
:10F7500021F080E00E94ADFFDBCD85E791E20F94C0
:10F76000CD86882351F01092FC1F1092FD1F10923D
:10F77000FE1F1092FF1F0E94164C82E791E20F9429
:10F78000CD868823A9F044E150E065E17DE0CE011B
:10F7900001960F94ABBB8C89882329F087E691E210
:10F7A0000F94A4BAB5CDCE0101960F944AC2B0CD44
:10F7B00083E691E20F94CD86882329F087E591E2D4
:10F7C0000E94175DA5CD83E591E20F94CD86882335
:10F7D00019F083E391E2F4CF8EE291E20F94CD86AB
:10F7E000811196CD8BE291E20F94CD86882379F03A
:10F7F00081EA9DE00F94BBBB4BE0849FC0011124C4
:10F8000070E060E0805B924F0F94FDBB81CD88E299
:10F8100091E20F94CD86882351F00E94C85340E0B6
:10F8200070E060E084E690E00F94C04671CD84E221
:10F8300091E20F94CD868823E1F086E50E947D4019
:10F84000882309F465CD0E941C4011E0892B09F43E
:10F8500010E00F947A368091A51390E018171906DE
:10F8600009F456CD1093A5138FE497E00F94BE874B
:10F870004FCD8DE191E20F94CD86882309F448CDD8
:10F8800084E40E947D408823A1F00E94674520E027
:10F8900030E04AE754E40F9488B620E030E040E0DE
:10F8A0005FE30F94E3BC0F945BBECB010E94B8F8FA
:10F8B0002FCD89E191E20F94CD86882321F08091AC
:10F8C0006B0E811112C085EA9DE00F94C9BBBC018B
:10F8D00090E080E00F9447B620E030E04AE754E43F
:10F8E0000F94E2BD0F94205313CD80911218909184
:10F8F0001318029690931318809312180E9467456C
:10F900006B017C016FEF87EA9DE00F94DFBB20E085
:10F9100030E04AE754E4C701B6010F9488B620E00E
:10F9200030E040E05FE30F94E3BC0F945BBE85EAF8
:10F930009DE06ACFD8018C91873411F00C944F88E8
:10F9400010931318009312180E941C409093970371
:10F95000809396038B34910509F4D0C60CF049C10D
:10F960008430910509F422C60CF0C5C097FDCFC0C4
:10F9700002970CF0A0C10E941A3F8C010E948E4693
:10F98000609166067091670680916806909169069D
:10F990000F9447B66B017C01409053075090540779
:10F9A00060905507709056078090640590906505AB
:10F9B000A0906605B0906705A5019401C301B2014E
:10F9C0000F94E2BC20E030E048EC52E40F9488B69B
:10F9D0009B01AC01C701B6010F946CBF1816D4F49B
:10F9E000A3019201C501B4010F94E2BC20E030E014
:10F9F00048EC52E40F9488B6A70196010F94E3BC3B
:10FA00000F945BBE609366067093670680936806EA
:10FA1000909369068091F406882309F444C188E52F
:10FA20000E947D4081113FC189E50E947D40811186
:10FA30003AC18AE50E947D40811135C185E40E946A
:10FA40007D40882309F42FC120915307309154073A
:10FA50004091550750915607609164057091650576
:10FA600080916605909167050F94E2BC6B017C0163
:10FA70002DEC3CEC4CEC5DEB0F94D8BD87FF05C141
:10FA80008091430781110C9406B10F947A368091CE
:10FA9000640590916505A0916605B0916705809316
:10FAA000530790935407A0935507B093560783E5E7
:10FAB00097E00F948B879091430781E089270F94FB
:10FAC0007866C157DF4F0FB6F894DEBF0FBECDBFCB
:10FAD000DF91CF911F910F91FF90EF90DF90CF902A
:10FAE000BF90AF909F908F907F906F905F904F905E
:10FAF0003F902F9008958531910509F4D7C0FCF40B
:10FB00008A30910509F49BC50B9709F49CC5809137
:10FB100075129091761285579F4E9F938F931F92E7
:10FB200087E48F9389E29BE09F938F930F947DBA34
:10FB30000F900F900F900F900F900F90B7C08C31D7
:10FB4000910509F482C54E9711F70F947A3681E03A
:10FB500080935C0E0E94B24B8C0180E090E0A8E4A0
:10FB6000B4E48093910290939202A0939302B09395
:10FB7000940243E060E070E080E291EC0F94A768AB
:10FB8000809152078F93809151078F9380915007F6
:10FB90008F9380914F078F9380914E078F93809121
:10FBA0004D078F9380914C078F9380914B078F93D4
:10FBB00080914A078F93809149078F9380914807DE
:10FBC0008F93809147078F938BE194E59F938F9359
:10FBD00082EE9BE09F938F930F947DBAC8010E94A1
:10FBE000984B10925C0E0FB6F894DEBF0FBECDBFDF
:10FBF0005DC08835910509F459C0F4F4813591054B
:10FC000011F40C949E875CF48C34910509F499C529
:10FC10008035910509F07BCF0E944D7147C0863534
:10FC2000910511F40C94A2878735910509F06FCFE7
:10FC300080E10E94F4CA3AC08C35910511F40C940D
:10FC4000AE8774F48A35910511F40C94A7878B352F
:10FC5000910509F05CCF8091E30387600C94AA873B
:10FC60008236910511F40C943C888336910509F095
:10FC70004ECF10926B0E60E084EC9FE00F94DFBBE0
:10FC800082E00E945C530C944B882DEC3CEC4CECD5
:10FC90005DE3C701B6010F946CBF181624F4809180
:10FCA00043078111F2CEC8010E94BE501092970303
:10FCB000109296032DCB0E941A3FE0969FAF8EAF15
:10FCC000E0970E948E4689E40E947D40882309F4D3
:10FCD00000C40E94674560938E0370938F038093E6
:10FCE0009003909391038AE40E947D40C12CD12C13
:10FCF0007601882321F00E9467456B017C01C09248
:10FD00009203D0929303E0929403F0929503E091D2
:10FD10009603F0919703C257DF4FF983E883CE58DB
:10FD2000D04080908E0390908F03A0909003B0906D
:10FD30009103A7019601C501B4010F947FBFAE9650
:10FD40006CAF7DAF8EAF9FAFAE976091390270916F
:10FD50003A02072E000C880B990B0F9449B620919C
:10FD600091023091920240919302509194020F942B
:10FD700088B62EE333EC4EE259E30F9488B6AA9688
:10FD80006CAF7DAF8EAF9FAFAA9780E1E7E4F7E05D
:10FD9000DE01119601900D928A95E1F7A50194017B
:10FDA00050586A962CAF3DAF4EAF5FAF6A97D70100
:10FDB000C601B0586E968CAF9DAFAEAFBFAF6E9719
:10FDC00029813A814B815C81E6962CAF3DAF4EAFE5
:10FDD0005FAFE697C501B4010F94E3BCEA966CAF40
:10FDE0007DAF8EAF9FAFEA978D819E81AF81B88541
:10FDF000EE968CAF9DAFAEAFBFAFEE979C01AD015D
:10FE0000C701B6010F94E3BCCE57DF4F68837983F7
:10FE10008A839B83C258D04029853A854B855C856F
:10FE20006091600570916105809162059091630514
:10FE30000F94E2BCC258DF4F688379838A839B8327
:10FE4000CE57D040209158053091590540915A0520
:10FE500050915B05CA57DF4F288339834A835B8300
:10FE6000C658D040EA962CAD3DAD4EAD5FADEA9799
:10FE7000CA57DF4F688179818A819B81C658D040FB
:10FE80000F94E2BC6B017C0180915C0590915D0553
:10FE9000A0915E05B0915F05C657DF4F88839983B7
:10FEA000AA83BB83CA58D040CE57DF4F28813981FF
:10FEB0004A815B81C258D040BC01CD010F94E2BCA5
:10FEC0004B015C013090360720903707909138073E
:10FED0006F969FAF6F97A0913907A396AFAFA39787
:10FEE000A70196016A966CAD7DAD8EAD9FAD6A9708
:10FEF0000F9488B62B013C01A50194016E966CAD60
:10FF00007DAD8EAD9FAD6E970F9488B69B01AC0111
:10FF1000C301B2010F94E3BC2B013C01A501940184
:10FF20006A966CAD7DAD8EAD9FAD6A970F9488B625
:10FF30004B015C01A70196016E966CAD7DAD8EAD57
:10FF40009FAD6E970F9488B69B01AC01C501B401BB
:10FF50000F94E2BCA30192010F9462BD6B017C017E
:10FF600020E030E0A9010F94D8BD87FF0AC02BED37
:10FF70003FE049EC50E4C701B6010F94E3BC6B01CC
:10FF80007C0160913F07709140076115710509F48C
:10FF9000A4C290E080E00F9447B69B01AC016BEDEA
:10FFA0007FE089EC90E40F94E2BDAE962CAD3DADC0
:10FFB0004EAD5FADAE970F9488B65B018C0160913A
:10FFC00041077091420761157105F1F090E080E002
:10FFD0000F9447B620E030E040E752E40F9488B633
:10FFE0009B01AC01AA966CAD7DAD8EAD9FADAA977D
:10FFF0000F94E2BD3B014C019501A8010F94D8BDBF
:020000021000EC
:1000000087FF02C05301840140903A0750903B079C
:1000100060903C0770903D079501A801B201C301B3
:100020000F946CBF1816C4F09501A801632D722DB2
:100030006F968FAD6F97A3969FADA3970F94D8BD82
:100040002501380187FF08C0432C522C6F966FACF6
:100050006F97A3967FACA397C257DF4FE881F981D2
:10006000CE58D040329751F42BED3FE049EC50E4AC
:10007000C701B6010F94E2BC6B017C01CA57DF4F88
:10008000288139814A815B81C658D040E6966CADA3
:100090007DAD8EAD9FADE6970F94D8BD811125C083
:1000A000C657DF4F288139814A815B81CA58D040C9
:1000B000EE966CAD7DAD8EAD9FADEE970F94D8BD35
:1000C000811113C020E030E0A901C701B6010F94EF
:1000D000D8BD81110AC02BED3FE049EC50E4C701C7
:1000E000B6010F94E3BC6B017C01A7019601AE96AB
:1000F0006CAD7DAD8EAD9FADAE970F9488B6C258F6
:10010000DF4F288139814A815B81CE57D0400F94DF
:100110007FBF4B015C012FE632E143E85AE30F94C5
:10012000D8BD87FDCFC19201A301C501B4010F94D1
:10013000E2BD0F94C1BD0F945BBEA4967FAF6EAFBE
:10014000A4976230710508F48BC1E0964EAD5FADA7
:10015000E097452B09F484C150913E076F965FAF3D
:100160006F9790E080E00F9447B64B015C01AC01C3
:100170009B01C701B6010F94E2BD2B013C01A50113
:100180009401C258DF4F688179818A819B81CE5763
:10019000D0400F94E2BDEE966CAF7DAF8EAF9FAFB7
:1001A000EE972D853E854F85588960916405709145
:1001B000650580916605909167050F94E2BCA501E5
:1001C00094010F94E2BDC258DF4F688379838A831C
:1001D0009B83CE57D040A3019201C301B2010F947B
:1001E00088B66B017C01AC019B01C301B2010F9485
:1001F00088B620E030E040EC50E40F94E2BD9B0173
:10020000AC01C301B2010F94E2BCAE966CAF7DAFFE
:100210008EAF9FAFAE9720E030E040E05FE3C701D4
:10022000B6010F9488B69B01AC0160E070E080E8F5
:100230009FE30F94E2BCE6966CAF7DAF8EAF9FAFAD
:10024000E69722242394312C6F968FAD6F978111FE
:100250004DC1B10190E080E00F9447B6A301920137
:100260000F9488B66B017C010F94DDBD6E966CAF68
:100270007DAF8EAF9FAF6E97C701B6010F94A3C03D
:100280004B015C01C0908E03D0908F03E0909003EF
:10029000F0909103F7FAF094F7F8F094209192031C
:1002A000309193034091940350919503A2962CAF03
:1002B0003DAF4EAF5FAFA297A70196016E966CADB2
:1002C0007DAD8EAD9FAD6E970F9488B66A966CAF7C
:1002D0007DAF8EAF9FAF6A97A2962CAD3DAD4EAD70
:1002E0005FADA297C501B4010F9488B69B01AC0124
:1002F0006A966CAD7DAD8EAD9FAD6A970F94E3BCF1
:100300006A966CAF7DAF8EAF9FAF6A97A7019601DB
:10031000C501B4010F9488B66B017C01A2962CAD87
:100320003DAD4EAD5FADA2976E966CAD7DAD8EAD21
:100330009FAD6E970F9488B69B01AC01C701B601C3
:100340000F94E2BC6E966CAF7DAF8EAF9FAF6E9791
:1003500030913E076F963FAF6F976A962CAD3DADDB
:100360004EAD5FAD6A97EA966CAD7DAD8EAD9FAD3B
:10037000EA970F94E3BC69837A838B839C836E96A0
:100380002CAD3DAD4EAD5FAD6E97CE57DF4F688162
:1003900079818A819B81C258D0400F94E3BC6D83E0
:1003A0007E838F839887EE962CAD3DAD4EAD5FADCD
:1003B000EE9769857A858B859C850F94E3BC698768
:1003C0007A878B879C87C258DF4F288139814A8181
:1003D0005B81CE57D0406D857E858F8598890F943F
:1003E000E3BC6D877E878F87988BCE0101960E9434
:1003F0007F50E0968EAD9FADE0972816390608F144
:10040000E984FA840B851C852D813E814F815885B6
:1004100069817A818B819C813F922F92A7E4B7E01A
:10042000BF93AF93AA968CAC9DACAEACBFACAA9771
:10043000DE011D966D010F94E5870F900F900F90D0
:100440000F908091610E81113DC0BFEF2B1A3B0AC6
:10045000A496EEADFFADA497E215F30509F0F4CE36
:1004600088E595E00E947F50E0906005F09061057E
:10047000009162051091630520915C0530915D0546
:1004800040915E0550915F05609158057091590546
:1004900080915A0590915B051F921F92E7E4F7E067
:1004A000FF93EF93AA968CAC9DACAEACBFACAA9771
:1004B000E4E6CE2EE5E0DE2E0F94E5870F900F9058
:1004C0000F900F900E94A63F89E893E00F94741F4D
:1004D000EDCB60E070E0CB01FECBA32CB22C6F968D
:1004E0000FAD6F97A3961FADA39769CD6F964FADD4
:1004F0006F9741506F964FAF6F97AE962CAD3DAD55
:100500004EAD5FADAE976A966CAD7DAD8EAD9FADD5
:100510006A970F9488B66B017C01E6962CAD3DADD1
:100520004EAD5FADE6976E966CAD7DAD8EAD9FAD79
:100530006E970F9488B69B01AC01C701B6010F946A
:10054000E3BC7B018C01E6962CAD3DAD4EAD5FADBD
:10055000E6976A966CAD7DAD8EAD9FAD6A970F94B0
:1005600088B64B015C01AE962CAD3DAD4EAD5FAD96
:10057000AE976E966CAD7DAD8EAD9FAD6E970F94C0
:1005800088B69B01AC01C501B4010F94E2BC6A9628
:100590006CAF7DAF8EAF9FAF6A97C701D8016E96E3
:1005A0008CAF9DAFAEAFBFAF6E97D7CE80E50E9448
:1005B0007D40C12CD12C7601882331F00E94674503
:1005C0000F945BBE6B017C0183E50E947D40882314
:1005D00061F00E94674520E030E04AE754E40F9460
:1005E00088B60F945BBE6B017C01C114D104E10499
:1005F000F10441F080917907873021F08EEF9BE084
:100600000E9408EE0F947A360F94E31CC60ED71E94
:10061000E81EF91E89E893E00F94741F0F94E31C01
:100620006C157D058E059F0508F040CB0F94E22BDD
:1006300080E00E94886D80E00E945C53EFCF81E0F3
:100640000F94786633CB80E0FBCF88E50E947D4035
:10065000382E412C512C3201882321F00E94294050
:100660002B013C0189E50E947D40282E882309F456
:100670003EC00E9429406E966CAF7DAF8EAF9FAF9B
:100680006E978AE50E947D40D82E812C912C5401D2
:10069000882321F00E9429404B015C0187E50E94DC
:1006A0007D4067968FAF679783E40E947D40679691
:1006B000FFAD6797FF938F93CD2C6E96ECACFDAC9E
:1006C0000EAD1FAD6E97222DB301A201832D0E94A6
:1006D000BD600F900F903110E9CA2110E7CA6796EC
:1006E0002FAD67972111E2CAD110E0CA95CA6E9664
:1006F0001CAE1DAE1EAE1FAE6E97C3CF08E210E05B
:1007000079EDE72E7BE0F72E602F70E090E080E03F
:100710000F9447B60E9440419F938F937F936F93AE
:100720001F930F93FF92EF920F947DBA0F5F1F4FAD
:100730000FB6F894DEBF0FBECDBF0F36110521F7FF
:10074000B5CA20E030E040E251E460919803709136
:10075000990380919A0390919B030F946CBF87FF3C
:1007600005C085E091E20E94175DA0CA82E00E9468
:10077000D3DC811105C084E494E10F94951396CAEB
:1007800080914407882341F080914507882321F018
:1007900010914607111108C081E0809385108FE900
:1007A00093E20F94765382CA8DEF93E10F949513E1
:1007B00041E060E08DE494E30F94044381115FC055
:1007C00080E090E0A0EAB0E480934F079093500758
:1007D000A0935107B093520760E070E088E492E480
:1007E0000F943A9780E090E0A8E4B2E480934F073A
:1007F00090935007A0935107B093520780E090E088
:10080000A4E3B3E480934B0790934C07A0934D0768
:10081000B0934E0760E070E088E492E40F943A975A
:100820000F947A3680E094E30F949513E4E9FDE3A6
:1008300085919591A591B49180934B0790934C0726
:10084000A0934D07B0934E07E0E9FDE385919591A4
:10085000A591B4918093470790934807A0934907C7
:10086000B0934A0760E070E088E492E40F943A970E
:100870000F947A3641E060E080E00E949E6220E0C2
:1008800030E04CE052E460919803709199038091BC
:100890009A0390919B030F946CBF18160CF075C0CF
:1008A00080916B0E811171C080E090E0A8ECB2E401
:1008B00080934F0790935007A0935107B09352072E
:1008C00060E070E088E492E40F943A970F949D22E0
:1008D00019821A821B821C821D82CE0101960F94FE
:1008E000741F03E26AE2E62E6EE1F62E20E030E0AD
:1008F0004CE052E4609198037091990380919A03BF
:1009000090919B030F946CBF1816B4F587EB93E19D
:100910000F94121342E864E080E00E94B5531F92E6
:100920000F93609198037091990380919A0390912D
:100930009B030F9454BE7F936F93FF92EF920E949C
:100940006E5381E80E94845388EE93E00E943370D6
:100950000E94FE5A40E053E567E070E0CE01019648
:100960000F94C71D0F900F900F900F900F900F9046
:10097000882309F4BBCF10E081E00E94A25411113A
:1009800004C080E00F94011491C90F947A3681E07D
:1009900080935C0E0E94A25487EE90E20E94175D45
:1009A0008090980390909903A0909A03B0909B0335
:1009B00020E030E040EA50E4C501B4010F94E2BD0C
:1009C0000F9454BE25E0269FA001279F500D1124AF
:1009D000BA01550F880B990B0F9449B61B017C0186
:1009E00020E030E04CE052E40F94D8BD87FF06C011
:1009F000212C312C4CE0E42E52E4F52E222D332D07
:100A00004E2D5F2DC501B4010F946CBF181664F410
:100A100020E030E040EA50E4622D732D8E2D9F2DB2
:100A20000F94E3BC1B017C01FF92EF923F922F9247
:100A300080EC9BE09F938F930F947DBA20E030E091
:100A400040EF51E4622D732D8E2D9F2D0F94E2BC4B
:100A500020E030E04CE852E40F94E3BC0F9454BE25
:100A60007093710E6093700E84E08093790781E03B
:100A70008093F60383E698E20E9408EE80E090E01F
:100A8000A0EAB0E480934F0790935007A0935107DA
:100A9000B093520760E070E088E492E40F943A97D4
:100AA00080E090E0A0EAB1E4809347079093480784
:100AB000A0934907B0934A0780E090E0A0E7B2E432
:100AC00080934B0790934C07A0934D07B0934E072C
:100AD00060E070E088E492E40F943A978AE999E93B
:100AE000A9E1BEE380934F0790935007A09351076D
:100AF000B093520760E070E088E492E40F943A9774
:100B00000F947A360F900F900F900F900F900F90D8
:100B1000209198033091990340919A0350919B033F
:100B2000622D732D8E2D9F2D0F946CBF18163CF4E3
:100B300088EE93E00E9433700E94FE5AE9CF60E095
:100B400086EA9FE00F94DFBB80E090E0A0EAB0E48B
:100B500080934F0790935007A0935107B09352078B
:100B600060E070E088E492E40F943A97E0E9FDE3F6
:100B700085919591A591B4918093470790934807EB
:100B8000A0934907B0934A07E4E9FDE38591959165
:100B9000A591B49180934B0790934C07A0934D0778
:100BA000B0934E0760E070E088E492E40F943A97C7
:100BB0000F947A3643E060E070E080E89FEB0F949A
:100BC000A768811105C00F94011410925C0E6EC8C5
:100BD00090914F0767969FAF6797A09150076B96CC
:100BE000AFAF6B97B09151076F96BFAF6F97E09122
:100BF0005207A796EFAFA797EF93BF93AF939F933B
:100C000083EB9BE09F938F930F947DBA0F900F908F
:100C10000F900F900F900F902EEAA22E2FE0B22E81
:100C200033E2C32ED12C0FEF1FEFB6010D2C000CB9
:100C3000880B990B0F9449B62B013C01DF92CF92A0
:100C4000C80102969F938F9327E73BE03F932F9332
:100C50000F947DBA48015FEF851A950A0F900F90A7
:100C60000F900F900F900F9011F40C9414B170E04E
:100C700060E0C5010F94FDBBA3019201622D732DAD
:100C80008E2D9F2D0F94D8BD181644F485E088163C
:100C9000910411F00C9420B105E010E0580197E2A6
:100CA000A91A98EFB90AAA0CBB1C85E0809F100115
:100CB000819F300C11240D5F1F4F8AE9482E89E96E
:100CC000582E89E1682E8EE3782E9EE3892E9BE0D4
:100CD000992EC801029705970CF0D4C0B101635D4D
:100CE0007F4F072E000C880B990B0F9449B66B01B0
:100CF0007C011F930F93AAE6BBE0BF93AF930F94C1
:100D00007DBA0093F60320E030E040EF51E4C701E4
:100D1000B6010F94E2BC20E030E040E251E40F94D1
:100D200088B620E030E040EA50E40F94E2BD20E0D5
:100D300030E048E452E40F94E3BC0F9454BE709347
:100D4000710E6093700E80E090E0A0EAB0E48093B2
:100D50004F0790935007A0935107B093520760E05C
:100D600070E088E492E40F943A9720E030E040EAA3
:100D700051E4209347073093480740934907509325
:100D80004A0780E090E0A0E7B2E480934B0790939D
:100D90004C07A0934D07B0934E0760E070E088E4E5
:100DA00092E40F943A9740924F0750925007609206
:100DB00051077092520760E070E088E492E40F946B
:100DC0003A970F947A360F900F900F900F902091D2
:100DD00098033091990340919A0350919B03C70166
:100DE000B6010F946CBF18163CF488EE93E00E9495
:100DF00033700E94FE5AEBCF80E090E0A0EAB0E4AE
:100E000080934F0790935007A0935107B0935207D8
:100E100060E070E088E492E40F943A97E0E9FDE343
:100E200085919591A591B491809347079093480738
:100E3000A0934907B0934A07E4E9FDE385919591B2
:100E4000A591B49180934B0790934C07A0934D07C5
:100E5000B0934E0760E070E088E492E40F943A9714
:100E60000F947A3643E060E070E080E89FEB0F94E7
:100E7000A76895E0290E311C0F5F1F4F811104C038
:100E80000F94011481E09FCE67967FAD67976B96B4
:100E90006FAD6B976F969FAD6F97A7968FADA79726
:100EA000272F362F492F582F60914F0770915007E9
:100EB00080915107909152070F94E2BCF62EE72ED5
:100EC000D82EC92E20917E0630917F064091800653
:100ED00050918106D701F6016B2F7A2F8F2F9E2F0D
:100EE0000F9488B60F9454BEA6966CAF7DAF8EAFAC
:100EF0009FAFA697CF92DF92EF92FF9280919B03D4
:100F00008F9380919A038F93809199038F9380910F
:100F100098038F939F928F920F947DBAA4966EAD93
:100F20007FADA497C5010F94FDBBA2E0AA0EB11C32
:100F30000FB6F894DEBF0FBECDBFCBCE0E94F462D9
:100F40000C94567E80E10E949FCA0C94567E80913C
:100F5000E303887F8093E3030C94567EFEEDCF2E4F
:100F6000F2E0DF2E8E010F5B1F4F9E012F5F3F4F80
:100F70007901A2EE8A2EA2E09A2E58013901D601FB
:100F80008D916D010E947D40F50181935F01882361
:100F900041F00E946745D7016D937D938D939C939B
:100FA0001397B4E0EB0EF11C8C149D0441F7F8018B
:100FB000D380DD2029F120E030E0A9016D857E8518
:100FC0008F8598890F94D8BD81111AC0D8018C9152
:100FD000811116C011968C911197811111C0129632
:100FE0008C9181110DC010925307109254071092EA
:100FF00055071092560781E08093C5040C94567EE5
:101000000F947A36F12CE12CF80181918F0188231D
:10101000D1F09701295B384F5901F301EE0DFF1D07
:101020002081318142815381F701E653F94F60817C
:101030007181828193810F94E3BCD5016D937D937F
:101040008D939C931397B4E0EB0EF11CECE0EE163D
:10105000F104D1F6DD2061F08D859E85AF85B889DC
:101060008093530790935407A0935507B093560766
:101070000F94FA950C94567E81E080936B0E61E09C
:1010800084EC9FE00F94DFBB1092A30360E08FEF2E
:101090009FE00F94DFBB0E94E0DC0C94567E8D3401
:1010A00011F00C9489AF1093131800931218F801E3
:1010B000319681918032E9F38930D9F380538A30B7
:1010C00030F01F930F9383ED90E20C94D27A0E943C
:1010D0001C409093600E80935F0E893C910511F443
:1010E0000C948D9C0CF036C38E34910511F40C9445
:1010F000F3970CF02BC28C31910511F40C9452969D
:101100000CF000C18531910511F40C946B950CF035
:101110005EC08131910511F40C946295ECF4029754
:1011200010F40C94D1948091751290917612855799
:101130009F4E9F938F931F928DE48F9389E29BE044
:101140009F938F930F947DBA0F900F900F900F90F5
:101150000F900F900C94B5948231910511F40C947A
:10116000AB99449701F781E08093970289E19BE076
:101170000E94175D84E50E947D40182F8CE40E9438
:101180007D4000E080FB00F910FB01F989EF94E15C
:101190000E94CC5A83E2E9EFF4E1DE01119601905E
:1011A0000D928A95E1F720E050E040E0BE016F5FCC
:1011B0007F4F82EF92E00F948855CE0101960E94F6
:1011C000D15A8BE09BE00E94175D0C94B594883156
:1011D000910511F40C947C9594F48631910511F4E9
:1011E0000C946F95479709F09ECF809112189091BB
:1011F000131861E004960F947D5C0C94B5948A31C9
:10120000910511F40C94C29514F00C94E4950EED34
:1012100012E0FFE3AF2EF2E0BF2EA1E2CA2EA2E061
:10122000DA2EB5E1EB2EB2E0FB2E81EE882E82E0C5
:10123000982EF80181918F010E947D40882321F131
:101240000E946745D6014D905D906D907C90A30102
:1012500092010F94D8BD87FD11C00E946745F70128
:101260004080518062807380A30192010F946CBF13
:10127000181624F00E9467452B013C01D5014D92C0
:101280005D926D927C921397B4E0AB0EB11CE4E0DA
:10129000CE0ED11CF4E0EF0EF11C8016910649F63B
:1012A00083E50E947D40882311F40C9428A80E94B5
:1012B0000F4081110C94B59480E090E0A8E4B2E472
:1012C00080933F0290934002A0934102B093420268
:1012D00080E090E0AEE3B3E4809343029093440255
:1012E000A0934502B093460280E090E0A0EAB1E40A
:1012F0008093470290934802A0934902B0934A0218
:101300000C94B5948D32910511F40C94F7960CF071
:10131000E6C08F31910511F40C9484960CF060C0F6
:101320008D31910511F40C94B5944E9709F0FBCED4
:1013300080917414882311F40C94B5940F944F5336
:1013400000911218109113180C5F1F4F80917414A4
:10135000882311F40C94B59483E097E10F940781EE
:101360001092731423961FAF0EAF2397CE018F5B9D
:101370009F4F0F94F85B882311F40C94B594239637
:101380004EAD5FAD239760911C1570911D151982AC
:101390001C8222E0CE0101960F9468B581110C9455
:1013A0005A9610E0CE0101960E94D15A112311F4F1
:1013B0000C94749680EF9DE10E94F05A23968EADB6
:1013C0009FAD23970F94C0B410928717109288177F
:1013D0001092891710928A170F94C2590C94B594E1
:1013E0008A32910511F40C94AB968C32910511F46C
:1013F0000C94DE96809709F096CE8091731481113B
:101400000F947A3600911218109113180C5F1F4F29
:1014100061E270E0C8010F9412C2009719F08C01CC
:101420000F5F1F4F80E50E947D40F82E80911218BB
:10143000909113180817190708F4F12C809174146F
:10144000882311F40C94B59461E06F25C8010F94C2
:101450007D5C83E50E947D40882399F0809112187D
:10146000909113188017910760F40E9429406093AF
:101470008717709388178093891790938A170F9412
:10148000155480917414882331F081E08093731493
:1014900085E080936C0EF1100C94B5948091061742
:1014A000882361F08091871790918817A091891700
:1014B000B0918A17892B8A2B8B2B69F40E94CB4021
:1014C000109285031092860310928703109288036E
:1014D00080E00E9454650F941F360C94B5948934B3
:1014E000910511F40C943B97F4F48E32910511F4AC
:1014F0000C94FD968834910509F015CE83E50E9481
:101500007D40882311F40C942C970E940F4088236F
:1015100011F40C942997813011F00C94B5948093B8
:101520006C0E0C94B5948C34910511F40C94DB97EB
:1015300014F00C94EE978B34910509F0F4CD0E94D1
:1015400098F8882311F40C94B594C5CF8E36910584
:1015500011F40C94A09A0CF086C08635910511F414
:101560000C94FB99D4F58335910511F40C94A5994D
:1015700084F48F34910511F40C945E9882359105B2
:1015800009F0D1CD8091E303877F8093E3030C942E
:10159000B5948435910511F40C94AB99853591057A
:1015A00009F0C1CD83E50E947D40882311F40C949D
:1015B000B5940E94674520E030E04AE754E40F9478
:1015C00088B60F945BBE609381037093820380930F
:1015D0008303909384030C94B5948936910511F498
:1015E0000C94BA98D4F48C35910511F40C94189A93
:1015F0008836910509F097CD83E50E947D408823C8
:1016000011F40C94B5940E9467450F9454BE7093E6
:10161000730E6093720E0C94B5948B36910511F491
:101620000C94A29914F40C9494998D36910509F0B8
:101630007ACD87E398E40E9408EE81E08093E1038D
:101640000F94C2B383E50E947D40882311F40C946B
:10165000CE980E9467450F9454BE7093730E6093AA
:10166000720E0C94D4988737910511F40C94E29B78
:10167000ACF58237910511F40C94979BB4F4803744
:10168000910511F40C94A7988137910509F04BCD81
:1016900083E50E947D40882311F40C94B19A0E9446
:1016A0000F4080932F020C94B5948537910511F467
:1016B0000C949A9B14F00C94AA9B8337910509F023
:1016C00032CD86E50E947D40882311F40C94C69AA1
:1016D0008DE094E70E94175D0C94B5948C389105C9
:1016E00011F40C94AB9854F48B37910511F40C94CD
:1016F000479C8D37910509F48ACD15CD8E3B910518
:1017000011F40C940499883C910511F40C944A9CB2
:101710008B39910509F007CD83E50E947D40882330
:1017200061F00E940F4080936B14882311F40C9495
:10173000C6988CE694E10F94741F83E40E947D4068
:10174000882311F40C94CA980E940F4080936A1465
:101750000C94B594853FF1E09F0711F40C9437A4E5
:101760000CF060C4811531E0930711F40C94B99F1B
:101770000CF024C1803D910511F40C94FC9D0CF0FB
:1017800077C08D3C910511F40C94639DACF58B3CB6
:10179000910511F40C94DA9C8C3C910509F0C3CCB2
:1017A00083E50E947D40882311F40C94329D0E94B1
:1017B00067456093320770933307809334079093A3
:1017C00035076093A6067093A7068093A8069093AA
:1017D000A90684E50E947D40882311F40C94B594F9
:1017E0000E9467456093AA067093AB068093AC068F
:1017F0009093AD060C94B5948E3C910511F40C9425
:10180000DC9D8F3C910509F08ECC83E50E947D40E4
:10181000882351F00E9467456093F5067093F606A1
:101820008093F7069093F80686E40E947D40882313
:1018300061F00E9467450E94914B6093F906709396
:10184000FA068093FB069093FC068AE50E947D4091
:10185000882311F40C94B5940E9467456093FD06AB
:101860007093FE068093FF06909300070C94B59446
:101870008C3D910511F40C94639E0CF082C0813D67
:10188000910511F40C94209E863D910509F04BCCF6
:1018900080E50E947D40882311F40C944F9E0E94A5
:1018A00067452B013C0183E50E947D40882311F4AC
:1018B0000C94599E0E9467454B015C018EE40E9486
:1018C0007D40D0903E07882329F00E9467450F9401
:1018D0005BBED62E82E50E947D40E0903F07F090EF
:1018E0004007882329F00E9467450F945BBE7B0167
:1018F00086E40E947D4000914107109142078823B1
:1019000029F00E9467450F945BBE8B0120E030E018
:10191000A901C301B2010F94D8BD181614F00C949C
:10192000B59420E030E0A901C501B4010F94D8BD01
:1019300087FF02C00C94B594A5019401C301B201C4
:101940000F94D8BD87FF02C00C94B594409236071F
:1019500050923707609238077092390780923A07A1
:1019600090923B07A0923C07B0923D07D0923E0771
:10197000F0924007E0923F0710934207009341071F
:10198000F4C7823E910511F40C94B49E803F9105FA
:1019900009F4EBC78D3D910509F0C5CB83E50E94A5
:1019A0007D40882311F40C94A29E0E941C409093C9
:1019B0009602809395020E94834AD7C78E3551E0E4
:1019C000950711F40C94A0AD0CF0ECC28E32B1E08E
:1019D0009B0711F40C9417A00CF082C08C32F1E03C
:1019E0009F0711F40C940D9F8D32914009F09BCB11
:1019F00080E50E947D40882351F00E9467456093F6
:101A0000DA067093DB068093DC069093DD0689E4AA
:101A10000E947D40882381F00E9467452CEA35ECC6
:101A200047E25EE30F9488B66093DE067093DF06AC
:101A30008093E0069093E10684E40E947D40882331
:101A400081F00E9467452CEA35EC47E25EE30F9493
:101A5000E2BD6093E2067093E3068093E406909300
:101A6000E5060F945F2E88E895E20E94F05A80EB1D
:101A70009FE10E94F05A6091DA067091DB06809136
:101A8000DC069091DD0642E00F940CB38CEA9FE1F6
:101A90000E94F05A2CEA35EC47E25EE36091DE06E4
:101AA0007091DF068091E0069091E1060F94E2BD0F
:101AB00042E00F940CB388EA9FE10E94F05A2CEAAE
:101AC00035EC47E25EE36091E2067091E3068091B7
:101AD000E4069091E5060F9488B60F94205345C70D
:101AE000803331E0930711F40C94409F14F40C946C
:101AF00027A08633914009F016CB89E40E947D40EF
:101B0000882311F40C945AA00E941C40AB968FAF0E
:101B1000AB9782E50E947D40882311F40C9460A06D
:101B20000E946745E2966CAF7DAF8EAF9FAFE297A4
:101B300080E50E947D40C12CD12C60ECE62E6FE741
:101B4000F62E882321F00E9467456B017C0185E514
:101B50000E947D40882311F40C946CA00E9467457C
:101B60006E966CAF7DAF8EAF9FAF6E9786E50E948D
:101B70007D40882311F40C9478A00E946745A296BA
:101B80006CAF7DAF8EAF9FAFA29783E40E947D4084
:101B9000882311F40C9484A00E9467456A966CAF68
:101BA0007DAF8EAF9FAF6A9784E40E947D4088230B
:101BB00011F40C9490A00E946745AA966CAF7DAF7B
:101BC0008EAF9FAFAA978CE40E947D400FEF1FEF6E
:101BD000882319F00E941C408C0183E50E947D40FF
:101BE000882311F40C949CA00E941C40E3968FAFB4
:101BF000E39782E40E947D40882311F40C94A2A014
:101C00000E941C40E7968FAFE79784E50E947D40D5
:101C1000882311F40C94A8A00E946745A6966CAF87
:101C20007DAF8EAF9FAFA69785E40E947D40412C8B
:101C3000512C50EC652E5FE7752E882321F00E9411
:101C400067452B013C0187E50E947D40812C912C4A
:101C500040ECA42E4FE7B42E882321F00E94674564
:101C60004B015C0181E40E947D4022242A94322CA5
:101C7000882319F00E941C401C0186E40E947D40CC
:101C8000882311F40C94B4A00E941C40EB968FAFF3
:101C9000EB97E2962CAD3DAD4EAD5FADE297CA013C
:101CA000B9010F94F1C0882311F40C94BEA0A701D0
:101CB0009601C701B6010F94F1C0882311F40C946A
:101CC000BEA06E962CAD3DAD4EAD5FAD6E97CA0118
:101CD000B9010F94F1C0882311F40C94BEA0A29610
:101CE0002CAD3DAD4EAD5FADA297CA01B9010F94C9
:101CF000F1C0882311F40C94BEA06A962CAD3DADC2
:101D00004EAD5FAD6A97CA01B9010F94F1C0882347
:101D100011F40C94BEA0AA962CAD3DAD4EAD5FADB6
:101D2000AA97CA01B9010F94F1C0882311F40C9449
:101D3000BEA0A6962CAD3DAD4EAD5FADA697CA0137
:101D4000B9010F94F1C0882311F40C94BEA0A50131
:101D50009401C501B4010F94F1C0882311F40C94CF
:101D6000BEA0A3019201C301B2010F94F1C0882368
:101D700011F40C94BEA0AB96AFADAB97A7FD02C01B
:101D80000C94BEA0E396BFADE397B7FD02C00C94E0
:101D9000BEA0E796EFADE797E7FD02C00C94C3A0A5
:101DA00037FC02C00C940EA117FF02C00C94BAA01D
:101DB000CE0101960F942425A7019601C701B60113
:101DC0000F94F1C0882311F40C94B2A16E962CAD3F
:101DD0003DAD4EAD5FAD6E97CA01B9010F94F1C034
:101DE00081110EC06E968CAD9DADAEADBFAD6E9740
:101DF0008093C1129093C212A093C312B093C412E5
:101E0000A2962CAD3DAD4EAD5FADA297CA01B90112
:101E10000F94F1C081110EC0A2962CAD3DAD4EAD18
:101E20005FADA2972093C5123093C6124093C7129C
:101E30005093C8126A962CAD3DAD4EAD5FAD6A971A
:101E4000CA01B9010F94F1C081111BC020E030E03C
:101E5000A9016A966CAD7DAD8EAD9FAD6A970F946A
:101E60006CBF181674F46A968CAD9DADAEADBFAD67
:101E70006A978093C9129093CA12A093CB12B09321
:101E8000CC12AA962CAD3DAD4EAD5FADAA97CA015E
:101E9000B9010F94F1C081110EC0AA962CAD3DADD1
:101EA0004EAD5FADAA972093CD123093CE124093E2
:101EB000CF125093D01217FD03C0C8010F94072210
:101EC000A6962CAD3DAD4EAD5FADA697CA01B9014A
:101ED0000F94F1C081110EC0A6968CAD9DADAEAD34
:101EE000BFADA6978093131390931413A09315136B
:101EF000B0931613A5019401C501B4010F94F1C06C
:101F0000811111C020E030E0A901C501B4010F9496
:101F10006CBF181644F48092171390921813A09275
:101F20001913B0921A13A3019201C301B2010F94C5
:101F3000F1C0811111C020E030E0A901C301B2015C
:101F40000F946CBF181644F440921B1350921C134C
:101F500060921D1370921E13C0901B13D0901C131F
:101F6000E0901D13F0901E13A701960160911713C6
:101F7000709118138091191390911A130F946CBFDC
:101F8000181644F4C0921713D0921813E092191344
:101F9000F0921A130F948E22CE0101960F941725FA
:101FA0000C9434A18539A1E09A0711F40C942AA469
:101FB0002CF58039E1E09E0711F40C9426A48339B6
:101FC000914009F0B0C880919D13813009F0CDC4D3
:101FD00085E40E947D4081110E940F4086E40E94AA
:101FE0007D4081110E940F400F94D464882309F42E
:101FF000BCC460E080E00F941B7CB7C4843A21E04D
:10200000920711F40C942FA4843F31E0930711F44C
:102010000C9433A48639914009F085C880E00E9471
:10202000C957A3C4833C52E0950711F40C941FAF29
:102030000CF0EAC38A35B2E09B0711F40C9437A880
:102040000CF076C38D3FF1E09F0711F40C944DA482
:102050000CF02EC3863F31E0930711F40C943BA49F
:10206000873F914009F05FC88091D5068F9380919A
:10207000D4068F938091D3068F938091D2068F934D
:102080008091D1068F938091D0068F938091CF0657
:102090008F938091CE068F938091CD068F93809100
:1020A000CC068F938091CB068F938091CA068F9335
:1020B00003EB18E61F930F931F930F938091C906AC
:1020C0008F938091C8068F938091C7068F938091DC
:1020D000C6068F938091C5068F938091C4068F9317
:1020E0008091C3068F938091C2068F938091C10621
:1020F0008F938091C0068F938091BF068F938091BC
:10210000BE068F938091BD068F938091BC068F93FE
:102110008091BB068F938091BA068F938091B90608
:102120008F938091B8068F938091B7068F9380919B
:10213000B6068F938091B5068F938091B4068F93E6
:102140008091B3068F938091B2068F938091B106F0
:102150008F938091B0068F938091AF068F9380917B
:10216000AE068F931F930F931F930F9380913507A4
:102170008F93809134078F93809133078F93809151
:1021800032078F938091AD068F938091AC068F9329
:102190008091AB068F938091AA068F938091A906B8
:1021A0008F938091A8068F938091A7068F9380913B
:1021B000A6068F931F930F931F930F9380912D0764
:1021C0008F9380912C078F9380912B078F93809111
:1021D0002A078F93809129078F93809128078F93E7
:1021E000809127078F93809126078F9380912507F1
:1021F0008F93809124078F93809123078F938091F1
:1022000022078F93809121078F93809120078F93CE
:1022100080911F078F9380911E078F931F930F93B9
:102220001F930F938091A5068F938091A4068F939F
:102230008091A3068F938091A2068F938091A1062F
:102240008F938091A0068F9380919F068F938091AA
:102250009E068F9380919D068F9380919C068F930D
:1022600080919B068F9380919A068F938091990617
:102270008F93809198068F93809197068F9380918A
:1022800096068F931F930F931F930F9380911D07B3
:102290008F9380911C078F9380911B078F93809160
:1022A0001A078F93809119078F93809118078F9346
:1022B000809117078F93809116078F938091150750
:1022C0008F93809114078F93809113078F93809140
:1022D00012078F93809111078F93809110078F932E
:1022E00080910F078F9380910E078F931F930F9309
:1022F0001F930F93809195068F93809194068F93EF
:10230000809193068F93809192068F93809191068E
:102310008F93809190068F9380918F068F938091F9
:102320008E068F9380918D068F9380918C068F936C
:1023300080918B068F9380918A068F938091890676
:102340008F93809188068F93809187068F938091D9
:1023500086068F931F930F931F930F9380913107DE
:102360001F928F93809130071F928F9380912F0738
:102370001F928F9380912E071F928F931F930F931D
:102380001F930F93809185068F93809184068F937E
:10239000809183068F93809182068F93809181062E
:1023A0008F93809180068F9380917F068F93809189
:1023B0007E068F9380917D068F9380917C068F930C
:1023C00080917B068F9380917A068F938091790616
:1023D0008F93809178068F93809177068F93809169
:1023E00076068F931F930F931F930F938BE19AE1C0
:1023F0009F938F930F947DBA0FB6F894DEBF0FBEF4
:10240000CDBF2CEA35EC47E25EE36091E2067091C5
:10241000E3068091E4069091E5060F9488B69F93B9
:102420008F937F936F932CEA35EC47E25EE36091E4
:10243000DE067091DF068091E0069091E1060F9430
:10244000E2BD9F938F937F936F938091DD068F936F
:102450008091DC068F938091DB068F938091DA0662
:102460008F931F930F931F930F938EEE99E19F937A
:102470008F930F947DBA2CEA35EC47E25EE36091CE
:10248000EE067091EF068091F0069091F1060F94A0
:1024900088B69F938F937F936F932CEA35EC47E236
:1024A0005EE36091EA067091EB068091EC069091F4
:1024B000ED060F94E2BD9F938F937F936F9380916E
:1024C000E9068F938091E8068F938091E7068F93BA
:1024D0008091E6068F931F930F931F930F9389EBC1
:1024E00099E19F938F930F947DBA0FB6F894DEBF56
:1024F0000FBECDBF8091F4061F928F931F930F9351
:102500001F930F9320E030E040E752E4609105070D
:102510007091060780910707909108070F9488B67D
:102520009F938F937F936F93809104078F938091F4
:1025300003078F93809102078F93809101078F93F8
:102540001F930F931F930F93809100078F93809198
:10255000FF068F938091FE068F938091FD068F93E7
:1025600020E030E040E752E46091F9067091FA060D
:102570008091FB069091FC060F9488B69F938F93F1
:102580007F936F938091F8068F938091F7068F93D6
:102590008091F6068F938091F5068F931F930F938A
:1025A0001F930F9388EB98E19F938F930F947DBABD
:1025B0000FB6F894DEBF0FBECDBF80910907882308
:1025C00011F40C943FA480910D078F9380910C0718
:1025D0008F9380910B078F9380910A078F931F939E
:1025E0000F931F930F9382E998E19F938F930F941A
:1025F0007DBA0FB6F894DEBF0FBECDBF8091420703
:102600008F93809141078F93809140078F938091A2
:102610003F078F9380913E071F928F9380913D07D4
:102620008F9380913C078F9380913B078F9380918C
:102630003A078F93809139078F93809138078F9352
:10264000809137078F93809136078F9303EB18E6BD
:102650001F930F931F930F9381EF97E19F938F9396
:102660000F947DBA0F9446218DEE9FE00F94C3BB6B
:10267000F62EE72ED82EC92E81EF9FE00F94C3BB14
:10268000CF92DF92EF92FF929F938F937F936F93FE
:102690001F930F931F930F9380ED97E19F938F9359
:1026A0000F947DBA0FB6F894DEBF0FBECDBF5DC1EB
:1026B000883552E0950711F40C9457A414F00C944B
:1026C00007898832924011F00C94938880E50E942B
:1026D0007D40882309F449C110925F06109260067C
:1026E00010926106109262060FE516E033E6E32EC3
:1026F00036E0F32E4AE2D42EE0911218F09113182E
:10270000D0820E941C40D8018D938D01EA16FB06F1
:1027100009F42BC18EE20E947D408111EDCF109211
:102720005F061092600610926106109262061DC14B
:102730008E3BE2E09E0711F40C94DFAE0CF051C02A
:102740008B3522E0920711F40C943FA88D3B924008
:1027500011F00C94938880919D13813011F40C94A6
:102760007EAE1FEF8CE40E947D40C12CD12C6CE822
:10277000E62E62E4F62E882321F00E9467456B0165
:102780007C018AE50E947D40882311F40C948FAE71
:102790000E9467459F770E9497524B015C018AE532
:1027A0000E947D40082F10928F1710928E1786E19D
:1027B0000F94C2B380919D13813011F00C9494AEAC
:1027C000153018F4812F0E942BFF1092A6038DE87C
:1027D00097E10E949957C501B40190580E94975201
:1027E000C4C0813C42E0940711F40C9413AF14F080
:1027F0000C9419AF803C924011F00C94938880ECBB
:1028000092E00E940545B1C08438B3E09B0711F403
:102810000C94CDAB0CF097C08235F3E09F0711F418
:102820000C9445A89CF5843C32E0930711F40C9479
:102830003CAF853C924011F00C94938883E50E9454
:102840007D40882351F00E940F40882311F40C949E
:1028500068AF813011F40C9475AF80919D13813075
:1028600091F488E50E947D40882369F00E940F4022
:10287000813011F40C9483AF10F40C947EAF8A3243
:1028800011F40C9487AF0F945C536FC08D3553E0F7
:10289000950711F40C94BBA98E35A3E09A0711F4A7
:1028A0000C9453AA8C35934011F00C94938883E5D3
:1028B0000E947D40882309F458C00E941C408C016E
:1028C00087ED93E10E9408EE8FEE9EE10E94F05AA0
:1028D000C8010F946E530F94E31C4B015C011092DE
:1028E0006A0E8091720E9091730E892B41F4FF2431
:1028F000F3948091700E9091710E892B09F0F12C58
:102900002801012E000C66087708F1100C947BA9B1
:1029100080916A0E811112C0C301B2010F9449B6B1
:10292000209198033091990340919A0350919B0311
:102930000F946CBF181614F40C948DA988E895E2D6
:102940000E9408EE12C08139E3E09E0711F40C9456
:1029500000AD8CF48B3823E0920711F40C947CAC1E
:102960008C38934011F00C9493881092600E109262
:102970005F0E0C948879843943E0940714F40C9426
:102980004FAD803A934011F00C94938880911218C7
:102990009091131821E02093721405960F949C6275
:1029A000E4CF00911218109113180E5F1F4F80E5AD
:1029B0000E947D40C12CD12C7601882321F00E94F9
:1029C00029406B017C0183E50E947D40882351F002
:1029D0000E9429409B01AC01A8EEB3E00F9450BCCB
:1029E0006B017C01C8010F5F1F4FDC014C9140322D
:1029F000C9F326E020937907C114D104E104F1045E
:102A0000A1F52C91222389F10E946BF70F947A365D
:102A10008091D10384608093D10389E893E00F947F
:102A2000741FC114D104E104F104A1F10F94E31C5B
:102A3000C60ED71EE81EF91E84E0809397020F94FD
:102A4000E31C6C157D058E059F05D8F082E0809310
:102A500097028091D1038B7F8093D103809173146F
:102A6000882359F11092790780CF80916B0E8111E4
:102A700005C08CEE93E10E9408EEC8CF1092790752
:102A8000C5CF0E94DF568111E1CF90E080E00E9427
:102A90003370D5CF1091970284E0809397020E9403
:102AA000DA560E94DF56811105C090E080E00E9456
:102AB0003370F7CF10939702CCCF8EEB93E60E9442
:102AC00008EE53CF83EE93E10E9408EE1798169814
:102AD000159814984ACF81E00F94F45D46CF109278
:102AE00073141092741483EB98E60E94F05A87E4F2
:102AF00093E20E94175D39CF0E944F4C882319F052
:102B00000E9441F732CF0E9498F8882309F42DCF14
:102B100080910617882361F080918717909188171C
:102B2000A0918917B0918A17892B8A2B8B2B69F476
:102B30000E94CB4010928503109286031092870367
:102B40001092880380E00E94546580917414882359
:102B500031F081E08093731485E080936C0E0F94C4
:102B60001F3680919D13813009F0FFCE8091731341
:102B7000882309F4FACE0E94ACC88111F6CE0F94D6
:102B8000E67CF3CE80917414882309F4EECE83E5BD
:102B90000E947D40882309F4E8CE0E9429406B0101
:102BA0007C01C0928717D0928817E0928917F09223
:102BB0008A170F941554C0928503D0928603E09231
:102BC0008703F0928803D1CE80E50E947D40182FC4
:102BD0000E944F4C882391F080915E0E882349F02B
:102BE00080916A02811105C08AE19EE10E94175D11
:102BF000BCCE8EE09EE10E94175DB7CE809173142B
:102C0000882309F44AC01123E1F10F949A580F94D4
:102C1000BFB38FE899E00E94F05A609187177091D6
:102C200088178091891790918A174AE00F94D5AE42
:102C30008FE20E94D75A609180177091811780911E
:102C40008217909183174AE00F94D5AE0F94BFB3CB
:102C50000F942F322CE330E040E050E00F942EBC74
:102C6000C9016CE370E00F9484BC8C0190E080E0BB
:102C70000F944BAF8AE30E94D75AC8010F946E534A
:102C800074CE80918A14882329F08AE894E10F9405
:102C9000C0B4BFCF85E794E1FACF8EEF9DE10E94EB
:102CA000175D63CE809112189091131804960F94BB
:102CB0009C625BCECE0101960F94F654882311F4EA
:102CC0000C94D18961E0CE0101960F941081009798
:102CD00011F40C94D18925EEFC0120831C820F9401
:102CE000BF47182F0C94D28988ED9DE10E94F05ABD
:102CF00023968EAD9FAD23970E94E56A8EE20E94D7
:102D0000D75A0F94BFB331CE0F942F322CE330E05B
:102D100040E050E00F942EBC7F936F933F932F932E
:102D200084EC90E29F938F938E010F5F1F4F1F9350
:102D30000F930F94D2BA83EB98E60E94F05AC80121
:102D40000F94C0B4C8010E946BF70FB6F894DEBFB1
:102D50000FBECDBF0ACE83E50E947D40882309F4D3
:102D600004CE0E940F40082F80E50E947D401DE0A8
:102D7000882319F00E940F40182FE8EAF0E284EC53
:102D800090E22491211709F4F0CD31968E179F0718
:102D9000C1F7163081F40093E50361E0812F0E94B2
:102DA00054C3602F812F0E9426C3602F70E0812FB3
:102DB0000E9485C3DACD17FDD8CDEFCF80E10E9408
:102DC0009FCA81EA9DE00F94BBBB3BE0839FC0019B
:102DD000112470E060E0805B924F0F94FDBB82E0B5
:102DE0000E949FCA0F945CA80F943DA8BECD8AE5AF
:102DF0000E947D400E9401CBB8CD8091E4168823CB
:102E000019F1CE0101960F9404638823C1F08981E2
:102E10000E94D75A8EE20E94D75A8A810E94D75ABE
:102E20008EE20E94D75A8B810E94D75A8EE20E946E
:102E3000D75A8C810E94D75A0F94BFB396CD88E899
:102E400090E20E94F05A91CD84E890E20E94175DD2
:102E50008CCD10926C0E89CD80916C0E1F928F9349
:102E600089EF9AE09F938F930F947DBA0F900F9004
:102E70000F900F907ACD80E50E947D40882321F04D
:102E80000E940F408093860282E50E947D40882345
:102E900041F00E9467450F945BBE70938A02609375
:102EA000890281E50E947D40882321F00E940F4025
:102EB0008093850283E50E947D40882341F00E9433
:102EC00067450F945BBE70938E0260938D0283E41E
:102ED0000E947D408823A9F00E9467456B017C0118
:102EE00020E030E0A9010F94D8BD6FEF7FEF1816F6
:102EF00024F4C701B6010F945BBE709388026093FF
:102F0000870284E40E947D408823A9F00E946745DF
:102F10006B017C0120E030E0A9010F94D8BD6FEF78
:102F20007FEF181624F4C701B6010F945BBE7093AF
:102F30008C0260938B02809188028F93809187022C
:102F40008F9380918A028F93809189028F938091D1
:102F50008602282F082E000C330B3F938F938FE9A6
:102F60009AE09F938F9306EA1AE01F930F930F94B2
:102F70007DBA80918C028F9380918B028F93809188
:102F80008E028F9380918D028F9380918502282FDE
:102F9000082E000C330B3F938F9388E99AE09F93A0
:102FA0008F931F930F930F947DBA0FB6F894DEBFE3
:102FB0000FBECDBFDACC80919C03813009F0D5CC17
:102FC00082E080939C030F94E31C609353067093FC
:102FD00054068093550690935606C7CC0F944336FB
:102FE0000E94E94AC2CC0E945A4C8823C1F16091E8
:102FF000660670916706809168069091690628EED2
:1030000033E040E050E00F942EBC122F032FF42E3B
:10301000E52E0F942F322CE330E040E050E00F9487
:103020002EBCB901CA0145E55AE420E63AE49F9373
:103030008F937F936F935F934F93EF92FF920F93D2
:103040001F933F932F9382E89AE09F938F930F945F
:103050007DBA0FB6F894DEBF0FBECDBF86CC83E538
:103060000E947D40882351F00E9467450F945BBE0B
:10307000AB01BC0181EF9FE00F94F1BB84E50E949E
:103080007D40882351F00E9467450F945BBEAB01E1
:10309000BC018DEE9FE00F94F1BB81EF9FE00F9498
:1030A000C3BB162F072FF82EE92E8DEE9FE00F944D
:1030B000C3BB4EE65AE42FE73AE4B9CF8DE993E07B
:1030C0000F94741F83E50E947D40882309F162E21A
:1030D00070E080911218909113180F9412C28C0115
:1030E000892BB1F00F5F1F4F62E270E0C8010F94AF
:1030F00012C2892B69F0EDE4F6E083E0DF011D9256
:103100008A95E9F742E050E0B801CF010F943BC245
:103110008CE89FE00F94BBBB813009F026CC0E9465
:10312000454C882309F421CC0E944F4C882309F494
:103130001CCC8091F404882329F080E69AE00E9458
:10314000175D13CC83E49AE00E94175D0ECC86E2F3
:103150009AE00E94A25D83E50E947D40882309F4E5
:1031600004CC0E9467450F9454BE7093710E609317
:10317000700EFBCB80E890E20E94F05A0E945E5CE9
:103180000E945C5A81E080938510EFCB10926C1402
:103190000C949D8B81E080936A14E7CB82E50E94BA
:1031A0007D4081110C94298B0F94E31C6B017C01F1
:1031B0006091720E7091730E072E000C880B990BA4
:1031C0000F9449B611E02091650E3091660E409142
:1031D000670E5091680E0F946CBF18160CF010E03B
:1031E0001093640EC701B6010F94135F89E298E44F
:1031F0000E9408EE82E08093E1030F94C2B389E855
:1032000093E00F94741FB1CB8DE198E40E9408EE17
:1032100083E08093E10381E00F94C2B383E50E94D1
:103220007D40182F882349F00E9467450F9454BEB3
:103230007093710E6093700E05C082E50E947D4010
:103240008111F2CF0F94E31C6B017C0110926A0E86
:103250006091700E7091710E072E000C880B990B07
:103260000F9449B601E02091F5043091F6044091A5
:10327000F7045091F8040F946CBF18160CF000E09E
:103280000093640E80916A0E81111AC06091700ED5
:103290007091710E072E000C880B990B0F9449B694
:1032A0002091F5043091F6044091F7045091F80410
:1032B000E091640EEE2381F00F946CBF181694F029
:1032C00084E198E40E9408EE84E08093E10389E8B9
:1032D00093E00F94741F49CB0F94D8BD87FFF0CFB4
:1032E0001111EECF8091690E823051F30F94E31CDF
:1032F0006C197D098E099F09693E7340810591050E
:1033000050F080916B0E811102C00E94FE5A0F9402
:10331000E31C6B017C010F94E22B80E00E94886D1E
:1033200080E00E945C53AECF83E50E947D408823FD
:1033300029F00E940F408093E50317CB8FEF809315
:10334000E50313CB1092E50310CB8091E303886073
:103350008093E3030ACB83E50E947D40882399F0A4
:103360000E94674520E030E04AE754E40F9488B6B5
:103370000F945BBE609334027093350280933602E3
:1033800090933702F2CA88E50E947D408823D1F0ED
:103390000F947A3688E50E947D40811128C089E526
:1033A0000E947D40882319F0169A109245078AE5FD
:1033B0000E947D4085E40E947D40882309F4D5CA9F
:1033C000149AD3CA89E50E947D408111E1CF8AE534
:1033D0000E947D408111DCCF85E40E947D408111F7
:1033E000D7CF0F947A36149A0E94A565BECA179A51
:1033F00010924407D4CF83E50E947D40882309F4CE
:10340000B4CA0E94674520E030E04AE754E40F94D4
:1034100088B60F945BBE6093300270933102809344
:103420003202909333028FED95E00F94741F9DCA82
:103430007EEDC72E72E0D72EE2E7EE2EE6E0FE2EFE
:1034400010E0F60181916F010E947D40882309F40C
:1034500065C00E9467452B013C01133009F068C02C
:1034600020E030E040EA51E40F94D8BD87FF4EC021
:10347000A301920160918206709183068091840677
:10348000909185060F94E2BD4B015C01AC019B015C
:103490006091C6067091C7068091C8069091C906D2
:1034A0000F9488B66093C6067093C7068093C806CB
:1034B0009093C90620909A0230909B02A501940136
:1034C000D1011C966D917D918D919C911F970F94C8
:1034D00088B6F101648775878687978760910118A0
:1034E0007091021880910318909104180F9447B6B8
:1034F000A50194010F9488B60F945BBE60930118E8
:1035000070930218809303189093041840928206D7
:10351000509283066092840670928506B4E0EB0EAA
:10352000F11C1F5F143009F08CCF0F942C871DCA3B
:10353000D70114964D925D926D927C921797EECFC3
:103540008EE40E947D40882309F40FCA0E9429401E
:1035500060937D0370937E0380937F039093800339
:1035600004CA83EB98E60E94F05AC0902F02D12C37
:10357000F12CE12C89E790E20E94F05A4AE0C70161
:10358000B6010F94D5AE0F94BFB3EFC985E50E9485
:103590007D40882309F457C0009112181091131828
:1035A0000F5F1F4F10931318009312188091FC03A4
:1035B000882309F4DAC9BE016F5F7F4FC8010E94FA
:1035C0001DDD882309F4D1C983EF9AE3DE0111964A
:1035D000BE01675F7F4FFC01459154912D913D9154
:1035E0004217530710F40C9436B12417350708F42A
:1035F000BCC90296A617B70771F7B7C947E853E1E8
:1036000063E080E00E94A95340E068EE73E082E34B
:1036100090E00F94C04684EF91E00E94337040E048
:1036200068EE73E082E390E00F94C0468EE190E094
:103630000F94BB2D81E00E94A2540E94C85380E0E9
:103640000E945C5392C941E150E060E87CE0CE0109
:1036500001960F94ABBB8BE590E20E94F05A8DE08F
:1036600094E70E94F05A89E590E20E94F05A84E5BE
:1036700090E20E94F05A82E590E20E94F05A88E4BB
:1036800090E20E94F05A8EEE9FE10E94F05A8AEE7C
:103690009FE10E94F05A8BED9FE10E94F05ACE010B
:1036A00001960E94E56A89EC9FE10E94F05A88EC3D
:1036B0009FE10E94175D1F9261E3F62EFF9287EC57
:1036C0009DE19F938F9300E81DE11F930F930F944B
:1036D0007DBA1F92FF9287EB9DE19F938F931F937B
:1036E0000F930F947DBA1F92FF9283EA9DE19F93FF
:1036F0008F931F930F930F947DBA1F92FF9286E9C9
:103700009DE19F938F931F930F930F947DBA1F9208
:10371000FF928BE89DE19F938F931F930F930F94DC
:103720007DBA0FB6F894DEBF0FBECDBF1EC90E9492
:10373000E35B1BC9E0911218F0911318CF010496B6
:103740002481203209F401960E946BF787E0809370
:1037500079070BC900911218109113180B5F1F4FB6
:1037600083E0F12C40E08150E9F0D8019C91292FB1
:103770002B7F2134B9F411962C91213399F4913493
:1037800071F0953409F441E098012E5F3F4F8901B3
:103790002F5F3F4FF80190819032C9F3E4CFFF24AF
:1037A000F394F2CF442321F083EB98E60E94F05A81
:1037B000FF2021F085EC9FE10E94F05AC8010F9490
:1037C000C0B4D3C88DE09AE00E94F05A0F94BFB302
:1037D00085E09AE00E94F05A1E9947C080E09AE086
:1037E0000E94F05A0F94BFB38EEE99E00E94F05AF7
:1037F0008091060182FD3CC080E09AE00E94F05A70
:103800000F94BFB386EE99E00E94F05A1D9933C021
:1038100080E09AE00E94F05A0F94BFB38EED99E0D9
:103820000E94F05A8091060187FD28C080E09AE04E
:103830000E94F05A0F94BFB386ED99E00E94F05AAF
:103840001C991FC080E09AE00E94F05A0F94BFB309
:103850008EEC99E00E94F05A019B16C080E09AE03D
:103860000E94F05A0F94BFB380C886EF99E0B8CF9A
:1038700086EF99E0C3CF86EF99E0CCCF86EF99E051
:10388000D7CF86EF99E0E0CF86EF99E0E9CF0E94AD
:103890004E4B6BC884E50E947D40882369F00E94EE
:1038A0000F40882349F083EB98E60E94F05A87EB9B
:1038B00099E00E94E56A59C884E40E947D4088230B
:1038C00009F453C80E94674520E030E0A9010F9435
:1038D000D8BD811105C0109209070E94834A45C8CE
:1038E0000E9467456B017C0120E030E0A9010F9444
:1038F000D8BD811106C0C12CD12C50EEE52E5FE35E
:10390000F52EC0920A07D0920B07E0920C07F092B6
:103910000D0781E080930907E0CF3EEDC32E32E032
:10392000D32E42E7E42E46E0F42E10E0D6018D912E
:103930006D010E947D40882341F10E9467450F94EC
:103940005BBE12304CF5653CB9E07B078105910503
:1039500040F5562F472F382F292F613CE3E07E0793
:103960008105910520F050EC43E030E020E0D701E4
:1039700094966D937D938D939C939797F701E4555F
:10398000FF4F5083418332832383B4E0EB0EF11C5D
:103990001F5F143059F6C9CD562F472F382F292FC6
:1039A000E6CF50EC43E030E020E064EC79E080E0EA
:1039B00090E0DDCF9EEDA92E92E0B92E22E7C22E37
:1039C00026E0D22E912CF50181915F010E947D406D
:1039D000882371F10E9467457B018C01F1E0F915A4
:1039E000B8F120E030E048E453E40F946CBF1816BF
:1039F00044F15E2C6F2C702E812E20E030E048ECDC
:103A000052E4B701C8010F946CBF181634F1852D2C
:103A1000962DA72DB82DF601848B958BA68BB78B91
:103A2000C701D801E456FF4F80839183A283B383FB
:103A30009394F4E0CF0ED11C24E09212C4CF0C94E6
:103A4000B594512C612CB8E47B2E83E4882ED5CF1D
:103A5000562E6F2C782E812EDACFE12CF12C08EC2B
:103A600012E4D5CF80E50E947D40882351F00E946A
:103A700067456093A6067093A7068093A806909367
:103A8000A90682E50E947D40882351F00E94674587
:103A90006093AA067093AB068093AC069093AD0634
:103AA00084E50E947D40882311F40C94B5940E9413
:103AB0006745609332077093330780933407909380
:103AC00035070C94B59483E50E947D40882351F01E
:103AD0000E9467456093AE067093AF068093B00670
:103AE0009093B10684E50E947D40882351F00E94A6
:103AF00067456093B2067093B3068093B4069093C3
:103B0000B50682E40E947D40882361F00E946745EB
:103B10000F945BBE6093B6067093B7068093B806A9
:103B20009093B90688E50E947D40882391F00E9419
:103B300067456093BE067093BF068093C00690935E
:103B4000C1066093BA067093BB068093BC0690933F
:103B5000BD0689E50E947D40882351F00E9467459B
:103B60006093BE067093BF068093C0069093C10613
:103B70008AE50E947D40882351F00E94674560934A
:103B8000C2067093C3068093C4069093C50685E46D
:103B90000E947D40882311F40C94B5940E946745DF
:103BA0000E94EF646093C6067093C7068093C806B0
:103BB0009093C9060C94B5940EED12E0FAECEF2E3A
:103BC000F6E0FF2EA1EECA2EA2E0DA2ED8018D91EA
:103BD0008D010E947D40882339F00E946745F701DE
:103BE0006083718382839383F4E0EF0EF11CC0162F
:103BF000D10661F70C94B59483E50E947D4088233B
:103C000051F00E946745609301077093020780930B
:103C100003079093040786E40E947D40882311F4F3
:103C20000C94B5940E9467450E94914B60930507E0
:103C30007093060780930707909308070C94B59438
:103C400083E50E947D40882311F40C94B5940E9472
:103C50000F408823C1F08130E1F083EB98E60E94A9
:103C6000F05A84EA99E00E94F05A8091751290917E
:103C7000761285579F4E0E94E56A80EC9FE10E9474
:103C8000175D0C94B5941092F406109243070C94AF
:103C9000B5948093F406109243070C94B594409029
:103CA00036075090370760903807709039070C94AA
:103CB000538C80903A0790903B07A0903C07B090BF
:103CC0003D070C945E8C82E40E947D40182F88236F
:103CD00041F08091390290913A0290932E028093A4
:103CE0002D0283E50E947D40082F882339F00E9431
:103CF0001C4090933A0280933902102F82E50E9473
:103D00007D40882351F080912D0290912E02909356
:103D10003A02809339020C94B59411110C94B59425
:103D200080913A028F93809139028F938AEB9FE1C1
:103D30009F938F930F947DBA0F900F900F900F90D9
:103D40000C94B594809196028F93809195028F93F5
:103D500084EB9FE19F938F930F947DBA0F900F9008
:103D60000F900F900C94B59480E50E947D408823BD
:103D700011F40C94B5940E941C407C0183E50E94D0
:103D80007D400FEF1FEF882319F00E941C408C012B
:103D9000C8010196039710F00C94B594E8EAF0E29C
:103DA0008491082E000C990BE816F90611F40C9476
:103DB000B594319620E2E43CF20791F7F7FE02C099
:103DC0000C94B5940F947A36DE2C60E08E2D0E9410
:103DD00054C30F3F1007B1F00130110511F010E08E
:103DE00000E08D2D0E94FDC28017910711F40C9404
:103DF000B5940F94E22B80E00E94886D80E00E94D1
:103E00005C53EFCF8E2D0E94FDC231E020E0892B64
:103E100009F030E0032F122FE4CF80E50E947D40AF
:103E200008EE13E0882389F00E94674520E030EC1B
:103E30004AE555E40F94D8BD0CEA1DE087FF05C0A4
:103E40000E9467450F945BBE8B0183E50E947D4015
:103E5000882371F00E9467450F945BBE6115710560
:103E600049F4B80190E080E00F94F61A0C94B594F0
:103E700070E060E040E0C8010F94C0460C94B59437
:103E800080E50E947D40882351F00E946745609341
:103E9000E6067093E7068093E8069093E90689E4C6
:103EA0000E947D40882381F00E9467452CEA35EC12
:103EB00047E25EE30F9488B66093EA067093EB06E0
:103EC0008093EC069093ED0684E40E947D40882365
:103ED00081F00E9467452CEA35EC47E25EE30F94DF
:103EE000E2BD6093EE067093EF068093F006909328
:103EF000F1060F945F2E88E895E20E94F05A84EA5A
:103F00009FE10E94F05A6091E6067091E706809169
:103F1000E8069091E90642E00F940CB380EA9FE135
:103F20000E94F05A2CEA35EC47E25EE36091EA0623
:103F30007091EB068091EC069091ED060F94E2BD36
:103F400042E00F940CB38CE99FE10E94F05A2CEAF6
:103F500035EC47E25EE36091EE067091EF068091EA
:103F6000F0069091F1060F9488B60F9420530C94AC
:103F7000B59480910704882311F40C94B59482E4DD
:103F80000E947D40882321F00E940F408093060408
:103F900084E40E947D40882321F00E940F4080939A
:103FA000050483E50E947D40882331F00E940F4084
:103FB000833010F480934F0284E50E947D40882373
:103FC00079F00E941C400F9764F10E941C408538D4
:103FD000934054F50E941C4090934E0280934D02F2
:103FE00080914E028F9380914D028F9380914F026A
:103FF0001F928F93809105041F928F9380910604E6
:104000001F928F9386E89FE19F938F930F947DBAC1
:104010000E94086D0FB6F894DEBF0FBECDBF0C94A2
:10402000B5948FE090E0D8CF84E893E0D5CF83E5D6
:104030000E947D40882341F00E941C4090936C02B6
:1040400080936B020C94B59490E080E0F7CF85E408
:104050000E947D4010E000E0882359F00E941C403F
:104060008C01C12CD12C7CE8E72E72E4F72E97FD51
:1040700006C0C12CD12CE6E1EE2EE3E4FE2E83E552
:104080000E947D40882321F00E9467456B017C01DE
:1040900083E40E947D40882351F00E941C409C01D3
:1040A000A801C701B6010F948C2E0C94B59485E03D
:1040B00090E0F5CF9FEFAB969FAFAB970C94898DB7
:1040C00020E030E040EC5FE7E2962CAF3DAF4EAF32
:1040D0005FAFE2970C94988D80E090E0A0ECBFE792
:1040E0006E968CAF9DAFAEAFBFAF6E970C94B68D92
:1040F00020E030E040EC5FE7A2962CAF3DAF4EAF42
:104100005FAFA2970C94C58D80E090E0A0ECBFE774
:104110006A968CAF9DAFAEAFBFAF6A970C94D48D4B
:1041200020E030E040EC5FE7AA962CAF3DAF4EAF09
:104130005FAFAA970C94E38D3FEFE3963FAFE39711
:104140000C94F98D4FEFE7964FAFE7970C94058EDF
:1041500080E090E0A0ECBFE7A6968CAF9DAFAEAF3D
:10416000BFAFA6970C94148E9FEFEB969FAFEB9783
:104170000C94498E0F9446210C94B594E796FFADAC
:10418000E797F7FD09C081E0E7962FADE79721118A
:1041900001C080E080933D02A7019601C701B601EE
:1041A0000F94F1C0882311F40C94D88E6E962CAD28
:1041B0003DAD4EAD5FAD6E97CA01B9010F94F1C030
:1041C000882311F40C94D88EA2962CAD3DAD4EAD43
:1041D0005FADA297CA01B9010F94F1C0882311F411
:1041E0000C94D88E6A962CAD3DAD4EAD5FAD6A97FE
:1041F000CA01B9010F94F1C0882311F40C94D88E30
:10420000AA962CAD3DAD4EAD5FADAA97CA01B901DE
:104210000F94F1C0882311F40C94D88E17FD02C0BE
:104220000C9455B1A6962CAD3DAD4EAD5FADA697A5
:10423000CA01B9010F94F1C0882311F40C94D88EEF
:10424000A5019401C501B4010F94F1C0882311F4B4
:104250000C94D88EA3019201C301B2010F94F1C056
:10426000882311F40C94D88EAB969FADAB9797FD35
:104270003BC0E2962CAD3DAD4EAD5FADE297CA01BD
:10428000B9010F94F1C081112FC0AB96AFADAB97C0
:10429000A03154F520E030E0A901E2966CAD7DAD8F
:1042A0008EAD9FADE2970F94D8BD1816ECF4CE01F9
:1042B00001960F942425AB96BFADAB9724E0B202D4
:1042C000F0011124ED52FD4EE2968CAD9DADAEADE8
:1042D000BFADE29780839183A283B3830F948E2234
:1042E000CE0101960F941725E3969FADE39797FDB6
:1042F00006C081E0911101C080E00F94C32537FE14
:1043000002C00C94B59411E0EB96AFADEB971A1682
:104310000CF010E081E080933C0280915A0E909165
:104320005B0E891B8F7041F48091690E853079F1A5
:104330000E94AB4C882359F18EE69DE19F938F93A9
:10434000E1E0F0E0EC0FFD1FFF93EF930F94D2BA82
:10435000CE0101960E94F7ED0F900F900F900F90F5
:104360000C94B59420E030E0A901C701B6010F9488
:104370006CBF181614F00C94E68EC092BD12D09249
:10438000BE12E092BF12F092C0120C94E68E83E04F
:10439000809397028091D10382608093D1030F9420
:1043A00044112091C9123091CA124091CB12509100
:1043B000CC126E962CAF3DAF4EAF5FAF6E9780E4E0
:1043C000E3EDF2E1DE01119601900D928A95E1F79D
:1043D0003091240567963FAF6797812F0F94E525AD
:1043E00088E59DE10E94175D2114310419F426EE41
:1043F000222E312C80E00F943C2182E0482E512C5B
:104400009CE3692E9DE1792EAE014F5B5F4F4A011F
:1044100012E31092730E1092720E20E030E048E426
:1044200052E46091650E7091660E8091670E9091D6
:10443000680E0F946CBF87FD58C01F921F9382E2D5
:104440009DE19F938F939F928F920F94D2BAC40154
:104450000E94F7ED0091E5038FEF0F943C210F9040
:104460000F900F900F900F900F90C090650ED0900E
:10447000660EE090670EF090680E20E030E048E4B1
:1044800052E4C701B6010F946CBF87FD27C080912D
:104490002205811123C02091570630915806409182
:1044A000590650915A06609113137091141380911C
:1044B0001513909116130F94E3BC20E030E040EA0E
:1044C00050E40F94E3BC9B01AC01C701B6010F940B
:1044D000D8BD87FD03C00F94102EC7CF802F0F9437
:1044E0003C2180E197E20F943D2E7F926F92E4E1B0
:1044F000FDE1FF93EF939F928F920F94D2BAC40184
:104500000E94F7ED3092730E2092720E0E94FDFF12
:104510005C01809122050F900F900F900F900F90EB
:104520000F9081117AC0A114B10409F476C0609192
:10453000D3127091D4128091D5129091D6129B0112
:10454000AC010F94F1C0882361F080E090E0A8E412
:10455000B2E48093D3129093D412A093D512B09367
:10456000D612C0905706D0905806E0905906F090A9
:104570005A0600E020E030E040EA51E469EC72E1E4
:10458000C5010E9426C19B01AC010F94F1C08111AD
:1045900044C00F941B2E4A94452809F485C080E33B
:1045A00095E70F943D2E3F922F927F926F9247E0B6
:1045B0005DE15F934F939F928F920F94D2BAC401A3
:1045C0000E94F7ED0E94FDFF209122050FB6F8949E
:1045D000DEBF0FBECDBF211120C00097F1F0C0900B
:1045E0005706D0905806E0905906F0905A0620E001
:1045F00030E048E452E463ED72E10E9426C1B5E385
:104600006B2EBDE17B2E44244394512C9B01AC01C5
:104610000F94F1C0882309F4FCCE81E080933C0222
:104620000F949D2280913C02882309F4FDC084E40C
:104630009DE19F938F939F928F920F94D2BAC40162
:104640000E94F7ED809122050F900F900F900F9030
:10465000882319F08FEF0F943C210F9446216E961A
:104660002CAD3DAD4EAD5FAD6E972093C91230932A
:10467000CA124093CB125093CC1280E4FE013196C3
:10468000A3EDB2E101900D928A95E1F767968FADA7
:1046900067970F94C3250E94DA568091D1038D7FCE
:1046A0008093D1030C94B5948FEF0F943C2180E359
:1046B00095E70F943D2EEFE06E2EE3E17E2E1FEF87
:1046C000FFE0AF2EB12C212C312CA0EC4A2EAFE70D
:1046D0005A2EF3012082318242825382812F0F941D
:1046E0003C2180E197E20F943D2EBF92AF9223EFE1
:1046F0003CE13F932F939F928F920F94D2BAC401C3
:104700000E94F7ED0E94FDFF209122050F900F906F
:104710000F900F900F900F9021117FCF009709F409
:104720007CCFC0905706D0905806E0905906F09084
:104730005A062091D3123091D4124091D512509143
:10474000D6120A2DB3010E9426C19B01AC010F9421
:10475000F1C0811162CF54E0A51AB10880E1681A56
:10476000710810549FEFA916B90609F0B2CF6BE09B
:10477000E62E63E1F62E0EE010E07FE0372E8FE0AC
:1047800090E0801B910B83709927892B59F4302E70
:1047900001501109F4E0EF1AF1080115110579F73C
:1047A00080E03CCF8CEF830D87FD80E0082E000C6D
:1047B000990BFC01EE0FFF1FEE0FFF1FED52FD4E98
:1047C0004080518062807380B801681B790B072E8E
:1047D000000C880B990B0F9449B620E030E040E8BC
:1047E0005EE30F9488B65B016C01A32DB4E0AB02CD
:1047F000F0011124ED52FD4EA301920160817181FF
:10480000828193810F94E2BC9B01AC01C601B5018A
:104810000F9488B6A30192010F94E3BCF701608363
:10482000718382839383B4CF88E00E94F4CA8EEBB5
:1048300093E60E9408EE80E00F943C2167968FADCE
:1048400067970F94C3250F94462125CF0F947A368E
:104850000C94B59481E00E94C9570C94B5940E94C1
:10486000F4620C94B5940E94E1650C94B5940E9496
:10487000FF760C94B5940E94C9650C94B5941F936F
:104880000F9383E798E19F938F930F947DBA0F90D6
:104890000F900F900F900C94FE9283EB98E60E947D
:1048A000F05A86E79FE10E94F05A0C94B5940F9459
:1048B0007A3680915E0E811102C00E94134985E410
:1048C0000E947D40812C912CA12C20ECB22E8823BB
:1048D00021F00E9467454B015C018CE40E947D4001
:1048E000C12CD12C7601882321F00E9467456B01F1
:1048F0007C018AE50E947D40412C512C98ED692E67
:1049000091E4792E882331F00E9467452B013C0108
:10491000E89477F888E50E947D40882309F4A5C1D2
:104920000E9467456A966CAF7DAF8EAF9FAF6A9766
:1049300089E50E947D40882309F4A2C10E94674551
:104940006E966CAF7DAF8EAF9FAF6E971A82198255
:10495000FE01339683E1DF011D928A95E9F783E436
:104960000E947D408823F9F062E270E08091121885
:10497000909113180F9412C28C01892BA1F00F5F34
:104980001F4F62E270E0C8010F9412C2009759F005
:10499000801B843108F084E1482F50E0B801CE013B
:1049A00001960F94E4C180919D1310E0813029F4A9
:1049B00081E79FE10F94CD86182F0F947A3686E118
:1049C0000F94C2B31092E5030E944F4C81115FC156
:1049D000A501940160915307709154078091550788
:1049E000909156070F94E3BC60935307709354075C
:1049F000809355079093560760E070E088EE92E44C
:104A00000F943A970F947A3689EC98E50E94175DD7
:104A1000C301B2010E9497526A962CAD3DAD4EADD6
:104A20005FAD6A9720934707309348074093490743
:104A300050934A076E968CAD9DADAEADBFAD6E97EF
:104A400080934B0790934C07A0934D07B0934E076C
:104A500060E070E088E492E40F943A970F947A361D
:104A6000B12CA12C0CEB202E07E1302E84EC882EEB
:104A700087E1982E80919D13813009F00BC10F942E
:104A80002553A82E0E9432560F947A3610928F1713
:104A900010928E1780919D13813009F4C1C184E07A
:104AA0008093970240E060E087E693E10F9404432F
:104AB000082F80E00E94A254013001F50E94C853E3
:104AC00047ED53E162E080E00E94A95380E090E06E
:104AD000A8ECB2E48093470790934807A093490756
:104AE000B0934A0760E070E088E492E40F943A974C
:104AF0000F947A3687E393E10F9495130E94C8537D
:104B000041ED52E160E080E00E94A95361E080E065
:104B10000E9495538981882341F0CE0101960E941D
:104B2000885662E080E00E94955380918E17811133
:104B300004C08EEB92E10E94805384E08093970240
:104B40000E94DF56811110C00F94E22B81E00E9479
:104B5000886D80919117882399F340E068EE73E0A7
:104B600082E390E00F94C04632E030939702CE018A
:104B700001960E94945640E068EE73E082E390E074
:104B80000F94C046111189C1B4E0BB2EB0929702B8
:104B90000E94C85347E053E160E081E00E94A953BE
:104BA00043EF52E161E081E00E94A95341EE52E1FE
:104BB00062E081E00E94A95341EA59E263E081E0AA
:104BC0000E94A9534EE360E080E00E94B5530E942A
:104BD000DA5600E00F94E22B81E00E94886D80910C
:104BE0003B0590913C050097D9F097FF22C1002327
:104BF00009F423C1015048EC57E160E080E00E94D5
:104C0000A9534EE3602F80E00E94B55310923C05FB
:104C100010923B0564E670E080E090E00F94F61A95
:104C20000E94DF568823B1F20E94C8530F944411AA
:104C300042E040939702023009F408C1033009F4BE
:104C4000E4C1013009F01BC180919D13813009F04E
:104C5000F8C00F942553082F0E943256802F0E94CF
:104C6000567080E00E94AE5B91CF20E030E043E5DB
:104C700053E46A962CAF3DAF4EAF5FAF6A9758CE04
:104C80006E961CAE1DAE1EAE1FAE6E975FCE0E941E
:104C90009349BECE84E0809397020F94E31C2B01CE
:104CA0003C0185E992E10F9412130E94DF56082F10
:104CB000811136C0A30192012054384D464F5F4FF9
:104CC0006A962CAF3DAF4EAF5FAF6A970F94E22B61
:104CD00081E00E94886D023009F463C00F9464473C
:104CE00084E090E0013029F10E9433700F94E31CBE
:104CF0006A962CAD3DAD4EAD5FAD6A97261737076E
:104D00004807590790F686E692E10F941213109225
:104D1000730E1092720E0F947A36149A01E0D6CF69
:104D20001092700510927305C701B6010E94E0F859
:104D3000ABCE0E9433700E94DF56882339F28091F7
:104D4000B1059091B2059093730E8093720E8FE02F
:104D50009DE40F94121342E864E080E00E94B55392
:104D60008091730E8F938091720E8F936091650E78
:104D70007091660E8091670E9091680E0F9454BEEC
:104D80007F936F933F922F920E946E5381E80E940F
:104D900084530F900F900F900F900F900F9002E0A0
:104DA00095CF6091720E7091730E072E000C880BD8
:104DB000990B0F9449B62091650E3091660E409183
:104DC000670E5091680E0F94E2BC9F7720E030E0B0
:104DD00040EA50E40F94D8BD87FF09C085E992E10D
:104DE0000F9412130F94E31C2B013C015ECF64E07F
:104DF00081E00E9495536091650E7091660E8091DE
:104E0000670E9091680E0F9454BE7F936F939F929C
:104E10008F920E946E530F900F900F900F9056CF6D
:104E2000111103C08A2D0E945670812F0E94AE5B23
:104E3000A9CE033010F40F5FDECE87E00F94CB4194
:104E4000DACECE0101960E949456A0CE0F947A3607
:104E50000E945D490E94C85349E153E160E080E04F
:104E60000E94A95347ED53E162E080E00E94A953FC
:104E700087E99DE10F9432140F947A3687CE0E9411
:104E8000C85347E253E162E080E00E94A953002347
:104E900019F0033009F07ACEB12C8DE897E10E9429
:104EA0009957B110E7CD81E00E94A2548091B005DE
:104EB0008093E503111127C00E944F4CC090530707
:104EC000D0905407E0905507F0905607882309F4D6
:104ED0009FC020E030E040E85FE3C701B6010F94D7
:104EE000E2BC6093530770935407809355079093E7
:104EF000560760E070E088EE92E40F943A971092C3
:104F0000730E1092720EE0904F07F09050070091D0
:104F10005107109152072091A0023091A1024091B7
:104F2000A2025091A30260919C0270919D02809117
:104F30009E0290919F021F921F921F921F92812C9E
:104F4000912CE8E4AE2EE2E4BE2EF3E5CF2EF7E09E
:104F5000DF2E0F94E5870F947A36E090A402F0904C
:104F6000A5020091A6021091A7022091A002309103
:104F7000A1024091A2025091A30260919C02709103
:104F80009D0280919E0290919F021F921F921F92FC
:104F90001F92812C912CA0E7AA2EA1E4BA2E0F9487
:104FA000E5870F947A3688EA92E00F948B8780E148
:104FB000ECE9F2E0A7E4B7E001900D928A95E1F701
:104FC0000E94F04C80917403909175038093390294
:104FD00090933A029F938F938CE491E79F938F93E2
:104FE0000E948F6B0E944F4C0FB6F894DEBF0FBE2D
:104FF000CDBF882321F18FE19EE20E9408EE10923E
:105000007907109257070C94B594BB24B39445CFFD
:1050100020E030E040EA50E4C701B6010F94E3BC61
:1050200060935307709354078093550790935607E6
:1050300060E070E080E090E40F943A9764CF8EEBEC
:1050400093E60E9408EE82EA92E20E94175DD7CFB3
:105050000E944F4C81110C94B5940F947A360E94A3
:10506000C3620E945C5A0F94EF1C0C94B5940E948A
:105070004F4C882311F40C94B5940C94809560E007
:1050800080E00E9423F80C94B594188683E50E9472
:105090007D408823B1F00E940F40182F8830B0F077
:1050A00082E59FE10E94F05A4AE067E070E080E00C
:1050B00090E00F94D5AE82EF92E00F94C0B40C94C0
:1050C000B59481EA9DE00F94BBBB182F8AE50E943E
:1050D0007D40882309F4D7C00E9467452B013C011D
:1050E00020917E0630917F06409180065091810686
:1050F0000F9488B60F9454BE6B019B012156304F1C
:10510000203A3F4030F08CE39FE10E94175D0C9401
:10511000B5945BE0159F90011124C901805B924F0B
:105120000F94FDBB8CE40E947D40BBE01B9F70018F
:1051300011245701E7EBAE1AE2EFBE0A882309F407
:10514000BEC0E0911218F09113183196BF01819101
:105150008032E1F3882331F047E050E0CE01019640
:105160000F943BC247E050E0B501CE0101960F9489
:10517000CFBB82E40E947D405701FEEAAF1AF2EFF6
:10518000BF0A882309F4A3C00E940F40982E682FFD
:10519000C5010F94DFBB80E50E947D402DEAE21A35
:1051A00022EFF20A882309F497C00E940F40B82E1C
:1051B000682FC7010F94DFBB81E40E947D408823E4
:1051C00009F48FC00E940F40811106C081EA9DE062
:1051D0000F94BBBB18138DC0812F0E94E159082F7B
:1051E000882329F0612F81EA9DE00F94DFBB85E3DE
:1051F0009FE10E94F05A612F70E090E080E00F94F0
:105200004BAF812F0E94E159811104C084E29FE1DC
:105210000E94175D81E29FE10E94F05A44E0C301C1
:10522000B2010F940CB38EE19FE10E94F05AB601D7
:10523000DD0C880B990B0F944BAF8BE19FE10E9423
:10524000F05ACE0101960E94E56A88E19FE10E9432
:10525000F05A692D70E090E080E00F944BAF85E14B
:105260009FE10E94F05A6B2D70E090E080E00F9477
:105270004BAF82E19FE10E94F05A802F90E00F94A3
:105280006E530C94B594ABE01A9FC0011124805B5F
:10529000924F0F94C9BB6C01BC01990F880B990BFD
:1052A0000F9449B620917E0630917F06409180068A
:1052B000509181060F94E2BD2B013C0133CF47E0B2
:1052C00050E0B501CE0101960F94ABBB52CFC501A2
:1052D0000F94BBBB982E5FCFC7010F94BBBBB82EFA
:1052E0006BCF81EA9DE00F94BBBB01E0181709F476
:1052F0007ECF00E07CCFC301B2010F9449B620916C
:1053000098033091990340919A0350919B030F9415
:10531000D8BD87FD02C00C949E940F94E31C6819BD
:1053200079098A099B09693E734081059105C8F096
:105330008CEE9EE10E94F05A60919803709199035F
:1053400080919A0390919B0341E00F940CB38FE2FC
:105350000E94D75AC8010F946E530F94E31C4B015F
:105360005C010F94E22B80E00E94886D80E00E9437
:105370005C530C9485948FE30E947D408823C9F090
:1053800089ED9EE10E94F05A86EA9FE00F94BBBB34
:1053900021E030E0811102C030E020E0C9010F942B
:1053A0006E5382EC9EE10E94175D0E94285B0C9474
:1053B000B59481E20E947D40882349F161E086EA4C
:1053C0009FE00F94DFBB68E070E080EB9FE00F94FC
:1053D000FDBB68E170E082EB9FE00F94FDBB60E3F2
:1053E00070E084EB9FE00F94FDBB60E570E086EB1E
:1053F0009FE00F94FDBB68E770E088EB9FE00F949F
:10540000FDBB81EB9EE10E94175D0C94B5948AE58B
:105410000E947D408823C1F061E086EA9FE00F94FE
:10542000DFBB00EB1FE070E060E0C8010F94FDBB44
:105430000E5F1F4F0A3B4FE01407A9F787EA9EE172
:105440000E94175D0C94B59483E50E947D408823EB
:1054500021F10E941C408C0189E40E947D40882338
:1054600011F40C94B5940E940F40853010F00C9408
:10547000B59490E08852984FB801880F991F0F9407
:10548000FDBB88E895E20E94175D82EC9EE10E94D8
:10549000175D0E94285B0C94B59486E99EE10E94FA
:1054A000175D0C94B5940E94674520E030E040E21F
:1054B00051E40F9488B60F945BBE6C5A633009F4C4
:1054C00094C060F5613009F44BC0623011F00C9467
:1054D000B59480919D13E8EBF7E1813011F0EAEB90
:1054E000F7E10591149180E50E947D40882309F43D
:1054F0006BC00E9429404091FD03442311F40C9499
:10550000B5946017710711F40C94B5946DEE71E1C8
:105510008AE392E10E9470F80C94B594643009F427
:10552000B0C0653011F00C94B59480E50E947D40C8
:10553000882309F425C10E9429404091FB0344239C
:1055400011F40C94B5946230710510F40C94B59478
:105550006EE171E184E691E10E9470F80C94B594DB
:1055600080E50E947D408823A9F00E94674520E0E5
:1055700030E04AE754E40F9488B620E030E040E0A1
:105580005FE30F94E3BC0F945BBECB010E94B8F8BD
:105590000C94B59481E50E947D40882311F40C940D
:1055A000B59485EA9DE00F94C9BBBC0190E080E012
:1055B0000F9447B620E030E04AE754E40F94E2BD90
:1055C0000F9420530C94B59481E50E947D4088236C
:1055D00011F40C94B594B80190E080E04AE00F9487
:1055E000D5AE0F94BFB30C94B59480919D136FEA20
:1055F000E62E67E1F62E813021F05AEAE52E57E1DA
:10560000F52E80E50E947D40882379F162E270E00A
:1056100080911218909113180F9412C28C01892B4B
:10562000D1F00F5F1F4F62E270E0C8010F9412C209
:10563000009789F0D82ED01AC7010F9479B9D812E3
:105640000AC0AC015527B701C8010F949AB9892B3C
:1056500011F40C94B5944091FD036DEE71E18AE371
:1056600092E10E9470F80C94B59481E50E947D400F
:10567000882311F40C94B594C7010E94175D0C9413
:10568000B59480E50E947D40882309F470C0809124
:105690001218909113180196909313188093121872
:1056A0002091FC03222311F40C94B594BE016F5F8A
:1056B0007F4F0E941DDD8AE090E00F94C9BB2981D5
:1056C0003A8112E08217930728F011E02817390772
:1056D00008F410E01295110F110F107C8CE090E08F
:1056E0000F94C9BBAC012B813C8182E04217530768
:1056F00028F081E02417350708F480E050E1859F09
:10570000C0011124180F8EE090E00F94C9BBAC01CA
:105710002D813E8182E04217530728F081E0241753
:10572000350708F480E0A4E08A9FC0011124180F17
:1057300080E190E00F94C9BBAC012F81388592E0E5
:105740004217530728F091E02417350708F490E03A
:10575000190F163510F40C94B5944091FC0369E8C8
:1057600071E189EC91E10E9470F80C94B59481E5A7
:105770000E947D40882311F40C94B5940C94688B9E
:1057800081E50E947D40882311F40C94B59481E05A
:1057900090E00F946E530C94B5948BE40E947D407E
:1057A000C12CD12CE12C40ECF42E882349F10E942D
:1057B00067456B017C0120E030E0A9010F94D8BD62
:1057C00081111EC010920C1810920D1810920E1814
:1057D00010920F180E94546583EB98E60E94F05ACD
:1057E00087E897E10E94F05A60910C1870910D18AB
:1057F00080910E1890910F180F9420530C94B5942B
:105800008091730381111BC020E030E0A901C70122
:10581000B6010F94D8BD87FF05C082E997E10E94C9
:10582000175DDACF20E030E040E251E4C701B60175
:105830000F94D8BD87FF2CC081E00E9454658091F1
:10584000730320E030E0A901813021F5C701B601E2
:105850000F946CBF87FDE1CF20E030E040E251E4DF
:10586000C701B6010F94D8BD87FFD7CF20E030E045
:10587000A901C701B6010F94D8BD87FDCECFC09254
:105880000C18D0920D18E0920E18F0920F18A4CFB9
:1058900082E0D3CFC701B6010F946CBF87FDBDCFA7
:1058A0002FE632E143E05BE3C701B6010F9488B60F
:1058B0002AE037ED43E25CE30F94E2BC6B017C012C
:1058C00020E030E0A9010F94D8BD87FD11C020E091
:1058D00030E040E251E4C701B6010F946CBF1816E6
:1058E0002CF6C12CD12C30E2E32E31E4F32EC7CFBD
:1058F000C12CD12C7601C3CF9EED892E92E0992E3A
:105900000DE512E02CEFA22E24E0B22E712CF40152
:1059100081914F010E947D40882309F445C0F3E046
:105920007F1204C00E9490DD811161C00E94674512
:105930006B017C0120E030E0A9010F94D8BD87FD08
:1059400046C020E030EA40E854E4C701B6010F94B5
:105950006CBF1816A4F120E030E047E054E4C70122
:10596000B6010F946CBF87FD35C020E030E04CE7F6
:1059700052E4C701B6010F9488B620E030EA40E84F
:1059800054E40F94E2BD0F945BBEF62EC8010E9452
:10599000C84C6F2DC8010E94D04C50E040E0D501AA
:1059A0006C91872D0F94B81773940D5F1F4FBFEF45
:1059B000AB1ABB0AE4E07E12AACF0C94B594C12CBA
:1059C00080EAD82E80E8E82E84E4F82ECECFC12CD1
:1059D000D12C760120E030E04CE752E4C701B6015B
:1059E0000F9488B620E034EB40E954E4CACF83EA50
:1059F00097E50E94F05A85E89EE10E94175DD4CF9A
:105A0000A090670280916602811101C0AA0CB12C9E
:105A100086E692E00F94B91A882EC09064028091B5
:105A20006302811101C0CC0CD12C83E692E00F946B
:105A3000B91A982E0091610280916002811101C013
:105A4000000F10E080E692E00F94B91AE82EF09073
:105A50005E0280915D02811101C0FF0C8DE592E034
:105A60000F94B91ABF92AF921F928F92DF92CF928A
:105A70001F929F921F930F931F92EF921F92FF927C
:105A80001F928F9380E599E09F938F930F947DBA37
:105A90000FB6F894DEBF0FBECDBF0C94B59411E0E5
:105AA0008239934009F410E082E50E947D4088230A
:105AB00081F08FEF9FE00F94BBBB182F8091700691
:105AC000811711F40C94B594812F0E943F450C94DA
:105AD000B59480E50E947D40882389F001E08091A3
:105AE0005F0E9091600E8239934009F400E0602FC0
:105AF0008FEF9FE00F94DFBB0093A303DFCF81E51F
:105B00000E947D408823D1F280917006811115C0DA
:105B10008BE79DE29F938F9382E89DE29F938F9303
:105B20008DE79EE19F938F930F947DBA0F900F9016
:105B30000F900F900F900F90C1CF89E69AE2EACFB5
:105B40008EED92E06C969FAF8EAF6C97E2E7EE2EF3
:105B5000E6E0FE2EF8E5CF2EF7E0DF2EACEF2A2EA2
:105B6000A4E03A2EBEE28B2EB7E09B2E67961FAEC6
:105B700067976C96AEADBFAD6C978D916C96BFAFCD
:105B8000AEAF6C970E947D40B82E882309F475C093
:105B90000E9467450F945BBE2B018B016830710535
:105BA00009F457C36031710509F453C381E0003231
:105BB000110509F080E06796BFAD6797B33009F42F
:105BC00053C39201215031092230310508F047C3F7
:105BD0009B2D892B6796EFAD6797E33041F4003436
:105BE000110531F0BB24B3940038110509F0B12C34
:105BF000811103C0BB2009F440C00F947A36D10153
:105C00008C91A12CBB24B39402C0B694A7948A951E
:105C1000E2F7B20167968FAD67970F942318F401EE
:105C20004082A016B10608F040C0C801B5010F942B
:105C300084BC2B01712C612CC3010F9447B69B01CE
:105C4000AC01D70114966D917D918D919C91179720
:105C50000F9488B6F7016483758386839783D60192
:105C60002D913D914D915C91C301B2010F941EBCE9
:105C7000F60160837183828393836796FFAD679794
:105C8000FF5F6796FFAF679724E0E20EF11C34E0F8
:105C9000C30ED11C4FEF241A340A5FEF851A950A00
:105CA000F43009F066CF0C94959AC501B8010F94B1
:105CB00084BC2B01712C612CC3010F9447B69B014E
:105CC000AC01D70114966D917D918D919C911797A0
:105CD0000F94E2BDF7016483758386839783D601B1
:105CE0006D917D918D919C91A30192010F94ACBC1B
:105CF000F6012083318342835383BFCF80E50E9426
:105D00007D40882329F00E940F40182F0C94B293F5
:105D100084E50E947D408111F6CF0C94B19360E040
:105D200070E0CB010C94CB9382E0809379078BE3F6
:105D300092E60E9408EEA7019601609153077091C8
:105D4000540780915507909156070F94E3BC6093D8
:105D5000530770935407809355079093560760E05C
:105D600070E080EA91E40F943A97011106C060E078
:105D700070E08CE092E40E9416530E945D490F94FB
:105D80007A3640E064EF71E082E390E00F94C04621
:105D900080916B0E811105C08091A60381110F9433
:105DA000E24481E00E94A25482E00E945C538EEBA8
:105DB00093E60E9408EE109279070C94E59385E52E
:105DC0000E947D40C12CD12C7601882321F00E94B5
:105DD00067456B017C018AE50E947D408823A1F024
:105DE0000E9467459F770E9497524B015C0180910A
:105DF0009D13813099F40F94E67CC501B40190584D
:105E00000E9497520C94B59460E070E08CE092E4AC
:105E10000E94165360E070E0CB01E5CFC701B601E8
:105E20000E94E0F8EACF81EC92E00E9405450C94D4
:105E3000B59482EC92E00E9405450C94B594809153
:105E40009D13813011F00C94B59481E40E947D4043
:105E5000882311F40C94B594809112189091131822
:105E600040E150E070E060E001960F9446B7862F65
:105E70000E94CCFF0C94B59480919D13813011F059
:105E80000C94B59481E40E947D4010E0882361F079
:105E9000809112189091131840E150E070E060E09A
:105EA00001960F9446B7162F88E50E947D408823FF
:105EB00061F00E941C40112311F40C94B594BC01B4
:105EC000812F0E94B3C20C94B59490E080E0F3CF90
:105ED00060E08CEA9CE00F94DFBB10929D1310925F
:105EE0004B13109230130C942D9461E08CEA9CE0DB
:105EF0000F94DFBB0E9413BF0C942D9480E00E948E
:105F0000ADFF0C9443940F94C09F0C9443948AE289
:105F1000F6CF843509F075C010931318009312184A
:105F200081E08093A2030E940F40182F2091121845
:105F30003091131891E07901E90EF11CD7018C9191
:105F4000803211F0893011F49F5FF5CF082E000CDC
:105F5000990B0F94CFC1F701808390ED980F953086
:105F600058F08F3359F0883749F08336D1F08DE5FA
:105F700097E10E94175D0FC08F3389F480919D13C4
:105F8000813049F490E080E00E94B0BD682FD701D5
:105F90008C910E9462FF1092A2030C948879833640
:105FA00049F480919D138130B1F70F942553682FE8
:105FB00083E6EFCF80919D13813069F40F942553D0
:105FC000181305C08DE697E10F94A4BAE4CF812F92
:105FD0000E945AFCE0CF83EB98E60E94F05A11230E
:105FE00059F084E50E94D75A812F90E0C0960F9413
:105FF0006E538FE399E0BDCF8CE299E00E94F05A96
:10600000CACF843409F0EEC010931318009312180D
:106010000E941C408630910509F479C09CF48230BE
:10602000910509F452C08330910509F461C00196CD
:1060300089F488E199E09F938F930F947DBA0F9034
:106040000F90FFCF8531910509F48DC094F44497EA
:1060500009F469C0809175129091761285579F4E10
:106060009F938F931F9284E48F9389E29BE00C941B
:10607000707B8631910509F49BC08634910551F7F8
:1060800083E50E947D40882311F40C9488790E9456
:106090001C4011E0009709F410E0892B91F0CE012B
:1060A00001960F9424250F94E31C609325067093AA
:1060B00026068093270690932806CE0101960F941A
:1060C0001725109335060C94887943E1C42E49E0D6
:1060D000D42E52E0E52E00E020E032E240E050E035
:1060E00060E072E080E090E00E946D470C94887957
:1060F0002CE0C22E29E0D22E33E0E32E01E020E096
:1061000030E140E050E060E070E0CB01EDCF85E0B1
:10611000C82E89E0D82E96E0E92E03E020E030E09A
:1061200044E050E0F0CF85E40E947D40882329F0D0
:1061300080E00E942BC80C9488790F94E31C6B01BB
:106140007C010E9459C80F94E31CDC01CB018C191F
:106150009D09AE09BF09BF93AF939F938F938CEEB8
:1061600098E00C94707B90E080E00E9477C78111EA
:1061700007C089ED98E09F938F930F947DBA14C068
:1061800081E08093970282EC98E09F938F930F9425
:106190007DBA03E020E033E240E050E060E070EDE3
:1061A00083E090E00F945F630F900F900C948879D8
:1061B00090E080E00E9477C7811103C08FEA98E0E9
:1061C000DACF8CE58CBD1DBC0E94AFC740E050ED1E
:1061D00063E070E080E20E9431C70E9413C781EA49
:1061E00098E0C9CF83EB98E60E94F05A84EA99E0E0
:1061F0000E94F05A809175129091761285579F4EA9
:106200000E94E56A88E79EE10C94E07B2DEC3CEC73
:106210004CEC5DE3C701B6010F946CBF181614F483
:106220000C94457D0C94537EA3019201622D732D35
:106230008E2D9F2D0F94D8BD181614F00C944E86F9
:10624000E5E0CE0ED11CF2E0AF0EB11C84010C943F
:10625000158667962FAD67978B2D233029F091E037
:106260000430110509F4B5CC90E0B3CC87E993E193
:106270000F94121347ED5DE162E080E00E94A953A4
:10628000F80181918F01982F9F7D11F40C94FE9A53
:1062900097EF980F923010F40C94FE9A8D3011F411
:1062A0000C94FE9A0E948453EBCFCE0101960F947A
:1062B00024250C94E68E80910204909103040895A5
:1062C0008150823108F05AC0E82FF0E08827E45965
:1062D000FE448F4F0D94CBBC8CB190B17EB184B194
:1062E00088B1BEB193B199B19DB1A3B1A7B1ABB122
:1062F000B1B1B5B1BEB1B9B1BFB1C3B18091800088
:106300008F77809380000895809180008F7DF9CFF2
:1063100080918000877FF5CF84B58F7784BD089505
:1063200084B58F7DFBCF8091B0008F778093B000D4
:1063300008958091B0008F7DF9CF809190008F7784
:10634000809390000895809190008F7DF9CF809187
:106350009000877FF5CF8091A0008F778093A00079
:1063600008958091A0008F7DF9CF8091A000877F54
:10637000F5CF809120018F7780932001089580913F
:1063800020018F7DF9CF80912001877FF5CF83B1E8
:10639000829581700895CF92DF92EF92FF922091C3
:1063A0000404B0E0A0E0C0906807D0906907E090D6
:1063B0006A07F0906B0720FF42C0C81AD90AEA0AA0
:1063C000FB0AC0926807D0926907E0926A07F092D0
:1063D0006B07CB01B0E0A0E0C0906C07D0906D07D8
:1063E000E0906E07F0906F0721FF36C0C81AD90AF7
:1063F000EA0AFB0AC0926C07D0926D07E0926E0722
:10640000F0926F0770E060E08091700790917107E3
:10641000A0917207B091730722FF2BC0841B950BCC
:10642000A60BB70B8093700790937107A093720728
:10643000B0937307FF90EF90DF90CF9008958C0D8D
:106440009D1DAE1DBF1D8093680790936907A093A3
:106450006A07B0936B07BDCF8C0D9D1DAE1DBF1D90
:1064600080936C0790936D07A0936E07B0936F07AE
:10647000C9CF840F951FA61FB71FD4CFFB01118270
:1064800010826AE0DC012C9120532A30A0F4408174
:106490005181649F9001659F300D112431832083C9
:1064A0004D91CD0120533109240F311D47FD3A95FF
:1064B00031832083E7CF089585E08093690E0D94A2
:1064C000441184E09DE00F94BBBB8A3239F48AE228
:1064D0009DE00F94BBBB91E0813009F090E0892FE3
:1064E000089583E893E20E94175D0D944411809112
:1064F0006C0E813021F482ED92E20C94175D83ECF6
:1065000092E2FBCF8093E5038093AA040D94E22BE3
:106510001F93CF93DF93C82FD62F0E94C8534AE40E
:1065200051E360E080E00E94A9534DED51E3CC239C
:1065300011F04CEC51E361E080E00E94A9538FEF31
:106540000E9482B264EF71E080E090E00F94F61A4E
:1065500041E451E362E081E00E94A9534EE363E02D
:1065600080E00E94B55384E391E30E9480536D2F35
:1065700070E070933C0560933B0584E08093970244
:106580000E94DA56DC2F11E01C2780913B05909188
:106590003C05009719F197FF0BC0D12F4EE362E045
:1065A00080E00E94B55340E263E080E00E94B55372
:1065B00080913B0590913C05181619065CF440E269
:1065C00062E080E00E94B5534EE363E080E00E9409
:1065D000B553DC2F10923C0510923B050F94E22B33
:1065E00081E00E94886D64E670E080E090E00F94A6
:1065F000F61A0E94DF56882341F282E080939702C8
:1066000080E00E94E65880E00E9482B28D2FDF91E8
:10661000CF911F910895CF93DF93C82FD62FC150EC
:1066200098F04DE26D2F82E10E94B55384EF91E026
:106630000E9433704CE76D2F82E10E94B55384EFC6
:1066400091E00E943370EBCF0F94E31C6093A1178D
:106650007093A2178093A3179093A41781E080935F
:106660003A0580913A05882329F084E690E00E945B
:106670003370F7CFDF91CF910C944E4BCF93DF93D4
:106680000F947A36C7E4D7E060917A1370E090E017
:1066900080E00F9449B69B01AC016C857D858E85A9
:1066A0009F850F94E2BC6C877D878E879F8762E011
:1066B00088EE9BE3DF91CF910D94AB640F931F9312
:1066C000CF93DF93982F862F142FE901692F0E9413
:1066D0009553113021F0123079F0CE0115C0CE0162
:1066E0000E9480538AE30E948453802FDF91CF91D0
:1066F0001F910F910C948453CE010E9480538AE322
:106700000E94845381E393E2DF91CF911F910F9117
:106710000C948053DF92EF92FF920F931F93CF93CD
:10672000DF93CDB7DEB763970FB6F894DEBF0FBE29
:10673000CDBF30911C0520911B05321371C07C0127
:1067400080916D02882309F443C08EE291E39F9308
:106750008F9387EA9BE39F938F938E010F5F1F4F69
:106760001F930F930F94D2BAD82E47E050E0B70191
:10677000800F912F911D0F94ABBB0F900F900F9036
:106780000F900F900F9020E0822F8D0D90E027301A
:1067900039F02F5FF801E80FF91F30813111F4CF84
:1067A000F801E80FF91F2DE520838C0F9D1FFC01D8
:1067B00012820F945DAA482F6091190580E00E9413
:1067C000B55362E1C8010E94705680E20E94845372
:1067D00080911A05882321F120911C0580913B05A9
:1067E00090913C0528171906D9F410926E0283E0A7
:1067F0009AE5892B11F00E94035A81E080936E0282
:106800000F9481AA63960FB6F894DEBF0FBECDBF7A
:10681000DF91CF911F910F91FF90EF90DF9008953E
:1068200080911C058F5F80931C05ECCF41E061E0F7
:106830008AE896E30F940443811107C061E086E87B
:1068400096E30E94F16A0F94441181E00E94A254E1
:1068500082E080936D020895CF92DF92EF92FF92D3
:106860000F931F93CF93DF936C017901C42FD0E076
:10687000AE010F949AB9892BB9F4B801C6018C0FF7
:106880009D1F0E943EB2F801208131812E293F29AF
:106890003183208381E0DF91CF911F910F91FF9091
:1068A000EF90DF90CF90089580E0F5CF87EA9CE0ED
:1068B0000F94BBBB61E0823008F4682787EA9CE054
:1068C0000D94DFBBCF93DF93C5E1DDE0FE01E0581F
:1068D000F54D6491CE010F94DFBB2196C9328DE056
:1068E000D807A1F7DF91CF910895CF930E9461B2AD
:1068F000C1E0C8276FEF09F06AE284E09DE00F94E1
:10690000DFBB8C2F880F8270CF910D948F198AEA8C
:106910009DE00F94BBBB65E0833021F061E08530E2
:1069200009F063E08AEA9DE00D94DFBB8BEA9DE00D
:106930000F94BBBB63E0833009F467E08BEA9DE012
:106940000D94DFBB8CEA9DE00F94BBBB61E081112D
:1069500060E08CEA9DE00D94DFBB6091E00381EA8A
:106960009DE00F94DFBB0D9413080F931F93CF93FB
:10697000DF9300D000D01F921F92CDB7DEB78C01FD
:106980008AE090E00F94C9BB9A8389838CE090E001
:106990000F94C9BB9C838B838EE090E00F94C9BB9E
:1069A0009E838D8380E190E00F94C9BB98878F838D
:1069B000C801DE011196BE01675F7F4FFC01259182
:1069C00034914D915D914217530748F024173507D4
:1069D00020F00296A617B70789F780E001C081E092
:1069E00028960FB6F894DEBF0FBECDBFDF91CF91D2
:1069F0001F910F9108958FEF9FE00F94BBBB909173
:106A0000700622E045E952E081111BC06EEA77E38F
:106A1000911102C06BE77DE282E89DE20F9404AD24
:106A200089E69FE00F94BBBB69EF72E6882311F003
:106A30006DEF72E622E045EF50E080E79DE20D94B5
:106A400004AD69EA77E3891302C068E67DE282E873
:106A50009DE20F9404AD22E04DE351E070E060E070
:106A6000ECCF8091A803882321F080916D028823C8
:106A700051F081E08093A80360E08AE29DE00E94EB
:106A8000A9598093A9030F9475AB109219058091B1
:106A90001905843008F06AC010921C058091FF032C
:106AA000811141C083E69DE20F943BAE63E67DEB2E
:106AB0008BE399E20F94EEAD8091FE038C3309F4E1
:106AC00049C0A0F58931E1F18832A1F16DE87AEC95
:106AD00088E198E20F9418AB61EA71E083ED97E2E8
:106AE0000F94EEAD80919D13813031F06BE877EF1C
:106AF0008CE396E30F9418AB8091A903882331F0BF
:106B000067EB75EB8FE296E30F94EEAD0F9449AB14
:106B1000809119058F5F8093190580911B058F5F08
:106B200080931B05B4CF8CEF9AE2BECF8035C1F0C5
:106B30008F3F61F622E041EE52E068E576E305C062
:106B400022E041EE52E06DE576E38AED97E20F94A4
:106B500004ADBCCF22E041EE52E063E576E3F5CF31
:106B600022E041EE52E06EE476E3EFCF08950F9419
:106B700075AB10921905809119058430B8F5109203
:106B80001C0583E69DE20F943BAE8091C3046DEF3C
:106B900072E681FF02C069EF72E622E049EE50E43E
:106BA00087E793E20F9404AD0E9461B269EF72E649
:106BB000882311F06DEF72E622E045E754EB8BE697
:106BC00093E20F9404AD62E674EB88E593E20F94D0
:106BD00018AB0F9449AB809119058F5F809319050D
:106BE00080911B058F5F80931B05C5CF0895CF93C0
:106BF0004CE05BE260E080E00E94A9534AE061E083
:106C000080E00E94B5530F9475AB10921905C2E055
:106C1000809119058430F8F410921C05811102C08E
:106C2000C093190563E572E089E09BE20F9418AB0D
:106C30006CE678EF85E09BE20F9418AB0F9449ABBC
:106C4000809119058F5F8093190580911B058F5FD7
:106C500080931B05DDCFCF9108950F9475AB1092F3
:106C60001905809119058430A8F510921C058BE355
:106C700099E20F943BAE8091E0030E94E159882392
:106C800031F062EB7CEB84E399E20F94EEAD8091FE
:106C9000690E811106C06DEA74EB83E299E20F94EC
:106CA000EEAD65EA7AEB8CE199E20F94EEAD6DEA18
:106CB0007AEC86E199E20F9418AB0F9449AB80917E
:106CC00019058F5F8093190580911B058F5F809355
:106CD0001B05C7CF089587E08093E0030C942DB681
:106CE00086E08093E0030C942DB685E08093E0036A
:106CF0000C942DB684E08093E0030C942DB683E0D1
:106D00008093E0030C942DB682E08093E0030C9412
:106D10002DB681E08093E0030C942DB61092E00331
:106D20000C942DB60E94B46B61E08AE394E60E9455
:106D3000F16A0D944411CF93DF938AED93E00F94A1
:106D4000741F80915C0E811118C080915D0E8111BD
:106D500014C0C0916E0ED0916F0E82E0C53DD80771
:106D600061F081E0C730D80741F08091D1038111F3
:106D700004C080911805882331F082E080936D0271
:106D8000DF91CF91089585EBC133D80749F482E0B4
:106D900080936D028AE29DE0DF91CF910C94D459EB
:106DA00090915A0E80915B0E981304C00E945A4C29
:106DB000882361F00E94954C811110C082E080937D
:106DC0006D0280E0DF91CF910D94CB4181E0C53E13
:106DD000D807E1F460E087E091E014C081E0C53EAF
:106DE000D80759F088ECC13BD80739F088EBC63F8B
:106DF000D80719F0CB53D24009F70E94C85360E07E
:106E000085ED92E0DF91CF910D94E2AC88ECC13B2F
:106E1000D80701F380E0C93DD807E1F284EFC2331F
:106E2000D807C1F287EBCF31D807A1F288EBC83D74
:106E3000D80781F2CB53D24009F0C0CFCBCFCF934C
:106E40008FEF9FE00F94BBBB8093A3030F9475ABB0
:106E500010921905C1E080911905843008F027C10E
:106E600010921C058FE39BE20F943BAE68ED78EB2C
:106E700087E598E20F94EEAD0E94AB4C882321F099
:106E80000E944F4C882361F065ED71E08DE498E23B
:106E90000F94EEAD65EF72E28CE398E20F9491AA45
:106EA00061EE71E080E89AE20F94EEAD8CEA9CE02E
:106EB0000F94BBBB69EF72E6882311F06DEF72E6A9
:106EC00022E04DEC51E08EE796E30F9404AD8CEA9E
:106ED0009CE00F94BBBB882331F069EC7FEF84E723
:106EE00096E30F9418AB80919D13813041F40F9479
:106EF0008E126FEA7CEB8FE298E20F94EEAD0F9466
:106F00004C1280916B0E811102C00E94FBB48091E3
:106F10006B0E8111C5C0C093FF0361E375EB86E280
:106F200098E20F94EEAD66EF7BEB82EA98E20F9465
:106F3000EEAD61EF71E088E098E20F94EEAD20E0F5
:106F400030E040E251E460919803709199038091A0
:106F50009A0390919B030F946CBF87FD11C08FEA39
:106F60009FE00F94BBBB69EF72E6882311F06DEFD1
:106F700072E622E049E351E083E698E20F9404AD23
:106F8000809125056DEF72E6811102C069EF72E60E
:106F900022E047E551E08FEF97E20F9404AD0E94A5
:106FA0004F4C811106C065ED72E085E39AE20F94C3
:106FB000EEAD80916B0E81112AC08091E41622E023
:106FC0004FE952E06DE572E2811102C06BE77DE2AC
:106FD00087EF97E20F9404AD89E09FE00F94BBBB6D
:106FE00022E04BE751E06DEE77E2882361F022E08A
:106FF0004BE751E064EE77E2813029F022E04BE785
:1070000051E063E97DE282EF97E20F9404AD809155
:10701000EB0422E043E052E069E67AE2823051F08C
:1070200062E67AE2833031F065E77AE2813011F48A
:1070300060E77AE28AE79AE20F9404AD8091070450
:10704000882331F062E87BEB87E59AE20F94EEAD9E
:1070500087EA9CE00F94BBBB69E07BE2882311F0D8
:1070600065E07BE222E046E554EB80E592E20F9496
:1070700004AD80916B0E882331F066E174EB82E6FB
:1070800096E30F9418AB0F9449AB809119058F5F6D
:107090008093190580911B058F5F80931B05DBCEC4
:1070A0006DE87AEC88E198E20F9418AB3CCFCF9171
:1070B00008950F9475AB10921905809119058430CD
:1070C00008F075C010921C058FE39BE20F943BAE55
:1070D00069E171E081EE98E20F9418AB8091690E3E
:1070E000811106C06FEE70E083E299E20F94EEAD7D
:1070F0006FE973E285E296E30F9491AA69E27DEE6F
:1071000087ED98E20F9418AB69E27FEF8EEC98E27E
:107110000F9418AB63EF71E080EC98E20F9418AB1A
:1071200069E571E084EB98E20F9418AB6DEE70E0C6
:1071300082EA98E20F94EEAD65E771E080E998E2AB
:107140000F94EEAD61E471E080E898E20F94EEAD4B
:1071500062E876E38EE698E20F9491AA20E030E0B0
:1071600040E251E4609198037091990380919A03F1
:1071700090919B030F946CBF87FD06C06FE171E097
:1071800083E698E20F9418AB6CE572EB86E692E228
:107190000F9418AB0F9449AB809119058F5F8093C2
:1071A000190580911B058F5F80931B0586CF08957D
:1071B0000F9475AB10921905809119058430A8F4CD
:1071C00010921C058CEF9AE20F943BAE0F945B1269
:1071D0000F9449AB809119058F5F809319058091B9
:1071E0001B058F5F80931B05E7CF0895EF92FF92F9
:1071F0000F931F9380919502909196022091B50371
:1072000021118FC021E02093B5039093B7038093A1
:10721000B6038FEF9FE00F94BBBB8093A3030F9443
:1072200075AB1092190580911905843008F088C05B
:1072300010921C050F941DAA81110E94AD498FE385
:107240009BE20F943BAEF12CE12C07EE13E02AE019
:1072500030E040E169E372E081EA9AE20F94C5AB65
:107260000F945B122AE030E040E165E972E08CE9BE
:107270009AE20F94C5AB80916B0E811106C06FE24C
:1072800077EF8CE89AE20F9418AB0E944F4C88235A
:1072900031F06DE976E385E296E30F9491AA61EE11
:1072A00071E080E89AE20F94EEAD80919D138130F9
:1072B00011F40F948E120F944C1280916B0E811169
:1072C00002C00E94FBB48091EB0422E043E052E054
:1072D00069E67AE2823051F062E67AE2833031F098
:1072E00065E77AE2813011F460E77AE28AE79AE2B0
:1072F0000F9404AD80910704882331F062E87BEBA2
:1073000087E59AE20F94EEAD0F9449AB8091190591
:107310008F5F8093190580911B058F5F80931B05FC
:1073200082CF2091B6033091B7032817390709F4AB
:1073300070CF9093B7038093B6030E94834A69CFBE
:107340001F910F91FF90EF900895BF92CF92DF921F
:10735000EF92FF920F931F93CF93DF93C82FF62ED8
:10736000E42EB22E680180E00E94A254DCE7FE14F5
:1073700008F0DDE2BB20E9F00E94C853C1111CC037
:107380008AE491E30E94805388EF8C0F823068F585
:1073900087EF9CE20E9480538AED9CE2CC3049F159
:1073A00083E591E3CD3029F1CE3029F589EC9CE2DB
:1073B00020C00E94C153E2CFC13011F3C23001F3AB
:1073C00084E49DE2C330F1F284E39DE2C430D1F263
:1073D00084E29DE2C530B1F284E19DE2C63091F2D3
:1073E000C73091F687E09DE2CDCFCA3059F586EEE1
:1073F0009CE20E94805340E857E361E080E00E94F5
:10740000A953C33040F54DEB5CE262E080E00E949E
:10741000A95362E082E10E949553C11117C08D2FDC
:107420000E94845342EB5CE263E080E00E94A95337
:1074300063E082E10E949553C23001F18D2F0E94DA
:10744000845320C0CB3009F0A7CFD1CF81E393E2A2
:107450000E948053E7CF86EF8C0F823068F546E8B4
:1074600051E362E080E00E94A9538AE30E948453C2
:1074700062E082E10E949553CA3001F381E393E216
:107480000E948053C114D10419F0C6010E943370C8
:1074900081E08F0D4E2D50E0440F551F84171506C7
:1074A0000CF080E0DF91CF911F910F91FF90EF9052
:1074B000DF90CF90BF900895CA3020F741E0C430EC
:1074C00021F042E0C33009F440E00D2F2EE737E30E
:1074D00062E082E00E945EB341E0C53021F042E00C
:1074E000C53008F440E00D2F2CE737E368E082E078
:1074F0000E945EB341E0C63021F042E0C63008F49D
:1075000040E00D2F2AE737E36EE082E00E945EB391
:1075100041E0C73021F042E0C73008F440E00D2FD1
:1075200026E737E360E083E00E945EB341E0C830C5
:1075300021F042E0C83008F440E00D2F2FE637E399
:1075400069E083E00E945EB39DCFCF93DF9380918B
:10755000A803811118C06091E0038BE0689FB0011F
:107560001124675B724F47E050E08AEA93E00F9482
:10757000ABBB8091AA0390E090933C0580933B05C0
:1075800081E08093A80380913B0590913C05809712
:1075900034F480E290E090933C0580933B05809129
:1075A0003B0590913C058F3F910539F034F08FEF0A
:1075B00090E090933C0580933B05E091A903F0E0B7
:1075C000E855FC4F80913B0582830E94C153CAEA73
:1075D000D3E089910E94845383E0C13BD807C9F767
:1075E0004EE561E08091A9030E94B5538091A90303
:1075F000882329F040E261E081500E94B5530E9447
:10760000DF56882399F0E091A9038E2F90E0019630
:10761000079778F4EF5FE093A903F0E0E855FC4F9B
:10762000828190E090933C0580933B05DF91CF9160
:1076300008956091E0038BE0689FB0011124675BBF
:10764000724F47E050E08AEA93E00F94CFBBDF919E
:10765000CF910D9438AECF93DF9394E0899FE001F2
:107660001124C95BD84F20E030E040E251E468814A
:1076700079818A819B810F94E3BC688379838A83B3
:107680009B8360E070E084E392E40F943A970F9458
:107690007A36DF91CF910D947E190F94C2591092D2
:1076A000A40310923C0510923B050D9497AB80917A
:1076B00013168823F9F081508093131693E2E1E4C6
:1076C000F5E1AEE1B5E101900D929A95E1F721E483
:1076D00035E190E0981760F443E2F901B396D901DF
:1076E00001900D924A95E1F79F5F2D5D3F4FF2CFDC
:1076F0000F94C2591092A40310923C0510923B05BE
:107700000D9497ABEF92FF920F931F930F9475AB6D
:107710001092190580911905843008F052C010921A
:107720001C050F941DAA81110E94086D83E69DE23D
:107730000F943BAE2091050430E0F12CE12C0FEFCB
:1077400010E048E066E074E08FEE9AE20F94C5AB7B
:107750000091060410E030E020E048E065E074E0CD
:1077600082EE9AE20F94C5AB80914F026EEC7AE202
:10777000813031F065ED7AE2811102C06AEC7AE283
:1077800022E046EE5BEB82E89DE20F9404ADF12C23
:10779000E12C04E813E02FE030E040E16DE472E01A
:1077A0008AED9AE20F94C5AB0F9449AB809119050D
:1077B0008F5F8093190580911B058F5F80931B0558
:1077C000A9CF1F910F91FF90EF90089580914F02E4
:1077D000882331F0813041F410924F020C94086DEF
:1077E00082E080934F02FACF81E0FBCFDF92EF92ED
:1077F000FF920F931F93CF93DF9300D01F92CDB7CB
:10780000DEB78CEA9DE00F94BBBBE82E8BEA9DE0CF
:107810000F94BBBB182F8AEA9DE00F94BBBB082FC7
:107820000F9475AB1092190580E3F82EF10E98E7CE
:10783000D92E005D80911905843008F047C0109260
:107840001C050F941DAA882329F0173019F481E034
:107850000F94D7448CEF9AE20F943BAEF982DA8210
:10786000FB821C8220E046E954EBBE016F5F7F4F34
:1078700085EC9AE20F9404AD09831A8220E047E870
:1078800054EBBE016F5F7F4F89EB9AE20F9404AD1A
:1078900067EA7AE2173031F469EF72E6EE2011F010
:1078A0006DEF72E622E042EA54EB8BEA9AE20F9423
:1078B00004AD0F9449AB909119059F5F9093190502
:1078C00090911B059F5F90931B05B4CF0F900F9075
:1078D0000F900F90DF91CF911F910F91FF90EF903C
:1078E000DF900895CF930F9475AB10921905809196
:1078F0001905843030F510921C058FE39BE20F943C
:107900003BAE62E57DEB88EE98E20F9418ABC0E0E9
:1079100061E36C0F2C2F41E65DEB83E999E20F9454
:10792000C1AACF5FC530A1F70F9449AB809119056B
:107930008F5F8093190580911B058F5F80931B05D6
:10794000D6CFCF91089584E00D94254685E00D941F
:10795000254686E00D94254687E00D94254688E06F
:107960000D9425466091E00381EA9DE00F94DFBB12
:1079700083E00D941CAECF930F9475AB1092190554
:1079800080911905843058F510921C050F941DAA9A
:1079900081110F9456148FE39BE20F943BAE64E980
:1079A0007CEF88EE98E20F9418ABC0E061E36C0FB7
:1079B0002C2F45EA5CEF83E999E20F94C1AACF5FCF
:1079C000C530A1F70F9449AB809119058F5F809363
:1079D000190580911B058F5F80931B05D1CFCF9137
:1079E0000895EF92FF920F931F93CF938C017B0129
:1079F0000F9475AB1092190580911905843018F514
:107A000010921C050F941DAA81110F9456148FE338
:107A10009BE20F943BAEC0E061E36C0F2C2FA701FB
:107A2000C8010F94C1AACF5FC530B1F70F9449AB1D
:107A3000809119058F5F8093190580911B058F5FD9
:107A400080931B05D9CFCF911F910F91FF90EF909D
:107A500008956BE37DEB8FE192E60C94F1BC67E453
:107A60007DEB8CE292E60C94F1BC6BE97FEF83E94D
:107A700099E20C94F1BCCF93C82F0F94D46488235F
:107A800021F08C2FCF910D94BA7DCF910895CF9393
:107A9000C82F0F9438AE61E08C2F0F943F7DCF91AB
:107AA0000D94561480E00F94FE7C81E00F94FE7CD0
:107AB00082E00F94FE7C83E00F94FE7C84E00D94C2
:107AC000FE7C0D94FE7C0F9475AB1092190580918D
:107AD0001905843008F043C010921C0586E298E234
:107AE0000F943BAE6EE876EB89E49DE00F949EAD7B
:107AF00069E876EB84E59DE00F949EAD64E876EB53
:107B00008FE59DE00F949EAD6FE776EB8AE69DE0F2
:107B10000F949EAD6AE776EB85E79DE00F949EADEE
:107B200065E776EB80E89DE00F949EAD60E776EB2D
:107B30008BE89DE00F949EAD6BE676EB86E99DE0C9
:107B40000F949EAD0F9449AB809119058F5F809380
:107B5000190580911B058F5F80931B05B8CF089591
:107B60004F925F926F927F92AF92BF92CF92DF92CD
:107B7000EF92FF920F931F93CF93DF936C0180914D
:107B80009D13C114D10429F0D6E0813029F0D5E04D
:107B900003C0D4E08130D9F30E94C85384E08093BD
:107BA0009702C1E000E08D2F8350990B7C010F9468
:107BB000E22B81E00E94886D80913B0590913C050D
:107BC000009709F497C097FF82C0C15010923C05FE
:107BD00010923B05C4300CF480C0802F002E000CA6
:107BE000990B8E159F050CF074C00F5F0E94C8534F
:107BF000C3E04BE652E360E080E00E94A953A02E70
:107C0000002E000CBB08C114D10421F012E0AE1408
:107C1000BF0409F013E0D0E0DF5F4BE855E26D2FC1
:107C200081E00E94A9531D13F7CF402E002E000CB7
:107C30005508660877089FEF491A590A690A790AB0
:107C400010E01F5F612F8AE00E949553C301B201CB
:107C50000E9416568FEF481A580A680A780AD113FC
:107C6000F0CFC114D10441F0AE14BF0429F4A60131
:107C700063E081E00E94A95348EF5BE361E080E0AC
:107C80000E94A9534EE36C2F80E00E94B55364E636
:107C900070E080E090E00F94F61A0E94DF5688238F
:107CA00009F485CF82E0809397028FEF8C0F800FCD
:107CB000DF91CF911F910F91FF90EF90DF90CF90C8
:107CC000BF90AF907F906F905F904F900895CF5F7F
:107CD0007DCF87E00F94CB418BCFC1118ACF101697
:107CE0002CF401500E94C853C1E083CF87E00F9469
:107CF000CB41FACFC4300CF070CF7BCF4F925F9264
:107D00006F927F92AF92BF92CF92DF92EF92FF92EB
:107D10000F931F93CF93DF9324E030E041E050E0D6
:107D2000D901A257B94DFD01659174918617970746
:107D30000CF066C041505109440F551F440F551FA8
:107D4000EA01C057D94DFE01059114914257594D92
:107D5000FA0165917491F901E057F94DE590F490BD
:107D6000FE01C590D490FD01C591D491FA01A59072
:107D7000B490861B970BBC01990F880B990B0F943D
:107D800049B62B013C01B7016C197D09072E000C87
:107D9000880B990B0F9449B69B01AC01C301B2014A
:107DA0000F9488B66B017C01BE016A197B09072E0E
:107DB000000C880B990B0F9449B69B01AC01C701CD
:107DC000B6010F94E2BD6B017C01B801110F880B65
:107DD000990B0F9449B69B01AC01C701B6010F94F2
:107DE000E3BCDF91CF911F910F91FF90EF90DF9057
:107DF000CF90BF90AF907F906F905F904F9008951D
:107E00004F5F5F4F2C5F3F4F2038310509F088CF1F
:107E1000ECE0F7E265917491072E000C880B990B4A
:107E20000F9449B6DECF1F93CF93DF93E1E0F1E0EB
:107E300080818E7F8083E2E0F1E0808181608083B9
:107E4000E6E2F5E090E1908311821282E0EDF0E04D
:107E50008081826080839093D400E1EDF0E088E13E
:107E60008083808180688083E7E7F2E187EB91E09F
:107E70009187808783E891E09387828713E013835B
:107E8000158614869FB7F894E5E0F1E08081806262
:107E900080839FBFE4E0F1E08081806280830F9463
:107EA000C09F83E60F94536485ED94E60E94175DAE
:107EB000CEE2D3E11093821386E598E60E94175D27
:107EC0008AE08C8B82E080939D1381E08D8F8A8382
:107ED0001CA286E08C8380E0DF91CF911F910D94EE
:107EE000267522E02093C0001092C50090E1909387
:107EF000C4008091C10080618093C1008091C10065
:107F000088608093C1008091C10080688093C10027
:107F1000809125058130A9F42093C8001092CD00EE
:107F20009093CC008091C90080618093C9008091BA
:107F3000C90088608093C9008091C90080688093DF
:107F4000C90008952F923F924F925F926F927F9255
:107F50008F929F92AF92BF92CF92DF92EF92FF9259
:107F60000F931F93CF93DF9300D000D01F92CDB714
:107F7000DEB7698349015A012701682F70E090E05C
:107F800080E00F9449B624E032E041E05CE30F94D6
:107F900088B62091BD123091BE124091BF1250910F
:107FA000C0120F9488B66B017C012091C1123091F0
:107FB000C2124091C3125091C412C501B4010F9472
:107FC00088B62091C5123091C6124091C7125091C7
:107FD000C8120F94E3BCA70196010F9488B66B01F9
:107FE0007C0120911313309114134091151350917B
:107FF0001613C801B2010F94E3BC9B01AC01C5018B
:10800000B4010F94E2BC398124E0329FF0011124C5
:10801000ED52FD4E20813181428153810F94E2BDAA
:108020009B01AC01C701B6010F94E2BC2091201363
:108030003091211340912213509123130F9488B64D
:108040006F837983182F092F2091B412E22FF0E06B
:108050008091B3128150990BE817F90709F4F4C025
:108060002F5F2E835E8144E0549F10011124D101C3
:10807000AD56BD4E2D913D914D915C912A833B8330
:108080004C835D83EE0FFF1FEE0FFF1FED56FD4E7D
:108090004080518062807380C090CD12D090CE120B
:1080A000E090CF12F090D0129201A301B201C3016F
:1080B0000F94F1C0882321F04F805980612E702EDB
:1080C000A1014D565D4E1A01A701960160E070E0D6
:1080D00080E89FE30F94E2BC9201A3010F9488B65D
:1080E0002B013C01A70196016F817981812F902F8F
:1080F0000F9488B69B01AC01C301B2010F94E3BC9D
:10810000F1016083718382839383FE81F093B412C3
:108110002091B9123091BA124091BB125091BC1209
:10812000C501B4010F94E2BC2A813B814C815D8181
:108130000F94E2BC2B013C01C090B512D090B61256
:10814000E090B712F090B812A7019601C701B601EE
:108150000F94F1C0882319F0C12CD12C760123E3B0
:1081600033E343E75FE3C701B6010F9488B66B01C1
:108170007C012DEC3CEC4CE45DE3C301B2010F94B7
:1081800088B69B01AC01C701B6010F94E3BC809295
:10819000B9129092BA12A092BB12B092BC12609324
:1081A000B5127093B6128093B7129093B8126B0108
:1081B0007C01E894F7F821E029832091281330917D
:1081C000291340912A1350912B13C701B6010F9424
:1081D0006CBF18160CF0198280911F13398130FB87
:1081E00081F980931F1341E049832091241330913A
:1081F00025134091261350912713C701B6010F9400
:108200006CBF18160CF0198280911F13598150FB16
:1082100082F980931F1327960FB6F894DEBF0FBE26
:10822000CDBFDF91CF911F910F91FF90EF90DF9025
:10823000CF90BF90AF909F908F907F906F905F9006
:108240004F903F902F9008951E820CCF2F923F9217
:108250004F925F926F927F928F929F92AF92BF9256
:10826000CF92DF92EF92FF920F931F93CF93DF9302
:10827000CDB7DEB7A4970FB6F894DEBF0FBECDBF63
:108280009B8F8A8F7A8B698B2B8B3C8B4D8B5E8B74
:108290000C8FCD8EDE8EEF8EF8A220912405298FD3
:1082A00080E00F94E525A989BA898D919D910D9063
:1082B000BC91A02D89A39AA3ABA3BCA380E090E0BE
:1082C000A0EAB0E489839A83AB83BC838B899C89C1
:1082D000AD89BE898D839E83AF83B88720E030E06F
:1082E00040EA50E4BC01CD010F94E2BC2AE737E339
:1082F0004EE15FE30F9488B66B017C0120E030E033
:1083000040EA50E40F94E3BC69877A878B879C87A7
:10831000A70196016B897C898D899E890F94E2BCA7
:108320006D877E878F87988B312C212C29853A8504
:108330004B855C85CD8CDE8CEF8CF8A00C8D69892B
:108340007A898A8D9B8D0F9432204B015C012D859B
:108350003E854F855889CD8CDE8CEF8CF8A00C8D36
:1083600069897A898A8D9B8D0F9432209B01AC019B
:1083700011E0C501B4010F946CBF18160CF010E0A9
:1083800001E00127802F90E0E12FF0E0EE0FFF1FCA
:10839000EE0FFF1F41E050E04C0F5D1F4E0F5F1FBF
:1083A0008C01000F111F000F111FA1E0B0E0AC0FF6
:1083B000BD1F0A0F1B1FF8013896F88FEF8BF801CD
:1083C00080859185A285B385FA0180839183A283FC
:1083D000B3838D809E80AF80B884C980DA80EB80C3
:1083E000FC80A7019601C501B4010F94E2BC2AE705
:1083F00037E34EE15FE30F9488B62B013C01AC01FB
:108400009B01C701B6010F94E3BC69877A878B870C
:108410009C87A3019201C501B4010F94E2BC6D8752
:108420007E878F87988BD80118964C90EF89F88DAE
:10843000518062807380A5019401C701B6010F9439
:10844000E2BC242D352D462D572D0F94E2BD9F778C
:108450002CE031E943EC5EE30F9488B66B017C01BC
:108460005B018C01FF928F93DF926F937F926F92EB
:108470005F924F923F922F922EEC3BE33F932F93CC
:108480000F947DBA0FB6F894DEBF0FBECDBF2AE0C1
:1084900037ED43E25CE36C2D7D2D8E2D9F2D0F94E7
:1084A000D8BD87FF42C020E030E040EA50E4642DB0
:1084B000752D862D972D0F94D8BD8823F1F1242D8D
:1084C000352D462D572D6B897C898D899E890F947A
:1084D000D8BD882391F1842D952DA62DB72DE9893E
:1084E000FA8980839183A283B383898D0F94E525D4
:1084F0006A2D7B2D802F912FA4960FB6F894DEBFA6
:108500000FBECDBFDF91CF911F910F91FF90EF90E4
:10851000DF90CF90BF90AF909F908F907F906F90A3
:108520005F904F903F902F900895FFEF2F1A3F0AD2
:108530002EE12216310409F0F9CE8FEA9BE30E9466
:10854000175D89A19AA1ABA1BCA1E989FA898083B1
:108550009183A283B383898D0F94E525A12CB12C3F
:1085600000EC1FE7C5CFEF92FF920F931F93CF93BD
:10857000DF9300D01F921F92CDB7DEB7082F162FC2
:10858000F72E0F94D4648823D9F00B3029F10431ED
:1085900031F187E5E82EE9820A831B83FC82CE0154
:1085A00001960F948F9F8D8347E5502F612F7F2D6C
:1085B0000F94FC7460E080E00F941B7C882359F3D7
:1085C0000F900F900F900F900F90DF91CF911F9110
:1085D0000F91FF90EF90089510937A13DACF1093D4
:1085E0007B13D7CF8230910538F0880F991F880F01
:1085F000991F05970197F1F70895CF93DF93282FDF
:1086000030E0F901E552F64C8491F901EB57F64C54
:10861000D491F901E15DF64CC491CC23A1F0811114
:108620000E9460B1EC2FF0E0EE0FFF1FEB5EF64C06
:10863000A591B491EC91ED2381E090E009F480E004
:10864000DF91CF91089580E090E0FACF1F93CF9310
:10865000DF93282F30E0F901E552F64C8491F901BF
:10866000EB57F64CD491F901E15DF64CC491CC2363
:10867000A9F0162F81110E9460B1EC2FF0E0EE0FEF
:10868000FF1FE550F74CA591B4918FB7F894EC918A
:10869000111108C0D095DE23DC938FBFDF91CF91FD
:1086A0001F910895DE2BF8CFCF93DF9390E0FC016C
:1086B000EB57F64C2491815D964CFC018491882304
:1086C000D1F090E0880F991FFC01EF51F74CA59174
:1086D000B491FC01E550F74CC591D49161110EC0E5
:1086E0009FB7F8948C91E22FE0958E238C9328818C
:1086F000E223E8839FBFDF91CF9108958FB7F8946D
:10870000EC91E22BEC938FBFF6CF1F93CF93DF93C7
:10871000182FEB0161E00E9454C3209739F460E008
:10872000812FDF91CF911F910C9426C3CF3FD105AC
:1087300011F461E0F5CFE12FF0E0E552F64CE49161
:10874000E150E23108F0B3C0F0E08827E555FC4382
:108750008F4F0D94CBBCBDC3C5C3CAC3D4C3DEC346
:1087600057C4E8C3F0C3F8C302C40CC416C425C47C
:108770002FC457C439C443C44DC484B5806884BD74
:10878000C7BDDF91CF911F91089584B5806284BDEC
:10879000C8BDF7CF80918000806880938000D0931F
:1087A0008900C0938800EDCF809180008062809323
:1087B0008000D0938B00C0938A00E3CF809180002B
:1087C000886080938000D0938D00C0938C00D9CFB7
:1087D0008091B00080688093B000C093B300D1CF87
:1087E0008091B00080628093B000C093B400C9CF84
:1087F00080919000806880939000D0939900C093FE
:108800009800BFCF80919000806280939000D093B9
:108810009B00C0939A00B5CF8091900088608093B0
:108820009000D0939D00C0939C00ABCF8091A0009E
:1088300080688093A0008091A0008F7B8093A0002F
:10884000D093A900C093A8009CCF8091A000806223
:108850008093A000D093AB00C093AA0092CF8091E8
:10886000A00088608093A000D093AD00C093AC00BE
:1088700088CF80912001806880932001D0932901C6
:10888000C09328017ECF80912001806280932001D7
:10889000D0932B01C0932A0174CF8091200188606E
:1088A00080932001D0932D01C0932C016ACFC03852
:1088B000D1050CF03ECF33CF4F925F926F927F92F3
:1088C0008F929F92AF92BF92CF92DF92EF92FF92E0
:1088D0000F931F93CF93DF9386B9FA01E080F18065
:1088E00016161706B4F4E216F30699F4C701DF91E1
:1088F000CF911F910F91FF90EF90DF90CF90BF909D
:10890000AF909F908F907F906F905F904F900C945E
:10891000F2C289016A01EB01B70190E080E00F9497
:1089200047B62DEB37E346E855E30F9488B64B0185
:108930005C01BE010D2E000C880B990B0F9449B6FB
:10894000A50194010F9488B62B013C01A501940167
:108950006AE077ED83E29CE30F94E2BD9B01AC01FA
:10896000C301B2010F94E3BC4B015C012AE037ED77
:1089700043E25EE30F94D8BD1816DCF5A50194011F
:108980006AE077ED83E29CE30F94E2BD20E034E2FD
:1089900044E759E40F9488B620E030E040E05FE31C
:1089A0000F94E3BC0F945BBE5B016017710708F482
:1089B0005801EA14FB0431F4209721F0FCF0F1E0B7
:1089C000AF1AB108C5010E94F2C2F601B182A082BD
:1089D000DF91CF911F910F91FF90EF90DF90CF909B
:1089E000BF90AF909F908F907F906F905F904F90CF
:1089F000089580E1A82E87E2B82EDBCF8FEFA81A6A
:108A0000B80AE0CF2F923F924F925F926F927F927F
:108A10008F929F92AF92BF92CF92DF92EF92FF928E
:108A20000F931F93CF93DF9300D0CDB7DEB7F9013B
:108A3000E080F180E114F10409F46BC0161617060A
:108A40000CF067C019015B834A836B018983FA01CB
:108A500000811181B80190E080E00F9447B64B018E
:108A60005C01B6010D2C000C880B990B0F9449B6D4
:108A70002B013C01A5019401C501B4010F9488B6F6
:108A80009B01AC01C301B2010F9488B69B01AC01FC
:108A90006AE077ED83EA9BE30F94E2BD20E030E0EB
:108AA00040E05FE30F94E3BC0F945BBE6E157F055F
:108AB00028F5F981F6B9EA81FB81808191810E94D4
:108AC000F2C2F1018081918101979183808381E0DD
:108AD0000F900F900F90DF91CF911F910F91FF900A
:108AE000EF90DF90CF90BF90AF909F908F907F904E
:108AF0006F905F904F903F902F9008956627772753
:108B00006C197D0998014A815B8189810E945CC44E
:108B1000D8CF80E0DDCF0F931F93CF93DF93182F33
:108B2000062FD1E0C0E0812F8D2329F0602F6D2327
:108B30008C2F0F949647CF5FDD0FC330A1F7DF91E5
:108B4000CF911F910F9108958F929F92AF92BF92F4
:108B5000CF92DF92EF92FF9230E020E091E0482F39
:108B6000492319F1A901440F551F440F551FFA015C
:108B7000E859F84FC080D180E280F380762F7923C6
:108B8000812C912C54018394772321F088248A949A
:108B9000982C5401C80CD91CEA1CFB1C4859584F8E
:108BA000FA01C082D182E282F382990F2F5F3F4F98
:108BB00023303105A1F6FF90EF90DF90CF90BF906A
:108BC000AF909F908F9008952F923F924F925F9217
:108BD0006F927F928F929F92AF92BF92CF92DF92CD
:108BE000EF92FF920F931F93CF93DF9300D000D0AB
:108BF000CDB7DEB7C0906807D0906907E0906A07EC
:108C0000F0906B077C01EC18FD0880916C07909147
:108C10006D07A0916E07B0916F07681B790B80916B
:108C2000700790917107A0917207B0917307FA01D4
:108C3000E81BF90BFA83E983FB01FF0FEE0BFF0F33
:108C4000FE2FEE1FE27089819A8188E09802812DC3
:108C5000990B11248470E82B8F2D881F8827881F7B
:108C6000E82BE093040490910B01987B8AE0E827BD
:108C7000E0FD9160E1FD9260E2FD9460906490936C
:108C80000B01000087EC91EB011102C090E080E045
:108C900090936D0580936C05309303042093020438
:108CA00029813A813E832D8337FF05C03195219577
:108CB00031093E832D838B0177FF03C01195019508
:108CC0001109F7FE03C0F194E194F1089801D8016D
:108CD0000F94D3BC4B015C012D813E81D9010F94CF
:108CE000D3BC860E971EA81EB91E9701D7010F94FC
:108CF000D3BC680D791D8A1D9B1D0F9447B60F9438
:108D0000B1C020E030E040E05FE30F94E3BC0F949B
:108D10005BBE2B014B015B016B013B011C821B8283
:108D2000312C212C1A8219826114710409F447C074
:108D3000E0916C05F0916D053097E9F580E0EC1459
:108D4000FD0440F0C40CD51C89819A8101969A8358
:108D5000898381E00A151B0530F08260A40CB51CE4
:108D60009FEF291A390AED81FE81E815F90548F0CF
:108D70008460840C951C2B813C812F5F3F4F3C838A
:108D80002B83CE18DF08A01AB10AED81FE818E1A5E
:108D90009F0A86B9E0916805F09169053097D1F195
:108DA000B201C3011995009711F00E94F2C2F1E0DF
:108DB0006F1A7108B9CF1995882309F4BFCFE091D4
:108DC0006A05F0916B05309741F030E020E04B816F
:108DD0005C81B10189819A81199581E0672809F444
:108DE00080E026960FB6F894DEBF0FBECDBFDF91B0
:108DF000CF911F910F91FF90EF90DF90CF90BF9098
:108E0000AF909F908F907F906F905F904F903F902A
:108E10002F90089584EF91E0C8CF8EBD0DB407FE6A
:108E2000FDCF8EB50895459885E00E940DC78FEF60
:108E30000E940DC7459A80FDF6CF08951F93CF93EA
:108E4000DF93EA01162F0E940DC7812F0E940DC7E4
:108E50008D2F0E940DC78C2FDF91CF911F910C9405
:108E60000DC745980E941EC7459A0895EF92FF923C
:108E70000F931F93CF93DF937A0189014598AB013C
:108E8000BC0182E00E941EC7E7010E0D1F1DC01726
:108E9000D10741F4459ADF91CF911F910F91FF9037
:108EA000EF90089589910E940DC7F1CFEF92FF9244
:108EB0000F931F93CF93DF937A0189014598AB01FC
:108EC000BC0183E00E941EC7E7010E0D1F1DC017E5
:108ED000D10741F4459ADF91CF911F910F91FF90F7
:108EE000EF9008958FEF0E940DC78993F0CF0F93F5
:108EF0001F93CF93DF9300D01F92CDB7DEB78C01C5
:108F00008CE58CBD1DBC24E030E0AE014F5F5F4FAF
:108F100060E070ED83E090E00E9456C789819A81FD
:108F2000AB81BC8187349545A245B54571F40115E7
:108F3000110549F021E030E0A80165E070ED83E023
:108F400090E00E9456C781E001C080E00F900F9032
:108F50000F900F90DF91CF911F910F910895459839
:108F600086E00E940DC7459A08954F925F926F92D6
:108F70007F928F929F92AF92BF92EF92FF920F9348
:108F80001F93CF93DF937C014A015B01E9018CE5DC
:108F90008CBD1DBC412C80ED582E83E0682E712CB9
:108FA0000E94AFC7B301A20180E20E9431C70E94B4
:108FB00013C780E1580E611C711C41145104E4E098
:108FC0006E06710469F78DB79EB7F70193878287A4
:108FD00000D08F919F91AF91B0E086839783A08757
:108FE000B1870E94AFC72CE030E0A70160E070EDD0
:108FF00083E090E00E9436C70E9413C70E94AFC76B
:109000004598B501A40182E00E941EC7FE01219689
:1090100080810E940DC70150110941F0FFEF8F1AA6
:109020009F0AAF0ABF0AFE018110F1CF459A0E9444
:1090300013C70115110511F7DF91CF911F910F9102
:10904000FF90EF90BF90AF909F908F907F906F9028
:109050005F904F900895CF93DF93CDB7DEB72C97F5
:109060000FB6F894DEBF0FBECDBF47E455E562E50D
:1090700075E549835A836B837C8391E09D838E835E
:10908000F89488E19DE00FB6F894A895809360006D
:109090000FBE9093600000E012E230E020E040E07C
:1090A00051ED63E070E0CE0101960E94B5C70E94C9
:1090B000164C0F931F93CF93DF93CDB7DEB72C974A
:1090C0000FB6F894DEBF0FBECDBF87E495E5A2E5ED
:1090D000B5E589839A83AB83BC831D821E8200E041
:1090E00010E220E032E040E053ED63E070E0CE01BA
:1090F00001960E94B5C72C960FB6F894DEBF0FBE3E
:10910000CDBFDF91CF911F910F910895CF93459AD5
:109110003D9A8CE58CBD1DBC459880E90E940DC729
:1091200080E00E940DC780E00E940DC780E00E9491
:109130000DC78FEF0E940DC7C82F8FEF0E940DC77C
:10914000982F459ACF3E11F0C83C19F481E0913137
:1091500009F080E0CF91089580910601809581709B
:1091600008951F93CF93DF930F9475AB1092190559
:109170001BE0D1E080911905843008F0CAC110923B
:109180001C058BE49AE20F943BAE0E94AB4C81111C
:1091900017C00E94454C811113C08091E1038111D9
:1091A0000FC080916C0E833009F053C0809174140D
:1091B000882331F062E976EB83E49AE20F9418ABEE
:1091C0000E94954C882371F00E945A4C811104C072
:1091D0008091690E843031F465ED72E085E39AE2A6
:1091E0000F94EEAD80916B0E882331F06FE277EF34
:1091F0008CE89AE20F9418AB0E94454C81115AC03A
:1092000080915A0E90915B0E891B8F7069F50E94B8
:10921000AB4C811129C08091E403823029F1809107
:109220001805811127C069ED70E088E29AE20F9479
:10923000EEAD80919D038823E9F080916C0E67E785
:1092400072EB813009F07BC08AE19AE20F9418AB8F
:1092500011C0843009F0B4CF80919D03882309F4B4
:10926000AFCF61E772EBA8CF66EF78EB80E39AE2CD
:109270000F94EEADC0915D0E0E944F4CC1111AC00B
:1092800090915C0E911116C0811118C08091A203BB
:10929000811110C08091150565E472E0811106C04E
:1092A00080917314882331F065E571E084E09AE2DF
:1092B0000F9418AB0E944F4C882321F18091220516
:1092C000811120C08091E4038230E1F080916A0234
:1092D000823021F490915E0E9923A1F0909179074C
:1092E000983081F061E477EF882341F0813051F4C8
:1092F00080919D03882331F06EEE7DEE87EF99E239
:109300000F94EEAD0E945A4C811108C00E944F4C40
:10931000811104C00E94454C882341F08091790757
:10932000813021F08091A203882361F0809118059B
:10933000882371F06CE678EF88EE99E207C080E14F
:109340009AE284CF67EF75EB8CE09BE20F94EEAD71
:109350000E94454C811185C00E94AB4C811181C097
:109360008091220581117DC08091E403823009F44F
:1093700078C080917414811105C08091690E882392
:1093800009F498C080910617811110C080911505CD
:1093900081110CC08091690E811108C0D093DF0348
:1093A00062E374EF8AED99E20F94EEAD80916B0E5B
:1093B000811112C081EA9DE00F94BBBBC82F0E94AF
:1093C000EF5987FD09C0C81739F0C102C001112447
:1093D000875B924F0E948AB38091A603811141C09E
:1093E0008091180581113DC080919D13813009F055
:1093F00068C08091731381110AC00E94ACC88111AA
:1094000006C062E77CEB80EC99E20F94EEAD63EA74
:109410007CEB81EB99E20F94EEAD66EA7CEB81EA9E
:1094200099E20F94EEAD69EA7CEB8CE292E60F9440
:10943000EEAD8EEC9EE00F94BBBB882331F06CEA5E
:109440007CEB8FE192E60F94EEAD6FE177EB8CEF62
:109450009AE20F94EEAD69E578EB85E799E20F9417
:10946000EEAD65E171E08AE699E20F94EEAD61EB55
:1094700071E08FE599E20F94EEAD80919D138130FC
:1094800031F467E771E080E599E20F94EEAD6BE3AC
:1094900072E088E499E20F94EEAD0F9449AB8091AD
:1094A00019058F5F8093190580911B058F5F80934D
:1094B0001B0560CED093DF038FEC99E20F943BAE97
:1094C00075CF80918D178823E9F080918E178111D7
:1094D00006C06FE871E083E999E20F94EEAD0E9457
:1094E000ACC8882329F06BEC72E081EA99E2ABCF3B
:1094F00080918E17882309F4A8CF6DED70E081E884
:1095000099E2A1CF6FE871E083E999E20F94EEADA3
:10951000EACFDF91CF911F91089580918D17882315
:1095200051F00E94ACC8882331F089E39CE20F948B
:1095300095130D94441186E08093690EFACFCF9372
:10954000C82F86EA9CE00F94BBBBC0956C2F6823A4
:1095500086EA9CE0CF910D94DFBB1F93CF93DF93FE
:1095600000D000D01F921F92CDB7DEB7BE016F5F53
:109570007F4F8091E0030E94115A8091E0031BE02D
:10958000819FC00111246FEF7FEF805B924F0F949A
:10959000FDBB6091E003619FB0011124675B724FD6
:1095A00047E050E0CE0101960F94CFBB81EA9DE0E9
:1095B0000F94BBBB9091E00389130AC00E94035A29
:1095C00080E00E94EF598F3F19F480E10E949FCA0A
:1095D0000F9438AE28960FB6F894DEBF0FBECDBFFD
:1095E000DF91CF911F910895CF93C82F86EA9CE019
:1095F0000F94BBBB682F6C2B86EA9CE0CF910D9437
:10960000DFBB2F923F924F925F926F927F928F9229
:109610009F92AF92BF92CF92DF92EF92FF920F9301
:109620001F93CF93DF93CDB7DEB7CE5CD1090FB6D2
:10963000F894DEBF0FBECDBF182F81E00E947A4B99
:1096400081E00E94226D111104C00F949D220E949E
:10965000385A80E00E94A2540F949D680F943DA850
:1096600010926F0510926E05E4E4F7E083E0DF01ED
:109670001D928A95E9F781E00E94B24BC755DF4FF2
:1096800099838883C95AD04085E296E30F941213D8
:1096900060E070E080EA90E40E9416530E94F04C73
:1096A00050E040E061E080E00E94015E50E040E078
:1096B00061E081E00E94015E0F94FA950F94C2412F
:1096C0001092900220E030E040EA50E460914707B9
:1096D000709148078091490790914A070F94E3BC25
:1096E00060934707709348078093490790934A0710
:1096F00020E030E040EA50E460914B0770914C0765
:1097000080914D0790914E070F94E3BC60934B07F7
:1097100070934C0780934D0790934E0760E070E084
:1097200080EA91E40F943A970F947A360E94DA53C4
:10973000E5968FAFE597811104C0E5961FAEE597DA
:1097400013C38BEE95E30F949513112309F4E9C22B
:1097500040E060E08DE494E30F940443882321F01B
:1097600088E294E30F9495138BEB95E30F94121317
:1097700041E156E263E080E00E94A9530E948D4BD4
:10978000111120C084E08093970241E060E08DE4F5
:1097900094E30F940443811104C080E094E30F9498
:1097A000951385E095E30F94951382E080939702DB
:1097B0008BE995E30F94121349E056E263E080E0F1
:1097C0000E94A953009190021092900260E070E014
:1097D00080E89FEB0E949752C12CD12C80EAE82EA2
:1097E00080E4F82EC0924F07D0925007E0925107C4
:1097F000F092520781E08093900284E00F94011967
:1098000060E070E080EA91E40F943A970F947A3622
:109810000F94D2180093900282E00F9466362DECDC
:109820003CEC44EA50E40F94D8BD18160CF480C206
:1098300082E00F94663623E333E34BE950E40F9460
:109840006CBF87FD75C2111178C280E10E949FCA6A
:1098500081EA9DE00F94BBBBBBE08B9FC00111244C
:1098600070E060E0805B924F0F94FDBB0E948D4BD7
:10987000E6EAF3E184ECDF011D928A95E9F785EBD6
:109880009DE30E94F05A81E090E00F946E538BE9C3
:1098900095E30F941213C0924F07D0925007E092B5
:1098A0005107F0925207B2E0E196BFAFE19720E98D
:1098B0003DE3CD56DF4F39832883C359D04045EA75
:1098C00053E1CF56DF4F59834883C159D040A0960A
:1098D0005FAF4EAFA097E0963FAF2EAFE097A79651
:1098E0001FAEA797312C212C0E948D4B63E080E0A6
:1098F0000E949553BFEF2B1A3B0A3F922F92E0EB49
:10990000FDE3FF93EF930E946E5365E575E585E5F2
:1099100091E40F94F79FE096EEADFFADE09785914F
:109920009591A591B4918093470790934807A09390
:109930004907B0934A07E096EEADFFADE097349645
:1099400085919591A591B49180934B0790934C0785
:10995000A0934D07B0934E0760E070E088E492E476
:109960000F94F79F45E15CE35F934F930F947DBAAB
:1099700044E05CE363E084E00E94A9530F949D22DD
:109980000F947A3680916F008D7F80936F000FB6B1
:10999000F894A8958091600088618093600010928F
:1099A00060000FBE10926D0510926C058BEC91EB70
:1099B00090936B0580936A05ABE5B1EBB0936905B5
:1099C000A0936805009170071091710720917207AC
:1099D0003091730740916C0750916D0760916E074D
:1099E00070916F078091680790916907A0916A074D
:1099F000B0916B073F932F931F930F937F936F93B8
:109A00005F934F93BF93AF939F938F93E4EBFCE3EC
:109A1000FF93EF930F947DBA4090680750906907C9
:109A200060906A0770906B07B42CA52C80916C072E
:109A300090916D07A0916E07B0916F07A6968CAFBD
:109A40009DAFAEAFBFAFA697A3969FACA397A496CA
:109A50008FACA497C0907007D0907107E090720708
:109A6000F09073070FB6F894DEBF0FBECDBFB5E020
:109A7000CB16B7EFDB060CF4D7C11A8219821F92FE
:109A80001F92E3E0EF93F4E8FF931F9224E62F93F5
:109A9000DF92CF928F929F92AF92BF924BE25CE3A4
:109AA0005F934F930F947DBA0FB6F894DEBF0FBE4D
:109AB000CDBF89819A81803D924008F480C189811F
:109AC0009A81803A954010F00C9455DC9E012F5FEE
:109AD0003F4F790110E000E02CE73CEFA60144562F
:109AE0005109692D782D8B2D9A2D0F94957188230E
:109AF00011F40C9455DC89819A8180539D4FC0905C
:109B00007007D0907107E0907207F0907307009192
:109B10006C0710916D0720916E0730916F0740918F
:109B200068075091690760916A0770916B079F936E
:109B30008F93DF92CF921F930F935F934F9380E9A0
:109B40009CE39F938F930F947DBA4091700750913F
:109B5000710760917207709173074854510900E0D2
:109B600028EC30E0A3966FADA397A4967FADA497A1
:109B7000C2010E94E4C520916807309169074091B5
:109B80006A0750916B076E962CAF3DAF4EAF5FAF3B
:109B90006E9780916C0790916D07A0916E07B091C0
:109BA0006F07AE968CAF9DAFAEAFBFAFAE972091B3
:109BB0007007309171074091720750917307E996D1
:109BC0002CAF3DAF4EAF5FAFE997AAE7BBE00FB652
:109BD000F894DEBF0FBECDBF90E080E0FC01E55DF4
:109BE000F24C259134912D933D93FC01ED5EF24CA6
:109BF0002591349157963C932E935697029688312F
:109C0000910561F7E7964EAD5FADE797AC966EAD07
:109C10007FADAC976C968EAD9FAD6C970F941D6E1B
:109C20002AE737E0A4963FAF2EAFA4977901A0E2D0
:109C30009A2EB6EDCB2EBCE3DB2E08E313E65701DC
:109C4000F0E28F2ED5018D915D011F928F93DF92EF
:109C5000CF920F947DBA8A940F900F900F900F902F
:109C60008110F0CF1F930F930F947DBA9A94B0E2B6
:109C7000EB0EF11C0F900F909110E1CF1F930F93FB
:109C80000F947DBA6AE77BE00F900F90EAE7F7E068
:109C900090E080E050E040E02191211105C34F5F4A
:109CA0005F4F6E177F07C1F79A01280F391F2538BC
:109CB0003340A4F0433351058CF08333910574F0A5
:109CC00020E034E0241B350B281B390B2417350703
:109CD0002CF41DEF281739070CF4D6C066961FAE7A
:109CE000669762961FAE629722961FAE22971982E0
:109CF0008AE797E0892B99F08AE79BE00FEF0097BE
:109D000049F0AE014F5A5F4FBE016B5A7F4F0F941F
:109D1000406D082F82E99BE0892B09F0CAC28FEFC2
:109D2000DAC28BE995E30F9412134DE056E222CD8F
:109D300081EC9DE30F94951300CDC755DF4F8881CB
:109D40009981C95AD0400E94984B0F94A2A80F94B1
:109D500040A60F9453A4E5968FAFE597882309F4A6
:109D6000ECCC84E00E94F4CA81E00E94A25480E01E
:109D70000E947A4B80E00E94226DE5968FADE597B8
:109D8000C253DF4F0FB6F894DEBF0FBECDBFDF91D9
:109D9000CF911F910F91FF90EF90DF90CF90BF90E8
:109DA000AF909F908F907F906F905F904F903F907B
:109DB0002F900895E1E0E196EFAFE19778CDFE01B5
:109DC00031967F0110E000E024E833E0A601692D20
:109DD000782D8B2D9A2D0F949571882309F46FCED1
:109DE00089819A818CCE89819A8180349B40B8F494
:109DF000CE0101967C0104EB10E02CE73CEFA601BC
:109E00004C525140692D782D8B2D9A2D0F949571C0
:109E1000882329F089819A818059974F70CE90E9E3
:109E2000C91A91E0D90A23CE0091700710917107E9
:109E3000209172073091730740916C0750916D0724
:109E400060916E0770916F07809168079091690724
:109E5000A0916A07B0916B073F932F931F930F93C5
:109E60007F936F935F934F93BF93AF939F938F9322
:109E700083E69CE39F938F930F947DBA0FB6F8947B
:109E8000DEBF0FBECDBF1FEF83E49DE39F938F9393
:109E90000F947DBA63E084E00E94955380E10E94B4
:109EA0008B530F946D9788E198E20FB6F894A895BC
:109EB000809360000FBE909360008091600080648A
:109EC0008093600080916F00826080936F000F909C
:109ED0000F901D3F09F464C31F3F11F40C941ADC6A
:109EE00020E030E0A901A096EEADFFADA097618122
:109EF0007281838194810F9488B6209147073091B5
:109F000048074091490750914A070F94E3BCA09637
:109F1000AEADBFADA09711966D937D938D939C933D
:109F20001497C0904B07D0904C07E0904D07F090ED
:109F30004E0720E030E0A90115966D917D918D913D
:109F40009C9118970F9488B6A70196010F94E3BCD3
:109F5000A096EEADFFADA09765837683878390874B
:109F600020E030E040E850ECC701B6010F94D8BDC6
:109F700087FF0CC080E090E0A0E8B0EC80934B0736
:109F800090934C07A0934D07B0934E0720E030E02C
:109F900040E450E460914F07709150078091510761
:109FA000909152070F94E3BC60934F077093500752
:109FB0008093510790935207E0962EAD3FADE09706
:109FC000285F3F4FE0963FAF2EAFE097A0964EAD93
:109FD0005FADA097485F5F4FA0965FAF4EAFA09771
:109FE00054E02516310409F07FCCA7966FADA797F2
:109FF000662331F0E1968FADE197813009F0DACE3A
:10A0000088EE95E29F938F930F947DBA90E080E065
:10A010000E9433700F900F9020E030E040E950EC48
:10A020006091AA137091AB138091AC139091AD1312
:10A030000F94D8BD87FFBBC28FE89DE30E94175DD8
:10A040008DE59DE30E94F05A6091AA137091AB13C5
:10A050008091AC139091AD1342E00F940CB389E55D
:10A060009DE30E94F05A60E070E080E990EC0F946C
:10A07000205392E0AF969FAFAF971092D6131092F5
:10A08000D7131092D8131092D9131092DA1310929A
:10A09000DB131092DC131092DD13A4E6E696AFAF4B
:10A0A000E697A2961CAE1DAE1EAE1FAEA297A69658
:10A0B0001CAE1DAE1EAE1FAEA697FE013196689671
:10A0C000FFAFEEAF68979E012F5B3F4F6A963FAFA1
:10A0D0002EAF6A97A6966CAD7DAD8EAD9FADA6975F
:10A0E0000F94DDBD6E966CAF7DAF8EAF9FAF6E9758
:10A0F000A6966CAD7DAD8EAD9FADA6970F94A3C017
:10A10000CB57DF4F688379838A839B83C558D040C0
:10A11000A2966CAD7DAD8EAD9FADA2970F94DDBDC7
:10A12000C757DF4F688379838A839B83C958D040A0
:10A13000A2966CAD7DAD8EAD9FADA2970F94A3C0DE
:10A14000CB56DF4F688379838A839B83C559D04080
:10A150006896AEADBFAD6897E0E41D92EA95E9F769
:10A1600080E16A96AEADBFAD6A971D928A95E9F718
:10A1700090E080E00E9433702091D6133091D71385
:10A180004091D8135091D913C555DF4F2883398397
:10A190004A835B83CB5AD0408091DA139091DB13D2
:10A1A000A091DC13B091DD13C155DF4F88839983F3
:10A1B000AA83BB83CF5AD040DE01AF5BBF4FC756E7
:10A1C000DF4FB983A883C959D040FE013196AC96C0
:10A1D000FFAFEEAFAC9700E0CB56DF4F288139815F
:10A1E0004A815B81C559D0405058ED962CAF3DAFA8
:10A1F0004EAF5FAFED97C757DF4F88819981AA8136
:10A20000BB81C958D040B058C358DF4F8883998369
:10A21000AA83BB83CD57D040CB57DF4F28813981EC
:10A220004A815B81C558D0405058CF57DF4F2883B3
:10A2300039834A835B83C158D040AC962EAC3FAC87
:10A24000AC9710E075EA472E73E1572EE4E07E2EBE
:10A25000C12CD12C7601013011F40C94C5DC1130E5
:10A2600011F40C9477DC002311F40C94B7DC023069
:10A2700009F0A1C1D20111962D913D914D915C91B2
:10A280001497CF57DF4F688179818A819B81C158AC
:10A29000D0400F9488B64B015C0111119AC160E067
:10A2A00070E080E89FE3AAC12F3F09F0FACC019645
:10A2B000F8CCAE014F5F5F4FBE016F5B7F4F82E90D
:10A2C0009BE00F94406D66966FAD669762961FADEA
:10A2D0006297801728F022966FAD22971981082F78
:10A2E000083508F45BC170E090E080E00F9449B657
:10A2F00020E030E040EB50E40F94E3BC2B013C0144
:10A3000065964CAE5DAE6EAE7FAE6597612F70E028
:10A3100090E080E00F9449B620E030E040EB50E45C
:10A320000F94E3BC4B015C0125968CAE9DAEAEAEA6
:10A33000BFAE259720E030E040E950E429833A831E
:10A340004B835C83AE014F5F5F4FBE016F5B7F4FFE
:10A35000CE018F5A9F4F0F94F569A3019201659624
:10A360006CAD7DAD8EAD9FAD65970F94E2BC6B017A
:10A370007C019F7720E030E040E450E40F946CBF14
:10A38000181634F1A501940125966CAD7DAD8EAD06
:10A390009FAD25970F94E2BC9F7720E030E040E42A
:10A3A00050E40F946CBF18169CF020E030E040EAB7
:10A3B00050E469817A818B819C810F94E2BC9F7704
:10A3C00020E030E040E450E40F946CBF1816BCF578
:10A3D00020E030E040EA50E469817A818B819C8101
:10A3E0000F94E2BC9F938F937F936F93A501940189
:10A3F00025966CAD7DAD8EAD9FAD25970F94E2BCDB
:10A400009F938F937F936F93FF92EF92DF92CF9200
:10A4100087EF9CE39F938F930F947DBA65964CAE24
:10A420005DAE6EAE7FAE659725968CAE9DAEAEAE40
:10A43000BFAE25970FB6F894DEBF0FBECDBF20E0AC
:10A4400030E048E751E465966CAD7DAD8EAD9FADD3
:10A4500065970F94E2BC20E030E040E852E40F94AE
:10A4600088B66B017C016C96AEADBFAD6C97BD013B
:10A47000BB0F880B990B0F9449B69B01AC01C70128
:10A48000B6010F94E3BC6B017C016596CCAEDDAEEA
:10A49000EEAEFFAE659720E030E048E751E4259648
:10A4A0006CAD7DAD8EAD9FAD25970F94E2BC20E0E5
:10A4B00030E040E852E40F9488B64B015C01AC9662
:10A4C000EEADFFADAC97BF01FF0F880B990B0F945A
:10A4D00049B69B01AC01C501B4010F94E3BC2596BC
:10A4E0006CAF7DAF8EAF9FAF25972AE037ED43E28B
:10A4F0005CE30F9488B69F938F937F936F932AE0CA
:10A5000037ED43E25CE3C701B6010F9488B69F9331
:10A510008F937F936F938BED9CE39F938F930F9417
:10A520007DBA20E030E040E05FE325966CAD7DAD84
:10A530008EAD9FAD25970F94E3BC0F9454BE6B0175
:10A5400020E030E040E05FE365966CAD7DAD8EAD20
:10A550009FAD65970F94E3BC0F9454BECB0100E010
:10A5600028EC30E0E7964EAD5FADE797B6010E946C
:10A57000E4C50FB6F894DEBF0FBECDBF10E08AE58C
:10A580009EE0A496AEADBFADA4971D92A496BFAFBA
:10A59000AEAFA4978A179B07A1F776CC1FEFEFCF3A
:10A5A000E596BFADE597A796BFAFA79799CCAF96B5
:10A5B0001FAEAF9762CDF20125813681478150856C
:10A5C000C358DF4F688179818A819B81CD57D04004
:10A5D00060CE123011F00C94C1DBD20111962D9196
:10A5E0003D914D915C911497CF57DF4F68817981F0
:10A5F0008A819B81C158D0400F9488B69B01AC01E1
:10A60000C501B4010F9488B69B01AC01C701B60126
:10A610000F94E3BC6B017C0101110C94CFDC7A94A4
:10A62000F8E04F0E511C711016CED101CD92DD9283
:10A63000ED92FD921D011F5F143009F003CE40E939
:10A64000242E4DE3342EE5EAF3E1A896FFAFEEAFFA
:10A65000A897C357DF4F1882CD58D040C356DF4F5D
:10A660001882CD59D040CF55DF4F1882C15AD04003
:10A6700010E0A896AEADBFADA89711962D913D9173
:10A680004D915C911497E4962CAF3DAF4EAF5FAF08
:10A69000E49715964D905D906D907C9018970023EF
:10A6A00011F40C94F4DB812C912C5401013081F0D5
:10A6B000023011F00C94E8DBCF57DF4F68817981CD
:10A6C0008A819B81C158D0400F9488B64B015C01B0
:10A6D000E4962CAD3DAD4EAD5FADE4976E966CAD9E
:10A6E0007DAD8EAD9FAD6E970F9488B66B017C01EA
:10A6F000F1012591359145915491CB55DF4F288338
:10A7000039834A835B83C55AD040A3019201CB565B
:10A71000DF4F688179818A819B81C559D0400F9430
:10A7200088B69B01AC01C701B6010F94E2BCC555C8
:10A73000DF4F288139814A815B81CB5AD0400F9409
:10A74000E3BCCB55DF4F288139814A815B81C55AF3
:10A75000D0400F94E2BCA50194010F9488B6C35772
:10A76000DF4F2881CD58D040C356DF4F3881CD59B7
:10A77000D040CF55DF4F4881C15AD040512F0F9460
:10A78000E3BCC357DF4F688379838A839B83CD58AB
:10A79000D040002311F40C94FCDB013011F40C9434
:10A7A00001DC023061F0A3019201ED966CAD7DAD4C
:10A7B0008EAD9FADED970F9488B66B017C01F101D2
:10A7C000349685909590A590B490E4962CAD3DADCF
:10A7D0004EAD5FADE497CB57DF4F688179818A81B9
:10A7E0009B81C558D0400F9488B6E4966CAF7DAF7E
:10A7F0008EAF9FAFE497A3019201C757DF4F6881E7
:10A8000079818A819B81C958D0400F9488B69B0179
:10A81000AC01E4966CAD7DAD8EAD9FADE4970F9429
:10A82000E3BCC155DF4F288139814A815B81CF5A12
:10A83000D0400F94E3BCA50194010F94E2BCA701A2
:10A8400096010F9488B6C357DF4F288139814A811A
:10A850005B81CD58D0400F94E3BCC357DF4F688372
:10A86000CD58D040C356DF4F7883CD59D040CF5517
:10A87000DF4F8883C15AD040192FA8964EAD5FADE7
:10A88000A897485F5F4FA8965FAF4EAFA89758E074
:10A89000250E311CA5ECB3E1A896EEADFFADA8974F
:10A8A000AE17BF0709F0E5CE9058C756DF4FA88115
:10A8B000B981C959D0406D937D938D939D93C756AF
:10A8C000DF4FB983A883C959D0400F5FAC96EEAD76
:10A8D000FFADAC977096AC96FFAFEEAFAC9704307F
:10A8E00009F0ABCC25962CAD3DAD4EAD5FAD2597B7
:10A8F000AE962CAF3DAF4EAF5FAFAE978D819E81D0
:10A90000AF81B885E4968CAF9DAFAEAFBFAFE49793
:10A9100029853A854B855C85ED962CAF3DAF4EAFD2
:10A920005FAFED978D859E85AF85B889C358DF4FA2
:10A9300088839983AA83BB83CD57D04029813A81EC
:10A940004B815C81CF57DF4F288339834A835B83F8
:10A95000C158D04029968CAD9DADAEADBFAD299705
:10A96000CB57DF4F88839983AA83BB83C558D040D8
:10A9700029893A894B895C89C757DF4F28833983F6
:10A980004A835B83C958D040898D9A8DAB8DBC8D2D
:10A99000CB56DF4F88839983AA83BB83C559D040A8
:10A9A0002D8D3E8D4F8D58A1C756DF4F288339839B
:10A9B0004A835B83C959D0408D899E89AF89B88D00
:10A9C000C357DF4F88839983AA83BB83CD58D04078
:10A9D0002D962CAD3DAD4EAD5FAD2D97C356DF4FDF
:10A9E000288339834A835B83CD59D04089A19AA1BA
:10A9F000ABA1BCA1CF55DF4F88839983AA83BB83CA
:10AA0000C15AD0402DA13EA14FA158A5CB55DF4F33
:10AA1000288339834A835B83C55AD0408DA59EA580
:10AA2000AFA5B8A9CD54DF4F88839983AA83BB8390
:10AA3000C35BD04029A53AA54BA55CA5C954DF4FFF
:10AA4000288339834A835B83C75BD04061968CAD92
:10AA50009DADAEADBFAD6197C554DF4F888399837F
:10AA6000AA83BB83CB5BD04029A93AA94BA95CA997
:10AA7000C154DF4F288339834A835B83CF5BD04047
:10AA80008DA99EA9AFA9B8ADCD53DF4F8883998317
:10AA9000AA83BB83C35CD04029AD3AAD4BAD5CAD5E
:10AAA000C953DF4F288339834A835B83C75CD04017
:10AAB00021968CAD9DADAEADBFAD2197C553DF4F97
:10AAC00088839983AA83BB83CB5CD04014E6C12CD6
:10AAD000D12C76014601570126013701A3019201CD
:10AAE000E4966CAD7DAD8EAD9FADE4970F9488B6C6
:10AAF0009B01AC01AE966CAD7DAD8EAD9FADAE97BA
:10AB00000F94E2BC2B013C01A5019401ED966CADC4
:10AB10007DAD8EAD9FADED970F9488B69B01AC01D6
:10AB2000C301B2010F94E2BC2B013C01A7019601C5
:10AB3000C358DF4F688179818A819B81CD57D0408E
:10AB40000F9488B69B01AC01C301B2010F94E2BC23
:10AB5000CF57DF4F288139814A815B81C158D0406E
:10AB60000F94E2BD6E966CAF7DAF8EAF9FAF6E97C8
:10AB7000C757DF4F288139814A815B81C958D0404E
:10AB80000F9488B69B01AC01CB57DF4F6881798168
:10AB90008A819B81C558D0400F94E2BC2B013C01B7
:10ABA000A5019401CB56DF4F688179818A819B8111
:10ABB000C559D0400F9488B69B01AC01C301B201C6
:10ABC0000F94E2BC4B015C01A7019601C756DF4F11
:10ABD000688179818A819B81C959D0400F9488B658
:10ABE0009B01AC01C501B4010F94E2BCC357DF4F18
:10ABF000288139814A815B81CD58D0400F94E2BDD4
:10AC00002B013C01CF55DF4F288139814A815B817F
:10AC1000C15AD0406E966CAD7DAD8EAD9FAD6E9736
:10AC20000F9488B69B01AC01C356DF4F68817981D0
:10AC30008A819B81CD59D0400F94E2BC4B015C01CD
:10AC4000CB55DF4F288139814A815B81C55AD0407D
:10AC5000C301B2010F9488B69B01AC01C501B401D8
:10AC60000F94E2BC4B015C01A7019601CD54DF4F6C
:10AC7000688179818A819B81C35BD0400F9488B6BB
:10AC80009B01AC01C501B4010F94E2BCC954DF4F74
:10AC9000288139814A815B81C75BD0400F94E2BD36
:10ACA0004B015C01C154DF4F288139814A815B81AE
:10ACB000CF5BD0406E966CAD7DAD8EAD9FAD6E9787
:10ACC0000F9488B69B01AC01C554DF4F6881798130
:10ACD0008A819B81CB5BD0400F94E2BC6B017C01ED
:10ACE000CD53DF4F288139814A815B81C35CD040DD
:10ACF000C301B2010F9488B69B01AC01C701B60134
:10AD00000F94E2BC6B017C01C953DF4F288139816C
:10AD10004A815B81C75CD040C501B4010F9488B6FD
:10AD20009B01AC01C701B6010F94E2BCC553DF4FD4
:10AD3000288139814A815B81CB5CD0400F94E2BD90
:10AD40006B017C01115009F0C9CE6E962CAD3DAD62
:10AD50004EAD5FAD6E97C555DF4F688179818A81B1
:10AD60009B81CB5AD0400F94E3BC6093D613709371
:10AD7000D7138093D8139093D913A3019201C1558F
:10AD8000DF4F688179818A819B81CF5AD0400F94AF
:10AD9000E3BC6093DA137093DB138093DC1390931E
:10ADA000DD13A5019401A6966CAD7DAD8EAD9FAD72
:10ADB000A6970F94E3BCA6966CAF7DAF8EAF9FAF06
:10ADC000A697A7019601A2966CAD7DAD8EAD9FAD05
:10ADD000A2970F94E3BCA2966CAF7DAF8EAF9FAFEE
:10ADE000A297E6969FADE6979150E6969FAFE697BD
:10ADF000911170C9A6966CAD7DAD8EAD9FADA69735
:10AE00000F94DDBD6093C6137093C7138093C8136E
:10AE10009093C913A6966CAD7DAD8EAD9FADA697F0
:10AE20000F94A3C06093CA137093CB138093CC1379
:10AE30009093CD13A2966CAD7DAD8EAD9FADA297D4
:10AE40000F94A3C090586093CE137093CF13809348
:10AE5000D0139093D113A2966CAD7DAD8EAD9FAD06
:10AE6000A2970F94DDBD6093D2137093D313809398
:10AE7000D4139093D513A6962CAD3DAD4EAD5FADDA
:10AE8000A697A2966CAD7DAD8EAD9FADA2970F94A7
:10AE9000E2BC4B015C017C016B01E894F7F821EE08
:10AEA0003EE245E652E4A2966CAD7DAD8EAD9FAD1F
:10AEB000A2970F9488B69F938F937F936F9321EE01
:10AEC0003EE245E652E4C501B4010F9488B69F9373
:10AED0008F937F936F9384E995E29F938F930F9461
:10AEE0007DBAB701A60180E69FE00F94F1BB0FB6D3
:10AEF000F894DEBF0FBECDBF2FE132E449E05BE343
:10AF0000C701B6010F946CBF10E0181664F425E376
:10AF10003AEF4EE85BE3C701B6010F946CBF12E055
:10AF200018160CF011E025E33AEF4EE85BE3A69625
:10AF30006CAD7DAD8EAD9FADA6979F770F946CBF26
:10AF400018160CF466C425E33AEF4EE85BE3A296CC
:10AF50006CAD7DAD8EAD9FADA2979F770F946CBF0A
:10AF600018160CF456C42091C6133091C7134091A3
:10AF7000C8135091C913AE962CAF3DAF4EAF5FAF23
:10AF8000AE978091CE139091CF13A091D013B09132
:10AF9000D113E9968CAF9DAFAEAFBFAFE9972091CB
:10AFA000D6133091D7134091D8135091D913E4960A
:10AFB0002CAF3DAF4EAF5FAFE4978091CA13909135
:10AFC000CB13A091CC13B091CD13ED968CAF9DAF68
:10AFD000AEAFBFAFED972091D2133091D313409114
:10AFE000D4135091D513C358DF4F288339834A8334
:10AFF0005B83CD57D0408091DA139091DB13A09101
:10B00000DC13B091DD13CF57DF4F88839983AA8378
:10B01000BB83C158D040A0E9BDE36C96BFAFAEAFD3
:10B020006C9795EA292E93E1392EF101C180D280E7
:10B03000E380F48045805680678070846C96EEAD26
:10B04000FFAD6C972591359145915491CB57DF4FCA
:10B05000288339834A835B83C558D0406C96EEAD14
:10B06000FFAD6C97349685909590A590B490ED9631
:10B070002CAD3DAD4EAD5FADED97C701B6010F9460
:10B0800088B6C757DF4F688379838A839B83C95803
:10B09000D040C358DF4F288139814A815B81CD5729
:10B0A000D040C301B2010F9488B69B01AC01C757D1
:10B0B000DF4F688179818A819B81C958D0400F9484
:10B0C000E3BCCF57DF4F288139814A815B81C1586A
:10B0D000D0400F94E3BC9B01AC01C501B4010F94B7
:10B0E000E2BC4B015C01A7019601AE966CAD7DAD53
:10B0F0008EAD9FADAE970F9488B66B017C01A30116
:10B100009201E9966CAD7DAD8EAD9FADE9970F9440
:10B1100088B69B01AC01C701B6010F94E3BCE4966D
:10B120002CAD3DAD4EAD5FADE4970F94E3BC9B01FC
:10B13000AC01CB57DF4F688179818A819B81C558EB
:10B14000D0400F94E2BCA50194010F947FBF2DEC79
:10B150003CEC4CE45FE30F946CBF18160CF41EEF4C
:10B1600038E0230E311C6C964EAD5FAD6C97485F96
:10B170005F4F6C965FAF4EAF6C97A8968EAD9FAD4C
:10B18000A8978215930509F050CF111162C1A296BC
:10B190002CAD3DAD4EAD5FADA297A6966CAD7DAD2D
:10B1A0008EAD9FADA6970F94E3BC20E030E040E069
:10B1B0005FE30F9488B66B017C010F94DDBDA2960E
:10B1C0006CAF7DAF8EAF9FAFA2976093C6137093A5
:10B1D000C7138093C8139093C913C701B6010F9486
:10B1E000A3C0A6966CAF7DAF8EAF9FAFA6976093BE
:10B1F000CA137093CB138093CC139093CD139B0100
:10B20000AC015058AA962CAF3DAF4EAF5FAFAA9796
:10B210002093CE133093CF134093D0135093D11378
:10B22000A2968CAD9DADAEADBFADA2978093D2136B
:10B230009093D313A093D413B093D5131092D61335
:10B240001092D7131092D8131092D9131092DA13C8
:10B250001092DB131092DC131092DD13412C512C51
:10B260003201CF56DF4FA881B981C159D040119624
:10B270008D909D90AD90BC90149715962D913D9119
:10B280004D915C9118976E962CAF3DAF4EAF5FAF6E
:10B290006E97CD56DF4FE881F981C359D040C590F4
:10B2A000D590E590F490A5019401A2966CAD7DAD8A
:10B2B0008EAD9FADA2970F9488B6AE966CAF7DAF62
:10B2C0008EAF9FAFAE976E962CAD3DAD4EAD5FADE0
:10B2D0006E97AA966CAD7DAD8EAD9FADAA970F947B
:10B2E00088B69B01AC01AE966CAD7DAD8EAD9FADC9
:10B2F000AE970F94E3BC9B01AC01C701B6010F945C
:10B30000E2BC2091D6133091D7134091D8135091BD
:10B31000D9130F94E3BC6B017C01C092D613D09279
:10B32000D713E092D813F092D91320E030E040E830
:10B330005FE3C301B2010F94E3BC2B013C01CD5686
:10B34000DF4FE881F981C359D0403496259135917A
:10B3500045915491AE962CAF3DAF4EAF5FAFAE97D7
:10B36000A5019401A6966CAD7DAD8EAD9FADA6975F
:10B370000F9488B64B015C016E962CAD3DAD4EAD81
:10B380005FAD6E97A2966CAD7DAD8EAD9FADA29771
:10B390000F9488B69B01AC01C501B4010F94E3BCC6
:10B3A0009B01AC01AE966CAD7DAD8EAD9FADAE9701
:10B3B0000F94E2BC2091DA133091DB134091DC133F
:10B3C0005091DD130F94E3BC4B015C018092DA13C2
:10B3D0009092DB13A092DC13B092DD13CF56DF4FB7
:10B3E00048815981C159D040485F5F4FCF56DF4FE8
:10B3F00059834883C159D040CD56DF4F8881998108
:10B40000C359D0400896CD56DF4F99838883C359DE
:10B41000D0402416350609F024CFA3019201C701BC
:10B42000B6010F94E2BD6093D6137093D713809347
:10B43000D8139093D913A3019201C501B4010F94BD
:10B44000E2BD6093DA137093DB138093DC13909367
:10B45000DD134090C6135090C7136090C8137090CE
:10B46000C913C090D213D090D313E090D413F090AE
:10B47000D5132091CA133091CB134091CC13509126
:10B48000CD13A2962CAF3DAF4EAF5FAFA297809188
:10B49000CE139091CF13A091D013B091D113A69653
:10B4A0008CAF9DAFAEAFBFAFA697A7019601C3010A
:10B4B000B2010F9488B64B015C01A6962CAD3DAD50
:10B4C0004EAD5FADA697A2966CAD7DAD8EAD9FAD36
:10B4D000A2970F9488B69B01AC01C501B4010F94EB
:10B4E000E2BC4B015C01AC019B01C701B6010F94AA
:10B4F000E2BD6B017C01A6966CAD7DAD8EAD9FADBE
:10B50000A6979058A50194010F94E2BDA6966CAF42
:10B510007DAF8EAF9FAFA697A2966CAD7DAD8EAD81
:10B520009FADA2979058A50194010F94E2BDAA96F1
:10B530006CAF7DAF8EAF9FAFAA97A5019401C301F9
:10B54000B2010F94E2BD4B015C014090D6135090C4
:10B55000D7136090D8137090D9132091DA133091DB
:10B56000DB134091DC135091DD13A2962CAF3DAF5D
:10B570004EAF5FAFA297C092C613D092C713E092AE
:10B58000C813F092C913AA968CAD9DADAEADBFADF8
:10B59000AA978093CA139093CB13A093CC13B09324
:10B5A000CD13A6962CAD3DAD4EAD5FADA6972093C5
:10B5B000CE133093CF134093D0135093D113809276
:10B5C000D2139092D313A092D413B092D513C70183
:10B5D000B6019058A30192010F9488B66B017C01CB
:10B5E000A2962CAD3DAD4EAD5FADA297A6966CADCB
:10B5F0007DAD8EAD9FADA6970F9488B69B01AC0133
:10B60000C701B6010F94E2BC6093D6137093D713B1
:10B610008093D8139093D913AA966CAD7DAD8EAD5F
:10B620009FADAA979058A30192010F9488B66B0121
:10B630007C01A2962CAD3DAD4EAD5FADA297C5018C
:10B64000B4010F9488B69B01AC01C701B6010F94F9
:10B65000E2BC6093DA137093DB138093DC13909356
:10B66000DD1390E080E00E94337017FDD4C082EDBE
:10B6700095E29F938F930F947DBA46ED53E16EEC64
:10B6800073E186EC93E10F94BBA648E050E065EED1
:10B690007FE086ED93E10F94CFBB48E050E06DED85
:10B6A0007FE086EC93E10F94CFBB48E050E065ED7E
:10B6B0007FE08EEC93E10F94CFBB0F9440A60F90E8
:10B6C0000F90C755DF4F88819981C95AD0400E9499
:10B6D000984B80E090E0A0EAB0E480934F0790930D
:10B6E0005007A0935107B093520760E070E080EAE2
:10B6F00091E40F943A970F947A3617FD20C0109278
:10B700004F0710925007109251071092520780E095
:10B7100090E0A6E1B3E48093600590936105A09367
:10B720006205B093630565E575E585E591E40F94E1
:10B73000079788E294E30F9495130F9453A481E044
:10B740000E94A25482E00E945C5383EC93E31F3F6B
:10B7500011F40C949ACE1E3F09F072C0AF964FAD13
:10B76000AF9781E093E3442311F40C949ACE81ECDB
:10B7700092E3423011F40C949ACE8CE792E30C944D
:10B780009ACEF2012581368147815085C358DF4F1B
:10B79000688179818A819B81CD57D0400C94FCD2FD
:10B7A000F2012581368147815085ED966CAD7DADE6
:10B7B0008EAD9FADED97AFC0F201258136814781F7
:10B7C0005085ED966CAD7DAD8EAD9FADED97BDC056
:10B7D000A3019201C358DF4F688179818A819B81DF
:10B7E000CD57D0400C9464D3812C912C30E8A32EFB
:10B7F0003FE3B32E0C9468D3C12CD12C76010C946A
:10B80000DFD3C12CD12C20E8E22E2FE3F22E0C94B2
:10B81000DFD312E0A8CB1E3F89F4AF963FADAF97C0
:10B82000323009F04ECF8BEA95E29F938F930F94BD
:10B830007DBA45CFAF961FAEAF9743CF1FEF41CF35
:10B84000AF965FADAF9751110FC081E093E3133016
:10B8500040F4E12FF0E0EE0FFF1FE75FFC4F808127
:10B8600091810F9495130DC0AF966FADAF9784E3A0
:10B8700093E3623011F48EE793E30F94951311165E
:10B8800024F31F3F11F40C949DCB86E00E94F4CA70
:10B890008FE59FE00F94BBBB81110C94B4CE88E67A
:10B8A00094E30F9495130C94B4CE89819A818037D8
:10B8B000984010F00C94F3CEAE014F5F5F4F7A01C9
:10B8C00004EB10E024E833E0A601485C5109692D3F
:10B8D000782D8B2D9A2D0F949571882311F40C944B
:10B8E000F3CE89819A8180569A4F0C947FCD0023A4
:10B8F00011F40C940FD3023009F052CFD2011196FB
:10B900002D913D914D915C9114976E966CAD7DADEE
:10B910008EAD9FAD6E970F9488B64B015C0160E0D1
:10B9200070E080E89FE3113091F0123009F044CFCD
:10B93000D20111962D913D914D915C9114976E9687
:10B940006CAD7DAD8EAD9FAD6E970F9488B69B01AB
:10B95000AC01C501B4010F9488B69B01AC01C701CD
:10B96000B6010F94E3BC6B017C010C940FD3812CC6
:10B97000912C60E8A62E6FE3B62E11110C94E9D23B
:10B9800020E030E040E85FE3EACF812C912C50E8E2
:10B99000A52E5FE3B52E1111C2CF0C940FD3111158
:10B9A000AACF0C940FD3CF93C82F86EA9CE00F94B4
:10B9B000BBBB982F9C2381E09C1380E0CF9108951E
:10B9C00061E088EA9DE00E94A9598093000480917B
:10B9D0006B0E882341F082E08093000462E088EAE5
:10B9E0009DE00F94DFBB68E287EA9DE00E94A959C1
:10B9F0008093FE0360E971E085EA9DE00E94915921
:10BA000061E084EA9DE00E94A9598093FD0361E012
:10BA100083EA9DE00E94A9598093FC0361E082EAD9
:10BA20009DE00E94A9598093FB0361E080E29CE0C5
:10BA30000E94A9598093010408950F931F938B01CD
:10BA40000E943EB2FC0120812E3211F080E034C011
:10BA5000B8016E5F7F4F01960E943EB2FC012081CB
:10BA60002E32A1F7B8016C5F7F4F01960E943EB263
:10BA700020E430E0F80137832683FC01DF01919157
:10BA8000892F8F7DC1F187EF890F8230A0F19D3022
:10BA900091F19D3299F711969C919234E1F07CF4EA
:10BAA0009134A1F60A5F1F4F28E030E045E06BEDCE
:10BAB00078E3CF010E942CB41F910F910895943424
:10BAC00091F0923519F60A5F1F4F20E230E042E014
:10BAD0006FEC78E3EECF0A5F1F4F20E130E044E0E7
:10BAE00066ED78E3E6CF0A5F1F4F30E020E043E0E9
:10BAF00062ED78E3DECF81E0DFCF282FCB0121306C
:10BB000039F0223049F022E063E97DE20D9404AD82
:10BB100022E06EE87DE2FACF22E067E87DE2F6CF30
:10BB200080916B0E811102C00C9461B281E0089586
:10BB3000CF93DF93CDB7DEB767970FB6F894DEBF2C
:10BB40000FBECDBF789484B5826084BD84B581601A
:10BB500084BD85B5826085BD85B5816085BD8091D8
:10BB60006E00816080936E00109281008091810050
:10BB70008260809381008091810081608093810048
:10BB8000809180008160809380008091B10084600A
:10BB90008093B1008091B00081608093B00080916B
:10BBA00091008260809391008091910081608093E8
:10BBB0009100809190008160809390008091A1001D
:10BBC00082608093A1008091A10081608093A10098
:10BBD0008091A00081608093A0008091210182600B
:10BBE00080932101809121018160809321018091C6
:10BBF000200181608093200180917A00846080938D
:10BC00007A0080917A00826080937A0080917A0035
:10BC1000816080937A0080917A00806880937A00B6
:10BC20001092C1009FB7F894A89584B7877F84BF0E
:10BC30000FB6F894A89580916000886180936000A9
:10BC4000109260000FBE9FBF9FB7F8941092B00093
:10BC500084E08093B10080917000816080937000D7
:10BC6000809170008D7F80937000809170008B7F39
:10BC7000809370001092B3009FBF6B98739A6AE034
:10BC800070E080E090E00F94F61A9CB181E0292FDB
:10BC9000287093FD80E080930704211122C062E0A8
:10BCA00082E39DE00E94A95980934F0262E884E3F9
:10BCB0009DE00E94A9598093060462E383E39DE01E
:10BCC0000E94A959809305046FE070E080E39DE035
:10BCD0000E94915990934E0280934D026B9A0E945C
:10BCE0003B6D8F98559A879A859A9C9A809101010D
:10BCF0008068809301019B9A8091160488608093EC
:10BD000016042FEF80E792E0215080409040E1F749
:10BD100000C0000081E00E94C85485ED96E5909334
:10BD2000110480931004109213041092120412E074
:10BD300010930B0410921504109214040E940955DC
:10BD40008BE996EB90931B0480931A0488E393EF9E
:10BD5000909319048093180485EE91E090936F0EF0
:10BD600080936E0E809104018B7F809304018091FB
:10BD700004018D7F809304019FB7F89480910501A1
:10BD80008460809305019FBF9FB7F894809105015F
:10BD90008260809305019FBF809101018F7B80931A
:10BDA00001019FB7F89480910201806480930201A1
:10BDB0009FBF809104018E7F809304019FB7F89408
:10BDC000809105018160809305019FBFAFE9BFE0CD
:10BDD0001197F1F700C000008091030180958170F8
:10BDE0008093170444E150E06EEB73E68EE395E038
:10BDF0000F94A8B90F94F79C0E94C85381E39AE36B
:10BE00009F938F9388E39AE39F938F930E946E533F
:10BE10008091010184608093010160E087ED9EE0E4
:10BE20000E94A9598093EB0460E088E09FE00E94A3
:10BE3000A959809325050E9471BF8BEE9AE59093D6
:10BE40000D0580930C0510920F0510920E051093AE
:10BE50000705109211051092100584E095E090936B
:10BE60001E1880931D180E9486C8F82E0F900F9000
:10BE70000F900F90DD24D394882319F00F94059D23
:10BE8000D82E60E084EC9FE00E94A95980936B0E4D
:10BE9000882389F011E010931C0488E00F94C2B34A
:10BEA000109325050E9471BF10928E1761E087E8FC
:10BEB0009FE00F94DFBB0E9490DD882351F064E285
:10BEC00086E692E00E94D04C64E286E692E00E9410
:10BED000C84C44E150E065E17DE08E010F5F1F4FEB
:10BEE000C8010F94ABBB8C8981110AC044E050E0BB
:10BEF0006DE67BE3C8010F949AB9892B09F451C010
:10BF0000C09025051D8A1F8A1E8A10922505CE0124
:10BF100045960F94441D62E370E080E090E00F943A
:10BF2000F61A80919F049091A00490939E048093B0
:10BF30009D048BE69AE30E94175D5801E12CB3E162
:10BF4000EB16A1F06AEF70E0CE0145960F94151D37
:10BF50008111C1C00E94A95A1816190684F70F94BE
:10BF6000C4B4F50181935F01E394E9CF1C8A44E0F6
:10BF700050E066E67AE3C8010F949AB9892B59F626
:10BF800081E0C0922505882309F4A7C044E150E070
:10BF900065E17DE0C8010F94CFBB82E69BE30F947F
:10BFA000A4BAD11004C080912505882321F08BE428
:10BFB0009BE30E94175D83EB98E60E94F05A84E3AE
:10BFC0009BE30F94A4BA60E08CEA9CE00E94A9591C
:10BFD00081110E9413BF0F945C538EE69AE30E9476
:10BFE000F05A62E086ED9EE00E94A959813009F086
:10BFF00077C08DEF92E60E94175DE4B6E0FE04C0C4
:10C0000088E595E20F94A4BAE1FE04C088E495E2C5
:10C010000F94A4BAE2FE04C087E395E20F94A4BA99
:10C02000E3FE04C087E295E20F94A4BAE5FE04C0E3
:10C0300087E195E20F94A4BA14BE83EB98E60E94C0
:10C04000F05A87E095E20E94F05A80E29BE30E945A
:10C05000F05A8BEF94E20E94F05A81E19BE30E9438
:10C06000175D83EB98E60E94F05A8CEE94E20E94F2
:10C07000F05A80911718909118180097A1F1081B99
:10C08000190BB801110F880B990B0F944BAF85ED6D
:10C0900094E20E94F05A80EE96E00F946E536EE2A6
:10C0A00071E08EEE9EE00E9491598C0166E371E092
:10C0B0008CEE9EE00E9491590E32114011F00C94CA
:10C0C00067E801E08633914009F400E00E94FF76C2
:10C0D000E82E0C946FE880E054CF81E59BE35FCFBE
:10C0E00089EF92E688CF01521841CBCF81E391E0EE
:10C0F0009093570280935602C090A504D090A60456
:10C10000C6010E947EBE20E030E848E953E40F9467
:10C110006CBF181644F480E1C80ED11CD092A6045E
:10C12000C092A504E9CF80915202909153020F94DE
:10C130003C2820E030E040E251E40F94D8BD87FF76
:10C140000AC08091520290915302409790935302FB
:10C1500080935202E8CF8091A3049091A4040F949D
:10C160003C2820E030E04AEF52E40F946CBF1816F0
:10C1700054F48091A3049091A40440969093A40455
:10C180008093A304E8CF80915002909151020F94C4
:10C19000A72720E030E040EF51EC0F94D8BD87FF97
:10C1A0000AC08091500290915102409790935102A1
:10C1B00080935002E8CF8091A1049091A2040F9443
:10C1C000A72720E030E040EA52E40F946CBF181635
:10C1D00054F48091A1049091A20440969093A204FB
:10C1E0008093A104E8CF9FB7F89416BC8FEF88BD69
:10C1F00083E384BD12E015BD80916E008160809361
:10C200006E009FBF80E88093B400809170008460CE
:10C21000809370002FB7F89480910101846080931F
:10C2200001019FB7F894809102018B7F80930201F6
:10C230009FBF8091010180628093010181E0809322
:10C24000A00085E18093A1008FEF90E09093A9007A
:10C250008093A8009093AB008093AA009093AD00C8
:10C260008093AC00109272002FBF8CE79AE30F947A
:10C27000A4BA8FE580937E0010937D0080917C00AE
:10C28000806480937C008FE980937A000E943071F3
:10C290009FB7F894809121018F7E80932101809136
:10C2A0002101886080932101809120018D7F8093FE
:10C2B0002001809120018E7F8093200180912001B8
:10C2C0008F7380932001809120018F7C80932001C7
:10C2D00080912101846080932101809121018D7FD3
:10C2E00080932101809121018E7F80932101109202
:10C2F0002501109224012BEE31E430932901209383
:10C300002801D19A809173008260809373009FBF4F
:10C3100083EC94E20E94F05A8091C3048E7F809354
:10C32000C30460E08BE29DE00E94A9599091C30490
:10C3300080FB91F99093C30483E00E94E6586E98C5
:10C340009FB7F89480916A008F7D80936A008091F6
:10C350006A00806180936A00EE9A1092C004109285
:10C36000BF049FBF0F94E31C6093A1177093A217A3
:10C370008093A3179093A41768EE73E080E090E099
:10C380000F94F61AEE980E946F5891E02091BB042A
:10C390003091BC04253631050CF490E08091C30443
:10C3A00090FB80F98093C30481E00E94E65880915D
:10C3B000C30480FFC4C08AE09BE30E94175D109213
:10C3C0005A0E10925B0E80E1E8E5F7E0DF01282FBE
:10C3D0001D922A95E9F7EAEDF4E0DF01282F1D927E
:10C3E0002A95E9F7EAECF4E0DF011D928A95E9F776
:10C3F0001092C6041092C7041092C8041092C90487
:10C400001092C5041092C40484E080939702809136
:10C41000000186FDCAC0BFEFE3EDF0E3B150E0409C
:10C42000F040E1F700C000008091000186FDBDC032
:10C430000E94C85386ED9AE30E94805380910101C7
:10C440008460809301018091EB04823041F09FB7BA
:10C45000F894809102018460809302019FBF8091D3
:10C46000000186FFFCCF9FB7F894809102018B7F7B
:10C47000809302019FBF2FEF87EA91E62150804011
:10C480009040E1F700C000008CEB9AE39A83898327
:10C4900081EB9AE39C838B8383EA9AE39E838D836B
:10C4A00086E99AE398878F838DE89AE39A8789874C
:10C4B0000E94C8534EE360E080E00E94B5530E94A2
:10C4C000DA5610E0D12CC12C8091EA04F601E80F75
:10C4D000F11D87FDFA95EE0FFF1FA1E0B0E0AC0F54
:10C4E000BD1FEA0FFB1F408151816C2D81E00E942E
:10C4F000A953BFEFCB1ADB0AE4E0CE16D10421F733
:10C500000F94E22B81E00E94886D80913B05909111
:10C510003C05009789F197FF15C0115014300CF4B9
:10C52000AAC087E00F94CB418091EA0418162CF042
:10C530008F5F8093EA040E94C85313E006C083E033
:10C540009BE33BCF1F5F143060F745E85AE360E0A0
:10C5500080E00E94A953612F80E00E9495538EE3F2
:10C560000E94845310923C0510923B0564E670E0F3
:10C5700080E090E00F94F61A0E94DF56882309F4B9
:10C58000A1CF8091EA04180F0E94C85340E070E0E8
:10C5900060E084E690E00F94C046123009F49FC03A
:10C5A00008F07AC0113009F495C082E080939702B8
:10C5B00060E08FEF9FE00E94A95961E08FE59FE066
:10C5C0000E94A9598FEF9FE00F94BBBB182F8F3F9C
:10C5D00009F410E01092700661E080916B0E8111F9
:10C5E00060E089E69FE00E94A95991E0811101C0B5
:10C5F00090E090935C02882309F495C08EEA94E25F
:10C600000F94A4BA87EF9EE00F94BBBBB82E809323
:10C61000000586EF9EE00F94BBBBC82E80930105FA
:10C6200085EF9EE00F94BBBBD82E8093020584EF6C
:10C630009EE00F94BBBB809303052FEFB21202C0A4
:10C64000109200059FEFC91202C010920105AFEFD2
:10C65000DA1202C0109202058F3F11F41092030506
:10C6600080912E0790E028E096958795009709F431
:10C670005DC02150F9CF1F3F09F067CF87E00F94CD
:10C68000CB418091EA0418162CF481508093EA047F
:10C690000E94C85310E059CF133019F1143009F03B
:10C6A00084CF65EC7AE380E090E10F94FFA910E07D
:10C6B00000E06FEFC8010F94DFBBC8010F94D0A951
:10C6C0000F5F1F4F0115F0E11F0799F70F94F1A9B4
:10C6D0000E94164C0E94DB4B0F94613266CF0E9481
:10C6E000DB4B84E00E949FCA62E08FE59FE00F94DD
:10C6F00003BC10926B0E60E084EC9FE00F94DFBBF4
:10C7000081E00E94C95711E010938E1761E087E025
:10C710009FE00F94DFBB10938F1761E085ED9EE0E3
:10C720000F94DFBB42CF89E994E26ACF2093FC04E7
:10C7300080912F0790E028E096958795009711F05B
:10C740002150FACF2093FD048091300790E028E03B
:10C7500096958795009711F02150FACF2093FE040B
:10C760008091310790E028E096958795009711F029
:10C770002150FACF2093FF040E9490DD880F827031
:10C780000F948F1980910A01816080930A01809132
:10C790000A01826080930A0180910A01846080937B
:10C7A0000A0180910A01806480930A010F9A179A06
:10C7B0000E9A169A0D9A159A0C9A149A26982E9AF1
:10C7C00025982D9A24982C9A809107018B7F80932D
:10C7D00007019FB7F8948091080184608093080155
:10C7E0009FBF809107018F77809307019FB7F894CF
:10C7F000809108018068809308019FBF0998119A71
:10C800006E98389A4098179A10924407399A41982E
:10C81000169A109245073A9A42983B9A4398149A6E
:10C82000809181008F7E809381008091810088605B
:10C8300080938100809180008D7F80938000809123
:10C8400080008E7F80938000809180008F73809322
:10C850008000809180008F7C809380008091810097
:10C86000887F82608093810080E090E490938900CB
:10C870008093880010928500109284001092F30437
:10C880001092F2048FEF9FEF9093F1048093F004E5
:10C890009093EF048093EE041092ED041092EC0458
:10C8A00081E08093900280916F00826080936F009E
:10C8B000789481E0111101C080E0809370060F949C
:10C8C0006E870E9490DD880F82700F948F190F94ED
:10C8D00004A887E497E00E947F500F94FA95F11026
:10C8E00008C086EF93E20F94A4BA8AEA93E20F9409
:10C8F000951384E99CE00F94BBBB823459F46FEF2D
:10C9000084E99CE00F9403BC85E99CE00F94C9BBCB
:10C910000F9495130F94F463159888E00F94C2B3A5
:10C920008BEB9FE00F94BBBB91E0813009F090E06E
:10C930009093E41681E00F94F45D60E084E69FE05C
:10C940000E94A95960E086E69FE00E94A95960E034
:10C9500088E69FE00E94A95960E085E69FE00E947A
:10C96000A95970E060E08FEF9EE00E94915970E05D
:10C9700060E085E09FE00E94915970E060E083E014
:10C980009FE00E94915970E060E081E09FE00E948A
:10C99000915970E060E083ED9EE00E94915970E053
:10C9A00060E080ED9EE00E94915960E082ED9EE0A3
:10C9B0000E94A95960E08FEC9EE00E94A95988EA84
:10C9C0009CE00F94D65881EA9DE00F94BBBB8F3F4B
:10C9D00071F460E081EA9DE00F94DFBB88EF9FE097
:10C9E0000F94C9BBBC0180E59DE00F94FDBB49E4F9
:10C9F000C42E4DE0D42E10E0BE016F5F7F4F812F1B
:10CA00000E94115AAE014F5F5F4F67E070E0C601B0
:10CA10000E9472591F5FBBE0CB0ED11C183061F72A
:10CA200081EA9DE00F94BBBB0E94E159811102C0D5
:10CA30000E94035A0E941B5D80E89CE00F94BBBBE0
:10CA40008F3F41F44EE050E060E87CE082EE92E0FF
:10CA50000F94CFBB85E09DE00F94D6588DEE9FE0FC
:10CA60000F94D65881EF9FE00F94D65860E08EEC7B
:10CA70009EE00E94A95961E087EA9CE00E94A959C2
:10CA800060E08FEA9FE00E94A95986EA9FE00F9438
:10CA9000BBBB8F3FD9F461E086EA9FE00F94DFBB18
:10CAA00030EBC32E3FE0D32E70E060E0C6010F9460
:10CAB000FDBBE2E0CE0ED11CFAEBCF16FFE0DF06A5
:10CAC00099F760E08FEA9FE00F94DFBB60E085EAB2
:10CAD0009FE00E94A95960E08FE79CE00E94A9595D
:10CAE00060E089E09FE00E94A95961E08CEA9DE046
:10CAF0000E94A95963E08BEA9DE00E94A95963E076
:10CB00008AEA9DE00E94A95961E089EA9DE00E94BD
:10CB1000A9596F98779880916A008F7B80936A00FB
:10CB200080916A00806880936A00EF9A84E0809325
:10CB3000970280916B0E811135C05198599A58987F
:10CB4000509A8AE0589A25E02A95F1F70000589803
:10CB500095E09A95F1F700008150A1F75098589A06
:10CB60008091B9008C7F8093B9008CE08093B800ED
:10CB700084EA8093BC0088E00F94501D811112C09C
:10CB80008AEE8093BB0084E88093BC0088E10F9418
:10CB9000501D811107C084E98093BC008AED9EE29C
:10CBA0000F949513023071F0033009F430C1013055
:10CBB00099F48AEF90E30F94951366E371E08CEE9D
:10CBC0009EE008C08BED90E30F9495136EE271E048
:10CBD0008EEE9EE00F9419BCE11006C088E690E34B
:10CBE0000F9495130E94E16580E80E94D3DC8823AE
:10CBF000B9F087EF9FE00F94BBBB60E0813061F438
:10CC00008BEF9AE30E94B5B467E1882329F088E2AC
:10CC100090E30F94951366E186EA9CE00F94DFBBE6
:10CC200083EF9AE30E94B5B4182F882329F08FE18F
:10CC30000E94D3DC11E01827F12CE12CF701EC5114
:10CC4000F54C6491C7010F94DFBBAFEFEA1AFA0A03
:10CC5000BAE0EB16F10491F7E3EFFAE36591749112
:10CC60008AE090E00F94FDBBE5EFFAE365917491E3
:10CC70008CE090E00F94FDBBE7EFFAE365917491CF
:10CC80008EE090E00F94FDBBE9EFFAE365917491BB
:10CC900080E190E00F94FDBB8FE59FE00F94BBBB5C
:10CCA000882309F4BFC080E00F94194383E0809388
:10CCB000970281E00E94A2540E94C85382E00E9421
:10CCC0005C5360E08EEF9EE00E94A9598093FA04C5
:10CCD00060E38DEF9EE00E94A95980935A0260E3C1
:10CCE0008CEF9EE00E94A9598093580260E08BEF80
:10CCF0009EE00E94A9598093FB0460E38AEF9EE0C6
:10CD00000E94A95980935B0260E389EF9EE00E9434
:10CD1000A9598093590260E088EF9EE00E94A959CA
:10CD20008093F904CE0101960E9477C7882389F089
:10CD300081E894E20F94A4BA8981882351F083E0BA
:10CD40009DE00F94BBBB8F3F21F08DE094E20F94E8
:10CD500095136FEF83E09DE00F94DFBB0E94454C7D
:10CD60008823D9F10F94E22B8CE89FE00F94BBBB92
:10CD7000182F80936A02C090F504D090F604E090DA
:10CD8000F704F090F8048BE89FE00F94BBBB682F8A
:10CD900070E090E080E00F9447B620E030E040EA99
:10CDA00050E40F94E2BC4B015C0101E0AC019B013B
:10CDB000C701B6010F946CBF18160CF000E0009389
:10CDC000F404A5019401C701B6010F946CBF1816B5
:10CDD0000CF052C081E00F94F2AF6C98749880917F
:10CDE0006A00816080936A0080916A008D7F8093E1
:10CDF0006A00EC9A64994FC00E94454C882309F45C
:10CE00004AC08EEE9AE30E94175D0F94E18682EA93
:10CE100090E30F9495136EE271E08EEE9EE00F9416
:10CE200019BCCBCE81E011113FCF0E94D3DC811120
:10CE300005C08AEB9FE20F94951338CF84E00E94DF
:10CE4000D3DC811103C084E49FE2F5CF80E10E942E
:10CE5000D3DC811104C088E694E30F94951388E035
:10CE60000E94D3DC811122CF80912405882309F40C
:10CE70001DCF82E29FE2DFCF113011F480E0ABCF13
:10CE800041E060E080E09FE20F9404438823B1F327
:10CE90000E947749A2CF0E94E0DC81E08093970254
:10CEA00088E198E20FB6F894A895809360000FBED1
:10CEB000909360008091600080648093600085E0C2
:10CEC000D82E90E0E92E90E0F92ECC24C39424E0F3
:10CED000B22E1092610E80911805882309F4C2C009
:10CEE000B09297020E944F4C882309F4BEC08091F3
:10CEF0006A02813009F0B9C085E195E00F94441DC4
:10CF00000E945D6680916902882389F068E873E178
:10CF100084E897E10F94151D811109C010926902F0
:10CF200080917414882309F4ACC00F94305480911C
:10CF3000861090918710892B09F45FC0109285109C
:10CF4000809171148823C1F10091751210917612AD
:10CF500005571F4E63EA7BE3C8010F94C2B9892BC2
:10CF600009F09CC010920317F80101900020E9F726
:10CF70003197BF01601B710BC8010F94966062E08E
:10CF800070E080EF92E00F94966080910317882301
:10CF900041F08BE898E60E94F05A80E695E20E9404
:10CFA000175D80917214882309F473C080918610F4
:10CFB00090918710892B11F00E94CD788091851077
:10CFC000811119C08091861090918710892B99F05A
:10CFD000E0917512F0917612E857FF4E8081823011
:10CFE00009F061C0F894D082818192810F941387F7
:10CFF00078940E945C5A0E9440630F94E22B0E9436
:10D000004F4C0E94886D809112058111109212057B
:10D0100080E00E945C530F947E1D8091140588234C
:10D0200079F010921405823009F449C0833009F474
:10D030004AC0813029F461E083E99BE30E94F16AF0
:10D0400080911305811107C0C092130581E00F94F0
:10D05000AC7610921305E114F10409F43ACF0E9462
:10D06000000037CFC09297023DCF60E177E285E1C3
:10D0700095E00F94151D882309F442CFB0926C0EF1
:10D080003FCF81E00F94F45D8091741481114DCFF6
:10D090004ECF88E895E20E94175D90CF0F944F53D2
:10D0A00086E795E2F8CF863009F0A3CF809173141C
:10D0B00081119FCFF894D08281E090E097CF61E01A
:10D0C00083E89BE3BBCF61E082E79BE3B7CF02E05D
:10D0D0008633914009F003E00E94C965E12C82EAA1
:10D0E00092EAA0E0B0E08093411890934218A09398
:10D0F0004318B09344181092B7041092B8041092D9
:10D10000B9041092BA042091DE063091DF064091F6
:10D11000E0065091E10660E070E08FE793E40F9441
:10D12000E2BD6093B3047093B4048093B50490930C
:10D13000B6041092AF041092B0041092B104109291
:10D14000B2042091EA063091EB064091EC06509132
:10D15000ED0660E070E08FE793E40F94E2BD60932A
:10D16000AB047093AC048093AD049093AE046D9ABD
:10D170009D9A809101018860809301018091AA04A9
:10D1800090E0B4E095958795BA95E1F78093A9046E
:10D190008AE090E09093A8048093A704C090540282
:10D1A000D0905502C6010E947EBE20E030E040E2F1
:10D1B00051E40F94D8BD87FD02C00C9476E020E1C5
:10D1C000C21AD108D0925502C0925402E7CF44E16E
:10D1D00050E0662389F0BC018EE395E00F94A8B976
:10D1E0001092520510923D0584E393E20E94175D70
:10D1F00081E080936D020895BC018EE395E00F9469
:10D200003BC2EECF9091D003891780F4913061F446
:10D2100080915305882351F040E25EE460E070E0C5
:10D2200083E595E00D94C71D80E0089581E00895A1
:10D23000EF92FF921F93CF93DF93EC01162F862F6F
:10D240000E9402E98823E9F0BE018EE395E00F9485
:10D2500069B97C0183E595E00F94741F1093D003A6
:10D26000109279071092F603EF2859F061E0CE0191
:10D270000E94E7E8DF91CF911F91FF90EF900D940E
:10D280004411DF91CF911F91FF90EF9008951F936C
:10D29000CF93DF93182FEB0180E00F94CB4180E018
:10D2A0000E94226D1092730E1092720E1092710EE7
:10D2B0001092700E0F94E22B80E00E94886D0E9405
:10D2C000C8534BE552E360E080E00E94A9534DE46F
:10D2D00052E361E080E00E94A95311501C30A0F499
:10D2E000E12FF0E08827E858F6418F4F0D94CBBC32
:10D2F00091E99AE9ACE9E9E9F2E9F5E9F8E9FBE94C
:10D3000004EA0DEA10EA19EA4BE352E362E080E036
:10D310000E94A9534DE252E363E080E00E94A953CA
:10D3200036C042E252E362E080E00E94A95345E148
:10D3300052E3F2CF4CE052E362E080E00E94A95356
:10D3400045E152E363E080E00E94A95363E082E19B
:10D350000E949553CE0119C046E052E362E080E09E
:10D360000E94A95362E082E10E949553CE010E947F
:10D3700088564EEF51E363E080E00E94A95363E0DA
:10D3800082E10E94955382EF92E00E94885668EEF7
:10D3900073E080E090E00F94F61A80E00F94CB41A8
:10D3A00064E670E080E090E00F94F61A0F94E22BB0
:10D3B00080E00E94886D0E94DF56882389F362E036
:10D3C00083E591E30E9418E9DF91CF911F910D94BD
:10D3D00044114EEE51E362E080E00E94A95346E022
:10D3E00052E3B0CF4DED51E3A7CF4CEC51E3A4CFC6
:10D3F0004FEB51E3F0CF43EB51E362E080E00E945A
:10D40000A9534EEA51E39ECF4EE951E362E080E03A
:10D410000E94A95346E951E395CF46E851E383CFF3
:10D4200046E851E362E080E00E94A95345E751E3FA
:10D4300073CF46E851E362E080E00E94A95363E0C5
:10D4400080E00E949553DF93CF9383E691E39F930F
:10D450008F930E946E530F900F900F900F9097CF65
:10D460008F929F92AF92BF92CF92DF92EF92FF92F4
:10D470000F931F93CF93DF93F82E6091650E7091F9
:10D48000660E8091670E9091680E0F9454BE4B010A
:10D490006B016091F5047091F6048091F70490910E
:10D4A000F8040F9454BEEB01FF2009F4A6C06B01F1
:10D4B000E40124EB922E90E080E09093730E809331
:10D4C000720E84E690E0F11002C090E080E090934C
:10D4D000710E8093700EE090240580E00F94C325B8
:10D4E0000F94E22B81E00E94886DB12CA12C85E085
:10D4F000882E8091180581111CC00F94E22B81E0C9
:10D500000E94886D00E911E020E042E06A2D87E08A
:10D51000F11001C088E00E94A5B9A82E8B2D682DBE
:10D520000F946ABC911102C00E94FE5AB394B910C4
:10D53000E0CF1092730E1092720E1092710E109234
:10D54000700E0F94E22BB601DD0C880B990B4E0187
:10D55000DD0FAA08BB08FF2009F454C00F9449B698
:10D560009B01AC016091F5047091F6048091F70481
:10D570009091F8040F94E2BC0F9454BEEB01C501E6
:10D58000B4010F9449B69B01AC016091650E709196
:10D59000660E8091670E9091680E0F94E2BC0F9416
:10D5A00054BE1091180511110CC0F1104BC0693018
:10D5B00071050CF04DC08EE190E011E0C817D9075D
:10D5C00034F462EF72E080E00E9447E910E08E2DB3
:10D5D0000F94C3250F94E22B81E00E94886D812F68
:10D5E000DF91CF911F910F91FF90EF90DF90CF903F
:10D5F000BF90AF909F908F9008959CE3992E88ECF8
:10D6000090E05BCF0F9449B69B01AC016091650E31
:10D610007091660E8091670E9091680E0F94E2BC37
:10D620000F9454BEEB01C501B4010F9449B69B01A0
:10D63000AC016091F5047091F6048091F70490912B
:10D64000F804ABCF89E090E06E3171050CF4B5CFF2
:10D6500062EF72E081E00E9447E9B9CF2F923F92DA
:10D660004F925F926F927F928F929F92AF92BF92F2
:10D67000CF92DF92EF92FF921F93CF93DF9300D070
:10D6800000D01F92CDB7DEB7182F682E712C812CD9
:10D6900020E8922E2CE5A22E23E4B22E813031F028
:10D6A000812C912C9FE7A92E93E4B92E10925C0255
:10D6B0000F94D21881E08093900260E070E080EADD
:10D6C00090E40E94165381E0012E01C0880F0A9455
:10D6D000EAF70F94011920E030E040E752E4C50179
:10D6E000B4010F94E3BC69837A838B839C83130119
:10D6F000220C331C220C331CC101895B984F9E8382
:10D700008D8329813A814B815C81FC01608171812B
:10D71000828193810F94E2BCED81FE8160837183ED
:10D720008283938360E070E084E392E40F943A97FD
:10D730000F947A3610933B021092C8031092C903DB
:10D740001092CA031092CB031092CC031092CD0317
:10D750001092CE031092CF03812F0F9466366B0187
:10D760007C0120E030E040EF52E4ED81FE816081F9
:10D770007181828193810F94E3BCED81FE8160838E
:10D7800071838283938360E070E084E392E40F947A
:10D790003A970F947A36A5019401ED81FE8160815C
:10D7A0007181828193810F94E3BCED81FE8160835E
:10D7B00071838283938360E070E084E392E40F944A
:10D7C0003A970F947A368FEF80933B026091CC03A7
:10D7D0007091CD038091CE039091CF032091C80327
:10D7E0003091C9034091CA035091CB030F942EBCD2
:10D7F0002D833F833F932F93F8E56F0E711C7F922B
:10D800006F928FE597E39F938F930F947DBA0F905C
:10D810000F900F900F900F900F908BE59FE01111DC
:10D8200002C08DE59FE06D817F810F9419BC812F2F
:10D830000F9466362B013C01A70196010F94E2BCC0
:10D840006B017C01E894F7F8C101895B984F9E83D6
:10D850008D8320E030E040E752E4FC01608171817B
:10D86000828193810F94E2BCED81FE81608371839C
:10D870008283938360E070E084E392E40F943A97AC
:10D880000F947A3629813A814B815C81ED81FE814A
:10D8900060817181828193810F94E2BCED81FE8170
:10D8A000608371838283938360E070E084E392E419
:10D8B0000F943A970F947A36812F0F9466369B0116
:10D8C000AC01C301B2010F94E2BC2B013C01E8940E
:10D8D00077F80F94D218FF92EF92DF92CF9286E101
:10D8E00093E29F938F930F947DBAA5019401C70192
:10D8F000B6010F94E2BC9F770F900F900F900F909E
:10D900000F900F9020E030E040EA50E40F946CBF9D
:10D9100018160CF453C07F926F925F924F9286E17B
:10D9200093E29F938F930F947DBAA5019401C30155
:10D93000B2010F94E2BC9F770F900F900F900F9061
:10D940000F900F9020E030E040EA50E40F946CBF5D
:10D950001816A4F1A3019201C701B6010F94E2BC0D
:10D960006B017C01E894F7F8FF92EF92DF92CF927F
:10D9700089EF92E29F938F930F947DBA0F900F904F
:10D980000F900F900F900F9020E030E040E85FE3A1
:10D99000C701B6010F946CBF18160CF444C0ED819A
:10D9A000FE8110821182128213820F94FA95812FC8
:10D9B0000E942BBB0F94C24181E01DC010929002C7
:10D9C00065EF72E0113011F063EF72E088E00E94C1
:10D9D00047E9F101E95BF84F10821182128213824C
:10D9E0000F94FA95812F0E942BBB81E080939002C7
:10D9F0000F94C24180E027960FB6F894DEBF0FBEA9
:10DA0000CDBFDF91CF911F91FF90EF90DF90CF902E
:10DA1000BF90AF909F908F907F906F905F904F904E
:10DA20003F902F90089565EF72E0113011F063EF91
:10DA300072E087E00E9447E9F101E95BF84F10824C
:10DA40001182128213820F94FA95812F0E942BBBB0
:10DA5000CFCF0F931F93CF93DF930E94C85381E0E2
:10DA60000E947A4B8DE59FE00F94C9BBEC018BE5DA
:10DA70009FE00F94C9BB182F092F84E39DE20E94F9
:10DA8000805361E080E00E949553DF93CF938AEB4F
:10DA900096E39F938F930E946E5382E08093970248
:10DAA00080E00E942EEB0F900F900F900F90882334
:10DAB00009F442C08DE59FE00F94C9BBEC0161E021
:10DAC0008AE00E949553BE0190E080E04AE00E9407
:10DAD000B15544E25DE262E080E00E94A95363E058
:10DAE00080E00E9495530F931F938DEA96E39F93D6
:10DAF0008F930E946E5381E00E942EEB0F900F9047
:10DB00000F900F908823C1F08BE59FE00F94C9BB65
:10DB1000EC0163E08AE00E949553BE0190E080E052
:10DB20004AE00E94B15543E863E083E10E94B553A7
:10DB30008AE090E00F94BB2D80E00E947A4B81E058
:10DB400080939702DF91CF911F910F910D94CFAEEB
:10DB50000F9444111092D00380912205811132C09C
:10DB600080913802811102C081E008958FEF0E94F8
:10DB700082B283E00E94E6580F94E31C6093A117E1
:10DB80007093A2178093A3179093A41781E08093BA
:10DB90003A0568EE73E080E090E00F94F61A0F9477
:10DBA000E22B81E00E94E65880E00E9482B28091E0
:10DBB000BB049091BC0445973CF462E08DE892E28E
:10DBC0000E9418E980E008958091BD049091BE0400
:10DBD000459754F662E089E792E2F2CF0E94A8ED01
:10DBE000882321F083EB92E20C94175D0895CF9384
:10DBF000DF93EC0180E00E9402E9882321F060E0DD
:10DC0000CE010E94E7E8CE01DF91CF910D94C0B420
:10DC1000CF93DF93EC0180E00E9402E9882331F08A
:10DC200061E0CE01DF91CF910C94E7E8DF91CF91D5
:10DC300008952F923F924F925F926F927F928F92B0
:10DC40009F92AF92BF92CF92DF92EF92FF920F938B
:10DC50001F93CF93DF938091690E813009F05FC0ED
:10DC600090915A0E80915B0E981359C080915C0E72
:10DC7000811155C0109279078CE29EE20E9408EE55
:10DC80001092690E82E080936C0E1092FA030F944A
:10DC900043360E94E94A60E070E080E291E40E942D
:10DCA000975280914407882321F18091450788236A
:10DCB00001F180E090E0A8E4B2E4809347079093FC
:10DCC0004807A0934907B0934A0780E090E0AEE38D
:10DCD000B3E480934B0790934C07A0934D07B09308
:10DCE0004E0760E070E084E392E40F943A970F945B
:10DCF0007A3680912205882309F4C6C09FB7F8942C
:10DD0000809102018B7F809302019FBF0F94B2220A
:10DD10000E94A56588E08093E3031092E20380915E
:10DD2000690E823009F068C090915A0E80915B0EA6
:10DD3000981362C080915C0E81115EC0809179075A
:10DD4000873031F0109279078FE19EE20E9408EE51
:10DD50001092690E82E080936C0E1092FA030F9479
:10DD60007A361092E1031092730E1092720E609147
:10DD70004702709148028091490290914A020E94A4
:10DD8000975280914407882351F180914507882359
:10DD900031F180913F0290914002A0914102B091F7
:10DDA00042028093470790934807A0934907B09396
:10DDB0004A078091430290914402A0914502B0919C
:10DDC000460280934B0790934C07A0934D07B09366
:10DDD0004E0760E070E088E492E40F943A978091F7
:10DDE0002205882309F477C09FB7F8948091020137
:10DDF0008B7F809302019FBF8091690E843009F070
:10DE0000A4C085EA9DE00F94C9BB30915A0E2091C1
:10DE10005B0E32136DC12091861030918710232B39
:10DE200009F066C1C0915E0EC11162C12091FA0372
:10DE3000211154C02CE02093FA034496BC0190E0D9
:10DE400080E00F9447B620E030E04AE754E40F94B6
:10DE5000E2BD4B015C01E091FA03E150EC3008F0C7
:10DE600074C0F0E08827E85CF0418F4F0D94CBBC84
:10DE70008AF286F21CF21CF21CF21CF2C5F134F19B
:10DE800030F1C3F076EF70EF1092E5030E9438593D
:10DE900080919D13813009F039CF809173138823CD
:10DEA00009F434CF8091E403823009F42FCF0E942B
:10DEB0004F4C81110E9493492091720E3091730E44
:10DEC00080916B0290916C02281739070CF41ECFD9
:10DED0000F94E67C1BCF1092E5038ECF2150ABCF81
:10DEE00065E08DE298E30E94706B2FC080919D13D6
:10DEF000813049F5D091F90361E08BE993E20E940A
:10DF0000F16A61E082E298E30E94F16A61E08BE1EC
:10DF100098E30E94F16A0F942553D817A1F08F3F20
:10DF200029F061E086E993E20E94F16A1F92DF9393
:10DF300087E198E39F938F930E948F6B0F900F90D0
:10DF40000F900F90C1E0C093F8038091690E833069
:10DF500009F0CEC09091FA03911109C0809379071E
:10DF600091E09093F60380936D028093FA03809181
:10DF7000FA03833009F590915A0E80915B0E981345
:10DF80001BC00F949D2210923E0280914C028F93F1
:10DF900080914B028F9382EC98E39F938F930E9422
:10DFA0008F6B86E19EE20E9408EE82E08093FA0386
:10DFB0000F900F900F900F908091FA03823009F02C
:10DFC00078C080913E02882309F473C01092F60352
:10DFD00084E09EE20E9408EE1092730E1092720E80
:10DFE000C091F203D091F3031091F4030091F50373
:10DFF00020E030E0A901F8016C2F7D2F8F2F9E2F9C
:10E000000F94D8BD81111FC020E030E0A9016091BC
:10E01000EE037091EF038091F0039091F1030F9460
:10E02000D8BD811110C020E030E0A9016091EA0361
:10E030007091EB038091EC039091ED030F94D8BDA8
:10E04000882309F47DC28091ED038F938091EC03C6
:10E050008F938091EB038F938091EA038F9380914C
:10E06000F1038F938091F0038F938091EF038F934F
:10E070008091EE038F930F931F93DF93CF938BEADF
:10E0800098E39F938F930E948F6B61E085EA93E200
:10E090000E94F16A8DB79EB70E960FB6F8949EBF98
:10E0A0000FBE8DBF87EE93E00F94441D81E08093F7
:10E0B000FA038091FA038130D9F460ED77E087EEBE
:10E0C00093E00F94151D882399F08EEB93E60E9440
:10E0D00008EE1092790782ED90E090934C028093C5
:10E0E0004B021092FA031092690E82E080936C0E3C
:10E0F0009091690E953099F4209186103091871097
:10E10000232B71F58091FA03823009F442C208F0A2
:10E110001CC2882309F42DC2813009F445C28091C4
:10E12000690E8630E9F490915A0E80915B0E981337
:10E1300017C08091861090918710892B89F4809167
:10E140005E0E81110DC08091FA03813009F47DC209
:10E1500008F444C2823009F461C2833009F442C237
:10E16000DF91CF911F910F91FF90EF90DF90CF90B3
:10E17000BF90AF909F908F907F906F905F904F90E7
:10E180003F902F9008950E94C8531092F70361E0CA
:10E1900085ED92E00F94E2AC80919D138130B9F44B
:10E1A0008091F80310E0811101C012E0C12FD0E08E
:10E1B000CC0FDD1FCB5FD74CFE018591949161E0C0
:10E1C0000E94F16A1F5F22961930B1F7BECE61E05E
:10E1D0008DEF97E30E94F16A20E030E040E850E4E0
:10E1E000C501B4010F9488B620E030E040E752E466
:10E1F0000F9416649F938F937F936F9382E48F9312
:10E2000080E78F931F921F92C0EFD7E3DF93CF93E6
:10E210000E948F6B20E030E040E051E4C501B40182
:10E220000F9488B620E030E84EE053E40F94166473
:10E230009F938F937F936F9383E48F938AE48F935D
:10E2400080E88F931F92DF93CF930E948F6B8DB7DF
:10E250009EB744960FB6F8949EBF0FBE8DBF75CE85
:10E2600066E084EE97E33FCE61E08AED97E30E949B
:10E27000F16A8EE38F938CE48F938CEC8F938DEC0B
:10E280008F9382ED97E39F938F930E948F6B61E052
:10E290008DEF97E30E94F16A61E082E993E20E94C8
:10E2A000F16A20E030E040E850E4C501B4010F9489
:10E2B00088B620E030E048EC51E40F9416649F9358
:10E2C0008F937F936F9301E40F9318EC1F931F922A
:10E2D0001F92C0EFD7E3DF93CF930E948F6BA5010E
:10E2E0009401C501B4010F94E3BC20E030E048EC98
:10E2F00051E40F9416649F938F937F936F930F93C2
:10E300001F931F921F92DF93CF930E948F6B20E089
:10E3100030E048EC52E4C501B4010F9416649F93B9
:10E320008F937F936F9382E48F931F931F921F921B
:10E33000DF93CF930E948F6B8DB79EB784960FB6F5
:10E34000F8949EBF0FBE8DBF20E030E040EA51E45C
:10E35000C501B4010F9416649F938F937F936F93BD
:10E3600081EC8F9380EA8F931F921F9285EC97E345
:10E370009F938F930E948F6B8DB79EB70A960FB6AF
:10E38000F8949EBF0FBE8DBFE0CD20E030E046E1A7
:10E3900053E4C501B4010F941664762E672E582EEF
:10E3A000492E20E030E040EA51E4C501B4010F9469
:10E3B0001664B62EA72E982E892EC5E0DFEF20EF2B
:10E3C000E22E27E3F22E31ECC32E40EAD42E05ECE8
:10E3D00017E34F925F926F927F926D2F0D2E000C7C
:10E3E000770B880B990B0F9449B620E030E046E19B
:10E3F00053E40F9488B69F938F937F936F93FF920C
:10E40000EF920E948F6B8F929F92AF92BF92CF92AA
:10E41000DF921F921F921F930F930E948F6BD195D3
:10E42000C1508DB79EB744960FB6F8949EBF0FBEED
:10E430008DBFC111CECF89CD23E43DEC4FE25DE32A
:10E44000C501B4010F94E2BC6B017C0120E030E017
:10E4500040EA51E4C501B4010F941664662E572EAC
:10E46000482E392EA7019601C501B4010F941664F8
:10E47000262EA72E982E892E84E0B82E90EA792E8B
:10E4800000EF17E3F7FAF094F7F8F094C5ECD7E350
:10E490003F924F925F926F9291E49F937F921F926F
:10E4A0001F921F930F930E948F6B8F929F92AF9238
:10E4B0002F92FF92EF92DF92CF92DF93CF930E9441
:10E4C0008F6B3F924F925F926F9281EC8F937F920E
:10E4D0001F921F921F930F930E948F6B8F929F9298
:10E4E000AF922F92FF92EF92DF92CF92DF93CF9372
:10E4F0000E948F6BBA948DB79EB788960FB6F8942A
:10E500009EBF0FBE8DBFB110C3CF1FCD69E083EB9F
:10E5100097E3E9CC8EEB93E60E9408EE1092FA03A3
:10E520001092690E82E080936C0E8FE59FE00F944D
:10E53000BBBB882309F4DCCD8CE00F94194305CDD7
:10E540008BE798E30E94F05AADCD8430A9F0C0F07B
:10E55000853009F0E4CD61E08FE993E20E94F16A31
:10E5600061E085E698E30E94F16A84E08093FA0313
:10E57000D6CD9093FA03EFCF0F947A3683E0F6CF9F
:10E5800010923D0261E08BE598E30E94F16A82E01F
:10E59000EDCF80913C02811105C061E085EA93E2F4
:10E5A0000E94F16A81E0E2CF1092FA031092690EA4
:10E5B00092E090936C0E80933D028FE59FE00F9464
:10E5C000BBBB882309F4CCCD80913C02811104C0EF
:10E5D00081E00F941943A3CD8EE0FBCF83E08093BD
:10E5E000FA03BECD8FEC9DE20F94951361E08FE9A5
:10E5F00093E20E94F16A61E088E498E30E94F16A84
:10E6000061E08EE398E30E94F16A80912405809393
:10E61000E60380E00F94C32582E0E1CF61E087E369
:10E6200098E30E94F16A41E060E088E99DE20F947E
:10E630000443811195CD1092730E1092720E809149
:10E64000E6030F94C32581E0CACF1092FA0310921B
:10E65000690E82E080936C0E20E041E062E070E0A1
:10E6600081E395EB0F949FAB83E08093F70378CD24
:10E670000F931F93809103018095817090911704EF
:10E680008917A1F180916E0E90916F0E8253944F75
:10E6900011F40F9438AE82E080936D0280910301F3
:10E6A00080958170809317040E94095580E00E9434
:10E6B000466D80911704882309F488C080917414F2
:10E6C000811105C00F94F45D81E08093C2148EEB3C
:10E6D00093E60E9408EE1092DF0361E082E394EF7C
:10E6E0000F94E2AC8AED93E00F94741F0F94E31C37
:10E6F0000091D6031091D7032091D8033091D9030C
:10E700000617170728073907E8F580916D02882357
:10E7100031F08AED93E00F94741F0E944A53E09108
:10E720006E0EF0916F0E199580916E0E90916F0E96
:10E73000855D924009F45BC080916E0E90916F0EE2
:10E7400021E0853E920709F073C080916D0282300E
:10E7500021F40E94095510923D0580916D02882395
:10E7600019F0815080936D020F94E31C6C597F4F18
:10E770008F4F9F4F6093D6037093D7038093D80336
:10E780009093D90380916B0E882399F080911C049B
:10E79000882379F060E177E282ED93E00F94151D14
:10E7A000882339F088E00F94C2B382ED93E00F9490
:10E7B000441D8091690E843009F051C08091610E32
:10E7C00081114DC01F910F910C9419EE109273148A
:10E7D0001092741483EB98E60E94F05A87E493E257
:10E7E0000E94175D86E59DE20E9408EE7FCF0E94A1
:10E7F000694C81110EC0E0916E0EF0916F0E309752
:10E8000039F50E94C8530F94441182E080936D0241
:10E810009CCF8091690E81118FCF40E95FE561E067
:10E8200070E08AED93E00F94C71D8111E4CF84CF8F
:10E83000855D924009F489CF40E355E760E070E0E0
:10E840008AED93E00F94C71D882309F47ECFD3CFC0
:10E8500081E08093D50319951092D503D2CF1F91F3
:10E860000F9108954F925F926F927F928F929F9235
:10E87000AF92BF92CF92DF92EF92FF920F931F93CE
:10E88000CF93DF93CDB7DEB72D970FB6F894DEBFE9
:10E890000FBECDBF8091A803813051F130F082309E
:10E8A00009F475C21092A803FDC08091C214882398
:10E8B00049F01092C21410926E020F94C25981E076
:10E8C00080936E020F944D589093B0038093AF03E2
:10E8D00080916B0E8111E0C089E09FE00F94BBBB7B
:10E8E0008093B20381E08093A8038FEF8093B103FC
:10E8F0008091B303811107C083EB93E00F94441D13
:10E9000081E080936D0280916D02811121C064EFDE
:10E9100071E083EB93E00F94151D8823A1F08091A3
:10E92000B1038F3F81F082E08093A8031092A90386
:10E930001092AC031092AB0383EB93E00F94441D51
:10E9400081E080936D0280916D02882309F4A6C056
:10E950008FEF8093B10383EB93E00F94441D0F94EA
:10E9600075AB10921905CE0101965C019EE3492E0C
:10E9700094E6592E80911905843008F093C01092C6
:10E980001C058091DF03882309F4A3C08FE39BE279
:10E990000F943BAE65E774E18EE195E10F942A8117
:10E9A000809175148F3209F097C08091E416882306
:10E9B00031F06DE47BEB86E39BE20F9418AB809023
:10E9C000AF039090B0037724739491E0891A910873
:10E9D00008F4D0C180911C0590911B058913C6C114
:10E9E0006091B203C4010F94366280911C0590E0DF
:10E9F00020913B0530913C056090BF14821793072E
:10EA000051F49092AE038092AD036092AA034091BC
:10EA100019054093B10340916D02662009F461C06D
:10EA20004423C9F040918A1405E714E1442311F00E
:10EA30000AE814E1609119054EE38217930709F083
:10EA400040E280E00E94B55385E80E94845362E171
:10EA5000C8010E94705680911C0590911A05992357
:10EA600009F484C120913B0530913C0582171306BF
:10EA700009F07CC110926E0261E085E794E10F9489
:10EA8000465B10923C0510923B050F9497AB709239
:10EA90006E020F9481AA99CF82E022CF0E94DF56A6
:10EAA000811156CF2D960FB6F894DEBF0FBECDBFA5
:10EAB000DF91CF911F910F91FF90EF90DF90CF905A
:10EAC000BF90AF909F908F907F906F905F904F908E
:10EAD000089583E69DE25CCF67E57BEB89EA96E3E8
:10EAE0006CCF4423B1F040918A1405E714E144232C
:10EAF00011F00AE814E1609119054EE382179307BB
:10EB000009F040E280E00E94B55363E1C8010E9431
:10EB1000705680911C0590911A05992309F426C11D
:10EB200020913B0530913C058217130609F01EC168
:10EB300010926E028091A6038111A9CF65E774E15E
:10EB4000C5010F9426C2750105E91FE0F701619127
:10EB50007F01662319F06E3209F044C060E0C801FD
:10EB60000F94DFBB6EE270E0C5010F9412C27C010E
:10EB7000892B19F02FEFE21AF20A670101E91CE074
:10EB8000E114F10421F0F6016081611101C060E03F
:10EB9000C8010F94DFBB0F5F1F4FFFEFCF1ADF0AD3
:10EBA00004392CE0120761F7C09013166C2D8AE52A
:10EBB0009FE00F94DFBB81E794E10AE01FE0D12CD6
:10EBC0007C01E9E0EE0EF11CDC14B9F048E050E005
:10EBD000B8018E5A9F4F0F94CFBBD394085F1F4F3D
:10EBE000C701EECFC8010F94DFBB0F5F1F4F0D3978
:10EBF000FFE01F0709F0AACFB5CF80916B0E8823E5
:10EC000091F0BF92AF925F924F920E948F6B61E042
:10EC10008AE394E60E94F16A0F900F900F900F9094
:10EC20000F94441134CF61E0C5010F947D5CC09016
:10EC30008017D0908117E0908217F09083179C2D59
:10EC40008D2DF1E0CF16F8E7DF06E104F10410F0B6
:10EC500090E088E7092F182F21E0C21628E7D20696
:10EC6000E104F10408F45CC088E7D81AE108F1086F
:10EC7000C0928717D0928817E0928917F0928A176E
:10EC8000C701B6010F9415540E94DD627092A5036E
:10EC900067E17BE2C8010F94FFA9809187179091EB
:10ECA0008817A0918917B0918A17409180175091C9
:10ECB0008117609182177091831784179507A607B3
:10ECC000B70790F5611030C020910617211103C0DD
:10ECD00080E090E0DC018C199D090F94D0A970921E
:10ECE00073140E945D668091861090918710892B25
:10ECF000A1F285EF92E20F94CD86811106C084EADD
:10ED000096E30F94CD86882311F066246394809156
:10ED10008510811102C00E945C5A10928510E3CFC9
:10ED2000C12CD12C7601B0CF0F94F1A91092A5037C
:10ED30000F94B55D8EEB93E60E9408EE611061CFF3
:10ED40008AE0C82EF12CE12C0AE31EE221E43EE227
:10ED500041E060E085E29BE20F943142182F81E0B0
:10ED60000E94A254112309F44CCF5ACF8F5F809395
:10ED70001C052BCE0F9449AB809119058F5F8093B2
:10ED8000190580911B058F5F80931B05F3CD809142
:10ED9000A70311E0811105C080916D02811101C0AE
:10EDA00010E08091AB039091AC03892B91F46091BA
:10EDB000B2038091AD039091AE030F9436628091BF
:10EDC0008A14811146C085E794E19093AC03809347
:10EDD000AB0311111092A9036CE271E083EB93E095
:10EDE0000F94151D811103C0112309F45BCE80918E
:10EDF000AA0302E1811101C003E14EE36091B10376
:10EE000080E00E94B5538091AA03882319F085E819
:10EE10000E940C552091A9038091AB039091AC0303
:10EE2000602F820F911D0E947056811115C083EBD7
:10EE300093E00F94441D8091A9038F5F8093A903F1
:10EE4000112309F42FCE1092B30381E08093A8031D
:10EE500029CE8AE894E1B9CF1092B303F1CF61E0F3
:10EE600080ED93E60E94F16A82E0809379078AE45C
:10EE70009FE50E9408EE0F94441183E080936D0299
:10EE800008950E94A8ED882329F11092A5038AE431
:10EE90009FE50E9408EE0F947A3688E08093790708
:10EEA0000E9438591092180560E070E080E89FE3F6
:10EEB0000E94FA4C1092E20380919C03823011F47C
:10EEC0000F941F360E948D4B82EA92E20E94175DDA
:10EED000109279070895CF93DF93EC0180E00E94B0
:10EEE00002E9882331F060E0CE01DF91CF910C94EC
:10EEF000E7E8DF91CF9108950F946C599F938F931A
:10EF000087EC96E39F938F930F947DBA0F900F90A9
:10EF10000F900F900895EF92FF920F931F93CF934E
:10EF2000DF930E94ACC8C82F89E39CE2C11183C063
:10EF300086EF9BE20F94951310928F1710928E1705
:10EF4000D09196170F9464598C01BC0190E080E039
:10EF50000F9447B620E030EC4FE756E40F94E2BD43
:10EF600020E030E040EA50E40F9488B69F938F93FE
:10EF70007F936F9386E297E39F938F930F947DBA6D
:10EF80000F900F900F900F900F900F900D3586E21D
:10EF90001807E8F184E49BE20F9495130F946459E9
:10EFA0007C01BC0190E080E00F9447B620E030EC9B
:10EFB0004FE756E40F94E2BD20E030E040EA50E431
:10EFC0000F9488B69F938F937F936F938AEF96E306
:10EFD0009F938F930F947DBA0F900F900F900F9087
:10EFE0000F900F908FE2E81683E1F80680F461E05D
:10EFF000033D1A4308F060E0D61741F0609396177E
:10F0000088E49DE00F94DFBB0E947CF7C1E08DE8AF
:10F0100097E10E9499578EEB9BE2CC2361F084E943
:10F020009BE20F949513DF91CF911F910F91FF9069
:10F03000EF900D94F463DF91CF911F910F91FF90AA
:10F04000EF900D949513CF93DF93C82FDFB766230E
:10F0500089F1F8940F949D2281E080936A0E1092BA
:10F06000E1030E9477490F94B4980E94DD621092E8
:10F07000A5030F94D436DFBF1092E2030F944336FA
:10F0800080910617882321F0109273140F944F5328
:10F0900085EE92E20E94175D1092A513C1111092A5
:10F0A000180581E08093690E10926C0EDF91CF916C
:10F0B0000D944411F89481E080936A0E1092E1035C
:10F0C0000E9477490F94B4980E94DD621092A503C4
:10F0D0000F94D436DFBFD4CF60E081E00C9423F8E6
:10F0E000CF92EF92FF920F931F934130A9F42AE041
:10F0F000C22EF12CE12C0AE31EE221E43EE240E0C4
:10F1000061E00F943142813069F41F910F91FF90BB
:10F11000EF90CF900C946CF8423021F4CB010F9417
:10F120009513F3CF1F910F91FF90EF90CF9008951B
:10F130008CEA9CE00F94BBBB882311F081E008951A
:10F1400080918D178823D1F30E94ACC88111F6CF2E
:10F1500040910104442391F36DEB7EE2CB010E94C8
:10F1600070F881E09091690E913009F480E0089583
:10F170001F93CF93DF93109100041123E9F0EC016A
:10F1800085EA9DE00F94C9BB8C179D07A9F0412F1C
:10F1900067E47EE284E99EE20E9470F880916B0E43
:10F1A00081110AC01092FF0360E081E395EBDF91CB
:10F1B000CF911F910D94E2ACDF91CF911F910895F3
:10F1C000CF92DF92EF92FF92CF936B017C0182E0AE
:10F1D0008093790787EF9EE50E9408EE10928F17C3
:10F1E00010928E1720E030E044E352E46091530720
:10F1F0007091540780915507909156070F94E2BC87
:10F200006093530770935407809355079093560764
:10F210006AE077E58DEA92E40F943A970F947A3694
:10F2200020E030E04CE052E46091530770915407C5
:10F2300080915507909156070F94E2BC6093530755
:10F2400070935407809355079093560769E27CE5C5
:10F2500085E891E40F943A970F947A3620E030E0F5
:10F26000A901C701B6010F94D8BD8823E1F0A70119
:10F2700096016091530770915407809155079091C2
:10F2800056070F94E3BC6093530770935407809321
:10F2900055079093560760E070E080E291E40F9488
:10F2A0003A970F947A3681EF98E20F941213149ADA
:10F2B00064E670E080E090E00F94F61A82E00F942C
:10F2C000CB41C3E30E94DF56811107C0C15029F032
:10F2D00084E690E00E943370F5CF0F947A360E9456
:10F2E000DF56882329F084E690E00E943370F7CF40
:10F2F00081E00E94A2548EEB93E60E9408EE1092E9
:10F3000079070F9456148DE897E1CF91FF90EF9015
:10F31000DF90CF900C9499572F923F924F925F922B
:10F320006F927F928F929F92AF92BF92CF92DF9215
:10F33000EF92FF920F931F93CF93DF9300D000D0F3
:10F3400000D0CDB7DEB705EA13E11F830E832E8010
:10F350003F801982F10161817281838194819B01D7
:10F36000AC010F94F1C0882309F47CC089810F940B
:10F3700040A420E030E048EB51E40F94E3BC6B0183
:10F380007C0120E030E04CEF52E40F94E2BC2B0112
:10F390003C0120E030E044E653E4C701B6010F949D
:10F3A000E2BC4B015C0120E030E040EC51E4C701DD
:10F3B000B6010F94E2BC6B017C01EE81FF812181DB
:10F3C000328143815481C301B2010F9488B6A501F3
:10F3D00094010F9488B620E030E942EA56E40F9495
:10F3E000E2BD6A837B838C839D83EE81FF812585CB
:10F3F000368547855089C701B6010F9488B6A501A7
:10F4000094010F9488B620E030E942E256EC0F9464
:10F41000E2BD9B01AC016A817B818C819D810F944F
:10F42000E3BC4B015C01EE81FF81218D328D438D68
:10F43000548DC701B6010F9488B6A30192010F94B1
:10F4400088B620E030E942EA56E40F94E2BD9B0121
:10F45000AC01C501B4010F94E3BCF1016183728377
:10F4600083839483F4E02F0E311C29812F5F29833D
:10F47000273009F06FCF8E819F814C969F838E83BA
:10F480008956944109F063CF19870887F1E0F98321
:10F49000C8018B5A9F4F9F838E83180199EA290ECA
:10F4A000311CE885F985658D768D878D90A19B014E
:10F4B000AC010F94F1C0882309F479C089810F94BD
:10F4C00040A420E030E040EA50E40F94E3BC6B013C
:10F4D0007C0120E030E048ED52E40F94E2BC2B01C7
:10F4E0003C0120E030E042E553E4C701B6010F944F
:10F4F000E2BC4B015C0120E030E040EC50E4C7018D
:10F50000B6010F94E2BC6B017C01EE81FF8120818A
:10F510003181428153810F9488B6A50194010F94E3
:10F5200088B620E030E942E256EC0F94E2BD6A83EF
:10F530007B838C839D83F8012181328143815481B7
:10F54000C301B2010F9488B6A50194010F9488B647
:10F5500020E030E942EA56E40F94E2BD9B01AC01A1
:10F560006A817B818C819D810F94E3BC4B015C019E
:10F57000F1012081318142815381C701B6010F948D
:10F5800088B6A30192010F9488B620E030E942EAE0
:10F5900056E40F94E2BD9B01AC01C501B4010F9488
:10F5A000E3BCE885F985658F768F878F90A3888582
:10F5B00099854C969987888799819F5F9983963022
:10F5C00009F06FCF0C5F1F4FE3E1013C1E0709F00C
:10F5D0005BCF29960FB6F894DEBF0FBECDBFDF918B
:10F5E000CF911F910F91FF90EF90DF90CF90BF9040
:10F5F000AF909F908F907F906F905F904F903F90D3
:10F600002F9008952F923F924F925F926F927F9228
:10F610008F929F92AF92BF92CF92DF92EF92FF9222
:10F620000F931F93CF93DF93CDB7DEB767970FB6D6
:10F63000F894DEBF0FBECDBF082FCE0146969F8B3C
:10F640008E8B83E0F82E95E1292E0F94D59F0093A1
:10F650008513402F64E5CE0101960F94B39F498135
:10F660005A816B817C818D810F94FC7461E081E013
:10F670000F941B7C182F811107C00F94179F0F94B4
:10F68000BB7B0F94A97CE1CF0F947A360F940BA02B
:10F69000813079F10F94A97C92E0F91209C08EECC7
:10F6A0009EE00F94BBBB813019F4802F0F94907DA6
:10F6B000FA94F110CACF8091610E882309F4EFC04B
:10F6C00067960FB6F894DEBF0FBECDBFDF91CF9126
:10F6D0001F910F91FF90EF90DF90CF90BF90AF9070
:10F6E0009F908F907F906F905F904F903F902F9062
:10F6F000089560917A1370E090E080E00F9449B62D
:10F700009B01AC0160E070E08CE592E40F94E2BCF8
:10F71000362E872E982EE92E262F372F482F592F39
:10F7200060E070E080E291E40F94E2BD2B013C01C7
:10F73000EEE3F5E0822D11928A95E9F710923D05EE
:10F74000832D982DA92DBE2DBC01CD01912C312CDE
:10F75000E12C5B016C01D7FAD094D7F8D09420E06B
:10F7600030E048E452E40F94D79F90915A0E809174
:10F770005B0E981709F449C0112331F00F940BA0C8
:10F7800011E0813009F010E083E00F94663620919B
:10F7900053073091540740915507509156070F94E5
:10F7A000E2BCA30192010F9488B60F94C1BD0F94DF
:10F7B0005BBE862EE616C1F0E32DE43108F0E3E1EE
:10F7C000332433943E0E8FEF111101C08DE2F0E02F
:10F7D000E25CFA4F808391E090936D0280916E021B
:10F7E000811102C00F940A1E90E080E00E943370E5
:10F7F000E82C8091610E882309F4B7CF10E037C060
:10F80000C601B50199249394AACF91E09912F8CF3B
:10F810000F94D59F111108C08FEC9EE00E94C8592B
:10F8200080ED9EE00E94BB5944E150E06EE375E03C
:10F83000CE0101960F943BC2FE013196819187FD66
:10F840002CC080E3DF0111978C938E899F898E17DE
:10F850009F07A1F71D8A83EB98E60E94F05A8EEF6E
:10F860009BE30E94F05ACE0101960F94C0B483E549
:10F8700095E00F94741F112309F40CCF802F0F947F
:10F88000536400932C138091A1139091A2130196BD
:10F890009093A2138093A11313CF81E3D3CF8AE275
:10F8A00090E890932F1380932E1361E081E00F94E2
:10F8B0001B7CC7CECF93DF93D82F0F94D464C82F6F
:10F8C0008823D9F0809184138D17B9F00E94AB4C36
:10F8D000811102C00F94E67C0F944A6410928F1736
:10F8E00010928E170F947A368D2F0E9402FB8DE8AE
:10F8F00097E10E9499570F94C9648C2FDF91CF91A3
:10F900000895CF93C82F682F8DE191E30F94F89E4F
:10F910008C2F0E945AFC0F947A360F94E67C0F9439
:10F92000F59E81E0CF91089580E00E9481FC81E006
:10F930000E9481FC82E00E9481FC83E00E9481FCA5
:10F9400084E00E9481FC0D9456140E9481FC0D9469
:10F950005614CF92DF92EF92FF920F931F93CF93A3
:10F96000DF9300D01F92CDB7DEB7809196178F3FFF
:10F9700031F480919D13813011F00E948BF70F9428
:10F980009D22D090E5038FEF8093E50389E5E82E73
:10F9900087E3F82E03E517E320E030E048E452E483
:10F9A0006091650E7091660E8091670E9091680E61
:10F9B0000F946CBF18168CF020E030E048E452E45D
:10F9C0006091F5047091F6048091F7049091F80429
:10F9D0000F946CBF18160CF040C084E79CE20F94A3
:10F9E000121342E864E080E00E94B5536091650E16
:10F9F0007091660E8091670E9091680E0F9454BEC0
:10FA00007F936F93FF92EF920E946E5381E80E9462
:10FA1000845340E864E089E00E94B5536091F504A6
:10FA20007091F6048091F7049091F8040F9454BEFD
:10FA30007F936F931F930F930E946E5381E80E94F0
:10FA4000845388EE93E00E9433700E94FE5A0FB6F2
:10FA5000F894DEBF0FBECDBF9FCFD092E50381E00B
:10FA60000E94A2540E94C85343EA5CE260E080E036
:10FA70000E94A95381E00E947A4B81E00E94226D8E
:10FA800060ED77E080E090E00F94F61A82E08093DA
:10FA9000970200ED17E021E043E060E080E00E9483
:10FAA000A5B9F82E83E00E94E65880E00E9482B259
:10FAB00062E082E00E940BB380E00E94E658C090B2
:10FAC000BB04D090BC0494E1C916D1045CF121E0E0
:10FAD00043E06F2D81E00E94A5B9F82E8FEF0E94C0
:10FAE00082B263E085E00E940BB380E00E9482B2A4
:10FAF0008091BD049091BE0484319105CCF462EFF5
:10FB000072E085E00E9447E996E4C916D1049CF4AE
:10FB100008E813E121E043E06F2D8DE00E94A5B9D4
:10FB2000E12C59C162EF72E086E00E9447E9F0CF14
:10FB30008634910554F460E081E00E9488B281111E
:10FB400076C162EF72E089E0F0CF86E4C816D10496
:10FB500094F700ED17E021E043E06F2D82E00E9472
:10FB6000A5B9F82E1C9B18C01C9B16C020E030E0E5
:10FB700040E251E460914F07709150078091510726
:10FB8000909152070F94E3BC60934F077093500716
:10FB9000809351079093520760E070E084E392E411
:10FBA0000F943A970F947A361C9B4BC11A82198294
:10FBB0001C821B821C9B06C067EF72E0CE0101967F
:10FBC0000F9407C2BE016F5F7F4F82E00E9447E93A
:10FBD00010E00F94E22B81E00E94886D112309F45C
:10FBE00097CF00ED17E021E043E06F2D84E00E9405
:10FBF000A5B9F82E80E00E942EEB882309F488CF67
:10FC000010E000E021E043E06F2D84E00E94A5B900
:10FC10000CED15E021E043E0682F85E00E94A5B9D6
:10FC2000F82E81E00E942EEB882309F471CF10E0BA
:10FC300000E021E043E06F2D86E00E94A5B9F82E98
:10FC40000F94D21810929002E0E9FDE3859195910E
:10FC5000A591B4918093470790934807A0934907D3
:10FC6000B0934A07E4E9FDE365917591859194911C
:10FC700020E030E040E850E40F94E3BC60934B0791
:10FC800070934C0780934D0790934E0760E070E0AF
:10FC900080E291E40E9497520E94F04C0CED15E036
:10FCA00021E043E06F2D86E00E94A5B950E040E0DE
:10FCB00061E082E00E94015E60E070E080EA91E431
:10FCC0000E94975260E070E080E291E40E949752B7
:10FCD00010E000E021E042E060E08EE00E94A5B983
:10FCE00080E00F94C415E82E21E042E061E08EE050
:10FCF0000E94A5B981E00F94C415E82221E042E0FA
:10FD000062E08EE00E94A5B9F82EEE2009F400CF43
:10FD100061E088EF9EE00F94DFBB00ED17E021E08B
:10FD200043E06F2D87E00E94A5B9F82E81E00E9484
:10FD300030EA882309F4ECCE08EE13E021E043E03A
:10FD40006F2D88E00E94A5B9F82E80E00E9430EA6D
:10FD5000E82E882309F4DCCE00ED17E021E043E033
:10FD60006F2D89E00E94A5B990919D13913059F5AE
:10FD700021E043E0682F8AE00E94A5B9F82E90E0C8
:10FD800080E00E94B0BDD82E10E000E021E041E00C
:10FD900060E08AE00E94A5B910926C0210926B029A
:10FDA0008D2D0E945AFC0F94E67C8FEA90E0909390
:10FDB0006C0280936B0200ED17E021E043E06F2DB1
:10FDC0008BE00E94A5B908E813E121E043E0682F29
:10FDD0008CE00E94A5B91092D00361E085EF92E219
:10FDE0000E94F16A81E00E94A254EE2061F181E05C
:10FDF0000E94F4CA87E99CE20E9408EE0F94441125
:10FE000080E00E947A4B80E00E94226D81E0809326
:10FE100097028E2D0F900F900F900F90DF91CF9142
:10FE20001F910F91FF90EF90DF90CF90089561E0C8
:10FE300080E00E9488B281118CCE62EF72E085E092
:10FE400074CE11E0C6CE62E083E591E30E9418E92A
:10FE5000D7CF0C94A9FCCF93DF93D82F0F94D46401
:10FE6000C82F882359F188EC90E00F943EA382E0DC
:10FE70000F94CB416D2F8BE392E60F94F89E0F9475
:10FE80004A6410928F1710928E17809184138336D4
:10FE900029F062E185E494E60F94AB648D2F0E9413
:10FEA00002FB0E943EB383E00F94CB418DE897E1C3
:10FEB0000E9499570F94C9640F94F59E8C2FDF917F
:10FEC000CF9108951F93CF93DF93C82F162F0F94D0
:10FED000D464D82F8823A9F010928F1710928E1710
:10FEE000C33611F1C83791F0CF3339F484E690E08E
:10FEF0000F943EA3812F0E942BFF8DE897E10E9473
:10FF000099578D2FDF91CF911F91089510926C0218
:10FF100010926B02812F0E945AFC8FEA90E090931E
:10FF20006C0280936B02E9CF84E690E00F943EA3CD
:10FF30000E943EB3E2CF0E942BFF0E945D490F94C6
:10FF40007A360F9444110F94E2448EEB93E60E94AC
:10FF500008EE109279070D945614CF93DF9300D0DA
:10FF60001F921F92CDB7DEB7482F68E5CE010196EC
:10FF70000F94B39F49815A816B817C818D810F944D
:10FF8000FC740F900F900F900F900F90DF91CF9116
:10FF9000089580E00C94ADFF1F93CF93DF9300D0C2
:10FFA0001F921F92CDB7DEB7182F0F94D464882309
:10FFB000D9F0412F62E5CE0101960F94B39F49819C
:10FFC0005A816B817C818D810F94FC7460E080E0AC
:10FFD0000F941B7C882369F32091491330914A13B5
:10FFE00030939A13209399130F900F900F900F90C6
:10FFF0000F90DF91CF911F910895FF920F931F9360
:020000022000DC
:10000000CF93DF931F92CDB7DEB7CE0101960F9449
:10001000242510E000E085E0F82ED19911C00F945E
:10002000E22B0E3D1105C9F7CE0101960F9417255D
:10003000C8010F90DF91CF911F910F91FF9008950C
:10004000D19A80912305882361F3109223050E94A1
:1000500030710F943F298091220581111BC0F09EC1
:10006000F001F19EF00D1124E658F84F80911E0525
:1000700090911F05A0912005B09121058083918367
:10008000A283B38380911D0584830F5F1F4F0F945C
:10009000102EC7CF10E000E0C7CFFC01808188237D
:1000A00021F0813029F482E001C081E0808308954D
:1000B00010820895FC019491903249F087EF890FE6
:1000C000823028F081E09D3019F080E0089581E0D1
:1000D0000895883E23E0920710F087EE93E008959C
:1000E00090912805809127052FEF3FEF891771F038
:1000F000E92FF0E0E65DFA4F208130E09F5F8091CC
:100100002605981708F090E090932805C9010895F6
:100110009091D00095FFFCCF8093D60090E080E0D6
:100120000895CF92DF92EF92FF920F931F93CF9398
:10013000DF938C01EA0190E050E06150770B292FAA
:1001400030E0261737072CF0552319F190E050E0E6
:10015000F6CF7801E20EF31EF7018081D9011196E6
:100160006801CA0EDB1EF6014081481780F4F701D2
:100170004083F6018083209749F0FE01E20FF31FD0
:100180008081AC0FBD1F2C9120838C9351E09F5F29
:10019000D6CFDF91CF911F910F91FF90EF90DF901D
:1001A000CF900895813041F028F0823039F08330CB
:1001B00071F00895A09A0895A29A08959FB7F894AF
:1001C000809108018062809308019FBF08959FB7C6
:1001D000F894809108018061F6CF813041F028F0D9
:1001E000823039F0833071F00895A0980895A29874
:1001F00008959FB7F894809108018F7D809308013E
:100200009FBF08959FB7F894809108018F7EF6CF25
:100210008EBD0DB407FEFDCF8EB508952F923F928F
:100220004F925F926F927F928F929F92AF92BF9206
:10023000CF92DF92EF92FF920F931F93CF93DF93B2
:10024000CDB7DEB72E970FB6F894DEBF0FBECDBF89
:1002500020901F063090200640901E0550901F05EC
:1002600060902005709021052114310439F481E05B
:100270008093F605812C912C5401F9C0B101032C17
:10028000000C880B990B0F9449B6A30192010F94AF
:10029000E2BC6B017C018091F605882391F01092FD
:1002A000F2051092F3051092F4051092F5051092E4
:1002B000EE051092EF051092F0051092F1051092E4
:1002C000F6052091DA063091DB064091DC0650916C
:1002D000DD06C701B6010F9488B669837A838B83E4
:1002E0009C832091F2053091F3054091F4055091E3
:1002F000F505C701B6010F94E3BC4B015C012091E9
:10030000B7042D873091B80439871091B904009152
:10031000BA04412F502F0F94D8BD87FD17C080918C
:10032000B3048D879091B40499871091B50400911E
:10033000B6049C01412F502FB401C5010F946CBF2E
:10034000181624F08D8699861A2D0B2D8D8599858A
:10035000A12FB02F8093F2059093F305A093F4059D
:10036000B093F5052091DE063091DF064091E0065E
:100370005091E106BC01812F902F0F9488B66D83B8
:100380007E838F8398872091EA053091EB05409119
:10039000EC055091ED05C301B2010F94E2BC209130
:1003A000E2063091E3064091E4065091E5060F9491
:1003B00088B620ED3CEC4CE45DE30F9488B64B012D
:1003C0005C0123E333E343E75FE36091EE05709163
:1003D000EF058091F0059091F1050F9488B69B018F
:1003E000AC01C501B4010F94E3BC4B015C018092E8
:1003F000EE059092EF05A092F005B092F1052D81E7
:100400003E814F81588569817A818B819C810F94CF
:10041000E3BCA50194010F94E2BC4B015C0120E018
:1004200030E04FE753E40F946CBF20E030E0A901C7
:1004300018160CF06DC1C701B6010F946CBF1816E9
:1004400084F4A70196016D857985812F902F0F94F3
:10045000E2BC6093F2057093F3058093F4059093EA
:10046000F505812C912C3FE7A32E33E4B32E409267
:10047000EA055092EB056092EC057092ED056091F3
:10048000560270915702072E000C880B990B0F949F
:1004900049B69B01AC01C301B2010F94D8BD87FFDF
:1004A00057C1232809F454C1C501B4010F9454BEA7
:1004B0007595679560931D05209118063091190672
:1004C0003A83298340901A0650901B0660901C06C0
:1004D00070901D06B901330F880B990B0F9449B624
:1004E000A30192010F94E2BC6B017C012091E6060E
:1004F0003091E7064091E8065091E9060F9488B6DE
:100500006D837E838F8398872091FF05309100064D
:100510004091010650910206C701B6010F94E3BC59
:100520005B018C013091AF043E878091B0048D87D0
:100530003090B1042090B204232F382F432D522D38
:10054000B501C8010F94D8BD87FD18C09091AB04C8
:100550009E872091AC042D873090AD042090AE048E
:10056000292F3D85432D522DB501C8010F946CBF35
:10057000181624F0AE86BD86302E212E8E859D85E0
:10058000A32DB22D8093FF0590930006A093010642
:10059000B09302062091EA063091EB064091EC06FA
:1005A0005091ED06BC01832D922D0F9488B669877A
:1005B0007A878B879C872091FB053091FC054091C1
:1005C000FD055091FE05C301B2010F94E2BC2091DC
:1005D000EE063091EF064091F0065091F1060F942F
:1005E00088B620ED3CEC4CE45DE30F9488B64B01FB
:1005F0005C0123E333E343E75FE36091F705709128
:10060000F8058091F9059091FA050F9488B69B0141
:10061000AC01C501B4010F94E3BC4B015C018092B5
:10062000F7059092F805A092F905B092FA0540926C
:10063000FB055092FC056092FD057092FE05298530
:100640003A854B855C856D817E818F8198850F947D
:10065000E3BCA50194010F94E2BC4B015C0120E0D6
:1006600030E04FE753E40F946CBF20E030E0A90185
:1006700018160CF070C0C701B6010F946CBF1816A5
:1006800084F4A70196016E857D85832D922D0F94AC
:10069000E2BC6093FF05709300068093010690937F
:1006A0000206812C912C9FE7A92E93E4B92E20E01D
:1006B00030E04AEF52E4C301B2010F94D8BD87FF86
:1006C0006DC0C501B4010F9454BE759567956093D4
:1006D0001E0689819A81892B11F410921E062E968E
:1006E0000FB6F894DEBF0FBECDBFDF91CF911F9143
:1006F0000F91FF90EF90DF90CF90BF90AF909F90C1
:100700008F907F906F905F904F903F902F900895C3
:10071000C501B4010F94D8BD87FFA9CE20E030E019
:10072000A901C701B6010F94D8BD87FFA3CDA701CA
:1007300096016D857985812F902F0F94E2BC60938F
:10074000F2057093F3058093F4059093F50592CD2F
:1007500010921D05B1CEC501B4010F94D8BD87FF1D
:10076000A6CF20E030E0A901C701B6010F94D8BDA3
:1007700087FF10C0A70196016E857D85832D922D80
:100780000F94E2BC6093FF0570930006809301060E
:1007900090930206812C912C540189CF10921E0651
:1007A00098CF8091720E9091730E90932006809353
:1007B0001F068091700E9091710E90931906809390
:1007C00018060895813041F120F0823009F445C0C7
:1007D0000895179880910901817091E06927861723
:1007E00059F090910B01662389F0916090930B0171
:1007F000EBE4F0E03197F1F791E096B9882341F00E
:1008000080910B01816080930B0108959E7FEECF54
:1008100080910B018E7FF7CF16989091090181E0AE
:10082000292F227091FF80E0861759F080910B01EB
:10083000662379F0826080930B018BE490E001974E
:10084000F1F782E086B980910B01222321F08260CA
:10085000DACF8D7FF0CF8D7FD6CF1598909109019B
:1008600081E0292F247092FF80E091E069278617AC
:1008700059F090910B01662391F0946090930B01D5
:10088000EBE4F0E03197F1F794E096B9861709F4BC
:10089000BCCF80910B01222321F08460B4CF9B7FD9
:1008A000EDCF8B7FB0CF80912505811125C0809140
:1008B000C00087FF3DC08091C00084FF03C08091CD
:1008C000C60008954091C60020919D0430919E0479
:1008D000C90101968F77992760919F047091A004B8
:1008E0008617970729F1235E3B4FF90140839093C8
:1008F0009E0480939D041CC08091C80087FF18C08F
:100900008091C80084FF03C08091CE00089540917B
:10091000CE0020919D0430919E04C90101968F77ED
:10092000992760919F047091A00468177907D9F600
:10093000089523E0811121E080E06BE173E04BEC4E
:1009400057E03FB7F89490910201946090930201B0
:100950003FBFFB013197F1F73FB7F8949091020147
:100960009B7F909302013FBFFA013197F1F78F5FB0
:100970008213E7CF08958AE02BE831E04FB7F8946F
:10098000909102019460909302014FBFF901319759
:10099000F1F74FB7F894909102019B7F9093020179
:1009A0004FBFF9013197F1F7815041F708950F9446
:1009B00075AB1092190580911905843098F5109245
:1009C0001C0586E298E20F943BAE43E551E060E3FC
:1009D00074E5809100040E947DDD45EA52E06AE200
:1009E00074E58091FD030E947DDD45EF51E06EEEE0
:1009F00079E58091FC030E947DDD47ED52E06BE8D4
:100A000075E2809101040E947DDD0F9449AB8091D5
:100A100019058F5F8093190580911B058F5F809367
:100A20001B05C9CF089581E094E00F944D006091BB
:100A3000010480E29CE00D94DFBB8CEF93E00F9407
:100A40004D006091FC0383EA9DE00D94DFBB8DEFC8
:100A500093E00F944D006091FD0384EA9DE00D94B6
:100A6000DFBB80E094E00F944D006091000488EAC1
:100A70009DE00D94DFBB8091951760E0811101C06E
:100A800061E06093951787E49DE00D94DFBBEDE88E
:100A9000F7E1618181E06827618387E09FE00D9441
:100AA000DFBBEDE8F7E1628181E06827628385EDD5
:100AB0009EE00D94DFBBE4EEF6E1608181E0682703
:100AC00060838BEB9FE00D94DFBB8091EB04813062
:100AD00071F020F0823069F483E001C081E08093FE
:100AE000EB046091EB0487ED9EE00D94DFBB82E0A8
:100AF000F6CF1092EB04F5CF6091380281E06827C1
:100B00006093380287E89FE00F94DFBB8091380242
:100B1000811102C01092E4030895CF93DF93809176
:100B2000FE038C33E1F0803501F1883291F088E2E8
:100B30008093FE03C0E9D1E06091FE0387EA9DE067
:100B40000F94DFBBBE0185EA9DE0DF91CF910D944C
:100B5000FDBB8CE38093FE03C8E5D2E0EDCF80E5DA
:100B60008093FE03C0E2D3E0E7CF89E18093FE03E8
:100B7000CAEFD0E0E1CF0F9475AB109219058091C8
:100B80001905843008F06EC010921C0583E69DE2C2
:100B90000F943BAE80918D1769EF72E6882311F0B8
:100BA0006DEF72E622E043EE51E080E89AE20F94A6
:100BB00004AD80918D17882309F441C08330D9F4A6
:100BC00022E04BE152E067EA7AE287EF93E50F9487
:100BD00004AD22E04BE152E067EA7AE28BEE93E566
:100BE0000F9404AD80919517882301F18130A1F114
:100BF0000F943B0524C080918F1769EF72E688231C
:100C000011F06DEF72E622E04FEA52E087EF93E5D4
:100C10000F9404AD80918E1769EF72E6882311F06E
:100C20006DEF72E622E04FEC52E0D8CF22E045EEC5
:100C300050E061E47EE281EE93E50F9404AD0F9401
:100C400049AB809119058F5F8093190580911B0531
:100C50008F5F80931B0593CF22E045EE50E06BED54
:100C600073E5E9CF089589EA9DE00C94D4598CEAA4
:100C70009CE00F94BBBB882361F010929D131092EF
:100C80004B13109230138CEA9CE00E94D4590D94BF
:100C90005C530E9413BFF7CF86ED9EE00F94BBBB61
:100CA00061E0823009F062E086ED9EE00D94DFBBEA
:100CB0008EEC9EE00F94BBBB60E0813009F061E0F8
:100CC0008EEC9EE00D94DFBB8FEA9FE00F94BBBBE0
:100CD00061E0811160E08FEA9FE00D94DFBB89E065
:100CE0009FE00F94BBBB61E0882321F062E081307C
:100CF00009F060E089E09FE00F94DFBB81E0809322
:100D0000C214089587EA9CE00F94BBBB811105C013
:100D10008091A6038150883010F080E0089581E032
:100D2000089581E090918D17911180E00C94C9573E
:100D30000D94F463EF92FF920F931F938091B5038C
:100D4000811135C080EC9FE00F94BBBB813061F511
:100D50008FEB9FE00F94BBBB082E000C990B909378
:100D6000B7038093B6038EEB9FE00F94BBBB082EB6
:100D7000000C990B9093B9038093B8038DEB9FE01F
:100D80000F94BBBB082E000C990B9093BB03809370
:100D9000BA038CEB9FE00F94BBBB082E000C990BA1
:100DA0009093BD038093BC0381E08093B5030F94BF
:100DB00075AB1092190580911905843008F062C056
:100DC00010921C050F941DAA8823E9F06091B603C8
:100DD0008FEB9FE00F94DFBB6091BA038DEB9FE038
:100DE0000F94DFBB6091BC038CEB9FE00F94DFBBE3
:100DF0006091B8038EEB9FE00F94DFBB61E080EC65
:100E00009FE00F94DFBB83E69DE20F943BAEF12C95
:100E1000E12C04E610E02CE93FEF40E166EB73E0E3
:100E20008AE39BE40F94C5AB2CE93FEF40E168EB0C
:100E300073E08BE29BE40F94C5AB2CE93FEF40E1FC
:100E40006AEB73E08CE19BE40F94C5AB2CE93FEFB8
:100E500040E16CEB73E08DE09BE40F94C5AB6DEF6C
:100E600070E086E199E20F9418AB0F9449AB809142
:100E700019058F5F8093190580911B058F5F809303
:100E80001B0599CF1F910F91FF90EF9008950F943C
:100E900075AB1092190580911905843058F51092A0
:100EA0001C058CEF9AE20F943BAE67EA72E084EE89
:100EB0009BE40F94EEAD69EE72E08DED9BE40F9430
:100EC000EEAD67E071E086ED9BE40F94EEAD69EF67
:100ED00070E08DEC9BE40F94EEAD0F9449AB8091E4
:100EE00019058F5F8093190580911B058F5F809393
:100EF0001B05D1CF08950F9475AB10921905809101
:100F000019058430F8F410921C058FE39BE20F94CE
:100F10003BAE6BE371E084EC98E40F94EEAD67E4D4
:100F200072E08EEB98E40F94EEAD0F9449AB809194
:100F300019058F5F8093190580911B058F5F809342
:100F40001B05DDCF08950F9475AB109219058091A4
:100F50001905843028F510921C058FE39BE20F944D
:100F60003BAE61E771E084EC98E40F94EEAD65E888
:100F700072E08EEB98E40F94EEAD6FE671E088E6D8
:100F800098E40F94EEAD0F9449AB809119058F5FF3
:100F90008093190580911B058F5F80931B05D7CF28
:100FA0000895CF93DF93CDB7DEB72F970FB6F894A0
:100FB000DEBF0FBECDBFFC01DE01119690E09D01AA
:100FC000849141E0490F882329F08D933196942F25
:100FD0004D30B1F7F901E90FF11D8AE380839F5F7E
:100FE000F901E90FF11D80E29E3019F081939F5FB6
:100FF000FBCF1F867F936F933F932F9381E29BE5F7
:101000009F938F930E946E530F900F900F900F90AD
:101010000F900F902F960FB6F894DEBF0FBECDBF86
:10102000DF91CF910895EF92FF921F93CF93DF93BB
:1010300000D000D01F92CDB7DEB78091A7038111F9
:1010400018C081EA9DE00F94BBBB182F0E94E159A4
:10105000882379F080E10E94D3DC882351F02BE0D3
:10106000129FC0011124805B924F0F94C9BB892B42
:10107000F1F48091A803882371F081EA9DE00F9438
:10108000BBBB2BE0829FC00111246FEF7FEF805B21
:10109000924F0F94FDBB0E94DF5621E0811120E0AA
:1010A00041E070E060E085E292E00F949FAB209118
:1010B0003B0530913C052115310559F081E01216B0
:1010C00013060CF080E08093A80310923C05109268
:1010D0003B0581EA9DE00F94BBBB1BE0819FB00103
:1010E0001124675B724F47E050E0CE0101967C010E
:1010F0000F94ABBB0E94C15381EA9DE00F94BBBB30
:10110000819FC0011124805B924F0F94C9BBBC0129
:10111000990F880B990B0F9449B620917E06309158
:101120007F0640918006509181060F94E2BD209188
:10113000A803222319F13EE320E21F923F931F925E
:101140002F939F938F937F936F93FF92EF928DE6F0
:101150009CE49F938F930E946E530FB6F894DEBF6A
:101160000FBECDBF27960FB6F894DEBF0FBECDBF22
:10117000DF91CF911F91FF90EF90089530E22EE321
:10118000DCCF80912505813051F4109225056091C6
:10119000250588E09FE00F94DFBB0C9471BF81E0D0
:1011A00080932505F4CF1092DA030E94C153EBEB34
:1011B000F4E0428153812CE3249FC001259F900DD0
:1011C00011249F938F9382EB9CE29F938F93408196
:1011D0005181249FC001259F900D11249F938F93CF
:1011E0008DEB9CE29F938F9385E89AE59F938F9375
:1011F0000E946E538DB79EB70A960FB6F8949EBFA5
:101200000FBE8DBF0D94CFAECF93DF930E94C1531D
:101210008BE59FE00F94C9BBEC018DE59FE00F9437
:10122000C9BBDF93CF939F938F938DEE98E49F93E9
:101230008F9383E69BE59F938F930E946E538DB7A8
:101240009EB708960FB6F8949EBF0FBE8DBFDF9174
:10125000CF910D94CFAE1092DA030E94C1536091EA
:10126000650E7091660E8091670E9091680E0F94D6
:1012700054BE80E394E50F94D1076091F50470911A
:10128000F6048091F7049091F8040F9454BE8BE11A
:1012900094E50F94D107609157067091580680919C
:1012A000590690915A060F9454BE8FEC98E40F940F
:1012B000D107609198037091990380919A0390915E
:1012C0009B030F9454BE88EC99E50F94D1070D94BD
:1012D000CFAE0F931F93CF93DF931092DA0384E680
:1012E0009FE00F94BBBBC82F85E69FE00F94BBBB6C
:1012F000D82F86E69FE00F94BBBB182F88E69FE0AF
:101300000F94BBBB082F0E94C1531F920F931F92D3
:101310001F9388E898E49F938F931F92DF938EE842
:1013200098E49F938F931F92CF938BE998E49F93B8
:101330008F938AEA98E49F938F938CEE9AE59F931C
:101340008F930E946E538DB79EB742960FB6F89456
:101350009EBF0FBE8DBFDF91CF911F910F910D9456
:10136000CFAEEF92FF920F931F93CF93DF93109224
:10137000DA030E94C15383E09FE00F94C9BB0F942E
:101380006900F82EE92E85E09FE00F94C9BB0F9409
:101390006900182F092F81E09FE00F94C9BB0F94BB
:1013A0006900EC018FEF9EE00F94C9BB0F946900B8
:1013B000EF92FF920F931F9328E838E43F932F9307
:1013C000DF93CF932EE838E43F932F939F938F932F
:1013D0008BE998E49F938F9389E798E49F938F9389
:1013E0008CEE9AE59F938F930E946E538DB79EB7B4
:1013F00042960FB6F8949EBF0FBE8DBFDF91CF917E
:101400001F910F91FF90EF900D94CFAE0F931F930C
:10141000CF93DF931092DA030E94C1538091A313FC
:101420009091A4130F946900182F092F80ED9EE06E
:101430000F94C9BB0F946900EC0183ED9EE00F94FB
:10144000C9BB0F9469000F931F932FE338E43F93B8
:101450002F93DF93CF932FE438E43F932F939F9301
:101460008F938EE598E49F938F9389E798E49F93F9
:101470008F938FEB9AE59F938F930E946E538DB756
:101480009EB740960FB6F8949EBF0FBE8DBFDF91FA
:10149000CF911F910F910D94CFAECF93DF93109208
:1014A000DA030E94C1538FEC9EE00F94BBBB90E027
:1014B0000F946900EC0182ED9EE00F94BBBB90E0BD
:1014C0000F946900DF93CF932FE438E43F932F9379
:1014D0009F938F938EE598E49F938F938AEA98E485
:1014E0009F938F9380EA9AE59F938F930E946E5308
:1014F0008DB79EB70C960FB6F8949EBF0FBE8DBFEA
:10150000DF91CF910D94CFAE0E94C15380E29CE455
:101510000E9480530D94CFAE0E94C1538BEE9BE48A
:101520000E9480530D94CFAE813021F48EEB99E56B
:101530000C9480538AEB99E5FBCF2F923F924F9208
:101540005F926F927F928F929F92AF92BF92CF9253
:10155000DF92EF92FF920F931F93CF93DF93CDB75C
:10156000DEB7A0970FB6F894DEBF0FBECDBF48E040
:1015700050E065EE7FE0CE0141960F94ABBB48E0B2
:1015800050E06DED7FE0CE0109960F94ABBB48E0D3
:1015900050E065ED7FE0CE0101960F94ABBB8D84EA
:1015A0009E84AF84B888E0E9FDE3259135914591AB
:1015B0005491CD80DE80EF80F884E4E9FDE38591ED
:1015C0009591A591B4918D8F9E8FAF8FB8A38D8982
:1015D0009E89AF89B88D898F9A8FAB8FBC8FC501DB
:1015E000B4010F9488B62B013C012D8D3E8D4F8D9B
:1015F00058A1C701B6010F9488B69B01AC01C30185
:10160000B2010F94E3BC298D3A8D4B8D5C8D0F9404
:10161000E3BC20E030E040E950E40F94E3BC1B0160
:101620008C01E8E9FDE32591359145915491ECE970
:10163000FDE34590559065907490C501B4010F94F9
:1016400088B64B015C01A3019201C701B6010F945A
:1016500088B69B01AC01C501B4010F94E3BC298D90
:101660003A8D4B8D5C8D0F94E3BC20E030E040E977
:1016700050E40F94E3BCF62EE72ED82EC92E0E941C
:10168000C15389EA9AE49F938F938FEA9AE49F93D8
:101690008F9380E897E39F938F9384EB9AE49F93D3
:1016A0008F9388E799E59F938F930E946E5362E032
:1016B0008BE00E9495530FB6F894DEBF0FBECDBFEE
:1016C00020E030E048E453E4622D732D802F912F09
:1016D0000F946CBF87FF57C01F930F933F922F92B9
:1016E00080E799E59F938F930E946E530F900F9020
:1016F0000F900F900F900F9063E08BE00E94955336
:1017000020E030E048E453E4D701F6016B2F7E2D52
:101710008F2F9C2D0F946CBF87FF3AC0CF92DF9222
:10172000EF92FF9280E799E59F938F930E946E530B
:101730000F900F900F900F900F900F900E94DF5618
:10174000882341F020E041E070E060E089E291E030
:101750000F949FABA0960FB6F894DEBF0FBECDBF1F
:10176000DF91CF911F910F91FF90EF90DF90CF907D
:10177000BF90AF909F908F907F906F905F904F90B1
:101780003F902F90089587EA9AE20E948053B4CF49
:1017900087EA9AE20E948053D1CF89ED98E50C94B4
:1017A000175DAF92BF92CF92DF92EF92FF920F93AD
:1017B0001F93CF93DF936C010E944A53E601F12CF3
:1017C000E12C6F2D80E00E949553C6010F945A00C2
:1017D000882329F08FEFC81AD80A09F449C0C60136
:1017E0000F9479B98431910510F084E190E0E6011D
:1017F000C80FD91FE3E0FE120AC0843141F4FE0194
:101800008491E12C882319F02297EE24E394FE01C1
:101810008491882309F440C0CE010F945A008111AD
:101820003BC0FE01849192ED980F9230A8F18C326A
:1018300099F196EC980F923078F18F3369F18132FB
:1018400059F18E01C016D10658F45801F1E0AF1AD3
:10185000B108C5010F945A0081111DC08501F2CF56
:10186000C016D106C9F0E801F39484E0F812A9CFBC
:10187000EE20F9F048E863E083E10E94B553CE0121
:10188000DF91CF911F910F91FF90EF90DF90CF905C
:10189000BF90AF900895E801CC16DD0628F7F60159
:1018A00084918A3009F30E940C55FFEFCF1ADF0AAA
:1018B000F3CFD0E0C0E0E3CF8AE09AE40F94D10BFD
:1018C0000D94CFAE0E94385A1092B5030895CF936D
:1018D000DF934EEE5AE460E080E00E94A95340E8B6
:1018E00057E361E080E00E94A95362E080E00E943B
:1018F000955385EE9FE00F94C3BB9F938F937F9387
:101900006F931F9288E58F93C7E7DDE5DF93CF9351
:101910000E946E5363E080E00E94955389EE9FE041
:101920000F94C3BB9F938F937F936F931F9289E50F
:101930008F93DF93CF930E946E538DB79EB74096DF
:101940000FB6F8949EBF0FBE8DBFDF91CF910D945F
:10195000CFAECF92DF92EF92FF9280E69FE00F949E
:10196000C3BB6B017C010E94C1538EE38F9380E85F
:101970008F931F921F9288EC9AE49F938F938DE32D
:101980008F9385EF8F9382EC8F9380E98F9384ED13
:101990009AE49F938F9380E897E39F938F9380EED1
:1019A0009AE49F938F938DE899E59F938F930E947C
:1019B0006E5360E08FE00E9495538DB79EB74296BC
:1019C0000FB6F8949EBF0FBE8DBF20E030E048EC0C
:1019D00052E4C701B6010F94D8BD87FF2EC020E0A6
:1019E00030E044E353E4C701B6010F9488B62BED11
:1019F0003FE049E450E40F94E2BD9F938F937F93BF
:101A00006F9386E899E59F938F930E946E530F9092
:101A10000F900F900F900F900F900E94DF56882329
:101A200089F020E041E070E060E081ED91E0FF901E
:101A3000EF90DF90CF900D949FAB87EA9AE20E94DF
:101A40008053EBCFFF90EF90DF90CF9008952F92CF
:101A50003F924F925F926F927F929F92AF92BF920E
:101A6000CF92DF92EF92FF920F931F93CF93DF936A
:101A700070915C0E711104C070915D0E772399F026
:101A8000DF91CF911F910F91FF90EF90DF90CF905A
:101A9000BF90AF909F907F906F905F904F903F90DE
:101AA0002F900D9438AE7091A803711109C07091F8
:101AB0009002109290027093A90371E07093A803B2
:101AC00019016A01C62FD92F982E80913B0590915C
:101AD0003C05892B09F471C00E948D4B80915A0EF0
:101AE0008F5F803109F480E090915B0E981709F4C4
:101AF00064C084E0C89F80011124F801E95BF84FBD
:101B00005F0160913B0570913C05072E000C880B2E
:101B1000990B0F9449B6F50120813181428153819F
:101B20000F94E3BC2B013C01B601DD0C880B990B33
:101B30000F9449B66B017C01AC019B01C301B2015A
:101B40000F94D8BDF50187FD7DC04082518262822D
:101B50007382B101330C880B990B0F9449B62B019A
:101B60003C01C801895B984F7C01A3019201FC01F3
:101B700060817181828193810F946CBF18162CF45F
:101B8000F701408251826282738210923C0510926A
:101B90003B056BE477E087E497E00E94604FF80133
:101BA000E750FD4F60817181828193810E94914B4A
:101BB0000F943A9781E080936D0280916D028823A3
:101BC00011F161E080E00E94955384E0C89FF0012C
:101BD0001124E95BF84F83818F9382818F938181F8
:101BE0008F9380818F93DF939F928EE59DE59F93E6
:101BF0008F930E946E53EDB7FEB738960FB6F894E8
:101C0000FEBF0FBEEDBF8091D503811104C080914E
:101C1000A703882321F08091A90380939002DF918C
:101C2000CF911F910F91FF90EF90DF90CF90BF90D9
:101C3000AF909F907F906F905F904F903F902F90CC
:101C40000D94CFAEC082D182E282F38282CF2FEF99
:101C500030E050E040E060E082E89DE50D94270D23
:101C600024ED30E04CEF5FEF61E085E89DE50D94F9
:101C7000270D22ED30E050E040E062E088E89DE58D
:101C80000D94270D80916406811103C082E00D94AC
:101C90001CAE81E0FCCF5F934F937F936F93282F0F
:101CA000082E000C330B3F938F9385E698E59F93A6
:101CB0008F930E946E532DB73EB7285F3F4F0FB6EC
:101CC000F8943EBF0FBE2DBF99E0981B892F0C944E
:101CD0008B53CF93DF930E94C153C091720ED0916A
:101CE000730E6091650E7091660E8091670E9091F3
:101CF000680E0F9454BEAE0182E80F944B0E60E064
:101D00008AE00E949553C091700ED091710E209779
:101D100081F06091F5047091F6048091F704909140
:101D2000F8040F9454BEAE0180E8DF91CF910D947A
:101D30004B0E8AE0DF91CF910C948B531092DA0313
:101D40000F94690E45E759E461E080E00E94A953D1
:101D500062E080E00E9495538091A603833071F188
:101D600038F4813050F084E699E40E94805305C035
:101D7000853021F1C0F38830B1F30E94DF56811124
:101D800009C08091A6038150823028F58091911777
:101D9000882309F180916406811113C083E00F94B8
:101DA0001CAE8091A603823071F0833081F08130C7
:101DB00091F461E083E299E50C94F16A81E599E49C
:101DC000D4CF82E0ECCF81E08093A603F2CF61E034
:101DD00086E993E2F1CF0895CF92DF92EF92FF92DE
:101DE0000F931F93CF93DF931092DA0360915D06F8
:101DF00070915E06072E000C880B990B0F9449B664
:101E000020E030EC4FE756E40F94E2BD20E030E0F4
:101E100040EA50E40F9488B627ED30E344E45EE3F3
:101E20000F94E2BDEB01182F092F60915B067091B2
:101E30005C06072E000C880B990B0F9449B620E026
:101E400030EC4FE756E40F94E2BD20E030E040EA8A
:101E500050E40F9488B627ED30E344E45EE30F943A
:101E6000E2BDF62EE72ED82EC92E0E94C153CF9286
:101E7000DF92EF92FF920F931F93DF93CF938FE345
:101E80009BE59F938F930E946E530F946459BC01FE
:101E900090E080E00F9447B620E030EC4FE756E446
:101EA0000F94E2BD20E030E040EA50E40F9488B6A1
:101EB0009F938F937F936F938BE29BE59F938F9379
:101EC0000E946E538DB79EB740960FB6F8949EBF92
:101ED0000FBE8DBFDF91CF911F910F91FF90EF90BB
:101EE000DF90CF900D94CFAEEF92FF920F931F93A0
:101EF000CF93DF938091A803882329F090916D02FE
:101F0000923009F078C181E08093A8038091E416B3
:101F10008093A903882321F08AEA93E00F94046355
:101F20000F9475AB1092190583EAE82E8BE5F82E15
:101F3000C2E7DBE50EEA13E080911905843008F072
:101F40007FC110921C058FE39BE20F943BAE8EE1A4
:101F50009CE50F943BAE81E19CE50F943BAE8CEF8A
:101F60009BE50F943BAE8CEE9BE50F943BAE87E177
:101F700099E50F943BAE85E099E50F943BAE84EF75
:101F800098E50F943BAE80E897E30F943BAE80EE6C
:101F90009BE50F943BAE86ED9BE50F943BAE8CEC3E
:101FA0009BE50F943BAE80E897E30F943BAE8BE448
:101FB00099E40F943BAE81EC9BE50F943BAE80E837
:101FC00097E30F943BAE81EB9BE50F943BAE0F94F0
:101FD0006C590F943BAE80E897E30F943BAE809131
:101FE0009D13813009F027C18DE399E40F943BAE36
:101FF0008CEA9BE50F943BAE80911C058150990BB8
:1020000020911B052817190649F580916D02882338
:1020100029F16091190586E00E94955380919D13E6
:10202000813009F003C180917D1390917E1320913E
:102030007F13882309F4FAC01F922F931F929F9356
:102040001F928F93FF92EF920E946E538DB79EB7AF
:1020500008960FB6F8949EBF0FBE8DBF8091A9035E
:10206000882309F440C080E897E30F943BAE82E8F0
:102070009BE50F943BAE80E89BE50F943BAE8091CF
:102080001C058150990B20911B052817190659F53D
:1020900080916D02882339F16091190582E00E94D8
:1020A00095538091AD031F928F938091AC031F9243
:1020B0008F938091AB031F928F938091AA031F92FD
:1020C0008F93DF93CF931F930F930F94D2BA8EEA1F
:1020D00093E00E9488568DB79EB70C960FB6F89481
:1020E0009EBF0FBE8DBF80915F0690916006A0914C
:1020F0006106B0916206892B8A2B8B2B09F440C0B4
:1021000080E897E30F943BAE84E299E40F943BAEF2
:102110008EE79BE50F943BAE80911C058150990B97
:1021200020911B052817190659F580916D02882307
:1021300039F16091190582E00E9495538091620601
:102140001F928F93809161061F928F9380916006FA
:102150001F928F9380915F061F928F93DF93CF938F
:102160001F930F930F94D2BA8EEA93E00E94885681
:102170008DB79EB70C960FB6F8949EBF0FBE8DBF5D
:1021800080E897E30F943BAE63E671E083E199E466
:102190000F94EEAD6DE872E085E099E40F94EEAD3A
:1021A00061E672E089EF98E40F94EEAD63E472E0CB
:1021B0008DEE98E40F94EEAD69E172E080EE98E464
:1021C0000F94EEAD6BE672E087ED98E40F94EEAD00
:1021D00063EB72E088EE98E50F9418AB0F9449AB6F
:1021E000809119058F5F8093190580911B058F5F82
:1021F00080931B05A1CE9091A903992309F490CE59
:102200004091AA035091AB036091AC037091AD0370
:10221000452B462B472B09F083CE8F5F803119F079
:102220008093A8037DCE1092A8037ACE85E399E42B
:102230000E94805313CF84E99BE50F943BAE0ECFF1
:10224000DF91CF911F910F91FF90EF9008958091B2
:10225000A803811117C00E94C85388E698E40E9421
:1022600080538AE30E94845361E08AE00E94955380
:1022700088EA9CE00F94C3BB4AE00E94B15581E01C
:102280008093A8030D94CFAE0E94095510923D058E
:1022900020E041E070E060E085EE91E00F949FABBC
:1022A0001092F7031092A603089561E082E29EE582
:1022B0000E94F16A0D94441161E08CE19EE50E9458
:1022C000F16A0D94441161E088E19EE50E94F16A93
:1022D0000D94441161E084E19EE50E94F16A0D9441
:1022E00044110E94C85349E45BE460E080E00E942E
:1022F000A95380914B0290914C0220913B05309163
:102300003C05820F931F823321E0920750F181E355
:1023100091E090934C0280934B0210923C051092F6
:102320003B0562E081E00E94955380914C028F93BF
:1023300080914B028F938CE99DE59F938F930E9430
:102340006E530E94DF560F900F900F900F908823CE
:1023500071F083E08093690E0F94441182E00C9435
:102360005C538A309105A8F68AE090E0D2CF0895B8
:102370000F931F93CF93DF93EC01CB01BA014A81F6
:10238000413029F088F0423009F14330D1F48B819B
:10239000811125C082E08A8363E08CEB96E50E9480
:1023A00018E985E08B830DC0A90198010F946CBFDB
:1023B00018163CF463E0888199810E9418E981E055
:1023C0008A83DF91CF911F910F9108958B818111A5
:1023D00006C08881998123E02A8363E0E0CF8150A1
:1023E000E1CFCF93DF9390911805911121C0C62FB3
:1023F000D82F882311F180E696E5662311F08EE64A
:1024000096E563E00E9418E98BE898E60E94F05A8E
:102410008DE396E5C11102C08BE196E50E94175D40
:1024200080E00F94C2B38AE5D1118BE50F94C2B35B
:1024300080E0DF91CF910C94485D87EF95E56623AE
:1024400011F087E096E563E00E9418E98BE898E6D2
:102450000E94F05A8EED95E5C111E0CF86EC95E52E
:10246000DDCF82E00E94466D9FB7F894E2E0F1E094
:102470008081846080839FBF2FEF89E698E121509F
:1024800080409040E1F700C000009FB7F894808141
:102490008B7F80839FBF08958091380269EF72E639
:1024A000882311F06DEF72E622E041E552E08FE102
:1024B00094E50D9404ADEF92FF920F931F9388EC77
:1024C000E82EF12C07E211E030E020E040E162E785
:1024D0007EE080E394E50F94C5AB92E3E92EF12C06
:1024E00008E710E030E020E040E160E77EE08BE1CB
:1024F00094E50F94C5AB2FE7E22EF12C0FEF10E01F
:1025000030E020E048E065EE73E081E194E50F946F
:10251000C5AB1F910F91FF90EF90089586ED9EE05F
:102520000F94BBBB69EF72E6813011F46DEF72E678
:1025300022E041EC52E084EE99E50F9404AD8EEC7C
:102540009EE00F94BBBB22E045E351E06DEF72E6E5
:10255000813011F069EF72E68AE094E50F9404ADE2
:1025600089EA9DE00F94BBBB6BE77DE2882311F005
:1025700068E67DE222E049ED51E081E094E50D94CA
:1025800004ADCF92DF92EF92FF920F931F93CF9300
:10259000DF93D82F6B017A01C22F40E2811101C075
:1025A0004EE363E080E00E94B553C6010E94805371
:1025B00040E2D13009F44EE363E08C2F0E94B55322
:1025C000C7010E9480530115110519F1C8010F942C
:1025D00079B9D82EC7010F9479B9CE5F93E19D19CF
:1025E0008C0F891708F4892F833108F082E140E2CB
:1025F000D23009F44EE363E00E94B553C801DF9185
:10260000CF911F910F91FF90EF90DF90CF900C949E
:102610008053DF91CF911F910F91FF90EF90DF904A
:10262000CF900895CF93DF93EC0180E00E94A254F5
:102630000E94C853CE01DF91CF910D94D10BCF9260
:10264000DF92EF92FF9280E090E0A8ECB2E48093FA
:102650004F0790935007A0935107B093520765E539
:1026600075E585E591E40F943A9780ED97E00E9437
:1026700033708FE09DE40F9412136091720E70918D
:10268000730E072E000C880B990B0F9449B69B0113
:10269000AC016091650E7091660E8091670E90910D
:1026A000680E0F94E2BC9F7720E030E040EA50E4EF
:1026B0000F946CBF1816A4F58FE09DE40F941213CD
:1026C00064E080E00E9495536091720E7091730EE9
:1026D000072E000C880B990B0F9449B620E030E0D0
:1026E00040E05FE30F94E3BC0F9454BE6B0120E025
:1026F00030E040E05FE36091650E7091660E80917E
:10270000670E9091680E0F94E3BC0F9454BEA6011F
:1027100082E80F944B0E88EE93E00E943370ADCFA9
:10272000FF90EF90DF90CF900895CF92DF92EF92DD
:10273000FF920F931F93CF93DF93D82EC92E01E002
:1027400080916E02811101C000E010926E028D2D09
:102750009C2D0F9412137C010E94DA5684E0809322
:102760009702E701209729F449E863E083E10E949A
:10277000B55314E682E390E00E9433700E94DF5666
:10278000882381F0209781F482E080939702009360
:102790006E02DF91CF911F910F91FF90EF90DF902C
:1027A000CF900895115031F7E114F104D9F2209738
:1027B00011F4CD2DDC2DCE010F941213EC01D2CFEC
:1027C00080919D13813061F489E79DE40F94951306
:1027D00084E08093A60361E086E29EE50C94F16AB2
:1027E0008FE29DE40F94951380E00E94A2540E9412
:1027F000C8534BE352E662E080E00E94A95381E0B7
:10280000E8CFCF93C82F10927907179A10924407F8
:10281000169A10924507149A1092710E1092700E2B
:10282000682F86EA9FE00F94DFBB6C2F8FEA9FE052
:102830000F94DFBBCC2379F08BED9DE50E94175DF3
:1028400083E79BE40F94951381E00E94A25482E0F9
:10285000CF910C945C5380EA9DE50E94175D8AE558
:102860009BE4F0CF1F93CF93DF9364E670E00F9467
:1028700084BCEB0110E04EE263E0812F0E94B5536F
:10288000CE010E943370CE010E943370CE010E94AF
:102890003370CE010E943370CE010E9433701F5FEF
:1028A000143149F7DF91CF911F9108951092A6033B
:1028B0000895CF930F9475AB109219058091190567
:1028C000843008F0ADC010921C058FE59FE00F9496
:1028D000BBBB81110DC00F941DAA81110F9456141A
:1028E0008091A6038A3089F18FE39BE20F943BAE7F
:1028F00080916B0E882361F16BEC71E08DE49DE5B6
:102900000F9418AB63E271E08DE39DE50F9418AB73
:102910008FE59FE00F94BBBB81110AC08091A60395
:10292000893031F46BEB71E082ED99E40F9418ABD0
:102930000F9449AB809119058F5F809319058091A1
:102940001B058F5F80931B05B9CF83E69DE2CECF39
:102950000F948206C82F82E29DE5CC2311F081E31B
:102960009DE565EE72E00F94EEAD87E09DE5CC232A
:1029700011F086E19DE563EE70E00F94EEAD8BEE15
:102980009CE5CC2311F08BEF9CE567E371E00F949D
:10299000EEAD8FEC9CE5CC2311F08FED9CE567E26A
:1029A00072E00F94EEAD84EB9CE5CC2311F083EC48
:1029B0009CE561E172E00F94EEAD89E99CE5CC23E2
:1029C00011F088EA9CE567E972E00F94EEAD8DE7BF
:1029D0009CE5CC2311F08DE89CE56FE572E00F9447
:1029E000EEAD81E69CE5CC2311F081E79CE56DE737
:1029F00072E00F94EEAD85E49CE5CC2311F085E503
:102A00009CE563ED72E00F94EEAD8AE29CE5CC2389
:102A100011F089E39CE56FED72E00F94EEAD78CF95
:102A2000CF91089589E08093A6030D94591481E015
:102A30000E948B530F94255390918513933609F47C
:102A40009FEF89130EC086E40E9484530F94255390
:102A50008F3F29F08F5C0E94845383E008958FE3B9
:102A6000FACF8F3F89F08F5C0E9484538EE30E94DF
:102A7000845380918513833649F08F3F39F08F5C02
:102A80000E94845384E008958FE3EECF8FE3F8CF64
:102A90001F920F920FB60F9211240BB60F922F9325
:102AA0003F934F935F936F937F938F939F93AF93D6
:102AB000BF93EF93FF932091D600809127059091CB
:102AC0002805E82FF0E0E65DFA4F20838F5F209124
:102AD0002605821708F080E0981317C08CE49AE569
:102AE0000F94A4BAFF91EF91BF91AF919F918F91F5
:102AF0007F916F915F914F913F912F910F900BBEFE
:102B00000F900FBE0F901F90189580932705EACF66
:102B10001F920F920FB60F9211240BB60F928F9344
:102B20009F93EF93FF939FB7F894E2E0F1E08081E9
:102B30008B7F80839FBFFF91EF919F918F910F902B
:102B40000BBE0F900FBE0F901F9018951F920F9203
:102B50000FB60F9211240BB60F928F939F93EF93A2
:102B6000FF939FB7F894E2E0F1E080818460808376
:102B70009FBFFF91EF919F918F910F900BBE0F9090
:102B80000FBE0F901F9018956F927F928F929F9219
:102B9000AF92BF92DF92EF92FF920F931F93CF936A
:102BA000DF93CDB7DEB7E0970FB6F894DEBF0FBE68
:102BB000CDBFD82EAE014F5F5F4F60E10E94015E36
:102BC00050E040E060E1CE0101960F9491008CE36B
:102BD0009AE50F94A4BA9E012F5F3F4F590110E070
:102BE00000E02BE2E22E2AE5F22ED5018D915D0167
:102BF0001F928F931F930F93FF92EF920F947DBAC2
:102C00000F5F1F4F0F900F900F900F900F900F902E
:102C10000031110551F7098110E05E01B2E0AB0E01
:102C2000B11CEE24E394F12CEC0EFD1EE0E1EE0E5F
:102C3000F11CE0E021E0D5013D915D01622F70E0E3
:102C4000C8010F9484BC462F431B361710F0432F46
:102C5000461B832F90E0423008F047C02F5F080FDB
:102C6000191FAE14BF0439F7AE2EB12CA1E1B0E0AC
:102C7000AC0FBD1FAA0DBB1D2C937E01B1E2EB0E64
:102C8000F11CAE0CBF1C622F70E0C8010F9484BC15
:102C9000D5016C9311E01E0F81E29AE50F94A4BA5E
:102CA000FE0171963F01570189E0882E8AE5982E32
:102CB0008A2D8E19811770F5C5018E199F09D501CE
:102CC0003D915D01F30121913F011F923F931F92BE
:102CD0002F939F938F939F928F920F947DBA0FB6ED
:102CE000F894DEBF0FBECDBFE3CF4E2F50E0A1E181
:102CF000B0E0AC0FBD1FA40FB51FEF5F2C9321E216
:102D000030E02C0F3D1F420F531FDA016C938C01F2
:102D100021E0A7CFA701612FCE0141960F9491002A
:102D2000FE01E10FF11D80A1ED2DF0E0E650FB4F1B
:102D300080831F928F9387EF99E59F938F930F94D2
:102D40007DBA0F900F900F900F906091FA048EEF64
:102D50009EE0DD2021F06091FB048BEF9EE00F945C
:102D6000DFBB81E0E0960FB6F894DEBF0FBECDBFAB
:102D7000DF91CF911F910F91FF90EF90DF90BF9067
:102D8000AF909F908F907F906F900895813049F021
:102D900028F0823041F0833041F0089581E086B917
:102DA000089582E0FCCF84E0FACF88E0F8CF81304C
:102DB000D1F048F0823021F1833079F18BE490E05A
:102DC0000197F1F708959FB7662341F0F894809139
:102DD0000B01816080930B019FBFF0CFF89480912D
:102DE0000B018E7FF7CF9FB7611105C0F8948091DA
:102DF0000B018260EFCFF89480910B018D7FEACFB9
:102E00009FB7662329F0F89480910B018460E2CF8C
:102E1000F89480910B018B7FDDCF9FB7611105C0C6
:102E2000F89480910B018064D5CFF89480910B01C8
:102E30008F7BD0CFCF92DF92EF92FF920F931F93B1
:102E4000CF93DF93182FF62EEA010CE50CBD1DBCC5
:102E50000F94ED008F2D0F94080180E00F9408016E
:102E600080E00F94080180E00F94080180E00F9447
:102E70000801812F0F94D2000CBD1DBC812F0F942F
:102E8000ED0080E00F940801082F80E00F94080106
:102E900090E0B0E0A0E0CC24D82EE92EFA2E80E01D
:102EA0000F940801C82AFE2CED2CDC2CCC2480E0E9
:102EB0000F940801C82AFE2CED2CDC2CCC2480E0D9
:102EC0000F940801C82A812F0F94D200C882D9829A
:102ED000EA82FB82802FDF91CF911F910F91FF90AB
:102EE000EF90DF90CF900895EF92FF920F931F9392
:102EF000CF93DF93C82FE62ED22F132F042FF52E5A
:102F00008CE58CBD1DBC8C2F0F94ED008E2D0F9485
:102F100008018F2D0F940801802F0F940801812F35
:102F20000F9408018D2F0F9408018C2FDF91CF9102
:102F30001F910F91FF90EF900D94D200CF93DF93EC
:102F400000D01F92CDB7DEB719821A821B821C8275
:102F5000AE014F5F5F4F6AE60F941A1789819A811D
:102F600093700F900F900F900F90DF91CF91089575
:102F7000FF920F931F93CF93DF93F82EEA01E82F70
:102F8000F0E083E0F89E80011124035A1D4FD80120
:102F90008C9130E0377F3F7E3F7D3F7B40E080FB80
:102FA00041F94370562F5F7050625F7B5F7781E01D
:102FB000611101C080E080FB54F9BF01660F771FEB
:102FC000FB01E358FD4F2081922F991F9927991FEC
:102FD00081818770880F892B80FB27F98695877000
:102FE000387F382B62587D4FFB018081869586950E
:102FF000869580FB37F981FB40F96CEE8F2D0F949D
:103000007417209709F4E80119818A81C12F81176B
:1030100008F4C82F181740F483EB98E60E94F05A82
:103020008FE398E50E94175D2C2F2F71312F3F7190
:103030004FE050E060E98F2DDF91CF911F910F910C
:10304000FF900D947417E82FF0E098E0769567955F
:103050006115710511F09150F9CFE450FB4F908349
:1030600050E040E0692F0D94B8170F931F93CF9352
:10307000DF93C82F082F10E0F801E450FB4F50E019
:1030800040E060810F94B81720E030E0A90161E9C9
:103090008C2F0F947417D0917006C230E1F520E0A8
:1030A00030E044E051E06DEE82E00F94741724EFBD
:1030B00031E040E050E0D13019F420E030E0A901E7
:1030C00064E982E00F94741724E831E040E050E0B6
:1030D000D13021F424E030E040E050E060E882E0CC
:1030E0000F94741728EC34E046E050E060EF82E083
:1030F0000F94741720EF3FEF4FE050E0D13019F4F8
:1031000020E030E0A90163E982E0DF91CF911F91D7
:103110000F910D947417F801E15EFC4F208130E0AF
:1031200050E040E0A9013327222751606DEE8C2F3B
:103130000F94741720E030E0A901D13061F02EEA3D
:1031400031E0C23030F024EF31E0C23011F030E035
:1031500020E050E040E064E98C2F0F94741720E8E1
:1031600031E040E050E0D13021F424E030E040E0B4
:1031700050E060E88C2F0F947417000F111F000FA0
:10318000111FF801E15FFC4F2081318142815381A1
:1031900060EF8C2F0F94741720E030E0A90163E9F1
:1031A0008C2FB3CF1F93CF93DF93809144061F9250
:1031B0008F9385EF97E59F938F930F947DBA8091BE
:1031C000440683700F900F900F900F9011F00F94A2
:1031D000686410914406112371F0D1E0C0E0812FA2
:1031E0008D2319F08C2F0F943518CF5FDD0FC3306E
:1031F000B1F71092440610921405DF91CF911F9100
:103200000895DF92EF92FF920F931F93CF93DF9376
:1032100000D0CDB7DEB7D82E1F928F938FEC97E5F5
:103220009F938F930F947DBA8D2D83700F900F9085
:103230000F900F9011F00F94686410E000E0FF24ED
:10324000F394E02E8D2D8F2109F446C08091440621
:103250008F298093440620E030E0A90160E8802FA8
:103260000F947417F801E15EFC4F208130E050E0CC
:1032700040E0A901332722276DEE802F0F947417A9
:1032800082E024EF31E0081711F02EEA31E050E03F
:1032900040E064E98E2D0F947417B801660F771F14
:1032A000600F711F6D53784A43E050E0CE010196E4
:1032B0000F9455B9AE014F5F5F4FF801E450FB4FDB
:1032C00060818E2D0F94B81720E831E040E050E087
:1032D00060E88E2D0F947417FF0C0F5F1F4F0330A3
:1032E000110509F0AECF0F900F900F90DF91CF91A5
:1032F0001F910F91FF90EF90DF90089589E69FE076
:103300000F94BBBB91E0811101C090E090935C02EF
:10331000089589E69FE00E94D4590D947E19CF93B9
:10332000C82FA09AA29A9FB7F89480910801806252
:10333000809308019FBF9FB7F89480910801806136
:10334000809308019FBF989A9A9A809107018062A2
:10335000809307018091070180618093070180912C
:1033600007018B7F80930701809107018F778093FE
:103370000701809107018F7B8093070180910701EE
:10338000877F809307019FB7F8948091080184603C
:10339000809308019FBF9FB7F894809108018068CF
:1033A000809308019FBF9FB7F894809108018064C3
:1033B000809308019FBF9FB7F894809108018860AF
:1033C000809308019FBF80E00F94351881E00F942F
:1033D000351882E00F94351850E040E06091FF040A
:1033E00083E00F94B81720E030E0A90161E983E0A1
:1033F0000F947417C1FD1DC020E831E040E050E09B
:1034000060E883E00F9474176091000580E00F94EA
:10341000DC646091010581E00F94DC646091020539
:1034200082E00F94DC646091030583E0CF910D94FA
:10343000DC6420E030E043E050E06DEE83E00F9488
:10344000741720E030E0A90164E983E00F94741759
:1034500024E030E040E050E060E883E00F9474172F
:103460002BE234E542E050E060EF83E00F94741704
:1034700023E931E040E050E063E983E00F94741702
:1034800083EA97E50E94175DBFCFDF92EF92FF922C
:103490000F931F93CF93DF930F9475AB1092190581
:1034A00080911905843008F05CC010921C050F94BF
:1034B0001DAA8823E9F0C0E0D5E007EF1EE0FE0179
:1034C00088818E3108F4188221966081C8010F949A
:1034D000DFBB01501109033F8EE0180781F70E94FE
:1034E00090DDE894D0F880FBD1F88D2D0F948F19E2
:1034F0008CEF9AE20F943BAEF12CE12C08EC10E03B
:103500002DE130E048E060E075E081ED93E50F9457
:10351000C5AB2DE130E048E061E075E087EC93E574
:103520000F94C5AB2DE130E048E062E075E08DEB33
:1035300093E50F94C5AB2DE130E048E063E075E022
:1035400083EB93E50F94C5AB0F9449AB80911905BC
:103550008F5F8093190580911B058F5F80931B05FA
:103560009FCFDF91CF911F910F91FF90EF90DF9050
:103570000895FC0120819281492F50E0211102C061
:10358000440F551F8181211101C0880F8417150632
:1035900031F02CF0892F211102C0880F0895089571
:1035A0003FB7F8948091400690914106A091420661
:1035B000B09143062091B200B89B05C02F3F19F08F
:1035C0000196A11DB11D3FBFBA2FA92F982F8827A3
:1035D000BC01CD01620F711D811D911D42E0660F7E
:1035E000771F881F991F4A95D1F708958F929F9250
:1035F000AF92BF92CF92DF92EF92FF926B017C016C
:103600000F94D01A4B015C01C114D104E104F10400
:10361000B9F00F94D01A681979098A099B09683E94
:1036200073408105910580F321E0C21AD108E108B9
:10363000F10888EE880E83E0981EA11CB11CE4CF2F
:10364000FF90EF90DF90CF90BF90AF909F908F90C2
:1036500008950F931F93CF93DF93CDB7DEB7639792
:103660000FB6F894DEBF0FBECDBF8091A8038111C5
:103670003AC081E08093A8030E941B5D81EA9DE02F
:103680000F94BBBB182F0E94E1598111EAC0109220
:10369000AA031092A90380E10E94D3DC811104C027
:1036A0001092AA031092A9036091A9037091AA0332
:1036B000072E000C880B990B0F9449B620917E06BB
:1036C00030917F0640918006509181060F94E2BDB3
:1036D0006093AB037093AC038093AD039093AE0300
:1036E00081E080936D0280913B0590913C050097AD
:1036F000F1F12091A9033091AA03280F391F3093CB
:10370000AA032093A903213640EF34070CF0B6C07A
:1037100081E690EF9093AA038093A9036091A90397
:103720007091AA03072E000C880B990B0F9449B6D1
:1037300020917E0630917F0640918006509181064F
:103740000F94E2BD6093AB037093AC038093AD0321
:103750009093AE0362E370E080E090E00F94F61A7D
:1037600010923C0510923B0581E080936D028091A0
:103770006D028823B9F181EA9DE00F94BBBB2BE079
:10378000829FC0011124BE016F5F7F4F875B924F04
:103790000F9437AA0E94C153CE0101960E94885609
:1037A00061E080E00E9495538091AE038F938091F9
:1037B000AD038F938091AC038F938091AB038F9374
:1037C00081E09BE49F938F931F9280E28F938BE81D
:1037D0009DE59F938F930E946E530FB6F894DEBFC2
:1037E0000FBECDBF8091A703811104C08091D50386
:1037F000882351F181EA9DE00F94BBBB9BE0899F38
:10380000800111246091A9037091AA03C801805B13
:10381000924F0F94FDBB6091700EC8018E5A924F6B
:103820000F94DFBB609198037091990380919A0384
:1038300090919B030F945BBEC8018D5A924F0F94D9
:10384000DFBB80E10E94F4CA0F94CFAE63960FB63F
:10385000F894DEBF0FBECDBFDF91CF911F910F91C6
:1038600008952BE0129FC0011124805B924F0F94AA
:10387000C9BB9093AA038093A9030DCF1216130618
:103880002CF41092AA031092A90348CF2FB7F894F2
:1038900040916E0650916F06840F951F90936F06AE
:1038A00080936E062FBF3ACF6091650E7091660EC1
:1038B0008091670E9091680E0F9454BE20916B0218
:1038C00030916C02261737070CF065C080913B05DC
:1038D00090913C05892BB9F10E948D4B80915A0E35
:1038E0008F5F803109F480E090915B0E981759F159
:1038F00060913B0570913C05072E000C880B990BDD
:103900000F9449B69B01AC01609153077091540725
:1039100080915507909156070F94E3BC609353072D
:1039200070935407809355079093560710923C0567
:1039300010923B0565E575E585ED9FE30F943A9799
:1039400081E080936D0280916D02882311F161E026
:1039500080E00E949553809156078F938091550780
:103960008F93809154078F93809153078F938DE6A7
:103970009DE59F938F938EE59DE59F938F930E9486
:103980006E538DB79EB708960FB6F8949EBF0FBEC4
:103990008DBF0D94CFAE0E94C85342EA5AE460E056
:1039A00080E00E94A9534EE85AE462E080E00E9461
:1039B000A95360ED77E080E090E00F94F61A0E9442
:1039C000C8530D9444112FB7F89460913C06709140
:1039D0003D0680913E0690913F062FBF089520E05E
:1039E00030E040E85FEB60E070E0CB010E94106CDB
:1039F00089EC98E50E94175D81E08093E203809155
:103A00009C03813069F482E080939C030F94E31C53
:103A10006093530670935406809355069093560610
:103A200082E08093690E0D944411FF920F931F93CF
:103A3000CF93DF93FC01F080F11008C0F12C8F2DA3
:103A4000DF91CF911F910F91FF9008958B01EC01B1
:103A50000F94E31C89819A81080F191F0817190711
:103A600040F06017710718F46817790738F7188263
:103A7000E6CF60177107C0F7E1CFFC01208121116B
:103A80000D94151D81E00895CF93DF93EC010F9401
:103A9000E31C7A83698381E08883DF91CF91089565
:103AA0001F93CF93DF9300D0CDB7DEB7182F1982C5
:103AB0001B821A82CE0101960F94441D8091BC0096
:103AC00087FD0AC06AE070E0CE0101960F94151DD3
:103AD0008823A1F382E009C08091B900887F18177C
:103AE00059F084E98093BC0081E00F900F900F9013
:103AF000DF91CF911F91089580E0F7CF1F93CF936F
:103B0000DF9300D01F92CDB7DEB768EE73E085E497
:103B100096E00F943D1D882391F110E019821A82DE
:103B20001B821C82AE014F5F5F4F6FE6812F0F94A7
:103B30001A1789819A81AB81BC81B2FF19C08BE2CF
:103B400098E50E94F05A812F0E94D75A0F94BFB374
:103B500010E020E030E041E050E06CEE812F0F9467
:103B600074171F5F1430A9F78BE298E50E94A25DDD
:103B70001F5F143099F685E496E00F94441D0F9072
:103B80000F900F900F90DF91CF911F9108958F921A
:103B90009F92AF92BF92CF92DF92EF92FF921F93CC
:103BA000CF93DF93FC01108111110EC010E0812F23
:103BB000DF91CF911F91FF90EF90DF90CF90BF905A
:103BC000AF909F908F9008956A017B01EC010F9454
:103BD000E31C4B015C0189819A81AB81BC81C80ED9
:103BE000D91EEA1EFB1EC816D906EA06FB0660F0BF
:103BF0008C149D04AE04BF0428F488169906AA0606
:103C0000BB06A0F61882D3CF8C149D04AE04BF046B
:103C1000A0F7CCCF0F931F93CF938091E10388231C
:103C200009F446C080914C068F5F8E30B0F48093CB
:103C30004C0663E087E00E9495538DE00E948B5311
:103C4000C0E080914C06C81758F44EE263E087E06C
:103C50008C0F0E94B553CF5FF4CF10924C06E9CF82
:103C60008091E1038230C1F040F447E358E48130B1
:103C7000C1F0CF911F910F910895833081F044E1FD
:103C800058E48430B1F763E080E00E94A9531092B9
:103C9000E10310924C06EDCF49E258E4F4CF4DE138
:103CA00058E463E080E0CF911F910F910C94A953E9
:103CB00080917314882361F180917907811128C064
:103CC0008091D003823020F580915305811116C078
:103CD00080918A14882309F435C08AE894E1209100
:103CE0006D0E64E1820F911D0E94705681112DC0EE
:103CF00080916D0E8F5F80936D0EBBCF40E25EE4CE
:103D000060E070E083E595E00F94C71D8111E0CF7E
:103D10008091790781111CC0E0917907EA3008F0A1
:103D2000A8CFF0E08827E856F14E8E4F0D94CBBC1B
:103D30005F01F3025F016302D902D7015F015F01F6
:103D4000CF015F0185E794E1CACF10926D0E91CF4C
:103D500080915305882301F30F94E31C00915405CF
:103D6000109155052091560530915705601B710B38
:103D7000820B930B603A7F408105910568F679CFFD
:103D800063E080913D050E94955380913D05C4E11B
:103D90006C2F681B90E0825C9A4F0E947056C81B83
:103DA000C0933D0566CF8091F6038B30F0F063E061
:103DB00080E00E94955384E10E948B5346E058E4D2
:103DC00063E080E00E94A95388E79AE50E9480534F
:103DD0006091F6036A50770B072E000C880B990B45
:103DE000CF911F910F910C941656833031F48EEBC6
:103DF00093E60E9408EE109279078091F6038450B2
:103E0000873008F036CF63E080E00E94955383E16D
:103E10000E948B5345EF57E463E080E00E94A95372
:103E20008091F60381508093F60323CF64E18EE303
:103E300095E00E94705620914A0630914B06809181
:103E4000480690914906821793070CF412CF80918F
:103E5000F603882309F40DCF63E08AE00E949553AE
:103E6000809149068F93809148068F9380914B06ED
:103E70008F9380914A068F938FE69AE59F938F9355
:103E80000E946E530F900F900F900F900F900F9015
:103E9000F0CE63E080E00E9495538091F6031F927C
:103EA0008F9383E698E29F938F9381E69AE5E6CF1E
:103EB00047EE57E463E080E00E94A9538091F60347
:103EC000893708F0D6CE8EE59AE50E94805380911E
:103ED000F6030E940C5580E2CF911F910F910C9434
:103EE0000C5548ED57E4DDCECF93DF93EC010F94F2
:103EF000E31C69837A838B839C8381E08883DF91D1
:103F0000CF910895CF92DF92FF920F931F93CF939B
:103F1000DF93CDB7DEB764970FB6F894DEBF0FBE60
:103F2000CDBF8C01F62E66EA76E5CE0101960F94A0
:103F300072B9B801CE0101960F945EB983E00E9478
:103F400002E98823E1F0BE016F5F7F4F8EE395E0C9
:103F50000F941DC26C0183E595E00F94741F83E0FC
:103F60008093D003109279071092F603CD2839F090
:103F700060E0CE0101960E94E7E80F9444118BE8BF
:103F800098E60E94F05A81E0F81649F060E070E08F
:103F9000CB010F944BAF83EA96E50E94F05A8CE870
:103FA00096E50E94F05AC8010E94F05A80E896E512
:103FB0000E94175D64960FB6F894DEBF0FBECDBFAA
:103FC000DF91CF911F910F91FF90DF90CF900895D7
:103FD0001F920F920FB60F9211242F933F938F933E
:103FE0009F93AF93BF9380913C0690913D06A09123
:103FF0003E06B0913F0630913B0623E0230F2D375C
:1040000058F50196A11DB11D20933B0680933C06F7
:1040100090933D06A0933E06B0933F0680914006E4
:1040200090914106A0914206B09143060196A11DD0
:10403000B11D8093400690934106A0934206B09331
:104040004306BF91AF919F918F913F912F910F9018
:104050000FBE0F901F90189526E8230F0296A11D02
:10406000B11DD2CF2F923F924F925F926F927F926B
:104070008F929F92AF92BF92CF92DF92EF92FF9278
:104080000F931F93CF93DF9300D000D01F92CDB733
:10409000DEB79C838B830D8326013701FB012083D0
:1040A0003183428353832091C9123091CA124091C7
:1040B000CB125091CC1261E77DE38AE89EE30F9426
:1040C000E2BD609320137093211380932213909389
:1040D000231321E73DE34AE85EE3609117137091F3
:1040E00018138091191390911A130F9488B6609346
:1040F000241370932513809326139093271321E79D
:104100003DE34AE85EE360911B1370911C138091BC
:104110001D1390911E130F9488B66093281370930B
:10412000291380932A1390932B138091D11290918D
:10413000D2126EE071E00F9484BC6093B312E3E995
:10414000F2E180E090E0A0ECBFE781939193A1932E
:10415000B19322E1E33BF207C1F71092B41210923F
:10416000B5121092B6121092B7121092B812809334
:10417000B9129093BA12A093BB12B093BC12809163
:104180001F138E7F80931F138AE797E09F838E8390
:10419000E1E0F0E0FA83E983312C212C812C912C91
:1041A000540129813A818B819C8128173907C8F5F0
:1041B000EE81FF812581368147815085830172011F
:1041C0006D8181850E94A2BFC090B512D090B612B9
:1041D000E090B712F090B812A7019601C701B6019E
:1041E0000F94F1C0811111C0A7019601C701B6015A
:1041F0000F9488B69B01AC01C501B4010F94E3BCD8
:104200004B015C01FFEF2F1A3F0A29813A812F5F92
:104210003F4F3A8329838E819F8105969F838E83AA
:10422000C0CF60E070E080EC9FE72114310459F0CA
:10423000B10190E080E00F9447B69B01AC01C5014D
:10424000B4010F94E2BD27960FB6F894DEBF0FBEFF
:10425000CDBFDF91CF911F910F91FF90EF90DF9035
:10426000CF90BF90AF909F908F907F906F905F9016
:104270004F903F902F900895CF93C82F0E94D8570A
:10428000C093E503C093AA04CF910895CF92DF9223
:10429000EF92FF920F931F93CF93DF9383EB98E6F8
:1042A0000E94F05A8BE497E50E94175DC3EDD2E1BE
:1042B00010E000E083EBE82E88E6F82E97E3C92EA5
:1042C00097E5D92E888199812A813B8124963F9355
:1042D0002F939F938F931F930F93FF92EF92DF92F1
:1042E000CF920F947DBA0F5F1F4F8DB79EB70A967E
:1042F0000FB6F8949EBF0FBE8DBF0031110511F7A8
:10430000809116138F93809115138F9380911413BE
:104310008F93809113138F9380911A138F938091B1
:1043200019138F93809118138F93809117138F9384
:1043300080911E138F9380911D138F9380911C1376
:104340008F9380911B138F9380913D021F928F93C7
:10435000809124051F928F938091D2128F93809128
:10436000D1128F938091D0128F938091CF128F931F
:104370008091CE128F938091CD128F938091CC1229
:104380008F938091CB128F938091CA128F938091DB
:10439000C9128F938091C8128F938091C7128F9307
:1043A0008091C6128F938091C5128F938091C41211
:1043B0008F938091C3128F938091C2128F938091BB
:1043C000C1128F938091C0128F938091BF128F93EF
:1043D0008091BE128F938091BD128F93FF92EF92C6
:1043E00081EF96E59F938F930F947DBA8DB79EB71B
:1043F0008A960FB6F8949EBF0FBE8DBFDF91CF9106
:104400001F910F91FF90EF90DF90CF900895895703
:104410009F4F6EE071E00F9484BC6115710599F0B7
:104420006930710510F068E070E02EE031E0629FC5
:10443000C001639F900D729F900D11249093D21232
:104440008093D112089561E070E0EFCFCF93DF93B6
:1044500020E030E0A9016091BD127091BE12809100
:10446000BF129091C0120F946CBF18160CF054C07C
:104470006091C1127091C2128091C3129091C412C6
:104480009B01AC010F94F1C0811146C06091C5122F
:104490007091C6128091C7129091C8129B01AC0115
:1044A0000F94F1C0811138C020E030E0A901609183
:1044B000C9127091CA128091CB129091CC120F94B4
:1044C0006CBF18164CF56091CD127091CE12809190
:1044D000CF129091D0129B01AC010F94F1C08111C9
:1044E0001BC08091D1129091D212892BA9F0C3EDFB
:1044F000D2E1699179918991999120E030E0A90107
:104500000F946CBF87FD08C083E1C331D80789F7DA
:1045100081E0DF91CF91089580E0FBCF0F942622B8
:10452000811102C01092240581E080931F138091B5
:104530003A068D7F80933A060895CF931092730EBA
:104540001092720E1092710E1092700ECFB7F894F6
:104550000F94D1030F940E01759810927106CFBF7E
:10456000CF9108950F949D221092E5030D9444116C
:104570001F93CF93DF93C82F162FD42F809122053E
:1045800080FD18C080915E0E811114C08091700E64
:104590008093B305E62FF0E0EE0FFF1FEE58F14FCA
:1045A000808191819093B2058093B1058091E5035C
:1045B0008093B0050F949D228091C3048260809304
:1045C000C3040E94D85783E00E94E65880910101FD
:1045D0008860809301018FEF8093AA048093E503A4
:1045E0008091220580FF07C08091220582958695E3
:1045F0008770D817C0F4C370CC0FCC0F8091220500
:10460000837F8C2B809322058091220510FB84F9F7
:1046100080932205D295DD0FD07E409122054F7107
:104620004D2B4093220580912205816080932205C5
:1046300080912205826080932205DF91CF911F91A6
:10464000089520910A0630910B06809152029091B4
:104650005302281739072CF041E060E081E00D9407
:10466000B822089520910C0630910D0680915402D5
:1046700090915502281739072CF041E060E080E066
:104680000D94B82208952F923F924F925F926F92AD
:104690007F928F929F92AF92BF92CF92DF92EF92D2
:1046A000FF920F931F93CF93DF93CDB7DEB72C9775
:1046B0000FB6F894DEBF0FBECDBF282E49835A83B4
:1046C0006B837C83280139013A2C0F94E31C022D63
:1046D00010E09801220F331F220F331F3C872B87D6
:1046E000F901E253FA4F80809180A280B38068196B
:1046F00079098A099B09613D77408105910508F494
:10470000EAC0332009F475C088E691E09A8789876A
:1047100080E090E0A0EAB0E48D839E83AF83B88709
:104720000F94E31CEB85FC85E253FA4F60837183A1
:104730008283938320E030E0A901C701B6010F9482
:10474000D8BD811107C0F801EE0FFF1FE653FA4FE5
:1047500011821082AB85BC85AE53BA4F5D012981B1
:104760003A814B815C816D917D918D919C910F94EB
:10477000D8BD882309F491C020E030E0A901698107
:104780007A818B819C810F946CBFF801E054FA4FC1
:104790001816C4F581E0808389819A81AB81BC8140
:1047A000F50180839183A283B383EB85FC85E85474
:1047B000FA4F4082518262827382F801EA54FA4FC2
:1047C0001082A3019201BC01CD010F946CBF181699
:1047D0001CF5F801EA54FA4F80818F5F8083311015
:1047E000C7C08930C8F0812C912CA12C50E4B52E83
:1047F000E8C0ADE2B0E0BA87A98780E090E0A0E72A
:10480000B1E48ACF108289819A81AB81BC81F501A4
:1048100080839183A283B3832D813E814F8158850C
:1048200069817A818B819C810F94E2BCA301920102
:104830000F94D8BD87FF46C0F801E054FA4F80813D
:10484000813049F482E08083F801EE0FFF1FE653C8
:10485000FA4F1182108220E030E0A901C701B601B1
:104860000F946CBF1816BCF529813A814B815C818D
:104870006D817E818F8198850F94E3BCA3019201A5
:104880000F946CBF18160CF03FC0000F111FF801F9
:10489000E653FA4F118210821EC0A3019201698172
:1048A0007A818B819C810F946CBF18160CF0B4CF69
:1048B000F801E054FA4F8081813009F0ADCF89CF03
:1048C000108297C020E030E0A901C701B6010F9423
:1048D0006CBF1816CCF02C960FB6F894DEBF0FBE46
:1048E000CDBFDF91CF911F910F91FF90EF90DF909F
:1048F000CF90BF90AF909F908F907F906F905F9080
:104900004F903F902F900895F801E054FA4F808126
:10491000823008F3000F111FF801E653FA4F80812F
:104920009181019691838083880F991FE985FA858B
:10493000E817F90780F643E0622D832D2C960FB619
:10494000F894DEBF0FBECDBFDF91CF911F910F91C5
:10495000FF90EF90DF90CF90BF90AF909F908F909F
:104960007F906F905F904F903F902F900D94B82262
:10497000813108F451CF20E030E044EB52E4C30130
:10498000B2010F946CBF812C912CE0E4AE2EBA2CB6
:1049900018162CF4812C912CA12C70E4B72E20E059
:1049A00030E042ED52E4C301B2010F946CBF18161F
:1049B00044F46AE9862E69E9962E69E1A62E6FE332
:1049C000B62EEB85FC85E854FA4F20813181428177
:1049D0005381C301B2010F94E2BCA50194010F946D
:1049E000D8BDF801EC54FA4F87FF6ACF80818F5F02
:1049F0008083808190E0311004C006974CF080E005
:104A000003C004972CF081E042E0622D0F94B8229D
:104A10002B853C8528543A4FD9014D925D926D9279
:104A20007C921397F801EA54FA4F1082F5CEFC01FC
:104A30009FB7F8948081882329F080917300826069
:104A4000809373009FBF0895DC012FB7F894E3E7CC
:104A5000F0E09081969591709C9380818D7F80830A
:104A60002FBF0895CF93DF931F92CDB7DEB7CE014E
:104A700001960F94242580E090E0A8E1B2E48093B1
:104A8000BD129093BE12A093BF12B093C0121092A9
:104A9000C1121092C2121092C3121092C41280E07E
:104AA00090E0A0E8BFE38093C5129093C612A09354
:104AB000C712B093C8128AE999E9A1E4B1E48093DE
:104AC000C9129093CA12A093CB12B093CC1288EB68
:104AD0009EE1A5E8BDE38093CD129093CE12A09302
:104AE000CF12B093D01280E798E09093D2128093C7
:104AF000D11283E697E5A3EDB2E1FC014591559112
:104B0000659174914D935D936D937D93049623E12C
:104B1000A331B20791F780E090E0A0EEB0EC809373
:104B2000131390931413A0931513B09316138AE9DB
:104B300099E9A9E9BFE38093171390931813A09301
:104B40001913B0931A1382E598EBAEEDBFE380938F
:104B50001B1390931C13A0931D13B0931E1381E09D
:104B600080933D028093240580931F1380913A0621
:104B70008D7F80933A06CE0101960F9417250F90F2
:104B8000DF91CF9108951F93CF93DF931F92CDB7FD
:104B9000DEB7182FCE0101960F942425109324051B
:104BA0000F948E22CE0101960F941725112341F008
:104BB00080912405811104C08BEC96E50E94175D5D
:104BC0000F90DF91CF911F9108951F93CF93DF93A3
:104BD0001F92CDB7DEB7182FCE0101960F94242572
:104BE0001093240581E080931F13EAE3F6E08081AF
:104BF0008D7F8083CE0101960F9417250F90DF9152
:104C0000CF911F910895CF93DF931F92CDB7DEB759
:104C1000CE0101960F94242580911E0590911F05C9
:104C2000A0912005B09121058093650E9093660EAA
:104C3000A093670EB093680E80911A0690911B06A0
:104C4000A0911C06B0911D068093F5049093F60484
:104C5000A093F704B093F8048091040690910506A0
:104C6000A0910606B091070680939803909399034C
:104C7000A0939A03B0939B03809121069091220602
:104C8000A0912306B091240680935706909358066E
:104C9000A0935906B0935A0680912205811102C053
:104CA0000F94D10310920306CE0101960F9417259D
:104CB0000F90DF91CF9108951F920F920FB60F9230
:104CC00011240BB60F92FF920F931F932F933F93D4
:104CD0004F935F936F937F938F939F93AF93BF9304
:104CE000CF93DF93EF93FF93809170008B7F80933E
:104CF000700078948091000186FDC8C068EC70E077
:104D000084EE95E00F943D1D8823B9F084EE95E084
:104D10000F94441D8FED95E00F94741F8091DE0574
:104D20008111A5C08091DD058111A1C08AED95E0BA
:104D30000F94441D81E08093DE058091030182FB86
:104D4000882780F991E089279091030191FF826083
:104D5000E091D705E817E1F024E0E29FF00111248B
:104D6000E82BE455F94AE4919091D605E90FE093D8
:104D7000D6050E2E000CFF0BF7FF03C0F195E19551
:104D8000F10934971CF091E09093D8058093D705F2
:104D900080917C02811108C080911D058093E905F6
:104DA000882309F487C0759A80917C028F70A9F4DA
:104DB0008091AA0490E024E0959587952A95E1F7E3
:104DC0008093A904892B09F477C09FB7F894809148
:104DD00002018860809302019FBF9091E905809154
:104DE0007C02981708F4759880917C028F709091DE
:104DF000A904981740F49FB7F89480910201877F27
:104E0000809302019FBF80917C028F5F8F77809398
:104E10007C0210E000E0E801CC0FDD1FC659D94F3D
:104E200088819981181619060CF04CC0FFB6F894C9
:104E300061E0802F0F94E203888199810197998323
:104E40008883FFBE0F5F1F4F0330110521F780914C
:104E5000411890914218A0914318B0914418823A99
:104E6000924AA105B105D9F181E00E94224C68EE79
:104E700073E08AED95E00F94151D882309F45DCF4A
:104E800081E08093DD058093D90557CF8091DE05C1
:104E9000882309F452CF1092DE058091DD0581113F
:104EA00003C081E08093A70381E08093D80510922E
:104EB000DD0543CF759878CF9FB7F89480910201B4
:104EC000877F88CF892B09F4BDCFFFB6F89460E0C7
:104ED000802F0F94E203888199810196B0CF9CB115
:104EE0008091E70596FB992790F9981791F090919A
:104EF0003A05992351F02091BF043091C0042F5FEF
:104F00003F4F3093C0042093BF0491E089278093E2
:104F1000E705F89480917000846080937000FF91A1
:104F2000EF91DF91CF91BF91AF919F918F917F9141
:104F30006F915F914F913F912F911F910F91FF9032
:104F40000F900BBE0F900FBE0F901F9018954F92B1
:104F50005F926F927F92AF92BF92CF92DF92EF9269
:104F6000FF920F931F93CF93DF9324E030E041E053
:104F700050E0D901A25CBA4AFD016591749186178F
:104F800097070CF066C041505109440F551F440F5C
:104F9000551FEA01C05CDA4AFE0105911491425C9A
:104FA0005A4AFA0165917491F901E05CFA4AE59078
:104FB000F490FE01C590D490FD01C591D491FA0101
:104FC000A590B490861B970BBC01990F880B990B89
:104FD0000F9449B62B013C01B7016C197D09072ECE
:104FE000000C880B990B0F9449B69B01AC01C301CF
:104FF000B2010F9488B66B017C01BE016A197B096E
:10500000072E000C880B990B0F9449B69B01AC013D
:10501000C701B6010F94E2BD6B017C01B801110F0D
:10502000880B990B0F9449B69B01AC01C701B601DF
:105030000F94E3BCDF91CF911F910F91FF90EF9000
:10504000DF90CF90BF90AF907F906F905F904F9028
:1050500008954F5F5F4F2C5F3F4F2838310509F0AF
:1050600088CFE4ECF5E565917491072E000C880B70
:10507000990B0F9449B6DECF4F925F926F927F9259
:10508000AF92BF92CF92DF92EF92FF920F931F9356
:10509000CF93DF9324E030E041E050E0D901A65BFC
:1050A000BB4AFD0165917491861797070CF080C08B
:1050B00041505109440F551F440F551F8A01045B8D
:1050C0001B4AF801C590D490465B5B4AFA01659192
:1050D0007491F901E45BFB4AC591D491F801059103
:1050E0001491FD01E590F490FA01A590B490861B0F
:1050F000970BBC01990F880B990B0F9449B62B01A4
:105100003C01BE01601B710B072E000C880B990B34
:105110000F9449B69B01AC01C301B2010F9488B64C
:105120002B013C01B7016A197B09072E000C880B83
:10513000990B0F9449B69B01AC01C301B2010F94C6
:10514000E2BD2B013C01B601DD0C880B990B0F94DD
:1051500049B69B01AC01C301B2010F94E3BC6B01E2
:105160007C0120E030E040E252E4C701B6010F9438
:105170006CBF87FD30C020E030E048E452E4C70156
:10518000B6010F94D8BD181634F120E030E040E2AB
:1051900052E4C701B6010F94E2BC20E030E040E0E9
:1051A0005FE30F9488B69B01AC01C701B60143C011
:1051B0004F5F5F4F2C5F3F4F243F310509F06ECFAB
:1051C000ECE3F5E565917491072E000C880B990BC3
:1051D0000F9449B6C4CF20E030E048E452E4C70160
:1051E000B6010F946CBF1816DCF520E030E048ECF7
:1051F00052E4C701B6010F94D8BD18168CF120E017
:1052000030E040EA50E4C701B6010F94E3BC2B0143
:105210003C0120E030E048E452E4C701B6010F94BD
:10522000E2BC2DEC3CEC4CEC5DE30F9488B69B01AA
:10523000AC01C301B2010F94E3BC6B017C01C70157
:10524000B601DF91CF911F910F91FF90EF90DF900A
:10525000CF90BF90AF907F906F905F904F900895E8
:1052600020E030E048EC52E4C701B6010F946CBF77
:1052700018162CF720E030E040E251E496CF4F9230
:105280005F926F927F92AF92CF92DF92EF92FF92F6
:105290000F931F93CF93DF9380910C0690910D068F
:1052A0000E947EBE60931E0570931F0580932005AB
:1052B0009093210560900A0670900B06C3010F942D
:1052C0003C286B017C01C0921A06D0921B06E0922A
:1052D0001C06F0921D0680910806909109060F9415
:1052E0003C2860930406709305068093060690930D
:1052F0000706C0911606D0911706CE010F94A72776
:1053000060932106709322068093230690932406CF
:1053100081E080930306809122058D7F8093220592
:1053200020910C0630910D068091A5049091A60461
:10533000821793072CF040E060E080E00F94B822E1
:105340008091A3049091A404861597052CF040E069
:1053500060E081E00F94B8228091A1049091A204B2
:105360008C179D072CF040E060E082E00F94B8229B
:105370008091500290915102C817D9072CF041E05A
:1053800060E082E00F94B822C13ADE430CF4CDC154
:105390006091A7047091A80480911F069091200647
:1053A000681779070CF055C0C0911506C11118C0D7
:1053B0006B5F7F4F072E000C880B990B0F9449B63B
:1053C0009B01AC01C1E060911E0570911F058091A9
:1053D0002005909121050F946CBF18160CF0C0E0C9
:1053E000C093150668E97AE382E196E00F943D1DCB
:1053F000811102C0CC2329F081E0809315060F941F
:10540000322380911806909119060B974CF1C091A8
:105410001106C1110CC0C1E020E030E040E751E4CA
:10542000C701B6010F946CBF18160CF0C0E0C09312
:10543000110660E573EC8EE096E00F943D1D81113E
:1054400002C0CC2399F081E0809311060F942123B0
:105450000DC082E196E00F94441D10921506D1CF45
:105460008EE096E00F94441D1092110660911D0588
:1054700070E090E080E00F9447B66B017C014090B3
:105480001E0550901F0560902005709021056091C9
:105490001F0670912006072E000C880B990B0F94A5
:1054A00049B6AB01BC01A12C9301820181E00F94AC
:1054B000432360911E0670E090E080E00F9447B6B1
:1054C0006B017C0140901A0650901B0660901C06F0
:1054D00070901D066091180670911906072E000C39
:1054E000880B990B0F9449B6AB01BC01AA24A39475
:1054F0009301820180E00F94432380912405882347
:1055000009F4BCC0C0911D05D091A90440901E05AE
:1055100050901F056090200570902105C0902106D5
:10552000D0902206E0902306F090240680911F136D
:1055300080FF72C02091C9123091CA124091CB12E3
:105540005091CC1261E77DE38AE89EE30F94E2BDBF
:10555000609320137093211380932213909323134D
:1055600021E73DE34AE85EE3609117137091181359
:105570008091191390911A130F9488B66093241395
:1055800070932513809326139093271321E73DE30F
:105590004AE85EE360911B1370911C1380911D1308
:1055A00090911E130F9488B660932813709329135B
:1055B00080932A1390932B138091D1129091D21241
:1055C0006EE071E00F9484BC6093B312E3E9F2E102
:1055D00083EB92E140E050E060EC7FE74193519330
:1055E000619371938E179F07C9F71092B4121092AE
:1055F000B5121092B6121092B7121092B8124093D0
:10560000B9125093BA126093BB127093BC1280917E
:105610001F138E7F80931F1387017601A3019201D0
:105620006D2F8C2F0E94A2BF80911F1381FF05C098
:1056300044E060E080E00F94B82290911F138091C5
:105640003A0692FB81F980933A0680913A0681FFEF
:1056500015C080913A06816080933A068091B51218
:105660009091B612A091B712B091B81280933606FD
:1056700090933706A0933806B0933906809135068B
:10568000882309F43FC00F94E31CC0902506D090F6
:105690002606E0902706F090280660932506709372
:1056A0002606809327069093280620912A062F5FCE
:1056B00020932A066C196E506093290680911D056F
:1056C00080932B0680911E0590911F05A0912005C7
:1056D000B091210580932C0690932D06A0932E0661
:1056E000B0932F068091210690912206A091230667
:1056F000B09124068093300690933106A093320631
:10570000B093330680913E02882391F0DF91CF91D0
:105710001F910F91FF90EF90DF90CF90AF907F900F
:105720006F905F904F900D940E010F9432238ECEA8
:10573000DF91CF911F910F91FF90EF90DF90CF906D
:10574000AF907F906F905F904F9008951F920F924F
:105750000FB60F9211240BB60F922F933F934F93D6
:105760005F936F937F938F939F93AF93BF93EF93C9
:10577000FF9380912305882391F0109223050E94C6
:105780003071809173008D7F8093730078940F94B3
:105790003F29F89480917300826080937300FF9199
:1057A000EF91BF91AF919F918F917F916F915F9199
:1057B0004F913F912F910F900BBE0F900FBE0F9006
:1057C0001F9018956F927F928F929F92AF92BF9287
:1057D000CF92DF92EF92FF920F931F93CF93DF93BD
:1057E0001F92CDB7DEB7A89580910306882309F4F0
:1057F000B9C00F94032680913A0680FF4FC01091E4
:10580000171300911813B0901913A0901A13CE011A
:1058100001960F942425C0903606D0903706E0906C
:105820003806F0903906CE0101960F941725AF92F5
:10583000BF920F931F9321E73DE34AE85EE3C70160
:10584000B6010F94E2BD9F938F937F936F9387E38D
:1058500094E59F938F930F947DBA90913A060FB67B
:10586000F894DEBF0FBECDBF80913D0291FF91C085
:1058700090917B02992309F485C0882369F061E047
:1058800088EC97E40E9418E99FB7F8948091020190
:105890008460809302019FBF10927B028091220559
:1058A000882389F0809122058295869587708430BF
:1058B00008F082C0823008F025C1882309F4F9C0BD
:1058C000813009F494C00E949F638091350688233B
:1058D00009F448C080912A0670903406871509F4AF
:1058E00041C0CE0101960F94242500912906109104
:1058F0002A0660902B06C0902C06D0902D06E090D2
:105900002E06F0902F068090300690903106A090E1
:105910003206B0903306CE0101960F9417251093EE
:105920003406BF92AF929F928F92FF92EF92DF92D6
:10593000CF921F926F92802F000F990B01969F9329
:105940008F93812F87198150990B9F938F938BE4AD
:1059500097E49F938F930F947DBA0FB6F894DEBFB0
:105960000FBECDBF0F90DF91CF911F910F91FF9090
:10597000EF90DF90CF90BF90AF909F908F907F90EF
:105980006F900895882309F489CF84E08093000103
:1059900085CF90913A069E7F90933A06882341F0F6
:1059A0009FB7F894809102018B7F809302019FBF83
:1059B00081E080937B0272CF843009F084CF8091A4
:1059C000220581FFBCC080911805811104C083EBC2
:1059D00097E40E94175D81E00E94485D9FB7F894AC
:1059E000809102018460809302019FBF6CCF8091FF
:1059F00022058695869583708130F1F158F08230CA
:105A000009F061CF80911805811117C061E085E729
:105A100097E43DC08091220581FF13C0609122056B
:105A20006295617080911805811107C081E697E445
:105A30000F94821F8CE50F94C2B380E00E94485DF2
:105A400042CF6091A7047091A8046B5F7F4F072E2F
:105A5000000C880B990B0F9449B68B019C01409167
:105A6000650E5091660E6091670E7091680E87E723
:105A700092E00F94B81127CF8091220581FF0AC0D0
:105A8000809118058111D9CF61E089E697E40F94E0
:105A9000821FD3CF4091F5045091F6046091F70432
:105AA0007091F80400E010E020E731E483E792E031
:105AB000E0CF809122058695869583708130D1F064
:105AC00058F0823009F0FFCE809118058111B5CFD2
:105AD00061E085E997E4DBCF609122056295617012
:105AE000809118058111A9CF81E897E40F94821F56
:105AF0008DE5A1CF8091180581119FCF61E089E8E4
:105B000097E4C5CF80912205869586958370823073
:105B100008F0D9CE80912205869586958370909164
:105B2000220592959695977061E0813009F060E0CA
:105B300081E0923009F080E00F94F111C4CE109210
:105B400022059FB7F894809102018B7F8093020118
:105B50009FBF8091700E9091710E892B39F48091C6
:105B6000B30590E09093710E8093700E81EA97E4F4
:105B70000E94175DA8CE4F925F926F927F928F9294
:105B80009F92AF92BF92CF92DF92EF92FF926C0101
:105B90000F94E31C28EE33E040E050E00F942EBC5D
:105BA00029013A010E94DA5684E080939702F12C91
:105BB000E12C0F94E22B81E00E94886D0F94E31C8E
:105BC00028EE33E040E050E00F942EBC49015A012A
:105BD00084189508A608B7080E94DF56811107C0EF
:105BE000C814D904EA04FB0420F781E007C081E06F
:105BF000C814D904EA04FB0408F080E092E0909312
:105C0000970291E08927FF90EF90DF90CF90BF90AF
:105C1000AF909F908F907F906F905F904F9008957E
:105C20000F94E22B0E9440630E94F45C0E949F63E9
:105C300080E00C945C536091720E7091730E65500D
:105C40007109072E000C880B990B0F9449B69B0124
:105C5000AC016091650E7091660E8091670E909117
:105C6000680E0F94D8BD87FF07C08091220581116F
:105C700003C00F94102EDFCF0895CF92DF92EF92E2
:105C8000FF927C010F94E31C9B01AC012E0D3F1D84
:105C9000411D511D69017A010F94E31C6C157D05AE
:105CA0008E059F0538F480912205811103C00F9461
:105CB000102EF2CFFF90EF90DF90CF9008952091BB
:105CC000DE063091DF064091E0065091E10660E08B
:105CD00070E08FE793E40F94E2BD6093B304709398
:105CE000B4048093B5049093B6042091EA063091F1
:105CF000EB064091EC065091ED0660E070E08FE716
:105D000093E40F94E2BD6093AB047093AC04809372
:105D1000AD049093AE0408952F923F924F925F92FC
:105D20006F927F928F929F92AF92BF92CF92DF92AB
:105D3000EF92FF920F931F93CF93DF93CDB7DEB710
:105D4000E0970FB6F894DEBF0FBECDBF6A877B87A2
:105D50008C879D871A013AA729A70F949D2210923C
:105D60003E0229A53AA53093490620934806109291
:105D70004B0610924A060F94E31C6E837F8388873C
:105D8000998737FEFFC03DE23F8F0F94E31C6CA361
:105D90007DA38EA39FA381E297E4121413040CF455
:105DA0008AC28EE097E40E94175D6A857B858C85A8
:105DB0009D850F9454BE2FE72114310409F4E5C0EA
:105DC00020931E067093710E6093700E8E819F81DA
:105DD000A885B9858E879F87A88BB98B88A399A33F
:105DE000AAA3BBA31A8A90E49B8BACE1AC8BB6E46C
:105DF000BD8B1E8A1F8A188E198E6FE7C62ED12C76
:105E0000E12CF12C00E010E018AA1FA61D822FE75C
:105E100030E040E050E029833A834B835C831B8E63
:105E20001C8E1D8E1E8E31E03A8FA8954091030680
:105E300048A7442309F42CC20F94032621143104EB
:105E400009F0AAC00091650E1091660E5091670E80
:105E500058AB8091680E8FA72E893F89488D598D48
:105E6000B80188A99FA50F94D8BD87FD06C00E8BE9
:105E70001F8BB8A9B88F2FA5298F2A893B894C89F8
:105E80005D89B80188A99FA50F946CBF181634F0DE
:105E90000A8B1B8B38A93C8B4FA54D8B0F94E31CB1
:105EA0002CA13DA14EA15FA1621B730B840B950B2E
:105EB000653C79408105910540F00E9447590F9457
:105EC000E31C6CA37DA38EA39FA34A8D442309F4F6
:105ED0004CC02A853B854C855D85B80188A99FA566
:105EE0000F946CBF18160CF0D3C10F94E31C2E85D1
:105EF0003F8548895989621B730B840B950B693860
:105F000073418105910508F4C3C1D701C6012981F8
:105F10003A814B815C81821B930BA40BB50BB59529
:105F2000A795979587952114310409F440C0809373
:105F30001E060F94E31C6E837F8388879987DC019C
:105F4000CB012E853F8548895989821B930BA40B71
:105F5000B50B8B8F9C8FAD8FBE8F3A853E8B4B855B
:105F60004F8B5C85588F8D85898F2A853B854C8525
:105F70005D85B80188A99FA50F94D8BD87FD1AC07B
:105F80001A8E86C14AE04F8F00CF20931D05709373
:105F9000730E6093720E1ACF0091F5041091F604FF
:105FA0009091F70498ABA091F804AFA755CF8093D8
:105FB0001D05BFCF0F94E31C2E813F814885598575
:105FC000621B730B840B950B693873418105910536
:105FD000B8F20F94E31C6E877F87888B998B809132
:105FE0004A0690914B06181619060CF02CC18E85A6
:105FF0009F85A889B9892E813F8148855985821B53
:10600000930BA40BB50B4B8C5C8C6D8C7E8C480E6B
:10601000591E6A1E7B1E2B8D3C8D4D8D5E8D281B5F
:10602000390B4A0B5B0B69817A818B819C810F94C0
:106030001EBCA30192010F94ACBCDA01C9018C0D06
:106040009D1DAE1DBF1D84319105A105B1050CF448
:106050003CC16C017D013CEEC316D104E104F104A6
:106060002CF04BEEC42ED12CE12CF12C8038910574
:10607000A105B1050CF437C18EEF90E0A0E0B0E0CF
:106080008C199D09AE09BF0989839A83AB83BC83B0
:1060900086E097E40E94F05AC701B6010F944BAF17
:1060A00081E097E40E94F05A69817A818B819C811A
:1060B0000F944BAF8AEF96E40E94F05A42E06A894F
:1060C0007B898C899D890F940CB383EF96E40E94A1
:1060D000F05A6E897F89888D998D0F942053809115
:1060E0004A0690914B0603970CF4ADC069817A8102
:1060F0008B819C810F9449B620E030E040E850E469
:106100000F9488B64B015C012A893B894C895D89D3
:106110006E897F89888D998D0F94E2BC20ED3FE0D8
:1061200049E450E40F9488B620E030E040E05FE3BB
:106130000F9488B69B01AC01C501B4010F94E2BD78
:106140004B015C01C301B2010F9449B620E030E07D
:106150004AE754E40F94E2BD2B013C018DEE96E436
:106160000E94F05A42E0C501B4010F940CB387EECF
:1061700096E40E94F05AC301B2010F9420532AE919
:1061800039E949E15FE3C501B4010F9488B64B01D9
:106190005C018092F2039092F303A092F403B09218
:1061A000F503AC019B010F94E3BCA30192010F9492
:1061B000E2BD6093EE037093EF038093F00390933E
:1061C000F103A3019201C501B4010F9488B620E048
:1061D00030E040E05EE30F9488B66093EA0370938A
:1061E000EB038093EC039093ED0389ED96E40E941A
:1061F000175D83ED96E40E94F05A6091F20370916E
:10620000F3038091F4039091F5030F9420538DECE8
:1062100096E40E94F05A6091EE037091EF03809132
:10622000F0039091F1030F94205387EC96E40E94C1
:10623000F05A6091EA037091EB038091EC03909126
:10624000ED030F94205389819A81AB81BC818C0D21
:106250009D1DAE1DBF1DB595A795979587952114DA
:10626000310409F445C080931E0680914A0690913E
:106270004B06019690934B0680934A063A853A8BDB
:106280004B854B8B5C855C8B8D858D8B98A59A8F10
:1062900020E030E040EA51E46A857B858C859D856D
:1062A0000F94E3BC980148A95FA50F94D8BD87FF60
:1062B00022C08DE996E40E94175D81E080933E0242
:1062C00010924B0610924A0698C034E1C32ED12C8E
:1062D000E12CF12C24E130E040E050E029833A83C6
:1062E0004B835C83D5CEC982DA82EB82FC82D0CE2E
:1062F00080931D05BACF0F94E31C28A139A14AA1B0
:106300005BA1621B730B840B950B613D774081058C
:10631000910558F1A0901E06B12C8AE996E421144B
:10632000310429F4A0901D05B12C87E996E40E9460
:10633000F05A42E0B80188A99FA50F940CB383E9F5
:1063400096E40E94F05AC5010F946E534D81442388
:1063500009F46CC05F8D451770F54F5F4D830F9446
:10636000E31C68A379A38AA39BA30F94E31C4B01AE
:106370005C010F94E31C4E805F80688479842E85D5
:106380003F8548895989420E531E641E751E841824
:106390009508A608B708860E971EA81EB91E31E8F4
:1063A00083163FE4930632E1A306B10408F447C024
:1063B00086E796E480CF8D819F8D8913D0CF8F5F44
:1063C0008D832BA53CA54DA55EA5B80188A99FA5E9
:1063D0000F94E2BC9F7720E030E040EA50E40F9455
:1063E000D8BD87FFBCCF632D661F6627661F80E080
:1063F0000F94F11181E080933E02E0960FB6F8947D
:10640000DEBF0FBECDBFDF91CF911F910F91FF90E7
:10641000EF90DF90CF90BF90AF909F908F907F9044
:106420006F905F904F903F902F9008950BA71CA7FF
:10643000A8A9ADA7BFA5BEA721E02D8390CF8091CD
:106440004A0690914B0649A55AA5481759071CF4CE
:106450008AE196E430CF80E00E945C53E6CC0F9353
:106460001F9380919C03813019F50F94E31C0091D8
:10647000AC051091AD052091AE053091AF05601BC4
:10648000710B820B930B28EE33E040E050E00F9449
:106490002EBC6091A8057091A9058091AA059091E4
:1064A000AB05620F731F841F951F1F910F910895F5
:1064B000609153067091540680915506909156064E
:1064C000D6CF8F929F92AF92BF92CF92DF92EF92F0
:1064D000FF920F931F93CF93DF931092DA030E94E2
:1064E0005A4C882309F462C0609166067091670671
:1064F00080916806909169060F9447B620E030E5D8
:1065000043EC57E40F94E2BDEB01182F092F0F94D1
:106510002F326B017C010E94C1538CE3882E912C99
:10652000A12CB12CC701B601A50194010F942EBC7A
:106530007F936F93CA01B901A50194010F942EBCFA
:106540007F936F93C701B60120E13EE040E050E049
:106550000F942EBC5F934F933F932F9385E59AE45E
:106560009F938F930F931F93DF93CF9380E69AE4CB
:106570009F938F9388E299E59F938F930E946E5328
:106580008DB79EB742960FB6F8949EBF0FBE8DBFD3
:10659000DF91CF911F910F91FF90EF90DF90CF90FF
:1065A000BF90AF909F908F900D94CFAE81EF9FE002
:1065B0000F94C3BB4B015C018DEE9FE00F94C3BBF6
:1065C0006B017C010E94C153C701B6012CE330E08E
:1065D00040E050E00F942EBC7F936F93CA01B90145
:1065E00028E130E040E050E00F942EBC7F936F93A1
:1065F000C701B60120EA35E040E050E00F942EBC20
:106600005F934F933F932F938EE69AE49F938F93DC
:10661000C501B4010F9447B620E030E048EC52E4E5
:106620000F94E2BD9F938F937F936F938FE79AE4CC
:106630009F938F938CE499E59F938F930E946E5361
:106640008DB79EB742960FB6F8949EBF0FBE8DBF12
:106650009FCFCF92DF92EF92FF920F931F93CF9332
:10666000DF9300D000D01F921F92CDB7DEB780918C
:106670003B0590913C050097E1F120913902309162
:106680003A02243631054CF4AC01420F531F453613
:1066900051056CF4820F931F0CC02436310509F4A8
:1066A00055C0AC01420F531F443651059CF784E698
:1066B00090E090933A028093390280913902909150
:1066C0003A0282179307A9F0883E53E0950714F029
:1066D00087EE93E08A30910514F48AE090E090937D
:1066E0003A028093390210923C0510923B050E94B9
:1066F000AD4980916D02811110925206109152069F
:10670000112391F12FEF210F209352068091D10395
:1067100081110DC00E94DF56882349F01092F703C3
:1067200060E081EB98EC0F94E2AC0E94095528964A
:106730000FB6F894DEBF0FBECDBFDF91CF911F9192
:106740000F91FF90EF90DF90CF9008958B309105DF
:106750001CF0865A9F4FADCF863F4FEF94070CF049
:10676000ACCF82599F4FA5CF6AE0609352068091CB
:1067700051068F5F809351068E3109F09FC01092B1
:1067800051060E94095510923D050E944A530E94ED
:10679000C1536091720E7091730E072E000C880B1E
:1067A000990B0F9449B620E030E040E05FE30F948E
:1067B000E3BC0F9454BE6B0120E030E040E05FE3A7
:1067C0006091650E7091660E8091670E9091680ED3
:1067D0000F94E3BC0F9454BEA60182E80F944B0EB5
:1067E00083E00E948B5380917907813009F06EC05D
:1067F00088E798E50E94805361E080E00E9495530D
:106800006091700E7091710E072E000C880B990B21
:106810000F9449B620E030E040E05FE30F94E3BC22
:106820000F9454BE6B0120E030E040E05FE36091E4
:10683000F5047091F6048091F7049091F8040F9498
:10684000E3BC0F9454BEA60180E80F944B0E83E086
:106850000E948B5380913A028F93809139028F93DB
:1068600081E898E59F938F930E946E5398E0981B60
:10687000892F0E948B5362E080E00E9495530F9015
:106880000F900F900F9080911505E0907314811177
:106890003EC024E9C22E28E5D22EE1103CC088E992
:1068A000C82E88E5D82E0E94AB4CF82E8823D9F14B
:1068B000809186028F3F89F5F12C35C00F9476BC0C
:1068C000911163CF80E00E94C8545DCF809146074C
:1068D0008823D9F080E21F928F93809152078F9383
:1068E000809151078F93809150078F9380914F072C
:1068F0008F938FE698E59F938F930E946E530FB608
:10690000F894DEBF0FBECDBF77CF8FE3E4CF9CE915
:10691000C92E98E5D92EEE2031F28091E103FF24B3
:10692000F394882399F181EA9DE00F94BBBB082F73
:106930000E94EF5987FD2AC0081741F19BE0090228
:10694000B0011124675B724F47E050E08E010F5F8A
:106950001F4FC8010F94ABBB18861F930F9380E89D
:106960009AE59F938F930E946E530F900F900F9014
:106970000F9080919D13813009F062C00F9417151C
:1069800095E0981B892F0E948B5367C0E11004C0CB
:1069900080919D0381114AC0DF92CF928CE79AE5E6
:1069A0009F938F930E946E530F900F900F900F90B4
:1069B0008091A303811104C0809186028536F0F195
:1069C000809185028536D0F180910617882319F1D0
:1069D0008091801790918117A0918217B0918317B1
:1069E0000097A105B105B9F0BC01CD016D597F4FEC
:1069F0008F4F9F4F24E630E040E050E00F942EBCD4
:106A000060918717709188178091891790918A17E4
:106A10000F942EBC122F212F30E08EE898E5F11054
:106A200002C088E898E53F932F939BCF81E00E94B6
:106A30008B538DE496E00E948856BACF182FEBCF87
:106A400080916B0E882309F4ACC080EA98E59F938F
:106A50008F930E946E530F900F900E94AB4C88232F
:106A600009F4BCC08091A303882309F49CC0C090A2
:106A70008D02D0908E02E0908B02F0908C0280917B
:106A800050068A3011F410925006809150068F5FA4
:106A9000809350062FEFE216F20621F0970113E4DF
:106AA000863070F43FEFC316D30609F085C00F940B
:106AB0002F322CE330E040E050E00F942EBC10E287
:106AC0004091390250913A024436510509F477C099
:106AD000C216D30621F0E216F30609F070C0A4E650
:106AE000B0E00F945BBC9A01550F440B550B0F940B
:106AF0002EBC4FE3E42E042E000CFF08E12F012EE4
:106B0000000CFF0BC9016CE370E00F9484BC2037CC
:106B1000374108F056C0FF924F93FF931F939F9306
:106B20008F937F936F938AEB98E59F938F930E9447
:106B30006E530FB6F894DEBF0FBECDBF98E0981B22
:106B4000892F0E948B5363E080E00E9495530F943D
:106B50000A1E80916B0E8823C1F080918F028150B4
:106B600009F445C080938F0280918F02853009F42B
:106B700045C0883051F485E10F94C2B38091A603DB
:106B8000882319F086E10F94C2B38091690E88239F
:106B900009F4BCCD8091610E8111B8CD0E9419EE2F
:106BA000B5CD85E0F0CEC0908902D0908A02E09009
:106BB0008702F090880263CF960112E581CF40E210
:106BC00099CFFF924F93FF931F937F936F938FEA19
:106BD00098E59F938F930E946E53ABCF86EA98E51A
:106BE0009F938F930E946E530F900F90A7CF8AE0D0
:106BF00080938F0280E00F94C2B3B6CF809173145C
:106C0000882319F284E1BFCF10929C031092AC0547
:106C10001092AD051092AE051092AF05109253067A
:106C20001092540610925506109256061092A8051E
:106C30001092A9051092AA051092AB0508958091B3
:106C40009C038130F1F08230C9F40F942F326093AD
:106C5000A8057093A9058093AA059093AB0581E0E0
:106C600080939C030F94E31C6093AC057093AD0577
:106C70008093AE059093AF0581E008950F9404369C
:106C8000EECF80E0089580919C038150823070F4B3
:106C900010929C030F94E31C609353067093540668
:106CA000809355069093560681E0089580E00895FC
:106CB0002FB7F89494E0899FF0011124E859F84F18
:106CC00060817181828193812FBF0895CF93C82FF6
:106CD0000F9458360F9449B624E0C29FF001112456
:106CE000EA58F94F20813181428153810F94E2BDEE
:106CF000CF910895CF93DF9300D01F92CDB7DEB729
:106D000090915A0E80915B0E981709F446C00F942B
:106D1000E22B80913B02843038F081E00E94886D44
:106D200080E00E945C53ECCF19821A821B821C8285
:106D3000AE014F5F5F4F6FE60F941A1789819A81FA
:106D4000AB81BC819370AA27BB274091CC035091A3
:106D5000CD036091CE037091CF03840F951FA61FC2
:106D6000B71F8093CC039093CD03A093CE03B09331
:106D7000CF038091C8039091C903A091CA03B09139
:106D8000CB030196A11DB11D8093C8039093C90345
:106D9000A093CA03B093CB03B3CF0F900F900F9083
:106DA0000F90DF91CF910895B19A109285001092C3
:106DB000840080ED97E09093890080938800109282
:106DC000F3041092F2048091F0049091F104019781
:106DD0008E3F9F4F20F41092F1041092F00408951A
:106DE0008091A30381113AC081E08093A303609155
:106DF000A3038FEF9FE00F94DFBB90915A0E809119
:106E00005B0E981731F082E59CE40F9412130F94F7
:106E10007A360F946864F89481E09091A3039111FD
:106E200001C080E0809370060F946E870E9490DD11
:106E3000880F82700F948F190F94D436789489E656
:106E40009FE00F94BBBB882361F08091A30388234C
:106E500041F060E085EC92E00D94E2AC1092A30367
:106E6000C6CF08951F920F920FB60F9211240BB642
:106E70000F926F927F928F92CF92DF92EF92FF925A
:106E80000F931F932F933F934F935F936F937F9332
:106E90008F939F93AF93BF93CF93DF93EF93FF9322
:106EA0008091F0049091F1049C01215031092E3F12
:106EB0003F4F90F4209188003091890028173907BE
:106EC00008F0F9C02091880030918900821B930B53
:106ED0009093F1048093F004209188003091890010
:106EE0008091F2049091F3042817390708F0E8C064
:106EF0002091880030918900821B930B9093F304BA
:106F00008093F2048091F2049091F304892B11F0A4
:106F10000D948240E091A605F091A705309709F005
:106F200087C190915A0E80915B0E981709F4F9C1B0
:106F3000C0915B0E2C2F30E05EE6C59FE00111246E
:106F4000C658D84FFE01E95BFF4F41E04083D09324
:106F5000A705C093A605209709F4E3C11092A205E6
:106F60001092A3051092A4051092A5051092A105F8
:106F70008AAD9BAD9093A00580939F058134ECE989
:106F80009E0708F0A2C08132FEE49F0708F4A0C06B
:106F9000969587959695879544E040939E058097B2
:106FA0008115E8E09E0708F4A4C0E92FFF27EE0F43
:106FB000FF1FEE0FFF1FAF01465E5D4BFA013296D9
:106FC000A591B491FA0145915491B89FB001A89F41
:106FD000000C611D1124711DCA01861B970B84369C
:106FE000910510F484E690E0B0E0A0E080939A056B
:106FF00090939B05A0939C05B0939D054EE6429F00
:10700000C001439F900D11248658984FFC01E45B0A
:10701000FF4F4081442349F0815B9F4FFC018081F9
:1070200091819093990580939805109297058FEF21
:107030009FEF9093F1048093F004809396058EE681
:10704000829FF001839FF00D1124E658F84F85A927
:1070500084FF08C01092740710927507109276078B
:107060001092770783FF66C08EE6829FF001839FB0
:10707000F00D1124E658F84F8089918996958795EF
:1070800091958195910990938705809386059093BA
:107090008B0580938A0590938F0580938E0590933E
:1070A00093058093920581E024853585232B09F093
:1070B00082C080E080C01092F1041092F0040CCFE6
:1070C0001092F3041092F2041DCF80E49CE960CF8B
:1070D000813157E2950720F09695879542E05DCF84
:1070E00040939E058032910508F059CF80E290E0F0
:1070F00056CFAC01569547954C7F465E514CFA01F0
:1071000065917491FA013296A591B491AC014770E2
:1071100055274A9FC0014B9F900D5A9F900D1124F7
:10712000E3E096958795EA95E1F7AB01481B590B8B
:10713000CA0155CF8EE6829FF001839FF00D112486
:10714000E658F84F80899189A289B389B695A795A9
:1071500097958795B095A095909581959F4FAF4F46
:10716000BF4F8093860590938705A0938805B093C1
:10717000890580938A0590938B05A0938C05B09325
:107180008D0580938E0590938F05A0939005B09305
:1071900091058093920590939305A0939405B093E5
:1071A000950581E04485558566857785452B462B79
:1071B000472B09F47ECF80938505109281051092AC
:1071C00082051092830510928405888D8093800536
:1071D00080FF90C080910B01816080930B018FEF45
:1071E00080936F028091800581FF8BC080910B019D
:1071F0008D7F80930B018FEF8093700280918005CB
:1072000082FF86C080910B01846080930B018FEF19
:10721000809371028091800583FF81C08FEF8093FE
:107220007202E091A605F091A705309709F43DC7D9
:107230008091900250917D05882309F4CBC0209164
:10724000120580917F0590917E05309180054091D7
:10725000060130FF87C042FD83C08160492F417025
:107260004823B1F0C080D180E280F3801C141D045B
:107270001E041F046CF42160C088D188E288F38862
:10728000C0928105D0928205E0928305F092840538
:107290004091060131FF70C047FD6CC08260492FEC
:1072A00042704823B1F0C480D580E680F7801C147A
:1072B0001D041E041F046CF42260C088D188E2887B
:1072C000F388C0928105D0928205E0928305F09206
:1072D000840532FF94C0511177C03091700631306F
:1072E00009F052C03091440632FD4EC01C9B52C082
:1072F000846051C080910B018E7F80930B0181E0EF
:107300006FCF80910B01826080930B0181E074CF7D
:1073100080910B018B7F80930B0181E079CF81E01D
:107320007ECF80ED97E09093F3048093F2049093E6
:10733000EF048093EE048FEF9FEF9093F10480931E
:10734000F004109297058091EC049091ED04009761
:1073500009F467CF01979093ED048093EC0461CF1B
:107360008E7F7CCF42FD04C08061492F407178CF71
:107370008F7EFBCF8D7F93CF47FD04C08062492F66
:1073800040728FCF8F7DFBCF1C99B2CF3091060119
:1073900036FFAECF8B7F94709823B1F0C084D18438
:1073A000E284F3841C141D041E041F046CF4246086
:1073B000C088D188E288F388C0928105D092820586
:1073C000E0928305F092840580937F0580937E058B
:1073D00020931205552309F440C020911205809195
:1073E0007F0590917E05309170063130C9F430915F
:1073F000440632FD15C01C9B19C0846018C0309132
:107400007006313031F43091440632FD02C08F7B7A
:1074100005C03091060136FDFACF80649074BCCF70
:107420001C99EBCF3091060136FFE7CF8B7F94702C
:10743000982369F024604089518962897389409357
:107440008105509382056093830570938405809332
:107450007F0580937E052093120585A9C0E0D1E0C9
:1074600012E004E083FF08C180919E05C81708F070
:1074700072C20F945304E091A605F091A705808194
:1074800091812091860530918705820F931F9093FB
:107490008705809386051816190664F5D6B9E0911C
:1074A000A605F091A7058091860590918705208912
:1074B0003189821B930B9093870580938605909169
:1074C0006F02409168075091690760916A07709157
:1074D0006B07892F990F990BAA0BBB0B840F951F74
:1074E000A61FB71F8093680790936907A0936A0748
:1074F000B0936B07E091A605F091A7058481958173
:1075000020918A0530918B05820F931F90938B05F4
:1075100080938A051816190644F516B9E091A60558
:10752000F091A70520893189821B930B90938B05DD
:1075300080938A059091700240916C0750916D077D
:1075400060916E0770916F07892F990F990BAA0BA5
:10755000BB0B840F951FA61FB71F80936C079093DA
:107560006D07A0936E07B0936F07E091A605F091A9
:10757000A7058085918520918E0530918F05820F1A
:10758000931F90938F0580938E051816190644F566
:1075900006B9E091A605F091A70520893189821BE3
:1075A000930B90938F0580938E059091710240917B
:1075B0007007509171076091720770917307892F5E
:1075C000990F990BAA0BBB0B840F951FA61FB71F12
:1075D0008093700790937107A0937207B09373071D
:1075E000E091A605F091A7058091920590919305F1
:1075F00024853585820F931F909393058093920580
:10760000208931891816190644F5821B930B909333
:107610009305809392059091720240917407509166
:1076200075076091760770917707892F990F990BED
:10763000AA0BBB0B840F951FA61FB71F809374075F
:1076400090937507A0937607B09377079091720295
:1076500080919705890F809397058091810590917E
:107660008205019690938205809381058217930786
:1076700008F071C1CF5FF8CE80919E05C81708F061
:107680006AC10F945304E091A605F091A70580818B
:107690009181A281B38140918605509187056091C7
:1076A000880570918905840F951FA61FB71F8093C9
:1076B000860590938705A0938805B09389051816D1
:1076C00019061A061B06C4F5D6B9E091A605F09175
:1076D000A7058091860590918705A0918805B091B6
:1076E00089054089518962897389841B950BA60B92
:1076F000B70B8093860590938705A0938805B09378
:10770000890590916F0240916807509169076091D7
:107710006A0770916B07892F990F990BAA0BBB0B06
:10772000840F951FA61FB71F809368079093690762
:10773000A0936A07B0936B07E091A605F091A705A7
:1077400084819581A681B78140918A0550918B05EE
:1077500060918C0570918D05840F951FA61FB71F32
:1077600080938A0590938B05A0938C05B0938D052B
:10777000181619061A061B0684F516B9E091A60517
:10778000F091A7054089518962897389841B950B03
:10779000A60BB70B80938A0590938B05A0938C055D
:1077A000B0938D059091700240916C0750916D07D8
:1077B00060916E0770916F07892F990F990BAA0B33
:1077C000BB0B840F951FA61FB71F80936C07909368
:1077D0006D07A0936E07B0936F07E091A605F09137
:1077E000A70580859185A285B38540918E0550912E
:1077F0008F056091900570919105840F951FA61FCC
:10780000B71F80938E0590938F05A0939005B0933A
:107810009105181619061A061B0684F506B9E0919B
:10782000A605F091A7054089518962897389841B57
:10783000950BA60BB70B80938E0590938F05A093A5
:107840009005B0939105909171024091700750910D
:1078500071076091720770917307892F990F990BC7
:10786000AA0BBB0B840F951FA61FB71F8093700731
:1078700090937107A0937207B0937307E091A605E8
:10788000F091A7058091920590919305A0919405A0
:10789000B09195054485558566857785840F951F3C
:1078A000A61FB71F8093920590939305A09394050C
:1078B000B093950540895189628973891816190614
:1078C0001A061B0674F5841B950BA60BB70B809349
:1078D000920590939305A0939405B093950590918C
:1078E0007202C0907407D0907507E0907607F09010
:1078F0007707892F990F990BAA0BBB0B8C0D9D1D38
:10790000AE1DBF1D8093740790937507A0937607F3
:10791000B09377079091720280919705890F8093B9
:1079200097058091810590918205A0918305B09182
:1079300084050196A11DB11D809381059093820558
:10794000A0938305B093840584179507A607B7070E
:1079500010F4CF5F91CE80919705882339F087FD91
:10796000EEC080910B01806480930B0140918105F2
:10797000509182056091830570918405C091A605A0
:10798000D091A705898D9A8DAB8DBC8D84179507F5
:10799000A607B70708F434C140919A0550919B059A
:1079A00060919C0570919D05CC88DD88EE88AA27A2
:1079B0004D9DB12D5E9DC0016E9D900D6D9D800D04
:1079C000911D4E9DB00D811D9A1F5D9DB00D811DB5
:1079D0009A1F6C9DB00D811D9A1F5C9DB10D8A1F71
:1079E0009A1FBB0F8A1F9A1F11242AAD3BAD820F2D
:1079F000931F9093A00580939F052EA93FA9281758
:107A0000390720F43093A00520939F0580919F05AE
:107A10009091A0058134FCE99F0708F094C0813261
:107A20002EE4920708F492C09695879596958795CF
:107A300024E020939E0580978115F8E09F0708F4C5
:107A400097C0E92FFF27EE0FFF1FEE0FFF1F9F01CB
:107A5000265E3D4BF9013296A591B491F90125912D
:107A60003491B89FF001A89F000CE11D1124F11D75
:107A7000C9018E1B9F0B8436910510F484E690E0BB
:107A80009093F3048093F2049093EF048093EE04B8
:107A9000480F591F611D711D40939A0550939B0516
:107AA00060939C0570939D05FE01E45BFF4F808110
:107AB00081117DC080E080FF16C09FEF90939605F6
:107AC000E091EC04F091ED04209198053091990536
:107AD000E217F30709F024C28FEF9FEF9093F104B0
:107AE0008093F00480E080FD07C08091F0049091C5
:107AF000F104019609F4B2C2E091EE04F091EF04B2
:107B00008091770590917805A0917905B0917A05DB
:107B10008E0F9F1FA11DB11DC35BDF4F088119810F
:107B200030E020E060E080179107A207B30708F477
:107B300027C26F5F801B910BA20BB30BF4CF809118
:107B40000B018F7B11CF80E49CE96ECF8131E7E29E
:107B50009E0720F09695879522E06BCF21E0209339
:107B60009E058032910508F066CF80E290E063CFF9
:107B70009C01369527952C7F265E314CF901A59105
:107B8000B491F90132960591149187709927809FDD
:107B90009001819F300D909F300D1124F3E03695B8
:107BA0002795FA95E1F7CD01821B930B64CF4091A5
:107BB00081055091820560918305709184058091C3
:107BC0009E0590E0B0E0A0E084179507A607B707F0
:107BD00008F470CF80918505811102C083E06BCFDE
:107BE0008091EC049091ED042091980530919905D5
:107BF0002817390798F79093990580939805EECF49
:107C00008091810590918205A0918305B0918405B2
:107C10004D8D5E8D6F8D78A1481759076A077B07D8
:107C200008F0E3C0C090A205D090A305E090A405A1
:107C3000F090A5056C887D888E88AA27C79CB12DF9
:107C4000D89CF001E89CF00DE79CE00DF11DC89C6C
:107C5000B00DE11DFA1FD79CB00DE11DFA1FE69C87
:107C6000B00DE11DFA1FD69CB10DEA1FFA1FBB0F24
:107C7000EA1FFA1F112420919F053091A0058EADB7
:107C80009FAD2E173F0730F02E1B3F0B8217930737
:107C900008F4C90181342CE9920708F075C08132DB
:107CA000EEE49E0708F473C09695879596958795A0
:107CB00024E020939E058097811528E0920708F420
:107CC00078C0E92FFF27EE0FFF1FEE0FFF1F9F0168
:107CD000265E3D4BF9013296A591B491F9012591AB
:107CE0003491B89FF001A89F000CE11D1124F11DF3
:107CF0002E1B3F0BC9012436310510F484E690E0B9
:107D00009093F3048093F2049093EF048093EE0435
:107D1000C80ED91EE11CF11CC092A205D092A30589
:107D2000E092A405F092A505FE01E45BFF4F80817F
:107D3000882309F4BFCE8091810590918205A0919E
:107D40008305B091840520919E05420F511D611D50
:107D5000711D481759076A077B0708F4ABCE3596A3
:107D60002081318130939905209398058091850574
:107D7000882309F433CF8091EC049091ED048217AD
:107D8000930708F02BCF37CF80E49CE98DCF81316A
:107D9000F7E29F0720F09695879522E08ACF21E0B1
:107DA00020939E058032910508F085CF80E290E017
:107DB00082CFDC01B695A795AC7FA65EB14CFD01E4
:107DC00025913491FD013296A591B4918770992740
:107DD0008A9FF0018B9FF00D9A9FF00D1124A3E074
:107DE000F695E795AA95E1F783CF8091A1058823C1
:107DF00071F080E020917B0530917C053093F30495
:107E00002093F2043093EF042093EE0454CE8EA915
:107E10009FA981344CE9940708F04EC081325EE49A
:107E2000950708F44CC0969587959695879524E01C
:107E300020939E0580978115F8E09F0708F451C0B4
:107E4000E92FFF27EE0FFF1FEE0FFF1F9F01265E9A
:107E50003D4BF901329665917491F9012591349168
:107E6000789FA001689F000C411D1124511DC9017C
:107E7000841B950B8436910510F484E690E0909372
:107E80007C0580937B0580919E058093A105FE0172
:107E9000E45BFF4F8081882309F4ABCF8091850597
:107EA000882341F08091EC049091ED049093990522
:107EB0008093980581E09ECF80E49CE9B4CF813126
:107EC000E7E29E0720F09695879522E0B1CF21E06A
:107ED00020939E058032910508F0ACCF80E290E0BF
:107EE000A9CF9C01369527952C7F265E314CF90150
:107EF00045915491F9013296659174918770992753
:107F0000869F9001879F300D969F300D1124A3E02E
:107F100036952795AA95E1F7CA01821B930BAACF44
:107F2000DE01A35BBF4F4D915C91119770E060E063
:107F300040937705509378056093790570937A059F
:107F400016969C9190937605982F927009F4CBCD5C
:107F500090918505992309F4C6CD2E173F0708F0A7
:107F6000C2CD440F551F661F771F4093770550936E
:107F700078056093790570937A0510929605B3CDD4
:107F80008093770590937805A0937905B0937A054F
:107F900061111BC0F0937505E0937405F093F10433
:107FA000E093F0048091960587FD58C080919E056E
:107FB0001091760528813981811335C081E02E1713
:107FC0003F0708F449C080E047C0643028F56F5F80
:107FD0006330A9F06695AF0102C0569547956A9542
:107FE000E2F7BA017093750560937405809174058A
:107FF000909175059093F1048093F004D3CF9F0185
:10800000ABEABAEA0F945BBC41E196958795779508
:1080100067954A95D1F7E6CF70E06F5F7F4FCF014C
:108020000F9484BCDFCF833009F4CFC08695A901BB
:1080300002C0569547958A95E2F7133009F4D3C0EC
:108040001695BF0102C0769567951A95E2F781E013
:108050004617570708F0B7CF809396050F9453043F
:10806000409181055091820560918305709184054E
:10807000E091A605F091A70580899189A289B3892D
:10808000481759076A077B0780F01092A7051092DE
:10809000A60590915A0E80915B0E981731F0809151
:1080A0005B0E8F5F8F7080935B0E809170068130C6
:1080B00049F180915C02882329F180914406811165
:1080C00021C09091060181E0292F247092FD80E06B
:1080D00090910601826097FF03C0211113C081E0D7
:1080E0008093140510925C026091470270914802DF
:1080F0008091490290914A0220E030E040E85FEB35
:108100000E94106C6091F0047091F104611571058A
:1081100009F046C04091EC045091ED04209198057F
:1081200030919905809197052417350708F06CC0A8
:1081300090917605913041F0421B530B9417150630
:1081400019F010F04093760590917605891B809385
:108150009705882339F087FD53C080910B01806417
:1081600080930B01209176058091EC049091ED04B1
:10817000821B91099093ED048093EC042091EC0410
:108180003091ED0480919805909199052817390751
:1081900009F066C08FEF9FEF9093F1048093F00495
:1081A00040919705411161C08091F0049091F104D4
:1081B0002091F2043091F3048F3F980709F088C0B2
:1081C00030938900209388008EC0ABEABAEA0F94FE
:1081D0005BBCAB01BC0131E176956795579547953E
:1081E0003A95D1F72ACF9F01ABEABAEA0F945BBC6C
:1081F00021E196958795779567952A95D1F727CFB1
:1082000080910B018F7BACCF4217530708F0B6CF9C
:1082100090917605913041F0241B350B921713068F
:1082200019F010F02093760590917605890F8093D0
:108230009705882339F087FD0FC080910B0180647A
:1082400080930B01809176052091EC043091ED0430
:10825000820F932F911D8ECF80910B018F7BF0CFDA
:10826000809174059091750597CF8091960587FD53
:108270000EC0082E000C990B21E030E0611571054D
:1082800011F030E020E08217930709F08DCF2091A4
:108290007605672B11F020919E05842F042E000C8B
:1082A000990B97FF03C091958195910930E02817AC
:1082B00039070CF4C90121E047FF2FEF38E036B948
:1082C00090919705920F909397058150C1F76CCFCD
:1082D000AC01485D5F4F4217530708F071CF909390
:1082E00089008093880020918800309189008091D6
:1082F00084009091850040962817390748F48091B2
:108300008400909185004096909389008093880026
:10831000FF91EF91DF91CF91BF91AF919F918F919D
:108320007F916F915F914F913F912F911F910F918D
:10833000FF90EF90DF90CF908F907F906F900F9095
:108340000BBE0F900FBE0F901F90189590917D055A
:1083500080937D052FB7F894809112058B7F8093D1
:1083600012052FBF892F0895809112052FB7F89419
:10837000909112059B7F909312052FBF82FB882757
:1083800080F90895909112051092120581E09111E3
:1083900001C080E008959091EB049130A1F028F0A5
:1083A0009230A9F09330C1F00895811102C00D946C
:1083B000BB04823011F40D943112853009F050C0A5
:1083C00080E00D949904882391F38230A1F38530E5
:1083D00009F046C081E0F5CF882349F3823059F394
:1083E000853071F38630E1F485E027E231E04FB764
:1083F000F894909102019460909302014FBFF901AB
:108400003197F1F74FB7F894909102019B7F9093C9
:1084100002014FBFF9013197F1F7815041F70895FB
:108420008730F1F481E00E94466D84E123E731E07A
:108430004FB7F894909102019460909302014FBF5E
:10844000F9013197F1F74FB7F894909102019B7FB2
:10845000909302014FBFF9013197F1F7815041F735
:1084600008952F923F924F925F926F927F928F92D8
:108470009F92AF92BF92CF92DF92EF92FF920F93B3
:108480001F93CF93DF9300D000D0CDB7DEB75C0150
:108490006C83342E3B832A8348012C2C009709F0EF
:1084A00051C08701222DA4016A817B81832D0F9405
:1084B000C112D12CC12C0F94E31C2B013C010E9452
:1084C000DA5684E080939702DE82CD8224E6298307
:1084D00082E390E00E9433703C8131113AC0809178
:1084E0003B0590913C05009709F042C00E94DF5681
:1084F000882309F467C08D819E81892B09F05EC0B5
:1085000082E08093970291E090936E0280936D02D7
:10851000832D26960FB6F894DEBF0FBECDBFDF9138
:10852000CF911F910F91FF90EF90DF90CF90BF9070
:10853000AF909F908F907F906F905F904F903F9003
:108540002F9008950F9412136C01892B09F0B3CF6B
:10855000A8CF0F94E31C6419750986099709613344
:1085600075478105910508F4BACF33243A94C8CFF2
:108570002D813E81232BF9F4E114F104B1F097FF32
:108580000FC031103A948701222DA4016A817B81AA
:10859000832D0F94C11210923C0510923B05A6CF7B
:1085A00032E0331681F33394EECF392E3094331CFE
:1085B0003324331CE8CF87E00F94CB41C114D1049E
:1085C00079F484CF998191509983911181CFC1140D
:1085D000D10461F02D813E81232B11F4BE82AD8246
:1085E0008D819E810F9412139E838D838D819E8138
:1085F000892B09F06BCF8701222DA4016A817B8131
:10860000832D0F94C11262CFCF92EF92FF920F93FE
:108610001F932AE0C22EF12CE12C09E01BE225E099
:108620003BE20F9431421F910F91FF90EF90CF905A
:108630000895AF92BF92CF92DF92EF92FF920F9385
:108640001F93CF93C82F882329F061E08FE59FE027
:108650000F94DFBB81E00E94226D8EE2E82E8EE552
:10866000F82E97EDC92ED12C2CE3A22EB12C0C2F75
:1086700010E01F92CF93FF92EF920F947DBA0F906C
:108680000F900F900F90CF30A0F7F8018827E45B90
:10869000FC4B8E4F0D94CBBCB5028902A302550250
:1086A0004701590213028702FB018501FF01F70010
:1086B000E900E100E10010925E0E8FE59FE00F946B
:1086C000BBBB823029F480E193E50F9495130DC074
:1086D00040E060E08DEA92E50F940443811107C009
:1086E00061E08FE59FE00F94DFBBC1E0C0CF60E0A9
:1086F0008FE59FE00F94DFBB10E000E080E00E9478
:10870000226D1F930F938EEC99E59F938F930F9497
:108710007DBA0F900F900F900F90CD3009F40AC1E1
:10872000CE3009F4F4C0C111F6C086EE9FE4F1C06A
:108730001092D00381E00E94D3DCC2E0882309F4C8
:1087400096CF82E00E94D3DCC3E0882309F48FCF68
:1087500084E00E94D3DCC4E0882309F488CF88E059
:108760000E94D3DCC5E0882309F481CF80E10E9418
:10877000D3DCCDE081117BCFC6E079CF86E692E5F0
:108780000F9495130E94A9FC8111AFCFCEE06FCF5B
:108790008AE292E50F94951380E00E9401CBF4CF1A
:1087A00084E092E50F94951388ED91E50F9495136D
:1087B0008AEB91E50F94951381E00E9401CB882309
:1087C00029F360E070E088ED91E40E9416538091F7
:1087D0009D13813009F489CFD092730EC092720E2E
:1087E00087E991E50F9412130F941F1360E070E076
:1087F000CB010E94E0F80F94E0131092730E1092D8
:10880000720E73CF89E591E50F94951385E08093FF
:10881000690E05E010E072CFD092730EC092720E16
:10882000B092710EA092700E41E060E085E491E597
:108830000F9404438823F9F080919D13C7E08130A1
:1088400009F015CFC8E013CF20E041E070E060E010
:1088500089ED90E00F949FAB86E091E50F9495131E
:1088600007E010E04BCF0F941F130F94E013CBE001
:10887000FECE0F94E013CAE0FACE8CE19FE40F9491
:10888000951380919D13813099F485EC9EE40F94AB
:10889000951387EF9DE40F94951320E041E070E07D
:1088A00060E085E292E00F949FAB0AE010E026CFF3
:1088B00085E99EE4ECCF8CE19FE40F9495138091C1
:1088C0009D13813021F485EC9EE40F94951387EF7E
:1088D0009DE40F94951384E08093690E0BE010E003
:1088E0000DCF41E060E085EB90E50F9404438111EA
:1088F00005C087E890E50F949513BDCF83E290E51E
:10890000E4CE60E08FE59FE00F94DFBBF7CE89E611
:108910009FE40F94951381E00E94A25482E0CF91CE
:108920001F910F91FF90EF90DF90CF90BF90AF908D
:108930000C945C531092D0038EEB93E60E9408EEE9
:108940000F94441189EC9FE4E4CFCF92EF92FF9211
:108950000F931F938FE10E94D3DC81110BC08FE135
:108960000E949FCA80E01F910F91FF90EF90CF90DF
:108970000D9419438AE0C82EF12CE12C0AE31EE283
:1089800021E43EE241E060E08AEB9CE40F94314256
:10899000882329F30F94441181E00E94A25482E0BD
:1089A0001F910F91FF90EF90CF900C945C5340E09B
:1089B000682F80ED9DE40F940443811102C00D9453
:1089C0005C110895CF92EF92FF920F931F9385E071
:1089D000C82E9BEDE92E99E4F92E09E01BE225E073
:1089E0003BE240E060E081EE99E40F943142813057
:1089F00029F40E945D490F947A36E9CF823051F410
:108A000060E070E0CB011F910F91FF90EF90CF904D
:108A10000C94E0F81F910F91FF90EF90CF90089584
:108A20000F931F93CF93DF938C01EB019093730E01
:108A30008093720E0F948206811104C0D093710E40
:108A4000C093700EC091A60387EF8C0F8230F8F4AC
:108A50000F944411CA3041F484E08093690EDF9191
:108A6000CF911F910F91089560E070E080E291E452
:108A70000E9416538FE59FE00F94BBBB882379F3C8
:108A800089E0DF91CF911F910F910D9419431092BE
:108A9000DA0380916506811112C06091650E7091B4
:108AA000660E8091670E9091680E0F9454BE601B05
:108AB000710B6C5F7F4F6930710508F060C0C15069
:108AC000C83088F5EC2FF0E08827E659FA4B8E4F36
:108AD0000D94CBBC4102410241020D020D01C302C3
:108AE00031029102C5E3DDEB80916306882329F012
:108AF00082E00F94CB4110926306209709F4AFCF28
:108B00000F94420E61E0CE01DF91CF911F910F9142
:108B10000D94E2AC80916306882341F061E085EC1E
:108B200091E00F94E2ACD0E0C0E0DECF0F94420EB3
:108B30008091A603823019F481E08093A60380918E
:108B4000A603813031F461E083E299E50E94F16A85
:108B5000EACF833041F761E086E993E2F7CFCBEBD0
:108B6000DCEBC2CF0F94420E0F94E67C0F945614A8
:108B7000DACFCFE2DDEBB8CFC9E2DDEBB5CF809144
:108B80006306882321F080916D02882379F181E0CA
:108B90008093630680936D020E94C85348E25CE5AF
:108BA00063E080E00E94A9534AE35EE263E081E073
:108BB0000E94A95361E080E00E949553E091A603D2
:108BC000E150E83098F4F0E08827E651FA4B8E4FF8
:108BD0000D94CBBC210121012D0221012D0209019F
:108BE000330221018FEB99E40E9480538091630648
:108BF00081110F94690E0E94DF56882309F42FCF4C
:108C0000109263068091640681110EC01092730E5B
:108C10001092720E0E944F4C811104C01092710E7E
:108C20001092700E0F9438AE0F9438AEDF91CF9142
:108C30001F910F910D9456148AEA99E4D5CF86E9D5
:108C400099E4D2CF84E899E4CFCF8093A6034091F2
:108C50009D132091720E3091730E413059F0109295
:108C6000650680916B0290916C02281739075CF4BD
:108C70000D945914909173139111F1CF8650823055
:108C800070F74093650681E0809364066091700EF2
:108C90007091710EC9010F941045109265060895E8
:108CA00082E00D94254681E00D94254683E00D94E5
:108CB00025461092640660E570E08AEF90E00D941E
:108CC00010451092640670E060E08AEF90E00D9429
:108CD0001045109264066CE370E087ED90E00D940F
:108CE00010451092640665E570E086EE90E00D9404
:108CF00010451092640669E670E084E091E00D94FE
:108D00001045109264066EE670E083E191E00D94E8
:108D10001045109264066BE470E087ED90E00D94CE
:108D20001045109264066AE570E083E191E00D94CD
:108D300010451092640664E670E08FEF90E00D94A9
:108D400010451092640664E670E08CED90E00D949E
:108D500010451092640664E670E08EEF90E00D948A
:108D600010451092640662E370E080EF90E00D948D
:108D7000104580E00F94CB410E9459C80D944411D6
:108D8000CF92DF92EF92FF92411104C02091EB0449
:108D90002230D1F09B016C01F12CE12C672BC9F43E
:108DA0009FB7F894809102018460809302019FBF75
:108DB000C701B6010F94F61A9FB7F894809102018B
:108DC0008B7F809302019FBFFF90EF90DF90CF9049
:108DD0000895220F331F50E040E060E074E284EF1A
:108DE00090E00F94ACBC91E02115310581E048077B
:108DF000510544F086E056954795379527958A9515
:108E0000D1F793E0215031094FB7F8948091A10038
:108E1000887F892B8093A1006091AC007091AD0098
:108E2000269FC001279F900D369F900D11245091D1
:108E300072006FEF70E051FF04C06091A800709164
:108E4000A9000F9484BC7093AD006093AC00309384
:108E5000A9002093A8008091720083608093720023
:108E60004FBFC701B6010F94F61A2FB7F89480913F
:108E7000A100887F85608093A1004091AC00509153
:108E8000AD003FEF349FC001359F900D112430910C
:108E900072006FEF70E031FF04C06091A800709124
:108EA000A9000F9484BC7093AD006093AC008FEF69
:108EB00090E09093A9008093A800809172008C7F2D
:108EC000809372002FBF78CFCF93C091EB04C23054
:108ED00059F1C13069F480917305811125C040E0DA
:108EE00070E060E080E590E00F94C046C0937305A9
:108EF00060ED77E080E795E00F943D1D8823A1F0B9
:108F000080E795E00F94441D8091EB04811108C027
:108F100040E070E060E080E590E0CF910D94C046C5
:108F200080E0CF910D94CB41CF9108958230B9F07C
:108F30008330E9F0813059F080910B01613029F4E0
:108F4000816080930B01000008958E7FFACF80919D
:108F50000B01611102C08260F4CF8D7FF2CF80914E
:108F60000B01613011F48460ECCF8B7FEACF8091EC
:108F70000B01611102C08064E4CF8F7BE2CFCF93FD
:108F800080917C0EC1E08823A1F04091740E509135
:108F9000750E6091760E7091770E20E83EE080911C
:108FA0007D0E90917E0E0F94CB82C82F811104C04C
:108FB000C0E08C2FCF9108954091780E5091790E9A
:108FC00060917A0E70917B0E411551056105710516
:108FD00091F020E83EE080917D0E90917E0E0F94FE
:108FE000CB82882329F31092780E1092790E10927A
:108FF0007A0E10927B0E10927C0EDBCFCF92DF9216
:10900000EF92FF92CF936B017C01C42F8091740E7D
:109010009091750EA091760EB091770E8C159D05EE
:10902000AE05BF0501F10F94BF47811108C0C0E034
:109030008C2FCF91FF90EF90DF90CF90089520E894
:109040003EE0B701A60180917D0E90917E0E0F94B7
:109050002F83882361F3C092740ED092750EE09234
:10906000760EF092770ECC2321F081E080937C0E77
:10907000DFCFC1E0DDCF4F925F926F927F928F92F0
:109080009F92AF92BF92CF92DF92EF92FF920F9397
:109090001F93CF93DF93EC014230510561057105B9
:1090A00090F480E0DF91CF911F910F91FF90EF90AE
:1090B000DF90CF90BF90AF909F908F907F906F90F8
:1090C0005F904F90089589859A85AB85BC85019600
:1090D000A11DB11D84179507A607B70710F38F8947
:1090E0008031C9F5852E962EA72EBB248B899C89AD
:1090F000AD89BE89880E991EAA1EBB1E28013901A2
:109100006A017B0141E0C501B4010F94FE47882349
:1091100041F29F89903181F5DD24EE24FF24F60190
:10912000EE0FFF1FE058F14F118300839A899230B0
:1091300008F4B8CF4D815E816F817885840E951ECD
:10914000A61EB71E8092780E9092790EA0927A0E8B
:10915000B0927B0EA7CF803209F0A3CF8B899C8978
:10916000AD89BE894A015B01E7E0B694A794979464
:109170008794EA95D1F7BECFE894C7F8DD24EE24B2
:10918000FF24F601EE0FFF1FEE0FFF1FE058F14F17
:109190004082518262827382C9CFCF92DF92EF9276
:1091A000FF920F931F93CF93DF93FC0181859285EC
:1091B000A385B4850196A11DB11D84179507A60747
:1091C000B70750F480E0DF91CF911F910F91FF908E
:1091D000EF90DF90CF90089587898031A9F5BB2764
:1091E000A72F962F852FC388D488E588F6888C0D05
:1091F0009D1DAE1DBF1DE9016A017B018F014091DC
:10920000740E5091750E6091760E7091770E8417E2
:109210009507A607B70749F5F8018789803169F5F1
:10922000B701A601552766277727440F551F4058D9
:10923000514FFA0180819181B0E0A0E08883998349
:10924000AA83BB8381E0BFCF803209F0BBCFC38844
:10925000D488E588F688DB01CA01C7E0B695A795F2
:1092600097958795CA95D1F7C2CF40E0BC01CD0153
:109270000F94FE478111D0CFA5CFB701A6014F773C
:10928000552766277727440F551F440F551F405811
:10929000514FFA0180819181A281B381BF70CECFFD
:1092A0004F925F926F927F92AF92BF92CF92DF9276
:1092B000EF92FF920F931F93CF93DF9300D01F92F3
:1092C000CDB7DEB78C0149835A836B837C83590108
:1092D000C12CD12C7601412C82E0582E612C712CAE
:1092E00049815A816B817C819E012F5F3F4FC8016C
:1092F0000F94CD48882319F1F8018585A3019201C7
:1093000004C0220F331F441F551F8A95D2F7DA017C
:10931000C901C80ED91EEA1EFB1E49815A816B8104
:109320007C8187898031F1F481E0483F5F4F61059E
:109330007105B0F2F501C082D182E282F3820F9012
:109340000F900F900F90DF91CF911F910F91FF9091
:10935000EF90DF90CF90BF90AF907F906F905F9035
:109360004F90089581E0483F5F4F6F4F7F4008F472
:10937000B7CFE0CFCF92DF92EF92FF921F93CF93C0
:10938000DF93EC01EB81E11109C080E0DF91CF9127
:109390001F91FF90EF90DF90CF900895898180FF1B
:1093A000F4CF488559856A857B859A0131703AA347
:1093B00029A3898D9A8D6A017B01F9E0F694E794DF
:1093C000D794C794FA95D1F7E23079F4FC01828DF5
:1093D000938DA48DB58D8C0D9D1DAE1DBF1D8D8FE4
:1093E0009E8FAF8FB8A381E0D1CFFC0114811150C3
:1093F0001C21232B71F411110CC0452B462B472B3C
:1094000031F58D899E89AF89B88D8C839D83AE831C
:10941000BF83E98DFA8D8C819D81AE81BF810297DA
:10942000A109B109258504C0880F991FAA1FBB1F78
:109430002A95D2F74685578560897189840F951FD3
:10944000A61FB71F810F911DA11DB11DC8CF4C8153
:109450005D816E817F819E012C5F3F4F0F94CD48CF
:109460008111D7CF92CFDF92EF92FF920F931F938C
:10947000CF93DF938C01EB017A018DE0D82E40E28F
:1094800050E0BE01C8010F94E8838032910571F06D
:1094900021E0892B09F420E0822F8195DF91CF9183
:1094A0001F910F91FF90EF90DF9008952881222364
:1094B00009F43FC0253E19F32E3209F33B853F7373
:1094C0003F3099F5E114F10481F14A8D5B8D452B14
:1094D00061F52F713FEF320F343038F52150330BE7
:1094E000D29EC001D39E900D1124F701E80FF91F01
:1094F000298120832B8121832D8122832F81238326
:10950000298524832E852583288926832A892783F4
:109510002C8920872E892187288D22872C8D2387CF
:109520002E8D2487288126FD15862B8523FDA7CF28
:10953000B5CF80E0B3CFCF93DF93EC018B8188234D
:1095400049F1898187FF22C061E0CE010F9410812B
:10955000FC01892BF9F08081853EE1F08B8182301E
:1095600040F489899A89AB89BC89848F958FA68FAD
:10957000B78F8D899E89938F828F8D899E89AF89C0
:10958000B88DB58BA48B89818F778983DF91CF913B
:109590000D94BF4781E0888380E0DF91CF910895EB
:1095A0008F929F92AF92BF92CF92DF92EF92FF92F3
:1095B0000F931F93CF93DF93EC018B8181110EC02A
:1095C00080E0DF91CF911F910F91FF90EF90DF909E
:1095D000CF90BF90AF909F908F90089509891A897E
:1095E0002B893C89041715072607370748F34A01DA
:1095F0005B01823031F488869986AA86BB8681E039
:10960000E0CF81149104A104B10449F41C821D82AD
:109610001E821F82188619861A861B86F0CF08853F
:1096200019852A853B85E98DFA8D858590E0099617
:10963000B901A8014150510961097109082E04C0FE
:1096400076956795579547950A94D2F77501640109
:10965000E1E0CE1AD108E108F10804C0F694E794DD
:10966000D794C7948A95D2F7C416D506E606F706AE
:1096700020F0012B022B032B11F58D899E89AF89D8
:10968000B88D8C839D83AE83BF838E010C5F1F4F8B
:10969000C114D104E104F10409F4ADCF4C815D8122
:1096A0006E817F819801898D9A8D0F94CD4891E0CC
:1096B000C91AD108E108F1088111EACF81CFC41A93
:1096C000D50AE60AF70AE1CFCF9380919D13813046
:1096D000A1F48AE39EE20E94B0BD853088F58093B4
:1096E000F9038AE08093A60320E041E070E060E0A7
:1096F0008FE692E0CF910D949FAB8FE59FE00F94A2
:10970000BBBB8111EECF80918D178230E1F40E94B6
:10971000ACC8982F9111E5CF8EE99CE40F941213F9
:109720000E94DA56C4E184E690E00E9433700E9401
:10973000DF56811102C0C150B1F781E080936E0203
:10974000CF910D9438AE41E060E085E491E50F944F
:10975000044391E0811190E081E080936E02DACFC2
:10976000CF931092DA03C3B148EC59E560E080E092
:109770000E94A95360E086E00E949553C4FB8827AD
:1097800080F90F94940A80919D13813099F4C1E07F
:1097900080917313811101C0C0E042EC59E560E093
:1097A0008AE00E94A95360E081E10E9495538C2FCA
:1097B0000F94940A0E94ACC8C82F40E85AE261E0B6
:1097C00080E00E94A95361E081E10E9495538C2FB3
:1097D0000F94940ACF910D94CFAEEBE0F7E1408166
:1097E000518162817381480F591F611D711D408332
:1097F00051836283738308952F923F924F925F92B9
:109800006F927F928F929F92AF92BF92CF92DF9290
:10981000EF92FF920F931F93CF93DF9300D01F928D
:109820001F92CDB7DEB71C012A013B0100E210E018
:1098300019829981892F90E09B838A8380179107F1
:109840009CF5880F991F880F991F9D838C83820D2B
:10985000931D9B838A83FC01C080D180E280F380CA
:109860008C819D810496820D931D9D838C83FC01C8
:1098700080809180A280B380A5019401C701B601C8
:109880000F946CBF181664F4EA81FB818082918288
:10989000A282B382EC81FD81C082D182E282F38216
:1098A000F981FF5FF983C5CF0150110908F6F10175
:1098B000E05CFF4F2081318142815381C301B201BD
:1098C0000F9488B66B017C0120E030E040E05FEB54
:1098D0000F94D8BD87FD10C020E030E040E05FE38A
:1098E000C701B6010F94D8BD18165CF4C12CD12C59
:1098F000E12C8FE3F82E05C0C12CD12CE12C9FEB7D
:10990000F92EC701B6010F900F900F900F900F9096
:10991000DF91CF911F910F91FF90EF90DF90CF904B
:10992000BF90AF909F908F907F906F905F904F907F
:109930003F902F9008950F94E31C60933D13709314
:109940003E1380933F1390934013089580918313A7
:10995000882369F080918213882349F08AE398E68E
:109960000E94175D80918213815080938213089525
:109970009F92AF92BF92CF92DF92EF92FF920F939E
:109980001F93CF93DF93CDB7DEB7E0970FB6F89470
:10999000DEBF0FBECDBF8C01E0906B13FE01319690
:1099A00021E030E05F01F12C40E1C42ED12C50E2E7
:1099B000952EC701821B930BB6010F9498BCDC0156
:1099C000BB27A25DBC4E9D968C91482F50E094E041
:1099D000559547959A95E1F796EF940F9630A8F133
:1099E000405D40838F7096EF980F963080F1805DD8
:1099F000818392822F5F3F4F339621313105C9F623
:109A000018AA83EB98E60E94F05A8DEA98E60E9425
:109A1000F05AC8010E94F05A85E698E60E94F05A72
:109A2000C5010F94C0B4E0960FB6F894DEBF0FBE28
:109A3000CDBFDF91CF911F910F91FF90EF90DF90FD
:109A4000CF90BF90AF909F900895495ACACF895A3E
:109A5000CFCF9C01909142139A3011F4609341133F
:109A600091509093421391110DC0C9010F94B84CBD
:109A700086E598E60E94175D8AE080934213809104
:109A80004113089580E00895CF93DF93CDB7DEB7FB
:109A90002E970FB6F894DEBF0FBECDBF2EE330E099
:109AA0003A832983FE0133962CE0DF011D922A952B
:109AB000E9F7DE011296482FFC019D018E2F841BD1
:109AC000861740F4819190EE980F903608F08EE260
:109AD0008D93F4CFF901E60FF11D10824EE050E0B6
:109AE00069EB78E6CE0101960F949AB9892B59F467
:109AF0004EE050E0BE016F5F7F4F85E892E10F942A
:109B00002DC2892B61F083EB98E60E94F05A8DEA12
:109B100098E60E94F05ACE0101960F94C0B44EE030
:109B200050E0BE016F5F7F4F85E892E10F943BC22A
:109B30002E960FB6F894DEBF0FBECDBFDF91CF914A
:109B40000895CF92DF92EF92FF921F93CF93DF930E
:109B5000CDB7DEB762970FB6F894DEBF0FBECDBFAC
:109B60004E875F87688B798B8A8B4983852F51114C
:109B700031C080E38A8311E0E1E0E10F81E090E011
:109B80008C0F9D1F8E0F911DFC018A899AE2908394
:109B9000811127C080E3818381E01E5F180FE1E01F
:109BA000F0E0EC0FFD1FE10FF11D8AE080831F5FE5
:109BB000FE0131967F016F01C10ED11CEC14FD0432
:109BC000B1F0F70181917F0167E772E190E00F94B6
:109BD00023BAF4CFBE016E5F7F4F0F94639F182F9F
:109BE000CBCFBF016F5F7F4F0F94639FD6CF612FA5
:109BF000CE0101960F94444D0F949B4C62960FB684
:109C0000F894DEBF0FBECDBFDF91CF911F91FF90C3
:109C1000EF90DF90CF9008958F929F92AF92BF9276
:109C2000DF92EF92FF920F931F93CF93DF93CDB705
:109C3000DEB767970FB6F894DEBF0FBECDBF182F03
:109C40007B01D42E07E50B8B8C8B7E8B6D8BCE012D
:109C500043960F948F9F8F8B0E871F87F98AE88A10
:109C6000CE010E960F948F9F8A8B0983111127C006
:109C700080E38A8381E0E1E0E80F21E030E02C0F0F
:109C80003D1F2E0F311DF90190E2908302E0080F75
:109C9000AA24A394B12CAC0EBD1EA00EB11CE114DD
:109CA000F10439F114E0C7018827907F892B71F402
:109CB00024E0EE0CFF1C2A95E1F71150F4CFBE0111
:109CC0006E5F7F4F812F0F94639FD5CF4501882D05
:109CD0008A19811790F48F2D82958F7094E0EE0C85
:109CE000FF1C9A95E1F70F94599FF40181934F015E
:109CF000EECF80E3F501808311E0100FE1E0F0E0AA
:109D0000EC0FFD1FE10FF11D8A899AE2908381110A
:109D100021C080E3818381E01F5F180FE1E0F0E064
:109D2000EC0FFD1FE10FF11D8AE080831F5F9E0194
:109D30002F5F3F4F79015901A10EB11CEA14FB04BA
:109D400079F0F70181917F0167E772E190E00F946C
:109D500023BAF4CFBF016F5F7F4F0F94639FDCCFB7
:109D6000612FCE0101960F94444D0F949B4CD092DD
:109D7000311367960FB6F894DEBF0FBECDBFDF91EB
:109D8000CF911F910F91FF90EF90DF90BF90AF9018
:109D90009F908F90089520917C132F5F20937C13C8
:109DA000223078F430E0F901EC5AF74984912658D2
:109DB0003C4EF901608170E049E00F940C4E80E068
:109DC000089581E008958F929F92AF92BF92CF92B3
:109DD000DF92EF92FF92CF93DF9320EE36E1309344
:109DE0007E0E20937D0E1092FC1642E050E060E063
:109DF00070E04093E5165093E6166093E716709373
:109E0000E81610927C0E1092780E1092790E109235
:109E10007A0E10927B0E4FEF5FEFBA014093740EF3
:109E20005093750E6093760E7093770E882309F425
:109E300070C040E060E070E0CB010F94FE478111FC
:109E40000DC0C0E08C2FDF91CF91FF90EF90DF909D
:109E5000CF90BF90AF909F908F90089580913E10CB
:109E60008F7779F780914A1090914B10A0914C1008
:109E7000B0914D1084369105A105B10510F3C09045
:109E80004610D0904710E0904810F0904910C1144F
:109E9000D104E104F104A9F240E0C701B6010F9436
:109EA000FE47C82F882369F280918B0E90918C0E0B
:109EB0008115924031F6A091900EAA2311F2609183
:109EC0008E0E70918F0E6115710509F4BACF209135
:109ED0008D0E222309F4B5CFA093F7162093E9162F
:109EE00090E080E030E0E1E0F0E0D82FAF01082E14
:109EF00002C0440F551F0A94E2F72417350769F092
:109F000041E0480F01968930910579F74093F216A8
:109F100098CFC12CD12C7601BFCF8093F21620911F
:109F2000960E3091970E50E040E02115310541F436
:109F30002091A40E3091A50E4091A60E5091A70E2F
:109F40002093EA163093EB164093EC165093ED16DF
:109F500046015701860E971EA11CB11C8092F8166F
:109F60009092F916A092FA16B092FB16E091910E1B
:109F7000F091920EF093FE16E093FD16B0E00F9470
:109F800050BCDC01CB01880D991DAA1DBB1D80931F
:109F9000FF1690930017A0930117B093021725E0C6
:109FA000EE0FFF1F2A95E1F7E150FE4FEF2FFF273D
:109FB000E6958E0F9F1FA11DB11D8093F316909300
:109FC000F416A093F516B093F6168090930E909029
:109FD000940EB12CA12C8114910441F48090A00E18
:109FE0009090A10EA090A20EB090A30EC81AD90A0C
:109FF000EA0AFB0AC80CD91CEA1CFB1C04C0F69434
:10A00000E794D794C794DA95D2F7C092EE16D0921F
:10A01000EF16E092F016F092F11685EFC8168FE079
:10A02000D806E104F10420F48CE08093FC1609CFFB
:10A0300080E125EFC2162FEFD206E104F10488F08B
:10A040008091AC0E9091AD0EA091AE0EB091AF0E7E
:10A050008093FF1690930017A0930117B0930217F7
:10A0600080E28093FC16EECE0F931F936091201731
:10A070007091211780912217909123170091740EEF
:10A080001091750E2091760E3091770E6017710742
:10A090008207930739F140E00F94FE478823F9F0D7
:10A0A00020912417309125174091141750911517BE
:10A0B0006091161770911717421B530B61097109B4
:10A0C000413092E059076105710520F040E052E00F
:10A0D00060E070E04058514F9AE0FA0190831F9180
:10A0E0000F91089581E0FBCF20E030E040EA52E498
:10A0F00060E070E080EA92EC0D94D79F90919E13FF
:10A1000091FD17C08823A9F092FD13C00F94D59F2D
:10A110008091720E9091730E90939313809392138B
:10A1200080919E13846080939E1389E395E60D943D
:10A13000FB9F089580919E1380FF47C081E595E6BF
:10A140000F94FB9F80918A1390918B13A0918C1395
:10A15000B0918D13409186135091871360918813AD
:10A1600070918913409347075093480760934907BC
:10A1700070934A0780934B0790934C07A0934D0729
:10A18000B0934E0760E070E088E492E40F94F79F8C
:10A1900080918E1390918F13A0919013B091911391
:10A1A00080934F0790935007A0935107B0935207A5
:10A1B00060E070E080E791E40F94F79F10925707FA
:10A1C00080919E138E7F80939E1308950F931F930B
:10A1D000CF9390919E13911172C0C82F86E295E69D
:10A1E0000F94FB9F0F94D59F0F947A3680915E0E4B
:10A1F000811102C00E941349CC2309F460C08091F0
:10A200009E13816080939E1380914F079091500719
:10A21000A0915107B091520740914B0750914C07C4
:10A2200060914D0770914E070091470710914807C4
:10A230002091490730914A070093861310938713A2
:10A24000209388133093891340938A1350938B1370
:10A2500060938C1370938D1380938E1390938F1350
:10A26000A0939013B093911360E070E080EA91E4C2
:10A270000E94975280914407882309F180914507F5
:10A280008823E9F080E090E0AAEFB2E480934707EA
:10A2900090934807A0934907B0934A0710924B0741
:10A2A00010924C0710924D0710924E0760E070E03C
:10A2B00088E492E4CF911F910F910D94F79FCF9175
:10A2C0001F910F910895EF92FF920F931F93CF93D9
:10A2D000DF931F921F92CDB7DEB7F82EE62E80E1F6
:10A2E00097E29A8389838A01169507958F2D0E949C
:10A2F0008BC50150110978F028EC30E0AE014F5FBA
:10A300005F4F68EE73E08F2D0E945CC46E2D8F2D21
:10A310000E94A4C5EECF6E2D8F2D0E948BC50F908D
:10A320000F90DF91CF911F910F91FF90EF900895C3
:10A33000EF92FF920F931F93CF93DF93CDB7DEB7CA
:10A340002F970FB6F894DEBF0FBECDBFE3E9F2E161
:10A3500010A211A212A213A214A215A216A217A251
:10A3600010A611A610922C130EE213E1EE24E39432
:10A37000F12CD8011196FC92EE9212961C92129733
:10A3800082E813968C9340E060E083E393E10F94BE
:10A39000B39F40E060E088E393E10F94B39FF8013E
:10A3A0001786108A118A128A138A8AE0848B40E009
:10A3B00060E0CE0101960F94B39F85E0FE013196D7
:10A3C000DE01169601900D928A95E1F785E0FE0177
:10A3D0003696A3E4B3E101900D928A95E1F7D80196
:10A3E0005A961C925A975C961C921E925B9783E435
:10A3F00093E10F94A29FF801818F158E168E40E095
:10A4000060E08DE493E10F94B39FD80194961C9281
:10A4100040E060E0CE010B960F94B39F85E0FE0113
:10A420003B96DE01119601900D928A95E1F785E049
:10A43000FE013196A3E5B3E101900D928A95E1F713
:10A44000F80112A614A613A683E593E10F94A29F28
:10A45000D80199968C939997DD961C92DD978DE2A1
:10A4600093E1DF969C938E93DE97F0926F13E092C8
:10A470006E13109270131FEF109371130F940BA0B3
:10A4800080937213109273131092741310927513B9
:10A49000109277131092761310927913109278130A
:10A4A00010927C1310927D1310927E1310927F13E2
:10A4B00083E0809382131092831385E080937A1354
:10A4C00084E180937B1383E68093841380938513C8
:10A4D000109286131092871310928813109289138A
:10A4E00010928A1310928B1310928C1310928D136A
:10A4F00010928E1310928F1310929013109291134A
:10A500001092931310929213109294138EE290E88B
:10A510009093961380939513109397131093981319
:10A5200010929A131092991310939B1382E08093C8
:10A530009C1310929D1310929E1310929F131092D1
:10A54000A0131092A2131092A1131092A4131092B0
:10A55000A3130F949D68E1E7F4E11092F9141092AF
:10A56000FC1410921E151092211589E18093E016BB
:10A570001092E3161092E4161092FC161092031734
:10A580001092061710928417109286171092851752
:10A5900010921516109214161092801710928117AF
:10A5A00010928217109283171092871710928817B3
:10A5B0001092891710928A171282138210821182C8
:10A5C0001092131610922617E1E4F5E182EDDF01F7
:10A5D0001D928A95E9F71092C2141092C11410923C
:10A5E000C01484E897E10F94441DEAE6F4E1118277
:10A5F000128213821482158216821083EDE8F7E12D
:10A600001582178216828AEB9CE496878587108ACA
:10A6100017860F94E31C6093A1177093A217809381
:10A62000A3179093A4172F960FB6F894DEBF0FBE12
:10A63000CDBFDF91CF911F910F91FF90EF900895C3
:10A6400042E00F940CB30D94BFB380918413833612
:10A6500009F48FEF08959FB7F894E5E0F1E0808169
:10A66000806480839FBF08950F931F93CF93DF93E0
:10A67000EC010F94E31C8B010F9464828F3F69F00F
:10A680000F94E31C601B710B6C177D07A8F380E02F
:10A69000DF91CF911F910F91089581E0F9CF83E071
:10A6A00097E10F949B4A83E097E10F940781E1E7DC
:10A6B000F4E110821182089581EC98E60E94F05A2C
:10A6C00060E08CEA9CE00E94A959813021F48DEF72
:10A6D00092E60C94175D89EF92E6FBCFBC01990FCF
:10A6E000880B990B0F944BAF0D94BFB30F931F932F
:10A6F000CF93DF93EC010F9479B98C0180369105EB
:10A7000008F085C080918510811105C00E945C5AB7
:10A7100081E080938510409175125091761280915E
:10A720008310909184104817590741F420918610A6
:10A7300030918710121613060CF469C02091811015
:10A7400030918210121613060CF041C09C012F5953
:10A750003F4F84179507E8F544505109401B510BB2
:10A76000421753070CF453C050937612409375125E
:10A770008091751290917612FC01E857FF4E23E00C
:10A780002083BE0185579F4E0F9472B98091861029
:10A79000909187100196909387108093861083EB99
:10A7A00098E60E94F05A84E998E60E94F05A809157
:10A7B00075129091761285579F4E0E94E56A82E944
:10A7C00098E6DF91CF911F910F910C94175D9C013A
:10A7D000C0CFC80104964817590728F044505109C2
:10A7E000401B510BC1CF89EE91E0BC01601B710B86
:10A7F0008B01621773075CF070E060E088E890E11D
:10A800000F94EDC11093761200937512B1CF8BE8BF
:10A8100098E60E94F05A84E998E60E94F05ACE0128
:10A820000E94F05A84E798E6CCCFAB01BC0183E0EC
:10A8300097E10F94D04A811102C080E0089583E02F
:10A8400097E10F94BA498823C1F3209124173091DE
:10A8500025172058314F30931F1720931E17089546
:10A860008F929F92AF92BF92CF92DF92EF92FF9220
:10A870000F931F93CF93DF93CDB7DEB7EE970FB64D
:10A88000F894DEBF0FBECDBF8091C1148F9380912D
:10A89000C0148F938FE298E69F938F938E010F5D84
:10A8A0001F4F1F930F930F94D2BA0F900F900F90DA
:10A8B0000F900F900F90F12CF80101900020E9F714
:10A8C0003197E01BF10BFE1684F46801CF0CD11C0C
:10A8D000F7FCDA94F6018081082E000C990B0F9496
:10A8E000CFC1F6018083F394E7CF89EF94E10E9412
:10A8F000CC5AA12CCE0101967C018EE3C82E84E6B1
:10A90000D82E8091FC14823008F450C0809101153B
:10A9100090910215A0910315B09104158F7199279C
:10A92000AA27BB27892B8A2B8B2B09F03FC050E02D
:10A9300040E0B70189EF94E10F94334A1816B4F55B
:10A94000B12CF70101900020E9F73197EE19FF09CA
:10A95000BE1674F447018B0C911CB7FC9A94F40159
:10A96000808190E00F94CFC1F4018083B394E9CF4C
:10A970008A858E3731F245E050E0B801C7010F9467
:10A980002DC2892B09F0BDCF1F930F93DF92CF9279
:10A990000E948F6B61E08AE394E60E94F16A0F9057
:10A9A0000F900F900F90AA24A394ABCF8FEF9FEF3F
:10A9B000AA2029F08091C0149091C114019690931F
:10A9C000C1148093C014EE960FB6F894DEBF0FBE8C
:10A9D000CDBFDF91CF911F910F91FF90EF90DF904E
:10A9E000CF90BF90AF909F908F9008958F929F923D
:10A9F000AF92BF92CF92DF92EF92FF920F931F938D
:10AA0000CF93DF9300D01F92CDB7DEB7FC018381D7
:10AA1000813011F080E060C0818181FFFBCF8189AE
:10AA20009289A389B489892B8A2B8B2B09F46EC058
:10AA30007F0140E050E0BA01CF010F94D04A882353
:10AA400049F3F701C18CD28C85889688A788B08C91
:10AA500082E090E0A0E0B0E0F60180839183A283E1
:10AA6000B3839E012F5F3F4FB501A401C6010F9430
:10AA7000CD48882379F200E010E09801B501A401E7
:10AA8000C6010F943B48882329F289809A80AB80C5
:10AA9000BC80F6018789803181F5F8EF8F16FFEFD2
:10AAA0009F06A104B104E8F2F701158A168A178AF5
:10AAB000108E118A128A138A148A81818068818398
:10AAC000C7010F949B4A882309F4A4CF40E050E0CB
:10AAD000BA01C7010F94D04A0F900F900F900F90BA
:10AAE000DF91CF911F910F91FF90EF90DF90CF906A
:10AAF000BF90AF909F908F90089588EF88168FEF4A
:10AB00009806A8068FE0B80678F6ABCF81E0E4CFD0
:10AB10002F923F924F925F926F927F928F929F926D
:10AB2000AF92BF92CF92DF92EF92FF920F931F935B
:10AB3000CF93DF93CDB7DEB7C657D1090FB6F894E0
:10AB4000DEBF0FBECDBF4C016B013A01E5962FAFC2
:10AB5000E597502E2DB63EB6102F117080917F0EC6
:10AB60008F5F80937F0EFB0180859185A285B385E1
:10AB70008093861490938714A0938814B0938914BB
:10AB8000412C5E01F7E6AF0EB11CF60183818230E5
:10AB900008F4C0C180859185A285B3858F719927FE
:10ABA000AA27BB27892B8A2B8B2B09F0B3C11092C4
:10ABB0008A144AE854E1BE01695B7F4FC6010F94D5
:10ABC000334A18160CF0A6C180917F0E873008F02A
:10ABD000A1C128968FAD2897882309F49BC1853E93
:10ABE00009F439C18E3209F436C180918A148E324B
:10ABF00009F431C163968FAD6397982F9A7009F06D
:10AC00002AC1887191E0803119F090E0803131F4EF
:10AC1000E596FFADE597FF2309F494C09093BF1428
:10AC2000803161F060968FAD6097873409F013C171
:10AC300061968FAD61978E3709F40DC1E596FFAD32
:10AC4000E597F13009F41BC1F23009F425C1BE01CA
:10AC5000695B7F4F85E794E10E94B65AC4010E9468
:10AC6000E56A85E794E10E94E56A80E20E94D75A8E
:10AC7000A7966CAD7DAD8EAD9FADA7974AE00F94C2
:10AC8000D5AE51FE45C0A1962EAD3FADA1973093F4
:10AC90008514209384146F964EAD5FAD6F975093DB
:10ACA00083144093821469968EAD9FAD69972817DF
:10ACB000390750F02817390799F467962EAD3FAD44
:10ACC00067974217530760F4909385148093841418
:10ACD00067968EAD9FAD679790938314809382148F
:10ACE000809185148F93809184148F938091831425
:10ACF0008F93809182148F932CE038E63F932F93AB
:10AD00000F947DBA0F900F900F900F900F900F90AF
:10AD1000112399F080918A14882309F4BAC08AE833
:10AD200094E19F938F93E6E0F8E6FF93EF930F94FF
:10AD30007DBA0F900F900F900F900F94BFB30F94A8
:10AD4000E22B89C02DB73EB7E7963FAF2EAFE7970E
:10AD5000BE01695B7F4FC5010E94B65AF401808134
:10AD6000882309F486C001900020E9F73197E8199B
:10AD7000F909D5010D900020E9F7EA19FB09EA0F5E
:10AD8000FB1F31962DB73EB72E1B3F0B0FB6F89425
:10AD90003EBF0FBE2DBFEDB7FEB731967F0163E218
:10ADA00073E08111B401C7010F9426C2B501C70138
:10ADB0000F9407C263E273E0C7010F9407C2112327
:10ADC000A9F080918A14811157C0C5019F938F9378
:10ADD000FF92EF922BE138E63F932F930F947DBAC9
:10ADE0000F900F900F900F900F900F901CA21FA22A
:10ADF00021E0A501B601CE0184960F9468B583E2E7
:10AE0000FE01B496DE01119601900D928A95E1F74C
:10AE100010FB50F8052D20E050E040E0BE016F5FD0
:10AE20007F4FC7010F948855CE0101960E94D15AD9
:10AE3000112321F082E198E60F94A4BACE01849602
:10AE40000E94D15AE796EEADFFADE7970FB6F894A2
:10AE5000FEBF0FBEEDBFF60180859185A285B3854B
:10AE60008093861490938714A0938814B0938914C8
:10AE70008CCEE1E0F0E07DCF8AE894E1A7CF80912D
:10AE80008B1790918C17019690938C1780938B174A
:10AE9000E2CF85E794E145CFBE01695B7F4F85E74F
:10AEA00094E10E94B65AA1962EAD3FADA197309382
:10AEB0008514209384146F964EAD5FAD6F975093B9
:10AEC00083144093821469968EAD9FAD69972817BD
:10AED000390750F02817390799F467962EAD3FAD22
:10AEE00067974217530760F49093851480938414F6
:10AEF00067968EAD9FAD679790938314809382146D
:10AF00006114710459F165E774E1C3010F94F4C150
:10AF1000892B59F580917F0E815080937F0E0FB65B
:10AF2000F8943EBE0FBE2DBECA58DF4F0FB6F89440
:10AF3000DEBF0FBECDBFDF91CF911F910F91FF906C
:10AF4000EF90DF90CF90BF90AF909F908F907F90C9
:10AF50006F905F904F903F902F90089580918B1746
:10AF600090918C1748161906A9F2439474CFCF928A
:10AF7000DF92EF92FF920F93CF93DF93CDB7DEB7BF
:10AF8000A3970FB6F894DEBF0FBECDBF6C018CE166
:10AF9000E82E85E1F82E8EE195E1D7018D939C9303
:10AFA00010928C1710928B170E94CC5A00E00E7FE3
:10AFB0000D7FD701ED91FC9183E2DE0111960190A6
:10AFC0000D928A95E1F722E0A601BE016F5F7F4FE7
:10AFD00082EF92E00F948855CE0101960E94D15ADB
:10AFE000A3960FB6F894DEBF0FBECDBFDF91CF9111
:10AFF0000F91FF90EF90DF90CF900895EF92FF9226
:10B000000F93CF93DF93CDB7DEB7A3970FB6F89426
:10B01000DEBF0FBECDBF2CE1E22E25E1F22E2EE1E8
:10B0200035E1D7012D933C9310928C1710928B171A
:10B03000B0E0A0E0AC01BD01E5E0440F551F661F84
:10B04000771FEA95D1F7C9010F94D04A00E00E7F2F
:10B050000D7FD701ED91FC9183E2DE011196019005
:10B060000D928A95E1F722E050E040E0BE016F5F6B
:10B070007F4F82EF92E00F948855CE0101960E9497
:10B08000D15AA3960FB6F894DEBF0FBECDBFDF91A5
:10B09000CF910F91FF90EF900895CF92DF92EF92B2
:10B0A000FF920F93CF93DF93CDB7DEB7A3970FB681
:10B0B000F894DEBF0FBECDBF8CE1C82E85E1D82E3F
:10B0C0008EE195E1D6018D939C932BE8E22E27E14A
:10B0D000F22EF701118210820E94CC5A00E00E7FFE
:10B0E0000D7FD601ED91FC9183E2DE011196019076
:10B0F0000D928A95E1F721E050E040E0BE016F5FDC
:10B100007F4F82EF92E00F948855CE0101960E9406
:10B11000D15AF70180819181A3960FB6F894DEBFD2
:10B120000FBECDBFDF91CF910F91FF90EF90DF90D9
:10B13000CF900895CF93DF938FE20E94D75AC0E05B
:10B14000D9E080911316C81760F4CD9FC001112477
:10B150008D539B4E0E94E56A8FE20E94D75ACF5FC3
:10B16000F0CF80918A14811106C085E794E1DF91C8
:10B17000CF910C94E56A8AE894E1F9CFCF92DF92FF
:10B18000EF92FF926B017C0188EA9CE00F94C3BBB5
:10B19000AB01BC014C0D5D1D6E1D7F1D88EA9CE05E
:10B1A000FF90EF90DF90CF900D9411BCCF93DF9381
:10B1B000EC010F94C3BB6F3F2FEF7207820792071A
:10B1C00049F440E050E0BA01CE010F9411BC60E0B8
:10B1D00070E0CB01DF91CF9108950F931F93CF9330
:10B1E000DF930F943450882339F120911E1730914A
:10B1F0001F17E9011BEF88818B3351F5FE01619127
:10B200006A30E9F7EF01CF0180589E4081309240CB
:10B21000E4F0CE01821B930B01970F94ED4B83E07A
:10B2200097E10F94BA49882339F00F94345020E8FD
:10B230003EE0E9018111E2CF80E890E190931F1791
:10B2400080931E17CFEFDFEF34C01150C1F5219767
:10B25000CE01821B930B01960F94ED4BCE0101960C
:10B26000C881D0E000910B1710910C1720910D1799
:10B2700030910E17409114175091151760911617C1
:10B28000709117170417150726073707A8F69C01B2
:10B2900020583E402115324044F083E097E10F945E
:10B2A000BA49882349F280E89EE090931F17809363
:10B2B0001E17CE01DF91CF911F910F9108958881C4
:10B2C0008B3309F498CFC3CF2FB7F8948091981798
:10B2D000909199172FBF089580919617882341F078
:10B2E000813019F48DED92E608958FEC92E6089581
:10B2F0008BEE92E60895CF932091720E3091730EEB
:10B30000232BB9F42091700E3091710E232B89F408
:10B3100020916E0E30916F0E255E314051F4909168
:10B320009617981711F09F3F21F480918D17823066
:10B3300031F010929F1710929E17CF91089580912F
:10B340009E1790919F1701968530910528F4909350
:10B350009F1780939E17F1CFC62F10929F171092C0
:10B360009E176093961788E49DE00F94DFBB0E94C0
:10B370007CF78BEE92E6C13011F48DED92E6CF9121
:10B380000C9408EE2F923F924F925F926F927F92B1
:10B390008F929F92AF92BF92CF92DF92EF92FF92E5
:10B3A0000F931F93CF93DF93CDB7DEB7ED970FB613
:10B3B000F894DEBF0FBECDBF109215161092141672
:10B3C0001092DF161092DE168091030180FDF1C00D
:10B3D00089E09FE00F94BBBB382E82E080939702F8
:10B3E0000F944D586C01009709F4E0C08536910523
:10B3F00070F032E0331641F080916B0E811104C081
:10B400008EE792E60F949513F4E6CF2ED12CD092CE
:10B410001516C092141666E1662E66E1762EF12CA2
:10B42000E12C7EE1A72E75E1B72E88248394912C20
:10B430008091030180FDBDC00F94E22BE114F10463
:10B4400009F0D0C090E080E00F94B7578091861447
:10B4500090918714A0918814B091891455E0B69505
:10B46000A795979587955A95D1F7F3018193919375
:10B470003F01FFEFEF1AFF0ACE14DF04C9F621E007
:10B48000E216F10409F492C032E0331609F48EC0DA
:10B4900020916B0E21118AC09093DF168093DE16E7
:10B4A000EE9CC001EF9C900D900D112460E772E6B8
:10B4B000969587950F94FFA938E1A32E36E1B32E18
:10B4C000912C812CCC24C394D12CC4010F94D0A9ED
:10B4D0008C0C9D1CF5010190F081E02DF9AFE8AFD7
:10B4E000CF010F94FE5780918A1465E774E1882399
:10B4F00011F06AE874E1CE0101960F9426C26090C3
:10B5000084147090851420918214309183143BAF81
:10B510002AAF2090BF14BFAAAEAA86018091030172
:10B5200080FD47C00F94E22BC80101979DAF8CAFFF
:10B53000EEA9FFA952904290FFABEEABC2010F946F
:10B54000FE5780918A1465E774E1882311F06AE858
:10B5500074E131108AC08091BF14281283C0809199
:10B560008414909185146816790609F06CC0809156
:10B570008214909183142AAD3BAD8217930708F093
:10B5800066C0000F111FF801EA5EF94E28AD39AD13
:10B59000318320833FEFC31AD30A82E0A80EB11C87
:10B5A000EC14FD0409F091CF0F94F1A981E0809390
:10B5B0009702ED960FB6F894DEBF0FBECDBFDF91B8
:10B5C000CF911F910F91FF90EF90DF90CF90BF90A0
:10B5D000AF909F908F907F906F905F904F903F9033
:10B5E0002F9008954091861450918714609188148B
:10B5F00070918914B0921D15A0921C1590928C1711
:10B6000080928B178EE195E10F94D04A1E7F1D7FAB
:10B61000E0911C15F0911D1583E2DE011196019059
:10B620000D928A95E1F7012F22E050E040E0BE0143
:10B630006F5F7F4F82EF92E00F948855CE010196A5
:10B640000E94D15A03CF8615970508F49ACFEEA928
:10B65000FFA9538242820CAD1DAD0115110509F001
:10B660005DCF8FCF222099F38CCF31E03312EFCF13
:10B670008091BF14281207C0CE0101960F94F4C127
:10B6800097FDE5CF7ECF2110E2CF7BCFCF92DF9227
:10B69000EF92FF920F931F93CF93DF93CDB7DEB757
:10B6A000A3970FB6F894DEBF0FBECDBF7C01062F67
:10B6B00019821C82809121159EE1C92E95E1D92E17
:10B6C000811104C089EFC82E84E1D82E21E0A701A2
:10B6D000B601CE0101960F9468B5182F882321F189
:10B6E00080911316853000F529E0829FC001112456
:10B6F000B7018D539B4E0F9426C2C7010F944AC2C7
:10B7000080911316863080F183E2FE013196AEE11E
:10B71000B5E101900D928A95E1F7002309F44CC040
:10B720000F94C259102F0CC083EB98E60E94F05A78
:10B7300084E294E60E94F05AC7010F94C0B410E06E
:10B74000CE0101960E94D15A812FA3960FB6F8948C
:10B75000DEBF0FBECDBFDF91CF911F910F91FF9044
:10B76000EF90DF90CF9008958F5F8093131693E250
:10B770008150C8F0282F30E0A9014F5F5F4F949FA0
:10B78000D001959FB00D1124AF5BBA4E929FF0018E
:10B79000939FF00D1124EF5BFA4E292F01900D922B
:10B7A0002A95E1F7E5CF83E2F601A1E4B5E1019046
:10B7B0000D928A95E1F7A8CF81E08093C214C0CFA3
:10B7C00093E2E9EFF4E1AEE1B5E101900D929A95D3
:10B7D000E1F7109213162EE135E130931D152093F9
:10B7E0001C1581110D94C25981E08093C2140895F3
:10B7F0008F929F92AF92BF92CF92DF92EF92FF9281
:10B800000F931F93CF93DF93CDB7DEB72D970FB66E
:10B81000F894DEBF0FBECDBF29EF34E130931D1584
:10B8200020931C15DC01ED91FC913097A1F481E08F
:10B830002D960FB6F894DEBF0FBECDBFDF91CF912E
:10B840001F910F91FF90EF90DF90CF90BF90AF903E
:10B850009F908F90089520812F3209F047C06C018E
:10B8600080E00F94E05BF601008111810F5F1F4FB4
:10B870009EE1892E95E1992ED8018C918823B9F209
:10B880006FE270E0C8010F9412C25C01009751F1A1
:10B890000817190738F57C01E01AF10ABDE0EB162C
:10B8A000F10418F08CE0E82EF12CA701B801CE01CC
:10B8B00001960F943BC2E1E0F0E0EC0FFD1FEE0DAE
:10B8C000FF1D108260E0CE0101960F94465B882335
:10B8D00009F4AECF90921D1580921C1585010F5F63
:10B8E0001F4FCACFF60111830083A1CF8EE195E1EE
:10B8F00090931D1580931C159ACFBF92CF92DF9223
:10B90000EF92FF920F931F93CF93DF931F921F929B
:10B91000CDB7DEB720917414222309F4EFC07C0167
:10B9200080910617882309F404C16111F6C0D090F4
:10B930002617DD2021F081ED97E60E94A25D83EBC2
:10B9400098E60E94F05A88EB97E60E94F05AC701E9
:10B950000E94E56A8DEA97E60E94F05A0091261748
:10B9600025E5029F80011124055D184E8FE2F80144
:10B9700081938F01CC24C39483E2B82E8091131657
:10B98000D816B0F4DB9CC0011124B8018F5B9A4E2D
:10B990000F942A81C8018C010196F801208122238D
:10B9A00029F0F4E5FC1510F0C394F5CFD394E6CF5D
:10B9B00027E42C1508F4AEC0B80183E097E10F949A
:10B9C0002A8180912617F5E58F9FC0011124855D9E
:10B9D000984E0E94E56A87EA97E60E94F05A6091C5
:10B9E0008717709188178091891790918A174AE07C
:10B9F0000F94D5AE0F94BFB38091261724E0829F99
:10BA0000F0011124E95DF84E409187175091881795
:10BA10006091891770918A17408351836283738381
:10BA20008F5F8093261783E097E10F940781109230
:10BA30007314FA82E982CE0101960F94F85B882391
:10BA400009F45CC049815A8160911C1570911D15E3
:10BA500021E083E097E10F9468B5882309F477C06B
:10BA600083E097E10F94BA49882309F470C080916C
:10BA70002417909125178058914F90931F1780930A
:10BA80001E1789819A810F94B7578091141790914E
:10BA90001517A0911617B0911717809380179093E0
:10BAA0008117A0938217B093831787E797E60E94C8
:10BAB000F05A0F949A588FE697E60E94F05A6091D8
:10BAC00080177091811780918217909183174AE0B7
:10BAD0000F94D5AE0F94BFB31092871710928817AA
:10BAE0001092891710928A1781E697E60E94175DD7
:10BAF00081E697E60E9408EE10926D0E0F900F906F
:10BB0000DF91CF911F910F91FF90EF90DF90CF9039
:10BB1000BF900895F801108254CF83EB98E60E94FD
:10BB2000F05A86E997E60E94F05AC7010F94C0B414
:10BB30007ACF1092261783EB98E60E94F05A85E898
:10BB400097E60E94F05AC7010F94C0B470CF80E10D
:10BB500094E60E94F05A89819A810E94E56A8EE2F9
:10BB60000E94D75A0F94BFB3C9CF0F947A3683E09F
:10BB700097E10F94078180912617882369F18150FE
:10BB80008093261725E5829FC001112461E0855D21
:10BB9000984E0F947D5CE091261784E0E89FF001B9
:10BBA0001124E95DF84E60817181828193816093F7
:10BBB0008717709388178093891790938A170F942B
:10BBC000155480917414882371F081E0809373146C
:10BBD00085E080936C0E08951092731483E0809337
:10BBE0006C0E0C94A5650895CF92DF92EF92FF92B0
:10BBF0000F931F93CF93DF93082F109274148091AB
:10BC0000FC14882321F089EF94E10F9407811092AE
:10BC1000E3161092E0160F94E31CEB010F942B53E4
:10BC2000809104018064809304012398229A219AD0
:10BC3000209A289A85E08093E11682E58CBD1DBC90
:10BC40001AE08FEF0F945F821150D9F72B9A20E002
:10BC500030E0A90160E080EE96E10F946B82809362
:10BC6000E216813061F00F94E31C6C1B7D0B613D8B
:10BC7000774068F32B9881E08093E01622C02B98E0
:10BC80000F94E31CEB0184E597E60E94175D8FEFAC
:10BC90000F945F820F9464828093E2168F3F59F174
:10BCA0008FEF0F945F820F94E31C6C1B7D0B62324D
:10BCB000710580F382E08093E01683E497E60E94AA
:10BCC000175D0F942B5383EB98E60E94F05A83E0A4
:10BCD00094E60E94175D80917414882309F49AC039
:10BCE000802FDF91CF911F910F91FF90EF90DF9008
:10BCF000CF900D94E05B2AEA31E040E050E068E04C
:10BD000080EE96E10F946B8282FF2BC081E08093DE
:10BD1000E3168091E316C12CD12C7601823029F4F0
:10BD2000C12CD12CE12C80E4F82E20E030E0A901D8
:10BD300067E380EE96E10F946B82A701960169E2BA
:10BD400080EE96E10F946B828093E2168823B1F027
:10BD50000F94E31C6C1B7D0B613D774030F38AE050
:10BD60008BCF14E00F9464828093E2161150D1F7C8
:10BD70008A3A11F082E080CF82E0C9CF8091E31649
:10BD80008230D1F420E030E0A9016AE380EE96E150
:10BD90000F946B82882311F088E06ECF0F94648239
:10BDA000807C803C19F483E08093E3160F946482D6
:10BDB0000F9464820F9464820F942B531092E116B7
:10BDC00081E00F94E34E81110CC080E00F94E34EAC
:10BDD000811107C08BE898E60E94F05A80EF93E645
:10BDE00078CF65EE76E189EF94E10F94B780811109
:10BDF00007C08BE898E60E94F05A80EE93E669CF80
:10BE000081E08093741483EB98E60E94F05A85EDEC
:10BE100093E65FCFDF91CF911F910F91FF90EF904D
:10BE2000DF90CF9008954F925F926F927F928F92A2
:10BE30009F92AF92BF92CF92DF92EF92FF924B010F
:10BE40005C016091720E7091730E072E000C880BCE
:10BE5000990B0F9449B620E030E0A9010F94D8BDAA
:10BE60008823D1F010926A0ECC24CA94DC2C76017F
:10BE700098EE492E93E0592E612C712C80916A0E18
:10BE800081110AC02FEFC216D206E206F20689F42B
:10BE90008091690E8230B9F4FF90EF90DF90CF90DF
:10BEA000BF90AF909F908F907F906F905F904F90DA
:10BEB0000895F7FCF1CF0F94E31C6C197D09683BE2
:10BEC0007B4030F3E9CF0F94E31C681979098A09A4
:10BED0009B09693E73408105910508F442C0809139
:10BEE0006B0E81113AC080E497E60E94F05A60918F
:10BEF000650E7091660E8091670E9091680E41E01C
:10BF00000F940CB38CE397E60E94F05A60E070E067
:10BF1000CB010F944BAF88E397E60E94F05AF7FCF1
:10BF200052C00F94E31C4601570158EB850E5BE0AD
:10BF3000951EA11CB11CA5019401261B370B480BB3
:10BF4000590BCA01B901A30192010F942EBCCA0179
:10BF5000B9010F944BAF0F94BFB30F94E31C4B0187
:10BF60005C0190E080E00E9433703FEFC316D3067F
:10BF7000E306F30609F046C08091640E6091720EEC
:10BF80007091730E882319F1072E000C880B990B02
:10BF90000F9449B620E030E040E85FE30F94E2BC44
:10BFA0009B01AC016091650E7091660E8091670EE9
:10BFB0009091680E0F946CBF87FD60CF0F94E31CC7
:10BFC0006B017C015BCF8FE30E94D75AC4CF072E51
:10BFD000000C880B990B0F9449B620E030E040E844
:10BFE0005FE30F94E3BC9B01AC016091650E70911F
:10BFF000660E8091670E9091680E0F94D8BD18164A
:10C00000ECF63CCFF7FC3ACF6091720E7091730E54
:10C01000072E000C880B990B0F9449B69B01AC01BD
:10C020006091650E7091660E8091670E9091680E1A
:10C030000F94E2BC9F7720E030E040EA50E40F9498
:10C040006CBF18160CF01ACFB9CF1F93CF93DF93A4
:10C05000EC01162F80917013833009F44DC08C31A0
:10C0600009F451C080919513909196138C179D07F8
:10C0700071F1D0939613C093951310939713CE013B
:10C080000F940DA0E82FF0E0EE0FFF1FE459F949DF
:10C09000859194910F94FB9FC130D105C1F0CC30B4
:10C0A00080E8D807A1F0C93280E8D80781F00F9462
:10C0B000179FCE0188279E77892B49F08091A31383
:10C0C0009091A41301969093A4138093A31380914D
:10C0D00082138823D9F011E01093630ECE010F94E0
:10C0E00082A28F3F99F01093831389E596E6DF9142
:10C0F000CF911F910C94175D1092A0130F94B498D8
:10C100001092610EAFCF10929F13F8CF109283134D
:10C110008091620E811106C0CE01DF91CF911F91F7
:10C120000D945EA1DF91CF911F9108952F923F92C0
:10C130004F925F926F927F928F929F92AF92BF9237
:10C14000CF92DF92EF92FF920F931F93CF93DF93E3
:10C1500000D01F92CDB7DEB75C014B01809106176E
:10C16000813009F0DEC08091041781FFDAC082FDC2
:10C17000BCC07401212C32E0332E00910B171091BA
:10C180000C1720910D1730910E17E114F10409F4EA
:10C1900030C180911C1790911D17DC0114967C9082
:10C1A0007A94B901A80129E0769567955795479546
:10C1B0002A95D1F774221170711025C0011511054F
:10C1C00011F5409107175091081760910917709168
:10C1D0000A17411551056105710509F0A8C0809144
:10C1E000181790911917A0911A17B0911B17009763
:10C1F000A105B10509F0B4C083E097E10F94648113
:10C20000882309F48EC0C101801B910B67018E1534
:10C210009F0508F46C01E0911C17F0911D178091A7
:10C22000071790910817A0910917B0910A17029764
:10C23000A109B109258504C0880F991FAA1FBB1F3A
:10C240002A95D2F74685578560897189840F951F95
:10C25000A61FB71F9C01AD01270D311D411D511DAA
:10C2600029013A01C11432E0D30609F08AC0809155
:10C27000740E9091750EA091760EB091770E4816BF
:10C2800059066A067B0669F410927C0E8FEF9FEFC9
:10C29000DC018093740E9093750EA093760EB0938C
:10C2A000770E9501B301A20180917D0E90917E0ED3
:10C2B0000F94CB828823A9F180910B1790910C17D2
:10C2C000A0910D17B0910E178C0D9D1DA11DB11DD4
:10C2D00080930B1790930C17A0930D17B0930E1724
:10C2E000AC0CBD1CEC18FD0848CF409114175091C0
:10C2F0001517609116177091171780910B17909171
:10C300000C17A0910D17B0910E17481759076A071F
:10C310007B0709F42ECF83E097E10F94D04A811177
:10C3200028CF81E0809303178FEF9FEF81C09E019C
:10C330002F5F3F4F0F94CD48882399F389819A81CD
:10C34000AB81BC81E0911C17F0911D17278920312A
:10C3500081F4883FEFEF9E07A105B10508F04CCFAF
:10C360008093071790930817A0930917B0930A17A3
:10C370004ACF883FFFEF9F07AF07FFE0BF0780F37B
:10C380003BCF0115110569F540910B1750910C1722
:10C3900060910D1770910E178091141790911517D9
:10C3A000A0911617B0911717481759076A077B070E
:10C3B000C0F00F94BF47882309F4B3CF81E0809386
:10C3C0007C0E4092740E5092750E6092760E7092B2
:10C3D000770EA601B501C8018058914F0F94E4C1B2
:10C3E0006BCF41E0C301B2010F94FE478111F1CF41
:10C3F00098CF8091141790911517A0911617B091AE
:10C40000171780179107A207B30768F480910417E4
:10C4100000931417109315172093161730931717BE
:10C420008068809304178091041783FD18C0C401AD
:10C430000F900F900F900F90DF91CF911F910F9160
:10C44000FF90EF90DF90CF90BF90AF909F908F9034
:10C450007F906F905F904F903F902F90089583E072
:10C4600097E10F949B4A8111E2CF5BCF0F93CF935B
:10C47000DF93CDB7DEB7A3970FB6F894DEBF0FBE3C
:10C48000CDBF209114163091151682179307D8F45A
:10C49000613031F421503109A901481B590BCA01FF
:10C4A000880F991FFC01EA5EF94E808191810F94FB
:10C4B000FE57A3960FB6F894DEBF0FBECDBFDF9137
:10C4C000CF910F9108954EE155E150931D15409382
:10C4D0001C15821B930B019690938C1780938B17DE
:10C4E0004091DE165091DF1685E0440F551F8A9566
:10C4F000E1F770E060E08EE195E10F94D04A00E052
:10C500000E7F0D7FE0911C15F0911D1583E2DE0179
:10C51000119601900D928A95E1F722E050E040E0FB
:10C52000BE016F5F7F4F82EF92E00F948855CE017E
:10C5300001960E94D15ABDCF0F931F93CF93DF93E3
:10C540001F921F92CDB7DEB720917414222369F198
:10C550008C0180910617882379F180E895E60E9486
:10C56000175D109273141A830983CE0101960F94FC
:10C57000F85B8823D1F049815A8160911C15709134
:10C580001D1526E583E097E10F9468B5811122C05F
:10C5900080E194E60E94F05A89819A810E94E56ABE
:10C5A0008EE20E94D75A0F94BFB30F900F90DF9185
:10C5B000CF911F910F9108951092261783EB98E663
:10C5C0000E94F05A85E897E60E94F05AC8010F943D
:10C5D000C0B4C7CF81E08093711489819A810F9490
:10C5E000B7578EE695E60E94F05A0F949A580F942A
:10C5F000BFB381E697E60E94175D81E697E60E9449
:10C6000008EE10926D0ED1CF0F931F93CF93DF934F
:10C61000EC0184E0FE0111928A95E9F723E030EA0B
:10C620004AE050E960E380EE96E10F946B82882344
:10C6300091F023E030EA4AE050E961E180EE96E1D2
:10C640000F946B82882339F080E88093E0160F9472
:10C650002B5380E02FC00F94E31C8B010F94648256
:10C660008093E2168F3F69F40F94E31C601B710BFB
:10C670006D32714098F381E18093E0160F942B5353
:10C68000E6CF8E3F11F08FE0F7CF8E010C5F1F4F8A
:10C690000F9464828993C017D107D1F7CEEFD1E010
:10C6A0000F9464822197E1F70F942B538FEF0F942F
:10C6B0005F8281E0DF91CF911F910F9108958F925A
:10C6C0009F92AF92BF92CF92DF92EF92FF920F9321
:10C6D0001F93CF93DF931F92CDB7DEB76B017C0121
:10C6E00049015A01033019F48CE58CBD1DBC81143D
:10C6F0009104A104B10409F459C08E2D0E94515A2D
:10C700008D2D0E94515A8C2D0E94515A60911D18F6
:10C7100070911E1880E290E00F9423BA10E1198204
:10C720000130B1F188F10330B9F18FEFC81AD80A9E
:10C73000E80AF80A60911D1870911E1880E290E0D6
:10C740000F9423BA89810E94515A115081E0881AAE
:10C750009108A108B1080FB607FE06C0C4019F7179
:10C76000892B11F40F94E22B81149104A104B104DC
:10C7700011F01111D4CF60911D1870911E188AE02C
:10C7800090E00F9423BAB3CFF60180818983CDCF97
:10C79000C6010F94BBBBFACF21E030E0AE014F5F82
:10C7A0005F4FC701B6010E9456C7BFCF0F90DF9100
:10C7B000CF911F910F91FF90EF90DF90CF90BF909E
:10C7C000AF909F908F900895E7E0F1E080818E7F99
:10C7D00080839FB7F894E8E0F1E080818E7F8083CA
:10C7E0009FBF10928D17089580918D17833011F49B
:10C7F0000F94E463809107018E7F809307019FB7B8
:10C80000F894809108018160809308019FBF8DE8B2
:10C8100097E10E9499578DE897E10E94995788E423
:10C820009DE00F94BBBB809396170895CF92DF9243
:10C83000EF92FF9269017A012DEC3CEC4CE45EE34F
:10C840000F94E2BC2DEC3CEC4CE45EE30F9488B614
:10C850002DEF3DEA40E05DE30F94E3BCA7019601B4
:10C860000F9488B624E230EF49E150E40F94E2BD22
:10C87000FF90EF90DF90CF9008959FB7F89480E1FC
:10C88000E8E5F7E0A8E6B7E001900D928A95E1F7B8
:10C890009FBF089589E080937907E6E9F5E68591E1
:10C8A00094910C9408EECF93C82F8093841383EB5C
:10C8B00098E60E94F05A88E695E60E94F05A8EE5C6
:10C8C00095E60E94F05A8C2F90E0CF910D946E5314
:10C8D0000F931F93CF93DF9300D000D01F921F922E
:10C8E000CDB7DEB708EE13E01D821E821F821886C8
:10C8F00019821A821B821C82AE014B5F5F4F6FE66A
:10C9000080E00F941A17AE014F5F5F4F6FE681E032
:10C910000F941A178D819E81AF81B885B7FD07C02E
:10C920000F947E1D01501109F9F680E009C089813C
:10C930009A81AB81BC81B7FFF3CF0F947E1D81E05C
:10C9400028960FB6F894DEBF0FBECDBFDF91CF9112
:10C950001F910F9108951F93CF93DF93EC01162F32
:10C960000F947A36FE013496259135914591549174
:10C97000FE0165917591859194910F94D79F2896AA
:10C98000115081F70F947A36DF91CF911F910D945A
:10C99000D59F0E945A4C811104C08EEB93E60E94F1
:10C9A00008EE10927907089580919D13882311F065
:10C9B00081E0089580E008952F923F924F925F9218
:10C9C0006F927F928F929F92AF92BF92CF92DF929F
:10C9D000EF92FF920F931F93CF93DF93CDB7DEB704
:10C9E0002D970FB6F894DEBF0FBECDBFE82E412CB9
:10C9F000512C32016E3190F0693C08F068EC70E027
:10CA000068517C4F90E080E00F9447B620E030E022
:10CA10004AE754E40F94E2BD2B013C018091C0022F
:10CA20009091C102A091C202B091C30289839A83FE
:10CA3000AB83BC838091C4029091C502A091C602D1
:10CA40008D839E83AF8320E030E047EF50E069EEB6
:10CA50008E2D0F947417812C912C5401F12C10E021
:10CA600001E0D12C19862F2C312C8F2D8F718887C6
:10CA7000811103C0812C912C5401B101032C000CB5
:10CA8000880B990B0F9449B62BED3FE049EC50E42D
:10CA90000F9488B66A877B878C879D8720E030E07B
:10CAA000A901C301B2010F94D8BD81114DC02BED76
:10CAB0003FE049E450E46A857B858C859D850F9431
:10CAC000E3BC20E030E040E85AE30F9488B60F94CE
:10CAD000A3C020E030E048E753E40F9488B620E09C
:10CAE00030E040E05FE30F94E3BC0F945BBECC24E6
:10CAF000CA94C60E8C2D9985891B8D15F9F0801767
:10CB000009F471C08D150CF053C08823E9F1813010
:10CB100009F444C08F3F09F081C0E2E0F0E0EC0F7F
:10CB2000FD1FE10FF11D108200E0E5E0F0E0EC0FE9
:10CB3000FD1FE10FF11DF0821F5FD82E143008F4A5
:10CB400056C06CC0F82E8FCF20E030E040E85AE3AA
:10CB50006A857B858C859D850F9488B60F94A3C0CC
:10CB6000A30192010F9453C020E030E047E753E463
:10CB70000F9488B620E030E040E05FE30F94E3BC20
:10CB80000F945BBEC62EB6CFE2E0F0E0EC0FFD1FC7
:10CB9000E10FF11D91E0908301E0C7CFE2E0F0E00A
:10CBA000EC0FFD1FE10FF11D92E0908302E0BDCF7D
:10CBB0000817A4F5823009F480C0833009F488C0D6
:10CBC000813061F5E2E0F0E0EC0FFD1FE10FF11DB7
:10CBD000808301E0D12CE5E0F0E0EC0FFD1FE10FD8
:10CBE000F11DF0821F5F1430C8F46894B7F888858F
:10CBF0008F3109F078C0B101E5E075956795EA9548
:10CC0000E1F7605A6068A50194018E2D0F947417A6
:10CC100081E08F0DC9869FEFF91294CF2A8130E011
:10CC200050E040E082E0220F331F441F551F8A95D9
:10CC3000D1F78B80912CB12CA12C94E0880C991CFD
:10CC4000AA1CBB1C9A95D1F7822A932AA42AB52A3A
:10CC50008981882A8C8190E0B0E0A0E09C01AD0140
:10CC600066E0220F331F441F551F6A95D1F728290C
:10CC700039294A295B298D81382B8E81482B8F8158
:10CC8000582B68EE8E2D2D960FB6F894DEBF0FBE92
:10CC9000CDBFDF91CF911F910F91FF90EF90DF906B
:10CCA000CF90BF90AF909F908F907F906F905F904C
:10CCB0004F903F902F900D947417E2E0F0E0EC0F4E
:10CCC000FD1FE10FF11D808302E0DD24D39483CFAB
:10CCD000E2E0F0E0EC0FFD1FE10FF11D808303E0C7
:10CCE000F2E0DF2E78CFB694A7949794879490CFF4
:10CCF0008F929F92AF92BF92CF92DF92EF92FF926C
:10CD000090914307882309F49DC0911192C00F941C
:10CD10007A360E94F04C6091950270919602072E2F
:10CD2000000C880B990B0F9449B62091F5063091B1
:10CD3000F6064091F7065091F8060F9488B62AE05F
:10CD400037ED43E25CE30F9488B6209153073091AE
:10CD5000540740915507509156070F94E3BC6093D8
:10CD6000530770935407809355079093560783E5B4
:10CD700097E00F948B87C0909102D0909202E09040
:10CD80009302F090940220E030E040E752E460919A
:10CD9000F9067091FA068091FB069091FC060F94BB
:10CDA00088B660939102709392028093930290935D
:10CDB000940281E08093430790E080E00E94BE509F
:10CDC00020E030E0A9016091FD067091FE0680919F
:10CDD000FF06909100070F94D8BD882311F10F949E
:10CDE0007A362091FD063091FE064091FF06509163
:10CDF000000760914F077091500780915107909103
:10CE000052070F94E2BC60934F07709350078093D2
:10CE10005107909352070F94FA9590E080E00E949A
:10CE2000BE50C0929102D0929202E0929302F09290
:10CE30009402FF90EF90DF90CF90BF90AF909F90C3
:10CE40008F9008959923A9F30F947A360E94F04C9D
:10CE50008090910290909202A0909302B0909402E0
:10CE600020E030E040E752E460910507709106074A
:10CE700080910707909108070F9488B660939102FC
:10CE8000709392028093930290939402C090FD0657
:10CE9000D090FE06E090FF06F090000720E030E022
:10CEA000A901C701B6010F94D8BD8823E1F0A701FD
:10CEB000960160914F0770915007809151079091B2
:10CEC00052070F94E3BC60934F0770935007809311
:10CED0005107909352070F94FA9590E080E00E94DA
:10CEE000BE500F947A36209101073091020740918D
:10CEF0000307509104076091F5067091F606809142
:10CF0000F7069091F8060F94E3BC6B017C016091E9
:10CF1000950270919602072E000C880B990B0F94C6
:10CF200049B69B01AC01C701B6010F9488B62AE04F
:10CF300037ED43E25CE30F9488B69B01AC0160914E
:10CF400053077091540780915507909156070F949D
:10CF5000E2BC6093530770935407809355079093F6
:10CF6000560783E597E00F948B871092430790E074
:10CF700080E00E94BE508092910290929202A09214
:10CF80009302B092940255CFEF92FF920F931F93AA
:10CF9000CF93C82F8B0180910901C130B9F0C23005
:10CFA000C1F08170481721F0642F8C2F0F94D71691
:10CFB0008BE9E82E8FE0F82E0150110970F08C2FCC
:10CFC0000F94C616C7010197F1F7F6CF86958C2707
:10CFD000E8CF82FB882780F9E5CFCF911F910F9191
:10CFE000FF90EF9008958F929F92AF92BF92CF9251
:10CFF000DF92EF92FF920F931F93CF93C82F8A0176
:10D00000C62ED12C1F934F9383E08F9388EE8F937E
:10D010001F9282E08F931F926F931F92CF938EE99E
:10D0200093E69F938F930F947DBA8DB79EB70C961E
:10D030000FB6F8949EBF0FBE8DBF90E080E040E039
:10D0400051E0282FBA01082E02C0769567950A9400
:10D05000E2F70617170729F001968830910589F73E
:10D0600028E0E22EF12C88E090E08E199F0924E060
:10D0700030E0590102C0AA0CBB1C8A95E2F78C2F44
:10D080000F949E179C0190E0C43028F4EC2FF0E040
:10D09000EB5DFC4F90810E2C02C0369527950A94CB
:10D0A000E2F78601021B130B95013695279561E087
:10D0B0002017310774F1911160E017FF05C081E07E
:10D0C00068271195019511098C2F0F94D7168C2F75
:10D0D0000F949E17B12CA12C2BE9822E2FE0922EBB
:10D0E0000A151B05F1F02FEFA21AB20A0E2C02C08E
:10D0F000969587950A94E2F78C159D0591F08C2FF3
:10D100000F94C616C4010197F1F78C2F0F949E1748
:10D11000E7CF911101C060E0C501801B910B8C012C
:10D12000CCCFCF911F910F91FF90EF90DF90CF90D8
:10D13000BF90AF909F908F9008951092A513E6EA4C
:10D14000F3E184ECDF011D928A95E9F708952F92AF
:10D150003F924F925F926F927F928F929F92AF9287
:10D16000BF92CF92DF92EF92FF920F931F93CF93D4
:10D17000DF9300D01F92CDB7DEB74B015C01042FC7
:10D1800081E0809371068091700610E0813019F47F
:10D190000E947A4B11E0209190022A8381E08093D3
:10D1A000900280E00F94A64189830F94B44180924D
:10D1B0004F0790925007A0925107B092520765E531
:10D1C00075E585E591E40F94F79F0F9431A60F94D0
:10D1D000B4418C83882309F4F9C08091060186FF4D
:10D1E000F5C01B82C12CD12C7601312C8B8180178C
:10D1F00008F0A8C060914F077091500780915107C7
:10D200009091520720E030E040E05FE3311004C02D
:10D210002DEC3CEC4CE45EE30F94E3BC2B013C01B1
:10D2200040924F07509250076092510770925207F8
:10D2300065E575E585E591E40F94F79F80924F07CA
:10D2400090925007A0925107B092520765E575E59C
:10D2500085E590E40F94F79F0F9431A6A301920106
:10D2600060914F077091500780915107909152073C
:10D270000F94E2BC9F772DEC3CEC4CEC5CE30F94FC
:10D28000D8BD87FF16C060E070E080E09FE30E9499
:10D29000975280924F0790925007A0925107B092F8
:10D2A000520765E575E585E590E40F94F79F0F94C7
:10D2B00031A60F94B441282E882309F487C08091A9
:10D2C000060186FF83C040904F0750905007609042
:10D2D0005107709052072B812223D9F0622F70E002
:10D2E00090E080E00F9449B69B01AC01C701B60104
:10D2F0000F94E2BD9B01AC01C301B2010F94E2BCEB
:10D300009F772DEC3CEC4CE45DE30F946CBF18165A
:10D3100064F0A3019201C701B6010F94E3BC6B0155
:10D320007C012B812F5F2B8361CF31104FC084EFA5
:10D3300091E00E943370322C8FEF8B83C12CD12C63
:10D340007601EFCF023068F5C0924F07D0925007B8
:10D35000E0925107F09252078A818093900289816E
:10D360000F94A641112319F080E00E947A4B10928D
:10D3700071068C810F900F900F900F90DF91CF91DD
:10D380001F910F91FF90EF90DF90CF90BF90AF90E3
:10D390009F908F907F906F905F904F903F902F90D5
:10D3A0000895602F70E090E080E00F9447B69B01F5
:10D3B000AC01C701B6010F94E2BD60934F077093B3
:10D3C00050078093510790935207C6CF2A8120932C
:10D3D000900289810F94A641112319F080E00E94E8
:10D3E0007A4B109271061C82C4CF2F923F924F92BB
:10D3F0005F926F927F928F929F92AF92BF92CF92E5
:10D40000DF92EF92FF920F931F93CF93DF93CDB7ED
:10D41000DEB7CD5BD1400FB6F894DEBF0FBECDBFF7
:10D42000C357DE4F99838883CD58D140C157DE4F13
:10D4300079836883CF58D140CE56DE4F59834883D5
:10D44000C259D14084E1CF56DE4F8883C159D140C3
:10D45000CE56DE4FA881B981C259D1408D919D91A0
:10D460000D90BC91A02DC656DE4F88839983AA8368
:10D47000BB83CA59D140C157DE4FA881B981CF586B
:10D48000D1408D919D910D90BC91A02DCA54DE4F3D
:10D4900088839983AA83BB83C65BD140C357DE4F81
:10D4A000A881B981CD58D1408D919D910D90BC91AD
:10D4B000A02DC654DE4F88839983AA83BB83CA5BA1
:10D4C000D140FE01E75FFE4FC855DE4FF983E88388
:10D4D000C85AD140CE018B579F4FCA55DE4F998312
:10D4E0008883C65AD140DE011196C856DE4FB983F3
:10D4F000A883C859D140312C212CB101032C000C38
:10D50000880B990B0F9449B62AE138EF42E45EE3A9
:10D510000F9488B66B017C010F94A3C0C256DE4FF6
:10D52000688379838A839B83CE59D140C701B60132
:10D530000F94DDBDCE55DE4F688379838A839B834C
:10D54000C25AD1409B01AC01C656DE4F6881798139
:10D550008A819B81CA59D1400F9488B6C654DE4F48
:10D56000288139814A815B81CA5BD1400F94E3BC39
:10D570006B017C0120E030E0A9010F94D8BD1816A2
:10D580000CF07AC2C256DE4F288139814A815B8114
:10D59000CE59D140C656DE4F688179818A819B8100
:10D5A000CA59D1400F9488B6CA54DE4F28813981B8
:10D5B0004A815B81C65BD1400F94E3BC4B015C01A7
:10D5C00020E030E0A9010F94D8BD18160CF054C229
:10D5D00020E030E048EF51E4C701B6010F946CBF82
:10D5E00087FF4AC220E030E048EF51E4C501B401B2
:10D5F0000F946CBF87FF40C2C701B6010F948ABE6B
:10D600009B01AC01C701B6010F94E2BC2B013C01A8
:10D61000C501B4010F948ABE9B01AC01C501B401E0
:10D620000F94E2BCCC56DE4F688379838A839B8358
:10D63000C459D140A301920160E070E080E89FE30B
:10D640000F94E2BCC255DE4F688379838A839B8343
:10D65000CE5AD140CC56DE4F288139814A815B8138
:10D66000C459D14060E070E080E89FE30F94E2BCD1
:10D67000CE54DE4F688379838A839B83C25BD1401B
:10D68000C701B6010F945BBE6B01FB013196C65515
:10D69000DE4FF983E883CA5AD140C501B4010F9423
:10D6A0005BBE8B0195E0000F111F9A95E1F7C80151
:10D6B0008096C455DE4F99838883CC5AD140F801B7
:10D6C000EC0DFD1DE658F84F608170E090E080E0C1
:10D6D0000F9449B64B015C01CE54DE4F288139814D
:10D6E0004A815B81C25BD140C255DE4F688179813E
:10D6F0008A819B81CE5AD1400F9488B69B01AC01A0
:10D70000C501B4010F9488B64B015C01C455DE4FCE
:10D71000E881F981CC5AD140EC0DFD1DE658F84F57
:10D72000608170E090E080E00F9449B66B017C016D
:10D73000C255DE4F288139814A815B81CE5AD14062
:10D74000CC56DE4F688179818A819B81C459D14052
:10D750000F9488B69B01AC01C701B6010F9488B63F
:10D760009B01AC01C501B4010F94E3BC6B017C01CA
:10D77000C655DE4FA881B981CA5AD1400A0F1B1F76
:10D78000F801E658F84F608170E090E080E00F9477
:10D7900049B64B015C01CE54DE4F288139814A8164
:10D7A0005B81C25BD140C301B2010F9488B69B017B
:10D7B000AC01C501B4010F9488B69B01AC01C7014F
:10D7C000B6010F94E3BC6B017C01C655DE4FE881C6
:10D7D000F981CA5AD140C455DE4F88819981CC5A0B
:10D7E000D140E80FF91FE658F84F608170E090E0F3
:10D7F00080E00F9449B64B015C01CC56DE4F288186
:10D8000039814A815B81C459D140C301B2010F946F
:10D8100088B69B01AC01C501B4010F9488B69B0189
:10D82000AC01C701B6010F94E3BC20E030E040E05A
:10D8300052E40F94E2BC6B017C01AC019B01CE551C
:10D84000DE4F688179818A819B81C25AD1400F94D1
:10D8500088B6C855DE4FA881B981C85AD1406D93AA
:10D860007D938D939D93C855DE4FB983A883C85A85
:10D87000D140A7019601C256DE4F688179818A8125
:10D880009B81CE59D1400F9488B6CA55DE4FE881AE
:10D89000F981C65AD1406193719381939193CA558E
:10D8A000DE4FF983E883C65AD140C856DE4FA881BF
:10D8B000B981C859D140CD92DD92ED92FD92C85602
:10D8C000DE4FB983A883C859D140BFEF2B1A3B0A5A
:10D8D000E1E22E16310409F010CE40E050E060E0A5
:10D8E0007DE3CE01875F9E4F0F94FC4B9B01AC0103
:10D8F000C357DE4FA881B981CD58D1406D917D913C
:10D900008D919C910F94E3BCC357DE4FE881F98160
:10D91000CD58D140608371838283938340E050E08F
:10D9200060E07DE3CE018B579F4F0F94FC4B9B0132
:10D93000AC01C157DE4FA881B981CF58D1406D915C
:10D940007D918D919C910F94E3BCC157DE4FE8818E
:10D95000F981CF58D140608371838283938340E003
:10D9600050E060E87CE3CE0101960F94FC4BCE566C
:10D97000DE4FA881B981C259D1402D913D914D9181
:10D980005C910F94E3BC162F072FF82EE92E20E0B0
:10D9900030E040E050E40F94D8BD18162CF010E0B1
:10D9A00000E0F12C80E4E82EA8019701852F902F4C
:10D9B000A32FBE2DCE56DE4FE881F981C259D1404A
:10D9C00080839183A283B383CF56DE4FF881C15900
:10D9D000D140F150CF56DE4FF883C159D140F111FB
:10D9E00037CDEF92FF920F931F93C157DE4FA8815F
:10D9F000B981CF58D14013968C9113978F9312967B
:10DA00008C9112978F9311968C9111978F938C9183
:10DA10008F93C357DE4FE881F981CD58D140838180
:10DA20008F9382818F9381818F9380818F9382E8FE
:10DA300093E69F938F930F947DBA0FB6F894DEBF51
:10DA40000FBECDBFC354DE4F0FB6F894DEBF0FBE7E
:10DA5000CDBFDF91CF911F910F91FF90EF90DF909D
:10DA6000CF90BF90AF909F908F907F906F905F907E
:10DA70004F903F902F90089560E070E0CB01D5CE9D
:10DA80002F923F924F925F926F927F928F929F92CE
:10DA9000AF92BF92CF92DF92EF92FF920F931F93BC
:10DAA000CF93DF9300D01F921F92CDB7DEB72B012B
:10DAB0001A01F12CE12C1C821D8210E050E066243A
:10DAC0006394712C70E060E097012658384F3A83D8
:10DAD0002983862EC980DA80C60ED71EFC0100E09D
:10DAE00040E030E020E0AEEFA40FAB83442319F018
:10DAF0004B3009F07DC0AEEFA20FA83008F47AC019
:10DB00002F5F3F4F2C30310589F74F5F20E2C20E67
:10DB1000D11C32964C3029F73C81301718F40C8315
:10DB20005D83182D6F5F7F4F6431710591F65F5FE4
:10DB3000A0E2EA0EF11C543129F6EC816E2F70E060
:10DB400090E080E00F9449B623EC35EF48EA5FE3BC
:10DB50000F94E2BD9F938F937F936F93FD816F2FFF
:10DB600070E090E080E00F9449B620E030E040EBB8
:10DB700050E40F94E3BC9F938F937F936F93612F37
:10DB800070E090E080E00F9449B620E030E040EB98
:10DB900050E40F94E3BC9F938F937F936F938EE534
:10DBA00093E69F938F930F947DBAF20110832D819A
:10DBB000F10120830FB6F894DEBF0FBECDBF8C817C
:10DBC0000F900F900F900F900F90DF91CF911F91BA
:10DBD0000F91FF90EF90DF90CF90BF90AF909F900C
:10DBE0008F907F906F905F904F903F902F9008950F
:10DBF000222311F02B3021F4AB81A83008F080CF24
:10DC000099249394D601A20FB31FAC91A13108F4CB
:10DC1000912CA080B180D301022E02C0AA0FBB1F9D
:10DC20000A94E2F7AA21BB21BB24B394AB2B09F4DD
:10DC3000B12C9B1065CF0F5F63CF2F923F924F9215
:10DC40005F926F927F928F929F92AF92BF92CF928C
:10DC5000DF92EF92FF920F931F93CF93DF93CDB795
:10DC6000DEB7CA55D1090FB6F894DEBF0FBECDBFDF
:10DC700063969FAF8EAF63978B016A017E0125E4A7
:10DC8000E20EF11C80E197E2F701918380838DE43D
:10DC900093E69F938F930F947DBA2AE737E06196BE
:10DCA0003FAF2EAF6197C801805E93402B969FAF28
:10DCB0008EAF2B970F900F90E0E4F0E02996FFAF26
:10DCC000EEAF299763962EAD3FAD6397205E33404C
:10DCD00069963FAF2EAF699729964EAC5FAC2997F6
:10DCE000312C63968EAD9FAD639780529C4F6B969F
:10DCF0009FAF8EAF6B9760907007709071078090A8
:10DD00007207909073076B96AEACBFAC6B973110F7
:10DD100004C06996AEACBFAC6997809168079091DA
:10DD20006907A0916A07B0916B07F501E81BF90B31
:10DD3000CF0171F0AF01F7FF04C0442755274E1BF8
:10DD40005F0B692F661F6627661F81E00F94635182
:10DD500080916C0790916D07A0916E07B0916F074D
:10DD60002B964EAD5FAD2B97481B590B57FDB2C09C
:10DD700060E04115510509F0AEC0809170079091A7
:10DD80007107A0917207B0917307681A790A77FC3E
:10DD9000ABC060E06114710409F0A7C04091700746
:10DDA00050917107609172077091730700E028EC41
:10DDB00030E02B966EAD7FAD2B97C5010E94E4C578
:10DDC000632D80E00F9496475F924F9289E493E62B
:10DDD0009F938F930F947DBA63E084E00E949553E4
:10DDE0005F924F928AE393E69F938F930E946E53C4
:10DDF0000FB6F894DEBF0FBECDBF21E030E031108A
:10DE000002C02FEF3FEF40EC4203C001439F900D53
:10DE1000112467969FAF8EAF679740EE53E0249F23
:10DE20004001259F900C349F900C11246396EEAD19
:10DE3000FFAD63978E0E9F1E9E012F5F3F4F2D9665
:10DE40003FAF2EAF2D9761968EAD9FAD61972F9608
:10DE50009FAF8EAF2F97712C612CE0E1F7E22796F0
:10DE6000FFAFEEAF27978091680790916907A09167
:10DE70006A07B0916B078401081B190B17FF03C0D9
:10DE800011950195110998013595279565963FAF34
:10DE90002EAF65971C9B33C045E0242E6596AEAC33
:10DEA000BFAC6597632D822D0E948BC531E0A31A0C
:10DEB000B10840F128EC30E0A70168EE73E0822D54
:10DEC0000E945CC4632D822D0E94A4C5EFCF332431
:10DED000339411CF62E057FF03C05195419551092A
:10DEE00082E00F94635149CF64E0A30177FE03C041
:10DEF00051954195510984E00F9463514FCF2224ED
:10DF00002394CCCF6596EEADFFAD65970E1B1F0B2E
:10DF100023961FAF0EAF2397632D822D0E948BC5D2
:10DF20009E012F5B3F4FA70168EE73E0822D0E9498
:10DF300002C5882329F0632D822D0E94A4C5F0CF4D
:10DF400060E082E00F94964720E137E227963FAFEA
:10DF50002EAF2797009170071091710720917207DB
:10DF600030917307005A164F17FF02C00F5F1F4F03
:10DF7000159507958091700790917107A091720790
:10DF8000B091730780179107F4F41C9B1CC028EC18
:10DF900030E0A70168EE73E084E00E945CC48091E9
:10DFA000700790917107A0917207B0917307019665
:10DFB000A11DB11D8093700790937107A093720704
:10DFC000B0937307D7CF1C9B3FC08091700790918F
:10DFD0007107A0917207B0917307E0E6F9E0E81BC2
:10DFE000F90BCF01F7FF02C090E080E025969FAFCC
:10DFF0008EAF25971C9B28C0809170079091710768
:10E00000A0917207B091730780369940ECF49E019D
:10E010002D5B3F4FA70168EE73E084E00E9402C5CC
:10E020008091700790917107A0917207B09173076A
:10E030000196A11DB11D8093700790937107A09365
:10E040007207B0937307D6CF60E084E00E948BC55F
:10E05000F701208131812031F7E23F0758F4A70111
:10E0600068E17CEF84E00E945CC460E084E00E9490
:10E07000A4C5EECF61E082E00F94964720E137E23D
:10E08000F70131832083009170071091710720916F
:10E090007207309173070C0D1D1D17FF02C00F5F33
:10E0A0001F4F159507958091700790917107A0916A
:10E0B0007207B0917307081719070CF0D9C01C9BA1
:10E0C000BBC00091700710917107209172073091C9
:10E0D00073071C9928C08091700790917107A091D7
:10E0E0007207B09173078C199D0997FF02C090E0E9
:10E0F00080E025969FAF8EAF25971C990CC080912C
:10E10000700790917107A0917207B0917307C816BC
:10E11000D9060CF4AFC000917007109171072091DF
:10E120007207309173078091700790917107A091E9
:10E130007207B0917307C816D9063CF4F7018081C5
:10E1400091818031974208F4B2C00C191D09311039
:10E15000CAC0F301EE0FFF1F21E030E02C0F3D1F7E
:10E16000E20FF31F11830083FFEF6F1A7F0A679698
:10E170002EAD3FAD6797820E931E2D968EAD9FAD4F
:10E180002D9702972D969FAF8EAF2D972F96EEADC0
:10E19000FFAD2F9731972F96FFAFEEAF2F97F0E29D
:10E1A0006F16710409F059CE21E0421A510831E08E
:10E1B00033128DCE61968EAD9FAD6197809661963C
:10E1C0009FAF8EAF61972B96EEADFFAD2B97E05CC6
:10E1D000FF4F2B96FFAFEEAF2B9729962EAD3FAD9D
:10E1E00029972250310929963FAF2EAF2997232B2B
:10E1F00009F072CD88E393E69F938F930F947DBAD5
:10E200000F900F90C65ADF4F0FB6F894DEBF0FBEC7
:10E21000CDBFDF91CF911F910F91FF90EF90DF90D5
:10E22000CF90BF90AF909F908F907F906F905F90B6
:10E230004F903F902F90089528EC30E0A70168EEB2
:10E2400073E084E00E945CC4809170079091710734
:10E25000A0917207B09173070197A109B10980934A
:10E26000700790937107A0937207B09373071BCF49
:10E2700086012FCF9E012D5B3F4FA70168EE73E013
:10E2800084E00E9402C58091700790917107A0916F
:10E290007207B09173070197A109B10980937007C4
:10E2A00090937107A0937207B093730726CF28EC61
:10E2B00030E0A70168E17CEF84E00E945CC48091BB
:10E2C000700790917107A0917207B0917307019741
:10E2D000A109B1098093700790937107A093720709
:10E2E000B093730720CF2D96EEADFFAD2D9786AD81
:10E2F00097AD012E000C220B330B080F191F211DA7
:10E30000311D36952795179507950F3F1105210566
:10E31000310529F020F00FEF10E020E030E02F96DB
:10E32000EEADFFAD2F97078F1FCF2F923F924F92E9
:10E330005F926F927F928F929F92AF92BF92CF9295
:10E34000DF92EF92FF920F931F93CF93DF93CDB79E
:10E35000DEB76C970FB6F894DEBF0FBECDBF6C0171
:10E360005B014A01190118870F83FA82E982D701FC
:10E370008D919C9160ED72E00F9484BC9C8F8B8F8B
:10E380009F938F933F922F931F9284E68F939F9238
:10E390008F92BF92AF92DF92CF9280E093E69F93ED
:10E3A0008F930F947DBA0FB6F894DEBF0FBECDBF2A
:10E3B00022273327221933093A8F298FC401990C58
:10E3C000AA0BBB0B89879A87AB87BC879501BB0CCF
:10E3D000440B550B298B3A8B4B8B5C8BC601DD0CA8
:10E3E000AA0BBB0B8D8B9E8BAF8BB88F12141304B3
:10E3F0000CF0BAC08B8D9C8D6CE370E00F9484BCE4
:10E4000010E1161B2B8D3C8DD1010F94DBBC0F94BA
:10E4100047B620E030E044E354E40F94E2BD6B01E2
:10E420007C016F817885EB8DFC8D6E0F7F1F90E0F6
:10E4300080E00F9447B625E33AEF4EE85CE30F9493
:10E4400088B64B015C010F94DDBD6B837C838D83AB
:10E450009E83C501B4010F94A3C02B013C016985C3
:10E460007A858B859C850F9449B64B015C012B8D79
:10E470003C8DA4E6B0E00F945BBC0F9449B620E05D
:10E4800030E044E354E40F94E2BD9B01AC01C501CC
:10E49000B4010F94E2BC0F9454BE6D877E878F87C2
:10E4A000988B69897A898B899C890F9449B64B012D
:10E4B0005C01A3019201C701B6010F9488B69B01CC
:10E4C000AC01C501B4010F94E3BC0F9454BE4B01E1
:10E4D0006D897E898F89988D0F9449B62B013C01F7
:10E4E000A70196016B817C818D819E810F9488B6F6
:10E4F0009B01AC01C301B2010F94E3BC0F9454BE65
:10E50000CB0101E020E431E04D855E85B4010E943D
:10E51000E4C5212F30E08823B9F14B8D5C8D420F8B
:10E52000531F4F5F5F4F5C8F4B8FEB8DFC8DA9812D
:10E53000BA81ED93FC936C960FB6F894DEBF0FBED4
:10E54000CDBFDF91CF911F910F91FF90EF90DF90A2
:10E55000CF90BF90AF909F908F907F906F905F9083
:10E560004F903F902F9008952FEC32E0AB8DBC8DF3
:10E570002A1B3B0BC9016CE370E00F9484BC10E1D3
:10E58000161BA98DBA8D41CF2F5F3F4FAB8DBC8D30
:10E59000A20FB31FBC8FAB8FA03DB24008F426CFB3
:10E5A000C4CF2F923F924F925F926F927F928F9241
:10E5B0009F92AF92BF92CF92DF92EF92FF920F9312
:10E5C0001F93CF93DF9300D000D000D01F92CDB720
:10E5D000DEB72B013C0149015A0120E030E040EC5C
:10E5E00051E40F94E2BC20E030E048E052E40F94A4
:10E5F000E2BD6B017C010F948ABE0F9454BE312C96
:10E60000212C77FD1EC01B01663071051CF045E012
:10E61000242E312C822D0F9440A420E030E048EBD2
:10E6200051E40F94E3BC9B01AC01C301B2010F9410
:10E63000E2BC20E030E048E052E40F94E2BD6B0120
:10E640007C0120E030E040EC50E4C501B4010F94BF
:10E65000E2BC20E030E048E052E40F94E2BD698380
:10E660007A838B839C830F948ABE0F9454BE77FD6C
:10E67000DAC07A8769876630710524F0E5E0F0E05A
:10E68000FA87E98789850F9440A420E030E040EACA
:10E6900050E40F94E3BC9B01AC01C501B4010F949D
:10E6A000E2BC20E030E048E052E40F94E2BD698330
:10E6B0007A838B839C83A701960160E070E080E8F9
:10E6C0009FE30F94E2BC2B013C0191012F5F3F4F70
:10E6D0003E832D8389859A85019698878F8327E0CD
:10E6E000E985FA852E9F80012F9F100D1124F801D6
:10E6F000E20DF31DEE0FFF1FEE0FFF1FEB55FC4E5B
:10E700002181328143815481C301B2010F9488B6C3
:10E710004B015C01ED81FE81E00FF11FEE0FFF1F49
:10E72000EE0FFF1FEB55FC4E218132814381548156
:10E73000C701B6010F9488B69B01AC01C501B401B5
:10E740000F94E3BC4B015C0129813A814B815C81D0
:10E7500060E070E080E89FE30F94E2BC9B01AC01B5
:10E76000C501B4010F9488B64B015C0127E0EF812D
:10E77000F8852E9FC0012F9F900D11249A878987BD
:10E78000FC01E20DF31DEE0FFF1FEE0FFF1FEB5517
:10E79000FC4E2181328143815481C301B2010F9427
:10E7A00088B62B013C0189859A85ED81FE818E0F0B
:10E7B0009F1F880F991F880F991F8B559C4EFC0136
:10E7C0002181328143815481C701B6010F9488B6FB
:10E7D0009B01AC01C301B2010F94E3BC29813A81D2
:10E7E0004B815C810F9488B69B01AC01C501B401DB
:10E7F0000F94E3BC2A960FB6F894DEBF0FBECDBFD0
:10E80000DF91CF911F910F91FF90EF90DF90CF900C
:10E81000BF90AF909F908F907F906F905F904F9040
:10E820003F902F9008951A86198645CF1F93CF9356
:10E83000DF9300D01F921F92CDB7DEB7162F482F5F
:10E8400062E5CE0101960F94B39F49815A816B8195
:10E850007C818D810F94A14D109331130F900F90F7
:10E860000F900F900F90DF91CF911F91089510920C
:10E870007C13E1E5F8E6849167E00D941674E0916D
:10E880007C13AE2FB0E0AA0FBB1FAA58BC4E20913C
:10E89000491330914A132D933C93EF5FE0937C131F
:10E8A000E23040F4F0E0E85CF749849168E00F94CE
:10E8B000167488E00895E0917C13AE2FB0E0AD5857
:10E8C000BC4E809149138C93EF5FE0937C13E3304F
:10E8D00040F010927C13E8E3F8E6849168E00D9430
:10E8E0001674F0E0EF5AF749849167E0F8CFCF93C0
:10E8F000DF9300D000D000D01F92CDB7DEB780915B
:10E900003813823409F446C0B8F5882309F472C07C
:10E9100084E08093301385E0E8E3F3E1DE011696AE
:10E9200001900D928A95E1F785E0FE013696A3E30A
:10E93000B3E101900D928A95E1F740E060E0CE01ED
:10E9400001960F94B39F85E0FE013196A8E3B3E1F1
:10E9500001900D928A95E1F785E080933113409103
:10E9600033135091341360913513709136138091A5
:10E9700037130F94A14D2EC08235B1F1873541F682
:10E9800060913A1370913B134CE0809139130F94CE
:10E990000C4E11C04091391362E4CE0101960F94E0
:10E9A000B39F49815A816B817C818D810F94A14DE8
:10E9B0008AE08093311340E060E0CE0101960F942D
:10E9C000B39F85E0FE013196A8E3B3E101900D927B
:10E9D0008A95E1F781E02A960FB6F894DEBF0FBE64
:10E9E000CDBFDF91CF9108956BE0809139130F94E3
:10E9F0001674E1CF80E0EFCFCF93DF9300D01F926A
:10EA00001F92CDB7DEB749835A836B837C838D8396
:10EA100085E0FE013196A8E3B3E101900D928A955D
:10EA2000E1F78091311387FF09C00F900F900F908D
:10EA30000F900F90DF91CF910D9477740F900F90FE
:10EA40000F900F900F90DF91CF9108951F93CF9368
:10EA5000DF9300D01F921F92CDB7DEB7182F482F3B
:10EA600063E5CE0101960F94B39F49815A816B8172
:10EA70007C818D810F94A14D109331130F900F90D5
:10EA80000F900F900F90DF91CF911F910895CF932A
:10EA9000DF9300D01F921F92CDB7DEB740E061E553
:10EAA000CE0101960F94B39F49815A816B817C817D
:10EAB0008D810F94A14D84E0809331130F900F90BE
:10EAC0000F900F900F90DF91CF910895CF93DF9328
:10EAD00000D01F921F92CDB7DEB70F940BA080938A
:10EAE0007213482F66E6CE0101960F94B39F4981B9
:10EAF0005A816B817C818D810F94A14D86E080933A
:10EB000031130F900F900F900F900F90DF91CF91D6
:10EB10000895CF93DF9300D01F921F92CDB7DEB739
:10EB2000809148138534F1F020F4823451F185E06E
:10EB300011C0863471F18035D1F7809149138093EB
:10EB4000701381E090E090936F1380936E130F9495
:10EB5000667580E00F900F900F900F900F90DF91EF
:10EB6000CF9108958CE08093701380914913909118
:10EB70004A1390936F1380936E130F94667587E01A
:10EB8000E9CF80914913809371130F9466758BE0E0
:10EB9000E1CF9091331380914313981322C0909149
:10EBA00034138091441398131CC01092701381E0A9
:10EBB00090E090936F1380936E1382E880933113EB
:10EBC00040E060E0CE0101960F94B39F85E0FE0126
:10EBD0003196A3E3B3E101900D928A95E1F782E0CB
:10EBE000B9CF83E0B7CF1F93CF93DF9300D01F92AD
:10EBF0001F92CDB7DEB78091630E81112AC01091AC
:10EC000098131F3F91F580919713811160C01F3FAA
:10EC1000B9F081E090E090932F1380932E1390939E
:10EC20009613809395138FEF80939713133009F405
:10EC300082C0F8F0163008F47BC0173009F47EC0AB
:10EC40000F900F900F900F900F90DF91CF911F9129
:10EC5000089580919513909196130F9482A2182F86
:10EC60001092630E8F3F79F6CACF8FEF809398137F
:10EC7000CACF8DEC96E60E94F05A812F90E00F9457
:10EC80006E530F94BB7B80919713813089F486EC8F
:10EC900096E60F94FB9F412F62E4CE0101960F94FC
:10ECA000B39F49815A816B817C818D810F94FC7463
:10ECB0008091951390919613843020E8920721F06B
:10ECC0008930904809F0BCCF0F947450B9CF1930F7
:10ECD00008F0B6CFE12FF0E08827EE58F9488E4FC4
:10ECE0000D94CBBC1D021D021D02B102E702E7021A
:10ECF000130143011B01809195139091961387385E
:10ED000020E8920721F08730914809F099CF80914F
:10ED10003013843021F480913313811191CF81E03D
:10ED20008093620E60E081EC91E00F94E2AC88CFBA
:10ED300010939B1385CF0F94C09F82CF10929D1389
:10ED400010924B131092301360E08CEA9CE00F9409
:10ED5000DFBB0F945C5374CF4F925F926F927F92A0
:10ED60008F929F92AF92BF92CF92DF92EF92FF92DB
:10ED70000F931F93CF93DF93CDB7DEB7A0970FB656
:10ED8000F894DEBF0FBECDBF082F0F94F3758091AE
:10ED9000311387FD0F9477749091311397FF7DC0E5
:10EDA000809130138230B1F008F475C08330E1F106
:10EDB000843009F454C00F94777481116BC382E0DE
:10EDC00080934B1383E08093301382E88093311358
:10EDD00012E0DBC20F94E31CAB01BC0180913D1338
:10EDE00090913E13A0913F13B091401388519C4FD6
:10EDF000AF4FBF4F481759076A077B0708F44BC04E
:10EE000087E792E10F94E7B90196D1F781E080930B
:10EE10004B13809330131092521386E08093321379
:10EE200080E00F94267537C0923829F60F94E31CC2
:10EE3000AB01BC0180913D1390913E13A0913F1313
:10EE4000B091401388519C4FAF4FBF4F481759079F
:10EE50006A077B0708F4AFCF0F9447751CC00F9467
:10EE6000E31CAB01BC0180913D1390913E13A09136
:10EE70003F13B091401388519C4FAF4FBF4F48177D
:10EE800059076A077B0740F70F940BA09091721304
:10EE900089130F94667510E078C2A12CD12CC12C77
:10EEA0009924939455E0B52E63E0862E74E0772E76
:10EEB000E2E06E2E66C0233009F4E0C0243009F091
:10EEC00083C020ED280F2A3008F4F8C02FE9280F5E
:10EED000263008F4F3C08A3009F0FAC04090571386
:10EEE00083E593E10F94A29F4812B8C01092521389
:10EEF00088E0E3E5F3E1DE01519601900D928A95F9
:10EF0000E1F788E0FE017196DE01599601900D92BD
:10EF10008A95E1F788E0FE017996A3E4B3E10190D8
:10EF20000D928A95E1F78CE38983FE013296ABE579
:10EF3000B3E120E0CF01521609F4CDC03D9140EE7F
:10EF4000430F403608F03EE231932F5FF4CF8E340A
:10EF500008F056C08B3408F046C0823409F443C030
:10EF6000E0F58A3059F08D3049F0B0925213A1107B
:10EF700005C11F3609F0F9C3AA24A3944FEFC41AA0
:10EF8000D40A87E792E10F94E7B997FD00C1182FE3
:10EF900020916B1330E0F901E25DFC4E85A7790109
:10EFA000EFEFEE1AFE0AFFE0EF22FF245E2CE09264
:10EFB0006B1320915213223009F448C008F07BCF24
:10EFC000222329F2213051F11A3009F48FCF1D305C
:10EFD00009F48CCF10925813CACF853430F287349D
:10EFE00010F0883411F6809353131092541310923A
:10EFF0005613109255131092571390925213BECF7E
:10F00000893540F4873578F720EB280F263008F053
:10F01000ACCFE9CF863609F0A8CFE5CF20ED280F99
:10F020002A3050F02FE9280F263030F0803209F0D6
:10F030009CCF60925213A2CF0F94819F9091541352
:10F040009295907F890F8093541398CF873448F41A
:10F05000853458F42FEB280F223038F010925813D3
:10F0600084CF803511F08235C9F780925213809396
:10F07000581310925A131092591380CF20ED280F75
:10F080002A3048F02FE9280F263028F08A3231F74D
:10F090007092521373CF0F94819F20915913309126
:10F0A0005A1344E0220F331F4A95E1F7820F932F42
:10F0B000911D90935A138093591360CF0F94819FA1
:10F0C000909157139295907F890F8093571356CF45
:10F0D0008D3021F603CFE80EF91EF7011082109251
:10F0E0006B1383EB98E60E94F05A8DEA98E60E9433
:10F0F000F05ACE0101960F94C0B40F949B4C8091AE
:10F100003013813009F474C008F4C5CE833009F49B
:10F11000D1C0843009F04FCE80913113863009F48C
:10F120006CC108F093C1843009F409C1853009F03D
:10F13000CCC080914813813409F496C1823509F01E
:10F14000C4C0109270138DE290E890936F13809377
:10F150006E1386E396E60F94B84C85E080933113E6
:10F1600040913313509134136091351370913613DD
:10F17000809137130F94A14D16E007C11B3609F09B
:10F18000F4C287E196E60F94B84C18E0FEC0CD2893
:10F1900019F00F949B4C7FCE0F94E31CAB01BC0184
:10F1A00080913D1390913E13A0913F13B091401375
:10F1B0008053984FAF4FBF4F481759076A077B07D7
:10F1C00008F469CE80913013882309F464CE10923C
:10F1D000521381E080934B138093301386E0809329
:10F1E000321380E00F94267564E08FEE95E679C0C7
:10F1F000109131131330B1F160F0163009F450C0A2
:10F20000193009F0BECF0F94CB4E882309F443CEBA
:10F2100040CE80914313833521F480914413181715
:10F2200011F0812FFECD80914913E12FF0E0DF0135
:10F23000A358BC4E8C93EC5EF949E4918E1741F0D3
:10F24000809132138150809332138111EACF99CF8C
:10F2500086E598E60E94175D8AE08093421381E07C
:10F26000810FDFCD80914313833521F480914413C6
:10F27000833011F083E0D5CD8091491390914A13EA
:10F28000909381138093801310927C13E4E5F8E649
:10F29000849160917A1370E049E00F940C4EFBCD9D
:10F2A00082E080934B1383E08093301382E8809355
:10F2B0003113D2CD80913113883009F4B7C0A8F44E
:10F2C0008430D9F0873009F4AEC081E080934B13CD
:10F2D00082E08093301383E88093311365E085E00A
:10F2E00096E60F94294D182F50C08A3009F4A7C014
:10F2F00060F38D3008F45FCDE8CF809143138E34F6
:10F3000060F58B3410F4853401F78091481386340E
:10F3100009F473C084E08093301385E0E3E4F3E103
:10F32000DE01119601900D928A95E1F785E0FE01CC
:10F330003196A3E3B3E101900D928A95E1F70F9422
:10F340008975182F853009F208F09CC0823009F4C5
:10F3500032CD843009F43BCF18C0843508F4B5CFE2
:10F36000863598F2883509F0B0CF809148138634FD
:10F3700089F18035C1F1823409F042C0809149138E
:10F38000809371130F9437741BE080912E1390912A
:10F390002F138130910509F0EBC1123009F490C0B0
:10F3A00008F07DC0112309F418C1002309F4E4C05A
:10F3B000173009F4C1C108F0B5C1143009F4C4C153
:10F3C000153009F0D9C082E080939D1360E08DE292
:10F3D00090E8B7C180913313882329F082E88093A5
:10F3E000311313E0D2CF809149138093701381E0E1
:10F3F00090E090936F1380936E130F9437744BCDFE
:10F400008CE0809370138091491390914A139093EC
:10F410006F1380936E130F94377488E296E60F94FF
:10F42000B84C17E0B2CF0F945B7435CD82E80F94DF
:10F430003F7480933113823809F02DCDBCCC80917C
:10F4400048138134D1F60F94A64CD7CF8830B1F051
:10F4500050F38A3009F039CF80914813813409F094
:10F4600018CD0F94A64C15CD1092701310926F13F7
:10F4700010926E1381E8809331130DCD81E80F94C3
:10F480003F74F9CF873049F208F463CE883009F42D
:10F4900078CE7BCF8091311387FD9ACCFCCC133092
:10F4A00009F46AC01B3009F080CF809171138093FA
:10F4B000981387E496E60F94FB9F0F94F3755CC056
:10F4C00080917313811158C00E945A4C882309F40B
:10F4D00053C080915F0E9091600E8835924009F480
:10F4E0004BC080915E0E811147C080915D0E8111ED
:10F4F00043C080915C0E81113FC090915B0E809162
:10F500005A0E9817C9F180915B0E90E02EE630916B
:10F510005A0E381789F0289FF0011124E658F84F49
:10F520004485558566857785452B462B472B09F005
:10F530009F5F8F5F8F70EBCF9923F1F088ED95E699
:10F540000E94175D20E030E0A901CA01B9010E94C4
:10F55000106C60E070E0CB010E94FA4C86ED9EE0FA
:10F560000F94BBBB813021F40F9425538F3F91F54D
:10F5700080ED93E60F94765380914B13823019F40B
:10F5800081E080939D1310939C13809178078823CA
:10F5900051F08091620E811106C080919513909177
:10F5A00096130F945EA1A0960FB6F894DEBF0FBE1F
:10F5B000CDBFDF91CF911F910F91FF90EF90DF9022
:10F5C000CF90BF90AF909F908F907F906F905F9003
:10F5D0004F9008958EEC95E6CDCF009170138091F9
:10F5E0009413081709F446C0809130138430A9F4AD
:10F5F00080913313882389F089E080937907E4E9C7
:10F60000F5E60E3130F4E02FF0E0EE0FFF1FEC5680
:10F61000FA49859194910E9408EEE4E9F5E60E31ED
:10F6200030F4E02FF0E0EE0FFF1FEC56FA49859121
:10F6300094910F94FB9F00939413033049F00C3185
:10F6400009F09ACF0F947A3681E080939F1394CF7C
:10F6500080913013843031F480913313845582309B
:10F6600008F48ACF0F947A3681E08093A0130F9428
:10F67000745082CF033071F10C3109F07DCF80914D
:10F680009F13882309F478CF0F940BA08823B1F13E
:10F69000813009F071CF10929F130F94B49810929B
:10F6A000610E60917B1370E090E080E00F9447B6AC
:10F6B0006B017C0160917A1370E06E5F7F4F072EC3
:10F6C000000C880B990B0F9449B6A70196010F9473
:10F6D000D79F52CF8091A013882309F44DCF9091EA
:10F6E0005A0E80915B0E981347CF0F940BA0815058
:10F6F000833008F4BCCF1092A0133ECF90915A0EE5
:10F7000080915B0E981338CF60917B1370E090E08E
:10F7100080E00F9447B69B01AC0160E070E08FEA97
:10F7200093E4D5CF1830B9F0193009F025CF60E057
:10F730000F94256019E020CF61E080916E139091C5
:10F740006F130F94256018CF82E080939D1360E0C3
:10F750008EE290E8F6CF10929D1310924B13109208
:10F76000301360E08CE290E8ECCF0F949B4CADCD71
:10F77000002301F3DCCF80919E1382FF07C08B7FB3
:10F7800080939E1382E297E60F94FB9F80919E13D5
:10F7900081FF50C08091921390919313892B09F4AB
:10F7A00049C084E197E60F94FB9F8091921390915A
:10F7B00093130F946E5380919E138D7F80939E13AD
:10F7C00080919213909193139093730E8093720E85
:10F7D0008CE492E60F94121344EE56E662E080E069
:10F7E0000E94A9536091650E7091660E8091670E1C
:10F7F0009091680E0F9454BE2091720E3091730E4A
:10F80000C901861B970B06976CF081E00E94886DFA
:10F8100080E00F94AC760F941F9F84E690E00E94E6
:10F820003370E0CF0F94F59E89EF96E60F94FB9F1F
:10F830000C94C85308950F931F93CF93DF9300D078
:10F840001F921F92CDB7DEB7182F062F10929E136E
:10F8500083E08093970219821A821B821C821D8288
:10F8600090E080E00E94337090919E13898192FF16
:10F8700037C081111EC0CE0101960F94741F8EE017
:10F8800095E60F94FB9FE0919C13E250EA3040F71D
:10F89000F0E08827E15BF3488E4F0D94CBBC690103
:10F8A000EB02BF01BF013F01BF01DD02A9029F01C1
:10F8B000BF0140E457E76BE170E0CE0101960F9481
:10F8C000C71D882301F380919E138B7F82608093F4
:10F8D0009E131092730E1092720E8EEF94E6D1CF9B
:10F8E000882389F2198288EE94E6CBCF0F94BB7BF4
:10F8F0000F949A508091620E811107C085ED94E6B5
:10F900000E94175D83E0809382130F947A3681E022
:10F910000F900F900F900F900F90DF91CF911F914C
:10F920000F9108950F94F375F2CF80918313811195
:10F9300097CF812F0F94E650802F0F947E500F9415
:10F94000F3758ECF0F94BB7B0F949A5089CF80E0D4
:10F95000DFCFCF93DF9300D01F921F92CDB7DEB7DA
:10F9600010928F1710928E1762E185E494E60F943F
:10F97000AB640F94D59F40E065E5CE0101960F94EE
:10F98000B39F49815A816B817C818D810F94FC7476
:10F9900061E080E00F941B7C811103C00F94179FDE
:10F9A000E8CF83E00F94CB4183E60F94536483E662
:10F9B000809385138DE897E10E9499570F900F90DF
:10F9C0000F900F900F90DF91CF910895CF930F94E8
:10F9D000D464C82F882379F088EC90E00F943EA37C
:10F9E00082E00F94CB410F944A640F94A97C0F944A
:10F9F000C9640F94F59E8C2FCF9108950F931F9398
:10FA0000CF93DF9300D01F921F92CDB7DEB7082FA0
:10FA10000F94D464182F882339F1602F8BE392E67A
:10FA20000F94F89E0F944A640F94D59F402F6CE476
:10FA3000CE0101960F94B39F49815A816B817C81DD
:10FA40008D810F94FC7460E080E00F941B7C182F74
:10FA5000811103C00F94179FE7CF83E00F94CB4130
:10FA60000F94C9640F94F59E812F0F900F900F9003
:10FA70000F900F90DF91CF911F910F910895FF92FA
:10FA80000F931F93CF93DF9300D01F921F92CDB798
:10FA9000DEB7082FF62E0F94D464182F8823A1F117
:10FAA000FF2029F0602F8CE292E60F94F89E80915F
:10FAB000731381110F94E67C0F944A640F94D59FC1
:10FAC000402F65E4CE0101960F94B39F49815A817E
:10FAD0006B817C818D810F94FC7461E080E00F94D8
:10FAE0001B7C182F811103C00F94179FE7CF83E66B
:10FAF0000F94536483E68093851383E00F94CB4186
:10FB00000F94C9640F94F59E812F0F900F900F9062
:10FB10000F900F90DF91CF911F910F91FF9008955B
:10FB20001F93CF93DF9300D01F921F92CDB7DEB704
:10FB3000182F0F94D59F412F6BE4CE0101960F949F
:10FB4000B39F49815A816B817C818D810F94FC74B4
:10FB500061E080E00F941B7C811103C00F94179F1C
:10FB6000E8CF0F900F900F900F900F90DF91CF91F3
:10FB70001F910895CF93C82F682F8FE192E60F94BD
:10FB8000F89E8091731381110F94E67C0F944A6460
:10FB90008C2F0F94907D83E60F94536483E68093BB
:10FBA000851383E00F94CB410F94C9640F94F59EA5
:10FBB00081E0CF9108959091C00095FFFCCF809394
:10FBC000C60008958091C00087FFFCCF8091C000DF
:10FBD00084FD01C0A8958091C6000895862798E00D
:10FBE00027E0382F880F37FD82279150D1F70895ED
:10FBF00083E494E70C94F05ACF93C82F8DE394E7F5
:10FC00000E94F05A8C2F0E94D75A8DE5CF910C9408
:10FC1000D75ACF93C82F86E094E70E94F05A8C2FD2
:10FC20000E94D75A8DE50E94D75ACF910D94F87D46
:10FC30002F923F924F925F926F927F928F929F92FC
:10FC4000AF92BF92CF92DF92EF92FF920F931F93EA
:10FC5000CF93DF93CDB7DEB7A1970FB6F894DEBF91
:10FC60000FBECDBF1C0148015901FC01E85BFF4FED
:10FC7000C080D180E280F3809A01AB01C701B60158
:10FC80000F9488B60F94C1BD0F945BBE8B018D831A
:10FC90009983A5019401C701B6010F9488B60F940A
:10FCA000C1BD0F945BBE362F272FA8016D817981CE
:10FCB000483751056105710520F448E750E060E0E0
:10FCC00070E0D101D6968D909D90AD90BC90D99763
:10FCD0008F8A988EA98EBA8E481559056A057B05BC
:10FCE00020F44F8B588F698F7A8F432F522FBC018E
:10FCF000483751056105710520F448E750E060E0A0
:10FD000070E0182D092DA9A2B8A2481559056A0559
:10FD10007B0520F4142F052F69A378A3F101EE5B76
:10FD2000FF4FC080D180E280F380CD82DE82EF82FF
:10FD3000F886CD28CE28CF2841F4C12CD12C7601CD
:10FD4000C394CD82DE82EF82F8862F89388D498D6B
:10FD50005A8DB901CA010F941EBC6D877E878F87AB
:10FD6000988BA5019401C501B4010F941EBC2B0111
:10FD70003C01212F302F49A158A1612F702FCA01BA
:10FD80000F941EBC698B7A8B8B8B9C8BCD80DE8015
:10FD9000EF80F884CC0CDD1CEE1CFF1CC986DA86D3
:10FDA000EB86FC86C301B20161507109810991099A
:10FDB000CD84DE84EF84F8886C197D098E099F0953
:10FDC000C984DA84EB84FC846C0D7D1D8E1D9F1D1F
:10FDD000A70196010F942EBC69017A01C301B201FB
:10FDE00029893A894B895C89621B730B840B950BBB
:10FDF00029853A854B855C850F942EBC29013A01F3
:10FE0000D701C601840D951DA61DB71D8C8F9D8F32
:10FE1000AE8FBF8FF101E45BFF4F90819B8F9923E1
:10FE200009F48DC0612F702F89A198A10F9447B656
:10FE3000F101EC5AFF4F20813181428153810F94AF
:10FE400088B60F945BBE6D8B7E8BD10150962D9141
:10FE50003D914D915C91539729833A834B835C8309
:10FE60008C8D9D8DAE8DBF8D82179307A407B5072E
:10FE700008F068C029013A01481A590A6A0A7B0A3F
:10FE80009B8D40E080E0992389F0C501B4010F9477
:10FE900047B6F101EC5AFF4F2081318142815381F5
:10FEA0000F9488B60F945BBE462F872F3FB7F89408
:10FEB000F101E95BFF4F2081211127C0D101599643
:10FEC000CD92DD92ED92FC925C97C40CD51CE61CA1
:10FED000F71CF101C58ED68EE78EF0A2CF88C2AE98
:10FEE000D88CD3AEE98CE4AEFA8CF5AEFE961083D6
:10FEF0000183C9A0C282D8A0D3827396ED88E08224
:10FF0000FE88F1823297408381833FBFA1960FB66E
:10FF1000F894DEBF0FBECDBFDF91CF911F910F913F
:10FF2000FF90EF90DF90CF90BF90AF909F908F9019
:10FF30007F906F905F904F903F902F9008951D8A13
:10FF40001E8A83CF2D813E814F81588582E0220F0A
:10FF5000331F441F551F8A95D1F789819A81AB8140
:10FF6000BC8181709927AA27BB278D839E83AF838D
:10FF7000B88789809A80AB80BC80B694A794979408
:10FF80008794CD84DE84EF84F88889899A89AB8947
:10FF9000BC898C159D05AE05BF0508F46FC06C01CA
:10FFA0007D0191E0C91AD108E108F1088D859E858F
:10FFB000AF85B889C81AD90AEA0AFB0AC701B6018F
:10FFC000620F731F841F951FCD80DE80EF80F88441
:10FFD000CD28CE28CF2841F0C984DA84EB84FC8474
:10FFE0006C0D7D1D8E1D9F1D0F942EBC750164012F
:10FFF000C20ED31EE41EF51E29813A814B815C811D
:020000023000CC
:100000002C153D054E055F0510F469017A012B8D15
:10001000222309F469C0C114D104E104F10409F4F4
:1000200066C04D898E89411451046104710409F43C
:100030003DCFA701960169857A858B859C850F94B4
:100040001EBC2D853E854F855889620F731F841F06
:10005000951F0F9447B60F94B1C0F101EC5AFF4FB2
:1000600020813181428153810F9488B60F945BBE09
:10007000462F872F412C512C320118CF6D857E855C
:100080008F859889C988DA88EB88FC886C197D0986
:100090008E099F09CD80DE80EF80F884CD28CE28A0
:1000A000CF2841F0C984DA84EB84FC846C0D7D1D7B
:1000B0008E1D9F1D0F942EBC820E931EA41EB51E76
:1000C00049805A806B807C8084149504A604B70410
:1000D00010F424013501C980DA80EB80FC80C4185B
:1000E000D508E608F70893CF40E080E0C3CF4D89FC
:1000F0008E89C0CF0F94E27D803229F081E10F9488
:10010000DB7D0E94164C84E10D94DB7DCF93C82FDC
:100110000F94E27DC150E1F7CF910D947A800F9357
:100120001F93CF93DF93EB01142F052F0E9484536D
:10013000CE010E9480538AE30E948453CE010F9423
:1001400079B99EE0981B892F0E948B530F931F93C0
:100150008CE790E79F938F930E946E530F900F90C0
:100160000F900F90DF91CF911F910F9108950F93F2
:100170001F93CF93DF93FC012381222331F080E092
:10018000DF91CF911F910F9108958B01EC01FB013D
:100190008789803139F582E08B831D8A1E8A1F8A08
:1001A000188E808D918DB0E0A0E025E0880F991F1A
:1001B000AA1FBB1F2A95D1F7898B9A8BAB8BBC8B5F
:1001C0001A8F098F81E089831C821D821E821F8203
:1001D000188619861A861B861C861D861E861F8613
:1001E000188ACECF803259F683E08B83428D538DAF
:1001F000648D758D4D8B5E8B6F8B788F9E012F5E1E
:100200003F4FC8010F9450498111DACFB8CFCF9337
:10021000DF93EC010F949B4A1B82DF91CF910895ED
:10022000CF93DF93EC01462F41706C857D858E85E1
:100230009F850F94FE47882351F0888920E2829F92
:10024000C00111248058914FDF91CF91089590E023
:1002500080E0FACFCF93DF93EB01FC0123812111E2
:1002600004C080E0DF91CF9108952250223028F41D
:100270008FE28883198281E0F5CF60E00F941081CE
:10028000009779F3DC0160E080E09EE22D9120325E
:1002900099F0883031F49E01260F311DF9019083C9
:1002A0006F5F9E01260F311DAD0141505109FA01CA
:1002B0004081F90140836F5F8F5F8B3039F7FE011A
:1002C000E60FF11D1082D7CF3F924F925F926F924F
:1002D0007F928F929F92AF92BF92CF92DF92EF92D6
:1002E000FF920F931F93CF93DF93CDB7DEB72C9779
:1002F0000FB6F894DEBF0FBECDBF5C01DC0159968E
:100300008D909C90F40181859285A385B4859C0194
:10031000AD012F5F3F4F4F4F5F4F29873A874B8784
:100320005C87D50114964D905D906D907C901797E9
:10033000411451046104710409F459C0BFEF4B1A10
:100340005B0A6B0A7B0A312C730162011D821E82DB
:100350001F821886F40181859285A385B4852D813D
:100360003E814F815885281739074A075B0708F0F7
:1003700056C089859A85AB85BC858C159D05AE05D3
:10038000BF0550F482E0C82ED12CE12CF12C92E074
:10039000492E512C612C712C9E012F5F3F4FB701CC
:1003A000A601C4010F94CD488823C9F189819A819F
:1003B000AB81BC81892B8A2B8B2B01F12601370164
:1003C0009FEF491A590A690A790A2D813E814F81A6
:1003D00058852F5F3F4F4F4F5F4F2D833E834F8395
:1003E00058873FEFC31AD30AE30AF30AB3CF40801A
:1003F00051806280738033243394A6CFC414D50413
:10040000E604F70411F70FEF1FEF2FEF3FE0B701FE
:10041000A601C4010F943B48782E81111AC0712C9B
:10042000872D2C960FB6F894DEBF0FBECDBFDF919F
:10043000CF911F910F91FF90EF90DF90CF90BF90E1
:10044000AF909F908F907F906F905F904F903F9074
:100450000895F501448155816681778141155105E3
:100460006105710539F097018601C4010F943B487D
:100470008823A9F2D5011496CD92DD92ED92FC92DB
:100480001797332051F0D701C6010196A11DB11D68
:10049000F40180839183A283B383F50185899689D2
:1004A000A789B08D892B8A2B8B2B09F0B9CFC58AF0
:1004B000D68AE78AF08E818180688183B1CF8EBD34
:1004C0000DB407FEFDCF08958FEF8EBD0DB407FE6E
:1004D000FDCF8EB508958F929F92AF92BF92EF920B
:1004E000FF920F931F93CF937C01C62F49015A01AE
:1004F000FC019181892F806A86958CBD90FD03C097
:1005000081E0963009F480E08DBD9FB7F89480912A
:1005100005018F7B809305019FBF8CE291E00F94D2
:1005200034538C2F80640F945F8208E110E0D50172
:10053000C401002E04C0B695A795979587950A9497
:10054000D2F70F945F8208501109083FFFEF1F0791
:1005500071F785E9CC2321F087E8C83009F08FEFE7
:100560000F945F82CC3011F40F946482C0E00F943A
:100570006482F701828387FF04C0CF3F11F0CF5F11
:10058000F6CFCF911F910F91FF90EF90BF90AF905A
:100590009F908F9008950F931F93CF93DF93EC015B
:1005A00089018B81833039F089E0440F551F661F24
:1005B000771F8A95D1F79A01AB0168E1CE010F94BC
:1005C0006B82882319F086E0888339C08EEF8EBD58
:1005D000F801C8019E5F0DB407FEFDCF20812EBD3E
:1005E0000DB407FEFDCF21812EBD3296E817F90725
:1005F00091F70DB407FEFDCF8FEF0F945F828FEF61
:100600000F945F820F9464828A838F71853099F48E
:1006100088E592E00F943453182F87E11123A1F25B
:1006200020E030E0A9016DE0CE010F946B828823B9
:1006300051F086E1C9CF83E188830F942B530F9447
:100640002B5310E006C00F9464828111F2CF0F94F7
:100650002B53812FDF91CF911F910F9108952F92EE
:100660003F924F925F926F927F928F929F92AF9242
:10067000BF92CF92DF92EF92FF920F931F93CF938F
:10068000DF93EC012A013B0169018B81833039F052
:1006900069E0440C551C661C771C6A95D1F743E051
:1006A000942E560181E0A81A8EEFB80A1601EEEFDB
:1006B0003E1A54E0852E9A94A301920161E1CE0185
:1006C0000F946B82882379F08882992009F47AC08C
:1006D0000F942B5320E030E0A9016CE0CE010F9481
:1006E0006B821882E8CF0F94E31C8B010F94648215
:1006F0008A838F3F91F40F94E31C601B710B6D3262
:100700007140A0F381E188830F942B538C8188235F
:10071000E1F28FEF0F945F82D8CF8E3F11F08FE020
:10072000F2CF8FEF8EBDD601F6010DB407FEFDCFDF
:100730009EB591938EBDEA15FB05B9F70DB407FE82
:10074000FDCF8EB5F5018083F12CE12C8D91EF2D3D
:10075000FF27E827EE0FFF1FE455FB488591949192
:10076000FE2CEE24E826F9262A163B0679F70F948C
:100770006482082F10E0102F00270F946482082B4A
:100780000E151F0519F0F0E2F883BECF0F942B531E
:10079000CC81CC23D9F08FEF0F945F828C2FDF9127
:1007A000CF911F910F91FF90EF90DF90CF90BF906E
:1007B000AF909F908F907F906F905F904F903F9001
:1007C0002F9008950F942B53C0E0E8CFC1E0E6CFFF
:1007D0002F923F924F925F926F927F928F929F9251
:1007E000AF92BF92CF92DF92EF92FF920F931F933F
:1007F000CF93DF9300D01F92CDB7DEB79C838B835E
:100800004B017A01DC0113968C91811119C08FEF95
:100810009FEF0F900F900F900F90DF91CF911F914E
:100820000F91FF90EF90DF90CF90BF90AF909F908F
:100830008F907F906F905F904F903F902F90089592
:10084000EB81FC81818180FFE2CF018912892389BC
:1008500034894085518562857385C701B0E0A0E089
:1008600028013901441A550A660A770A8415950544
:10087000A605B70518F07801E41AF50A67018B811F
:100880009C8104969A838983612C32E0732EC11473
:10089000D10409F4B7C0AB81BC8118964D915D912C
:1008A0006D917C911B975A01B1E0BB22EB81FC81D9
:1008B000818D928D1A012B0129E05694479437942B
:1008C00027942A95D1F72381223091F5DC015A969D
:1008D0006D917D918D919C915D97620D731D841D2D
:1008E000951D83010A191B09C016D10608F486015B
:1008F0000115B2E01B0771F42091740E3091750E52
:100900004091760E5091770E621773078407950712
:1009100009F059C040E00F94FE47882309F477CFCF
:10092000B5016058714FA801C4010F94E4C157C0CC
:10093000FC01148111501221A114B10481F4111190
:100940000EC0452B462B472B79F5EB81FC81858921
:100950009689A789B08D84839583A683B783AB815D
:10096000BC815996ED91FC915A9714966D917D91A9
:100970008D919C9117976250710981099109258584
:1009800004C0660F771F881F991F2A95D2F7268506
:10099000378540895189620F731F841F951F610F2E
:1009A000711D811D911D9DCFAB81BC8114964D9110
:1009B0005D916D917C91179729813A810F94CD4873
:1009C0008111CDCF24CF9401AB01BC0180917D0E6C
:1009D00090917E0E0F942F83882309F418CF800EF8
:1009E000911EEB81FC8180859185A285B385800F66
:1009F000911FA11DB11D80879187A287B387C01A5F
:100A0000D10A45CFC70105CF4F925F926F927F9277
:100A1000AF92BF92CF92DF92EF92FF920F931F930C
:100A2000CF93DF931F92CDB7DEB78C017B015A01C4
:100A3000C22EDB0159968D919C91F801928F818F86
:100A4000CB010E94CC5A712CF70180859185A2853B
:100A5000B385418952896389748984179507A607EC
:100A6000B70708F052C055E0B695A79597958795BA
:100A70005A95D1F7F82FFF70DF2ED70113968C917E
:100A8000823010F480E0DBC041E050E0BE016F5FD7
:100A90007F4FC7010F94E8830197A1F7F701808585
:100AA0009185A285B3854F96A11DB11D8087918741
:100AB000A287B387F0E2DF9EB00111246058714F26
:100AC00061157105F9F2DB018C91882341F0853EB7
:100AD00009F04CC0772029F077247394B5CF7110BA
:100AE0000EC08091740E9091750EA091760EB0910B
:100AF000770EF80184879587A687B787D08ADB01B0
:100B00008C918111E9CF772473948C2D8274823477
:100B100009F0B8CF772009F4A2C0F801D08861E0CD
:100B2000C8010F941081009709F4ACCF20E2DC01DA
:100B30001D922A95E9F72BE0F501DC0101900D9259
:100B40002A95E1F721E238E2FC01318B208B40E06D
:100B500058E057874687338B228B318F208F578BF6
:100B6000468B0F94BF47811109C08CCF4BE050E0FA
:100B7000C5010F94D7C1892B09F066CFF0E2DF9E43
:100B8000D00111249D012058314FF90183858171D5
:100B900021F08C2D827109F0FCC0F801818D928DBD
:100BA0004091740E5091750E6091760E7091770E93
:100BB0004487558766877787D08AFD01E058F14FD3
:100BC00044885588712C612C320155244424D80165
:100BD00055964D925D926D927C925897428D538DB1
:100BE00070E060E0442955296629772955964D9390
:100BF0005D936D937C935897D9011B962C91287126
:100C000009F0B9C0848D958DA68DB78DF801818BC3
:100C1000928BA38BB48B81E083838C2D8F70F80132
:100C2000818314821582168217821086118612869D
:100C3000138681E0C4FE03C0C8010F94F6540F90E0
:100C4000DF91CF911F910F91FF90EF90DF90CF90A8
:100C5000BF90AF907F906F905F904F900895D701B5
:100C600013968C911397823009F40CCF51968D9185
:100C70009D910D90BC91A02D803E9F4FAF41B1053D
:100C800008F000CFC7010F946481882309F4FACEDD
:100C90000F94BF47882309F4F5CED7015996ED91FB
:100CA000FC915A9714964D905D906D907C9017979B
:100CB000B2E04B1A510861087108858504C0440CE4
:100CC000551C661C771C8A95D2F786859785A08966
:100CD000B189480E591E6A1E7B1E81E080937C0EEE
:100CE0004092740E5092750E6092760E7092770E4E
:100CF000E0E8FEE080E092E0DF019C011D922150DF
:100D00003040E1F7DD24D394D7015996ED91FC9161
:100D10008481D81698F420E83EE0B301A2014D0D7D
:100D2000511D611D711D80917D0E90917E0E0F945D
:100D3000CB82882309F4A6CED394E6CF258580E024
:100D400092E0A0E0B0E004C0880F991FAA1FBB1F6B
:100D50002A95D2F7F7014189528963897489840FF2
:100D6000951FA61FB71F818B928BA38BB48B80E836
:100D70009EE0D12CDBCE203161F498012F5E3F4FF5
:100D80000F945049882329F084E0D80113968C935E
:100D900044CFD80113961C9275CE209175123091D4
:100DA0007612BC01C90185579F4E0F94C2B99C01B0
:100DB000909313188093121881E0232B09F480E09C
:100DC000089588E19EE00FB6F894A895809360009E
:100DD0000FBE909360009FB7F894809102018460E9
:100DE000809302019FBF0E94C8534DEE50E761E01F
:100DF00080E00E94A953FFCF60915A0E90915B0E44
:100E000030E020E08EE6961761F0899FF001112412
:100E1000EA51F84F40815181240F351F9F5F9F7029
:100E2000F2CFC901089530915A0E20915B0E32170E
:100E300091F0E0915A0EE11101C0E0E1E1502EE69F
:100E4000E29FF0011124EA51F84F20813181820F95
:100E5000931F9183808308958F929F92AF92BF9248
:100E6000CF92DF92EF92FF920F931F93CF93DF9376
:100E7000C0919802D091990286E7E82E86E0F82E7C
:100E800005EF17E16E0180E1C80ED11C69917991DF
:100E900089919991F70181909190A190B1907F01F2
:100EA0000F9447B6A50194010F9488B60F945BBECA
:100EB000F80161937193819391938F01CC15DD05B6
:100EC00029F7DF91CF911F910F91FF90EF90DF9065
:100ED000CF90BF90AF909F908F90089580917006B3
:100EE00081110EC086E896E090939B0280939A024F
:100EF00086E996E090939902809398020D942C874E
:100F00008130E1F78EE097E090939B0280939A0204
:100F10008EE197E0EFCFFC014081518162817381C6
:100F20004093E6045093E7046093E8047093E90467
:100F30002091820630918306409184065091850667
:100F400060817181828193810F9488B60F9420C053
:100F5000E8E5F7E064877587868797878FB7F89409
:100F6000448555856685778540937407509375074A
:100F700060937607709377078FBF0895FC014081D7
:100F80005181628173814093E2045093E304609342
:100F9000E4047093E50420917E0630917F06409131
:100FA00080065091810660817181828193810F94C6
:100FB00088B60F9420C06093600770936107809398
:100FC0006207909363070D943D642F923F924F9276
:100FD0005F926F927F928F929F92AF92BF92CF92C9
:100FE000DF92EF92FF920F931F93CF93DF93CDB7D2
:100FF000DEB7C558D1090FB6F894DEBF0FBECDBF1E
:1010000069A37AA38BA39CA32DA33EA34FA358A7A8
:10101000A896ECAEFDAE0EAF1FAFA897AA96DFAEB6
:10102000CEAEAA9789AA99AEADAEBDAAC556DF4F7E
:1010300008811981CB59D04080915A0E8F5FA196BB
:101040008FAFA197803119F4A1961FAEA19780911F
:101050005B0EA1962FADA19782130FC00F94E22BC8
:1010600080E00E94886D80E00E945C5380915B0E5E
:10107000A1963FADA197831789F34091610EA29687
:101080004FAFA297442311F183EB98E60E94F05AE8
:1010900080EE90E70E94175DCB57DF4F0FB6F894B4
:1010A000DEBF0FBECDBFDF91CF911F910F91FF909B
:1010B000EF90DF90CF90BF90AF909F908F907F90F8
:1010C0006F905F904F903F902F90089590915A0E9F
:1010D000292E312C8EE6989FD0011124A496BFAF03
:1010E000AEAFA497CD018658984FFC01E95BFF4F46
:1010F000108284599F4FFC01118210820115110545
:1011000011F40D94D99280E1F801AE52B84F0190DC
:101110000D928A95E1F78EE6829D8001839D100DE8
:1011200011240658184FF801E859FF4FC356DF4FF6
:1011300088819981CD59D0409183808306591F4F72
:101140006091910270919202809193029091940229
:101150000F945BBED8016D937C938091C504882366
:10116000A9F010926407109265071092660710921A
:1011700067071092E6041092E7041092E8041092B8
:10118000E9041092C50481E08093C404BE016B5D44
:101190007F4FCE0181960E94B84EC9A0DAA0EBA085
:1011A000FCA0209176063091770640917806509108
:1011B0007906C701B6010F9488B60F9420C0C258B3
:1011C000DF4F688379838A839B83CE57D0408DA07D
:1011D0009EA0AFA0B8A420917A0630917B064091E2
:1011E0007C0650917D06C501B4010F9488B60F941A
:1011F00020C0CE57DF4F688379838A839B83C25890
:10120000D0408091A513882311F40D94E092A5019C
:101210009401C701B6010F94D172A8962CAD3DADD3
:101220004EAD5FADA8970F94E3BC20917E06309140
:101230007F0640918006509181060F9488B60F94E6
:1012400020C0E6966CAF7DAF8EAF9FAFE697AA96B3
:10125000EEADFFADAA9780809180A280B3802091EF
:101260008206309183064091840650918506C5011F
:10127000B4010F9488B60F9420C0AE966CAF7DAFCA
:101280008EAF9FAFAE978091640790916507A09154
:101290006607B0916707AE964CAC5DAC6EAC7FACA8
:1012A000AE97481A590A6A0A7B0A809158079091AA
:1012B0005907A0915A07B0915B07C258DF4FC88009
:1012C000D980EA80FB80CE57D040C81AD90AEA0AF2
:1012D000FB0A80915C0790915D07A0915E07B09139
:1012E0005F07CE57DF4F288139814A815B81C25821
:1012F000D040281B390B4A0B5B0B29A73AA74BA7F9
:101300005CA78091600790916107A0916207B091FE
:101310006307E6962CAD3DAD4EAD5FADE697281B5D
:10132000390B4A0B5B0B2DA73EA74FA758AB4114B7
:1013300051046104710409F480C06091650E7091DC
:10134000660E8091670E9091680E0F9454BE2091A6
:101350006B0230916C02621773070CF5AE968CAD80
:101360009DADAEADBFADAE9780936407909365071A
:10137000A0936607B09367078092E6049092E70413
:10138000A092E804B092E90483EB98E60E94F05A38
:1013900086EC90E70E94175D412C512C3201C3016D
:1013A000B20177FE07C066277727CB01641975095C
:1013B000860997090F9449B64B015C0120E030EC97
:1013C0004BEE53E46091820670918306809184060F
:1013D000909185060F9488B69B01AC01C501B401BC
:1013E0000F946CBF18164CF5AE962CAD3DAD4EADBE
:1013F0005FADAE972093640730936507409366070F
:1014000050936707AA96EEADFFADAA9780819181B0
:10141000A281B3818093E6049093E704A093E8044B
:10142000B093E90483EB98E60E94F05A88EA90E7CB
:101430000E94175D412C512C32018EE6829DF001F5
:10144000839DF00D1124E658F84FD701C601F7FE31
:1014500007C088279927DC018C199D09AE09BF09AF
:1014600080839183A283B3838EE6829DF001839D66
:10147000F00D1124E658F84F89A59AA5ABA5BCA597
:10148000B7FF07C0B095A095909581959F4FAF4F3E
:10149000BF4F84839583A683B7838EE6829DF00138
:1014A000839DF00D1124E658F84F8DA59EA5AFA59C
:1014B000B8A9B7FF07C0B095A095909581959F4FAB
:1014C000AF4FBF4F80879187A287B387B301A20137
:1014D00077FE07C044275527BA0144195509660904
:1014E00077098EE6829DF001839DF00D1124E65868
:1014F000F84F44875587668777870081118122815D
:10150000338184819581A681B78180179107A207D5
:10151000B30714F4D901C801EEE6BE2EB29CF00167
:10152000B39CF00D1124E658F84F80849184A28476
:10153000B38488159905AA05BB0514F4D501C40127
:1015400084179507A607B70714F4DB01CA014EE616
:10155000429DF001439DF00D1124E658F84F808B19
:10156000918BA28BB38B0697A105B1050CF494CD9A
:101570008091E503DF01AA5BBF4F8C93F7FE02C0A9
:101580000D94F092108E89A59AA5ABA5BCA5B7FFC6
:101590000BC08EE6829DF001839DF00D1124E6586C
:1015A000F84F808D8260808F8DA59EA5AFA5B8A9CC
:1015B000B7FF0BC08EE6829DF001839DF00D1124D4
:1015C000E658F84F808D8460808F77FE0BC08EE6E2
:1015D000829DF001839DF00D1124E658F84F808D17
:1015E0008860808F012B022B032B09F017988EE661
:1015F000829DF001839DF00D1124E658F84F8481FF
:101600009581A681B781892B8A2B8B2B09F016989F
:101610008EE6829DF001839DF00D1124E658F84F6F
:1016200080859185A285B385892B8A2B8B2B09F028
:1016300015988EE6829DF001839DF00D1124E658E9
:10164000F84F84859585A685B785892B8A2B8B2BAA
:1016500009F014988EE6829DF001839DF00D11240F
:10166000E658F84F24853585468557852A962CAF50
:101670003DAF4EAF5FAF2A97232B242B252B09F0CC
:10168000B3C7A090B206B090B3060091B406109113
:10169000B50629A939AD4DAD5DA9B501C8010F94B5
:1016A0006CBF181624F4A9AAB9AE0DAF1DABC701C3
:1016B000B6010F9449B62091760630917706409195
:1016C0007806509179060F94E2BD4B015C01898246
:1016D0009A82AB82BC8269A57AA58BA59CA50F9442
:1016E00049B620917A0630917B0640917C06509154
:1016F0007D060F94E2BD6B017C01CD82DE82EF821C
:10170000F8866DA57EA58FA598A90F9449B620915E
:101710007E0630917F0640918006509181060F949D
:10172000E2BD22966CAF7DAF8EAF9FAF22976987E7
:101730007A878B879C87C301B2010F9449B62091A9
:1017400082063091830640918406509185060F945D
:10175000E2BD26966CAF7DAF8EAF9FAF26976D87AB
:101760007E878F87988B8EE6829DF001839DF00D9A
:101770001124E658F84F80819181A281B3812E9681
:101780008CAF9DAFAEAFBFAF2E970697A105B10549
:101790000CF033C784819581A681B7810697A10596
:1017A000B1050CF02AC780859185A285B38506977F
:1017B000A105B1050CF021C726968CAD9DADAEAD4F
:1017C000BFAD2697BF7785A796A7A7A7B0AB8EE634
:1017D000829DF001839DF00D1124E658F84F45A439
:1017E00056A467A470A8A301920160E070E080E8AD
:1017F0009FE30F94E2BD29A939AD4DAD5DA90F94CA
:1018000088B66B017C0180915A0E90915B0E891B0A
:101810008F708DAF8250863008F040C0A7019601CE
:1018200060E074E284E799E40F94E2BD0F9420C075
:101830004B015C018091B6069091B706A091B80665
:10184000B091B90688169906AA06BB0638F5BC0100
:10185000CD01681979098A099B09660F771F881FCE
:10186000991FADAD2A2F30E050E040E00F942EBC20
:10187000CA01B9010F9447B60F9454BE680D791D83
:101880008A1D9B1D0F9447B69B01AC0160E074E27A
:1018900084E799E40F94E2BD6B017C01A3019201FE
:1018A000C701B6010F9488B66DAB7EAB8FAB98AF16
:1018B0008EE6829D8001839D100D11240658184FDD
:1018C0002DA93EA94FA958ADD80191962D933D93CE
:1018D0004D935C93949750966D917D918D919C91D1
:1018E00053970F9447B669AF7AAF8BAF9CAF9B010C
:1018F000AC01C701B6010F9488B60F94C1BD0F9417
:101900005BBE62966CAF7DAF8EAF9FAF6297F80102
:1019100066AB77AB80AF91AF9E012F5F3F4F6C9668
:101920003FAF2EAF6C97AE014F5E5F4FA0965FAF9B
:101930004EAFA09780919A0290919B029AAB89AB8F
:1019400040966E969FAF8EAF6E9768965FAF4EAF24
:10195000689719A61DA600E81FE36C96AEADBFAD53
:101960006C972D913D914D915D916C96BFAFAEAF4F
:101970006C97C701B6010F9488B66896EEADFFADBF
:10198000689761937193819391936896FFAFEEAFDF
:1019900068974B015C01E894B7F8A9A9BAA92D9101
:1019A0003D914D915D91BAABA9AB66962CAF3DAF21
:1019B0004EAF5FAF6697C501B4010F946CBF1816A8
:1019C000B4F4A501940166966CAD7DAD8EAD9FAD6E
:1019D00066970F94E2BD4B015C0129A53DA5A801C6
:1019E0000F946CBF18161CF089A69DA685016E96F3
:1019F000EEADFFAD6E9729A93AA9E217F30709F0FA
:101A0000ACCF20E030E040E85FE369A57DA5C801E8
:101A10000F94D8BD87FF50C0A096AEACBFACA097C6
:101A200030E1A30EB11CA096CEACDFACA097D601DE
:101A30006D917D918D919D916D017D01B4E0EB1AC9
:101A4000F10829A53DA5A8010F9488B6F701608388
:101A5000718382839383AC14BD0449F72EE6229DE3
:101A6000C001239D900D11249C012658384F790107
:101A700029A53DA5A8016DA97EA98FA998AD0F94B0
:101A800088B6D70191966D937D938D939C9394978F
:101A900062966CAD7DAD8EAD9FAD62970F9447B6EB
:101AA00029A53DA5A8010F9488B60F945BBEF70148
:101AB00066AB77AB80AF91AFA301920169AD7AAD10
:101AC0008BAD9CAD0F94E2BD69A77AA78BA79CA7AD
:101AD0002E962CAD3DAD4EAD5FAD2E97232B242B16
:101AE000252B09F0B9C58EE6829D8001839D100DDE
:101AF00011240658184FF80184819581A681B78179
:101B0000892B8A2B8B2B09F0A7C580859185A2850F
:101B1000B385892B8A2B8B2B09F09EC52091AA06B1
:101B20003091AB064091AC065091AD0669A57AA5FF
:101B30008BA59CA50F9488B60F94C1BD0F945BBE76
:101B40002B013C01F801E45BFF4F10826A961CAE4A
:101B50001DAE1EAE1FAE6A978EE6829D8001839DEC
:101B6000100D11240658184FF801EE5BFF4F40820C
:101B7000518262827382C301B2010F9447B66B0136
:101B80007C0129A53AA54BA55CA50F94E2BDE29680
:101B90006CAF7DAF8EAF9FAFE297F80161AB72ABD8
:101BA00083AB94AB2DEB37E346E051E4C701B601BC
:101BB0000F9488B60F945BBED80154966D937D93B5
:101BC0008D939C9357979196BC912796BFAF27977B
:101BD000F801F2A12B96FFAF2B97D8019396BC91F9
:101BE0002F96BFAF2F97F801F4A16396FFAF6397CD
:101BF0002AEB36E0EE963FAF2EAFEE97A0964EACB6
:101C00005FACA09730E1430E511C0AEB16E0A096A2
:101C10006EAC7FACA09727964FAD279749A72B9620
:101C20005FAD2B975DA7B9ABF9AF1DAAD3018D901E
:101C30009D90AD90BD903D01E894B7F8F801C1903A
:101C4000D190E190F1908F01A5019401C701B601F7
:101C50000F94D8BD87FF3AC0FDA9FF2309F47EC6C3
:101C600029A53DA549A959ADC501B4010F9488B670
:101C70004B015C01A701960127966FAD27972B9624
:101C80007FAD2B972F968FAD2F9763969FAD639760
:101C90000F9488B66B017C01AC019B01C501B401B6
:101CA0000F946CBF181694F4A5019401C701B601F6
:101CB0000F94E2BD9B01AC0169A57DA589A999ADF1
:101CC0000F9488B669A77DA789AB99AF46145704CE
:101CD00009F0ACCF8EE6829DF001839DF00D1124BA
:101CE000E658F84F15AA8091C404882321F080E1BA
:101CF00085AB1092C4043DAD323008F48FC64091DC
:101D0000C6046B964FAF6B975091C7046D965FAF4B
:101D10006D970091C8041091C90427E137EB41ED9C
:101D200058E36B966FAD6B976D967FAD6D97C8015D
:101D30000F946CBF18160CF071C66B962FAD6B9795
:101D40006D963FAD6D97A80127966FAD27972B969F
:101D50007FAD2B972F968FAD2F9763969FAD63978F
:101D60000F94D8BD87FF01C66B962FAD6B976D960C
:101D70003FAD6D97A80127966FAD27972B967FAD46
:101D80002B972F968FAD2F9763969FAD63970F94E8
:101D9000E2BDEC966CAF7DAF8EAF9FAFEC97279610
:101DA0008FAD27978DAF2B969FAD2B979DAB2F9621
:101DB000AFAD2F97AEAF6396BFAD63972396BFAF1E
:101DC00023972AEC34E0E8963FAF2EAFE897412CFA
:101DD000512C30E8632E3FE3732EE896AEADBFADD5
:101DE000E8978D909D90AD90BD90E896BFAFAEAF57
:101DF000E897A096EEADFFADA097C190D190E1908D
:101E0000F190A096FFAFEEAFA0976B962FAD6B97BA
:101E10006D963FAD6D97A80127966FAD27972B96CE
:101E20007FAD2B972F968FAD2F9763969FAD6397BE
:101E30000F94D8BD87FF0CC0EC962CAD3DAD4EADD8
:101E40005FADEC97C501B4010F9488B64B015C01FE
:101E5000A296FFADA297FF2381F0A3019201C501D5
:101E6000B4010F9488B64B015C01A3019201C70134
:101E7000B6010F9488B66B017C01A7019601C501DC
:101E8000B4010F946CBF20E030E0A90118160CF0EB
:101E9000A3C5C701B6010F946CBF18164CF020E023
:101EA00030E0A901C501B4010F94D8BD87FF85C5F5
:101EB000A7019601C501B4010F94E2BC6B017C013E
:101EC000EE96AEADBFADEE978D909D90AD90BD906E
:101ED000EE96BFAFAEAFEE97A5019401C701B60174
:101EE0000F946CBF181694F4A7019601C501B401B4
:101EF0000F94E2BD9B01AC01C301B2010F9488B6FF
:101F00002B013C01B1E0A296BFAFA297EAEDF4E04D
:101F1000E8962EAD3FADE897E217F30709F05DCFE5
:101F2000A2963FADA297332381F0A30192016DAD3C
:101F30007DA98EAD23969FAD23970F9488B66DAF84
:101F40007DAB8EAF23969FAF239724EA30E74DE712
:101F50005FE36DAD7DA98EAD23969FAD23970F9462
:101F600088B66B017C01AC019B016091F117709107
:101F7000F2178091F3179091F4170F946CBF181615
:101F8000FCF429A53DA549A959ADC701B6010F9497
:101F9000D8BD87FF15C08EE6829DF001839DF00DB0
:101FA0001124E658F84F85A9846085AB49A54DAF4B
:101FB0005DA55DAB89A98EAF99AD23969FAF2397A1
:101FC0008EE6829D8001839D100D11240658184FC6
:101FD0008DAD9DA9AEAD2396BFAD2397F80181A726
:101FE00092A7A3A7B4A729A53DA549A959AD69A55D
:101FF0007DA589A999AD0F9488B66B017C01E29605
:102000006CAD7DAD8EAD9FADE29790589B01AC015C
:102010000F94E3BCD8019D962D913D914D915C911B
:10202000D0970F9488B69B01AC01C701B6010F94FD
:10203000E2BC0F94B1C0D62EE72E8C012DAD3DA988
:102040004EAD23965FAD23970F946CBF181634F0F6
:10205000DDAEEDAA0EAF23961FAF23978EE6829DCD
:10206000F001839DF00D1124E658F84F8DAD9DA928
:10207000AEAD2396BFAD239785A396A3A7A3B0A724
:10208000F5A82D2D3E2DA80127966FAD27972B96ED
:102090007FAD2B972F968FAD2F9763969FAD63974C
:1020A0000F94D8BD18160CF4CFC483E09EE6929D21
:1020B0008001939D100D11240658184FF82AF8013D
:1020C000F5AA80E1FE017196AAECB4E001900D92B0
:1020D0008A95E1F727968FAD27972B969FAD2B9783
:1020E0002F96AFAD2F976396BFAD63978093C604CD
:1020F0009093C704A093C804B093C90489A59DA573
:10210000A9A9B9AD8093F1179093F217A093F31793
:10211000B093F417D801D6966D917D918D919C91D5
:10212000D9970F9447B627962FAD27972B963FAD9B
:102130002B972F964FAD2F9763965FAD63970F94B4
:10214000E2BD2B013C01F801E85BFF4F4082518268
:102150006282738234968081882309F489C0209139
:102160000C1830910D1840910E1850910F186A9666
:102170006CAD7DAD8EAD9FAD6A970F9488B64B0167
:102180005C01C0908206D0908306E0908406F090B7
:1021900085060C5A1F4FA70196010F9488B6A3011C
:1021A00092010F94E2BDF80160837183828393836F
:1021B00020E030E0A9016A966CAD7DAD8EAD9FAD9B
:1021C0006A970F946CBF18160CF040C4A5019401D7
:1021D000E2966CAD7DAD8EAD9FADE2970F9488B663
:1021E000A70196010F9488B66B017C0120E030E4D2
:1021F0004CE157E40F946CBF18163CF4C12C20E45A
:10220000D22E2CE1E22E27E4F22EA701960160E007
:1022100074E284EF99E40F94E2BD4B015C0120E08D
:1022200030E44CE956E4C701B6010F946CBF1816B0
:102230000CF017C48EE6829D8001839D100D112441
:102240000658184F7801FDE4EF0EF11C20E030E055
:1022500040E850E4C501B4010F9488B60F945BBE0A
:10226000D7016D937C93F801ED5AFF4F84E0808392
:1022700009A51DA529A939AD4DAD5DA96EAD239662
:102280007FAD2397A4968EAD9FADA4978658984FA7
:102290000F94187E8EE6829DF001839DF00D11242F
:1022A000E658F84F80899189A289B38981159048B1
:1022B000A105B10518F485A9886085AB8FB7F8949E
:1022C0009091610E911193C4A1963FADA197309367
:1022D0005A0E8FBFC258DF4F88819981AA81BB8176
:1022E000CE57D0408093580790935907A0935A0730
:1022F000B0935B07CE57DF4F288139814A815B81DC
:10230000C258D04020935C0730935D0740935E072E
:1023100050935F07E6968CAD9DADAEADBFADE69731
:102320008093600790936107A0936207B09363075F
:10233000AE962CAD3DAD4EAD5FADAE97209364072C
:1023400030936507409366075093670789A19AA168
:10235000ABA1BCA18093DA049093DB04A093DC04CE
:10236000B093DD048DA19EA1AFA1B8A58093DE043A
:102370009093DF04A093E004B093E104A8968CADA1
:102380009DADAEADBFADA8978093E2049093E304FA
:10239000A093E404B093E504AA96EEADFFADAA972E
:1023A00080819181A281B3818093E6049093E704B8
:1023B000A093E804B093E904F0905B0E80915A0E6C
:1023C0008F198F70833040F110915A0E111101C096
:1023D00010E11150FEE61F9FC00111249C012658F8
:1023E000384F5901111101C010E111503EE6139F01
:1023F000C0011124AC014658584F6A019EE6692E6F
:10240000F11669F0D601D5960C9102FF7EC380913A
:102410005A0E811B8F70F12E823008F4A3C03EE665
:10242000F39EC0011124AC014658584F5A01F39451
:1024300050E1F51201C0F12CAEE6FA9EC001112464
:10244000FC01E658F84F6F018EE6882ED501D5962F
:102450008C91D59781FD5AC095964D905D906D9069
:102460007C909897F60195A0E6A007A110A5292DCC
:102470003E2DA801C301B2010F94D8BD87FF46C00D
:10248000A3019201C301B2010F9488B62B013C0154
:10249000D501D1966D917D918D919C91D497905855
:1024A0009B01AC010F94E3BCF50125A536A547A51A
:1024B00050A90F9488B69B01AC01C301B2010F94DF
:1024C000E2BC0F94B1C02B013C019B01AC01692D12
:1024D0007E2DC8010F94D8BD87FF03C0492C5E2C08
:1024E00038019201A301692D7E2DC8010F94D8BD3A
:1024F000882361F0D601D5962C91C201D301F60153
:1025000085A396A3A7A3B0A7216025ABD501D59637
:102510008C91D597F60195A9892B80FF14C005A150
:1025200016A127A130A595964D915D916D917C9155
:102530009897C5010F94187ED501D5968C91D597A3
:102540008E7FD5968C93F394B0E1FB1201C0F12CF1
:10255000F89CC00111248658984F20915A0E5601BC
:10256000F21243C380915A0E811101C080E1815063
:10257000EEE68E9FC00111249C012658384F790148
:10258000D90195964D915D916D917C91989709A592
:102590001DA529A939ADC7010F94187EF70185A99A
:1025A0008E7F85AB80916F00826080936F000D9469
:1025B0004C88AE52B84F80E1E7E4F7E00D9487888D
:1025C00020917E0630917F064091800650918106D1
:1025D000A8966CAD7DAD8EAD9FADA8970D941D896D
:1025E00081E0808F0D94C38AA090AE06B090AF06B4
:1025F0000091B0061091B1064CC8C501B4010F940A
:1026000084B64B015C01C701B6010F9484B69B01EF
:10261000AC01C501B4010F94E3BC6B017C012296AF
:102620006CAD7DAD8EAD9FAD22970F9484B69B01AE
:10263000AC01C701B6010F94E3BC0F94B1C02EE604
:10264000229DF001239DF00D1124E658F84F65A757
:1026500076A787A790ABBBC82A962CAD3DAD4EADF3
:102660005FAD2A97232B242B252B09F40EC16091F3
:10267000A6067091A7068091A8069091A90629A5A3
:102680003AA54BA55CA50F9488B60F94C1BD0F94D5
:102690005BBE2B013C0180910C1890910D18A0910C
:1026A0000E18B0910F188DA79EA7AFA7B8AB20E06A
:1026B00030E0A901BC01CD010F946CBF18160CF0DD
:1026C000EDC020E030E0A90126966CAD7DAD8EAD69
:1026D0009FAD26970F946CBF87FDE0C022966CAD2E
:1026E0007DAD8EAD9FAD22979F7720E030E040E03A
:1026F0005FE30F94D8BD87FFD1C08EE6829D800135
:10270000839D100D11240A53184F81E0D8018C933A
:102710002091DA043091DB044091DC045091DD0417
:1027200069A17AA18BA19CA10F94E2BC69AB7AABA1
:102730008BAB9CAB2091DE043091DF044091E00430
:102740005091E1046DA17EA18FA198A50F94E2BCE8
:102750004B015C012091E2043091E3044091E404D8
:102760005091E504A8966CAD7DAD8EAD9FADA89758
:102770000F94E2BC6B017C0129A93AA94BA95CA981
:10278000CA01B9010F9488B669AB7AAB8BAB9CAB2D
:10279000A5019401C501B4010F9488B69B01AC0159
:1027A00069A97AA98BA99CA90F94E3BC4B015C0190
:1027B000A7019601C701B6010F9488B69B01AC0131
:1027C000C501B4010F94E3BC0F94B1C06B017C014F
:1027D0002091E6043091E7044091E8045091E90427
:1027E000AA96EEADFFADAA97608171818281938137
:1027F0000F94E2BCA70196010F94E2BD6A966CAFFC
:102800007DAF8EAF9FAF6A9720E030E040E450E4A8
:102810000F946CBF18160CF49EC020E030E0A901A4
:102820006A966CAD7DAD8EAD9FAD6A970F946CBF0F
:1028300018160CF042C06A962CAD3DAD4EAD5FADA2
:102840006A976DA57EA58FA598A90F9488B69B0160
:10285000AC016091C6067091C7068091C806909140
:10286000C9060F94E2BD29A53AA54BA55CA50F9416
:1028700088B60F94C1BD0F945BBE641575058605BF
:102880009705D8F42B013C0118C060913207709174
:1028900033078091340790913507F1CE8EE6829D03
:1028A000F001839DF00D1124EA53F84F10826A96CF
:1028B0001CAE1DAE1EAE1FAE6A9710E000E0A496DF
:1028C000EEADFFADA497E00FF11FE658F84FC080C2
:1028D000D180E280F380C114D104E104F104A1F1BC
:1028E000F801EB50F84E608171818281938164150B
:1028F00075058605970540F50F9447B629AD3AADA5
:102900004BAD5CAD0F9488B64B015C01C701B601BD
:102910000F9449B69B01AC01C501B4010F94E2BD0F
:102920006B017C01C301B2010F9447B69B01AC015E
:10293000C701B6010F94D8BD87FF06C0C701B60115
:102940000F945BBE2B013C010C5F1F4F0031110542
:1029500009F0B5CF01C9D8011C92AFCFC9A6DDA639
:10296000E9AAF9AE21E02DABB1C927962FAD279783
:102970002B963FAD2B972F964FAD2F9763965FAD5C
:1029800063976B966FAD6B976D967FAD6D97C80132
:102990000F94E2BDEC966CAF7DAF8EAF9FAFEC971E
:1029A0006B96EFAD6B97EDAF6D96FFAD6D97FDAB91
:1029B0000EAF23961FAF239704CAF7FAF094F7F8E7
:1029C000F094A5019401C701B6010F94D8BD87FF0B
:1029D00077CA7501640174CAC701B6010F94D8BDE6
:1029E00087FD09C020E030E0A901C501B4010F94C2
:1029F0006CBF18162CF4A5019401C701B6015CCA7E
:102A0000B7FAB094B7F8B094A7019601C501B40124
:102A10000F946CBF18160CF053CADBCF8EE6829D64
:102A2000F001839DF00D1124E658F84F85A98460CC
:102A300085ABA9A5ADAFBDA5BDABE9A9EEAFF9AD1D
:102A40002396FFAF2397BCCA81E030CB2091C60606
:102A50003091C7064091C8065091C906C701B6011A
:102A6000C1CB20E030E44CE156E4C701B6010F943D
:102A70006CBF1816D4F48EE6829D8001839D100DE4
:102A800011240658184F7801BDE4EB0EF11CA50186
:102A90009401C501B4010F94E3BC0F945BBEF70130
:102AA00071836083369682E0E2CB20E03FEF4FE710
:102AB00057E4C501B4010F94D8BD87FF19C08EE655
:102AC000829D8001839D100D11240953184FC5016B
:102AD000B4010F945BBED8016D937C938EE6829D0A
:102AE000F001839DF00D1124E353F84F81E0BFCB3B
:102AF0008EE6829DF001839DF00D1124E953F84F7D
:102B00008FEF9FEF91838083E9CFF60171A482A4B8
:102B100093A4E4A4272D382D492D5E2D65A176A11F
:102B200087A190A50F94D8BD882309F451C001FD59
:102B300044C0D50195962D903D904D905C9098970E
:102B4000A2019101672D782D892D9E2D0F94D8BD5E
:102B500018169CF5A2019101C201B1010F9488B62B
:102B60001B012C01F60161A972A983A994A99058AF
:102B70009B01AC010F94E3BCD6019D962D913D9134
:102B80004D915C91D0970F9488B69B01AC01C20126
:102B9000B1010F94E2BC0F94B1C02B015C019B0109
:102BA000AC01672D782D892D9E2D0F94D8BD87FD02
:102BB00004C0742C852C9A2CEB2C872D982DA92DD4
:102BC000BE2DF60185A396A3A7A3B0A7016005AB10
:102BD000111101C010E11150169DC00111245601C0
:102BE0009C012658384F69010BCC6C012FCC8FBF4C
:102BF0000D944C884F925F926F927F928F929F922A
:102C0000AF92BF92CF92DF92EF92FF92CF93DF937A
:102C1000CDB7DEB72C970FB6F894DEBF0FBECDBF91
:102C2000C0904F07D0905007E0905107F0905207A6
:102C300080914B0790914C07A0914D07B0914E07A2
:102C400040914707509148076091490770914A07A2
:102C50004D835E836F83788789839A83AB83BC833C
:102C6000BE016F5F7F4FCE0105960E94B84E4D802A
:102C70005E806F807884209176063091770640914F
:102C8000780650917906C301B2010F9488B60F946B
:102C900020C0609358077093590780935A07909308
:102CA0005B0789809A80AB80BC8020917A06309146
:102CB0007B0640917C0650917D06C501B4010F94BE
:102CC00088B60F9420C060935C0770935D07809373
:102CD0005E0790935F078091A513882309F48CC049
:102CE000A5019401C301B2010F94D1729B01AC0103
:102CF000C701B6010F94E3BC20917E0630917F0698
:102D000040918006509181060F9488B60F9420C0A0
:102D100060936007709361078093620790936307E5
:102D20008091530790915407A0915507B091560791
:102D300089879A87AB87BC8720918206309183066A
:102D40004091840650918506BC01CD010F9488B650
:102D50000F9420C0609364077093650780936607A3
:102D6000909367074092DA045092DB046092DC048F
:102D70007092DD048092DE049092DF04A092E00461
:102D8000B092E104C092E204D092E304E092E40441
:102D9000F092E50489859A85AB85BC858093E6042D
:102DA0009093E704A093E804B093E9040F943D6482
:102DB0001092C6041092C7041092C8041092C9045D
:102DC000EAECF4E080E1DF011D928A95E9F72C96A8
:102DD0000FB6F894DEBF0FBECDBFDF91CF91FF904D
:102DE000EF90DF90CF90BF90AF909F908F907F90AB
:102DF0006F905F904F90089520917E0630917F06EE
:102E00004091800650918106C701B6017DCF8F9217
:102E10009F92AF92BF92CF92DF92EF92FF920F9369
:102E20001F934B015C01E8E5F5E0E084F184028545
:102E3000138524813581468157816081718182812A
:102E400093811F921F921F921F92E4E6CE2EE5E01F
:102E5000DE2E0F94E5870F900F900F900F901F912B
:102E60000F91FF90EF90DF90CF90BF90AF909F9029
:102E70008F9008958F929F92AF92BF92CF92DF92E0
:102E8000EF92FF920F931F934B015C01E7E4F7E091
:102E9000E084F18402851385248135814681578140
:102EA00060817181828193811F921F921F921F9274
:102EB000E3E5CE2EE7E0DE2E0F94E5870F900F902E
:102EC0000F900F901F910F91FF90EF90DF90CF9098
:102ED000BF90AF909F908F9008954F925F926F92A6
:102EE0007F928F929F92AF92BF92CF92DF92EF929A
:102EF000FF92CF9380E00F945836609358077093F9
:102F0000590780935A0790935B0781E00F945836D6
:102F100060935C0770935D0780935E0790935F07F3
:102F200082E00F9458366093600770936107809336
:102F300062079093630783E00F94583660936407A9
:102F400070936507809366079093670780E00F94FE
:102F500066366093470770934807809349079093BC
:102F60004A0781E00F94663660934B0770934C07D5
:102F700080934D0790934E0782E00F9466366093DE
:102F80004F0770935007809351079093520783E047
:102F90000F946636609353077093540780935507D8
:102FA000909356078091A513882331F120914B0708
:102FB00030914C0740914D0750914E076091470763
:102FC000709148078091490790914A070F94D172F8
:102FD0009B01AC0160914F077091500780915107A0
:102FE000909152070F94E2BC60934F077093500783
:102FF0008093510790935207C091F017CC2309F4A6
:103000009AC0C0FF34C02091E8173091E917409171
:10301000EA175091EB17609147077091480780912C
:10302000490790914A070F94E2BC60934707709359
:1030300048078093490790934A072091EC173091F5
:10304000ED174091EE175091EF1760914B0770917B
:103050004C0780914D0790914E070F94E2BC60930E
:103060004B0770934C0780934D0790934E07C1FF19
:1030700062C08090470790904807A0904907B090A1
:103080004A07C0904B07D0904C07E0904D07F09056
:103090004E072091E0173091E1174091E2175091CF
:1030A000E317C501B4010F9488B62B013C012091B0
:1030B000E4173091E5174091E6175091E717C701E3
:1030C000B6010F9488B69B01AC01C301B2010F9405
:1030D000E3BC2B013C012091D8173091D9174091C6
:1030E000DA175091DB17C501B4010F9488B64B0174
:1030F0005C012091DC173091DD174091DE17509173
:10310000DF17C701B6010F9488B69B01AC01C5015A
:10311000B4010F94E3BC6093470770934807809312
:10312000490790934A0740924B0750924C07609290
:103130004D0770924E070E94F04C80E1E7E4F7E003
:10314000AAEDB4E001900D928A95E1F7CF91FF903E
:10315000EF90DF90CF90BF90AF909F908F907F9037
:103160006F905F904F90089580916F008D7F809356
:103170006F000F946D9781E08093610E80916F00D6
:103180008D7F80936F0090915A0E80915B0E9817FF
:1031900069F090915A0E80915B0E9817A1F380917F
:1031A0005B0E8F5F8F7080935B0EEDCF1092A70543
:1031B0001092A6058FEF9FEF9093F1048093F00497
:1031C0001092ED041092EC040F94D43680916F00AD
:1031D000826080936F001092C6041092C704109210
:1031E000C8041092C904EAECF4E080E1DF011D920A
:1031F0008A95E9F71092C5041092C40408951F92AD
:103200000F920FB60F9211240BB60F928F929F92CE
:10321000AF92BF92CF92DF92EF92FF920F931F93E4
:103220002F933F934F935F936F937F938F939F93CE
:10323000AF93BF93CF93DF93EF93FF93EC988EEE12
:103240009AE30E94175D85EA9FE00F94BBBB182F9D
:103250008111DEC20E94AB4C882309F4A9C30F94EC
:10326000E31C6B017C01C0915E0ECC2331F0C1E008
:1032700080916A02823009F4C0E0D0915D0ED111D4
:1032800002C0D0915C0E10924F02109205040E9471
:10329000DF6C179A10924407169A1092450764E162
:1032A00083E692E00E94C84C64E183E692E00E94CB
:1032B000D04C50E040E06091FE0482E00F94B817DB
:1032C00064E186E692E00E94C84C64E186E692E002
:1032D0000E94D04C50E040E06091FF0483E00F94E6
:1032E000B817C1111BC080915707811117C0809179
:1032F000700E8093B3058091720E9091730E90932F
:10330000B2058093B1058091E30383FB882780F9A0
:1033100080930B188091E5038093B0050F949D2254
:10332000C11104C00E94044A0E94BA490091A51329
:103330001092A5130F94B498C1111BC08091570728
:10334000811117C080E1E7E4F7E0ACE9B2E0019059
:103350000D928A95E1F7DD2361F080E090E0A0E82E
:10336000BFEB80939C0290939D02A0939E02B0932A
:103370009F028090A4029090A502A090A602B09017
:10338000A7020023D1F02091A0023091A102409128
:10339000A2025091A30260919C0270919D028091C3
:1033A0009E0290919F020F94D1729B01AC01C501C6
:1033B000B4010F94E2BC4B015C01B501A4018DE89E
:1033C0009FE00F94F1BB4091A8025091A902609137
:1033D000AA027091AB028EE69FE00F94F1BB609160
:1033E0000B18C1E06C2782E79FE00F94DFBB0E94BF
:1033F000DD6210927314C0935E0E1092610E789489
:1034000020E030E040E85FE360915307709154079B
:1034100080915507909156070F94E2BC6093530733
:1034200070935407809355079093560760E070E0BF
:103430008EEB92E40F943A970F947A36149A809117
:10344000FE04C0E0D1E002C0D695C7958A95E2F7A8
:1034500082E00F949E1760E074E0681B790B90E0A7
:1034600080E00F9447B64B015C01BE0190E080E024
:103470000F9447B620917E0630917F0640918006DA
:10348000509181060F9488B69B01AC01C501B4012F
:103490000F94E2BD2AE037ED43E25FE30F94E3BC13
:1034A00020914F073091500740915107509152079A
:1034B0000F94E3BC60934F077093500780935107BC
:1034C0009093520765E575E585E591E40F943A9789
:1034D0000F947A3640910718509108186091091896
:1034E00070910A1881E99FE00F94F1BBCEEADDE00C
:1034F00097E0B92E70E060E0002319F1812F6B2D69
:103500000F946ABCB89EF0011124E90FF11DEE0F73
:10351000FF1FEE0FFF1FEB55FC4E20E030E04AE7A7
:1035200054E461817281838194810F9488B620E094
:1035300030E040E05FE30F94E3BC0F948ABE0F9449
:1035400054BECE010F94FDBB1F5F2296113391F63E
:1035500040914F0750915007609151077091520769
:103560008AED9EE00F94F1BB40919C0250919D0228
:1035700060919E0270919F028DE99FE00F94F1BBD4
:103580004091A0025091A1026091A2027091A30209
:1035900081EA9FE00F94F1BB6091051870910618C5
:1035A00089E89FE00F94FDBB6091390270913A0267
:1035B00085E39DE00F94FDBB6091B1057091B2056C
:1035C00088ED9EE00F94FDBB6091B3058BE89FE012
:1035D0000F94DFBB6091B00588E89FE00F94DFBBDC
:1035E0004091BC025091BD026091BE027091BF0239
:1035F00088EE9EE00F94F1BB609195027091960267
:103600008EED9EE00F94FDBB4091A6065091A7065B
:103610006091A8067091A90681E19DE00F94F1BB2D
:103620004091AA065091AB066091AC067091AD0630
:103630008DE09DE00F94F1BB40913207509133072C
:10364000609134077091350789E09DE00F94F1BBDC
:1036500040E150E067E37DE08CEA92E00F94CFBB5D
:1036600060911018709111188CE69FE00F94FDBBCB
:1036700060916A028CE89FE00F94DFBB40910C18C8
:1036800050910D1860910E1870910F188CE29DE00A
:103690000F94F1BB60916B0270916C028DE79CE01E
:1036A0000F94FDBB40E150E06DE67CE086E996E0DA
:1036B0000F94CFBB40E150E06DE57CE08EE197E0F8
:1036C0000F94CFBB40E150E06DE47CE086E896E0EB
:1036D0000F94CFBB40E150E06DE37CE08EE097E0DB
:1036E0000F94CFBB4091AE065091AF066091B006EB
:1036F0007091B10689E39CE00F94F1BB4091B20652
:103700005091B3066091B4067091B50685E39CE0D4
:103710000F94F1BB4091B6065091B7066091B80680
:103720007091B90681E39CE00F94F1BB40E150E059
:1037300061E27CE08AEB96E00F94CFBB8091E203DC
:10374000882329F061E08FE79CE00F94DFBB61E004
:1037500085EA9FE00F94DFBB84E69FE00E94C85992
:103760008FEF9EE00E94BB590F94E31CDC01CB015C
:103770008C199D09AE09BF09BF93AF939F938F9397
:1037800082E091E79F938F930F947DBA9FB7F8944F
:10379000809102018460809302019FBF15980F9071
:1037A0000F900F900F900F900F9020E030E04FEFB0
:1037B00052E46091470770914807809149079091C2
:1037C0004A070F94D8BD87FD1FC080E090E0AFE7A7
:1037D000B3E48093470790934807A0934907B093B9
:1037E0004A0760E070E08AEF93E40F943A970F94F1
:1037F0007A3688E19EE00FB6F894A8958093600031
:103800000FBE90936000FFCF80E090E0DC01E1CF3D
:103810000F94E31C6B017C01179A10924407169ACF
:1038200010924507149A64E183E692E00E94C84C26
:1038300064E183E692E00E94D04C50E040E0609169
:10384000FE0482E00F94B8170F949D221092A513E6
:103850000F94B49880904F0790905007A090510714
:10386000B09052078AED9EE00F94C3BB9B01AC0160
:10387000C501B4010F94E2BC4B015C01E894B7F8B8
:1038800020917E0630917F064091800650918106FE
:1038900060E070E080E89FE30F94E2BD9B01AC0123
:1038A000C501B4010F946CBF87FD61C00E94DD6249
:1038B0001092731481E080935E0E1092610E7894E2
:1038C0008091FE04C0E0D1E002C0D695C7958A95EC
:1038D000E2F782E00F949E1760E074E0681B790BBA
:1038E00090E080E00F9447B64B015C01BE0190E090
:1038F00080E00F9447B620917E0630917F0640917C
:103900008006509181060F9488B69B01AC01C501D9
:10391000B4010F94E2BD2AE037ED43E25EE30F9479
:10392000E3BC20914F0730915007409151075091CF
:1039300052070F94E3BC60934F0770935007809336
:1039400051079093520765E575E585E591E40F947D
:103950003A970F947A3640914F07509150076091F3
:103960005107709152078AED9EE00F94F1BB62E01F
:1039700085EA9FE00F94DFBB84E69FE00E94C85970
:103980008FEF9EE00E94BB590F94E31CDC01CB013A
:103990008C199D09AE09BF09BF93AF939F938F9375
:1039A00081E191E79F938F930F947DBA0F94E18605
:1039B000FF91EF91DF91CF91BF91AF919F918F9147
:1039C0007F916F915F914F913F912F911F910F9137
:1039D000FF90EF90DF90CF90BF90AF909F908F902F
:1039E0000F900BBE0F900FBE0F901F90189584B1D3
:1039F000817F84B984B1876084B985B1817F85B9BD
:103A0000289A80E58CBD1DBC08952F923F924F925D
:103A10005F926F927F928F929F92AF92BF92CF925E
:103A2000DF92EF92FF920F931F93CF93DF93CDB767
:103A3000DEB7C650D1400FB6F894DEBF0FBECDBF83
:103A40008091FC1F9091FD1FA091FE1FB091FF1F60
:103A50008A3A9545AA4AB54521F48091FB1F87FD16
:103A6000C2C1A895D09025058091C00087FF04C0F1
:103A7000A8958091C600F8CF1092250500919F046B
:103A80001091A00410939E0400939D045CEEE52E1B
:103A900052E7F52E62EFA62E62E7B62EF70184916B
:103AA0000F94DB7DFFEFEF1AFF0AAE14BF04B1F7EE
:103AB000A8958FE090E02BEE32E740E854E86EE105
:103AC00070E0E0919D04F0919E04E017F10719F574
:103AD000A895415051096109710999F7D0922505BE
:103AE00080E0CA5FDE4F0FB6F894DEBF0FBECDBFD9
:103AF000DF91CF911F910F91FF90EF90DF90CF90CA
:103B0000BF90AF909F908F907F906F905F904F90FD
:103B10003F902F900895F801E35EFB4F40810F5FC7
:103B20001F4F0F771127F901E81BF90BE4914E1392
:103B3000D5CFA895019709F0C0CF8091C1008F77AC
:103B40008093C1000EEC12E7F80184910F94DB7DA5
:103B50000F5F1F4FF2E70B3D1F07B1F70F94F79C64
:103B60000E9486C80FB6F894A8958091600088617D
:103B700080936000109260000FBE0E94C85348EA14
:103B800052E761E080E00E94A9531092FC1F10925E
:103B9000FD1F1092FE1F1092FF1FCB5FDE4F188299
:103BA000C550D14010E000E0F12CAE014F5F5F4FF7
:103BB0003A010F94E27D8134A9F40F94E27DE82E5E
:103BC0000F947A8052E882E0E51621F081E8E8124D
:103BD00007C086E00F94DB7D80E10F94DB7DE9CFA9
:103BE00083E0F8CF823421F484E10F948680F4CF0F
:103BF000853411F485E0F9CF8535C9F40F94E27D61
:103C0000082F0F94E27D082B10E00F94E27D182B13
:103C10000F94E27D182B17FF07C06894F0F8000F8F
:103C2000111F0F947A80D8CFE894F0F8F8CF86353A
:103C3000A1F40F94E27D8D3471F40F94E27D0F9422
:103C4000E27D9F2D9170F92E880FF82A81E00F9464
:103C5000868080E0BFCF83E0FACF843609F077C05A
:103C60000F94E27DB82E0F94E27DC82E0F94E27D72
:103C7000E82E0F94E27DD12CDC2CCC24DB288E297D
:103C8000C82A0F94E27D582EFE0131965F0146014D
:103C90008E0E9F1EEE2ECA5FDE4FB882C650D140F8
:103CA0000F94E27DF50181935F018E169F06C1F7A7
:103CB0000F947A80F5E45F1201C0FFCF1801512CF8
:103CC0004F2C0115110561F54201AA24BB24CB5FDD
:103CD000DE4F2881C550D140822F90E0082C02C0D1
:103CE000959587950A94E2F780FD1AC00E9413C744
:103CF0000E94AFC7B201A80188ED0E9431C781E0E0
:103D000090E001C0880F8A94EAF7CB5FDE4F4881CC
:103D1000C550D140482BCB5FDE4F4883C550D140C2
:103D20000E9413C70E94AFC796014E2DCA5FDE4F97
:103D30005881C650D140C201B1010E9436C70E94CD
:103D400013C7459884E00E940DC7459A45CF843734
:103D500081F5B12CAF2C0F94E27DD82E0F94E27D2B
:103D6000C82E0F94E27DE82E0F94E27D2C2D30E0DA
:103D7000322F2227F901FD296F018E29C82A0F94BD
:103D8000E27D0F947A800E9413C79601A301C501BA
:103D9000B8010E9456C75301C501861997098C15B1
:103DA0009D0508F019CFF50181915F010F94DB7D2E
:103DB000F3CF853751F40F947A808EE10F94DB7D39
:103DC00088E90F94DB7D81E005CF813509F029CFAB
:103DD000F8E128E00FB6F894A895F09360000FBEC4
:103DE000209360001ECF81E07CCE81E00C94A25431
:103DF0000F931F93CF938C01C62F80E00E94A25493
:103E00000E94C853A80161E080E00E94A95380E2AB
:103E10000E940C556C2F70E06F5F7F4F072E000CD7
:103E2000880B990BCF911F910F910C94165682ED30
:103E30009EE00E94C85983ED9EE00C94BB5941E07E
:103E400080917313811101C040E0405D62E083E026
:103E50000E94B5530E94ACC840E3480F62E088E07E
:103E60000E94B55362E08AE00E9495530F941715A3
:103E700062E080E10E94955320E030E040E05FE3A3
:103E80006091650E7091660E8091670E9091680E3C
:103E90000F94E3BC0F9454BE7F936F9386E991E730
:103EA0009F938F930E946E530F900F900F900F90DF
:103EB00008958A3020F0803120F4895A0895805D79
:103EC000089580E008950F931F93CF93DF93082FF9
:103ED000EB0190E024E0959587952A95E1F711E0B4
:103EE000009721F00F94599F899312E0802F8F70D3
:103EF0000F94599F8883812FDF91CF911F910F914C
:103F00000895803330F08A3330F09FE9980F96306F
:103F100020F080E008958053089587550895CF9349
:103F2000DF93EC01688180E00F94EE7D69810F944E
:103F3000EE7D6A81CB810F94EE7D6C2FDF91CF9166
:103F40000D94EE7DCF93DF93EC010F948F9F6D81E5
:103F50000F94EE7D6E81CF810F94EE7D6C2FDF91FB
:103F6000CF910D94EE7DCF93DF93EC01688349836D
:103F70001B821A820F948F9F8C83DF91CF910895BB
:103F80009FB7F894E5E0F1E080818F7D80839FBF4B
:103F90008FE891E00197F1F700C000009FB7F89417
:103FA0008081806280839FBF0895149A0895CF9284
:103FB000DF92EF92FF92CF93DF9369017A01C7E41A
:103FC000D7E09B01AC016C857D858E859F850F9424
:103FD000E3BC6C877D878E879F87C701B601DF9121
:103FE000CF91FF90EF90DF90CF900D943A970F9480
:103FF0003A970D947A36CF93DF93EC0183EB98E6F2
:104000000E94F05A80E991E70E94F05ACE01DF91B8
:10401000CF910C94175D0C94ACC8893220E89207BC
:1040200009F497C008F048C0863060E8960709F4A4
:104030009AC030F5833040E8940709F480C0A8F4B2
:10404000813020E8920709F417C1823040E89407D4
:1040500009F473C09C0186FF8EC02227327C211593
:10406000324C09F09EC08EE10895843060E89607D6
:1040700009F467C0853020E8920761F784E208956B
:104080008A3040E8940709F45EC058F4883020E88C
:10409000920709F46EC0893040E89407D9F685E0AC
:1040A00008958C3060E8960709F451C08D3020E8FF
:1040B000920781F681E208958F3240E8940709F46F
:1040C00056C0E0F48C3220E8920709F44EC058F450
:1040D0008A3260E89607C9F18B3220E8920709F02E
:1040E000B9CF86E208958D3240E89407D1F18E323F
:1040F00060E8960709F0AECF82E20895873820E89D
:10410000920749F158F4873460E8960729F08B3418
:1041100020E8920709F09ECF84E00895873041E8B7
:104120009407D9F08B3061E89607C9F08B3820E806
:10413000920709F08FCF89E0089581E0089582E029
:10414000089583E0089586E0089587E008958AE25F
:1041500008958BE2089588E008958AE008958BE041
:10416000089583E2089585E2089587E2089588E23C
:10417000089589E2089587FF07C02227327C211520
:10418000324CA1F58FE108952227317090FF52C083
:10419000AC014427527C4115524C09F04BC080E2DF
:1041A00008959C0122273278232B09F067C09C01D7
:1041B00022273478232B09F063C09C01222738780A
:1041C000232B09F05FC09C0122273079232B09F0B3
:1041D0005BC09C012227307A232B09F057C0882727
:1041E000907C892B09F468C08FE008959C012227F8
:1041F0003278232B09F04CC09C0122273478232BE2
:1042000009F048C09C0122273878232B09F044C0CC
:104210009C0122273079232B09F040C09C012227E2
:10422000307A232BE9F58827907C892B09F444C048
:1042300080E10895232B09F43FC09C0122273278A6
:10424000232B81F59C0122273478232B69F59C01CF
:1042500022273878232B51F59C0122273079232BF4
:1042600039F59C012227307A232B21F58827907C71
:10427000892B11F181E1089580E0089582E108958C
:1042800085E1089588E108958BE108958CE0089513
:1042900083E1089586E1089589E108958CE1089508
:1042A0008DE0089584E1089587E108958AE10895F5
:1042B0008DE108958EE008958CE20895FF920F93AA
:1042C0001F93CF93DF9320916E1330916F132130A2
:1042D000310539F420919713213019F422E020930D
:1042E000D7170F940DA0D82F8091D717813009F4DC
:1042F00057C048F0823009F4E5C0DF91CF911F919B
:104300000F91FF90089584E0809397020D2F10E0A5
:10431000F801E650FE48C491FC2EF2944FE0F422DE
:10432000CF7080E00E94A2540E94C853000F111F5A
:10433000F801E95DFD482591349104591949F801C6
:10434000859194913F932F939F938F9383E992E765
:104350009F938F930E946E5344EE56E662E080E096
:104360000E94A9530F900F900F900F900F900F90F5
:10437000F110BCC010E000E022E146EA50E7EC2F6B
:10438000F0E0EE0FFF1FE158FD486591749181E068
:10439000F11001C080E00F94C11281E08093D71723
:1043A00081E0809378070F941F9F0F9464470D2F2F
:1043B00010E0F801E650FE48C491DC2FD295DF7082
:1043C0008091CF17811109C081E0D11101C080E037
:1043D0008093CE1781E08093CF178091CD178823EB
:1043E00041F081E0D11101C080E08093CE1710929E
:1043F000CD1720913B0530913C0521153105B9F1D0
:104400008091CE17DD2361F037FF06C0882369F065
:1044100081508093CE1709C0823039F08F5FF9CF79
:1044200037FF3FC081111092CE178091CE174EE317
:10443000811140E263E080E00E94B5538091CE1785
:10444000DD23A1F14EE3813009F040E263E089E031
:104450000E94B5538091CE17823051F54EE363E050
:1044600082E10E94B55310923C0510923B050E94D8
:10447000DF56882309F441CF8091CE17D1111AC09D
:10448000813079F5F801EE0FFF1FE056FE48859167
:1044900094910F94951381E08093CD171092D717C4
:1044A0002CCF813009F4C1CF81E0B3CF8130B1F29C
:1044B00040E2D5CF823031F3813099F4D093630E4E
:1044C0008093CD1781E00E94A2540F944411109262
:1044D0007005109273051092780782E0809397021E
:1044E000DDCFCF70C093630E81E0EACFEF2DF0E017
:1044F000EE0FFF1FE158FD484591549106EA10E781
:1045000029E03DCF0F940DA0E82FF0E0EE0FFF1F44
:10451000E95DFD4825913491233381E0380708F0A7
:1045200041C02D3281E0380778F52E37310509F486
:1045300083C0F0F42C36310509F485C030F42536FB
:10454000310508F079C08FEF08952437310509F45B
:1045500073C02D37310519F023373105A1F780914C
:10456000630E813009F46DC0873069F788E00895E3
:10457000233D310509F46EC050F4293C310509F49E
:1045800069C02A3C3105F9F68091630E67C02D3D64
:10459000310509F45FC02E3D3105B1F3243D3105ED
:1045A00091F6F2CF253F81E0380709F45CC0F8F4BA
:1045B000263481E0380758F4213481E0380720F7A9
:1045C000275331402530310508F0BDCFDDCF2159CB
:1045D00031402230310508F0B6CF8091630E833030
:1045E00009F43FC0893009F0AECF87E00895293F34
:1045F00081E0380749F270F4273F81E0380721F263
:1046000060F78091630E833061F1883009F09BCFB1
:1046100086E008952B3F81E03807A9F068F02C3F31
:10462000314009F090CF8091630E853089F086305B
:1046300009F089CF85E008958091630E813009F0FB
:1046400082CF81E008958091630E8230D1F37BCFD9
:1046500084E008958091630E823061F0833009F028
:1046600072CF83E008958091630E823029F0843008
:1046700009F069CF82E0089580E00895CF93DF9339
:10468000EC016091650E7091660E8091670E9091BD
:10469000680E0F9454BE2091720E3091730EC901B2
:1046A000861B970B069724F0CE010E943370E9CF4A
:1046B000DF91CF910895CF93DF9300D000D01F9268
:1046C000CDB7DEB7873050F5673040F597E0E7ECBF
:1046D000F2E0DE01119601900D929A95E1F746E025
:1046E00050E0FA01E61BF10921E030E02C0F3D1FFC
:1046F000E20FF31F208130E0481B5109C90102C0BD
:10470000959587954A95E2F7817027960FB6F894AC
:10471000DEBF0FBECDBFDF91CF91089580E0F5CF12
:1047200010926F0510926E0580E10E94D3DC882301
:1047300091F00E941B5D81EA9DE00F94BBBB2BE0D2
:10474000829FC0011124805B924F0F94C9BB90934C
:104750006F0580936E0508950F931F93CF93DF939A
:1047600000D01F92CDB7DEB79B01AC0107E417E084
:10477000F801608571858285938569837A838B834F
:104780009C830F94E2BCF8016087718782879387CE
:1047900065E575E585E591E40F943A970F947A36CF
:1047A00089819A81AB81BC81F80180879187A2873A
:1047B000B387CE0101960F94BE870F900F900F9094
:1047C0000F90DF91CF911F910F91089560916E0529
:1047D00070916F05072E000C880B990B0F9449B64A
:1047E00020917E0630917F0640918006509181068F
:1047F0000F94E2BD0F94ACA310926F0510926E055A
:104800000895CF93DF930E948D4BC7E4D7E080E0FB
:1048100090E0A0EAB0E488879987AA87BB8765E51E
:1048200075E585E591E40F94F79F8DEC9CECACE485
:10483000BEE388839983AA83BB8383E393E3A3E7DF
:10484000B0EC8C839D83AE83BF836BE477E0CE01B5
:104850000E94604F60E070E086E193E40F94F79F60
:104860008AE999E9A9E1BEE388879987AA87BB8786
:1048700065E575E585E591E4DF91CF910D94F79FAE
:10488000682F70E090E080E00F9447B620E030E0C1
:1048900048E052E40F9488B620E030E040E85FE35F
:1048A0000F94E3BC08952F923F924F925F926F92C4
:1048B0007F928F929F92AF92BF92CF92DF92EF92B0
:1048C000FF920F931F93CF93DF9300D000D0CDB70B
:1048D000DEB784E00F940119809190028C831092CE
:1048E000900280E00F94A6418B830E948D4B8BEB4E
:1048F00095E30F94121342EA50E763E080E00E94D0
:10490000A95381E08093900280E090E0A0EAB0E4B7
:1049100080934F0790935007A0935107B09352078D
:1049200065E575E585E591E40F94F79F0E94C95D03
:104930001092900280E090E0A0E8BFE380934707E8
:1049400090934807A0934907B0934A0780934B0779
:1049500090934C07A0934D07B0934E076BE477E01C
:1049600087E497E00E94604F60E070E088E492E4A2
:104970000F94F79F0E94F04C50E040E061E082E02D
:104980000E94015E43E060E070E080E291EC0F94F1
:10499000A768811104C082E090E70E94A25D809127
:1049A0004F0790915007A0915107B0915207809303
:1049B000A6139093A713A093A813B093A913E2E0B2
:1049C000F0E0FA83E983C12CD12C30EAE32E30E405
:1049D000F32E43E0B42E52E0952E0DE910E767E088
:1049E000A62E0E948D4BC0924F07D0925007E092A6
:1049F0005107F092520765E575E585E591E40F945E
:104A0000F79F29812150822F6B2D0F946ABC892E2C
:104A1000822F0F9476BC782E80FF03C0F92DF819F1
:104A20008F2E882D880F880D0F9440A46093470720
:104A3000709348078093490790934A07872D880F02
:104A4000870D0F9440A460934B0770934C0780939D
:104A50004D0790934E076BE477E087E497E00E9460
:104A6000604F60E070E088E492E40F94F79F63E0A9
:104A700080E00E9495538A818F9399819F931F9321
:104A80000F930E946E5343E060E070E080E291EC8F
:104A90000F94A768582E0F900F900F900F908823B7
:104AA00009F479CFA79CF0011124E80DF11DEE0F58
:104AB000FF1FEE0FFF1FEB55FC4E80914F079091AB
:104AC0005007A0915107B091520781839283A3832D
:104AD000B483E981FA813196FA83E9833A9709F040
:104AE00080CF6090A6137090A7138090A813909029
:104AF000A913462CA72CB82C292C1E821D8205EA4E
:104B000013E18D819E818A559C4E9A83898393E01F
:104B1000392EE981FA81C190D190E190F190FA8328
:104B2000E9839301A401C701B6010F946CBF181665
:104B300014F036014701242D3A2D4B2D522DC7017B
:104B4000B6010F94D8BD87FD04C04C2CAD2CBE2CF3
:104B50002F2C3A943110DDCF8D819E814C969E830F
:104B60008D838435910559F69301A401642D7A2D26
:104B70008B2D922D0F94E2BC20E030E040E450E415
:104B80000F946CBF18163CF580E890E70E94175D03
:104B9000512CFC81F09390028B810F94A6410F94CD
:104BA000D218852D26960FB6F894DEBF0FBECDBF66
:104BB000DF91CF911F910F91FF90EF90DF90CF90F9
:104BC000BF90AF909F908F907F906F905F904F902D
:104BD0003F902F900895198285ECE82E8FE0F82EF3
:104BE00068011D829D81911103C0E981EE2329F1A5
:104BF0002091A6133091A7134091A8135091A913A7
:104C0000F60161817281838194810F94E2BC20E07E
:104C100030E048EC52E40F9488B620E030E040E009
:104C20005FE30F94E3BC0F948ABE0F9454BEC70198
:104C30000F94FDBBF2E0EF0EF11C84E0C80ED11C16
:104C40009D819F5F9D83933069F6045E1F4FE981CC
:104C5000EF5FE983E33021F60F949D680F9401A480
:104C600098CF82E00F94663660934F077093500799
:104C700080935107909352078FE497E00D94BE877D
:104C80004F925F926F927F928F929F92AF92BF925C
:104C9000CF92DF92EF92FF920F931F93CF93DF9308
:104CA00007E417E0C8EED7E1288139814A815B81AA
:104CB000F80160817181828193810F94E2BC4B0184
:104CC0005C012C813D814E815F81F8016481758199
:104CD000868197810F94E2BC6B017C01C8EDD7E11E
:104CE000288139814A815B81C501B4010F9488B65E
:104CF0002B013C012C813D814E815F81C701B601B2
:104D00000F9488B69B01AC01C301B2010F94E3BCC0
:104D1000F8016083718382839383288539854A856E
:104D20005B85C501B4010F9488B64B015C012C85ED
:104D30003D854E855F85C701B6010F9488B69B01FE
:104D4000AC01C501B4010F94E3BCF8016483758321
:104D500086839783DF91CF911F910F91FF90EF9002
:104D6000DF90CF90BF90AF909F908F907F906F908B
:104D70005F904F9008954F925F926F927F928F92C3
:104D80009F92AF92BF92CF92DF92EF92FF920F93DA
:104D90001F93CF93DF9300D000D01F921F92CDB707
:104DA000DEB7DC01CD90DD90ED90FC901397C092C2
:104DB000BD17D092BE17E092BF17F092C01714969D
:104DC0000D911D912D913C91179709831A832B8387
:104DD0003C830093C5171093C6172093C7173093D1
:104DE000C817DB010D911D912D913C9113970D83F7
:104DF0001E832F8338870093C1171093C217209307
:104E0000C3173093C41714964D905D906D907C90AD
:104E100017974092C9175092CA176092CB17709299
:104E2000CC17FA0160817181828193816093E817C8
:104E30007093E9178093EA179093EB17848095801D
:104E4000A680B7808092EC179092ED17A092EE1793
:104E5000B092EF1720E030E0A9010F94D8BD811186
:104E6000AAC020E030E0A901C501B4010F94D8BD6B
:104E70008111A1C01092F01720E030E040E85FE31C
:104E8000C701B6010F94D8BD811121C020E030E0E8
:104E9000A9016D817E818F8198850F94D8BD811184
:104EA00016C020E030E0A90169817A818B819C8164
:104EB0000F94D8BD81110BC020E030E040E85FE3E3
:104EC000C301B2010F94D8BD882309F478C0809142
:104ED000F01782608093F017A3019201C701B60119
:104EE0000F9488B64B015C012D813E814F8158851E
:104EF00069817A818B819C810F9488B69B01AC017A
:104F0000C501B4010F94E2BC4B015C01AC019B01F3
:104F1000C301B2010F94E2BD6093D8177093D91703
:104F20008093DA179093DB176D817E818F8198854E
:104F30009058A50194010F94E2BD6093DC17709323
:104F4000DD178093DE179093DF1769817A818B815B
:104F50009C819058A50194010F94E2BD6093E017E5
:104F60007093E1178093E2179093E317A5019401E2
:104F7000C701B6010F94E2BD6093E4177093E51783
:104F80008093E6179093E71728960FB6F894DEBF44
:104F90000FBECDBFDF91CF911F910F91FF90EF908A
:104FA000DF90CF90BF90AF909F908F907F906F9049
:104FB0005F904F90089581E08093F0175DCF80E07F
:104FC00090E0A0E8BFE38093D8179093D917A093FF
:104FD000DA17B093DB171092DC171092DD171092DE
:104FE000DE171092DF171092E0171092E11710925F
:104FF000E2171092E3178093E4179093E517A093BC
:10500000E617B093E717C0CFCF93DF93CDB7DEB7E6
:1050100068970FB6F894DEBF0FBECDBF80E090E07A
:10502000A0E8BFE389839A83AB83BC831D821E8281
:105030001F82188619861A861B861C868D879E8776
:10504000AF87B88B198A1A8A1B8A1C8A1D8A1E8A06
:105050001F8A188EAE014F5E5F4FBE01675F7F4FA4
:10506000CE0101960F94BBA668960FB6F894DEBFEA
:105070000FBECDBFDF91CF9108958091F0178823A7
:10508000D1F00F9404A80F947A3680E00F9466361E
:1050900060934707709348078093490790934A07A6
:1050A00081E00F94663660934B0770934C078093B2
:1050B0004D0790934E0708954FEF5FEFBA0185EECD
:1050C0009FE00F94F1BB4FEF5FEFBA0189EE9FE0D5
:1050D0000F94F1BB4FEF5FEFBA018DED9FE00F949E
:1050E000F1BB4FEF5FEFBA0181EE9FE00F94F1BB90
:1050F0004FEF5FEFBA0185ED9FE00F94F1BB4FEFEB
:105100005FEFBA0189ED9FE00F94F1BB4FEF5FEFC6
:10511000BA0185EC9FE00F94F1BB4FEF5FEFBA014E
:1051200089EC9FE00F94F1BB4FEF5FEFBA018DEC7C
:105130009FE00F94F1BB4FEF5FEFBA0181ED9FE06D
:105140000D94F1BB4F925F926F927F928F929F92DC
:10515000AF92BF92CF92DF92EF92FF921F93CF93C5
:10516000DF93CDB7DEB7A8970FB6F894DEBF0FBEBA
:10517000CDBF48E050E06DED7FE0CE0101960F9489
:10518000ABBB48E050E065ED7FE0CE0109960F949F
:10519000ABBB48E050E065EE7FE0CE0141960F9456
:1051A000ABBB89899A89AB89BC8989A39AA3ABA334
:1051B000BCA38F3F9F4FAF4FBF4F09F4B1C08D8944
:1051C0009E89AF89B88D8DA39EA3AFA3B8A78F3F4B
:1051D0009F4FAF4FBF4F09F4A3C089809A80AB8027
:1051E000BC808FEF88169806A806B80609F498C008
:1051F0008D819E81AF81B885898F9A8FAB8FBC8F4F
:105200008F3F9F4FAF4FBF4F09F48AC0C984DA84E4
:10521000EB84FC848FEFC816D806E806F80609F47C
:105220007FC08D859E85AF85B8898D8F9E8FAF8F0E
:10523000B8A38F3F9F4FAF4FBF4F09F471C0298D67
:105240003A8D4B8D5C8DC501B4010F947FBF2B014E
:105250003C0126E636E646E65FE30F94D8BD11E052
:1052600087FD0BC02DEC3CEC4CE85FE3C301B201C1
:105270000F946CBF18160CF010E02D8D3E8D4F8DE5
:1052800058A1C701B6010F947FBF2B013C0126E650
:1052900036E646E65FE30F94D8BD87FD7FC02DEC70
:1052A0003CEC4CE85FE3C301B2010F946CBF1816ED
:1052B0000CF474C02DA13EA14FA158A569A17AA1FB
:1052C0008BA19CA10F947FBF20E030E040E751E428
:1052D0000F946CBF18160CF411E0A5019401C701DE
:1052E000B6010F9488B66B017C012D8D3E8D4F8DDC
:1052F00058A1698D7A8D8B8D9C8D0F9488B69B01FA
:10530000AC01C701B6010F94E3BC9F772DEC3CECD8
:105310004CEC5DE30F946CBF181614F01123F1F000
:105320000F945CA880E090E0A0E8BFE389839A83B3
:10533000AB83BC831D821E821F82188619861A8643
:105340001B861C868D879E87AF87B88B198A1A8A21
:105350001B8A1C8A1D8A1E8A1F8A188EAE014F5E08
:105360005F4FBE01675F7F4FCE0101960F94BBA6D2
:10537000A8960FB6F894DEBF0FBECDBFDF91CF91D8
:105380001F91FF90EF90DF90CF90BF90AF909F90D4
:105390008F907F906F905F904F90089511E08ACF2B
:1053A000CF9324E1AC01249FC001259F900D1124CF
:1053B0006091BB177091BC170F9484BCC62F6531E8
:1053C00008F0C4E18091BA178C1748F48FEF0E945F
:1053D0000C558091BA178F5F8093BA17F3CFCF9196
:1053E000089581E090E09093BC178093BB170F94D1
:1053F000D0A96CE271E080E090E00D94F61A0F9372
:105400001F93CF93DF938C01EB010E94C85310923E
:10541000BA171093BC170093BB1761E080E00E949D
:10542000955364E1CE010E94565662E080E0DF9120
:10543000CF911F910F910C94955380911C059091E1
:105440001B0589130BC090911A05992339F02091FF
:105450003B0530913C058217130639F081E09091AD
:10546000D503911103C080E0089581E008950F9362
:105470001F93CF93DF938C01EB018EE291E39F9317
:105480008F9385E790E79F938F93DF936F930F94AC
:10549000D2BAC80FD11D47E050E0B801CE010F9439
:1054A000ABBB1F820F900F900F900F900F900F903B
:1054B000DF91CF911F910F91089520911C0580914C
:1054C0003B0590913C052817190611F080E20895DC
:1054D0008EE308950F931F93CF93C82F8B010F94E2
:1054E0005DAA482F6091190580E00E94B55362E1E2
:1054F000C8010E9456568C2FCF911F910F910C948A
:10550000845382E080936D0280911C058F5F8093AD
:105510001C0584E08093190510921B0510921A0552
:105520000895CF93DF9330911C0520911B05321312
:1055300020C0EB01BC0180916D02882319F080E24C
:105540000F946AAA80911A05882399F020911C056E
:1055500080913B0590913C052817190651F420973E
:1055600021F061E0CE010E94F16ADF91CF910D94AC
:1055700081AA80911C058F5F80931C05DF91CF91DC
:105580000895EF92FF920F931F93CF93DF93709143
:105590001C0530911B0573133FC0122FEA01062F23
:1055A0007C0180916D028823D1F00F945DAA482F71
:1055B0006091190580E00E94B55361E1C7010E9426
:1055C0005656402F6091190593E1981B892F0E9430
:1055D000B55340E26091190583E10E94B553809173
:1055E0001A058823C9F020911C0580913B059091F4
:1055F0003C052817190681F410926E02812FFE01D6
:10560000199581E080936E02DF91CF911F910F91E8
:10561000FF90EF900D9481AA80911C058F5F80937D
:105620001C05DF91CF911F910F91FF90EF9008958E
:10563000CF93DF9330911C0520911B05321321C0BD
:10564000EB01BC0180916D02882319F080E20F9478
:105650006AAA80911A058823A1F020911C058091E7
:105660003B0590913C052817190659F410926E02DB
:10567000FE01199581E080936E02DF91CF910D9428
:1056800081AA80911C058F5F80931C05DF91CF91CB
:10569000089580911905843038F580911C0590E0BB
:1056A00020913B0530913C052817390744F00197BC
:1056B00090933C0580933B0587E00F94CB4180910C
:1056C0003B052091A40330E02D5F3F4F8217130666
:1056D00059F054F09DEF980F9093A4038450809359
:1056E0001B058FEF80931905089580913B059091DC
:1056F0003C0597FF07C010923C0510923B0587E0E0
:105700000F94CB4180913B0590913C052091A403DF
:105710002817190619F014F08093A4038091A403AC
:1057200080931B050E94DF5680931A050895E8EACE
:10573000F3E080E2DF011D928A95E9F70895CF93A7
:105740003FB7F894E0916E0EF0916F0EE817F907ED
:10575000C9F0C42F90936F0E80936E0E70933C052A
:1057600060933B051092A40382E080936D023FBFDB
:10577000222319F080E00F94CB41CC2321F0CF916C
:105780000D9497AB3FBFCF9108957F928F929F92D8
:10579000AF92BF92CF92DF92EF92FF920F931F933F
:1057A000CF93DF93E0911C0550911B05E51373C067
:1057B000FB01483009F06CC0C081D0E04901742E73
:1057C0006B015C0180916D02882359F0609119058D
:1057D00080E00E9495530F945DAAAE01B5010F942D
:1057E0008F8080911A05882309F455C090911C057B
:1057F00020913B0530913C059217130609F04BC0F0
:105800008091F7038730D8F4282F30E0F901EE0FAC
:10581000FF1FE20FF31FEB55F84E20916E0E3091F3
:105820006F0E318320838F5F8093F703928320E094
:1058300040E070E060E08FE292E00F949FABB092A6
:10584000A903A092A803D092AC03C092AB037092BC
:10585000AA03D093AE03C093AD039092B00380929D
:10586000AF031093B2030093B103F092B403E0923C
:10587000B303DF91CF911F910F91FF90EF90DF90D5
:10588000CF90BF90AF909F908F907F900D9481AA02
:10589000C081D18193CF80911C058F5F80931C05BF
:1058A000DF91CF911F910F91FF90EF90DF90CF90FC
:1058B000BF90AF909F908F907F90089580916D02E0
:1058C000882309F452C02091B3033091B40380912E
:1058D000AF039091B00321153105D9F040913B05FC
:1058E00050913C0541155105A1F07CF04091AD036C
:1058F0005091AE034817590741F43093AE032093FB
:10590000AD0310923C0510923B051092B403109227
:10591000B3032091AD033091AE0340913B0550910C
:105920003C05240F351F10923C0510923B052817AB
:10593000390744F08091B1039091B20328173907D9
:105940000CF4C9019093AE038093AD0361E080E055
:105950000E9495534091AD035091AE036091A8030E
:105960007091A90380E20F948F800E94DF568823F4
:1059700041F1E091AB03F091AC038091AD039091C4
:10598000AE032091AA0380832830C9F48091F703E5
:105990008823B9F081508093F70390E0FC01EE0F6B
:1059A000FF1FE80FF91FEB55F84E6281062E000C21
:1059B000770B20E040E0808191810D949FAB918333
:1059C000E5CF0895DC01262F9091F7039730D8F4A6
:1059D000492F50E0FA01EE0FFF1FE40FF51FEB55C2
:1059E000F84E40916E0E50916F0E5183408380911E
:1059F0003B059F5F9093F703828341E070E060E096
:105A0000CD010D949FAB08958F929F92AF92BF925C
:105A1000CF92DF92EF92FF920F931F93CF93DF937A
:105A2000E0911C0530911B05E31376C0C22F7A016B
:105A30006B015C0180916D028823B9F10F945DAA1E
:105A400001E08E3309F000E00C2B802F8270882E4D
:105A5000E60190E2992EC114D10421F48EE7982E2C
:105A6000C7EADAE2882009F441C0CE010F9479B97F
:105A700014E0180F4EE300FF40E26091190580E04A
:105A80000E94B55364E1611BC5010E9456568BE527
:105A90000E948453CE01882089F10E9480538DE5B5
:105AA0000E948453892D0E94845380911A05882373
:105AB00099F120911C0580913B0590913C05281798
:105AC000190651F5CD28E9F460E0C7010F94E2AC66
:105AD000DF91CF911F910F91FF90EF90DF90CF90CA
:105AE000BF90AF909F908F900D9481AAFE0101907E
:105AF0000020E9F7EC1B13E01E0FBCCF0E94885674
:105B0000CECF10926E02E114F10411F0F701199555
:105B100081E080936E02DCCF80911C058F5F8093C3
:105B20001C05DF91CF911F910F91FF90EF90DF90B7
:105B3000CF90BF90AF909F908F9008950F931F9339
:105B4000CF93DF93CDB7DEB763970FB6F894DEBF80
:105B50000FBECDBF30911C0520911B05321338C0FC
:105B60008B0120916D022223A9F0BE016F5F7F4F50
:105B70000F9437AA0F945DAA482F6091190580E011
:105B80000E94B55362E1CE0101960E9470568EE7E5
:105B90000E94845380911A058823D1F020911C051E
:105BA00080913B0590913C052817190689F460E027
:105BB000C8010F94E2AC0F9481AA63960FB6F894D3
:105BC000DEBF0FBECDBFDF91CF911F910F91089522
:105BD00080911C058F5F80931C05EFCFCF93DF93DF
:105BE00030911C0520911B0532131EC0EB01BC0136
:105BF00080916D02882319F08EE70F946AAA809134
:105C00001A05882389F020911C0580913B0590910D
:105C10003C052817190641F460E0CE010F94E2AC70
:105C2000DF91CF910D9481AA80911C058F5F8093A5
:105C30001C05DF91CF910895982F8091F703981755
:105C4000A8F4891B8093F70390E0FC01EE0FFF1F7F
:105C5000E80FF91FEB55F84E6281062E000C770B0A
:105C600020E041E0808191810D949FAB80E0EACFFC
:105C700081E00D941CAE30911C0520911B05321360
:105C800019C0BC0180916D02882319F083E80F943C
:105C90006AAA80911A05882369F020911C058091D9
:105CA0003B0590913C052817190621F40F9438AE56
:105CB0000D9481AA80911C058F5F80931C05089527
:105CC000EF92FF920F931F931092DA038091B50326
:105CD000811123C081E08093B50381E090E02091A1
:105CE0006E1330916F132730314811F090E080E04F
:105CF000BC01660F771F680F791F66567E4843E028
:105D000050E087EB93E00F9455B98091B7030E9460
:105D1000CCFF809199138093B6030F9475AB1092CA
:105D20001905809119058430A8F510921C050F946F
:105D30001DAA882379F06091B60370E08091B703C3
:105D40000E94B3C21092620E1F910F91FF90EF90CC
:105D50000D9444118FE590E70F943BAE0091B90389
:105D600010E02091B80330E0F12CE12C48E066EB24
:105D700073E083E590E70F94C5AB0F9449AB809136
:105D800019058F5F8093190580911B058F5F8093A4
:105D90001B05C7CF1F910F91FF90EF9008950E94B0
:105DA000DF5681110D9438AE08958F929F92AF9275
:105DB000BF92EF92FF920F931F93CF93DF93CDB7D4
:105DC000DEB7A0970FB6F894DEBF0FBECDBF61154A
:105DD00071058105910599F480E3A0960FB6F894BA
:105DE000DEBF0FBECDBFDF91CF911F910F91FF900E
:105DF000EF90BF90AF909F908F900C94D75A00E097
:105E0000842E912CB12CA12C9E012F5F3F4F790144
:105E1000A50194010F942EBCF701E00FF11D6083E2
:105E2000B901CA010F5F611571058105910581F7FF
:105E30000E0D1F2D111DE016F10659F0F80182918B
:105E40008F018A3020F4805D0E94D75AF4CF895C9C
:105E5000FBCFA0960FB6F894DEBF0FBECDBFDF918B
:105E6000CF911F910F91FF90EF90BF90AF909F90B7
:105E70008F9008958BE494E70E94F05A85EA9DE0A4
:105E80000F94C9BBBC0190E080E04AE00F94D5AE0E
:105E90008DE50C94D75ACF92DF92EF92FF926B016F
:105EA0007C01F7FE0BC08DE20E94D75AF094E0947B
:105EB000D094C094C11CD11CE11CF11C4AE0C70164
:105EC000B601FF90EF90DF90CF900D94D5AECF93B9
:105ED000C82F8BE70E94D75A8C2F0F94FC7D0F940C
:105EE000F87D87E394E70E94F05A6091660670910E
:105EF000670680916806909169064AE00F94D5AED6
:105F000080E394E70E94F05A80910617882309F4F1
:105F10005EC08091801790918117A0918217B091F7
:105F200083170097A105B10509F451C0BC01CD014B
:105F30006D597F4F8F4F9F4F24E630E040E050E097
:105F40000F942EBC609187177091881780918917E4
:105F500090918A170F942EBC622F70E090E080E041
:105F60000F944BAF89E294E70E94F05A6091390296
:105F700070913A02072E000C880B990B0F944BAFCF
:105F800082E294E70E94F05A80918A14811121C024
:105F900085E794E10E94E56A8BE194E70E94F05A5C
:105FA00080919C038130C1F40F942F324AE00F940A
:105FB000D5AE84E194E70E94F05A8DE094E70E9408
:105FC000F05A8DE50E94D75ACF910D943AAF20E058
:105FD000C3CF8AE894E1DECF60E070E0CB010F949C
:105FE0004BAFE7CF4F925F926F927F928F929F92CB
:105FF000AF92BF92CF92DF92EF92FF920F931F93D7
:10600000CF93DF931F921F92CDB7DEB7A82E84E601
:1060100090E70E9408EE10924707109248071092EE
:10602000490710924A0710924B0710924C071092A2
:106030004D0710924E079EEAE92E9DE0F92ED12CD5
:10604000C12C27E0B22E8C2D6B2D0F9476BC082F1F
:10605000992E42E050E0B701CE0101960F94ABBB00
:1060600069817A816115710511F0DD24D3942B2D9E
:10607000020380011124090D111D97FC1A95000FD0
:10608000111F000F111F0B551C4E072E000C880B03
:10609000990B0F9449B62FE632E143E85AE30F9487
:1060A00088B6F8016183728383839483F2E0EF0EF4
:1060B000F11CC39421E3C212C6CF8AED9EE00F9477
:1060C000C3BB60934F077093500780935107909321
:1060D00052078EE69FE00F94C3BB60935307709303
:1060E000540780935507909356070F94A2A80F94D6
:1060F00090A387E497E00E947F500E94F04C0F9499
:10610000FA9583EF92E70E94F05A809152078F939D
:10611000809151078F93809150078F9380914F0703
:106120008F9380914E078F9380914D078F9380912D
:106130004C078F9380914B078F9380914A078F93E1
:10614000809149078F93809148078F9380914707EB
:106150008F9385E291E79F938F930F947DBA81E0AF
:1061600080934607159888ED9EE00F94C9BB9093E5
:10617000730E8093720E8BE89FE00F94BBBB90E090
:106180009093710E8093700E88EE9EE00F94C3BBC7
:106190006093BC027093BD028093BE029093BF02D5
:1061A0008EED9EE00F94C9BB90939602809395026A
:1061B00040E150E067E37DE08CEA92E00F94ABBBF6
:1061C0008CE69FE00F94C9BB909311188093101830
:1061D0008CE29DE00F94C3BB60930C1870930D1874
:1061E00080930E1890930F188DE79CE00F94C9BB15
:1061F00090936C0280936B0240E150E06DE67CE08E
:1062000086E996E00F94ABBB40E150E06DE57CE0A1
:106210008EE197E00F94ABBB40E150E06DE47CE091
:1062200086E896E00F94ABBB40E150E06DE37CE084
:106230008EE097E00F94ABBB89E39CE00F94C3BB67
:106240006093AE067093AF068093B0069093B1064C
:1062500085E39CE00F94C3BB6093B2067093B306D2
:106260008093B4069093B50681E39CE00F94C3BB82
:106270006093B6067093B7068093B8069093B906FC
:1062800040E150E061E27CE08AEB96E00F94ABBB2A
:106290008FE79CE00F94BBBB0FB6F894DEBF0FBE38
:1062A000CDBF8130B1F420E030E040EA51E46091AC
:1062B0004F077091500780915107909152070F94AA
:1062C000E3BC60934F0770935007809351079093FE
:1062D00052078FE79CE00F94BBBB811123C020E0E5
:1062E00030E040EA51E460914F077091500780918F
:1062F0005107909152070F94E3BC9F938F937F9324
:106300006F9388EF93E79F938F930E948F6B61E069
:106310008FE79CE00F94DFBB0F900F900F900F90D2
:106320000F900F9061E080EF93E70E94F16A8091F7
:10633000730E8F938091720E8F9387EE93E79F93E6
:106340008F930E948F6B8091710E8F938091700E4E
:106350008F938EED93E79F938F930E948F6B8CE8C2
:106360009FE00F94BBBB0FB6F894DEBF0FBECDBF4E
:10637000811110C08091730E8F938091720E8F9354
:1063800085ED93E79F938F930E948F6B0F900F90F3
:106390000F900F9061E08BE993E20E94F16AA110E7
:1063A00017C061E08AEC93E70E94F16A8FE38F9354
:1063B00080E88F931F921F9280E891E79F938F93BD
:1063C0000E948F6B0F900F900F900F900F900F9077
:1063D0008AE691E70F94A4BA0E94E35B88E89FE005
:1063E0000F94BBBB882E89E89FE00F94C9BB8C013A
:1063F00085E39DE00F94C9BBF82EE92E80EC93E76E
:106400000E94F05AB801012E000C880B990B0F94D2
:106410004BAF80EB93E70E94F05A8F2D9E2D0F9487
:106420006E5380916A02811102C00E94B46B8DE9A3
:106430009FE00F94C3BBC62EB72EA82E992E81EADB
:106440009FE00F94C3BB762E672E582E492E20E076
:1064500030E040E85FEB6C2D7B2D8A2D992D0F9459
:10646000D8BD882399F04F925F926F927F929F924E
:10647000AF92BF92CF9289E993E79F938F930E9447
:106480008F6B0FB6F894DEBF0FBECDBFDD2029F0B5
:1064900061E08CE893E70E94F16A8DE89FE00F9439
:1064A000C3BB9F938F937F936F9382E893E79F93F0
:1064B0008F930E948F6B81E19DE00F94C3BBD62E1A
:1064C000C72EB82EA92E8DE09DE00F94C3BB962E4B
:1064D000772E682E592E89E09DE00F94C3BB9F93C1
:1064E0008F937F936F935F926F927F929F92AF9201
:1064F000BF92CF92DF9288E693E79F938F930E949B
:106500008F6B8FE38F9380E88F931F921F9280E8A9
:1065100091E79F938F930E948F6B8EE69FE00F947D
:10652000C3BB9F938F937F936F938DE593E79F9367
:106530008F930E948F6B0FB6F894DEBF0FBECDBF56
:1065400082E79FE00F94BBBB882329F061E089E5D7
:1065500093E70E94F16A1F930F9382E593E79F935D
:106560008F930E948F6BEF92FF928CE491E79F9341
:106570008F930E948F6B1F928F9289E493E79F9372
:106580008F930E948F6B81E99FE00F94C3BB209192
:106590006A020FB6F894DEBF0FBECDBF211133C023
:1065A0009F938F937F936F9380E493E79F938F9351
:1065B0000E948F6B0F900F900F900F900F900F9085
:1065C00061E080E393E70E94F16A61E085E293E78E
:1065D0000E94F16A85E591E70F94A4BA0E94E35BFB
:1065E0000F900F90DF91CF911F910F91FF90EF903F
:1065F000DF90CF90BF90AF909F908F907F906F90E3
:106600005F904F9008952130D9F69F938F937F9399
:106610006F9386E393E7CACF8F929F92AF92BF9218
:10662000CF92DF92EF92FF92CF936B017C01B42E59
:1066300020E030E0A9010F94D8BD87FF07C08DE2AC
:106640000E94D75AF7FAF094F7F8F094C0E060E0AF
:1066500070E080E09FE3CB1541F020E030E040E2C5
:1066600051E40F94E2BDCF5FF6CF9B01AC01C701AF
:10667000B6010F94E3BC6B017C010F945BBE4B0130
:106680005C014AE00F94D5AECC2391F1C501B40171
:106690000F9447B69B01AC01C701B6010F94E2BC51
:1066A0006B017C018EE20E94D75AC15008F120E0B4
:1066B00030E040E251E4C701B6010F9488B64B01C7
:1066C0005C010F9454BE6B01770FEE08FF08C70101
:1066D000B6010F944BAFC701B6010F9449B69B01A9
:1066E000AC01C501B4010F94E2BC6B017C01DDCFAC
:1066F000CF91FF90EF90DF90CF90BF90AF909F90A1
:106700008F90089586E694E70E94F05A6091720E89
:106710007091730E072E000C880B990B0F944BAFE2
:106720008FE594E70E94F05A6091700E7091710E9F
:10673000072E000C880B990B0F944BAF88E594E75C
:106740000E94F05A6091650E7091660E8091670EFE
:106750009091680E42E00F940CB381E594E70E949B
:10676000F05A6091F5047091F6048091F7049091CD
:10677000F80442E00F940CB38DE50C94D75A8AE0EC
:106780000C94D75ACF9390916B0E992309F4F6C0CD
:10679000C82F873009F4BEC008F046C0833009F422
:1067A000EDC080F5813009F488C008F460C08BE743
:1067B0000E94D75A83E00F94FC7D0F94F87D8DE7FB
:1067C0000E94D75A0F94BFB3C3E0C093141881E05E
:1067D00080938F0280917314811105C08091A6036C
:1067E000882309F478C08BE70E94D75A84E00F947D
:1067F000FC7D0F94F87D84E08093141881E08093F1
:106800008F021EC0853009F471C08EE994E7C6304E
:1068100008F46EC087E894E70E94F05A0F94F87D60
:1068200088E08093141874C0863109F49BC070F41A
:10683000843109F480C008F089C0883009F472C03E
:106840008DE70E94D75ACF910D94BFB38B3509F4D1
:1068500091C030F481E3CA3599F70F94097EF0CFE7
:106860008C3509F489C084E3CD35B9F3E9CF809143
:106870009702843021F48FE00F9467AFE1CF0E943C
:106880004F4C882311F08EE0F7CF80917314811163
:1068900004C08091A603882311F084E0EDCF8BE73C
:1068A0000E94D75A81E00F94FC7D0F94F87D0F94DD
:1068B0003AAF81E080931418C3CF8BE70E94D75A78
:1068C00082E00F94FC7D0F94F87D82E08093141891
:1068D000C0938F02B5CF8BE70E94D75A83E00F9405
:1068E000FC7D0F94F87DC093141888CF80E994E75D
:1068F0000E94F05A60E070E0CB010F944BAF8DE541
:106900000E94D75A809114180F94FC7D0F94F87D43
:1069100082E075CF8EE794E70E94F05A0F94F87DDD
:1069200089E07FCF85E794E70E94F05A0F94F87DC5
:1069300010921418EDCF8BE70E94D75A809114184B
:106940000F94FC7D0F94F87D84E059CF8BE70E9473
:10695000D75A0F9482B30F94F87D809114180F9436
:10696000FC7D6ECF8CE694E70E94F05A0F94F87D80
:1069700085E0A0CF82E371CF83E36FCFCF910895FD
:106980000E94E56A0D94BFB320919F043091A0044A
:1069900080919D0490919E048217930771F0F901F4
:1069A000E35EFB4F80812F5F3F4F2F77332730937C
:1069B000A00420939F0490E008958FEF9FEF089527
:1069C0001F920F920FB60F9211240BB60F922F93B6
:1069D0003F934F936F937F938F939F93EF93FF9387
:1069E0008091C80084FF12C08091CE00FF91EF918A
:1069F0009F918F917F916F914F913F912F910F9028
:106A00000BBE0F900FBE0F901F9018954091CE00B7
:106A100080912505813051F720919D0430919E048D
:106A2000C90101968F77992760919F047091A00406
:106A300086179707D9F2235E3B4FF9014083909365
:106A40009E0480939D04D2CF1F920F920FB60F9297
:106A500011240BB60F922F933F934F936F937F9315
:106A60008F939F93EF93FF938091C00084FF12C098
:106A70008091C600FF91EF919F918F917F916F91CF
:106A80004F913F912F910F900BBE0F900FBE0F9023
:106A90001F9018954091C600809125058111EACF7D
:106AA00020919D0430919E04C90101968F7799270A
:106AB00060919F047091A00486179707D9F2235E16
:106AC0003B4FF901408390939E0480939D04D2CF65
:106AD0002F923F924F925F926F927F928F929F92EE
:106AE000AF92BF92CF92DF92EF92FF920F931F93DC
:106AF000CF93DF93CDB7DEB7C254D1090FB6F89468
:106B0000DEBF0FBECDBF4C015B016A01322E198280
:106B10001C821C8E1F8E672B21F510E0CE014C9637
:106B20000E94D15ACE0101960E94D15A812FCE5B8C
:106B3000DF4F0FB6F894DEBF0FBECDBFDF91CF9110
:106B40001F910F91FF90EF90DF90CF90BF90AF908B
:106B50009F908F907F906F905F904F903F902F907D
:106B60000895FC0183818111D8CFFA0180818F3291
:106B7000C1F4CA016C010196F60120812F32D1F3D4
:106B8000F50183818250823060F0618D728DCE017B
:106B90004C960F94B7808E01045E1F4F811102C086
:106BA000BCCF8501CE0101967C013C012E019CE108
:106BB000490E511C2396EFAE23972F2CFE01F7961A
:106BC000CF010B96AF0120E22193E817F907D9F71F
:106BD000960190E067E0D9018D91882349F18F32C9
:106BE00039F1282F8E3239F46A3009F496CF98E0C3
:106BF0006AE09D01F0CFECEAF6E73491332321F00F
:106C000031968313FACF89CF691708F486CF3FED09
:106C1000380F3E3508F081CF3FE9380F3A3110F494
:106C200020EE280FFA01E90FF11D20839F5FE1CFCD
:106C30008FA9803209F471CF6901F90180812F5F3A
:106C40003F4F8F32C9F38823D9F021E0B801C70143
:106C50000F940485882309F460CF0A151B0519F0E9
:106C6000C8010F940781942D852D6E147F0421F0A7
:106C700023969FAD2397822D8701E92EF82E9ECF74
:106C8000232DB801C4010F940485182F47CFE89431
:106C900009C097FB3EF490958095709561957F4F64
:106CA0008F4F9F4F9923A9F0F92F96E9BB27939512
:106CB000F695879577956795B795F111F8CFFAF422
:106CC000BB0F11F460FF1BC06F5F7F4F8F4F9F4F53
:106CD00016C0882311F096E911C0772321F09EE8B1
:106CE000872F762F05C0662371F096E8862F70E017
:106CF00060E02AF09A95660F771F881FDAF7880FF1
:106D00009695879597F908959B01AC010D9488B6E7
:106D10000F949BB60D940CB70F94FEB638F00F94F9
:106D200005B720F0952311F00D94F5B60D94FBB640
:106D300011240D9440B70F941DB770F3959FC1F3C4
:106D4000950F50E0551F629FF001729FBB27F00D19
:106D5000B11D639FAA27F00DB11DAA1F649F66276E
:106D6000B00DA11D661F829F2227B00DA11D621FBD
:106D7000739FB00DA11D621F839FA00D611D221F77
:106D8000749F3327A00D611D231F849F600D211D5B
:106D9000822F762F6A2F11249F5750409AF0F1F0DE
:106DA00088234AF0EE0FFF1FBB1F661F771F881F47
:106DB00091505040A9F79E3F510580F00D94F5B6D3
:106DC0000D9440B75F3FE4F3983ED4F386957795F2
:106DD0006795B795F795E7959F5FC1F7FE2B880FED
:106DE000911D9695879597F9089597F99F6780E883
:106DF00070E060E008959FEF80EC089500240A940D
:106E00001616170618060906089500240A94121685
:106E10001306140605060895092E0394000C11F4B8
:106E2000882352F0BB0F40F4BF2B11F460FF04C065
:106E30006F5F7F4F8F4F9F4F089557FD9058440FBE
:106E4000551F59F05F3F71F04795880F97FB991FC9
:106E500061F09F3F79F08795089512161306140686
:106E6000551FF2CF4695F1DF08C016161706180613
:106E7000991FF1CF86957105610508940895E894EE
:106E8000BB2766277727CB0197F908953F924F924A
:106E90005F926F927F928F929F92AF92BF92CF92AA
:106EA000DF92EF92FF920F931F93CF93DF935C01DA
:106EB0006B017A016115710519F0FB0191838083E3
:106EC000E114F10451F0C7010297839730F040E0DC
:106ED00030E020E090E06BC05E01E5012196F50115
:106EE0001081812F90E00F944CB9892BA9F71D32A6
:106EF00001F52196F501118101E0E114F10409F495
:106F0000E6C0F0E1EF16F10409F088C0103359F43F
:106F100088818F7D883509F07CC0198122960260B6
:106F2000F0E1EF2EF12C812C912CA12C88E0B82ED1
:106F300092C01B3221F4E5012296F501118100E097
:106F4000DCCFEAE0EE16F10409F4C7C0F0E1EF1679
:106F5000F10409F073C0E7CF78E0E72EF12C812C23
:106F6000912CA12C60E1B62E76C021E0ADC0302F6F
:106F70003170C114D10431F0222371F12197F6014F
:106F8000D183C08327FF2EC060E070E080E090E8EE
:106F9000311104C06FEF7FEF8FEF9FE722E230E007
:106FA0003093161820931518462F372F282F642F4B
:106FB000732F822FDF91CF911F910F91FF90EF9050
:106FC000DF90CF90BF90AF909F908F907F906F9009
:106FD0005F904F903F90089501FF04C02297F60103
:106FE000D183C083332341F090958095709561954E
:106FF0007F4F8F4F9F4FD8CF97FFD6CF82E290E041
:1070000090931618809315186FEF7FEF8FEF9FE71F
:10701000CBCF10E3E114F10409F49ECF28E0E2168F
:10702000F10409F49CCF0CF08CCF812C912CA12C75
:10703000E0E4BE2E82E0E816F10469F060E070E062
:1070400080E090E897010F2C000C440B550B0F9437
:107050002EBC49015A0120E060E070E0CB0127011D
:107060000F2C000C66087708FE0150ED352E310E0E
:1070700039E0331570F43FEB310F49EC342E3A31DF
:1070800038F03FE9310F3A3108F071CF39EA332E49
:10709000310E3E141F040CF06ACF27FD15C0861672
:1070A0009706A806B90678F0A30192010F941EBCBA
:1070B000630D711D811D911D61307105810520E8F1
:1070C000920708F452CF2FEF21961081CDCF1033C5
:1070D00009F41ECF2AE0E22EF12C9CEC892E982C8C
:1070E000A82C9CE0B92EB7CF283008F027E0332732
:1070F000DA01990F311D87FD9160009661057105D8
:1071000039F432602E5F3D9330E32A95E1F708951C
:107110009F3F30F080387105610509F03C5F3C5FAE
:107120003D93913008F08068911DDF93CF931F93BA
:107130000F93FF92EF92192F987F9695E92F9695CE
:107140009695E90FFF27E45BF94F99273327EE2443
:10715000FF24A701E70105900894079428F4360F4F
:10716000E71EF81E491F511D660F771F881F991FC4
:107170000694A1F70590079428F4E70EF81E491F1E
:10718000561FC11D770F881F991F661F0694A1F710
:107190000590079428F4F80E491F561FC71FD11DEC
:1071A000880F991F661F771F0694A1F70590079413
:1071B00020F4490F561FC71FD81F990F661F771F4E
:1071C000881F0694A9F784911095177041F0D69501
:1071D000C79557954795F794E7941A95C1F7E2EF4D
:1071E000F5E068941590159135916591959105900C
:1071F0007FE27395E118F10A430B560BC90BD009D6
:10720000C0F7E10CF11E431F561FC91FD01D7EF4AD
:10721000703311F48A95E6CFE894015030F0080FEE
:107220000AF40027021708F4202F2395022F7A333F
:1072300028F079E37D932A95E9F710C07D932A958C
:1072400089F6069497956795379517951794E118E1
:10725000F10A430B560BC90BD00998F023957E9188
:1072600073957A3308F070E37C932013B8F77E911E
:1072700070617D9330F0839571E37D9370E32A957F
:10728000E1F71124EF90FF900F911F91CF91DF91C3
:10729000992787FD9095089591110D94A8BB803290
:1072A00019F089508550C8F70895FB01DC0102C030
:1072B00005900D9241505040D8F70895FB01DC0134
:1072C0000D900020E9F7119705900D920020E1F74D
:1072D0000895FB01DC018D91059080190110D9F30F
:1072E000990B0895FB01DC0105900D920020E1F758
:1072F0000895FC0105900020E9F7809590958E0F88
:107300009F1F0895FB01DC014150504088F08D9192
:1073100081341CF08B350CF4805E659161341CF077
:107320006B350CF4605E861B611171F3990B089547
:10733000881BFCCFFB01DC014150504030F08D91A7
:107340000590801919F40020B9F7881B990B08954E
:10735000FB01DC014150504048F005900D920020A7
:10736000C9F701C01D9241505040E0F70895FC015B
:107370000590615070400110D8F7809590958E0F60
:107380009F1F0895FB0155915523A9F0BF01DC0112
:107390004D9145174111E1F759F4CD0105900020B9
:1073A00049F04D9140154111C9F3FB014111EFCF57
:1073B00081E090E001970895FC01615070400190D8
:1073C0000110D8F7809590958E0F9F1F0895CF9349
:1073D000DF93EC012B8120FF1AC026FF0CC02F7B0E
:1073E0002B838E819F8101969F838E838A8190E07B
:1073F000DF91CF91089522FF18C0E881F981808143
:10740000082E000C990B009729F420622B838FEF34
:107410009FEFEECF3196F983E8832E813F812F5F76
:107420003F4F3F832E839927E3CFEA85FB8519954C
:1074300097FFF3CF2B81019621F080E2822B8B8383
:10744000E6CF80E1FBCF0F931F93CF93DF93182FED
:10745000092FEB018B8181FD09C01FEF0FEF812FF9
:10746000902FDF91CF911F910F91089582FF14C04B
:107470002E813F818C819D81281739073CF4E8815A
:10748000F981CF0101969983888310838E819F8132
:1074900001969F838E83E3CFE885F985812F199527
:1074A000892BA1F3DACFEF92FF920F931F93CF9323
:1074B000DF938C017B01DB0113968C91D0E0C0E05F
:1074C00081FD0FC0CFEFDFEF10C0D7011896ED910F
:1074D000FC91B7011995892B11F0CFEFDFEF0F5F0A
:1074E0001F4FF80184918111F0CFCE01DF91CF9130
:1074F0001F910F91FF90EF9008950F931F93CF93DB
:10750000DF93CDB7DEB7AE01485F5F4FDA016D9113
:107510007D91AD010BE118E1F80182819381DC01DD
:1075200013962C911397286013962C930E94903BEE
:10753000D8011296ED91FC912381277F2383DF915F
:10754000CF911F910F9108950F931F93CF93DF93C6
:107550008C01E0911D18F0911E188381D0E0C0E0ED
:1075600081FD0AC0CFEFDFEF17C01995892B11F00D
:10757000CFEFDFEF0F5F1F4FF801849160911D186F
:1075800070911E18DB011896ED91FC918111EDCFE1
:107590008AE01995892B31F7CE01DF91CF911F91A8
:1075A0000F9108950F931F93CF93DF93CDB7DEB75D
:1075B0002E970FB6F894DEBF0FBECDBF0E891F8980
:1075C0008EE08C831A8309838FEF9FE79E838D83E0
:1075D000AE01465E5F4F688D798DCE0101960E94A7
:1075E000903B2F813885020F131FF80110822E96D1
:1075F0000FB6F894DEBF0FBECDBFDF91CF911F91C4
:107600000F910895CF93DF93EC018B8188608B837A
:10761000CE010E94903B2B81277F2B83DF91CF915E
:1076200008950F931F93CF93DF93CDB7DEB72E97B7
:107630000FB6F894DEBF0FBECDBF8C01FA018EE00D
:107640008C831A83098377FF02C060E070E8615081
:1076500071097E836D83A901BF01CE0101960E944D
:10766000903B4D815E8157FD0AC02F8138854217BE
:1076700053070CF49A01020F131FF80110822E9683
:107680000FB6F894DEBF0FBECDBFDF91CF911F9133
:107690000F910895FA01AA27283051F1203181F184
:1076A000E8946F936E7F6E5F7F4F8F4F9F4FAF4F0A
:1076B000B1E03ED0B4E03CD0670F781F891F9A1F1D
:1076C000A11D680F791F8A1F911DA11D6A0F711DD1
:1076D000811D911DA11D20D009F468943F912AE0DD
:1076E000269F11243019305D3193DEF6CF010895C5
:1076F000462F4770405D4193B3E00FD0C9F7F6CFF6
:10770000462F4F70405D4A3318F0495D31FD4052BD
:10771000419302D0A9F7EACFB4E0A6959795879553
:1077200077956795BA95C9F7009761057105089532
:107730009B01AC010A2E06945795479537952795DE
:10774000BA95C9F7620F731F841F951FA01D089576
:10775000992788270895DC01CB01FC01F999FECF18
:1077600006C0F2BDE1BDF89A319600B40D924150C9
:107770005040B8F70895F999FECF92BD81BDF89AAF
:10778000992780B50895A6E1B0E044E050E00D945B
:10779000ADBBA8E1B0E042E050E00D94ADBBDC0130
:1077A000A40FB51F4150504048F0CB01840F951FE6
:1077B0002E910F94E0BB41505040D0F70895262FF2
:1077C000F999FECF92BD81BDF89A019700B40216D7
:1077D00039F01FBA20BD0FB6F894FA9AF99A0FBE85
:1077E00008950396272F0F94E0BB0F94DFBB252F3E
:1077F0000F94E0BB242F0D94E0BB0196272F0F942C
:10780000E0BB0D94DFBB262FF999FECF1FBA92BDC6
:1078100081BD20BD0FB6F894FA9AF99A0FBE019671
:107820000895242F0F9404BC252F0F9404BC0D94AD
:1078300019BC0F9403BC272F0D9404BCDB018F935C
:107840009F930F9450BCBF91AF91A29F800D911D4B
:10785000A39F900DB29F900D11240895A1E21A2EBE
:10786000AA1BBB1BFD010DC0AA1FBB1FEE1FFF1FE4
:10787000A217B307E407F50720F0A21BB30BE40B34
:10788000F50B661F771F881F991F1A9469F760957B
:107890007095809590959B01AC01BD01CF01089535
:1078A0000F945BBCA59F900DB49F900DA49F800D7D
:1078B000911D11240895A29FB001B39FC001A39F01
:1078C000700D811D1124911DB29F700D811D112419
:1078D000911D0895991B79E004C0991F961708F02F
:1078E000961B881F7A95C9F78095089587FB082E07
:1078F000062687FD819567FD61950F946ABC0EF49D
:10790000919507FC81950895AA1BBB1B51E107C007
:10791000AA1FBB1FA617B70710F0A61BB70B881F1F
:10792000991F5A95A9F780959095BC01CD010895AE
:1079300097FB072E16F4009407D077FD09D00F941B
:1079400084BC07FC05D03EF4909581959F4F089527
:10795000709561957F4F0895052E97FB1EF4009456
:107960000F94C3BC57FD07D00F942EBC07FC03D067
:107970004EF40D94C3BC50954095309521953F4FE2
:107980004F4F5F4F089590958095709561957F4F0B
:107990008F4F9F4F0895EE0FFF1F881F8BBF0790DB
:1079A000F691E02D19940F945BBC332312F48A1BDB
:1079B0009B0B0D94DDBC0F945BBCB7FF0895821B3D
:1079C000930B08955058BB27AA270F94FABC0D9427
:1079D0000CB70F94FEB638F00F9405B720F039F4C9
:1079E0009F3F19F426F40D94FBB60EF4E095E7FBE7
:1079F0000D94F5B6E92F0F941DB758F3BA17620727
:107A000073078407950720F079F4A6F50D943FB726
:107A10000EF4E0950B2EBA2FA02D0B01B9019001A9
:107A20000C01CA01A0011124FF27591B99F0593FED
:107A300050F4503E68F11A16F040A22F232F342F35
:107A40004427585FF3CF469537952795A795F04083
:107A50005395C9F77EF41F16BA0B620B730B840B98
:107A6000BAF09150A1F0FF0FBB1F661F771F881F50
:107A7000C2F70EC0BA0F621F731F841F48F48795A8
:107A800077956795B795F7959E3F08F0B0CF93959A
:107A9000880F08F09927EE0F9795879508950F9412
:107AA000FEB660F080E891E009F49EEF0F9405B710
:107AB00028F040E851E071F45EEF0CC00D94FBB685
:107AC0000D943FB7E92FE0780F941DB740F3092ECE
:107AD000052AB1F3261737074807590738F00E2E45
:107AE00007F8E02569F0E025E0640AC0EF6307F8D5
:107AF000009407FADB01B9019D01DC01CA01AD0167
:107B0000EF930F94F9BD0F940CB70F9492BD5F9152
:107B1000552339F02BED3FE049E450FD49EC0D943D
:107B2000E3BC0895DF93DD27B92FBF7740E85FE31B
:107B30001616170648075B0718F4D92F0F94DEBFF7
:107B40009F938F937F936F930F9484B6E4EEF0E04E
:107B50000F94EEBE0F940CB72F913F914F915F9110
:107B60000F949BB6DD2351F09058A2EA2AED3FE036
:107B700049EC5FE3D0785D270F94FABCDF910D9458
:107B80000CB70F9454BF90F09F3748F4911116F43E
:107B90000D9440B760E070E080E89FE3089526F020
:107BA0001B16611D711D811D0D94C5BE0D94E0BE97
:107BB0000F94A1BE08F481E008950F9417BFE395D8
:107BC0000D9440BF0F94F6BD0D940CB70F9405B7FC
:107BD00058F00F94FEB640F029F45F3F29F00D9461
:107BE000F5B651110D9440B70D94FBB60F941DB727
:107BF00068F39923B1F3552391F3951B550BBB27DC
:107C0000AA2762177307840738F09F5F5F4F220F20
:107C1000331F441FAA1FA9F335D00E2E3AF0E0E817
:107C200032D091505040E695001CCAF72BD0FE2F61
:107C300029D0660F771F881FBB1F261737074807F5
:107C4000AB07B0E809F0BB0B802DBF01FF279358AD
:107C50005F4F3AF09E3F510578F00D94F5B60D94C4
:107C600040B75F3FE4F3983ED4F3869577956795E8
:107C7000B795F7959F5FC9F7880F911D96958795E2
:107C800097F90895E1E0660F771F881FBB1F621701
:107C900073078407BA0720F0621B730B840BBA0BBF
:107CA000EE1F88F7E09508950F945BBE6894B111BC
:107CB0000D9440B708950F9425B788F09F5798F01A
:107CC000B92F9927B751B0F0E1F0660F771F881FE1
:107CD000991F1AF0BA95C9F714C0B13091F00F94FA
:107CE0003FB7B1E008950D943FB7672F782F8827ED
:107CF000B85F39F0B93FCCF3869577956795B39522
:107D0000D9F73EF490958095709561957F4F8F4F90
:107D10009F4F08950F9454BF90F09F3748F49111EE
:107D200016F00D9440B760E070E080E89FEB089596
:107D300026F41B16611D711D811D0D94C5BE0D9489
:107D4000E0BE990F0008550FAA0BE0E8FEEF1616EB
:107D50001706E807F907C0F012161306E407F5073F
:107D600098F0621B730B840B950B39F40A2661F0B3
:107D7000232B242B252B21F408950A2609F4A14056
:107D8000A6958FEF811D811D0895882371F47723B7
:107D900021F09850872B762F07C0662311F499277E
:107DA0000DC09051862B70E060E02AF09A95660F26
:107DB000771F881FDAF7880F9695879597F90895AA
:107DC0009F3F31F0915020F4879577956795B7954F
:107DD000880F911D9695879597F90895DF93CF9316
:107DE0001F930F93FF92EF92DF927B018C016894B7
:107DF00006C0DA2EEF010F949BB6FE01E894A59120
:107E00002591359145915591A6F3EF010F94FABC58
:107E1000FE019701A801DA9469F7DF90EF90FF90D7
:107E20000F911F91CF91DF9108950D94FBB60F94A0
:107E300025B7D8F3E894E0E0BB279F57F0F02AED90
:107E40003FE049EC06C0EE0FBB0F661F771F881F8F
:107E500028F0B23A62077307840728F0B25A620B1F
:107E6000730B840BE3959A9572F7803830F49A95EA
:107E7000BB0F661F771F881FD2F790480D94E2BE94
:107E8000EF93E0FF07C0A2EA2AED3FE049EC5FEB89
:107E90000F94FABC0F940CB70F90039401FC905808
:107EA000E1E1F1E00D9437C10F9425B7A0F0BEE7F2
:107EB000B91788F4BB279F3860F41616B11D672FD9
:107EC000782F8827985FF7CF869577956795B11DAE
:107ED00093959639C8F308950F94A1BE08F48FEFD7
:107EE00008950F94FEB629F00F9405B711F00D9484
:107EF000FBB60D94F5B6B901CA010D94E0BE9F77AB
:107F00005F770F941DB768F39923A9F35523A9F35D
:107F1000FF27951758F4E52FE91BED3060F75E3B1E
:107F200010F0F1E41CC09034E0F40AC0E92FE51B26
:107F3000ED3018F79E3B10F0F1E411C0503488F496
:107F4000F9EA88232AF09A95660F771F881FDAF7D7
:107F500044232AF05A95220F331F441FDAF79F1B40
:107F60005F1BFF931F930F93FF92EF9279018A019A
:107F7000BB27AB2F9B01AC010F949EB69701A801C4
:107F8000BF937B018C01AA27BA2FB901CA010F94B4
:107F90009EB6AF919701A801EF90FF900F911F91AE
:107FA0000F94FABC0F940CB70F94B1C04F9140FFDF
:107FB0000895552747FD50950D94EABF9B01AC01EC
:107FC00060E070E080E89FE30D94E2BD0D94F5B6AB
:107FD0000D94E0BE0F9425B7D8F39923C9F3940FFD
:107FE000511DA3F39150504094F059F0882332F082
:107FF000660F771F881F91505040C1F79E3F510573
:108000002CF7880F911D9695879597F908955F3FF6
:10801000ACF0983E9CF0BB27869577956795B79511
:1080200008F4B1609395C1F7BB0F58F711F460FFE6
:10803000E8CF6F5F7F4F8F4F9F4FE3CF0D9440B7D7
:108040000F9425B758F19E5760F19851A0F0E9F0D0
:10805000983020F5092E9927660F771F881F991FE2
:108060000A94D1F712C0062E672F782F8827985FC1
:1080700011F4000C07C0993FB4F386957795679586
:108080009395D9F7611D711D811D3EF490958095E2
:10809000709561957F4F8F4F9F4F089568940D9411
:1080A00040B70D943FB7FA01EE0FFF1F3096210540
:1080B0003105A1F16115710561F48038BFE39B07BB
:1080C00049F168949038810561F08038BFEF9B07D3
:1080D00041F099234AF5FF3FE1053105210519F1EA
:1080E000E8940894E795D901AA2329F4AB2FBE2F71
:1080F000F85FD0F310C0FF5F70F4A695E0F7F73992
:1081000050F019F0FF3A38F49F779F930DD00F90FD
:1081100007FC9058089546F00D94FBB660E070E0BF
:1081200080E89FE308954FE79F775F934F933F93D6
:108130002F930F9453C12F913F914F915F910F94C3
:1081400088B60D94FEC09F930F9417BF0F9007FC45
:10815000EE5F0D9440BF19F416F40D94FBB60D9428
:10816000E0BE0F9425B7B8F39923C9F3B6F39F5730
:10817000550B87FF0F9430C10024A0E640EA900120
:1081800080585695979528F4805C660F771F881F56
:1081900020F026173707480730F4621B730B840B57
:1081A000202931294A2BA69517940794202531259B
:1081B0004A2758F7660F771F881F20F026173707C2
:1081C000480730F4620B730B840B200D311D411DE9
:1081D000A09581F7B901842F9158880F96958795BE
:1081E00008950F94A1BE880B990B089529F416F0F9
:1081F0000D94F5B60D943FB70D94FBB60F9425B7CB
:10820000A8F39638A0F707F80F92E8942BE33AEA20
:1082100048EB5FE70F949EB60F920F920F924DB707
:108220005EB70F920F949BC1EFE2F1E00F94EEBEA8
:108230004F915F91EF91FF91E595EE1FFF1F49F080
:10824000FE57E0684427EE0F441FFA95E1F7419589
:10825000550B0F94EABF0F9007FE0D94DEBF0895F3
:1082600091505040660F771F881FD2F708959F9353
:108270008F937F936F93FF93EF939B01AC010F94C8
:1082800088B6EF91FF910F94EEBE2F913F914F91E1
:108290005F910D9488B616F00D94E0BE0D94FBB678
:1082A00068940D94F5B60F9425B7A8F39923C1F3FC
:1082B000AEF3DF93CF931F930F93FF92C92FDD2768
:1082C00088232AF02197660F771F881FDAF720E0AE
:1082D00030E040E85FEB9FE3883920F0803E38F0E3
:1082E00021968F770F94E3BCE7E5F1E004C00F948B
:1082F000E3BCE4E8F1E00F94EEBE8B01BE01EC01BB
:10830000FB2E6F5771097595771F880B990B0F948A
:1083100049B628E132E741E35FE30F949BB6AF2D06
:108320009801AE01FF900F911F91CF91DF910F94B3
:10833000FABC0D940CB7FA01DC01AA0FBB1F9B011C
:10834000AC01BF5728F4222733274427507820C098
:10835000B75190F4AB2F0024469537952795011C13
:10836000A395D2F3002071F0220F331F441FB39561
:10837000DAF30ED00D94E2BC61307105A0E88A07F3
:10838000B94630F49B01AC0166277727882790789F
:10839000309621F0208331834283538308959111D5
:1083A000089581548A5108F4805E855A0895FB012E
:1083B000DC0104C08D910190801921F4415050409E
:1083C000C8F7881B990B0895FB01DC0102C00190DE
:1083D0000D9241505040D8F70895DC0101C06D93D3
:1083E00041505040E0F70895FB01DC018D9181344C
:1083F0001CF08B350CF4805E619161341CF06B35A0
:108400000CF4605E861B611189F3990B0895FB01E2
:10841000DC010D900020E9F7119701900D920020EA
:10842000E1F70895FC018191861721F08823D9F79F
:10843000992708953197CF010895FB01DC018D91B3
:10844000019080190110D9F3990B0895FB01DC010B
:1084500001900D920020E1F70895FB01DC014150ED
:10846000504030F08D910190801919F40020B9F737
:10847000881B990B0895FB01DC014150504048F0E6
:1084800001900D920020C9F701C01D92415050404B
:10849000E0F708950F931F93CF93DF93E0911D189A
:1084A000F0911E182381EC0110E000E021FD08C0CE
:1084B0000FEF1FEF14C01995892B11F00FEF1FEF6D
:1084C000899160911D1870911E18DB011896ED912D
:1084D000FC918111F0CF8AE01995892B49F7C801E9
:1084E000DF91CF911F910F9108951BE3CCE5DBE362
:1084F00000E006C0802FFE010F94CBBC2196011D29
:0E850000CD35D10780E00807A9F7F894FFCF2A
:10850E00303132333435363738392E200A47580059
:10851E00FFFFFFFFFF00007F430080544300005227
:10852E004300000000000080C09A99193E640002CA
:10853E0040771B0060EA0000016400FF01010100AA
:10854E0000484200003E430000A041D2000F00014F
:10855E00FF3FFF3FFF3FFF3F303030300101101033
:10856E00011414001111011E1E0102AF00020101BF
:10857E00010101F33D0005053E00050101D310D3B5
:10858E0010D310D310FFFFFFFFFFFFFFFFFFFF0809
:10859E00010080BB4464000196068606000080BF81
:1085AE00000000000000000000000000000080BF7E
:1085BE000000000000000000000000000000803FEE
:1085CE0001010101FFFFFF7F7F777B777F7F0080B7
:1085DE003B4500803B4500004844000000005859D0
:1085EE005A455072757361206933204D4B335300D9
:1085FE000D0A00580059005A0000C0284500C02836
:10860E004500007A440000C84292274F270E27E605
:10861E00020600EB020600C8040600F00406000382
:0A862E000304032F00010001000007
:00000001FF
